protein_group	n_accession_tokens	n_unique_canonical_accessions	n_primary_gene_symbols	n_ensembl_gene_ids	decoy_flag	contaminant_flag	missing_gene_annotation	mapping_type
A0A024RBG1;Q9NZJ9;Q9NZJ9-2	3	2	2	2	NO	NO	NO	PROTEIN_GROUP_MULTI_GENE
A0A0B4J2D5;P0DPI2	2	2	1	1	NO	NO	NO	UNIQUE_1TO1
A0AV96;A0AV96-2	2	1	1	1	NO	NO	NO	UNIQUE_1TO1
A0AVK6	1	1	1	1	NO	NO	NO	UNIQUE_1TO1
A0AVT1	1	1	1	1	NO	NO	NO	UNIQUE_1TO1
A0FGR8-6	1	1	1	1	NO	NO	NO	UNIQUE_1TO1
A0JLT2;A0JLT2-2	2	1	1	1	NO	NO	NO	UNIQUE_1TO1
A0MZ66;A0MZ66-3;A0MZ66-4;A0MZ66-5;A0MZ66-6;A0MZ66-8	6	1	1	1	NO	NO	NO	UNIQUE_1TO1
A0PJW6	1	1	1	1	NO	NO	NO	UNIQUE_1TO1
A1KXE4;A1KXE4-2	2	1	1	1	NO	NO	NO	UNIQUE_1TO1
A1L0T0	1	1	1	1	NO	NO	NO	UNIQUE_1TO1
A1L188	1	1	1	1	NO	NO	NO	UNIQUE_1TO1
A2RRP1;A2RRP1-2	2	1	1	1	NO	NO	NO	UNIQUE_1TO1
A3KMH1	1	1	1	1	NO	NO	NO	UNIQUE_1TO1
A4D1E9	1	1	1	1	NO	NO	NO	UNIQUE_1TO1
A5PLL7;A5PLL7-2	2	1	1	1	NO	NO	NO	UNIQUE_1TO1
A5YKK6	1	1	1	1	NO	NO	NO	UNIQUE_1TO1
A6NC78;H3BSY2	2	2	2	2	NO	NO	NO	PROTEIN_GROUP_MULTI_GENE
A6NDG6	1	1	1	1	NO	NO	NO	UNIQUE_1TO1
A6NDU8	1	1	1	1	NO	NO	NO	UNIQUE_1TO1
A6NGU5;B5MD39;P19440;P19440-3;P36268;P36268-2;P36268-3;Q14390	8	5	5	5	NO	NO	NO	PROTEIN_GROUP_MULTI_GENE
A6NHQ2	1	1	1	1	NO	NO	NO	UNIQUE_1TO1
A6NHR9;A6NHR9-2	2	1	1	1	NO	NO	NO	UNIQUE_1TO1
A6NHX0;Q8WTX7	2	2	2	2	NO	NO	NO	PROTEIN_GROUP_MULTI_GENE
A6NIH7	1	1	1	1	NO	NO	NO	UNIQUE_1TO1
A6NJ78	1	1	1	1	NO	NO	NO	UNIQUE_1TO1
A6NMY6	1	1	1	1	NO	NO	NO	UNIQUE_1TO1
A7E2V4;A7E2V4-2;A7E2V4-3;A7E2V4-4;A7E2V4-5	5	1	1	1	NO	NO	NO	UNIQUE_1TO1
A8K0Z3;C4AMC7;Q6VEQ5	3	3	3	6	NO	NO	NO	PROTEIN_GROUP_MULTI_GENE
A8K855;A8K855-2	2	1	1	1	NO	NO	NO	UNIQUE_1TO1
A8MQ03	1	1	1	1	NO	NO	NO	UNIQUE_1TO1
A8MWD9;P62308	2	2	2	2	NO	NO	NO	PROTEIN_GROUP_MULTI_GENE
A8MXV4	1	1	1	1	NO	NO	NO	UNIQUE_1TO1
C9J798;O43374;O43374-2	3	2	2	2	NO	NO	NO	PROTEIN_GROUP_MULTI_GENE
E9PAV3;E9PAV3-2;Q13765	3	2	1	1	NO	NO	NO	UNIQUE_1TO1
E9PRG8	1	1	1	0	NO	NO	YES	UNMAPPED
G3V0H7	1	1	1	1	NO	NO	NO	UNIQUE_1TO1
L0R6Q1	1	1	1	1	NO	NO	NO	UNIQUE_1TO1
O00115;O00115-2	2	1	1	1	NO	NO	NO	UNIQUE_1TO1
O00116	1	1	1	1	NO	NO	NO	UNIQUE_1TO1
O00139;O00139-1;O00139-2;O00139-4;O00139-5	5	1	1	1	NO	NO	NO	UNIQUE_1TO1
O00148	1	1	1	1	NO	NO	NO	UNIQUE_1TO1
O00151	1	1	1	1	NO	NO	NO	UNIQUE_1TO1
O00154-4	1	1	1	1	NO	NO	NO	UNIQUE_1TO1
O00159;O00159-3	2	1	1	1	NO	NO	NO	UNIQUE_1TO1
O00161	1	1	1	1	NO	NO	NO	UNIQUE_1TO1
O00165;O00165-2;O00165-3;O00165-5	4	1	1	1	NO	NO	NO	UNIQUE_1TO1
O00170	1	1	1	1	NO	NO	NO	UNIQUE_1TO1
O00178	1	1	1	1	NO	NO	NO	UNIQUE_1TO1
O00182;O00182-2;O00182-3;O00182-6	4	1	1	1	NO	NO	NO	UNIQUE_1TO1
O00186	1	1	1	1	NO	NO	NO	UNIQUE_1TO1
O00189	1	1	1	1	NO	NO	NO	UNIQUE_1TO1
O00193	1	1	1	0	NO	NO	YES	UNMAPPED
O00194;P51159;P51159-2	3	2	2	2	NO	NO	NO	PROTEIN_GROUP_MULTI_GENE
O00203;O00203-3	2	1	1	1	NO	NO	NO	UNIQUE_1TO1
O00214;O00214-2	2	1	1	1	NO	NO	NO	UNIQUE_1TO1
O00217	1	1	1	1	NO	NO	NO	UNIQUE_1TO1
O00221	1	1	1	1	NO	NO	NO	UNIQUE_1TO1
O00231;O00231-2	2	1	1	1	NO	NO	NO	UNIQUE_1TO1
O00232	1	1	1	1	NO	NO	NO	UNIQUE_1TO1
O00233	1	1	1	1	NO	NO	NO	UNIQUE_1TO1
O00244	1	1	1	1	NO	NO	NO	UNIQUE_1TO1
O00255;O00255-1;O00255-3	3	1	1	1	NO	NO	NO	UNIQUE_1TO1
O00257	1	1	1	1	NO	NO	NO	UNIQUE_1TO1
O00264	1	1	1	1	NO	NO	NO	UNIQUE_1TO1
O00267;O00267-2	2	1	1	1	NO	NO	NO	UNIQUE_1TO1
O00268	1	1	1	0	NO	NO	YES	UNMAPPED
O00273;O00273-2	2	1	1	1	NO	NO	NO	UNIQUE_1TO1
O00287	1	1	1	1	NO	NO	NO	UNIQUE_1TO1
O00299	1	1	1	0	NO	NO	YES	UNMAPPED
O00303	1	1	1	1	NO	NO	NO	UNIQUE_1TO1
O00399	1	1	1	1	NO	NO	NO	UNIQUE_1TO1
O00401	1	1	1	1	NO	NO	NO	UNIQUE_1TO1
O00410	1	1	1	1	NO	NO	NO	UNIQUE_1TO1
O00422-2	1	1	1	1	NO	NO	NO	UNIQUE_1TO1
O00425	1	1	1	1	NO	NO	NO	UNIQUE_1TO1
O00429-2;O00429-4	2	1	1	1	NO	NO	NO	UNIQUE_1TO1
O00429;O00429-3	2	1	1	1	NO	NO	NO	UNIQUE_1TO1
O00442;O00442-2	2	1	1	1	NO	NO	NO	UNIQUE_1TO1
O00443	1	1	1	1	NO	NO	NO	UNIQUE_1TO1
O00459	1	1	1	1	NO	NO	NO	UNIQUE_1TO1
O00461	1	1	1	1	NO	NO	NO	UNIQUE_1TO1
O00468-5	1	1	1	1	NO	NO	NO	UNIQUE_1TO1
O00468-6;O00468-7	2	1	1	1	NO	NO	NO	UNIQUE_1TO1
O00469;O00469-2	2	1	1	1	NO	NO	NO	UNIQUE_1TO1
O00471	1	1	1	1	NO	NO	NO	UNIQUE_1TO1
O00483	1	1	1	1	NO	NO	NO	UNIQUE_1TO1
O00487	1	1	1	1	NO	NO	NO	UNIQUE_1TO1
O00505	1	1	1	1	NO	NO	NO	UNIQUE_1TO1
O00515	1	1	1	1	NO	NO	NO	UNIQUE_1TO1
O00541	1	1	1	1	NO	NO	NO	UNIQUE_1TO1
O00560	1	1	1	1	NO	NO	NO	UNIQUE_1TO1
O00560-2	1	1	1	1	NO	NO	NO	UNIQUE_1TO1
O00562;O00562-2	2	1	1	1	NO	NO	NO	UNIQUE_1TO1
O00566	1	1	1	1	NO	NO	NO	UNIQUE_1TO1
O00567	1	1	1	1	NO	NO	NO	UNIQUE_1TO1
O00571	1	1	1	1	NO	NO	NO	UNIQUE_1TO1
O00592;O00592-2	2	1	1	1	NO	NO	NO	UNIQUE_1TO1
O00622	1	1	1	1	NO	NO	NO	UNIQUE_1TO1
O00625	1	1	1	1	NO	NO	NO	UNIQUE_1TO1
O00629	1	1	1	1	NO	NO	NO	UNIQUE_1TO1
O00635	1	1	1	1	NO	NO	NO	UNIQUE_1TO1
O00743;O00743-3	2	1	1	1	NO	NO	NO	UNIQUE_1TO1
O00757	1	1	1	1	NO	NO	NO	UNIQUE_1TO1
O00762;O00762-2;O00762-3	3	1	1	1	NO	NO	NO	UNIQUE_1TO1
O00763;O00763-2;O00763-3	3	1	1	1	NO	NO	NO	UNIQUE_1TO1
O00764	1	1	1	1	NO	NO	NO	UNIQUE_1TO1
O00767	1	1	1	1	NO	NO	NO	UNIQUE_1TO1
O14494;O14494-2	2	1	1	1	NO	NO	NO	UNIQUE_1TO1
O14497	1	1	1	1	NO	NO	NO	UNIQUE_1TO1
O14521;O14521-2	2	1	1	1	NO	NO	NO	UNIQUE_1TO1
O14530;O14530-2	2	1	1	1	NO	NO	NO	UNIQUE_1TO1
O14545	1	1	1	1	NO	NO	NO	UNIQUE_1TO1
O14548	1	1	1	1	NO	NO	NO	UNIQUE_1TO1
O14561	1	1	1	1	NO	NO	NO	UNIQUE_1TO1
O14562	1	1	1	1	NO	NO	NO	UNIQUE_1TO1
O14578;O14578-4	2	1	1	1	NO	NO	NO	UNIQUE_1TO1
O14579	1	1	1	1	NO	NO	NO	UNIQUE_1TO1
O14617;O14617-5	2	1	1	1	NO	NO	NO	UNIQUE_1TO1
O14618	1	1	1	1	NO	NO	NO	UNIQUE_1TO1
O14639-3;O14639-5	2	1	1	1	NO	NO	NO	UNIQUE_1TO1
O14641	1	1	1	1	NO	NO	NO	UNIQUE_1TO1
O14646;O14646-2	2	1	1	1	NO	NO	NO	UNIQUE_1TO1
O14656	1	1	1	1	NO	NO	NO	UNIQUE_1TO1
O14657	1	1	1	1	NO	NO	NO	UNIQUE_1TO1
O14662;O14662-2;O14662-3;O14662-4;O14662-5	5	1	1	1	NO	NO	NO	UNIQUE_1TO1
O14672	1	1	1	1	NO	NO	NO	UNIQUE_1TO1
O14684	1	1	1	1	NO	NO	NO	UNIQUE_1TO1
O14717;O14717-2	2	1	1	1	NO	NO	NO	UNIQUE_1TO1
O14727;O14727-2;O14727-3;O14727-4	4	1	1	1	NO	NO	NO	UNIQUE_1TO1
O14734	1	1	1	1	NO	NO	NO	UNIQUE_1TO1
O14735;O14735-3	2	1	1	1	NO	NO	NO	UNIQUE_1TO1
O14737	1	1	1	1	NO	NO	NO	UNIQUE_1TO1
O14744	1	1	1	1	NO	NO	NO	UNIQUE_1TO1
O14745	1	1	1	1	NO	NO	NO	UNIQUE_1TO1
O14773;O14773-2	2	1	1	1	NO	NO	NO	UNIQUE_1TO1
O14776;O14776-2	2	1	1	1	NO	NO	NO	UNIQUE_1TO1
O14787	1	1	1	1	NO	NO	NO	UNIQUE_1TO1
O14818	1	1	1	1	NO	NO	NO	UNIQUE_1TO1
O14828	1	1	1	0	NO	NO	YES	UNMAPPED
O14867	1	1	1	1	NO	NO	NO	UNIQUE_1TO1
O14874;O14874-2;O14874-3	3	1	1	1	NO	NO	NO	UNIQUE_1TO1
O14879	1	1	1	1	NO	NO	NO	UNIQUE_1TO1
O14880	1	1	1	1	NO	NO	NO	UNIQUE_1TO1
O14893-5	1	1	1	1	NO	NO	NO	UNIQUE_1TO1
O14896	1	1	1	1	NO	NO	NO	UNIQUE_1TO1
O14907	1	1	1	1	NO	NO	NO	UNIQUE_1TO1
O14908	1	1	1	1	NO	NO	NO	UNIQUE_1TO1
O14920;O14920-2;O14920-3;O14920-4	4	1	1	1	NO	NO	NO	UNIQUE_1TO1
O14925	1	1	1	1	NO	NO	NO	UNIQUE_1TO1
O14929	1	1	1	0	NO	NO	YES	UNMAPPED
O14933	1	1	1	1	NO	NO	NO	UNIQUE_1TO1
O14936;O14936-2;O14936-3;O14936-4;O14936-6	5	1	1	1	NO	NO	NO	UNIQUE_1TO1
O14939;O14939-3;O14939-4	3	1	1	1	NO	NO	NO	UNIQUE_1TO1
O14949	1	1	1	1	NO	NO	NO	UNIQUE_1TO1
O14950;P19105	2	2	2	2	NO	NO	NO	PROTEIN_GROUP_MULTI_GENE
O14964;O14964-2	2	1	1	1	NO	NO	NO	UNIQUE_1TO1
O14972;O14972-2	2	1	1	1	NO	NO	NO	UNIQUE_1TO1
O14974;O14974-2;O14974-3;O14974-4	4	1	1	1	NO	NO	NO	UNIQUE_1TO1
O14976;O14976-2	2	1	1	1	NO	NO	NO	UNIQUE_1TO1
O14979-2;O14979-3	2	1	1	1	NO	NO	NO	UNIQUE_1TO1
O14980	1	1	1	1	NO	NO	NO	UNIQUE_1TO1
O14981	1	1	1	1	NO	NO	NO	UNIQUE_1TO1
O15013;O15013-4;O15013-5;O15013-6;O15013-7	5	1	1	0	NO	NO	YES	UNMAPPED
O15014	1	1	1	1	NO	NO	NO	UNIQUE_1TO1
O15016-3	1	1	1	1	NO	NO	NO	UNIQUE_1TO1
O15027;O15027-5	2	1	1	1	NO	NO	NO	UNIQUE_1TO1
O15031	1	1	1	1	NO	NO	NO	UNIQUE_1TO1
O15033;O15033-2	2	1	1	1	NO	NO	NO	UNIQUE_1TO1
O15042;O15042-2	2	1	1	1	NO	NO	NO	UNIQUE_1TO1
O15066;O15066-2	2	1	1	1	NO	NO	NO	UNIQUE_1TO1
O15067	1	1	1	1	NO	NO	NO	UNIQUE_1TO1
O15084;O15084-1;O15084-4	3	1	1	1	NO	NO	NO	UNIQUE_1TO1
O15116	1	1	1	1	NO	NO	NO	UNIQUE_1TO1
O15118	1	1	1	1	NO	NO	NO	UNIQUE_1TO1
O15120	1	1	1	1	NO	NO	NO	UNIQUE_1TO1
O15126	1	1	1	1	NO	NO	NO	UNIQUE_1TO1
O15127	1	1	1	1	NO	NO	NO	UNIQUE_1TO1
O15143	1	1	1	1	NO	NO	NO	UNIQUE_1TO1
O15144	1	1	1	1	NO	NO	NO	UNIQUE_1TO1
O15145	1	1	1	1	NO	NO	NO	UNIQUE_1TO1
O15155;O15155-2	2	1	1	1	NO	NO	NO	UNIQUE_1TO1
O15160;O15160-2	2	1	1	1	NO	NO	NO	UNIQUE_1TO1
O15162;O15162-2	2	1	1	1	NO	NO	NO	UNIQUE_1TO1
O15173;O15173-2	2	1	1	1	NO	NO	NO	UNIQUE_1TO1
O15194;O15194-2;Q9GZU7;Q9GZU7-2;Q9GZU7-3	5	2	2	2	NO	NO	NO	PROTEIN_GROUP_MULTI_GENE
O15212	1	1	1	0	NO	NO	YES	UNMAPPED
O15213	1	1	1	0	NO	NO	YES	UNMAPPED
O15226;O15226-2	2	1	1	0	NO	NO	YES	UNMAPPED
O15228;O15228-2	2	1	1	1	NO	NO	NO	UNIQUE_1TO1
O15230	1	1	1	1	NO	NO	NO	UNIQUE_1TO1
O15231-3	1	1	1	0	NO	NO	YES	UNMAPPED
O15235	1	1	1	0	NO	NO	YES	UNMAPPED
O15239	1	1	1	1	NO	NO	NO	UNIQUE_1TO1
O15258	1	1	1	1	NO	NO	NO	UNIQUE_1TO1
O15260;O15260-2	2	1	1	0	NO	NO	YES	UNMAPPED
O15264	1	1	1	1	NO	NO	NO	UNIQUE_1TO1
O15269	1	1	1	1	NO	NO	NO	UNIQUE_1TO1
O15270	1	1	1	1	NO	NO	NO	UNIQUE_1TO1
O15294	1	1	1	1	NO	NO	NO	UNIQUE_1TO1
O15305	1	1	1	1	NO	NO	NO	UNIQUE_1TO1
O15321;O15321-2	2	1	1	0	NO	NO	YES	UNMAPPED
O15327	1	1	1	1	NO	NO	NO	UNIQUE_1TO1
O15347	1	1	1	1	NO	NO	NO	UNIQUE_1TO1
O15350;O15350-10;O15350-11;O15350-12;O15350-13;O15350-2;O15350-3;O15350-4;O15350-5;O15350-6;O15350-8;O15350-9	12	1	1	1	NO	NO	NO	UNIQUE_1TO1
O15355	1	1	1	1	NO	NO	NO	UNIQUE_1TO1
O15357;O15357-2	2	1	1	1	NO	NO	NO	UNIQUE_1TO1
O15371;O15371-3	2	1	1	1	NO	NO	NO	UNIQUE_1TO1
O15372	1	1	1	1	NO	NO	NO	UNIQUE_1TO1
O15379;O15379-2	2	1	1	1	NO	NO	NO	UNIQUE_1TO1
O15381;O15381-5	2	1	1	1	NO	NO	NO	UNIQUE_1TO1
O15382;O15382-2	2	1	1	1	NO	NO	NO	UNIQUE_1TO1
O15397	1	1	1	1	NO	NO	NO	UNIQUE_1TO1
O15400;O15400-2	2	1	1	1	NO	NO	NO	UNIQUE_1TO1
O15431	1	1	1	1	NO	NO	NO	UNIQUE_1TO1
O15438;O15438-2;O15438-4	3	1	1	1	NO	NO	NO	UNIQUE_1TO1
O15439;O15439-2	2	1	1	1	NO	NO	NO	UNIQUE_1TO1
O15440;O15440-5	2	1	1	1	NO	NO	NO	UNIQUE_1TO1
O15446;O15446-2	2	1	1	1	NO	NO	NO	UNIQUE_1TO1
O15460;O15460-2	2	1	1	1	NO	NO	NO	UNIQUE_1TO1
O15498;O15498-2	2	1	1	1	NO	NO	NO	UNIQUE_1TO1
O15504;O15504-2	2	1	1	1	NO	NO	NO	UNIQUE_1TO1
O15511	1	1	1	1	NO	NO	NO	UNIQUE_1TO1
O15530;O15530-3;O15530-5;Q6A1A2	4	2	2	2	NO	NO	NO	PROTEIN_GROUP_MULTI_GENE
O15533;O15533-2;O15533-3	3	1	1	0	NO	NO	YES	UNMAPPED
O43143	1	1	1	1	NO	NO	NO	UNIQUE_1TO1
O43148;O43148-2	2	1	1	1	NO	NO	NO	UNIQUE_1TO1
O43156	1	1	1	1	NO	NO	NO	UNIQUE_1TO1
O43159	1	1	1	1	NO	NO	NO	UNIQUE_1TO1
O43166	1	1	1	1	NO	NO	NO	UNIQUE_1TO1
O43169	1	1	1	1	NO	NO	NO	UNIQUE_1TO1
O43172;O43172-2	2	1	1	1	NO	NO	NO	UNIQUE_1TO1
O43175	1	1	1	1	NO	NO	NO	UNIQUE_1TO1
O43181	1	1	1	1	NO	NO	NO	UNIQUE_1TO1
O43194	1	1	1	1	NO	NO	NO	UNIQUE_1TO1
O43237	1	1	1	1	NO	NO	NO	UNIQUE_1TO1
O43242	1	1	1	1	NO	NO	NO	UNIQUE_1TO1
O43251-6;O43251-8	2	1	1	0	NO	NO	YES	UNMAPPED
O43252	1	1	1	1	NO	NO	NO	UNIQUE_1TO1
O43264	1	1	1	1	NO	NO	NO	UNIQUE_1TO1
O43272;O43272-1;O43272-2	3	1	1	1	NO	NO	NO	UNIQUE_1TO1
O43278	1	1	1	1	NO	NO	NO	UNIQUE_1TO1
O43290	1	1	1	1	NO	NO	NO	UNIQUE_1TO1
O43291	1	1	1	1	NO	NO	NO	UNIQUE_1TO1
O43292;O43292-2	2	1	1	1	NO	NO	NO	UNIQUE_1TO1
O43314;O43314-2	2	1	1	1	NO	NO	NO	UNIQUE_1TO1
O43318;O43318-2;O43318-3;O43318-4	4	1	1	1	NO	NO	NO	UNIQUE_1TO1
O43324	1	1	1	1	NO	NO	NO	UNIQUE_1TO1
O43379;O43379-4	2	1	1	1	NO	NO	NO	UNIQUE_1TO1
O43390	1	1	1	0	NO	NO	YES	UNMAPPED
O43395	1	1	1	1	NO	NO	NO	UNIQUE_1TO1
O43396	1	1	1	1	NO	NO	NO	UNIQUE_1TO1
O43399;O43399-5;O43399-7	3	1	1	1	NO	NO	NO	UNIQUE_1TO1
O43402	1	1	1	1	NO	NO	NO	UNIQUE_1TO1
O43432;O43432-3;O43432-4	3	1	1	1	NO	NO	NO	UNIQUE_1TO1
O43447	1	1	1	1	NO	NO	NO	UNIQUE_1TO1
O43464;O43464-3	2	1	1	1	NO	NO	NO	UNIQUE_1TO1
O43488	1	1	1	1	NO	NO	NO	UNIQUE_1TO1
O43491	1	1	1	1	NO	NO	NO	UNIQUE_1TO1
O43504	1	1	1	1	NO	NO	NO	UNIQUE_1TO1
O43524;O43524-2	2	1	1	1	NO	NO	NO	UNIQUE_1TO1
O43567	1	1	1	1	NO	NO	NO	UNIQUE_1TO1
O43583	1	1	1	1	NO	NO	NO	UNIQUE_1TO1
O43592	1	1	1	1	NO	NO	NO	UNIQUE_1TO1
O43598;O43598-2	2	1	1	1	NO	NO	NO	UNIQUE_1TO1
O43615	1	1	1	1	NO	NO	NO	UNIQUE_1TO1
O43617;O43617-2	2	1	1	1	NO	NO	NO	UNIQUE_1TO1
O43660	1	1	1	1	NO	NO	NO	UNIQUE_1TO1
O43665;O43665-1;O43665-2	3	1	1	1	NO	NO	NO	UNIQUE_1TO1
O43670;O43670-2;O43670-3;O43670-4	4	1	1	1	NO	NO	NO	UNIQUE_1TO1
O43674;O43674-2	2	1	1	1	NO	NO	NO	UNIQUE_1TO1
O43676	1	1	1	1	NO	NO	NO	UNIQUE_1TO1
O43678	1	1	1	1	NO	NO	NO	UNIQUE_1TO1
O43679;O43679-2;O43679-3;Q86U70;Q86U70-2;Q86U70-3	6	2	2	2	NO	NO	NO	PROTEIN_GROUP_MULTI_GENE
O43681	1	1	1	1	NO	NO	NO	UNIQUE_1TO1
O43684;O43684-2	2	1	1	1	NO	NO	NO	UNIQUE_1TO1
O43707	1	1	1	0	NO	NO	YES	UNMAPPED
O43708;O43708-2	2	1	1	1	NO	NO	NO	UNIQUE_1TO1
O43709	1	1	1	1	NO	NO	NO	UNIQUE_1TO1
O43716	1	1	1	1	NO	NO	NO	UNIQUE_1TO1
O43719	1	1	1	1	NO	NO	NO	UNIQUE_1TO1
O43739;O43739-2;Q99418;Q99418-2	4	2	2	2	NO	NO	NO	PROTEIN_GROUP_MULTI_GENE
O43747;O43747-2	2	1	1	1	NO	NO	NO	UNIQUE_1TO1
O43760;O43760-2	2	1	1	1	NO	NO	NO	UNIQUE_1TO1
O43765	1	1	1	1	NO	NO	NO	UNIQUE_1TO1
O43768;O43768-2;O43768-3;O43768-4;O43768-9	5	1	1	1	NO	NO	NO	UNIQUE_1TO1
O43776	1	1	1	1	NO	NO	NO	UNIQUE_1TO1
O43795-2	1	1	1	1	NO	NO	NO	UNIQUE_1TO1
O43805	1	1	1	1	NO	NO	NO	UNIQUE_1TO1
O43809	1	1	1	1	NO	NO	NO	UNIQUE_1TO1
O43813	1	1	1	1	NO	NO	NO	UNIQUE_1TO1
O43815	1	1	1	1	NO	NO	NO	UNIQUE_1TO1
O43818	1	1	1	1	NO	NO	NO	UNIQUE_1TO1
O43819	1	1	1	1	NO	NO	NO	UNIQUE_1TO1
O43823	1	1	1	1	NO	NO	NO	UNIQUE_1TO1
O43837	1	1	1	1	NO	NO	NO	UNIQUE_1TO1
O43847;O43847-2	2	1	1	1	NO	NO	NO	UNIQUE_1TO1
O43852-2;O43852-4	2	1	1	1	NO	NO	NO	UNIQUE_1TO1
O43852;O43852-3	2	1	1	1	NO	NO	NO	UNIQUE_1TO1
O43854;O43854-2	2	1	1	1	NO	NO	NO	UNIQUE_1TO1
O43865	1	1	1	1	NO	NO	NO	UNIQUE_1TO1
O43896	1	1	1	1	NO	NO	NO	UNIQUE_1TO1
O43920	1	1	1	1	NO	NO	NO	UNIQUE_1TO1
O43924	1	1	1	1	NO	NO	NO	UNIQUE_1TO1
O60216	1	1	1	1	NO	NO	NO	UNIQUE_1TO1
O60218	1	1	1	1	NO	NO	NO	UNIQUE_1TO1
O60220	1	1	1	1	NO	NO	NO	UNIQUE_1TO1
O60231	1	1	1	0	NO	NO	YES	UNMAPPED
O60232	1	1	1	1	NO	NO	NO	UNIQUE_1TO1
O60237-3;O60237-4	2	1	1	1	NO	NO	NO	UNIQUE_1TO1
O60244	1	1	1	1	NO	NO	NO	UNIQUE_1TO1
O60248	1	1	1	1	NO	NO	NO	UNIQUE_1TO1
O60256;O60256-2	2	1	1	1	NO	NO	NO	UNIQUE_1TO1
O60264	1	1	1	1	NO	NO	NO	UNIQUE_1TO1
O60271-4	1	1	1	1	NO	NO	NO	UNIQUE_1TO1
O60287	1	1	1	1	NO	NO	NO	UNIQUE_1TO1
O60306	1	1	1	1	NO	NO	NO	UNIQUE_1TO1
O60313;O60313-10;O60313-11;O60313-13;O60313-2;O60313-9	6	1	1	1	NO	NO	NO	UNIQUE_1TO1
O60318	1	1	1	1	NO	NO	NO	UNIQUE_1TO1
O60333;O60333-2;O60333-4	3	1	1	1	NO	NO	NO	UNIQUE_1TO1
O60341;O60341-2	2	1	1	1	NO	NO	NO	UNIQUE_1TO1
O60343;O60343-2;O60343-3	3	1	1	1	NO	NO	NO	UNIQUE_1TO1
O60347;Q9P2M4;Q9P2M4-2	3	2	2	2	NO	NO	NO	PROTEIN_GROUP_MULTI_GENE
O60353;O60353-2	2	1	1	1	NO	NO	NO	UNIQUE_1TO1
O60381;O60381-2;O60381-3	3	1	1	0	NO	NO	YES	UNMAPPED
O60437	1	1	1	1	NO	NO	NO	UNIQUE_1TO1
O60443;O60443-3	2	1	1	1	NO	NO	NO	UNIQUE_1TO1
O60487	1	1	1	1	NO	NO	NO	UNIQUE_1TO1
O60488;O60488-2	2	1	1	1	NO	NO	NO	UNIQUE_1TO1
O60493	1	1	1	1	NO	NO	NO	UNIQUE_1TO1
O60502	1	1	1	1	NO	NO	NO	UNIQUE_1TO1
O60504;O60504-2	2	1	1	1	NO	NO	NO	UNIQUE_1TO1
O60506	1	1	1	0	NO	NO	YES	UNMAPPED
O60506-4	1	1	1	0	NO	NO	YES	UNMAPPED
O60524;O60524-3;O60524-4;O60524-5	4	1	1	1	NO	NO	NO	UNIQUE_1TO1
O60547;O60547-2	2	1	1	1	NO	NO	NO	UNIQUE_1TO1
O60563;O60563-2	2	1	1	1	NO	NO	NO	UNIQUE_1TO1
O60568	1	1	1	1	NO	NO	NO	UNIQUE_1TO1
O60573	1	1	1	1	NO	NO	NO	UNIQUE_1TO1
O60610	1	1	1	1	NO	NO	NO	UNIQUE_1TO1
O60613	1	1	1	1	NO	NO	NO	UNIQUE_1TO1
O60635	1	1	1	1	NO	NO	NO	UNIQUE_1TO1
O60645	1	1	1	1	NO	NO	NO	UNIQUE_1TO1
O60656;O60656-2;P19224;P19224-2;P19224-3;P22309;P22309-2;P22310;P22310-2;P35503;P35503-3;P35504;P35504-2;Q9HAW7;Q9HAW7-2;Q9HAW8;Q9HAW8-2;Q9HAW9;Q9HAW9-2	19	9	9	9	NO	NO	NO	PROTEIN_GROUP_MULTI_GENE
O60664	1	1	1	1	NO	NO	NO	UNIQUE_1TO1
O60664-3	1	1	1	1	NO	NO	NO	UNIQUE_1TO1
O60669	1	1	1	1	NO	NO	NO	UNIQUE_1TO1
O60678;O60678-2	2	1	1	1	NO	NO	NO	UNIQUE_1TO1
O60684	1	1	1	1	NO	NO	NO	UNIQUE_1TO1
O60701;O60701-2	2	1	1	1	NO	NO	NO	UNIQUE_1TO1
O60716-11;O60716-13;O60716-19;O60716-21;O60716-3;O60716-5	6	1	1	1	NO	NO	NO	UNIQUE_1TO1
O60725	1	1	1	1	NO	NO	NO	UNIQUE_1TO1
O60749	1	1	1	1	NO	NO	NO	UNIQUE_1TO1
O60762	1	1	1	1	NO	NO	NO	UNIQUE_1TO1
O60763;O60763-2	2	1	1	1	NO	NO	NO	UNIQUE_1TO1
O60783	1	1	1	1	NO	NO	NO	UNIQUE_1TO1
O60784;O60784-2;O60784-3;O60784-4	4	1	1	1	NO	NO	NO	UNIQUE_1TO1
O60814;P58876;P62807;Q5QNW6;Q5QNW6-2;Q93079;Q99877;Q99879;Q99880	9	8	8	8	NO	NO	NO	PROTEIN_GROUP_MULTI_GENE
O60825;O60825-2	2	1	1	1	NO	NO	NO	UNIQUE_1TO1
O60826	1	1	1	1	NO	NO	NO	UNIQUE_1TO1
O60828;O60828-2;O60828-4;O60828-5	4	1	1	0	NO	NO	YES	UNMAPPED
O60832	1	1	1	1	NO	NO	NO	UNIQUE_1TO1
O60841	1	1	1	1	NO	NO	NO	UNIQUE_1TO1
O60869;O60869-2;O60869-3	3	1	1	1	NO	NO	NO	UNIQUE_1TO1
O60884	1	1	1	1	NO	NO	NO	UNIQUE_1TO1
O60885	1	1	1	1	NO	NO	NO	UNIQUE_1TO1
O60888;O60888-2;O60888-3	3	1	1	0	NO	NO	YES	UNMAPPED
O60925	1	1	1	1	NO	NO	NO	UNIQUE_1TO1
O60927	1	1	1	0	NO	NO	YES	UNMAPPED
O60930	1	1	1	1	NO	NO	NO	UNIQUE_1TO1
O60934	1	1	1	1	NO	NO	NO	UNIQUE_1TO1
O60936;O60936-3	2	1	1	1	NO	NO	NO	UNIQUE_1TO1
O60942;O60942-2;O60942-3;O60942-4	4	1	1	1	NO	NO	NO	UNIQUE_1TO1
O75027;O75027-2	2	1	1	1	NO	NO	NO	UNIQUE_1TO1
O75044	1	1	1	1	NO	NO	NO	UNIQUE_1TO1
O75051	1	1	1	1	NO	NO	NO	UNIQUE_1TO1
O75052;O75052-3	2	1	1	1	NO	NO	NO	UNIQUE_1TO1
O75083	1	1	1	1	NO	NO	NO	UNIQUE_1TO1
O75113	1	1	1	1	NO	NO	NO	UNIQUE_1TO1
O75116	1	1	1	1	NO	NO	NO	UNIQUE_1TO1
O75122;O75122-2;O75122-3	3	1	1	1	NO	NO	NO	UNIQUE_1TO1
O75127	1	1	1	1	NO	NO	NO	UNIQUE_1TO1
O75131	1	1	1	1	NO	NO	NO	UNIQUE_1TO1
O75143;O75143-2;O75143-3;O75143-4;O75143-5	5	1	1	1	NO	NO	NO	UNIQUE_1TO1
O75146;O75146-2	2	1	1	1	NO	NO	NO	UNIQUE_1TO1
O75150	1	1	1	1	NO	NO	NO	UNIQUE_1TO1
O75151	1	1	1	1	NO	NO	NO	UNIQUE_1TO1
O75152	1	1	1	1	NO	NO	NO	UNIQUE_1TO1
O75153	1	1	1	1	NO	NO	NO	UNIQUE_1TO1
O75157;O75157-2	2	1	1	1	NO	NO	NO	UNIQUE_1TO1
O75165	1	1	1	1	NO	NO	NO	UNIQUE_1TO1
O75175	1	1	1	0	NO	NO	YES	UNMAPPED
O75179;O75179-2;O75179-6;O75179-7	4	1	1	1	NO	NO	NO	UNIQUE_1TO1
O75190;O75190-3;O75190-4	3	1	1	1	NO	NO	NO	UNIQUE_1TO1
O75208	1	1	1	1	NO	NO	NO	UNIQUE_1TO1
O75223	1	1	1	1	NO	NO	NO	UNIQUE_1TO1
O75251;O75251-2	2	1	1	1	NO	NO	NO	UNIQUE_1TO1
O75306	1	1	1	1	NO	NO	NO	UNIQUE_1TO1
O75312	1	1	1	1	NO	NO	NO	UNIQUE_1TO1
O75323	1	1	1	1	NO	NO	NO	UNIQUE_1TO1
O75330;O75330-2;O75330-3	3	1	1	1	NO	NO	NO	UNIQUE_1TO1
O75340;O75340-2	2	1	1	1	NO	NO	NO	UNIQUE_1TO1
O75347	1	1	1	1	NO	NO	NO	UNIQUE_1TO1
O75348	1	1	1	1	NO	NO	NO	UNIQUE_1TO1
O75351	1	1	1	1	NO	NO	NO	UNIQUE_1TO1
O75352;O75352-2	2	1	1	1	NO	NO	NO	UNIQUE_1TO1
O75367-1;O75367-3	2	1	1	1	NO	NO	NO	UNIQUE_1TO1
O75368	1	1	1	1	NO	NO	NO	UNIQUE_1TO1
O75369;O75369-2;O75369-9	3	1	1	1	NO	NO	NO	UNIQUE_1TO1
O75376;O75376-2	2	1	1	1	NO	NO	NO	UNIQUE_1TO1
O75380	1	1	1	1	NO	NO	NO	UNIQUE_1TO1
O75390	1	1	1	1	NO	NO	NO	UNIQUE_1TO1
O75391	1	1	1	1	NO	NO	NO	UNIQUE_1TO1
O75394	1	1	1	1	NO	NO	NO	UNIQUE_1TO1
O75396	1	1	1	1	NO	NO	NO	UNIQUE_1TO1
O75400	1	1	1	1	NO	NO	NO	UNIQUE_1TO1
O75410;O75410-2;O75410-9	3	1	1	1	NO	NO	NO	UNIQUE_1TO1
O75431;O75431-2	2	1	1	1	NO	NO	NO	UNIQUE_1TO1
O75436	1	1	1	1	NO	NO	NO	UNIQUE_1TO1
O75438	1	1	1	1	NO	NO	NO	UNIQUE_1TO1
O75439	1	1	1	1	NO	NO	NO	UNIQUE_1TO1
O75446	1	1	1	1	NO	NO	NO	UNIQUE_1TO1
O75448;O75448-2	2	1	1	1	NO	NO	NO	UNIQUE_1TO1
O75475	1	1	1	1	NO	NO	NO	UNIQUE_1TO1
O75477	1	1	1	1	NO	NO	NO	UNIQUE_1TO1
O75478	1	1	1	0	NO	NO	YES	UNMAPPED
O75489	1	1	1	1	NO	NO	NO	UNIQUE_1TO1
O75494;O75494-2;O75494-3;O75494-4;O75494-5;O75494-6	6	1	1	1	NO	NO	NO	UNIQUE_1TO1
O75506	1	1	1	1	NO	NO	NO	UNIQUE_1TO1
O75521;O75521-2	2	1	1	1	NO	NO	NO	UNIQUE_1TO1
O75530;O75530-2;O75530-3	3	1	1	1	NO	NO	NO	UNIQUE_1TO1
O75531	1	1	1	1	NO	NO	NO	UNIQUE_1TO1
O75533	1	1	1	1	NO	NO	NO	UNIQUE_1TO1
O75534;O75534-4	2	1	1	1	NO	NO	NO	UNIQUE_1TO1
O75569;O75569-2;O75569-3	3	1	1	1	NO	NO	NO	UNIQUE_1TO1
O75582;O75582-3	2	1	1	1	NO	NO	NO	UNIQUE_1TO1
O75592;O75592-2	2	1	1	1	NO	NO	NO	UNIQUE_1TO1
O75607	1	1	1	1	NO	NO	NO	UNIQUE_1TO1
O75608;O75608-2	2	1	1	1	NO	NO	NO	UNIQUE_1TO1
O75616	1	1	1	1	NO	NO	NO	UNIQUE_1TO1
O75635;O75635-2	2	1	1	1	NO	NO	NO	UNIQUE_1TO1
O75643	1	1	1	1	NO	NO	NO	UNIQUE_1TO1
O75663	1	1	1	1	NO	NO	NO	UNIQUE_1TO1
O75674;O75674-2;O75674-3	3	1	1	1	NO	NO	NO	UNIQUE_1TO1
O75676;O75676-2	2	1	1	1	NO	NO	NO	UNIQUE_1TO1
O75683	1	1	1	0	NO	NO	YES	UNMAPPED
O75688;O75688-2;O75688-4;O75688-5	4	1	1	1	NO	NO	NO	UNIQUE_1TO1
O75689	1	1	1	1	NO	NO	NO	UNIQUE_1TO1
O75691	1	1	1	1	NO	NO	NO	UNIQUE_1TO1
O75694	1	1	1	1	NO	NO	NO	UNIQUE_1TO1
O75717	1	1	1	1	NO	NO	NO	UNIQUE_1TO1
O75718	1	1	1	1	NO	NO	NO	UNIQUE_1TO1
O75746;O75746-2	2	1	1	0	NO	NO	YES	UNMAPPED
O75792	1	1	1	1	NO	NO	NO	UNIQUE_1TO1
O75817	1	1	1	1	NO	NO	NO	UNIQUE_1TO1
O75821	1	1	1	1	NO	NO	NO	UNIQUE_1TO1
O75822;O75822-3	2	1	1	1	NO	NO	NO	UNIQUE_1TO1
O75828	1	1	1	1	NO	NO	NO	UNIQUE_1TO1
O75832	1	1	1	1	NO	NO	NO	UNIQUE_1TO1
O75843	1	1	1	1	NO	NO	NO	UNIQUE_1TO1
O75844	1	1	1	1	NO	NO	NO	UNIQUE_1TO1
O75874	1	1	1	1	NO	NO	NO	UNIQUE_1TO1
O75879	1	1	1	1	NO	NO	NO	UNIQUE_1TO1
O75880	1	1	1	1	NO	NO	NO	UNIQUE_1TO1
O75884;O75884-2	2	1	1	1	NO	NO	NO	UNIQUE_1TO1
O75886;O75886-2	2	1	1	1	NO	NO	NO	UNIQUE_1TO1
O75909;O75909-1;O75909-2;O75909-4	4	1	1	1	NO	NO	NO	UNIQUE_1TO1
O75911	1	1	1	1	NO	NO	NO	UNIQUE_1TO1
O75915	1	1	1	1	NO	NO	NO	UNIQUE_1TO1
O75934	1	1	1	1	NO	NO	NO	UNIQUE_1TO1
O75935;O75935-2;O75935-3	3	1	1	1	NO	NO	NO	UNIQUE_1TO1
O75937	1	1	1	1	NO	NO	NO	UNIQUE_1TO1
O75940	1	1	1	1	NO	NO	NO	UNIQUE_1TO1
O75947;O75947-2	2	1	1	1	NO	NO	NO	UNIQUE_1TO1
O75955;O75955-2	2	1	1	0	NO	NO	YES	UNMAPPED
O75962;O75962-2;O75962-4;O75962-5	4	1	1	1	NO	NO	NO	UNIQUE_1TO1
O75964	1	1	1	1	NO	NO	NO	UNIQUE_1TO1
O75976	1	1	1	1	NO	NO	NO	UNIQUE_1TO1
O76003	1	1	1	1	NO	NO	NO	UNIQUE_1TO1
O76021	1	1	1	1	NO	NO	NO	UNIQUE_1TO1
O76027	1	1	1	1	NO	NO	NO	UNIQUE_1TO1
O76031	1	1	1	1	NO	NO	NO	UNIQUE_1TO1
O76054;O76054-5	2	1	1	1	NO	NO	NO	UNIQUE_1TO1
O76070	1	1	1	1	NO	NO	NO	UNIQUE_1TO1
O76071	1	1	1	1	NO	NO	NO	UNIQUE_1TO1
O76080	1	1	1	1	NO	NO	NO	UNIQUE_1TO1
O76081;O76081-2;O76081-5;O76081-6	4	1	1	1	NO	NO	NO	UNIQUE_1TO1
O76094	1	1	1	1	NO	NO	NO	UNIQUE_1TO1
O94760	1	1	1	1	NO	NO	NO	UNIQUE_1TO1
O94762;O94762-4	2	1	1	1	NO	NO	NO	UNIQUE_1TO1
O94763;O94763-2;O94763-3	3	1	1	1	NO	NO	NO	UNIQUE_1TO1
O94776	1	1	1	1	NO	NO	NO	UNIQUE_1TO1
O94804	1	1	1	1	NO	NO	NO	UNIQUE_1TO1
O94812;O94812-2;O94812-3;O94812-5;O94812-6;O94812-7	6	1	1	1	NO	NO	NO	UNIQUE_1TO1
O94826	1	1	1	1	NO	NO	NO	UNIQUE_1TO1
O94832	1	1	1	1	NO	NO	NO	UNIQUE_1TO1
O94855;O94855-2	2	1	1	1	NO	NO	NO	UNIQUE_1TO1
O94874	1	1	1	1	NO	NO	NO	UNIQUE_1TO1
O94880;O94880-1	2	1	1	1	NO	NO	NO	UNIQUE_1TO1
O94888	1	1	1	1	NO	NO	NO	UNIQUE_1TO1
O94901;O94901-5;O94901-9	3	1	1	1	NO	NO	NO	UNIQUE_1TO1
O94903	1	1	1	1	NO	NO	NO	UNIQUE_1TO1
O94905	1	1	1	1	NO	NO	NO	UNIQUE_1TO1
O94906	1	1	1	1	NO	NO	NO	UNIQUE_1TO1
O94915	1	1	1	1	NO	NO	NO	UNIQUE_1TO1
O94916;O94916-2;O94916-4;O94916-5	4	1	1	1	NO	NO	NO	UNIQUE_1TO1
O94919	1	1	1	1	NO	NO	NO	UNIQUE_1TO1
O94925	1	1	1	1	NO	NO	NO	UNIQUE_1TO1
O94925-3	1	1	1	1	NO	NO	NO	UNIQUE_1TO1
O94952;O94952-1	2	1	1	1	NO	NO	NO	UNIQUE_1TO1
O94964-2	1	1	1	1	NO	NO	NO	UNIQUE_1TO1
O94966;O94966-3;O94966-4;O94966-5;O94966-6;O94966-7	6	1	1	1	NO	NO	NO	UNIQUE_1TO1
O94973;O94973-2	2	1	1	0	NO	NO	YES	UNMAPPED
O94979;O94979-10;O94979-2;O94979-3;O94979-4;O94979-6;O94979-8;O94979-9	8	1	1	1	NO	NO	NO	UNIQUE_1TO1
O94992	1	1	1	1	NO	NO	NO	UNIQUE_1TO1
O95049;O95049-3;O95049-4	3	1	1	1	NO	NO	NO	UNIQUE_1TO1
O95070	1	1	1	1	NO	NO	NO	UNIQUE_1TO1
O95071;O95071-2	2	1	1	1	NO	NO	NO	UNIQUE_1TO1
O95081	1	1	1	1	NO	NO	NO	UNIQUE_1TO1
O95104;O95104-2;O95104-3	3	1	1	1	NO	NO	NO	UNIQUE_1TO1
O95139	1	1	1	1	NO	NO	NO	UNIQUE_1TO1
O95140	1	1	1	1	NO	NO	NO	UNIQUE_1TO1
O95155;O95155-2;O95155-4	3	1	1	1	NO	NO	NO	UNIQUE_1TO1
O95159	1	1	1	1	NO	NO	NO	UNIQUE_1TO1
O95163	1	1	1	1	NO	NO	NO	UNIQUE_1TO1
O95168;O95168-2	2	1	1	1	NO	NO	NO	UNIQUE_1TO1
O95169;O95169-3	2	1	1	1	NO	NO	NO	UNIQUE_1TO1
O95171;O95171-2;O95171-3	3	1	1	1	NO	NO	NO	UNIQUE_1TO1
O95178	1	1	1	1	NO	NO	NO	UNIQUE_1TO1
O95182	1	1	1	1	NO	NO	NO	UNIQUE_1TO1
O95197-3	1	1	1	1	NO	NO	NO	UNIQUE_1TO1
O95202	1	1	1	1	NO	NO	NO	UNIQUE_1TO1
O95218;O95218-2	2	1	1	1	NO	NO	NO	UNIQUE_1TO1
O95219	1	1	1	1	NO	NO	NO	UNIQUE_1TO1
O95232	1	1	1	1	NO	NO	NO	UNIQUE_1TO1
O95235	1	1	1	1	NO	NO	NO	UNIQUE_1TO1
O95239	1	1	1	1	NO	NO	NO	UNIQUE_1TO1
O95249	1	1	1	1	NO	NO	NO	UNIQUE_1TO1
O95292	1	1	1	1	NO	NO	NO	UNIQUE_1TO1
O95295	1	1	1	1	NO	NO	NO	UNIQUE_1TO1
O95297;O95297-2;O95297-4	3	1	1	1	NO	NO	NO	UNIQUE_1TO1
O95298;O95298-2	2	1	1	1	NO	NO	NO	UNIQUE_1TO1
O95299	1	1	1	1	NO	NO	NO	UNIQUE_1TO1
O95302;O95302-2;O95302-3;Q75LS8	4	2	2	3	NO	NO	NO	PROTEIN_GROUP_MULTI_GENE
O95336	1	1	1	1	NO	NO	NO	UNIQUE_1TO1
O95340;O95340-2	2	1	1	1	NO	NO	NO	UNIQUE_1TO1
O95347	1	1	1	1	NO	NO	NO	UNIQUE_1TO1
O95352;O95352-2;O95352-3	3	1	1	1	NO	NO	NO	UNIQUE_1TO1
O95359;O95359-1;O95359-3;O95359-5;O95359-6	5	1	1	1	NO	NO	NO	UNIQUE_1TO1
O95361	1	1	1	1	NO	NO	NO	UNIQUE_1TO1
O95363	1	1	1	1	NO	NO	NO	UNIQUE_1TO1
O95365	1	1	1	1	NO	NO	NO	UNIQUE_1TO1
O95372	1	1	1	1	NO	NO	NO	UNIQUE_1TO1
O95373	1	1	1	1	NO	NO	NO	UNIQUE_1TO1
O95376	1	1	1	1	NO	NO	NO	UNIQUE_1TO1
O95379;O95379-2;O95379-3;O95379-4	4	1	1	1	NO	NO	NO	UNIQUE_1TO1
O95394;O95394-3;O95394-4	3	1	1	1	NO	NO	NO	UNIQUE_1TO1
O95396	1	1	1	1	NO	NO	NO	UNIQUE_1TO1
O95400	1	1	1	1	NO	NO	NO	UNIQUE_1TO1
O95425;O95425-2;O95425-3;O95425-4	4	1	1	1	NO	NO	NO	UNIQUE_1TO1
O95429;O95429-2	2	1	1	1	NO	NO	NO	UNIQUE_1TO1
O95433;O95433-2	2	1	1	1	NO	NO	NO	UNIQUE_1TO1
O95453;O95453-2	2	1	1	0	NO	NO	YES	UNMAPPED
O95456;O95456-2	2	1	1	1	NO	NO	NO	UNIQUE_1TO1
O95470	1	1	1	1	NO	NO	NO	UNIQUE_1TO1
O95471;O95471-2	2	1	1	0	NO	NO	YES	UNMAPPED
O95478	1	1	1	1	NO	NO	NO	UNIQUE_1TO1
O95487;O95487-2;O95487-3	3	1	1	1	NO	NO	NO	UNIQUE_1TO1
O95503	1	1	1	1	NO	NO	NO	UNIQUE_1TO1
O95551;O95551-2	2	1	1	1	NO	NO	NO	UNIQUE_1TO1
O95571	1	1	1	1	NO	NO	NO	UNIQUE_1TO1
O95573	1	1	1	1	NO	NO	NO	UNIQUE_1TO1
O95602	1	1	1	1	NO	NO	NO	UNIQUE_1TO1
O95628;O95628-10;O95628-2;O95628-3;O95628-4;O95628-5;O95628-6;O95628-7;O95628-8;O95628-9	10	1	1	1	NO	NO	NO	UNIQUE_1TO1
O95630	1	1	1	1	NO	NO	NO	UNIQUE_1TO1
O95639	1	1	1	1	NO	NO	NO	UNIQUE_1TO1
O95671;O95671-2;O95671-3	3	1	1	0	NO	NO	YES	UNMAPPED
O95674	1	1	1	1	NO	NO	NO	UNIQUE_1TO1
O95684;O95684-2	2	1	1	1	NO	NO	NO	UNIQUE_1TO1
O95721	1	1	1	1	NO	NO	NO	UNIQUE_1TO1
O95747	1	1	1	1	NO	NO	NO	UNIQUE_1TO1
O95749;O95749-2	2	1	1	1	NO	NO	NO	UNIQUE_1TO1
O95757	1	1	1	1	NO	NO	NO	UNIQUE_1TO1
O95758-6	1	1	1	1	NO	NO	NO	UNIQUE_1TO1
O95777	1	1	1	1	NO	NO	NO	UNIQUE_1TO1
O95782;O95782-2	2	1	1	1	NO	NO	NO	UNIQUE_1TO1
O95785-3	1	1	1	1	NO	NO	NO	UNIQUE_1TO1
O95793;O95793-2	2	1	1	1	NO	NO	NO	UNIQUE_1TO1
O95810	1	1	1	1	NO	NO	NO	UNIQUE_1TO1
O95816	1	1	1	1	NO	NO	NO	UNIQUE_1TO1
O95817	1	1	1	1	NO	NO	NO	UNIQUE_1TO1
O95819;O95819-2;O95819-3;O95819-4;O95819-5;O95819-6	6	1	1	1	NO	NO	NO	UNIQUE_1TO1
O95825;O95825-2	2	1	1	1	NO	NO	NO	UNIQUE_1TO1
O95831;O95831-3	2	1	1	1	NO	NO	NO	UNIQUE_1TO1
O95832	1	1	1	1	NO	NO	NO	UNIQUE_1TO1
O95834;O95834-2;O95834-3	3	1	1	1	NO	NO	NO	UNIQUE_1TO1
O95861;O95861-4	2	1	1	1	NO	NO	NO	UNIQUE_1TO1
O95865	1	1	1	0	NO	NO	YES	UNMAPPED
O95870;O95870-2	2	1	1	0	NO	NO	YES	UNMAPPED
O95881	1	1	1	1	NO	NO	NO	UNIQUE_1TO1
O95926;O95926-2	2	1	1	1	NO	NO	NO	UNIQUE_1TO1
O95989	1	1	1	1	NO	NO	NO	UNIQUE_1TO1
O95994	1	1	1	1	NO	NO	NO	UNIQUE_1TO1
O95999	1	1	1	1	NO	NO	NO	UNIQUE_1TO1
O96000	1	1	1	0	NO	NO	YES	UNMAPPED
O96005;O96005-3;O96005-4	3	1	1	1	NO	NO	NO	UNIQUE_1TO1
O96007	1	1	1	1	NO	NO	NO	UNIQUE_1TO1
O96008	1	1	1	1	NO	NO	NO	UNIQUE_1TO1
O96013	1	1	1	1	NO	NO	NO	UNIQUE_1TO1
O96019;O96019-2	2	1	1	1	NO	NO	NO	UNIQUE_1TO1
O96028;O96028-3;O96028-5	3	1	1	1	NO	NO	NO	UNIQUE_1TO1
O96033	1	1	1	1	NO	NO	NO	UNIQUE_1TO1
P00167	1	1	1	1	NO	NO	NO	UNIQUE_1TO1
P00338	1	1	1	0	NO	NO	YES	UNMAPPED
P00367	1	1	1	1	NO	NO	NO	UNIQUE_1TO1
P00374	1	1	1	1	NO	NO	NO	UNIQUE_1TO1
P00387;P00387-2;P00387-3	3	1	1	1	NO	NO	NO	UNIQUE_1TO1
P00390;P00390-2	2	1	1	1	NO	NO	NO	UNIQUE_1TO1
P00395	1	1	1	1	NO	NO	NO	UNIQUE_1TO1
P00403	1	1	1	1	NO	NO	NO	UNIQUE_1TO1
P00441	1	1	1	1	NO	NO	NO	UNIQUE_1TO1
P00491	1	1	1	0	NO	NO	YES	UNMAPPED
P00492	1	1	1	1	NO	NO	NO	UNIQUE_1TO1
P00505	1	1	1	1	NO	NO	NO	UNIQUE_1TO1
P00519;P00519-2	2	1	1	1	NO	NO	NO	UNIQUE_1TO1
P00533	1	1	1	1	NO	NO	NO	UNIQUE_1TO1
P00558	1	1	1	1	NO	NO	NO	UNIQUE_1TO1
P00568	1	1	1	1	NO	NO	NO	UNIQUE_1TO1
P00734	1	1	1	1	NO	NO	NO	UNIQUE_1TO1
P00750;P00750-3	2	1	1	1	NO	NO	NO	UNIQUE_1TO1
P00846	1	1	1	1	NO	NO	NO	UNIQUE_1TO1
P00918	1	1	1	1	NO	NO	NO	UNIQUE_1TO1
P00966	1	1	1	1	NO	NO	NO	UNIQUE_1TO1
P00973;P00973-2;P00973-3;P00973-4	4	1	1	1	NO	NO	NO	UNIQUE_1TO1
P01024	1	1	1	1	NO	NO	NO	UNIQUE_1TO1
P01034	1	1	1	1	NO	NO	NO	UNIQUE_1TO1
P01112	1	1	1	0	NO	NO	YES	UNMAPPED
P01116-2	1	1	1	1	NO	NO	NO	UNIQUE_1TO1
P01130;P01130-3;P01130-4;P01130-6	4	1	1	1	NO	NO	NO	UNIQUE_1TO1
P01344;P01344-2;P01344-3	3	1	1	1	NO	NO	NO	UNIQUE_1TO1
P01833	1	1	1	1	NO	NO	NO	UNIQUE_1TO1
P01834;P0DOX7	2	2	1	1	NO	NO	NO	UNIQUE_1TO1
P01889	1	1	1	0	NO	NO	YES	UNMAPPED
P01893	1	1	1	0	NO	NO	YES	UNMAPPED
P02533	1	1	1	1	NO	NO	NO	UNIQUE_1TO1
P02538	1	1	1	1	NO	NO	NO	UNIQUE_1TO1
P02545	1	1	1	1	NO	NO	NO	UNIQUE_1TO1
P02545-2	1	1	1	1	NO	NO	NO	UNIQUE_1TO1
P02686;P02686-2	2	1	1	1	NO	NO	NO	UNIQUE_1TO1
P02748	1	1	1	1	NO	NO	NO	UNIQUE_1TO1
P02751;P02751-1;P02751-10;P02751-11;P02751-12;P02751-13;P02751-14;P02751-17;P02751-3;P02751-4;P02751-5;P02751-6;P02751-7;P02751-8;P02751-9	15	1	1	1	NO	NO	NO	UNIQUE_1TO1
P02768	1	1	1	1	NO	NO	NO	UNIQUE_1TO1
P02786	1	1	1	1	NO	NO	NO	UNIQUE_1TO1
P02794	1	1	1	1	NO	NO	NO	UNIQUE_1TO1
P02795	1	1	1	1	NO	NO	NO	UNIQUE_1TO1
P03886	1	1	1	1	NO	NO	NO	UNIQUE_1TO1
P03891	1	1	1	1	NO	NO	NO	UNIQUE_1TO1
P03897	1	1	1	1	NO	NO	NO	UNIQUE_1TO1
P03915	1	1	1	1	NO	NO	NO	UNIQUE_1TO1
P03928	1	1	1	1	NO	NO	NO	UNIQUE_1TO1
P04004	1	1	1	1	NO	NO	NO	UNIQUE_1TO1
P04040	1	1	1	1	NO	NO	NO	UNIQUE_1TO1
P04062;P04062-2;P04062-4	3	1	1	0	NO	NO	YES	UNMAPPED
P04075	1	1	1	1	NO	NO	NO	UNIQUE_1TO1
P04080	1	1	1	1	NO	NO	NO	UNIQUE_1TO1
P04083	1	1	1	1	NO	NO	NO	UNIQUE_1TO1
P04150;P04150-10;P04150-2;P04150-3;P04150-6;P04150-8;P04150-9	7	1	1	1	NO	NO	NO	UNIQUE_1TO1
P04156	1	1	1	1	NO	NO	NO	UNIQUE_1TO1
P04179;P04179-4	2	1	1	1	NO	NO	NO	UNIQUE_1TO1
P04181	1	1	1	1	NO	NO	NO	UNIQUE_1TO1
P04183	1	1	1	1	NO	NO	NO	UNIQUE_1TO1
P04264	1	1	1	1	NO	NO	NO	UNIQUE_1TO1
P04350	1	1	1	1	NO	NO	NO	UNIQUE_1TO1
P04406	1	1	1	1	NO	NO	NO	UNIQUE_1TO1
P04439;P04439-2	2	1	1	0	NO	NO	YES	UNMAPPED
P04626-6	1	1	1	1	NO	NO	NO	UNIQUE_1TO1
P04632	1	1	1	1	NO	NO	NO	UNIQUE_1TO1
P04637;P04637-4	2	1	1	1	NO	NO	NO	UNIQUE_1TO1
P04732	1	1	1	1	NO	NO	NO	UNIQUE_1TO1
P04792	1	1	1	1	NO	NO	NO	UNIQUE_1TO1
P04843	1	1	1	1	NO	NO	NO	UNIQUE_1TO1
P04844	1	1	1	0	NO	NO	YES	UNMAPPED
P04899;P04899-4	2	1	1	1	NO	NO	NO	UNIQUE_1TO1
P04908;Q7L7L0;Q93077	3	3	3	2	NO	NO	NO	PROTEIN_GROUP_MULTI_GENE
P05023;P05023-3;P05023-4	3	1	1	1	NO	NO	NO	UNIQUE_1TO1
P05026;P05026-2	2	1	1	1	NO	NO	NO	UNIQUE_1TO1
P05067;P05067-11;P05067-7;P05067-8;P05067-9	5	1	1	1	NO	NO	NO	UNIQUE_1TO1
P05091;P05091-2	2	1	1	1	NO	NO	NO	UNIQUE_1TO1
P05109	1	1	1	1	NO	NO	NO	UNIQUE_1TO1
P05120	1	1	1	1	NO	NO	NO	UNIQUE_1TO1
P05141	1	1	1	1	NO	NO	NO	UNIQUE_1TO1
P05165;P05165-2;P05165-3	3	1	1	1	NO	NO	NO	UNIQUE_1TO1
P05166;P05166-2	2	1	1	1	NO	NO	NO	UNIQUE_1TO1
P05187	1	1	1	1	NO	NO	NO	UNIQUE_1TO1
P05198	1	1	1	1	NO	NO	NO	UNIQUE_1TO1
P05204	1	1	1	1	NO	NO	NO	UNIQUE_1TO1
P05362	1	1	1	1	NO	NO	NO	UNIQUE_1TO1
P05386	1	1	1	1	NO	NO	NO	UNIQUE_1TO1
P05387	1	1	1	1	NO	NO	NO	UNIQUE_1TO1
P05388	1	1	1	1	NO	NO	NO	UNIQUE_1TO1
P05455	1	1	1	1	NO	NO	NO	UNIQUE_1TO1
P05549;P05549-2;P05549-5;P05549-6;Q6VUC0;Q92481;Q92481-2;Q92754;Q92754-2	9	4	4	4	NO	NO	NO	PROTEIN_GROUP_MULTI_GENE
P05556	1	1	1	1	NO	NO	NO	UNIQUE_1TO1
P05783	1	1	1	1	NO	NO	NO	UNIQUE_1TO1
P05787;P05787-2	2	1	1	1	NO	NO	NO	UNIQUE_1TO1
P05976;P05976-2;P08590	3	2	2	2	NO	NO	NO	PROTEIN_GROUP_MULTI_GENE
P06132	1	1	1	1	NO	NO	NO	UNIQUE_1TO1
P06280	1	1	1	1	NO	NO	NO	UNIQUE_1TO1
P06396-2	1	1	1	1	NO	NO	NO	UNIQUE_1TO1
P06400	1	1	1	1	NO	NO	NO	UNIQUE_1TO1
P06454;P06454-2	2	1	1	1	NO	NO	NO	UNIQUE_1TO1
P06493	1	1	1	1	NO	NO	NO	UNIQUE_1TO1
P06576	1	1	1	1	NO	NO	NO	UNIQUE_1TO1
P06702	1	1	1	1	NO	NO	NO	UNIQUE_1TO1
P06703	1	1	1	1	NO	NO	NO	UNIQUE_1TO1
P06730;P06730-2	2	1	1	1	NO	NO	NO	UNIQUE_1TO1
P06733	1	1	1	1	NO	NO	NO	UNIQUE_1TO1
P06737	1	1	1	1	NO	NO	NO	UNIQUE_1TO1
P06744	1	1	1	0	NO	NO	YES	UNMAPPED
P06748;P06748-2	2	1	1	1	NO	NO	NO	UNIQUE_1TO1
P06753	1	1	1	1	NO	NO	NO	UNIQUE_1TO1
P06753-2	1	1	1	1	NO	NO	NO	UNIQUE_1TO1
P06756;P06756-2;P06756-3	3	1	1	1	NO	NO	NO	UNIQUE_1TO1
P06865	1	1	1	1	NO	NO	NO	UNIQUE_1TO1
P06899;P23527;P33778;Q16778	4	4	4	4	NO	NO	NO	PROTEIN_GROUP_MULTI_GENE
P07099	1	1	1	1	NO	NO	NO	UNIQUE_1TO1
P07108	1	1	1	1	NO	NO	NO	UNIQUE_1TO1
P07195	1	1	1	1	NO	NO	NO	UNIQUE_1TO1
P07199	1	1	1	1	NO	NO	NO	UNIQUE_1TO1
P07203	1	1	1	1	NO	NO	NO	UNIQUE_1TO1
P07204	1	1	1	1	NO	NO	NO	UNIQUE_1TO1
P07237	1	1	1	1	NO	NO	NO	UNIQUE_1TO1
P07305	1	1	1	1	NO	NO	NO	UNIQUE_1TO1
P07311	1	1	1	1	NO	NO	NO	UNIQUE_1TO1
P07339	1	1	1	1	NO	NO	NO	UNIQUE_1TO1
P07355	1	1	1	1	NO	NO	NO	UNIQUE_1TO1
P07384	1	1	1	1	NO	NO	NO	UNIQUE_1TO1
P07437	1	1	1	0	NO	NO	YES	UNMAPPED
P07476	1	1	1	1	NO	NO	NO	UNIQUE_1TO1
P07550	1	1	1	1	NO	NO	NO	UNIQUE_1TO1
P07602	1	1	1	1	NO	NO	NO	UNIQUE_1TO1
P07686	1	1	1	1	NO	NO	NO	UNIQUE_1TO1
P07711;P07711-3	2	1	1	1	NO	NO	NO	UNIQUE_1TO1
P07737	1	1	1	1	NO	NO	NO	UNIQUE_1TO1
P07741	1	1	1	1	NO	NO	NO	UNIQUE_1TO1
P07814	1	1	1	1	NO	NO	NO	UNIQUE_1TO1
P07858	1	1	1	0	NO	NO	YES	UNMAPPED
P07900	1	1	1	1	NO	NO	NO	UNIQUE_1TO1
P07910	1	1	1	1	NO	NO	NO	UNIQUE_1TO1
P07910-2	1	1	1	1	NO	NO	NO	UNIQUE_1TO1
P07919	1	1	1	1	NO	NO	NO	UNIQUE_1TO1
P07942	1	1	1	1	NO	NO	NO	UNIQUE_1TO1
P07947	1	1	1	1	NO	NO	NO	UNIQUE_1TO1
P07948-2	1	1	1	1	NO	NO	NO	UNIQUE_1TO1
P07954;P07954-2	2	1	1	1	NO	NO	NO	UNIQUE_1TO1
P07996	1	1	1	1	NO	NO	NO	UNIQUE_1TO1
P08047;P08047-3	2	1	1	1	NO	NO	NO	UNIQUE_1TO1
P08069	1	1	1	1	NO	NO	NO	UNIQUE_1TO1
P08134	1	1	1	1	NO	NO	NO	UNIQUE_1TO1
P08138;P08138-2	2	1	1	1	NO	NO	NO	UNIQUE_1TO1
P08174;P08174-2;P08174-3;P08174-4;P08174-5;P08174-6;P08174-7	7	1	1	1	NO	NO	NO	UNIQUE_1TO1
P08195-2	1	1	1	1	NO	NO	NO	UNIQUE_1TO1
P08195;P08195-3;P08195-4;P08195-5	4	1	1	1	NO	NO	NO	UNIQUE_1TO1
P08237;P08237-2;P08237-3	3	1	1	1	NO	NO	NO	UNIQUE_1TO1
P08238	1	1	1	1	NO	NO	NO	UNIQUE_1TO1
P08240	1	1	1	1	NO	NO	NO	UNIQUE_1TO1
P08397	1	1	1	1	NO	NO	NO	UNIQUE_1TO1
P08559;P08559-4	2	1	1	1	NO	NO	NO	UNIQUE_1TO1
P08572	1	1	1	1	NO	NO	NO	UNIQUE_1TO1
P08574	1	1	1	1	NO	NO	NO	UNIQUE_1TO1
P08579	1	1	1	1	NO	NO	NO	UNIQUE_1TO1
P08581;P08581-2	2	1	1	1	NO	NO	NO	UNIQUE_1TO1
P08582	1	1	1	1	NO	NO	NO	UNIQUE_1TO1
P08621	1	1	1	1	NO	NO	NO	UNIQUE_1TO1
P08648	1	1	1	1	NO	NO	NO	UNIQUE_1TO1
P08651;P08651-2;P08651-3;P08651-4;P08651-5;P08651-6	6	1	1	1	NO	NO	NO	UNIQUE_1TO1
P08708	1	1	1	0	NO	NO	YES	UNMAPPED
P08727	1	1	1	1	NO	NO	NO	UNIQUE_1TO1
P08729	1	1	1	1	NO	NO	NO	UNIQUE_1TO1
P08754	1	1	1	1	NO	NO	NO	UNIQUE_1TO1
P08758	1	1	1	1	NO	NO	NO	UNIQUE_1TO1
P08779	1	1	1	1	NO	NO	NO	UNIQUE_1TO1
P08842	1	1	1	1	NO	NO	NO	UNIQUE_1TO1
P08865	1	1	1	1	NO	NO	NO	UNIQUE_1TO1
P08962;P08962-2;P08962-3	3	1	1	1	NO	NO	NO	UNIQUE_1TO1
P09001	1	1	1	1	NO	NO	NO	UNIQUE_1TO1
P09012	1	1	1	1	NO	NO	NO	UNIQUE_1TO1
P09104	1	1	1	1	NO	NO	NO	UNIQUE_1TO1
P09110	1	1	1	1	NO	NO	NO	UNIQUE_1TO1
P09132	1	1	1	1	NO	NO	NO	UNIQUE_1TO1
P09211	1	1	1	1	NO	NO	NO	UNIQUE_1TO1
P09234	1	1	1	1	NO	NO	NO	UNIQUE_1TO1
P09382	1	1	1	1	NO	NO	NO	UNIQUE_1TO1
P09417	1	1	1	1	NO	NO	NO	UNIQUE_1TO1
P09429	1	1	1	1	NO	NO	NO	UNIQUE_1TO1
P09467	1	1	1	1	NO	NO	NO	UNIQUE_1TO1
P09493;P09493-10;P09493-3;P09493-4;P09493-9	5	1	1	1	NO	NO	NO	UNIQUE_1TO1
P09496-2	1	1	1	1	NO	NO	NO	UNIQUE_1TO1
P09497-2	1	1	1	1	NO	NO	NO	UNIQUE_1TO1
P09525;P09525-3	2	1	1	1	NO	NO	NO	UNIQUE_1TO1
P09543;P09543-2	2	1	1	1	NO	NO	NO	UNIQUE_1TO1
P09622	1	1	1	1	NO	NO	NO	UNIQUE_1TO1
P09651	1	1	1	1	NO	NO	NO	UNIQUE_1TO1
P09661	1	1	1	1	NO	NO	NO	UNIQUE_1TO1
P09668	1	1	1	1	NO	NO	NO	UNIQUE_1TO1
P09669	1	1	1	1	NO	NO	NO	UNIQUE_1TO1
P09758	1	1	1	1	NO	NO	NO	UNIQUE_1TO1
P09874	1	1	1	1	NO	NO	NO	UNIQUE_1TO1
P09913	1	1	1	1	NO	NO	NO	UNIQUE_1TO1
P09914	1	1	1	1	NO	NO	NO	UNIQUE_1TO1
P09960	1	1	1	1	NO	NO	NO	UNIQUE_1TO1
P09972	1	1	1	1	NO	NO	NO	UNIQUE_1TO1
P0C0S5;Q71UI9	2	2	2	2	NO	NO	NO	PROTEIN_GROUP_MULTI_GENE
P0C0S8;P20671;Q96KK5;Q99878;Q9BTM1	5	5	5	5	NO	NO	NO	PROTEIN_GROUP_MULTI_GENE
P0C869-6;P0C869-7;P0C869-8;P0C870	4	2	2	2	NO	NO	NO	PROTEIN_GROUP_MULTI_GENE
P0CAP2;P0CAP2-2;P0CAP2-3	3	1	1	1	NO	NO	NO	UNIQUE_1TO1
P0CG12	1	1	1	1	NO	NO	NO	UNIQUE_1TO1
P0CG13	1	1	1	1	NO	NO	NO	UNIQUE_1TO1
P0CG22;Q9BTZ2;Q9BTZ2-4;Q9BTZ2-8	4	2	2	2	NO	NO	NO	PROTEIN_GROUP_MULTI_GENE
P0CG29;P0CG30	2	2	2	0	NO	NO	YES	UNMAPPED
P0DI83	1	1	1	1	NO	NO	NO	UNIQUE_1TO1
P0DJI8;P0DJI9;P0DJI9-2	3	2	2	1	NO	NO	NO	UNIQUE_1TO1
P0DMM9;P0DMM9-3;P0DMN0	3	2	2	2	NO	NO	NO	PROTEIN_GROUP_MULTI_GENE
P0DMV8;P0DMV9	2	2	2	0	NO	NO	YES	UNMAPPED
P0DP23;P0DP24;P0DP25	3	3	3	3	NO	NO	NO	PROTEIN_GROUP_MULTI_GENE
P0DP91;Q03468	2	2	1	1	NO	NO	NO	UNIQUE_1TO1
P0DPB5	1	1	1	1	NO	NO	NO	UNIQUE_1TO1
P0DPB6	1	1	1	1	NO	NO	NO	UNIQUE_1TO1
P10155;P10155-3;P10155-4;P10155-5	4	1	1	1	NO	NO	NO	UNIQUE_1TO1
P10176	1	1	1	1	NO	NO	NO	UNIQUE_1TO1
P10253	1	1	1	0	NO	NO	YES	UNMAPPED
P10301	1	1	1	1	NO	NO	NO	UNIQUE_1TO1
P10321	1	1	1	0	NO	NO	YES	UNMAPPED
P10398;P10398-2	2	1	1	1	NO	NO	NO	UNIQUE_1TO1
P10412	1	1	1	1	NO	NO	NO	UNIQUE_1TO1
P10515	1	1	1	1	NO	NO	NO	UNIQUE_1TO1
P10599	1	1	1	1	NO	NO	NO	UNIQUE_1TO1
P10606	1	1	1	0	NO	NO	YES	UNMAPPED
P10619;P10619-2	2	1	1	1	NO	NO	NO	UNIQUE_1TO1
P10644	1	1	1	1	NO	NO	NO	UNIQUE_1TO1
P10696	1	1	1	1	NO	NO	NO	UNIQUE_1TO1
P10768	1	1	1	1	NO	NO	NO	UNIQUE_1TO1
P10809	1	1	1	1	NO	NO	NO	UNIQUE_1TO1
P10909;P10909-2;P10909-3;P10909-4;P10909-5;P10909-6	6	1	1	1	NO	NO	NO	UNIQUE_1TO1
P11021	1	1	1	1	NO	NO	NO	UNIQUE_1TO1
P11047	1	1	1	1	NO	NO	NO	UNIQUE_1TO1
P11142	1	1	1	1	NO	NO	NO	UNIQUE_1TO1
P11166	1	1	1	1	NO	NO	NO	UNIQUE_1TO1
P11172	1	1	1	1	NO	NO	NO	UNIQUE_1TO1
P11177;P11177-2	2	1	1	1	NO	NO	NO	UNIQUE_1TO1
P11182	1	1	1	1	NO	NO	NO	UNIQUE_1TO1
P11216	1	1	1	1	NO	NO	NO	UNIQUE_1TO1
P11233	1	1	1	1	NO	NO	NO	UNIQUE_1TO1
P11234;P11234-2	2	1	1	1	NO	NO	NO	UNIQUE_1TO1
P11274;P11274-2	2	1	1	1	NO	NO	NO	UNIQUE_1TO1
P11279	1	1	1	1	NO	NO	NO	UNIQUE_1TO1
P11310;P11310-2	2	1	1	1	NO	NO	NO	UNIQUE_1TO1
P11387	1	1	1	1	NO	NO	NO	UNIQUE_1TO1
P11388;P11388-2;P11388-3;P11388-4	4	1	1	1	NO	NO	NO	UNIQUE_1TO1
P11413;P11413-2	2	1	1	1	NO	NO	NO	UNIQUE_1TO1
P11441	1	1	1	1	NO	NO	NO	UNIQUE_1TO1
P11474;P11474-2	2	1	1	1	NO	NO	NO	UNIQUE_1TO1
P11498	1	1	1	1	NO	NO	NO	UNIQUE_1TO1
P11586	1	1	1	1	NO	NO	NO	UNIQUE_1TO1
P11717	1	1	1	1	NO	NO	NO	UNIQUE_1TO1
P11766	1	1	1	1	NO	NO	NO	UNIQUE_1TO1
P11802	1	1	1	1	NO	NO	NO	UNIQUE_1TO1
P11908;P11908-2	2	1	1	1	NO	NO	NO	UNIQUE_1TO1
P11940	1	1	1	1	NO	NO	NO	UNIQUE_1TO1
P12004	1	1	1	1	NO	NO	NO	UNIQUE_1TO1
P12074	1	1	1	1	NO	NO	NO	UNIQUE_1TO1
P12081;P12081-4	2	1	1	1	NO	NO	NO	UNIQUE_1TO1
P12235	1	1	1	1	NO	NO	NO	UNIQUE_1TO1
P12236	1	1	1	0	NO	NO	YES	UNMAPPED
P12268	1	1	1	1	NO	NO	NO	UNIQUE_1TO1
P12270	1	1	1	1	NO	NO	NO	UNIQUE_1TO1
P12277	1	1	1	1	NO	NO	NO	UNIQUE_1TO1
P12429	1	1	1	1	NO	NO	NO	UNIQUE_1TO1
P12532	1	1	1	1	NO	NO	NO	UNIQUE_1TO1
P12694	1	1	1	1	NO	NO	NO	UNIQUE_1TO1
P12814;P12814-3	2	1	1	1	NO	NO	NO	UNIQUE_1TO1
P12830	1	1	1	1	NO	NO	NO	UNIQUE_1TO1
P12931;P12931-2;P12931-3	3	1	1	0	NO	NO	YES	UNMAPPED
P12955;P12955-2;P12955-3	3	1	1	1	NO	NO	NO	UNIQUE_1TO1
P12956	1	1	1	1	NO	NO	NO	UNIQUE_1TO1
P13010	1	1	1	1	NO	NO	NO	UNIQUE_1TO1
P13051;P13051-2	2	1	1	1	NO	NO	NO	UNIQUE_1TO1
P13073	1	1	1	1	NO	NO	NO	UNIQUE_1TO1
P13164	1	1	1	1	NO	NO	NO	UNIQUE_1TO1
P13473;P13473-2;P13473-3	3	1	1	1	NO	NO	NO	UNIQUE_1TO1
P13489	1	1	1	0	NO	NO	YES	UNMAPPED
P13639	1	1	1	1	NO	NO	NO	UNIQUE_1TO1
P13645	1	1	1	1	NO	NO	NO	UNIQUE_1TO1
P13646	1	1	1	1	NO	NO	NO	UNIQUE_1TO1
P13647	1	1	1	1	NO	NO	NO	UNIQUE_1TO1
P13667	1	1	1	1	NO	NO	NO	UNIQUE_1TO1
P13674	1	1	1	1	NO	NO	NO	UNIQUE_1TO1
P13674-2	1	1	1	1	NO	NO	NO	UNIQUE_1TO1
P13688;P13688-10;P13688-11;P13688-2;P13688-3;P13688-4;P13688-5;P13688-6;P13688-7;P13688-8;P13688-9	11	1	1	1	NO	NO	NO	UNIQUE_1TO1
P13693	1	1	1	1	NO	NO	NO	UNIQUE_1TO1
P13716	1	1	1	1	NO	NO	NO	UNIQUE_1TO1
P13726	1	1	1	1	NO	NO	NO	UNIQUE_1TO1
P13747	1	1	1	0	NO	NO	YES	UNMAPPED
P13796	1	1	1	1	NO	NO	NO	UNIQUE_1TO1
P13797	1	1	1	1	NO	NO	NO	UNIQUE_1TO1
P13798	1	1	1	1	NO	NO	NO	UNIQUE_1TO1
P13804	1	1	1	1	NO	NO	NO	UNIQUE_1TO1
P13807;P13807-2	2	1	1	1	NO	NO	NO	UNIQUE_1TO1
P13861;P13861-2	2	1	1	1	NO	NO	NO	UNIQUE_1TO1
P13928	1	1	1	0	NO	NO	YES	UNMAPPED
P13984	1	1	1	1	NO	NO	NO	UNIQUE_1TO1
P13987;P13987-2	2	1	1	1	NO	NO	NO	UNIQUE_1TO1
P13995;P13995-2	2	1	1	1	NO	NO	NO	UNIQUE_1TO1
P14174	1	1	1	0	NO	NO	YES	UNMAPPED
P14314;P14314-2	2	1	1	1	NO	NO	NO	UNIQUE_1TO1
P14324;P14324-2	2	1	1	1	NO	NO	NO	UNIQUE_1TO1
P14406	1	1	1	1	NO	NO	NO	UNIQUE_1TO1
P14550	1	1	1	1	NO	NO	NO	UNIQUE_1TO1
P14618	1	1	1	1	NO	NO	NO	UNIQUE_1TO1
P14618-2	1	1	1	1	NO	NO	NO	UNIQUE_1TO1
P14625	1	1	1	1	NO	NO	NO	UNIQUE_1TO1
P14635	1	1	1	1	NO	NO	NO	UNIQUE_1TO1
P14649	1	1	1	1	NO	NO	NO	UNIQUE_1TO1
P14678;P14678-2;P14678-3;P63162;P63162-2	5	2	2	2	NO	NO	NO	PROTEIN_GROUP_MULTI_GENE
P14735	1	1	1	1	NO	NO	NO	UNIQUE_1TO1
P14854	1	1	1	1	NO	NO	NO	UNIQUE_1TO1
P14859;P14859-2;P14859-3;P14859-4;P14859-5;P14859-6	6	1	1	1	NO	NO	NO	UNIQUE_1TO1
P14866	1	1	1	0	NO	NO	YES	UNMAPPED
P14868	1	1	1	1	NO	NO	NO	UNIQUE_1TO1
P14923	1	1	1	1	NO	NO	NO	UNIQUE_1TO1
P14927	1	1	1	1	NO	NO	NO	UNIQUE_1TO1
P15090	1	1	1	1	NO	NO	NO	UNIQUE_1TO1
P15104	1	1	1	1	NO	NO	NO	UNIQUE_1TO1
P15121	1	1	1	1	NO	NO	NO	UNIQUE_1TO1
P15151;P15151-2;P15151-3;P15151-4	4	1	1	1	NO	NO	NO	UNIQUE_1TO1
P15153	1	1	1	1	NO	NO	NO	UNIQUE_1TO1
P15170-2;P15170-3	2	1	1	1	NO	NO	NO	UNIQUE_1TO1
P15260	1	1	1	1	NO	NO	NO	UNIQUE_1TO1
P15311	1	1	1	1	NO	NO	NO	UNIQUE_1TO1
P15313	1	1	1	1	NO	NO	NO	UNIQUE_1TO1
P15336;P15336-3;P15336-5;P15336-7	4	1	1	1	NO	NO	NO	UNIQUE_1TO1
P15374	1	1	1	1	NO	NO	NO	UNIQUE_1TO1
P15408;P15408-2;P15408-3	3	1	1	1	NO	NO	NO	UNIQUE_1TO1
P15428	1	1	1	1	NO	NO	NO	UNIQUE_1TO1
P15529;P15529-10;P15529-11;P15529-12;P15529-13;P15529-14;P15529-15;P15529-16;P15529-2;P15529-3;P15529-4;P15529-5;P15529-6;P15529-7;P15529-8;P15529-9	16	1	1	1	NO	NO	NO	UNIQUE_1TO1
P15559;P15559-2	2	1	1	1	NO	NO	NO	UNIQUE_1TO1
P15586;P15586-2	2	1	1	1	NO	NO	NO	UNIQUE_1TO1
P15880	1	1	1	0	NO	NO	YES	UNMAPPED
P15924	1	1	1	1	NO	NO	NO	UNIQUE_1TO1
P15927;P15927-2;P15927-3	3	1	1	1	NO	NO	NO	UNIQUE_1TO1
P15941;P15941-11;P15941-17;P15941-2;P15941-3;P15941-4;P15941-7;P15941-8	8	1	1	1	NO	NO	NO	UNIQUE_1TO1
P15954	1	1	1	1	NO	NO	NO	UNIQUE_1TO1
P16070;P16070-10;P16070-11;P16070-12;P16070-13;P16070-14;P16070-16;P16070-17;P16070-18;P16070-3;P16070-4;P16070-5;P16070-6;P16070-7;P16070-8	15	1	1	1	NO	NO	NO	UNIQUE_1TO1
P16083	1	1	1	1	NO	NO	NO	UNIQUE_1TO1
P16104	1	1	1	1	NO	NO	NO	UNIQUE_1TO1
P16144-2	1	1	1	1	NO	NO	NO	UNIQUE_1TO1
P16152	1	1	1	1	NO	NO	NO	UNIQUE_1TO1
P16220;P16220-1	2	1	1	1	NO	NO	NO	UNIQUE_1TO1
P16278;P16278-2;P16278-3	3	1	1	1	NO	NO	NO	UNIQUE_1TO1
P16333;P16333-2	2	1	1	1	NO	NO	NO	UNIQUE_1TO1
P16401	1	1	1	1	NO	NO	NO	UNIQUE_1TO1
P16402	1	1	1	1	NO	NO	NO	UNIQUE_1TO1
P16403	1	1	1	1	NO	NO	NO	UNIQUE_1TO1
P16422	1	1	1	1	NO	NO	NO	UNIQUE_1TO1
P16435	1	1	1	1	NO	NO	NO	UNIQUE_1TO1
P16455	1	1	1	1	NO	NO	NO	UNIQUE_1TO1
P16615	1	1	1	1	NO	NO	NO	UNIQUE_1TO1
P16949	1	1	1	1	NO	NO	NO	UNIQUE_1TO1
P16989	1	1	1	1	NO	NO	NO	UNIQUE_1TO1
P16989-2	1	1	1	1	NO	NO	NO	UNIQUE_1TO1
P17029	1	1	1	1	NO	NO	NO	UNIQUE_1TO1
P17066	1	1	1	1	NO	NO	NO	UNIQUE_1TO1
P17096	1	1	1	1	NO	NO	NO	UNIQUE_1TO1
P17096-2	1	1	1	1	NO	NO	NO	UNIQUE_1TO1
P17152	1	1	1	1	NO	NO	NO	UNIQUE_1TO1
P17174	1	1	1	1	NO	NO	NO	UNIQUE_1TO1
P17275	1	1	1	1	NO	NO	NO	UNIQUE_1TO1
P17301	1	1	1	1	NO	NO	NO	UNIQUE_1TO1
P17480;P17480-2	2	1	1	1	NO	NO	NO	UNIQUE_1TO1
P17535	1	1	1	1	NO	NO	NO	UNIQUE_1TO1
P17568	1	1	1	1	NO	NO	NO	UNIQUE_1TO1
P17612	1	1	1	0	NO	NO	YES	UNMAPPED
P17655	1	1	1	1	NO	NO	NO	UNIQUE_1TO1
P17661	1	1	1	1	NO	NO	NO	UNIQUE_1TO1
P17706;P17706-2;P17706-4	3	1	1	1	NO	NO	NO	UNIQUE_1TO1
P17812	1	1	1	1	NO	NO	NO	UNIQUE_1TO1
P17844	1	1	1	1	NO	NO	NO	UNIQUE_1TO1
P17858	1	1	1	1	NO	NO	NO	UNIQUE_1TO1
P17900	1	1	1	1	NO	NO	NO	UNIQUE_1TO1
P17931	1	1	1	1	NO	NO	NO	UNIQUE_1TO1
P17936;P17936-2	2	1	1	1	NO	NO	NO	UNIQUE_1TO1
P17980	1	1	1	1	NO	NO	NO	UNIQUE_1TO1
P17987	1	1	1	1	NO	NO	NO	UNIQUE_1TO1
P18031	1	1	1	1	NO	NO	NO	UNIQUE_1TO1
P18077	1	1	1	1	NO	NO	NO	UNIQUE_1TO1
P18084	1	1	1	1	NO	NO	NO	UNIQUE_1TO1
P18085	1	1	1	1	NO	NO	NO	UNIQUE_1TO1
P18124	1	1	1	1	NO	NO	NO	UNIQUE_1TO1
P18206;P18206-2	2	1	1	1	NO	NO	NO	UNIQUE_1TO1
P18283	1	1	1	1	NO	NO	NO	UNIQUE_1TO1
P18440	1	1	1	1	NO	NO	NO	UNIQUE_1TO1
P18510;P18510-2;P18510-3;P18510-4	4	1	1	1	NO	NO	NO	UNIQUE_1TO1
P18564;P18564-2	2	1	1	1	NO	NO	NO	UNIQUE_1TO1
P18583;P18583-5;P18583-7;P18583-9	4	1	1	1	NO	NO	NO	UNIQUE_1TO1
P18615;P18615-3	2	1	1	0	NO	NO	YES	UNMAPPED
P18621;P18621-3	2	1	1	1	NO	NO	NO	UNIQUE_1TO1
P18669	1	1	1	1	NO	NO	NO	UNIQUE_1TO1
P18754;P18754-2	2	1	1	1	NO	NO	NO	UNIQUE_1TO1
P18827	1	1	1	1	NO	NO	NO	UNIQUE_1TO1
P18858;P18858-3	2	1	1	1	NO	NO	NO	UNIQUE_1TO1
P18859;P18859-2	2	1	1	1	NO	NO	NO	UNIQUE_1TO1
P18887	1	1	1	1	NO	NO	NO	UNIQUE_1TO1
P19012	1	1	1	1	NO	NO	NO	UNIQUE_1TO1
P19013	1	1	1	1	NO	NO	NO	UNIQUE_1TO1
P19022;P19022-2	2	1	1	1	NO	NO	NO	UNIQUE_1TO1
P19256;P19256-2;P19256-3	3	1	1	1	NO	NO	NO	UNIQUE_1TO1
P19338	1	1	1	0	NO	NO	YES	UNMAPPED
P19367	1	1	1	1	NO	NO	NO	UNIQUE_1TO1
P19387	1	1	1	1	NO	NO	NO	UNIQUE_1TO1
P19388	1	1	1	1	NO	NO	NO	UNIQUE_1TO1
P19404	1	1	1	1	NO	NO	NO	UNIQUE_1TO1
P19447	1	1	1	1	NO	NO	NO	UNIQUE_1TO1
P19474;P19474-2	2	1	1	1	NO	NO	NO	UNIQUE_1TO1
P19525	1	1	1	1	NO	NO	NO	UNIQUE_1TO1
P19623	1	1	1	1	NO	NO	NO	UNIQUE_1TO1
P19634	1	1	1	1	NO	NO	NO	UNIQUE_1TO1
P19784	1	1	1	1	NO	NO	NO	UNIQUE_1TO1
P19793;P19793-2	2	1	1	1	NO	NO	NO	UNIQUE_1TO1
P19823	1	1	1	1	NO	NO	NO	UNIQUE_1TO1
P19838;P19838-2	2	1	1	1	NO	NO	NO	UNIQUE_1TO1
P19971;P19971-2	2	1	1	1	NO	NO	NO	UNIQUE_1TO1
P20020;P20020-1;P20020-4;P20020-6	4	1	1	1	NO	NO	NO	UNIQUE_1TO1
P20042	1	1	1	1	NO	NO	NO	UNIQUE_1TO1
P20073;P20073-2	2	1	1	1	NO	NO	NO	UNIQUE_1TO1
P20290	1	1	1	1	NO	NO	NO	UNIQUE_1TO1
P20290-2	1	1	1	1	NO	NO	NO	UNIQUE_1TO1
P20339;P20339-2	2	1	1	1	NO	NO	NO	UNIQUE_1TO1
P20340-2	1	1	1	1	NO	NO	NO	UNIQUE_1TO1
P20618	1	1	1	0	NO	NO	YES	UNMAPPED
P20645	1	1	1	1	NO	NO	NO	UNIQUE_1TO1
P20674	1	1	1	1	NO	NO	NO	UNIQUE_1TO1
P20700	1	1	1	1	NO	NO	NO	UNIQUE_1TO1
P20810;P20810-10;P20810-2;P20810-4;P20810-5;P20810-6;P20810-7;P20810-8;P20810-9	9	1	1	2	NO	NO	NO	PROTEIN_GROUP_MULTI_GENE
P20839;P20839-3;P20839-5;P20839-6;P20839-7	5	1	1	1	NO	NO	NO	UNIQUE_1TO1
P20936;P20936-2;P20936-4	3	1	1	1	NO	NO	NO	UNIQUE_1TO1
P20962	1	1	1	1	NO	NO	NO	UNIQUE_1TO1
P21127;P21127-10;P21127-12;P21127-2;P21127-3;P21127-4;P21127-5;P21127-6;P21127-8;P21127-9;Q9UQ88;Q9UQ88-10;Q9UQ88-2;Q9UQ88-3;Q9UQ88-4;Q9UQ88-5	16	2	2	2	NO	NO	NO	PROTEIN_GROUP_MULTI_GENE
P21266	1	1	1	1	NO	NO	NO	UNIQUE_1TO1
P21281	1	1	1	1	NO	NO	NO	UNIQUE_1TO1
P21283	1	1	1	1	NO	NO	NO	UNIQUE_1TO1
P21291	1	1	1	1	NO	NO	NO	UNIQUE_1TO1
P21333;P21333-2	2	1	1	1	NO	NO	NO	UNIQUE_1TO1
P21359;P21359-2;P21359-6	3	1	1	1	NO	NO	NO	UNIQUE_1TO1
P21397	1	1	1	1	NO	NO	NO	UNIQUE_1TO1
P21399	1	1	1	1	NO	NO	NO	UNIQUE_1TO1
P21583;P21583-2;P21583-3	3	1	1	1	NO	NO	NO	UNIQUE_1TO1
P21589;P21589-2	2	1	1	1	NO	NO	NO	UNIQUE_1TO1
P21741	1	1	1	1	NO	NO	NO	UNIQUE_1TO1
P21796	1	1	1	1	NO	NO	NO	UNIQUE_1TO1
P21912	1	1	1	1	NO	NO	NO	UNIQUE_1TO1
P21926	1	1	1	1	NO	NO	NO	UNIQUE_1TO1
P21953;P21953-2	2	1	1	1	NO	NO	NO	UNIQUE_1TO1
P21964;P21964-2	2	1	1	1	NO	NO	NO	UNIQUE_1TO1
P22033	1	1	1	1	NO	NO	NO	UNIQUE_1TO1
P22059	1	1	1	1	NO	NO	NO	UNIQUE_1TO1
P22061;P22061-2	2	1	1	1	NO	NO	NO	UNIQUE_1TO1
P22087	1	1	1	0	NO	NO	YES	UNMAPPED
P22102	1	1	1	0	NO	NO	YES	UNMAPPED
P22223	1	1	1	1	NO	NO	NO	UNIQUE_1TO1
P22234	1	1	1	1	NO	NO	NO	UNIQUE_1TO1
P22307;P22307-7;P22307-8	3	1	1	1	NO	NO	NO	UNIQUE_1TO1
P22314;P22314-2	2	1	1	1	NO	NO	NO	UNIQUE_1TO1
P22392-2	1	1	1	1	NO	NO	NO	UNIQUE_1TO1
P22528	1	1	1	1	NO	NO	NO	UNIQUE_1TO1
P22570;P22570-7	2	1	1	1	NO	NO	NO	UNIQUE_1TO1
P22626	1	1	1	1	NO	NO	NO	UNIQUE_1TO1
P22670	1	1	1	0	NO	NO	YES	UNMAPPED
P22681	1	1	1	1	NO	NO	NO	UNIQUE_1TO1
P22695	1	1	1	1	NO	NO	NO	UNIQUE_1TO1
P22830;P22830-2	2	1	1	1	NO	NO	NO	UNIQUE_1TO1
P23025	1	1	1	1	NO	NO	NO	UNIQUE_1TO1
P23193	1	1	1	1	NO	NO	NO	UNIQUE_1TO1
P23229-2;P23229-4;P23229-6;P23229-9	4	1	1	1	NO	NO	NO	UNIQUE_1TO1
P23246	1	1	1	1	NO	NO	NO	UNIQUE_1TO1
P23258	1	1	1	1	NO	NO	NO	UNIQUE_1TO1
P23284	1	1	1	1	NO	NO	NO	UNIQUE_1TO1
P23368	1	1	1	1	NO	NO	NO	UNIQUE_1TO1
P23381	1	1	1	1	NO	NO	NO	UNIQUE_1TO1
P23396	1	1	1	1	NO	NO	NO	UNIQUE_1TO1
P23434	1	1	1	0	NO	NO	YES	UNMAPPED
P23497	1	1	1	1	NO	NO	NO	UNIQUE_1TO1
P23526	1	1	1	1	NO	NO	NO	UNIQUE_1TO1
P23528	1	1	1	1	NO	NO	NO	UNIQUE_1TO1
P23588	1	1	1	1	NO	NO	NO	UNIQUE_1TO1
P23634;P23634-2;P23634-3;P23634-4;P23634-5;P23634-6;P23634-7;P23634-8	8	1	1	1	NO	NO	NO	UNIQUE_1TO1
P23743	1	1	1	1	NO	NO	NO	UNIQUE_1TO1
P23786	1	1	1	1	NO	NO	NO	UNIQUE_1TO1
P23919;P23919-2	2	1	1	1	NO	NO	NO	UNIQUE_1TO1
P23921	1	1	1	1	NO	NO	NO	UNIQUE_1TO1
P24534	1	1	1	0	NO	NO	YES	UNMAPPED
P24539	1	1	1	1	NO	NO	NO	UNIQUE_1TO1
P24592	1	1	1	1	NO	NO	NO	UNIQUE_1TO1
P24666	1	1	1	1	NO	NO	NO	UNIQUE_1TO1
P24752	1	1	1	1	NO	NO	NO	UNIQUE_1TO1
P24844	1	1	1	1	NO	NO	NO	UNIQUE_1TO1
P24928	1	1	1	0	NO	NO	YES	UNMAPPED
P24941;P24941-2	2	1	1	1	NO	NO	NO	UNIQUE_1TO1
P25098	1	1	1	1	NO	NO	NO	UNIQUE_1TO1
P25205	1	1	1	1	NO	NO	NO	UNIQUE_1TO1
P25325;P25325-2	2	1	1	1	NO	NO	NO	UNIQUE_1TO1
P25398	1	1	1	1	NO	NO	NO	UNIQUE_1TO1
P25440;P25440-2;P25440-3;P25440-4	4	1	1	0	NO	NO	YES	UNMAPPED
P25490	1	1	1	1	NO	NO	NO	UNIQUE_1TO1
P25685	1	1	1	1	NO	NO	NO	UNIQUE_1TO1
P25686;P25686-2	2	1	1	1	NO	NO	NO	UNIQUE_1TO1
P25705	1	1	1	1	NO	NO	NO	UNIQUE_1TO1
P25786;P25786-2	2	1	1	1	NO	NO	NO	UNIQUE_1TO1
P25787	1	1	1	1	NO	NO	NO	UNIQUE_1TO1
P25788;P25788-2	2	1	1	1	NO	NO	NO	UNIQUE_1TO1
P25789	1	1	1	1	NO	NO	NO	UNIQUE_1TO1
P25789-2	1	1	1	1	NO	NO	NO	UNIQUE_1TO1
P25815	1	1	1	1	NO	NO	NO	UNIQUE_1TO1
P26006	1	1	1	1	NO	NO	NO	UNIQUE_1TO1
P26038	1	1	1	1	NO	NO	NO	UNIQUE_1TO1
P26045;P26045-2;P26045-3	3	1	1	1	NO	NO	NO	UNIQUE_1TO1
P26196	1	1	1	1	NO	NO	NO	UNIQUE_1TO1
P26358;P26358-2	2	1	1	1	NO	NO	NO	UNIQUE_1TO1
P26368;P26368-2	2	1	1	1	NO	NO	NO	UNIQUE_1TO1
P26373	1	1	1	1	NO	NO	NO	UNIQUE_1TO1
P26440;P26440-2	2	1	1	1	NO	NO	NO	UNIQUE_1TO1
P26447	1	1	1	1	NO	NO	NO	UNIQUE_1TO1
P26572	1	1	1	1	NO	NO	NO	UNIQUE_1TO1
P26583	1	1	1	1	NO	NO	NO	UNIQUE_1TO1
P26599-1	1	1	1	1	NO	NO	NO	UNIQUE_1TO1
P26639	1	1	1	1	NO	NO	NO	UNIQUE_1TO1
P26640	1	1	1	0	NO	NO	YES	UNMAPPED
P26641	1	1	1	1	NO	NO	NO	UNIQUE_1TO1
P26885	1	1	1	1	NO	NO	NO	UNIQUE_1TO1
P27144	1	1	1	1	NO	NO	NO	UNIQUE_1TO1
P27348	1	1	1	1	NO	NO	NO	UNIQUE_1TO1
P27361	1	1	1	1	NO	NO	NO	UNIQUE_1TO1
P27448;P27448-2;P27448-3;P27448-4	4	1	1	1	NO	NO	NO	UNIQUE_1TO1
P27449	1	1	1	1	NO	NO	NO	UNIQUE_1TO1
P27540;P27540-2;P27540-3;P27540-4	4	1	1	1	NO	NO	NO	UNIQUE_1TO1
P27635	1	1	1	1	NO	NO	NO	UNIQUE_1TO1
P27694	1	1	1	1	NO	NO	NO	UNIQUE_1TO1
P27695	1	1	1	0	NO	NO	YES	UNMAPPED
P27707	1	1	1	1	NO	NO	NO	UNIQUE_1TO1
P27708	1	1	1	1	NO	NO	NO	UNIQUE_1TO1
P27797	1	1	1	1	NO	NO	NO	UNIQUE_1TO1
P27816;P27816-6	2	1	1	1	NO	NO	NO	UNIQUE_1TO1
P27824;P27824-2	2	1	1	0	NO	NO	YES	UNMAPPED
P28062;P28062-2	2	1	1	0	NO	NO	YES	UNMAPPED
P28065;P28065-2	2	1	1	0	NO	NO	YES	UNMAPPED
P28066	1	1	1	1	NO	NO	NO	UNIQUE_1TO1
P28070	1	1	1	1	NO	NO	NO	UNIQUE_1TO1
P28072	1	1	1	1	NO	NO	NO	UNIQUE_1TO1
P28074	1	1	1	1	NO	NO	NO	UNIQUE_1TO1
P28288	1	1	1	1	NO	NO	NO	UNIQUE_1TO1
P28325	1	1	1	1	NO	NO	NO	UNIQUE_1TO1
P28331;P28331-2;P28331-4	3	1	1	0	NO	NO	YES	UNMAPPED
P28340	1	1	1	1	NO	NO	NO	UNIQUE_1TO1
P28347;P28347-2	2	1	1	1	NO	NO	NO	UNIQUE_1TO1
P28370;P28370-2	2	1	1	1	NO	NO	NO	UNIQUE_1TO1
P28482	1	1	1	1	NO	NO	NO	UNIQUE_1TO1
P28702;P28702-3	2	1	1	0	NO	NO	YES	UNMAPPED
P28715	1	1	1	1	NO	NO	NO	UNIQUE_1TO1
P28799;P28799-2	2	1	1	1	NO	NO	NO	UNIQUE_1TO1
P28838;P28838-2	2	1	1	1	NO	NO	NO	UNIQUE_1TO1
P29034	1	1	1	1	NO	NO	NO	UNIQUE_1TO1
P29083	1	1	1	1	NO	NO	NO	UNIQUE_1TO1
P29084	1	1	1	1	NO	NO	NO	UNIQUE_1TO1
P29144	1	1	1	1	NO	NO	NO	UNIQUE_1TO1
P29218;P29218-3	2	1	1	1	NO	NO	NO	UNIQUE_1TO1
P29323;P29323-2;P29323-3	3	1	1	1	NO	NO	NO	UNIQUE_1TO1
P29350;P29350-2;P29350-3;P29350-4	4	1	1	1	NO	NO	NO	UNIQUE_1TO1
P29353;P29353-2;P29353-3;P29353-5;P29353-6;P29353-7	6	1	1	1	NO	NO	NO	UNIQUE_1TO1
P29372;P29372-2;P29372-4;P29372-5	4	1	1	1	NO	NO	NO	UNIQUE_1TO1
P29373	1	1	1	1	NO	NO	NO	UNIQUE_1TO1
P29401;P29401-2	2	1	1	1	NO	NO	NO	UNIQUE_1TO1
P29466;P29466-2	2	1	1	1	NO	NO	NO	UNIQUE_1TO1
P29508;P29508-2	2	1	1	1	NO	NO	NO	UNIQUE_1TO1
P29558;P29558-2	2	1	1	1	NO	NO	NO	UNIQUE_1TO1
P29590	1	1	1	1	NO	NO	NO	UNIQUE_1TO1
P29692	1	1	1	0	NO	NO	YES	UNMAPPED
P29692-3	1	1	1	0	NO	NO	YES	UNMAPPED
P29966	1	1	1	1	NO	NO	NO	UNIQUE_1TO1
P29992	1	1	1	1	NO	NO	NO	UNIQUE_1TO1
P30038	1	1	1	1	NO	NO	NO	UNIQUE_1TO1
P30040	1	1	1	1	NO	NO	NO	UNIQUE_1TO1
P30041	1	1	1	1	NO	NO	NO	UNIQUE_1TO1
P30043	1	1	1	1	NO	NO	NO	UNIQUE_1TO1
P30044-2	1	1	1	1	NO	NO	NO	UNIQUE_1TO1
P30046	1	1	1	0	NO	NO	YES	UNMAPPED
P30048;P30048-2	2	1	1	1	NO	NO	NO	UNIQUE_1TO1
P30049	1	1	1	1	NO	NO	NO	UNIQUE_1TO1
P30050	1	1	1	1	NO	NO	NO	UNIQUE_1TO1
P30084	1	1	1	1	NO	NO	NO	UNIQUE_1TO1
P30085	1	1	1	1	NO	NO	NO	UNIQUE_1TO1
P30086	1	1	1	1	NO	NO	NO	UNIQUE_1TO1
P30101	1	1	1	1	NO	NO	NO	UNIQUE_1TO1
P30153	1	1	1	1	NO	NO	NO	UNIQUE_1TO1
P30154;P30154-2;P30154-4	3	1	1	1	NO	NO	NO	UNIQUE_1TO1
P30260;P30260-2	2	1	1	1	NO	NO	NO	UNIQUE_1TO1
P30405	1	1	1	1	NO	NO	NO	UNIQUE_1TO1
P30419	1	1	1	1	NO	NO	NO	UNIQUE_1TO1
P30511;P30511-3	2	1	1	0	NO	NO	YES	UNMAPPED
P30519	1	1	1	0	NO	NO	YES	UNMAPPED
P30520	1	1	1	1	NO	NO	NO	UNIQUE_1TO1
P30533	1	1	1	1	NO	NO	NO	UNIQUE_1TO1
P30536	1	1	1	1	NO	NO	NO	UNIQUE_1TO1
P30566	1	1	1	1	NO	NO	NO	UNIQUE_1TO1
P30622;P30622-1;P30622-2	3	1	1	1	NO	NO	NO	UNIQUE_1TO1
P30626;P30626-2	2	1	1	1	NO	NO	NO	UNIQUE_1TO1
P30679	1	1	1	1	NO	NO	NO	UNIQUE_1TO1
P30740	1	1	1	1	NO	NO	NO	UNIQUE_1TO1
P30825	1	1	1	1	NO	NO	NO	UNIQUE_1TO1
P30837	1	1	1	1	NO	NO	NO	UNIQUE_1TO1
P30838	1	1	1	1	NO	NO	NO	UNIQUE_1TO1
P30876	1	1	1	1	NO	NO	NO	UNIQUE_1TO1
P31040	1	1	1	1	NO	NO	NO	UNIQUE_1TO1
P31040-2	1	1	1	1	NO	NO	NO	UNIQUE_1TO1
P31146	1	1	1	1	NO	NO	NO	UNIQUE_1TO1
P31150	1	1	1	1	NO	NO	NO	UNIQUE_1TO1
P31151;Q86SG5	2	2	2	2	NO	NO	NO	PROTEIN_GROUP_MULTI_GENE
P31153	1	1	1	1	NO	NO	NO	UNIQUE_1TO1
P31321	1	1	1	1	NO	NO	NO	UNIQUE_1TO1
P31327;P31327-2;P31327-3	3	1	1	1	NO	NO	NO	UNIQUE_1TO1
P31350;P31350-2	2	1	1	1	NO	NO	NO	UNIQUE_1TO1
P31431;P31431-2	2	1	1	1	NO	NO	NO	UNIQUE_1TO1
P31483	1	1	1	1	NO	NO	NO	UNIQUE_1TO1
P31689	1	1	1	1	NO	NO	NO	UNIQUE_1TO1
P31749	1	1	1	1	NO	NO	NO	UNIQUE_1TO1
P31930	1	1	1	1	NO	NO	NO	UNIQUE_1TO1
P31937	1	1	1	1	NO	NO	NO	UNIQUE_1TO1
P31939	1	1	1	1	NO	NO	NO	UNIQUE_1TO1
P31942;P31942-3	2	1	1	1	NO	NO	NO	UNIQUE_1TO1
P31943	1	1	1	0	NO	NO	YES	UNMAPPED
P31946	1	1	1	1	NO	NO	NO	UNIQUE_1TO1
P31946-2	1	1	1	1	NO	NO	NO	UNIQUE_1TO1
P31947	1	1	1	1	NO	NO	NO	UNIQUE_1TO1
P31948	1	1	1	1	NO	NO	NO	UNIQUE_1TO1
P31949	1	1	1	1	NO	NO	NO	UNIQUE_1TO1
P32119	1	1	1	1	NO	NO	NO	UNIQUE_1TO1
P32121;P32121-2;P32121-3;P32121-4;P32121-5	5	1	1	1	NO	NO	NO	UNIQUE_1TO1
P32320	1	1	1	1	NO	NO	NO	UNIQUE_1TO1
P32321;P32321-2	2	1	1	1	NO	NO	NO	UNIQUE_1TO1
P32519;P32519-2	2	1	1	1	NO	NO	NO	UNIQUE_1TO1
P32926	1	1	1	1	NO	NO	NO	UNIQUE_1TO1
P32929	1	1	1	1	NO	NO	NO	UNIQUE_1TO1
P32969	1	1	1	1	NO	NO	NO	UNIQUE_1TO1
P32970	1	1	1	1	NO	NO	NO	UNIQUE_1TO1
P33176	1	1	1	1	NO	NO	NO	UNIQUE_1TO1
P33240;P33240-2	2	1	1	1	NO	NO	NO	UNIQUE_1TO1
P33316	1	1	1	1	NO	NO	NO	UNIQUE_1TO1
P33527;P33527-3;P33527-4;P33527-7	4	1	1	0	NO	NO	YES	UNMAPPED
P33552	1	1	1	1	NO	NO	NO	UNIQUE_1TO1
P33991	1	1	1	1	NO	NO	NO	UNIQUE_1TO1
P33992	1	1	1	1	NO	NO	NO	UNIQUE_1TO1
P33993	1	1	1	1	NO	NO	NO	UNIQUE_1TO1
P34896;P34896-2	2	1	1	0	NO	NO	YES	UNMAPPED
P34897;P34897-3	2	1	1	1	NO	NO	NO	UNIQUE_1TO1
P34913;P34913-2;P34913-3	3	1	1	1	NO	NO	NO	UNIQUE_1TO1
P34932	1	1	1	1	NO	NO	NO	UNIQUE_1TO1
P34949	1	1	1	1	NO	NO	NO	UNIQUE_1TO1
P35052	1	1	1	1	NO	NO	NO	UNIQUE_1TO1
P35221	1	1	1	1	NO	NO	NO	UNIQUE_1TO1
P35222	1	1	1	1	NO	NO	NO	UNIQUE_1TO1
P35232	1	1	1	1	NO	NO	NO	UNIQUE_1TO1
P35237	1	1	1	1	NO	NO	NO	UNIQUE_1TO1
P35241	1	1	1	1	NO	NO	NO	UNIQUE_1TO1
P35244	1	1	1	1	NO	NO	NO	UNIQUE_1TO1
P35249;P35249-2	2	1	1	1	NO	NO	NO	UNIQUE_1TO1
P35250	1	1	1	1	NO	NO	NO	UNIQUE_1TO1
P35251;P35251-2	2	1	1	1	NO	NO	NO	UNIQUE_1TO1
P35268	1	1	1	1	NO	NO	NO	UNIQUE_1TO1
P35269	1	1	1	1	NO	NO	NO	UNIQUE_1TO1
P35270	1	1	1	1	NO	NO	NO	UNIQUE_1TO1
P35321	1	1	1	1	NO	NO	NO	UNIQUE_1TO1
P35527	1	1	1	1	NO	NO	NO	UNIQUE_1TO1
P35573	1	1	1	1	NO	NO	NO	UNIQUE_1TO1
P35579	1	1	1	1	NO	NO	NO	UNIQUE_1TO1
P35580;P35580-2;P35580-3;P35580-4;P35580-5	5	1	1	1	NO	NO	NO	UNIQUE_1TO1
P35606;P35606-2	2	1	1	1	NO	NO	NO	UNIQUE_1TO1
P35611;P35611-2;P35611-3;P35611-6	4	1	1	1	NO	NO	NO	UNIQUE_1TO1
P35613;P35613-2	2	1	1	1	NO	NO	NO	UNIQUE_1TO1
P35637;P35637-2	2	1	1	1	NO	NO	NO	UNIQUE_1TO1
P35658;P35658-2;P35658-3;P35658-4	4	1	1	1	NO	NO	NO	UNIQUE_1TO1
P35659	1	1	1	1	NO	NO	NO	UNIQUE_1TO1
P35813;P35813-2;P35813-3	3	1	1	1	NO	NO	NO	UNIQUE_1TO1
P35869	1	1	1	1	NO	NO	NO	UNIQUE_1TO1
P35914	1	1	1	1	NO	NO	NO	UNIQUE_1TO1
P35998	1	1	1	1	NO	NO	NO	UNIQUE_1TO1
P36404	1	1	1	1	NO	NO	NO	UNIQUE_1TO1
P36405	1	1	1	1	NO	NO	NO	UNIQUE_1TO1
P36507	1	1	1	1	NO	NO	NO	UNIQUE_1TO1
P36542	1	1	1	1	NO	NO	NO	UNIQUE_1TO1
P36543;P36543-2	2	1	1	1	NO	NO	NO	UNIQUE_1TO1
P36551	1	1	1	1	NO	NO	NO	UNIQUE_1TO1
P36578	1	1	1	1	NO	NO	NO	UNIQUE_1TO1
P36639;P36639-1;P36639-2;P36639-3	4	1	1	1	NO	NO	NO	UNIQUE_1TO1
P36776;P36776-2	2	1	1	1	NO	NO	NO	UNIQUE_1TO1
P36871	1	1	1	1	NO	NO	NO	UNIQUE_1TO1
P36873;P36873-2	2	1	1	1	NO	NO	NO	UNIQUE_1TO1
P36897;P36897-2;P36897-3	3	1	1	1	NO	NO	NO	UNIQUE_1TO1
P36915	1	1	1	0	NO	NO	YES	UNMAPPED
P36952	1	1	1	1	NO	NO	NO	UNIQUE_1TO1
P36957	1	1	1	1	NO	NO	NO	UNIQUE_1TO1
P36969;P36969-2	2	1	1	1	NO	NO	NO	UNIQUE_1TO1
P37108	1	1	1	1	NO	NO	NO	UNIQUE_1TO1
P37198	1	1	1	1	NO	NO	NO	UNIQUE_1TO1
P37268	1	1	1	0	NO	NO	YES	UNMAPPED
P37802	1	1	1	1	NO	NO	NO	UNIQUE_1TO1
P37837;P37837-2	2	1	1	1	NO	NO	NO	UNIQUE_1TO1
P37840;P37840-2;P37840-3	3	1	1	1	NO	NO	NO	UNIQUE_1TO1
P38117;P38117-2	2	1	1	1	NO	NO	NO	UNIQUE_1TO1
P38159	1	1	1	1	NO	NO	NO	UNIQUE_1TO1
P38432	1	1	1	1	NO	NO	NO	UNIQUE_1TO1
P38435;P38435-2	2	1	1	1	NO	NO	NO	UNIQUE_1TO1
P38571;P38571-2	2	1	1	1	NO	NO	NO	UNIQUE_1TO1
P38606	1	1	1	1	NO	NO	NO	UNIQUE_1TO1
P38646	1	1	1	1	NO	NO	NO	UNIQUE_1TO1
P38919	1	1	1	0	NO	NO	YES	UNMAPPED
P39019	1	1	1	1	NO	NO	NO	UNIQUE_1TO1
P39023	1	1	1	1	NO	NO	NO	UNIQUE_1TO1
P39210	1	1	1	1	NO	NO	NO	UNIQUE_1TO1
P39656;P39656-3	2	1	1	1	NO	NO	NO	UNIQUE_1TO1
P39687	1	1	1	1	NO	NO	NO	UNIQUE_1TO1
P39748	1	1	1	1	NO	NO	NO	UNIQUE_1TO1
P39880;P39880-2;P39880-3	3	1	1	1	NO	NO	NO	UNIQUE_1TO1
P40121	1	1	1	1	NO	NO	NO	UNIQUE_1TO1
P40222	1	1	1	1	NO	NO	NO	UNIQUE_1TO1
P40227	1	1	1	1	NO	NO	NO	UNIQUE_1TO1
P40261	1	1	1	1	NO	NO	NO	UNIQUE_1TO1
P40306	1	1	1	1	NO	NO	NO	UNIQUE_1TO1
P40424;P40424-2;P40424-3	3	1	1	1	NO	NO	NO	UNIQUE_1TO1
P40429	1	1	1	1	NO	NO	NO	UNIQUE_1TO1
P40616;P40616-2	2	1	1	1	NO	NO	NO	UNIQUE_1TO1
P40692;P40692-2;P40692-3	3	1	1	1	NO	NO	NO	UNIQUE_1TO1
P40763-2	1	1	1	1	NO	NO	NO	UNIQUE_1TO1
P40763;P40763-3	2	1	1	1	NO	NO	NO	UNIQUE_1TO1
P40818	1	1	1	1	NO	NO	NO	UNIQUE_1TO1
P40855	1	1	1	1	NO	NO	NO	UNIQUE_1TO1
P40925;P40925-3	2	1	1	1	NO	NO	NO	UNIQUE_1TO1
P40926	1	1	1	1	NO	NO	NO	UNIQUE_1TO1
P40937	1	1	1	1	NO	NO	NO	UNIQUE_1TO1
P40938;P40938-2	2	1	1	1	NO	NO	NO	UNIQUE_1TO1
P40939	1	1	1	1	NO	NO	NO	UNIQUE_1TO1
P41091	1	1	1	1	NO	NO	NO	UNIQUE_1TO1
P41134;P41134-2	2	1	1	1	NO	NO	NO	UNIQUE_1TO1
P41208	1	1	1	0	NO	NO	YES	UNMAPPED
P41212	1	1	1	1	NO	NO	NO	UNIQUE_1TO1
P41214	1	1	1	1	NO	NO	NO	UNIQUE_1TO1
P41223;P41223-2	2	1	1	1	NO	NO	NO	UNIQUE_1TO1
P41227	1	1	1	1	NO	NO	NO	UNIQUE_1TO1
P41229;P41229-2;P41229-3;P41229-4;P41229-5	5	1	1	1	NO	NO	NO	UNIQUE_1TO1
P41236	1	1	1	1	NO	NO	NO	UNIQUE_1TO1
P41240	1	1	1	1	NO	NO	NO	UNIQUE_1TO1
P41250	1	1	1	1	NO	NO	NO	UNIQUE_1TO1
P41250-2	1	1	1	1	NO	NO	NO	UNIQUE_1TO1
P41252	1	1	1	0	NO	NO	YES	UNMAPPED
P41567	1	1	1	1	NO	NO	NO	UNIQUE_1TO1
P41743	1	1	1	1	NO	NO	NO	UNIQUE_1TO1
P42126	1	1	1	1	NO	NO	NO	UNIQUE_1TO1
P42166	1	1	1	1	NO	NO	NO	UNIQUE_1TO1
P42167	1	1	1	1	NO	NO	NO	UNIQUE_1TO1
P42224	1	1	1	1	NO	NO	NO	UNIQUE_1TO1
P42226	1	1	1	1	NO	NO	NO	UNIQUE_1TO1
P42285	1	1	1	1	NO	NO	NO	UNIQUE_1TO1
P42330	1	1	1	1	NO	NO	NO	UNIQUE_1TO1
P42345	1	1	1	1	NO	NO	NO	UNIQUE_1TO1
P42566	1	1	1	1	NO	NO	NO	UNIQUE_1TO1
P42574	1	1	1	1	NO	NO	NO	UNIQUE_1TO1
P42677	1	1	1	1	NO	NO	NO	UNIQUE_1TO1
P42681	1	1	1	1	NO	NO	NO	UNIQUE_1TO1
P42694	1	1	1	1	NO	NO	NO	UNIQUE_1TO1
P42695	1	1	1	1	NO	NO	NO	UNIQUE_1TO1
P42696;P42696-2	2	1	1	1	NO	NO	NO	UNIQUE_1TO1
P42704	1	1	1	1	NO	NO	NO	UNIQUE_1TO1
P42766	1	1	1	1	NO	NO	NO	UNIQUE_1TO1
P42772	1	1	1	1	NO	NO	NO	UNIQUE_1TO1
P42858	1	1	1	1	NO	NO	NO	UNIQUE_1TO1
P42892;P42892-2;P42892-3;P42892-4	4	1	1	1	NO	NO	NO	UNIQUE_1TO1
P43003;P43003-2	2	1	1	1	NO	NO	NO	UNIQUE_1TO1
P43007	1	1	1	1	NO	NO	NO	UNIQUE_1TO1
P43034	1	1	1	1	NO	NO	NO	UNIQUE_1TO1
P43243	1	1	1	1	NO	NO	NO	UNIQUE_1TO1
P43246	1	1	1	1	NO	NO	NO	UNIQUE_1TO1
P43304	1	1	1	1	NO	NO	NO	UNIQUE_1TO1
P43307	1	1	1	1	NO	NO	NO	UNIQUE_1TO1
P43353;P43353-2	2	1	1	1	NO	NO	NO	UNIQUE_1TO1
P43405	1	1	1	1	NO	NO	NO	UNIQUE_1TO1
P43487;P43487-2	2	1	1	1	NO	NO	NO	UNIQUE_1TO1
P43490	1	1	1	1	NO	NO	NO	UNIQUE_1TO1
P43686	1	1	1	0	NO	NO	YES	UNMAPPED
P43897	1	1	1	1	NO	NO	NO	UNIQUE_1TO1
P45877	1	1	1	1	NO	NO	NO	UNIQUE_1TO1
P45880	1	1	1	1	NO	NO	NO	UNIQUE_1TO1
P45954;P45954-2	2	1	1	1	NO	NO	NO	UNIQUE_1TO1
P45973	1	1	1	1	NO	NO	NO	UNIQUE_1TO1
P45974;P45974-2	2	1	1	1	NO	NO	NO	UNIQUE_1TO1
P45983;P45983-2;P45983-3;P45983-4;P45983-5;P45984;P45984-2;P45984-3;P45984-4;P45984-5;P53779;P53779-2;P53779-3	13	3	3	3	NO	NO	NO	PROTEIN_GROUP_MULTI_GENE
P45985;P45985-2	2	1	1	1	NO	NO	NO	UNIQUE_1TO1
P46013	1	1	1	1	NO	NO	NO	UNIQUE_1TO1
P46013-2	1	1	1	1	NO	NO	NO	UNIQUE_1TO1
P46060	1	1	1	1	NO	NO	NO	UNIQUE_1TO1
P46063	1	1	1	1	NO	NO	NO	UNIQUE_1TO1
P46087;P46087-2;P46087-4	3	1	1	1	NO	NO	NO	UNIQUE_1TO1
P46100;P46100-2;P46100-3;P46100-4;P46100-5	5	1	1	1	NO	NO	NO	UNIQUE_1TO1
P46108	1	1	1	1	NO	NO	NO	UNIQUE_1TO1
P46109	1	1	1	1	NO	NO	NO	UNIQUE_1TO1
P46199	1	1	1	1	NO	NO	NO	UNIQUE_1TO1
P46379;P46379-2;P46379-3	3	1	1	0	NO	NO	YES	UNMAPPED
P46459	1	1	1	0	NO	NO	YES	UNMAPPED
P46527	1	1	1	1	NO	NO	NO	UNIQUE_1TO1
P46734	1	1	1	1	NO	NO	NO	UNIQUE_1TO1
P46736;P46736-2;P46736-3	3	1	1	1	NO	NO	NO	UNIQUE_1TO1
P46776	1	1	1	1	NO	NO	NO	UNIQUE_1TO1
P46777	1	1	1	1	NO	NO	NO	UNIQUE_1TO1
P46778	1	1	1	1	NO	NO	NO	UNIQUE_1TO1
P46779;P46779-2;P46779-3	3	1	1	1	NO	NO	NO	UNIQUE_1TO1
P46781	1	1	1	0	NO	NO	YES	UNMAPPED
P46782	1	1	1	1	NO	NO	NO	UNIQUE_1TO1
P46783	1	1	1	1	NO	NO	NO	UNIQUE_1TO1
P46926	1	1	1	1	NO	NO	NO	UNIQUE_1TO1
P46934-4	1	1	1	1	NO	NO	NO	UNIQUE_1TO1
P46937;P46937-2;P46937-3;P46937-5;P46937-6;P46937-7;P46937-8;P46937-9	8	1	1	1	NO	NO	NO	UNIQUE_1TO1
P46939;P46939-2	2	1	1	1	NO	NO	NO	UNIQUE_1TO1
P46940	1	1	1	1	NO	NO	NO	UNIQUE_1TO1
P46976;P46976-2	2	1	1	1	NO	NO	NO	UNIQUE_1TO1
P46977	1	1	1	1	NO	NO	NO	UNIQUE_1TO1
P47224	1	1	1	1	NO	NO	NO	UNIQUE_1TO1
P47755	1	1	1	1	NO	NO	NO	UNIQUE_1TO1
P47756	1	1	1	1	NO	NO	NO	UNIQUE_1TO1
P47813	1	1	1	1	NO	NO	NO	UNIQUE_1TO1
P47895	1	1	1	1	NO	NO	NO	UNIQUE_1TO1
P47897	1	1	1	1	NO	NO	NO	UNIQUE_1TO1
P47914	1	1	1	1	NO	NO	NO	UNIQUE_1TO1
P47929	1	1	1	0	NO	NO	YES	UNMAPPED
P47985	1	1	1	1	NO	NO	NO	UNIQUE_1TO1
P48047	1	1	1	1	NO	NO	NO	UNIQUE_1TO1
P48059;P48059-2;P48059-3;P48059-4;P48059-5	5	1	1	1	NO	NO	NO	UNIQUE_1TO1
P48147	1	1	1	1	NO	NO	NO	UNIQUE_1TO1
P48163	1	1	1	1	NO	NO	NO	UNIQUE_1TO1
P48200;P48200-2	2	1	1	1	NO	NO	NO	UNIQUE_1TO1
P48426;P48426-2	2	1	1	1	NO	NO	NO	UNIQUE_1TO1
P48444	1	1	1	1	NO	NO	NO	UNIQUE_1TO1
P48449;P48449-3	2	1	1	0	NO	NO	YES	UNMAPPED
P48506	1	1	1	1	NO	NO	NO	UNIQUE_1TO1
P48507	1	1	1	1	NO	NO	NO	UNIQUE_1TO1
P48509	1	1	1	1	NO	NO	NO	UNIQUE_1TO1
P48556	1	1	1	1	NO	NO	NO	UNIQUE_1TO1
P48634	1	1	1	0	NO	NO	YES	UNMAPPED
P48637	1	1	1	1	NO	NO	NO	UNIQUE_1TO1
P48643	1	1	1	1	NO	NO	NO	UNIQUE_1TO1
P48645	1	1	1	1	NO	NO	NO	UNIQUE_1TO1
P48723	1	1	1	1	NO	NO	NO	UNIQUE_1TO1
P48729-3	1	1	1	1	NO	NO	NO	UNIQUE_1TO1
P48730;P48730-2	2	1	1	1	NO	NO	NO	UNIQUE_1TO1
P48735;P48735-2	2	1	1	1	NO	NO	NO	UNIQUE_1TO1
P48739;P48739-3	2	1	1	1	NO	NO	NO	UNIQUE_1TO1
P48960;P48960-2;P48960-3	3	1	1	1	NO	NO	NO	UNIQUE_1TO1
P49005	1	1	1	1	NO	NO	NO	UNIQUE_1TO1
P49006	1	1	1	1	NO	NO	NO	UNIQUE_1TO1
P49023;P49023-2;P49023-3	3	1	1	1	NO	NO	NO	UNIQUE_1TO1
P49069	1	1	1	1	NO	NO	NO	UNIQUE_1TO1
P49189	1	1	1	1	NO	NO	NO	UNIQUE_1TO1
P49207	1	1	1	1	NO	NO	NO	UNIQUE_1TO1
P49247	1	1	1	1	NO	NO	NO	UNIQUE_1TO1
P49257	1	1	1	1	NO	NO	NO	UNIQUE_1TO1
P49321;P49321-3	2	1	1	1	NO	NO	NO	UNIQUE_1TO1
P49327	1	1	1	1	NO	NO	NO	UNIQUE_1TO1
P49354;P49354-2	2	1	1	1	NO	NO	NO	UNIQUE_1TO1
P49366;P49366-2	2	1	1	1	NO	NO	NO	UNIQUE_1TO1
P49368	1	1	1	1	NO	NO	NO	UNIQUE_1TO1
P49406	1	1	1	1	NO	NO	NO	UNIQUE_1TO1
P49407;P49407-2	2	1	1	1	NO	NO	NO	UNIQUE_1TO1
P49411	1	1	1	1	NO	NO	NO	UNIQUE_1TO1
P49419-2	1	1	1	1	NO	NO	NO	UNIQUE_1TO1
P49441	1	1	1	1	NO	NO	NO	UNIQUE_1TO1
P49454	1	1	1	1	NO	NO	NO	UNIQUE_1TO1
P49458	1	1	1	1	NO	NO	NO	UNIQUE_1TO1
P49459;P49459-3	2	1	1	1	NO	NO	NO	UNIQUE_1TO1
P49585	1	1	1	1	NO	NO	NO	UNIQUE_1TO1
P49588	1	1	1	1	NO	NO	NO	UNIQUE_1TO1
P49589;P49589-2;P49589-3	3	1	1	0	NO	NO	YES	UNMAPPED
P49590;P49590-2	2	1	1	1	NO	NO	NO	UNIQUE_1TO1
P49591	1	1	1	1	NO	NO	NO	UNIQUE_1TO1
P49593	1	1	1	1	NO	NO	NO	UNIQUE_1TO1
P49711;P49711-2	2	1	1	1	NO	NO	NO	UNIQUE_1TO1
P49716	1	1	1	1	NO	NO	NO	UNIQUE_1TO1
P49720	1	1	1	0	NO	NO	YES	UNMAPPED
P49721	1	1	1	1	NO	NO	NO	UNIQUE_1TO1
P49736	1	1	1	1	NO	NO	NO	UNIQUE_1TO1
P49748;P49748-2;P49748-3	3	1	1	1	NO	NO	NO	UNIQUE_1TO1
P49750;P49750-1;P49750-3	3	1	1	1	NO	NO	NO	UNIQUE_1TO1
P49755	1	1	1	1	NO	NO	NO	UNIQUE_1TO1
P49756	1	1	1	1	NO	NO	NO	UNIQUE_1TO1
P49757;P49757-2;P49757-3;P49757-4;P49757-5;P49757-6;P49757-7;P49757-8	8	1	1	1	NO	NO	NO	UNIQUE_1TO1
P49768;P49768-2;P49768-7	3	1	1	1	NO	NO	NO	UNIQUE_1TO1
P49770	1	1	1	1	NO	NO	NO	UNIQUE_1TO1
P49773	1	1	1	1	NO	NO	NO	UNIQUE_1TO1
P49790;P49790-2	2	1	1	1	NO	NO	NO	UNIQUE_1TO1
P49792	1	1	1	1	NO	NO	NO	UNIQUE_1TO1
P49815;P49815-2;P49815-3;P49815-4;P49815-5;P49815-6	6	1	1	1	NO	NO	NO	UNIQUE_1TO1
P49821;P49821-2	2	1	1	1	NO	NO	NO	UNIQUE_1TO1
P49840	1	1	1	1	NO	NO	NO	UNIQUE_1TO1
P49841;P49841-2	2	1	1	1	NO	NO	NO	UNIQUE_1TO1
P49902	1	1	1	1	NO	NO	NO	UNIQUE_1TO1
P49903	1	1	1	1	NO	NO	NO	UNIQUE_1TO1
P49915	1	1	1	1	NO	NO	NO	UNIQUE_1TO1
P49916;P49916-3	2	1	1	1	NO	NO	NO	UNIQUE_1TO1
P49959;P49959-2	2	1	1	1	NO	NO	NO	UNIQUE_1TO1
P50148	1	1	1	1	NO	NO	NO	UNIQUE_1TO1
P50213	1	1	1	1	NO	NO	NO	UNIQUE_1TO1
P50238	1	1	1	1	NO	NO	NO	UNIQUE_1TO1
P50281	1	1	1	1	NO	NO	NO	UNIQUE_1TO1
P50336	1	1	1	1	NO	NO	NO	UNIQUE_1TO1
P50395	1	1	1	1	NO	NO	NO	UNIQUE_1TO1
P50402	1	1	1	1	NO	NO	NO	UNIQUE_1TO1
P50416;P50416-2	2	1	1	1	NO	NO	NO	UNIQUE_1TO1
P50452	1	1	1	1	NO	NO	NO	UNIQUE_1TO1
P50454	1	1	1	1	NO	NO	NO	UNIQUE_1TO1
P50479	1	1	1	1	NO	NO	NO	UNIQUE_1TO1
P50502	1	1	1	1	NO	NO	NO	UNIQUE_1TO1
P50542;P50542-3;P50542-4	3	1	1	0	NO	NO	YES	UNMAPPED
P50552	1	1	1	1	NO	NO	NO	UNIQUE_1TO1
P50570;P50570-5	2	1	1	1	NO	NO	NO	UNIQUE_1TO1
P50579	1	1	1	1	NO	NO	NO	UNIQUE_1TO1
P50579-2	1	1	1	1	NO	NO	NO	UNIQUE_1TO1
P50583	1	1	1	1	NO	NO	NO	UNIQUE_1TO1
P50748	1	1	1	1	NO	NO	NO	UNIQUE_1TO1
P50750;P50750-2	2	1	1	1	NO	NO	NO	UNIQUE_1TO1
P50851	1	1	1	1	NO	NO	NO	UNIQUE_1TO1
P50851-2	1	1	1	1	NO	NO	NO	UNIQUE_1TO1
P50895	1	1	1	1	NO	NO	NO	UNIQUE_1TO1
P50897	1	1	1	1	NO	NO	NO	UNIQUE_1TO1
P50914	1	1	1	1	NO	NO	NO	UNIQUE_1TO1
P50990	1	1	1	0	NO	NO	YES	UNMAPPED
P50991	1	1	1	1	NO	NO	NO	UNIQUE_1TO1
P50995;P50995-2	2	1	1	1	NO	NO	NO	UNIQUE_1TO1
P51003;P51003-2	2	1	1	1	NO	NO	NO	UNIQUE_1TO1
P51114	1	1	1	1	NO	NO	NO	UNIQUE_1TO1
P51114-2	1	1	1	1	NO	NO	NO	UNIQUE_1TO1
P51116	1	1	1	1	NO	NO	NO	UNIQUE_1TO1
P51148;P51148-2	2	1	1	1	NO	NO	NO	UNIQUE_1TO1
P51149	1	1	1	1	NO	NO	NO	UNIQUE_1TO1
P51153	1	1	1	1	NO	NO	NO	UNIQUE_1TO1
P51398;P51398-2;P51398-3	3	1	1	1	NO	NO	NO	UNIQUE_1TO1
P51452;P51452-2	2	1	1	1	NO	NO	NO	UNIQUE_1TO1
P51532-2;P51532-3;P51532-4;P51532-5	4	1	1	1	NO	NO	NO	UNIQUE_1TO1
P51553	1	1	1	1	NO	NO	NO	UNIQUE_1TO1
P51570	1	1	1	1	NO	NO	NO	UNIQUE_1TO1
P51571	1	1	1	1	NO	NO	NO	UNIQUE_1TO1
P51572;P51572-2	2	1	1	1	NO	NO	NO	UNIQUE_1TO1
P51580	1	1	1	1	NO	NO	NO	UNIQUE_1TO1
P51608;P51608-2	2	1	1	1	NO	NO	NO	UNIQUE_1TO1
P51610-4	1	1	1	1	NO	NO	NO	UNIQUE_1TO1
P51610;P51610-2	2	1	1	1	NO	NO	NO	UNIQUE_1TO1
P51617;P51617-2;P51617-3;P51617-4	4	1	1	1	NO	NO	NO	UNIQUE_1TO1
P51636;P51636-2	2	1	1	1	NO	NO	NO	UNIQUE_1TO1
P51648;P51648-2	2	1	1	1	NO	NO	NO	UNIQUE_1TO1
P51659	1	1	1	1	NO	NO	NO	UNIQUE_1TO1
P51665	1	1	1	1	NO	NO	NO	UNIQUE_1TO1
P51668;Q9Y2X8	2	2	2	2	NO	NO	NO	PROTEIN_GROUP_MULTI_GENE
P51692	1	1	1	1	NO	NO	NO	UNIQUE_1TO1
P51812	1	1	1	1	NO	NO	NO	UNIQUE_1TO1
P51858	1	1	1	1	NO	NO	NO	UNIQUE_1TO1
P51946	1	1	1	1	NO	NO	NO	UNIQUE_1TO1
P51970	1	1	1	1	NO	NO	NO	UNIQUE_1TO1
P51991	1	1	1	1	NO	NO	NO	UNIQUE_1TO1
P51991-2	1	1	1	1	NO	NO	NO	UNIQUE_1TO1
P52209	1	1	1	1	NO	NO	NO	UNIQUE_1TO1
P52272	1	1	1	1	NO	NO	NO	UNIQUE_1TO1
P52292	1	1	1	1	NO	NO	NO	UNIQUE_1TO1
P52294	1	1	1	1	NO	NO	NO	UNIQUE_1TO1
P52298	1	1	1	1	NO	NO	NO	UNIQUE_1TO1
P52306;P52306-4;P52306-5	3	1	1	1	NO	NO	NO	UNIQUE_1TO1
P52434	1	1	1	1	NO	NO	NO	UNIQUE_1TO1
P52435;Q9GZM3;Q9H1A7	3	3	3	3	NO	NO	NO	PROTEIN_GROUP_MULTI_GENE
P52565	1	1	1	1	NO	NO	NO	UNIQUE_1TO1
P52566	1	1	1	1	NO	NO	NO	UNIQUE_1TO1
P52594;P52594-2;P52594-3;P52594-4	4	1	1	1	NO	NO	NO	UNIQUE_1TO1
P52597	1	1	1	1	NO	NO	NO	UNIQUE_1TO1
P52630;P52630-4	2	1	1	1	NO	NO	NO	UNIQUE_1TO1
P52701	1	1	1	1	NO	NO	NO	UNIQUE_1TO1
P52732	1	1	1	1	NO	NO	NO	UNIQUE_1TO1
P52735;P52735-2;P52735-3	3	1	1	1	NO	NO	NO	UNIQUE_1TO1
P52747;P52747-2;P52747-3	3	1	1	1	NO	NO	NO	UNIQUE_1TO1
P52758	1	1	1	1	NO	NO	NO	UNIQUE_1TO1
P52788;P52788-2	2	1	1	1	NO	NO	NO	UNIQUE_1TO1
P52789	1	1	1	1	NO	NO	NO	UNIQUE_1TO1
P52803	1	1	1	1	NO	NO	NO	UNIQUE_1TO1
P52815	1	1	1	1	NO	NO	NO	UNIQUE_1TO1
P52888	1	1	1	1	NO	NO	NO	UNIQUE_1TO1
P52895	1	1	1	1	NO	NO	NO	UNIQUE_1TO1
P52907	1	1	1	1	NO	NO	NO	UNIQUE_1TO1
P52926;P52926-2;P52926-3;P52926-4;P52926-5;P52926-6	6	1	1	1	NO	NO	NO	UNIQUE_1TO1
P52943;P52943-2	2	1	1	1	NO	NO	NO	UNIQUE_1TO1
P52948;P52948-5	2	1	1	1	NO	NO	NO	UNIQUE_1TO1
P53004	1	1	1	1	NO	NO	NO	UNIQUE_1TO1
P53007	1	1	1	1	NO	NO	NO	UNIQUE_1TO1
P53041	1	1	1	1	NO	NO	NO	UNIQUE_1TO1
P53350	1	1	1	1	NO	NO	NO	UNIQUE_1TO1
P53355;P53355-2;P53355-3;P53355-4	4	1	1	1	NO	NO	NO	UNIQUE_1TO1
P53365;P53365-3	2	1	1	1	NO	NO	NO	UNIQUE_1TO1
P53367	1	1	1	1	NO	NO	NO	UNIQUE_1TO1
P53384;P53384-2	2	1	1	1	NO	NO	NO	UNIQUE_1TO1
P53396	1	1	1	1	NO	NO	NO	UNIQUE_1TO1
P53582	1	1	1	1	NO	NO	NO	UNIQUE_1TO1
P53597	1	1	1	1	NO	NO	NO	UNIQUE_1TO1
P53602	1	1	1	1	NO	NO	NO	UNIQUE_1TO1
P53611	1	1	1	1	NO	NO	NO	UNIQUE_1TO1
P53618	1	1	1	1	NO	NO	NO	UNIQUE_1TO1
P53621;P53621-2	2	1	1	1	NO	NO	NO	UNIQUE_1TO1
P53634	1	1	1	1	NO	NO	NO	UNIQUE_1TO1
P53675;P53675-2	2	1	1	1	NO	NO	NO	UNIQUE_1TO1
P53680;P53680-2	2	1	1	1	NO	NO	NO	UNIQUE_1TO1
P53701	1	1	1	1	NO	NO	NO	UNIQUE_1TO1
P53794	1	1	1	1	NO	NO	NO	UNIQUE_1TO1
P53801	1	1	1	1	NO	NO	NO	UNIQUE_1TO1
P53985	1	1	1	0	NO	NO	YES	UNMAPPED
P53990;P53990-2;P53990-3;P53990-4	4	1	1	1	NO	NO	NO	UNIQUE_1TO1
P53992	1	1	1	1	NO	NO	NO	UNIQUE_1TO1
P53999	1	1	1	1	NO	NO	NO	UNIQUE_1TO1
P54098	1	1	1	1	NO	NO	NO	UNIQUE_1TO1
P54105	1	1	1	1	NO	NO	NO	UNIQUE_1TO1
P54132	1	1	1	1	NO	NO	NO	UNIQUE_1TO1
P54136	1	1	1	1	NO	NO	NO	UNIQUE_1TO1
P54252;P54252-1;P54252-3;P54252-4;P54252-5	5	1	1	1	NO	NO	NO	UNIQUE_1TO1
P54577	1	1	1	1	NO	NO	NO	UNIQUE_1TO1
P54578;P54578-2;P54578-3	3	1	1	1	NO	NO	NO	UNIQUE_1TO1
P54619;P54619-2;P54619-3	3	1	1	1	NO	NO	NO	UNIQUE_1TO1
P54652	1	1	1	1	NO	NO	NO	UNIQUE_1TO1
P54709	1	1	1	1	NO	NO	NO	UNIQUE_1TO1
P54725;P54725-3	2	1	1	1	NO	NO	NO	UNIQUE_1TO1
P54727	1	1	1	1	NO	NO	NO	UNIQUE_1TO1
P54760	1	1	1	1	NO	NO	NO	UNIQUE_1TO1
P54819;P54819-2	2	1	1	1	NO	NO	NO	UNIQUE_1TO1
P54886;P54886-2	2	1	1	1	NO	NO	NO	UNIQUE_1TO1
P54920	1	1	1	1	NO	NO	NO	UNIQUE_1TO1
P55010	1	1	1	1	NO	NO	NO	UNIQUE_1TO1
P55011;P55011-3	2	1	1	1	NO	NO	NO	UNIQUE_1TO1
P55036	1	1	1	1	NO	NO	NO	UNIQUE_1TO1
P55039	1	1	1	1	NO	NO	NO	UNIQUE_1TO1
P55060;P55060-3	2	1	1	1	NO	NO	NO	UNIQUE_1TO1
P55061	1	1	1	1	NO	NO	NO	UNIQUE_1TO1
P55072	1	1	1	1	NO	NO	NO	UNIQUE_1TO1
P55081	1	1	1	1	NO	NO	NO	UNIQUE_1TO1
P55084;P55084-2	2	1	1	1	NO	NO	NO	UNIQUE_1TO1
P55145	1	1	1	1	NO	NO	NO	UNIQUE_1TO1
P55196;P55196-1;P55196-5	3	1	1	1	NO	NO	NO	UNIQUE_1TO1
P55209;P55209-2	2	1	1	1	NO	NO	NO	UNIQUE_1TO1
P55210;P55210-3;P55210-4	3	1	1	1	NO	NO	NO	UNIQUE_1TO1
P55212	1	1	1	1	NO	NO	NO	UNIQUE_1TO1
P55263;P55263-2;P55263-4	3	1	1	1	NO	NO	NO	UNIQUE_1TO1
P55265;P55265-4;P55265-5	3	1	1	1	NO	NO	NO	UNIQUE_1TO1
P55268	1	1	1	1	NO	NO	NO	UNIQUE_1TO1
P55290;P55290-4	2	1	1	1	NO	NO	NO	UNIQUE_1TO1
P55327-2;P55327-4	2	1	1	1	NO	NO	NO	UNIQUE_1TO1
P55735	1	1	1	1	NO	NO	NO	UNIQUE_1TO1
P55769	1	1	1	1	NO	NO	NO	UNIQUE_1TO1
P55786	1	1	1	1	NO	NO	NO	UNIQUE_1TO1
P55789	1	1	1	0	NO	NO	YES	UNMAPPED
P55795	1	1	1	1	NO	NO	NO	UNIQUE_1TO1
P55809	1	1	1	1	NO	NO	NO	UNIQUE_1TO1
P55854;P55854-2;P61956;P61956-2;Q6EEV6	5	3	3	3	NO	NO	NO	PROTEIN_GROUP_MULTI_GENE
P55884;P55884-2	2	1	1	1	NO	NO	NO	UNIQUE_1TO1
P55957;P55957-2	2	1	1	1	NO	NO	NO	UNIQUE_1TO1
P56134-2;P56134-4	2	1	1	1	NO	NO	NO	UNIQUE_1TO1
P56134;P56134-3	2	1	1	1	NO	NO	NO	UNIQUE_1TO1
P56181-2	1	1	1	1	NO	NO	NO	UNIQUE_1TO1
P56182	1	1	1	1	NO	NO	NO	UNIQUE_1TO1
P56192	1	1	1	1	NO	NO	NO	UNIQUE_1TO1
P56211;P56211-2	2	1	1	1	NO	NO	NO	UNIQUE_1TO1
P56277	1	1	1	1	NO	NO	NO	UNIQUE_1TO1
P56378	1	1	1	1	NO	NO	NO	UNIQUE_1TO1
P56385	1	1	1	1	NO	NO	NO	UNIQUE_1TO1
P56537	1	1	1	1	NO	NO	NO	UNIQUE_1TO1
P56545;P56545-2;P56545-3	3	1	1	1	NO	NO	NO	UNIQUE_1TO1
P56556	1	1	1	0	NO	NO	YES	UNMAPPED
P56937;P56937-2;P56937-3	3	1	1	1	NO	NO	NO	UNIQUE_1TO1
P56945;P56945-2;P56945-3;P56945-5;P56945-6;P56945-7;P56945-8	7	1	1	1	NO	NO	NO	UNIQUE_1TO1
P56962	1	1	1	1	NO	NO	NO	UNIQUE_1TO1
P57076	1	1	1	1	NO	NO	NO	UNIQUE_1TO1
P57081;P57081-2;P57081-3	3	1	1	1	NO	NO	NO	UNIQUE_1TO1
P57088	1	1	1	1	NO	NO	NO	UNIQUE_1TO1
P57105	1	1	1	1	NO	NO	NO	UNIQUE_1TO1
P57678	1	1	1	1	NO	NO	NO	UNIQUE_1TO1
P57729	1	1	1	1	NO	NO	NO	UNIQUE_1TO1
P57735	1	1	1	1	NO	NO	NO	UNIQUE_1TO1
P57737;P57737-3;P57737-4	3	1	1	0	NO	NO	YES	UNMAPPED
P57740	1	1	1	1	NO	NO	NO	UNIQUE_1TO1
P57764	1	1	1	0	NO	NO	YES	UNMAPPED
P57772	1	1	1	0	NO	NO	YES	UNMAPPED
P58107	1	1	1	1	NO	NO	NO	UNIQUE_1TO1
P58546	1	1	1	1	NO	NO	NO	UNIQUE_1TO1
P59998	1	1	1	1	NO	NO	NO	UNIQUE_1TO1
P60002	1	1	1	1	NO	NO	NO	UNIQUE_1TO1
P60033	1	1	1	1	NO	NO	NO	UNIQUE_1TO1
P60059	1	1	1	1	NO	NO	NO	UNIQUE_1TO1
P60174;P60174-3	2	1	1	1	NO	NO	NO	UNIQUE_1TO1
P60228	1	1	1	1	NO	NO	NO	UNIQUE_1TO1
P60468	1	1	1	1	NO	NO	NO	UNIQUE_1TO1
P60484;P60484-3	2	1	1	0	NO	NO	YES	UNMAPPED
P60510	1	1	1	1	NO	NO	NO	UNIQUE_1TO1
P60520	1	1	1	1	NO	NO	NO	UNIQUE_1TO1
P60602;P60602-2	2	1	1	1	NO	NO	NO	UNIQUE_1TO1
P60604;P60604-2	2	1	1	1	NO	NO	NO	UNIQUE_1TO1
P60660	1	1	1	1	NO	NO	NO	UNIQUE_1TO1
P60660-2	1	1	1	1	NO	NO	NO	UNIQUE_1TO1
P60709	1	1	1	1	NO	NO	NO	UNIQUE_1TO1
P60842	1	1	1	1	NO	NO	NO	UNIQUE_1TO1
P60866;P60866-2	2	1	1	1	NO	NO	NO	UNIQUE_1TO1
P60891	1	1	1	1	NO	NO	NO	UNIQUE_1TO1
P60900	1	1	1	1	NO	NO	NO	UNIQUE_1TO1
P60903	1	1	1	1	NO	NO	NO	UNIQUE_1TO1
P60953	1	1	1	1	NO	NO	NO	UNIQUE_1TO1
P60981	1	1	1	1	NO	NO	NO	UNIQUE_1TO1
P60983	1	1	1	1	NO	NO	NO	UNIQUE_1TO1
P61006	1	1	1	1	NO	NO	NO	UNIQUE_1TO1
P61009	1	1	1	1	NO	NO	NO	UNIQUE_1TO1
P61011;P61011-2	2	1	1	1	NO	NO	NO	UNIQUE_1TO1
P61019	1	1	1	1	NO	NO	NO	UNIQUE_1TO1
P61020	1	1	1	1	NO	NO	NO	UNIQUE_1TO1
P61024	1	1	1	1	NO	NO	NO	UNIQUE_1TO1
P61026	1	1	1	1	NO	NO	NO	UNIQUE_1TO1
P61077;P61077-2;P61077-3;P62837;P62837-2	5	2	2	2	NO	NO	NO	PROTEIN_GROUP_MULTI_GENE
P61081	1	1	1	1	NO	NO	NO	UNIQUE_1TO1
P61086	1	1	1	1	NO	NO	NO	UNIQUE_1TO1
P61088	1	1	1	1	NO	NO	NO	UNIQUE_1TO1
P61106	1	1	1	1	NO	NO	NO	UNIQUE_1TO1
P61158	1	1	1	1	NO	NO	NO	UNIQUE_1TO1
P61160	1	1	1	1	NO	NO	NO	UNIQUE_1TO1
P61163	1	1	1	1	NO	NO	NO	UNIQUE_1TO1
P61165	1	1	1	1	NO	NO	NO	UNIQUE_1TO1
P61201;P61201-2	2	1	1	1	NO	NO	NO	UNIQUE_1TO1
P61204	1	1	1	1	NO	NO	NO	UNIQUE_1TO1
P61221	1	1	1	1	NO	NO	NO	UNIQUE_1TO1
P61224	1	1	1	1	NO	NO	NO	UNIQUE_1TO1
P61225	1	1	1	1	NO	NO	NO	UNIQUE_1TO1
P61244;P61244-2	2	1	1	1	NO	NO	NO	UNIQUE_1TO1
P61247	1	1	1	0	NO	NO	YES	UNMAPPED
P61254	1	1	1	1	NO	NO	NO	UNIQUE_1TO1
P61289;P61289-2	2	1	1	1	NO	NO	NO	UNIQUE_1TO1
P61313	1	1	1	1	NO	NO	NO	UNIQUE_1TO1
P61326	1	1	1	1	NO	NO	NO	UNIQUE_1TO1
P61353	1	1	1	1	NO	NO	NO	UNIQUE_1TO1
P61421	1	1	1	1	NO	NO	NO	UNIQUE_1TO1
P61457	1	1	1	1	NO	NO	NO	UNIQUE_1TO1
P61513	1	1	1	1	NO	NO	NO	UNIQUE_1TO1
P61586	1	1	1	1	NO	NO	NO	UNIQUE_1TO1
P61604	1	1	1	1	NO	NO	NO	UNIQUE_1TO1
P61619	1	1	1	1	NO	NO	NO	UNIQUE_1TO1
P61758	1	1	1	1	NO	NO	NO	UNIQUE_1TO1
P61769	1	1	1	0	NO	NO	YES	UNMAPPED
P61803	1	1	1	1	NO	NO	NO	UNIQUE_1TO1
P61916;P61916-2	2	1	1	1	NO	NO	NO	UNIQUE_1TO1
P61923	1	1	1	1	NO	NO	NO	UNIQUE_1TO1
P61960	1	1	1	1	NO	NO	NO	UNIQUE_1TO1
P61962	1	1	1	1	NO	NO	NO	UNIQUE_1TO1
P61964	1	1	1	1	NO	NO	NO	UNIQUE_1TO1
P61966	1	1	1	1	NO	NO	NO	UNIQUE_1TO1
P61970	1	1	1	1	NO	NO	NO	UNIQUE_1TO1
P61978-2	1	1	1	1	NO	NO	NO	UNIQUE_1TO1
P61978-3	1	1	1	1	NO	NO	NO	UNIQUE_1TO1
P61981	1	1	1	1	NO	NO	NO	UNIQUE_1TO1
P62070;P62070-4	2	1	1	1	NO	NO	NO	UNIQUE_1TO1
P62072	1	1	1	1	NO	NO	NO	UNIQUE_1TO1
P62081	1	1	1	1	NO	NO	NO	UNIQUE_1TO1
P62136;P62136-2	2	1	1	1	NO	NO	NO	UNIQUE_1TO1
P62140	1	1	1	1	NO	NO	NO	UNIQUE_1TO1
P62191	1	1	1	1	NO	NO	NO	UNIQUE_1TO1
P62195	1	1	1	1	NO	NO	NO	UNIQUE_1TO1
P62241	1	1	1	1	NO	NO	NO	UNIQUE_1TO1
P62244	1	1	1	1	NO	NO	NO	UNIQUE_1TO1
P62249	1	1	1	1	NO	NO	NO	UNIQUE_1TO1
P62253	1	1	1	1	NO	NO	NO	UNIQUE_1TO1
P62256	1	1	1	1	NO	NO	NO	UNIQUE_1TO1
P62258	1	1	1	0	NO	NO	YES	UNMAPPED
P62263	1	1	1	1	NO	NO	NO	UNIQUE_1TO1
P62266	1	1	1	1	NO	NO	NO	UNIQUE_1TO1
P62269	1	1	1	0	NO	NO	YES	UNMAPPED
P62273	1	1	1	1	NO	NO	NO	UNIQUE_1TO1
P62277	1	1	1	1	NO	NO	NO	UNIQUE_1TO1
P62280	1	1	1	1	NO	NO	NO	UNIQUE_1TO1
P62304	1	1	1	1	NO	NO	NO	UNIQUE_1TO1
P62306	1	1	1	1	NO	NO	NO	UNIQUE_1TO1
P62310	1	1	1	1	NO	NO	NO	UNIQUE_1TO1
P62312	1	1	1	1	NO	NO	NO	UNIQUE_1TO1
P62314	1	1	1	1	NO	NO	NO	UNIQUE_1TO1
P62316	1	1	1	1	NO	NO	NO	UNIQUE_1TO1
P62318;P62318-2	2	1	1	1	NO	NO	NO	UNIQUE_1TO1
P62328	1	1	1	1	NO	NO	NO	UNIQUE_1TO1
P62330	1	1	1	1	NO	NO	NO	UNIQUE_1TO1
P62333	1	1	1	1	NO	NO	NO	UNIQUE_1TO1
P62341	1	1	1	1	NO	NO	NO	UNIQUE_1TO1
P62424	1	1	1	0	NO	NO	YES	UNMAPPED
P62487	1	1	1	1	NO	NO	NO	UNIQUE_1TO1
P62491	1	1	1	1	NO	NO	NO	UNIQUE_1TO1
P62495	1	1	1	1	NO	NO	NO	UNIQUE_1TO1
P62633;P62633-2	2	1	1	1	NO	NO	NO	UNIQUE_1TO1
P62699	1	1	1	1	NO	NO	NO	UNIQUE_1TO1
P62701	1	1	1	1	NO	NO	NO	UNIQUE_1TO1
P62750	1	1	1	1	NO	NO	NO	UNIQUE_1TO1
P62753	1	1	1	1	NO	NO	NO	UNIQUE_1TO1
P62760	1	1	1	1	NO	NO	NO	UNIQUE_1TO1
P62805	1	1	1	1	NO	NO	NO	UNIQUE_1TO1
P62820	1	1	1	1	NO	NO	NO	UNIQUE_1TO1
P62826	1	1	1	1	NO	NO	NO	UNIQUE_1TO1
P62829	1	1	1	1	NO	NO	NO	UNIQUE_1TO1
P62834	1	1	1	1	NO	NO	NO	UNIQUE_1TO1
P62841	1	1	1	1	NO	NO	NO	UNIQUE_1TO1
P62847;P62847-2;P62847-3;P62847-4	4	1	1	1	NO	NO	NO	UNIQUE_1TO1
P62851	1	1	1	0	NO	NO	YES	UNMAPPED
P62854	1	1	1	1	NO	NO	NO	UNIQUE_1TO1
P62857	1	1	1	1	NO	NO	NO	UNIQUE_1TO1
P62861	1	1	1	1	NO	NO	NO	UNIQUE_1TO1
P62873	1	1	1	1	NO	NO	NO	UNIQUE_1TO1
P62877	1	1	1	1	NO	NO	NO	UNIQUE_1TO1
P62879	1	1	1	1	NO	NO	NO	UNIQUE_1TO1
P62888	1	1	1	1	NO	NO	NO	UNIQUE_1TO1
P62891;Q59GN2	2	2	2	2	NO	NO	NO	PROTEIN_GROUP_MULTI_GENE
P62899	1	1	1	1	NO	NO	NO	UNIQUE_1TO1
P62906	1	1	1	1	NO	NO	NO	UNIQUE_1TO1
P62910	1	1	1	1	NO	NO	NO	UNIQUE_1TO1
P62913	1	1	1	1	NO	NO	NO	UNIQUE_1TO1
P62917	1	1	1	1	NO	NO	NO	UNIQUE_1TO1
P62937	1	1	1	1	NO	NO	NO	UNIQUE_1TO1
P62942	1	1	1	1	NO	NO	NO	UNIQUE_1TO1
P62979	1	1	1	1	NO	NO	NO	UNIQUE_1TO1
P62993	1	1	1	1	NO	NO	NO	UNIQUE_1TO1
P62995;P62995-3	2	1	1	1	NO	NO	NO	UNIQUE_1TO1
P63000	1	1	1	1	NO	NO	NO	UNIQUE_1TO1
P63010;P63010-2;P63010-3	3	1	1	1	NO	NO	NO	UNIQUE_1TO1
P63027	1	1	1	1	NO	NO	NO	UNIQUE_1TO1
P63092;P63092-4;Q5JWF2	3	2	1	1	NO	NO	NO	UNIQUE_1TO1
P63096	1	1	1	1	NO	NO	NO	UNIQUE_1TO1
P63104	1	1	1	1	NO	NO	NO	UNIQUE_1TO1
P63151	1	1	1	1	NO	NO	NO	UNIQUE_1TO1
P63165	1	1	1	1	NO	NO	NO	UNIQUE_1TO1
P63167	1	1	1	1	NO	NO	NO	UNIQUE_1TO1
P63172	1	1	1	1	NO	NO	NO	UNIQUE_1TO1
P63173	1	1	1	1	NO	NO	NO	UNIQUE_1TO1
P63208	1	1	1	1	NO	NO	NO	UNIQUE_1TO1
P63220	1	1	1	1	NO	NO	NO	UNIQUE_1TO1
P63241	1	1	1	0	NO	NO	YES	UNMAPPED
P63244	1	1	1	1	NO	NO	NO	UNIQUE_1TO1
P63261	1	1	1	0	NO	NO	YES	UNMAPPED
P63272	1	1	1	1	NO	NO	NO	UNIQUE_1TO1
P63279	1	1	1	1	NO	NO	NO	UNIQUE_1TO1
P63313	1	1	1	1	NO	NO	NO	UNIQUE_1TO1
P67775	1	1	1	1	NO	NO	NO	UNIQUE_1TO1
P67809	1	1	1	1	NO	NO	NO	UNIQUE_1TO1
P67812;P67812-3;P67812-4	3	1	1	1	NO	NO	NO	UNIQUE_1TO1
P67870	1	1	1	0	NO	NO	YES	UNMAPPED
P67936	1	1	1	1	NO	NO	NO	UNIQUE_1TO1
P67936-2	1	1	1	1	NO	NO	NO	UNIQUE_1TO1
P68032	1	1	1	1	NO	NO	NO	UNIQUE_1TO1
P68036	1	1	1	1	NO	NO	NO	UNIQUE_1TO1
P68104	1	1	1	1	NO	NO	NO	UNIQUE_1TO1
P68363	1	1	1	1	NO	NO	NO	UNIQUE_1TO1
P68366;P68366-2	2	1	1	1	NO	NO	NO	UNIQUE_1TO1
P68371	1	1	1	1	NO	NO	NO	UNIQUE_1TO1
P68400	1	1	1	1	NO	NO	NO	UNIQUE_1TO1
P68402	1	1	1	1	NO	NO	NO	UNIQUE_1TO1
P68431	1	1	1	1	NO	NO	NO	UNIQUE_1TO1
P68871	1	1	1	1	NO	NO	NO	UNIQUE_1TO1
P69905	1	1	1	0	NO	NO	YES	UNMAPPED
P78316;P78316-2	2	1	1	1	NO	NO	NO	UNIQUE_1TO1
P78318	1	1	1	1	NO	NO	NO	UNIQUE_1TO1
P78329;Q08477;Q08477-2;Q9HBI6;Q9HCS2	5	4	4	4	NO	NO	NO	PROTEIN_GROUP_MULTI_GENE
P78330	1	1	1	1	NO	NO	NO	UNIQUE_1TO1
P78344	1	1	1	1	NO	NO	NO	UNIQUE_1TO1
P78346;P78346-2	2	1	1	1	NO	NO	NO	UNIQUE_1TO1
P78347;P78347-2;P78347-3;P78347-4	4	1	1	1	NO	NO	NO	UNIQUE_1TO1
P78356	1	1	1	0	NO	NO	YES	UNMAPPED
P78362;P78362-2	2	1	1	1	NO	NO	NO	UNIQUE_1TO1
P78371	1	1	1	1	NO	NO	NO	UNIQUE_1TO1
P78386	1	1	1	1	NO	NO	NO	UNIQUE_1TO1
P78406	1	1	1	1	NO	NO	NO	UNIQUE_1TO1
P78417	1	1	1	1	NO	NO	NO	UNIQUE_1TO1
P78504	1	1	1	1	NO	NO	NO	UNIQUE_1TO1
P78527	1	1	1	1	NO	NO	NO	UNIQUE_1TO1
P78536	1	1	1	1	NO	NO	NO	UNIQUE_1TO1
P78545;P78545-2	2	1	1	1	NO	NO	NO	UNIQUE_1TO1
P78559;P78559-2	2	1	1	1	NO	NO	NO	UNIQUE_1TO1
P80188	1	1	1	1	NO	NO	NO	UNIQUE_1TO1
P80217;P80217-2	2	1	1	1	NO	NO	NO	UNIQUE_1TO1
P80297	1	1	1	1	NO	NO	NO	UNIQUE_1TO1
P80303;P80303-2	2	1	1	1	NO	NO	NO	UNIQUE_1TO1
P80404	1	1	1	1	NO	NO	NO	UNIQUE_1TO1
P80723	1	1	1	1	NO	NO	NO	UNIQUE_1TO1
P82650	1	1	1	1	NO	NO	NO	UNIQUE_1TO1
P82663	1	1	1	1	NO	NO	NO	UNIQUE_1TO1
P82664	1	1	1	1	NO	NO	NO	UNIQUE_1TO1
P82673	1	1	1	1	NO	NO	NO	UNIQUE_1TO1
P82675	1	1	1	1	NO	NO	NO	UNIQUE_1TO1
P82909	1	1	1	0	NO	NO	YES	UNMAPPED
P82912;P82912-2	2	1	1	1	NO	NO	NO	UNIQUE_1TO1
P82914	1	1	1	1	NO	NO	NO	UNIQUE_1TO1
P82921	1	1	1	1	NO	NO	NO	UNIQUE_1TO1
P82930	1	1	1	1	NO	NO	NO	UNIQUE_1TO1
P82932	1	1	1	1	NO	NO	NO	UNIQUE_1TO1
P82933	1	1	1	1	NO	NO	NO	UNIQUE_1TO1
P82970	1	1	1	1	NO	NO	NO	UNIQUE_1TO1
P82979	1	1	1	1	NO	NO	NO	UNIQUE_1TO1
P83436	1	1	1	1	NO	NO	NO	UNIQUE_1TO1
P83731	1	1	1	1	NO	NO	NO	UNIQUE_1TO1
P83881;Q969Q0	2	2	2	2	NO	NO	NO	PROTEIN_GROUP_MULTI_GENE
P83916	1	1	1	1	NO	NO	NO	UNIQUE_1TO1
P84022;P84022-2	2	1	1	1	NO	NO	NO	UNIQUE_1TO1
P84077	1	1	1	1	NO	NO	NO	UNIQUE_1TO1
P84085	1	1	1	1	NO	NO	NO	UNIQUE_1TO1
P84090	1	1	1	1	NO	NO	NO	UNIQUE_1TO1
P84095	1	1	1	1	NO	NO	NO	UNIQUE_1TO1
P84098	1	1	1	1	NO	NO	NO	UNIQUE_1TO1
P84103;P84103-2	2	1	1	1	NO	NO	NO	UNIQUE_1TO1
P84243	1	1	1	1	NO	NO	NO	UNIQUE_1TO1
P85037	1	1	1	1	NO	NO	NO	UNIQUE_1TO1
P98160	1	1	1	1	NO	NO	NO	UNIQUE_1TO1
P98172	1	1	1	1	NO	NO	NO	UNIQUE_1TO1
P98175-3;P98175-4	2	1	1	1	NO	NO	NO	UNIQUE_1TO1
P98175;P98175-2;P98175-5	3	1	1	1	NO	NO	NO	UNIQUE_1TO1
P98179	1	1	1	1	NO	NO	NO	UNIQUE_1TO1
P98194;P98194-2;P98194-3;P98194-4;P98194-5;P98194-6;P98194-7;P98194-8;P98194-9	9	1	1	1	NO	NO	NO	UNIQUE_1TO1
P99999	1	1	1	1	NO	NO	NO	UNIQUE_1TO1
Q00059	1	1	1	1	NO	NO	NO	UNIQUE_1TO1
Q00169	1	1	1	1	NO	NO	NO	UNIQUE_1TO1
Q00325-2	1	1	1	1	NO	NO	NO	UNIQUE_1TO1
Q00341	1	1	1	1	NO	NO	NO	UNIQUE_1TO1
Q00403	1	1	1	1	NO	NO	NO	UNIQUE_1TO1
Q00534	1	1	1	1	NO	NO	NO	UNIQUE_1TO1
Q00535	1	1	1	1	NO	NO	NO	UNIQUE_1TO1
Q00577	1	1	1	1	NO	NO	NO	UNIQUE_1TO1
Q00610;Q00610-2	2	1	1	1	NO	NO	NO	UNIQUE_1TO1
Q00613;Q00613-2	2	1	1	0	NO	NO	YES	UNMAPPED
Q00653;Q00653-4	2	1	1	1	NO	NO	NO	UNIQUE_1TO1
Q00688	1	1	1	1	NO	NO	NO	UNIQUE_1TO1
Q00765	1	1	1	1	NO	NO	NO	UNIQUE_1TO1
Q00796	1	1	1	1	NO	NO	NO	UNIQUE_1TO1
Q00839;Q00839-2	2	1	1	1	NO	NO	NO	UNIQUE_1TO1
Q00978	1	1	1	0	NO	NO	YES	UNMAPPED
Q01081;Q01081-2	2	1	1	1	NO	NO	NO	UNIQUE_1TO1
Q01082	1	1	1	1	NO	NO	NO	UNIQUE_1TO1
Q01082-3	1	1	1	1	NO	NO	NO	UNIQUE_1TO1
Q01085;Q01085-2	2	1	1	1	NO	NO	NO	UNIQUE_1TO1
Q01105	1	1	1	1	NO	NO	NO	UNIQUE_1TO1
Q01105-2	1	1	1	1	NO	NO	NO	UNIQUE_1TO1
Q01130;Q01130-2	2	1	1	1	NO	NO	NO	UNIQUE_1TO1
Q01196;Q01196-10;Q01196-2;Q01196-8;Q01196-9	5	1	1	1	NO	NO	NO	UNIQUE_1TO1
Q01433;Q01433-2;Q01433-4;Q01433-5	4	1	1	1	NO	NO	NO	UNIQUE_1TO1
Q01469	1	1	1	1	NO	NO	NO	UNIQUE_1TO1
Q01518	1	1	1	1	NO	NO	NO	UNIQUE_1TO1
Q01581	1	1	1	1	NO	NO	NO	UNIQUE_1TO1
Q01628	1	1	1	1	NO	NO	NO	UNIQUE_1TO1
Q01638;Q01638-2;Q01638-3	3	1	1	0	NO	NO	YES	UNMAPPED
Q01650	1	1	1	1	NO	NO	NO	UNIQUE_1TO1
Q01658	1	1	1	1	NO	NO	NO	UNIQUE_1TO1
Q01664	1	1	1	1	NO	NO	NO	UNIQUE_1TO1
Q01780;Q01780-2	2	1	1	1	NO	NO	NO	UNIQUE_1TO1
Q01804;Q01804-3;Q01804-5	3	1	1	1	NO	NO	NO	UNIQUE_1TO1
Q01813	1	1	1	1	NO	NO	NO	UNIQUE_1TO1
Q01844;Q01844-3;Q01844-5;Q01844-6	4	1	1	1	NO	NO	NO	UNIQUE_1TO1
Q01970;Q01970-2	2	1	1	1	NO	NO	NO	UNIQUE_1TO1
Q02086;Q02086-2	2	1	1	1	NO	NO	NO	UNIQUE_1TO1
Q02127	1	1	1	1	NO	NO	NO	UNIQUE_1TO1
Q02218	1	1	1	1	NO	NO	NO	UNIQUE_1TO1
Q02241;Q02241-2	2	1	1	1	NO	NO	NO	UNIQUE_1TO1
Q02252;Q02252-2	2	1	1	1	NO	NO	NO	UNIQUE_1TO1
Q02487;Q02487-2	2	1	1	1	NO	NO	NO	UNIQUE_1TO1
Q02539	1	1	1	1	NO	NO	NO	UNIQUE_1TO1
Q02543	1	1	1	1	NO	NO	NO	UNIQUE_1TO1
Q02750	1	1	1	1	NO	NO	NO	UNIQUE_1TO1
Q02790	1	1	1	1	NO	NO	NO	UNIQUE_1TO1
Q02809;Q02809-2	2	1	1	1	NO	NO	NO	UNIQUE_1TO1
Q02818	1	1	1	1	NO	NO	NO	UNIQUE_1TO1
Q02833;Q02833-2;Q02833-3	3	1	1	0	NO	NO	YES	UNMAPPED
Q02878	1	1	1	1	NO	NO	NO	UNIQUE_1TO1
Q02880;Q02880-2	2	1	1	1	NO	NO	NO	UNIQUE_1TO1
Q02978	1	1	1	1	NO	NO	NO	UNIQUE_1TO1
Q03001-3	1	1	1	1	NO	NO	NO	UNIQUE_1TO1
Q03135	1	1	1	1	NO	NO	NO	UNIQUE_1TO1
Q03135-2	1	1	1	1	NO	NO	NO	UNIQUE_1TO1
Q03154;Q03154-4	2	1	1	1	NO	NO	NO	UNIQUE_1TO1
Q03164;Q03164-2;Q03164-3	3	1	1	1	NO	NO	NO	UNIQUE_1TO1
Q03169	1	1	1	1	NO	NO	NO	UNIQUE_1TO1
Q03252	1	1	1	1	NO	NO	NO	UNIQUE_1TO1
Q03426	1	1	1	1	NO	NO	NO	UNIQUE_1TO1
Q03518;Q03518-2	2	1	1	0	NO	NO	YES	UNMAPPED
Q03519	1	1	1	0	NO	NO	YES	UNMAPPED
Q04206;Q04206-2;Q04206-3	3	1	1	1	NO	NO	NO	UNIQUE_1TO1
Q04323	1	1	1	1	NO	NO	NO	UNIQUE_1TO1
Q04446	1	1	1	1	NO	NO	NO	UNIQUE_1TO1
Q04637-7	1	1	1	1	NO	NO	NO	UNIQUE_1TO1
Q04637;Q04637-3;Q04637-4;Q04637-5;Q04637-9	5	1	1	1	NO	NO	NO	UNIQUE_1TO1
Q04656;Q04656-2;Q04656-3;Q04656-5	4	1	1	1	NO	NO	NO	UNIQUE_1TO1
Q04695	1	1	1	1	NO	NO	NO	UNIQUE_1TO1
Q04724	1	1	1	1	NO	NO	NO	UNIQUE_1TO1
Q04726;Q04726-2;Q04726-3;Q04726-4;Q04726-5;Q04726-6;Q04726-7	7	1	1	1	NO	NO	NO	UNIQUE_1TO1
Q04760	1	1	1	1	NO	NO	NO	UNIQUE_1TO1
Q04828	1	1	1	1	NO	NO	NO	UNIQUE_1TO1
Q04837	1	1	1	0	NO	NO	YES	UNMAPPED
Q04864-2	1	1	1	1	NO	NO	NO	UNIQUE_1TO1
Q04917	1	1	1	1	NO	NO	NO	UNIQUE_1TO1
Q04941	1	1	1	1	NO	NO	NO	UNIQUE_1TO1
Q05048	1	1	1	1	NO	NO	NO	UNIQUE_1TO1
Q05086;Q05086-2;Q05086-3	3	1	1	1	NO	NO	NO	UNIQUE_1TO1
Q05209	1	1	1	1	NO	NO	NO	UNIQUE_1TO1
Q05397;Q05397-5;Q05397-7	3	1	1	1	NO	NO	NO	UNIQUE_1TO1
Q05519;Q05519-2	2	1	1	1	NO	NO	NO	UNIQUE_1TO1
Q05639	1	1	1	1	NO	NO	NO	UNIQUE_1TO1
Q05682;Q05682-2;Q05682-3;Q05682-4;Q05682-5;Q05682-6	6	1	1	1	NO	NO	NO	UNIQUE_1TO1
Q05932;Q05932-2;Q05932-3;Q05932-4	4	1	1	1	NO	NO	NO	UNIQUE_1TO1
Q05D32;Q05D32-2	2	1	1	1	NO	NO	NO	UNIQUE_1TO1
Q06124;Q06124-1	2	1	1	1	NO	NO	NO	UNIQUE_1TO1
Q06136;Q06136-2	2	1	1	1	NO	NO	NO	UNIQUE_1TO1
Q06203	1	1	1	1	NO	NO	NO	UNIQUE_1TO1
Q06210;Q06210-2	2	1	1	1	NO	NO	NO	UNIQUE_1TO1
Q06265;Q06265-2	2	1	1	1	NO	NO	NO	UNIQUE_1TO1
Q06323	1	1	1	0	NO	NO	YES	UNMAPPED
Q06481;Q06481-2;Q06481-3;Q06481-4;Q06481-6	5	1	1	1	NO	NO	NO	UNIQUE_1TO1
Q06587	1	1	1	0	NO	NO	YES	UNMAPPED
Q06609;Q06609-2;Q06609-3;Q06609-4	4	1	1	1	NO	NO	NO	UNIQUE_1TO1
Q06787-11	1	1	1	1	NO	NO	NO	UNIQUE_1TO1
Q06787;Q06787-3;Q06787-4;Q06787-5;Q06787-6;Q06787-7	6	1	1	1	NO	NO	NO	UNIQUE_1TO1
Q06830	1	1	1	1	NO	NO	NO	UNIQUE_1TO1
Q07020;Q07020-2	2	1	1	1	NO	NO	NO	UNIQUE_1TO1
Q07021	1	1	1	1	NO	NO	NO	UNIQUE_1TO1
Q07065	1	1	1	1	NO	NO	NO	UNIQUE_1TO1
Q07157	1	1	1	0	NO	NO	YES	UNMAPPED
Q07617	1	1	1	1	NO	NO	NO	UNIQUE_1TO1
Q07666;Q07666-3	2	1	1	1	NO	NO	NO	UNIQUE_1TO1
Q07812;Q07812-2;Q07812-5;Q07812-7;Q07812-8	5	1	1	1	NO	NO	NO	UNIQUE_1TO1
Q07817;Q07817-2;Q07817-3	3	1	1	1	NO	NO	NO	UNIQUE_1TO1
Q07864	1	1	1	1	NO	NO	NO	UNIQUE_1TO1
Q07866;Q07866-10;Q07866-2;Q07866-3;Q07866-4;Q07866-5;Q07866-6;Q07866-7;Q07866-8;Q07866-9	10	1	1	1	NO	NO	NO	UNIQUE_1TO1
Q07889	1	1	1	1	NO	NO	NO	UNIQUE_1TO1
Q07954	1	1	1	1	NO	NO	NO	UNIQUE_1TO1
Q07955	1	1	1	1	NO	NO	NO	UNIQUE_1TO1
Q07960	1	1	1	1	NO	NO	NO	UNIQUE_1TO1
Q08170	1	1	1	1	NO	NO	NO	UNIQUE_1TO1
Q08174-2	1	1	1	1	NO	NO	NO	UNIQUE_1TO1
Q08209	1	1	1	1	NO	NO	NO	UNIQUE_1TO1
Q08211	1	1	1	1	NO	NO	NO	UNIQUE_1TO1
Q08257;Q08257-3	2	1	1	1	NO	NO	NO	UNIQUE_1TO1
Q08345;Q08345-2;Q08345-5;Q08345-6	4	1	1	0	NO	NO	YES	UNMAPPED
Q08378;Q08378-2;Q08378-4	3	1	1	1	NO	NO	NO	UNIQUE_1TO1
Q08379	1	1	1	1	NO	NO	NO	UNIQUE_1TO1
Q08380	1	1	1	1	NO	NO	NO	UNIQUE_1TO1
Q08426;Q08426-2	2	1	1	1	NO	NO	NO	UNIQUE_1TO1
Q08722;Q08722-2;Q08722-3;Q08722-4	4	1	1	1	NO	NO	NO	UNIQUE_1TO1
Q08752	1	1	1	1	NO	NO	NO	UNIQUE_1TO1
Q08945	1	1	1	1	NO	NO	NO	UNIQUE_1TO1
Q08AE8;Q08AE8-2	2	1	1	1	NO	NO	NO	UNIQUE_1TO1
Q08AF3	1	1	1	1	NO	NO	NO	UNIQUE_1TO1
Q08AM6	1	1	1	1	NO	NO	NO	UNIQUE_1TO1
Q08J23;Q08J23-2	2	1	1	1	NO	NO	NO	UNIQUE_1TO1
Q09028;Q09028-3	2	1	1	1	NO	NO	NO	UNIQUE_1TO1
Q09161	1	1	1	1	NO	NO	NO	UNIQUE_1TO1
Q09666	1	1	1	1	NO	NO	NO	UNIQUE_1TO1
Q0IIM8;Q0IIM8-2;Q0IIM8-3	3	1	1	1	NO	NO	NO	UNIQUE_1TO1
Q0VDF9	1	1	1	1	NO	NO	NO	UNIQUE_1TO1
Q0VG06;Q0VG06-2;Q0VG06-3	3	1	1	1	NO	NO	NO	UNIQUE_1TO1
Q0VGL1	1	1	1	1	NO	NO	NO	UNIQUE_1TO1
Q10471	1	1	1	1	NO	NO	NO	UNIQUE_1TO1
Q10567-3	1	1	1	1	NO	NO	NO	UNIQUE_1TO1
Q10570	1	1	1	0	NO	NO	YES	UNMAPPED
Q10713	1	1	1	1	NO	NO	NO	UNIQUE_1TO1
Q12765;Q12765-2	2	1	1	1	NO	NO	NO	UNIQUE_1TO1
Q12768	1	1	1	1	NO	NO	NO	UNIQUE_1TO1
Q12769	1	1	1	1	NO	NO	NO	UNIQUE_1TO1
Q12774	1	1	1	0	NO	NO	YES	UNMAPPED
Q12788	1	1	1	0	NO	NO	YES	UNMAPPED
Q12789;Q12789-3	2	1	1	1	NO	NO	NO	UNIQUE_1TO1
Q12792	1	1	1	1	NO	NO	NO	UNIQUE_1TO1
Q12797	1	1	1	1	NO	NO	NO	UNIQUE_1TO1
Q12800;Q12800-2;Q12800-3;Q12800-4	4	1	1	1	NO	NO	NO	UNIQUE_1TO1
Q12802;Q12802-2;Q12802-4	3	1	1	1	NO	NO	NO	UNIQUE_1TO1
Q12805;Q12805-2;Q12805-3;Q12805-4;Q12805-5	5	1	1	1	NO	NO	NO	UNIQUE_1TO1
Q12824;Q12824-2	2	1	1	0	NO	NO	YES	UNMAPPED
Q12834	1	1	1	1	NO	NO	NO	UNIQUE_1TO1
Q12846;Q12846-2	2	1	1	1	NO	NO	NO	UNIQUE_1TO1
Q12849;Q12849-5	2	1	1	1	NO	NO	NO	UNIQUE_1TO1
Q12857;Q12857-2;Q12857-3;Q12857-4	4	1	1	1	NO	NO	NO	UNIQUE_1TO1
Q12873;Q12873-2;Q12873-3	3	1	1	1	NO	NO	NO	UNIQUE_1TO1
Q12874	1	1	1	1	NO	NO	NO	UNIQUE_1TO1
Q12888;Q12888-2;Q12888-3	3	1	1	1	NO	NO	NO	UNIQUE_1TO1
Q12893	1	1	1	1	NO	NO	NO	UNIQUE_1TO1
Q12899	1	1	1	0	NO	NO	YES	UNMAPPED
Q12904;Q12904-2	2	1	1	1	NO	NO	NO	UNIQUE_1TO1
Q12905	1	1	1	1	NO	NO	NO	UNIQUE_1TO1
Q12906;Q12906-7	2	1	1	1	NO	NO	NO	UNIQUE_1TO1
Q12907	1	1	1	1	NO	NO	NO	UNIQUE_1TO1
Q12926;Q12926-2	2	1	1	1	NO	NO	NO	UNIQUE_1TO1
Q12929	1	1	1	1	NO	NO	NO	UNIQUE_1TO1
Q12931;Q12931-2	2	1	1	1	NO	NO	NO	UNIQUE_1TO1
Q12933;Q12933-2;Q12933-3;Q12933-4	4	1	1	1	NO	NO	NO	UNIQUE_1TO1
Q12959-2;Q12959-4	2	1	1	1	NO	NO	NO	UNIQUE_1TO1
Q12962	1	1	1	1	NO	NO	NO	UNIQUE_1TO1
Q12965	1	1	1	1	NO	NO	NO	UNIQUE_1TO1
Q12972	1	1	1	1	NO	NO	NO	UNIQUE_1TO1
Q12974;Q12974-2;Q12974-3;Q12974-4	4	1	1	1	NO	NO	NO	UNIQUE_1TO1
Q12979;Q12979-2;Q12979-4	3	1	1	0	NO	NO	YES	UNMAPPED
Q12981;Q12981-1;Q12981-2;Q12981-3	4	1	1	1	NO	NO	NO	UNIQUE_1TO1
Q12982;Q12982-2;Q86WG3;Q86WG3-3	4	2	2	2	NO	NO	NO	PROTEIN_GROUP_MULTI_GENE
Q12996	1	1	1	1	NO	NO	NO	UNIQUE_1TO1
Q13011	1	1	1	0	NO	NO	YES	UNMAPPED
Q13017;Q13017-2	2	1	1	1	NO	NO	NO	UNIQUE_1TO1
Q13033-2	1	1	1	1	NO	NO	NO	UNIQUE_1TO1
Q13042;Q13042-2;Q13042-3	3	1	1	1	NO	NO	NO	UNIQUE_1TO1
Q13043;Q13043-2	2	1	1	1	NO	NO	NO	UNIQUE_1TO1
Q13045	1	1	1	0	NO	NO	YES	UNMAPPED
Q13049	1	1	1	1	NO	NO	NO	UNIQUE_1TO1
Q13057;Q13057-2	2	1	1	1	NO	NO	NO	UNIQUE_1TO1
Q13084	1	1	1	1	NO	NO	NO	UNIQUE_1TO1
Q13085	1	1	1	0	NO	NO	YES	UNMAPPED
Q13098;Q13098-5;Q13098-7	3	1	1	1	NO	NO	NO	UNIQUE_1TO1
Q13107;Q13107-2	2	1	1	1	NO	NO	NO	UNIQUE_1TO1
Q13112	1	1	1	1	NO	NO	NO	UNIQUE_1TO1
Q13113	1	1	1	1	NO	NO	NO	UNIQUE_1TO1
Q13123	1	1	1	1	NO	NO	NO	UNIQUE_1TO1
Q13126;Q13126-2;Q13126-3;Q13126-4	4	1	1	1	NO	NO	NO	UNIQUE_1TO1
Q13131;Q13131-2	2	1	1	1	NO	NO	NO	UNIQUE_1TO1
Q13136;Q13136-2	2	1	1	0	NO	NO	YES	UNMAPPED
Q13144	1	1	1	1	NO	NO	NO	UNIQUE_1TO1
Q13148	1	1	1	1	NO	NO	NO	UNIQUE_1TO1
Q13151	1	1	1	1	NO	NO	NO	UNIQUE_1TO1
Q13153	1	1	1	1	NO	NO	NO	UNIQUE_1TO1
Q13155	1	1	1	1	NO	NO	NO	UNIQUE_1TO1
Q13158	1	1	1	1	NO	NO	NO	UNIQUE_1TO1
Q13162	1	1	1	1	NO	NO	NO	UNIQUE_1TO1
Q13177	1	1	1	1	NO	NO	NO	UNIQUE_1TO1
Q13185	1	1	1	1	NO	NO	NO	UNIQUE_1TO1
Q13190;Q13190-4	2	1	1	1	NO	NO	NO	UNIQUE_1TO1
Q13200	1	1	1	1	NO	NO	NO	UNIQUE_1TO1
Q13206	1	1	1	1	NO	NO	NO	UNIQUE_1TO1
Q13217	1	1	1	1	NO	NO	NO	UNIQUE_1TO1
Q13232	1	1	1	1	NO	NO	NO	UNIQUE_1TO1
Q13242	1	1	1	1	NO	NO	NO	UNIQUE_1TO1
Q13243;Q13243-3	2	1	1	1	NO	NO	NO	UNIQUE_1TO1
Q13247;Q13247-3	2	1	1	1	NO	NO	NO	UNIQUE_1TO1
Q13263	1	1	1	1	NO	NO	NO	UNIQUE_1TO1
Q13283	1	1	1	1	NO	NO	NO	UNIQUE_1TO1
Q13287	1	1	1	1	NO	NO	NO	UNIQUE_1TO1
Q13308;Q13308-4;Q13308-6	3	1	1	1	NO	NO	NO	UNIQUE_1TO1
Q13310;Q13310-2;Q13310-3	3	1	1	1	NO	NO	NO	UNIQUE_1TO1
Q13325	1	1	1	1	NO	NO	NO	UNIQUE_1TO1
Q13330;Q13330-3	2	1	1	1	NO	NO	NO	UNIQUE_1TO1
Q13332;Q13332-2;Q13332-3;Q13332-4;Q13332-6	5	1	1	1	NO	NO	NO	UNIQUE_1TO1
Q13347	1	1	1	1	NO	NO	NO	UNIQUE_1TO1
Q13356	1	1	1	1	NO	NO	NO	UNIQUE_1TO1
Q13362;Q13362-2;Q13362-3;Q13362-4;Q13362-5	5	1	1	1	NO	NO	NO	UNIQUE_1TO1
Q13363;Q13363-2	2	1	1	1	NO	NO	NO	UNIQUE_1TO1
Q13393-2	1	1	1	1	NO	NO	NO	UNIQUE_1TO1
Q13404	1	1	1	1	NO	NO	NO	UNIQUE_1TO1
Q13405	1	1	1	1	NO	NO	NO	UNIQUE_1TO1
Q13409-3	1	1	1	0	NO	NO	YES	UNMAPPED
Q13416	1	1	1	1	NO	NO	NO	UNIQUE_1TO1
Q13418;Q13418-2	2	1	1	1	NO	NO	NO	UNIQUE_1TO1
Q13423	1	1	1	1	NO	NO	NO	UNIQUE_1TO1
Q13425	1	1	1	0	NO	NO	YES	UNMAPPED
Q13426;Q13426-2;Q13426-3	3	1	1	1	NO	NO	NO	UNIQUE_1TO1
Q13427;Q13427-2	2	1	1	1	NO	NO	NO	UNIQUE_1TO1
Q13428;Q13428-3;Q13428-4	3	1	1	1	NO	NO	NO	UNIQUE_1TO1
Q13435	1	1	1	1	NO	NO	NO	UNIQUE_1TO1
Q13438;Q13438-4	2	1	1	1	NO	NO	NO	UNIQUE_1TO1
Q13439;Q13439-3;Q13439-4;Q13439-5	4	1	1	1	NO	NO	NO	UNIQUE_1TO1
Q13442	1	1	1	1	NO	NO	NO	UNIQUE_1TO1
Q13443	1	1	1	0	NO	NO	YES	UNMAPPED
Q13445	1	1	1	1	NO	NO	NO	UNIQUE_1TO1
Q13451	1	1	1	1	NO	NO	NO	UNIQUE_1TO1
Q13459;Q13459-2	2	1	1	1	NO	NO	NO	UNIQUE_1TO1
Q13472;Q13472-2;Q13472-3	3	1	1	0	NO	NO	YES	UNMAPPED
Q13485	1	1	1	1	NO	NO	NO	UNIQUE_1TO1
Q13492;Q13492-2;Q13492-3;Q13492-5	4	1	1	1	NO	NO	NO	UNIQUE_1TO1
Q13501	1	1	1	0	NO	NO	YES	UNMAPPED
Q13503	1	1	1	1	NO	NO	NO	UNIQUE_1TO1
Q13505;Q13505-3	2	1	1	1	NO	NO	NO	UNIQUE_1TO1
Q13506	1	1	1	1	NO	NO	NO	UNIQUE_1TO1
Q13509	1	1	1	1	NO	NO	NO	UNIQUE_1TO1
Q13510;Q13510-2	2	1	1	1	NO	NO	NO	UNIQUE_1TO1
Q13523	1	1	1	1	NO	NO	NO	UNIQUE_1TO1
Q13526	1	1	1	1	NO	NO	NO	UNIQUE_1TO1
Q13535;Q13535-2;Q13535-3	3	1	1	1	NO	NO	NO	UNIQUE_1TO1
Q13541	1	1	1	1	NO	NO	NO	UNIQUE_1TO1
Q13546	1	1	1	1	NO	NO	NO	UNIQUE_1TO1
Q13547	1	1	1	1	NO	NO	NO	UNIQUE_1TO1
Q13555-10;Q13555-11;Q13555-4;Q13555-5	4	1	1	1	NO	NO	NO	UNIQUE_1TO1
Q13561;Q13561-2;Q13561-3	3	1	1	1	NO	NO	NO	UNIQUE_1TO1
Q13564;Q13564-2;Q13564-3;Q13564-4	4	1	1	1	NO	NO	NO	UNIQUE_1TO1
Q13572	1	1	1	0	NO	NO	YES	UNMAPPED
Q13573	1	1	1	1	NO	NO	NO	UNIQUE_1TO1
Q13586	1	1	1	1	NO	NO	NO	UNIQUE_1TO1
Q13595;Q13595-3;Q13595-4	3	1	1	1	NO	NO	NO	UNIQUE_1TO1
Q13596;Q13596-2	2	1	1	1	NO	NO	NO	UNIQUE_1TO1
Q13601;Q13601-2	2	1	1	1	NO	NO	NO	UNIQUE_1TO1
Q13610	1	1	1	1	NO	NO	NO	UNIQUE_1TO1
Q13613;Q13613-2	2	1	1	1	NO	NO	NO	UNIQUE_1TO1
Q13616	1	1	1	1	NO	NO	NO	UNIQUE_1TO1
Q13617;Q13617-2	2	1	1	1	NO	NO	NO	UNIQUE_1TO1
Q13618;Q13618-2	2	1	1	1	NO	NO	NO	UNIQUE_1TO1
Q13619	1	1	1	1	NO	NO	NO	UNIQUE_1TO1
Q13620;Q13620-1	2	1	1	1	NO	NO	NO	UNIQUE_1TO1
Q13625;Q13625-2;Q13625-3	3	1	1	1	NO	NO	NO	UNIQUE_1TO1
Q13630	1	1	1	0	NO	NO	YES	UNMAPPED
Q13637	1	1	1	1	NO	NO	NO	UNIQUE_1TO1
Q13641	1	1	1	0	NO	NO	YES	UNMAPPED
Q13671	1	1	1	1	NO	NO	NO	UNIQUE_1TO1
Q13685	1	1	1	1	NO	NO	NO	UNIQUE_1TO1
Q13686	1	1	1	1	NO	NO	NO	UNIQUE_1TO1
Q13724;Q13724-2	2	1	1	1	NO	NO	NO	UNIQUE_1TO1
Q13740;Q13740-2	2	1	1	1	NO	NO	NO	UNIQUE_1TO1
Q13751	1	1	1	1	NO	NO	NO	UNIQUE_1TO1
Q13753	1	1	1	1	NO	NO	NO	UNIQUE_1TO1
Q13813	1	1	1	1	NO	NO	NO	UNIQUE_1TO1
Q13823	1	1	1	1	NO	NO	NO	UNIQUE_1TO1
Q13825	1	1	1	1	NO	NO	NO	UNIQUE_1TO1
Q13835;Q13835-2	2	1	1	1	NO	NO	NO	UNIQUE_1TO1
Q13838	1	1	1	0	NO	NO	YES	UNMAPPED
Q13867	1	1	1	1	NO	NO	NO	UNIQUE_1TO1
Q13868	1	1	1	1	NO	NO	NO	UNIQUE_1TO1
Q13885	1	1	1	1	NO	NO	NO	UNIQUE_1TO1
Q13887	1	1	1	1	NO	NO	NO	UNIQUE_1TO1
Q13895	1	1	1	1	NO	NO	NO	UNIQUE_1TO1
Q13907;Q13907-2	2	1	1	1	NO	NO	NO	UNIQUE_1TO1
Q13951	1	1	1	1	NO	NO	NO	UNIQUE_1TO1
Q13951-2	1	1	1	1	NO	NO	NO	UNIQUE_1TO1
Q13952;Q13952-2;Q13952-3;Q13952-5;Q13952-6;Q13952-7	6	1	1	1	NO	NO	NO	UNIQUE_1TO1
Q14004;Q14004-2	2	1	1	1	NO	NO	NO	UNIQUE_1TO1
Q14008;Q14008-2	2	1	1	1	NO	NO	NO	UNIQUE_1TO1
Q14011	1	1	1	1	NO	NO	NO	UNIQUE_1TO1
Q14019	1	1	1	1	NO	NO	NO	UNIQUE_1TO1
Q14061	1	1	1	1	NO	NO	NO	UNIQUE_1TO1
Q14103;Q14103-3	2	1	1	1	NO	NO	NO	UNIQUE_1TO1
Q14116	1	1	1	1	NO	NO	NO	UNIQUE_1TO1
Q14118	1	1	1	1	NO	NO	NO	UNIQUE_1TO1
Q14119	1	1	1	1	NO	NO	NO	UNIQUE_1TO1
Q14126	1	1	1	1	NO	NO	NO	UNIQUE_1TO1
Q14134	1	1	1	1	NO	NO	NO	UNIQUE_1TO1
Q14135;Q14135-2;Q14135-4;Q14135-5;Q14135-6	5	1	1	1	NO	NO	NO	UNIQUE_1TO1
Q14137	1	1	1	1	NO	NO	NO	UNIQUE_1TO1
Q14142;Q14142-3	2	1	1	1	NO	NO	NO	UNIQUE_1TO1
Q14145	1	1	1	1	NO	NO	NO	UNIQUE_1TO1
Q14146	1	1	1	1	NO	NO	NO	UNIQUE_1TO1
Q14151	1	1	1	1	NO	NO	NO	UNIQUE_1TO1
Q14152	1	1	1	1	NO	NO	NO	UNIQUE_1TO1
Q14155;Q14155-1;Q14155-2;Q14155-3;Q14155-5;Q14155-6	6	1	1	1	NO	NO	NO	UNIQUE_1TO1
Q14156;Q14156-2;Q14156-3	3	1	1	1	NO	NO	NO	UNIQUE_1TO1
Q14157;Q14157-1;Q14157-3;Q14157-4;Q14157-5	5	1	1	1	NO	NO	NO	UNIQUE_1TO1
Q14160;Q14160-3	2	1	1	0	NO	NO	YES	UNMAPPED
Q14161;Q14161-10;Q14161-11;Q14161-2;Q14161-3;Q14161-4;Q14161-5;Q14161-6;Q14161-7;Q14161-8	10	1	1	1	NO	NO	NO	UNIQUE_1TO1
Q14165	1	1	1	1	NO	NO	NO	UNIQUE_1TO1
Q14166	1	1	1	1	NO	NO	NO	UNIQUE_1TO1
Q14181	1	1	1	1	NO	NO	NO	UNIQUE_1TO1
Q14185	1	1	1	1	NO	NO	NO	UNIQUE_1TO1
Q14186;Q14186-2	2	1	1	1	NO	NO	NO	UNIQUE_1TO1
Q14192	1	1	1	1	NO	NO	NO	UNIQUE_1TO1
Q14195-2	1	1	1	1	NO	NO	NO	UNIQUE_1TO1
Q14197	1	1	1	1	NO	NO	NO	UNIQUE_1TO1
Q14203;Q14203-3;Q14203-4;Q14203-6	4	1	1	1	NO	NO	NO	UNIQUE_1TO1
Q14204	1	1	1	1	NO	NO	NO	UNIQUE_1TO1
Q14232	1	1	1	1	NO	NO	NO	UNIQUE_1TO1
Q14240;Q14240-2	2	1	1	1	NO	NO	NO	UNIQUE_1TO1
Q14241	1	1	1	1	NO	NO	NO	UNIQUE_1TO1
Q14244	1	1	1	1	NO	NO	NO	UNIQUE_1TO1
Q14247	1	1	1	0	NO	NO	YES	UNMAPPED
Q14249	1	1	1	1	NO	NO	NO	UNIQUE_1TO1
Q14254	1	1	1	1	NO	NO	NO	UNIQUE_1TO1
Q14257;Q14257-2	2	1	1	1	NO	NO	NO	UNIQUE_1TO1
Q14258	1	1	1	1	NO	NO	NO	UNIQUE_1TO1
Q14289;Q14289-2	2	1	1	1	NO	NO	NO	UNIQUE_1TO1
Q14318;Q14318-2	2	1	1	1	NO	NO	NO	UNIQUE_1TO1
Q14320	1	1	1	1	NO	NO	NO	UNIQUE_1TO1
Q14331	1	1	1	0	NO	NO	YES	UNMAPPED
Q14344	1	1	1	1	NO	NO	NO	UNIQUE_1TO1
Q14376	1	1	1	1	NO	NO	NO	UNIQUE_1TO1
Q14435	1	1	1	1	NO	NO	NO	UNIQUE_1TO1
Q14444;Q14444-2	2	1	1	1	NO	NO	NO	UNIQUE_1TO1
Q14451;Q14451-3;Q14451-4	3	1	1	1	NO	NO	NO	UNIQUE_1TO1
Q14498;Q14498-2;Q14498-3	3	1	1	1	NO	NO	NO	UNIQUE_1TO1
Q14508;Q14508-2;Q14508-3	3	1	1	1	NO	NO	NO	UNIQUE_1TO1
Q14512	1	1	1	1	NO	NO	NO	UNIQUE_1TO1
Q14517	1	1	1	1	NO	NO	NO	UNIQUE_1TO1
Q14527;Q14527-2	2	1	1	1	NO	NO	NO	UNIQUE_1TO1
Q14534	1	1	1	1	NO	NO	NO	UNIQUE_1TO1
Q14554	1	1	1	1	NO	NO	NO	UNIQUE_1TO1
Q14558;Q14558-2	2	1	1	1	NO	NO	NO	UNIQUE_1TO1
Q14562	1	1	1	1	NO	NO	NO	UNIQUE_1TO1
Q14566	1	1	1	1	NO	NO	NO	UNIQUE_1TO1
Q14573	1	1	1	1	NO	NO	NO	UNIQUE_1TO1
Q14574;Q14574-2	2	1	1	1	NO	NO	NO	UNIQUE_1TO1
Q14651	1	1	1	1	NO	NO	NO	UNIQUE_1TO1
Q14653;Q14653-4	2	1	1	1	NO	NO	NO	UNIQUE_1TO1
Q14657	1	1	1	1	NO	NO	NO	UNIQUE_1TO1
Q14667;Q14667-2	2	1	1	1	NO	NO	NO	UNIQUE_1TO1
Q14669-2	1	1	1	1	NO	NO	NO	UNIQUE_1TO1
Q14671	1	1	1	1	NO	NO	NO	UNIQUE_1TO1
Q14676;Q14676-2	2	1	1	0	NO	NO	YES	UNMAPPED
Q14677-3	1	1	1	1	NO	NO	NO	UNIQUE_1TO1
Q14683	1	1	1	1	NO	NO	NO	UNIQUE_1TO1
Q14684;Q14684-2	2	1	1	1	NO	NO	NO	UNIQUE_1TO1
Q14690	1	1	1	1	NO	NO	NO	UNIQUE_1TO1
Q14691	1	1	1	1	NO	NO	NO	UNIQUE_1TO1
Q14692	1	1	1	1	NO	NO	NO	UNIQUE_1TO1
Q14694;Q14694-2;Q14694-3	3	1	1	1	NO	NO	NO	UNIQUE_1TO1
Q14696	1	1	1	1	NO	NO	NO	UNIQUE_1TO1
Q14697	1	1	1	1	NO	NO	NO	UNIQUE_1TO1
Q14697-2	1	1	1	1	NO	NO	NO	UNIQUE_1TO1
Q14728	1	1	1	1	NO	NO	NO	UNIQUE_1TO1
Q14738;Q14738-2;Q14738-3	3	1	1	1	NO	NO	NO	UNIQUE_1TO1
Q14739	1	1	1	1	NO	NO	NO	UNIQUE_1TO1
Q14746;Q14746-2	2	1	1	1	NO	NO	NO	UNIQUE_1TO1
Q14764	1	1	1	1	NO	NO	NO	UNIQUE_1TO1
Q14789;Q14789-2;Q14789-3;Q14789-4	4	1	1	1	NO	NO	NO	UNIQUE_1TO1
Q147X3;Q147X3-2	2	1	1	1	NO	NO	NO	UNIQUE_1TO1
Q14802;Q14802-2;Q14802-3	3	1	1	1	NO	NO	NO	UNIQUE_1TO1
Q14807;Q14807-2	2	1	1	1	NO	NO	NO	UNIQUE_1TO1
Q14839;Q14839-2	2	1	1	1	NO	NO	NO	UNIQUE_1TO1
Q14847	1	1	1	1	NO	NO	NO	UNIQUE_1TO1
Q14914	1	1	1	1	NO	NO	NO	UNIQUE_1TO1
Q14919;Q14919-2	2	1	1	1	NO	NO	NO	UNIQUE_1TO1
Q14929	1	1	1	1	NO	NO	NO	UNIQUE_1TO1
Q14966;Q14966-3;Q14966-4	3	1	1	1	NO	NO	NO	UNIQUE_1TO1
Q14974	1	1	1	1	NO	NO	NO	UNIQUE_1TO1
Q14978-3	1	1	1	1	NO	NO	NO	UNIQUE_1TO1
Q14978;Q14978-2	2	1	1	1	NO	NO	NO	UNIQUE_1TO1
Q14980	1	1	1	1	NO	NO	NO	UNIQUE_1TO1
Q14997	1	1	1	1	NO	NO	NO	UNIQUE_1TO1
Q14BN4;Q14BN4-2;Q14BN4-3	3	1	1	1	NO	NO	NO	UNIQUE_1TO1
Q14C86;Q14C86-2;Q14C86-3;Q14C86-5;Q14C86-6	5	1	1	1	NO	NO	NO	UNIQUE_1TO1
Q14CN4;Q14CN4-2;Q14CN4-3	3	1	1	1	NO	NO	NO	UNIQUE_1TO1
Q14CX7	1	1	1	1	NO	NO	NO	UNIQUE_1TO1
Q15003	1	1	1	1	NO	NO	NO	UNIQUE_1TO1
Q15004	1	1	1	1	NO	NO	NO	UNIQUE_1TO1
Q15005	1	1	1	1	NO	NO	NO	UNIQUE_1TO1
Q15006	1	1	1	1	NO	NO	NO	UNIQUE_1TO1
Q15007	1	1	1	1	NO	NO	NO	UNIQUE_1TO1
Q15008	1	1	1	1	NO	NO	NO	UNIQUE_1TO1
Q15014	1	1	1	1	NO	NO	NO	UNIQUE_1TO1
Q15019;Q15019-2	2	1	1	1	NO	NO	NO	UNIQUE_1TO1
Q15020;Q15020-4	2	1	1	1	NO	NO	NO	UNIQUE_1TO1
Q15021	1	1	1	1	NO	NO	NO	UNIQUE_1TO1
Q15022	1	1	1	1	NO	NO	NO	UNIQUE_1TO1
Q15024	1	1	1	1	NO	NO	NO	UNIQUE_1TO1
Q15025;Q15025-2;Q15025-3;Q15025-4;Q15025-5;Q15025-6;Q15025-7;Q15025-8	8	1	1	1	NO	NO	NO	UNIQUE_1TO1
Q15029	1	1	1	1	NO	NO	NO	UNIQUE_1TO1
Q15036;Q15036-2	2	1	1	1	NO	NO	NO	UNIQUE_1TO1
Q15041	1	1	1	1	NO	NO	NO	UNIQUE_1TO1
Q15042	1	1	1	1	NO	NO	NO	UNIQUE_1TO1
Q15046	1	1	1	1	NO	NO	NO	UNIQUE_1TO1
Q15050	1	1	1	1	NO	NO	NO	UNIQUE_1TO1
Q15054	1	1	1	1	NO	NO	NO	UNIQUE_1TO1
Q15056;Q15056-2	2	1	1	1	NO	NO	NO	UNIQUE_1TO1
Q15057	1	1	1	1	NO	NO	NO	UNIQUE_1TO1
Q15058	1	1	1	1	NO	NO	NO	UNIQUE_1TO1
Q15059;Q15059-2	2	1	1	1	NO	NO	NO	UNIQUE_1TO1
Q15061	1	1	1	1	NO	NO	NO	UNIQUE_1TO1
Q15067-2	1	1	1	1	NO	NO	NO	UNIQUE_1TO1
Q15075	1	1	1	1	NO	NO	NO	UNIQUE_1TO1
Q15084;Q15084-2;Q15084-3;Q15084-4;Q15084-5	5	1	1	1	NO	NO	NO	UNIQUE_1TO1
Q15102	1	1	1	1	NO	NO	NO	UNIQUE_1TO1
Q15121	1	1	1	1	NO	NO	NO	UNIQUE_1TO1
Q15125	1	1	1	1	NO	NO	NO	UNIQUE_1TO1
Q15126	1	1	1	1	NO	NO	NO	UNIQUE_1TO1
Q15149	1	1	1	1	NO	NO	NO	UNIQUE_1TO1
Q15149-4	1	1	1	1	NO	NO	NO	UNIQUE_1TO1
Q15154-5	1	1	1	1	NO	NO	NO	UNIQUE_1TO1
Q15165;Q15165-1;Q15165-3	3	1	1	1	NO	NO	NO	UNIQUE_1TO1
Q15181	1	1	1	1	NO	NO	NO	UNIQUE_1TO1
Q15185;Q15185-4	2	1	1	1	NO	NO	NO	UNIQUE_1TO1
Q15208	1	1	1	1	NO	NO	NO	UNIQUE_1TO1
Q15223	1	1	1	1	NO	NO	NO	UNIQUE_1TO1
Q15233	1	1	1	1	NO	NO	NO	UNIQUE_1TO1
Q15257	1	1	1	1	NO	NO	NO	UNIQUE_1TO1
Q15262;Q15262-2;Q15262-3;Q15262-4	4	1	1	0	NO	NO	YES	UNMAPPED
Q15269	1	1	1	1	NO	NO	NO	UNIQUE_1TO1
Q15276;Q15276-2	2	1	1	1	NO	NO	NO	UNIQUE_1TO1
Q15286;Q15286-2	2	1	1	1	NO	NO	NO	UNIQUE_1TO1
Q15287	1	1	1	1	NO	NO	NO	UNIQUE_1TO1
Q15291;Q15291-2	2	1	1	1	NO	NO	NO	UNIQUE_1TO1
Q15293	1	1	1	1	NO	NO	NO	UNIQUE_1TO1
Q15311	1	1	1	1	NO	NO	NO	UNIQUE_1TO1
Q15334	1	1	1	1	NO	NO	NO	UNIQUE_1TO1
Q15345;Q15345-3	2	1	1	1	NO	NO	NO	UNIQUE_1TO1
Q15363	1	1	1	1	NO	NO	NO	UNIQUE_1TO1
Q15365	1	1	1	1	NO	NO	NO	UNIQUE_1TO1
Q15366	1	1	1	1	NO	NO	NO	UNIQUE_1TO1
Q15366-4	1	1	1	1	NO	NO	NO	UNIQUE_1TO1
Q15366-7	1	1	1	1	NO	NO	NO	UNIQUE_1TO1
Q15369	1	1	1	1	NO	NO	NO	UNIQUE_1TO1
Q15370;Q15370-2	2	1	1	1	NO	NO	NO	UNIQUE_1TO1
Q15382	1	1	1	1	NO	NO	NO	UNIQUE_1TO1
Q15386	1	1	1	1	NO	NO	NO	UNIQUE_1TO1
Q15388	1	1	1	1	NO	NO	NO	UNIQUE_1TO1
Q15392;Q15392-2	2	1	1	1	NO	NO	NO	UNIQUE_1TO1
Q15393	1	1	1	1	NO	NO	NO	UNIQUE_1TO1
Q15397	1	1	1	1	NO	NO	NO	UNIQUE_1TO1
Q15398-3	1	1	1	1	NO	NO	NO	UNIQUE_1TO1
Q15399	1	1	1	1	NO	NO	NO	UNIQUE_1TO1
Q15404	1	1	1	1	NO	NO	NO	UNIQUE_1TO1
Q15417	1	1	1	1	NO	NO	NO	UNIQUE_1TO1
Q15418;Q15418-2;Q15418-4	3	1	1	0	NO	NO	YES	UNMAPPED
Q15424;Q15424-2;Q15424-3;Q15424-4	4	1	1	1	NO	NO	NO	UNIQUE_1TO1
Q15427	1	1	1	1	NO	NO	NO	UNIQUE_1TO1
Q15428	1	1	1	1	NO	NO	NO	UNIQUE_1TO1
Q15434	1	1	1	1	NO	NO	NO	UNIQUE_1TO1
Q15435	1	1	1	1	NO	NO	NO	UNIQUE_1TO1
Q15436	1	1	1	1	NO	NO	NO	UNIQUE_1TO1
Q15437	1	1	1	1	NO	NO	NO	UNIQUE_1TO1
Q15459	1	1	1	1	NO	NO	NO	UNIQUE_1TO1
Q15477	1	1	1	0	NO	NO	YES	UNMAPPED
Q15527	1	1	1	0	NO	NO	YES	UNMAPPED
Q15542;Q15542-2	2	1	1	1	NO	NO	NO	UNIQUE_1TO1
Q15554	1	1	1	1	NO	NO	NO	UNIQUE_1TO1
Q15555	1	1	1	1	NO	NO	NO	UNIQUE_1TO1
Q15582	1	1	1	1	NO	NO	NO	UNIQUE_1TO1
Q15599;Q15599-2	2	1	1	1	NO	NO	NO	UNIQUE_1TO1
Q15628	1	1	1	1	NO	NO	NO	UNIQUE_1TO1
Q15629;Q15629-2	2	1	1	1	NO	NO	NO	UNIQUE_1TO1
Q15631	1	1	1	1	NO	NO	NO	UNIQUE_1TO1
Q15637;Q15637-2;Q15637-3;Q15637-4;Q15637-6	5	1	1	1	NO	NO	NO	UNIQUE_1TO1
Q15642	1	1	1	1	NO	NO	NO	UNIQUE_1TO1
Q15643	1	1	1	1	NO	NO	NO	UNIQUE_1TO1
Q15645	1	1	1	1	NO	NO	NO	UNIQUE_1TO1
Q15646;Q15646-2;Q15646-3	3	1	1	1	NO	NO	NO	UNIQUE_1TO1
Q15648	1	1	1	1	NO	NO	NO	UNIQUE_1TO1
Q15650	1	1	1	1	NO	NO	NO	UNIQUE_1TO1
Q15653;Q15653-2	2	1	1	0	NO	NO	YES	UNMAPPED
Q15654	1	1	1	1	NO	NO	NO	UNIQUE_1TO1
Q15691	1	1	1	1	NO	NO	NO	UNIQUE_1TO1
Q15714;Q15714-2;Q15714-3;Q15714-5	4	1	1	1	NO	NO	NO	UNIQUE_1TO1
Q15717	1	1	1	1	NO	NO	NO	UNIQUE_1TO1
Q15738	1	1	1	0	NO	NO	YES	UNMAPPED
Q15758	1	1	1	1	NO	NO	NO	UNIQUE_1TO1
Q15773	1	1	1	1	NO	NO	NO	UNIQUE_1TO1
Q15785	1	1	1	1	NO	NO	NO	UNIQUE_1TO1
Q15796;Q15796-2	2	1	1	1	NO	NO	NO	UNIQUE_1TO1
Q15800;Q15800-2	2	1	1	1	NO	NO	NO	UNIQUE_1TO1
Q15811;Q15811-10;Q15811-11;Q15811-12;Q15811-13;Q15811-2;Q15811-3;Q15811-4;Q15811-5;Q15811-6;Q15811-7;Q15811-8;Q15811-9	13	1	1	1	NO	NO	NO	UNIQUE_1TO1
Q15813;Q15813-2	2	1	1	1	NO	NO	NO	UNIQUE_1TO1
Q15814	1	1	1	1	NO	NO	NO	UNIQUE_1TO1
Q15819	1	1	1	1	NO	NO	NO	UNIQUE_1TO1
Q15833;Q15833-2;Q15833-3	3	1	1	1	NO	NO	NO	UNIQUE_1TO1
Q15836	1	1	1	1	NO	NO	NO	UNIQUE_1TO1
Q15843	1	1	1	0	NO	NO	YES	UNMAPPED
Q15847	1	1	1	1	NO	NO	NO	UNIQUE_1TO1
Q15904	1	1	1	1	NO	NO	NO	UNIQUE_1TO1
Q15907	1	1	1	1	NO	NO	NO	UNIQUE_1TO1
Q15910;Q15910-2;Q15910-3;Q15910-4	4	1	1	1	NO	NO	NO	UNIQUE_1TO1
Q15942	1	1	1	0	NO	NO	YES	UNMAPPED
Q16134;Q16134-3	2	1	1	1	NO	NO	NO	UNIQUE_1TO1
Q16181;Q16181-2	2	1	1	1	NO	NO	NO	UNIQUE_1TO1
Q16186	1	1	1	1	NO	NO	NO	UNIQUE_1TO1
Q16204	1	1	1	1	NO	NO	NO	UNIQUE_1TO1
Q16222;Q16222-2;Q16222-3	3	1	1	1	NO	NO	NO	UNIQUE_1TO1
Q16254	1	1	1	1	NO	NO	NO	UNIQUE_1TO1
Q16270;Q16270-2	2	1	1	1	NO	NO	NO	UNIQUE_1TO1
Q16363;Q16363-2	2	1	1	1	NO	NO	NO	UNIQUE_1TO1
Q16401;Q16401-2	2	1	1	1	NO	NO	NO	UNIQUE_1TO1
Q16513;Q16513-2	2	1	1	1	NO	NO	NO	UNIQUE_1TO1
Q16527	1	1	1	1	NO	NO	NO	UNIQUE_1TO1
Q16531	1	1	1	1	NO	NO	NO	UNIQUE_1TO1
Q16537;Q16537-2	2	1	1	1	NO	NO	NO	UNIQUE_1TO1
Q16539	1	1	1	1	NO	NO	NO	UNIQUE_1TO1
Q16540	1	1	1	0	NO	NO	YES	UNMAPPED
Q16543	1	1	1	1	NO	NO	NO	UNIQUE_1TO1
Q16555	1	1	1	1	NO	NO	NO	UNIQUE_1TO1
Q16563;Q16563-2	2	1	1	1	NO	NO	NO	UNIQUE_1TO1
Q16576	1	1	1	1	NO	NO	NO	UNIQUE_1TO1
Q16589;Q16589-2	2	1	1	1	NO	NO	NO	UNIQUE_1TO1
Q16595	1	1	1	1	NO	NO	NO	UNIQUE_1TO1
Q16611;Q16611-2	2	1	1	1	NO	NO	NO	UNIQUE_1TO1
Q16625;Q16625-2;Q16625-3;Q16625-4	4	1	1	0	NO	NO	YES	UNMAPPED
Q16626	1	1	1	1	NO	NO	NO	UNIQUE_1TO1
Q16629;Q16629-2;Q16629-3;Q16629-4	4	1	1	1	NO	NO	NO	UNIQUE_1TO1
Q16630;Q16630-2;Q16630-3	3	1	1	1	NO	NO	NO	UNIQUE_1TO1
Q16637;Q16637-2;Q16637-3;Q16637-4	4	1	1	0	NO	NO	YES	UNMAPPED
Q16651	1	1	1	1	NO	NO	NO	UNIQUE_1TO1
Q16658	1	1	1	1	NO	NO	NO	UNIQUE_1TO1
Q16666;Q16666-2;Q16666-3	3	1	1	1	NO	NO	NO	UNIQUE_1TO1
Q16698;Q16698-2	2	1	1	1	NO	NO	NO	UNIQUE_1TO1
Q16706	1	1	1	1	NO	NO	NO	UNIQUE_1TO1
Q16718	1	1	1	1	NO	NO	NO	UNIQUE_1TO1
Q16719	1	1	1	1	NO	NO	NO	UNIQUE_1TO1
Q16740	1	1	1	1	NO	NO	NO	UNIQUE_1TO1
Q16760;Q16760-2;Q86XP1;Q86XP1-2;Q86XP1-3;Q86XP1-5	6	2	2	2	NO	NO	NO	PROTEIN_GROUP_MULTI_GENE
Q16762	1	1	1	1	NO	NO	NO	UNIQUE_1TO1
Q16763	1	1	1	1	NO	NO	NO	UNIQUE_1TO1
Q16774	1	1	1	1	NO	NO	NO	UNIQUE_1TO1
Q16775;Q16775-2	2	1	1	1	NO	NO	NO	UNIQUE_1TO1
Q16777;Q6FI13	2	2	2	2	NO	NO	NO	PROTEIN_GROUP_MULTI_GENE
Q16787	1	1	1	1	NO	NO	NO	UNIQUE_1TO1
Q16795	1	1	1	1	NO	NO	NO	UNIQUE_1TO1
Q16822	1	1	1	0	NO	NO	YES	UNMAPPED
Q16831	1	1	1	1	NO	NO	NO	UNIQUE_1TO1
Q16836	1	1	1	1	NO	NO	NO	UNIQUE_1TO1
Q16850	1	1	1	1	NO	NO	NO	UNIQUE_1TO1
Q16851-2	1	1	1	1	NO	NO	NO	UNIQUE_1TO1
Q16864;Q16864-2	2	1	1	1	NO	NO	NO	UNIQUE_1TO1
Q16875;Q16875-2;Q16875-3;Q16875-4	4	1	1	1	NO	NO	NO	UNIQUE_1TO1
Q16880	1	1	1	1	NO	NO	NO	UNIQUE_1TO1
Q16881;Q16881-2;Q16881-3;Q16881-4;Q16881-5;Q16881-6	6	1	1	1	NO	NO	NO	UNIQUE_1TO1
Q16890;Q16890-5	2	1	1	1	NO	NO	NO	UNIQUE_1TO1
Q16891;Q16891-2;Q16891-4	3	1	1	1	NO	NO	NO	UNIQUE_1TO1
Q1ED39	1	1	1	1	NO	NO	NO	UNIQUE_1TO1
Q1KMD3	1	1	1	1	NO	NO	NO	UNIQUE_1TO1
Q27J81;Q27J81-2	2	1	1	1	NO	NO	NO	UNIQUE_1TO1
Q29RF7	1	1	1	1	NO	NO	NO	UNIQUE_1TO1
Q2M2I8;Q2M2I8-2	2	1	1	1	NO	NO	NO	UNIQUE_1TO1
Q2NKX8	1	1	1	1	NO	NO	NO	UNIQUE_1TO1
Q2NL82	1	1	1	1	NO	NO	NO	UNIQUE_1TO1
Q2T9J0;Q2T9J0-2	2	1	1	1	NO	NO	NO	UNIQUE_1TO1
Q2TAA2;Q2TAA2-2	2	1	1	1	NO	NO	NO	UNIQUE_1TO1
Q2TAA5	1	1	1	1	NO	NO	NO	UNIQUE_1TO1
Q2TAL8	1	1	1	1	NO	NO	NO	UNIQUE_1TO1
Q2TAY7	1	1	1	1	NO	NO	NO	UNIQUE_1TO1
Q2V2M9;Q2V2M9-2;Q2V2M9-3;Q2V2M9-4	4	1	1	1	NO	NO	NO	UNIQUE_1TO1
Q30201;Q30201-2;Q30201-3;Q30201-4;Q30201-5;Q30201-8	6	1	1	1	NO	NO	NO	UNIQUE_1TO1
Q32MZ4-2;Q32MZ4-3	2	1	1	1	NO	NO	NO	UNIQUE_1TO1
Q32P41	1	1	1	1	NO	NO	NO	UNIQUE_1TO1
Q32P44	1	1	1	1	NO	NO	NO	UNIQUE_1TO1
Q3B726	1	1	1	1	NO	NO	NO	UNIQUE_1TO1
Q3I5F7	1	1	1	1	NO	NO	NO	UNIQUE_1TO1
Q3KQU3;Q3KQU3-2	2	1	1	1	NO	NO	NO	UNIQUE_1TO1
Q3LXA3	1	1	1	1	NO	NO	NO	UNIQUE_1TO1
Q3MHD2;Q3MHD2-2	2	1	1	1	NO	NO	NO	UNIQUE_1TO1
Q3SXM5;Q3SXM5-2	2	1	1	1	NO	NO	NO	UNIQUE_1TO1
Q3YEC7	1	1	1	1	NO	NO	NO	UNIQUE_1TO1
Q3ZAQ7	1	1	1	1	NO	NO	NO	UNIQUE_1TO1
Q3ZCM7	1	1	1	1	NO	NO	NO	UNIQUE_1TO1
Q3ZCQ8;Q3ZCQ8-2	2	1	1	1	NO	NO	NO	UNIQUE_1TO1
Q460N5;Q460N5-1;Q460N5-3	3	1	1	1	NO	NO	NO	UNIQUE_1TO1
Q49A26;Q49A26-2;Q49A26-4;Q49A26-5	4	1	1	1	NO	NO	NO	UNIQUE_1TO1
Q4ADV7;Q4ADV7-3	2	1	1	1	NO	NO	NO	UNIQUE_1TO1
Q4G0F5	1	1	1	1	NO	NO	NO	UNIQUE_1TO1
Q4G0I0	1	1	1	1	NO	NO	NO	UNIQUE_1TO1
Q4G0J3;Q4G0J3-3	2	1	1	1	NO	NO	NO	UNIQUE_1TO1
Q4G0N4;Q4G0N4-2;Q4G0N4-3	3	1	1	1	NO	NO	NO	UNIQUE_1TO1
Q4G176	1	1	1	1	NO	NO	NO	UNIQUE_1TO1
Q4KMP7	1	1	1	1	NO	NO	NO	UNIQUE_1TO1
Q4KMQ1	1	1	1	1	NO	NO	NO	UNIQUE_1TO1
Q4KMQ2;Q4KMQ2-2;Q4KMQ2-3	3	1	1	1	NO	NO	NO	UNIQUE_1TO1
Q4L180;Q4L180-2;Q4L180-3;Q4L180-5;Q4L180-6;Q4L180-7	6	1	1	1	NO	NO	NO	UNIQUE_1TO1
Q4U2R6	1	1	1	1	NO	NO	NO	UNIQUE_1TO1
Q4V328;Q4V328-4	2	1	1	0	NO	NO	YES	UNMAPPED
Q4VC05;Q4VC05-2;Q8WUZ0;Q8WUZ0-2;Q9BQE9;Q9BQE9-3;Q9BQE9-4	7	3	3	3	NO	NO	NO	PROTEIN_GROUP_MULTI_GENE
Q4VC31	1	1	1	1	NO	NO	NO	UNIQUE_1TO1
Q4VC44;Q4VC44-2;Q4VC44-3;Q96CP2	4	2	2	2	NO	NO	NO	PROTEIN_GROUP_MULTI_GENE
Q4ZIN3;Q4ZIN3-2	2	1	1	1	NO	NO	NO	UNIQUE_1TO1
Q52LJ0	1	1	1	0	NO	NO	YES	UNMAPPED
Q53EL6;Q53EL6-2	2	1	1	1	NO	NO	NO	UNIQUE_1TO1
Q53EP0	1	1	1	1	NO	NO	NO	UNIQUE_1TO1
Q53EZ4	1	1	1	1	NO	NO	NO	UNIQUE_1TO1
Q53F19	1	1	1	1	NO	NO	NO	UNIQUE_1TO1
Q53FT3	1	1	1	1	NO	NO	NO	UNIQUE_1TO1
Q53FV1	1	1	1	1	NO	NO	NO	UNIQUE_1TO1
Q53GA4	1	1	1	0	NO	NO	YES	UNMAPPED
Q53GL7	1	1	1	1	NO	NO	NO	UNIQUE_1TO1
Q53GQ0	1	1	1	1	NO	NO	NO	UNIQUE_1TO1
Q53GS7;Q53GS7-2	2	1	1	1	NO	NO	NO	UNIQUE_1TO1
Q53GS9	1	1	1	1	NO	NO	NO	UNIQUE_1TO1
Q53H12	1	1	1	0	NO	NO	YES	UNMAPPED
Q53H82	1	1	1	1	NO	NO	NO	UNIQUE_1TO1
Q53H96;Q53H96-2	2	1	1	0	NO	NO	YES	UNMAPPED
Q53HC9	1	1	1	1	NO	NO	NO	UNIQUE_1TO1
Q53LP3	1	1	1	1	NO	NO	NO	UNIQUE_1TO1
Q53SF7;Q53SF7-2;Q53SF7-3	3	1	1	1	NO	NO	NO	UNIQUE_1TO1
Q562R1	1	1	1	1	NO	NO	NO	UNIQUE_1TO1
Q567U6	1	1	1	1	NO	NO	NO	UNIQUE_1TO1
Q56A73	1	1	1	1	NO	NO	NO	UNIQUE_1TO1
Q56VL3	1	1	1	1	NO	NO	NO	UNIQUE_1TO1
Q58FF8	1	1	1	1	NO	NO	NO	UNIQUE_1TO1
Q5BKT4;Q5I7T1	2	2	2	2	NO	NO	NO	PROTEIN_GROUP_MULTI_GENE
Q5BKZ1	1	1	1	1	NO	NO	NO	UNIQUE_1TO1
Q5C9Z4	1	1	1	1	NO	NO	NO	UNIQUE_1TO1
Q5EBL4;Q5EBL4-2	2	1	1	1	NO	NO	NO	UNIQUE_1TO1
Q5GLZ8;Q5GLZ8-2;Q5GLZ8-3;Q5GLZ8-6	4	1	1	1	NO	NO	NO	UNIQUE_1TO1
Q5H9R7;Q5H9R7-2;Q5H9R7-3;Q5H9R7-4;Q5H9R7-5;Q5H9R7-6	6	1	1	1	NO	NO	NO	UNIQUE_1TO1
Q5HYK3	1	1	1	1	NO	NO	NO	UNIQUE_1TO1
Q5J8M3;Q5J8M3-2;Q5J8M3-3	3	1	1	1	NO	NO	NO	UNIQUE_1TO1
Q5JPE7;Q5JPE7-2	2	1	1	1	NO	NO	NO	UNIQUE_1TO1
Q5JPH6;Q5JPH6-2	2	1	1	1	NO	NO	NO	UNIQUE_1TO1
Q5JRA6;Q5JRA6-2	2	1	1	1	NO	NO	NO	UNIQUE_1TO1
Q5JRX3;Q5JRX3-2	2	1	1	1	NO	NO	NO	UNIQUE_1TO1
Q5JS54;Q5JS54-2	2	1	1	1	NO	NO	NO	UNIQUE_1TO1
Q5JSH3;Q5JSH3-2;Q5JSH3-3;Q5JSH3-4	4	1	1	1	NO	NO	NO	UNIQUE_1TO1
Q5JSP0;Q5JSP0-2;Q5JSP0-3	3	1	1	1	NO	NO	NO	UNIQUE_1TO1
Q5JSZ5	1	1	1	1	NO	NO	NO	UNIQUE_1TO1
Q5JTD0;Q5JTD0-2;Q5JTD0-4	3	1	1	1	NO	NO	NO	UNIQUE_1TO1
Q5JTH9;Q5JTH9-2;Q5JTH9-3	3	1	1	1	NO	NO	NO	UNIQUE_1TO1
Q5JTJ3;Q5JTJ3-2;Q5JTJ3-3	3	1	1	1	NO	NO	NO	UNIQUE_1TO1
Q5JTV8-3	1	1	1	1	NO	NO	NO	UNIQUE_1TO1
Q5JTV8;Q5JTV8-4	2	1	1	1	NO	NO	NO	UNIQUE_1TO1
Q5JTZ9	1	1	1	1	NO	NO	NO	UNIQUE_1TO1
Q5JU69	1	1	1	1	NO	NO	NO	UNIQUE_1TO1
Q5JVF3;Q5JVF3-2;Q5JVF3-3;Q5JVF3-4	4	1	1	1	NO	NO	NO	UNIQUE_1TO1
Q5K4L6;Q5K4L6-2;Q5K4L6-3	3	1	1	0	NO	NO	YES	UNMAPPED
Q5K651	1	1	1	1	NO	NO	NO	UNIQUE_1TO1
Q5M775;Q5M775-2;Q5M775-3;Q5M775-4;Q5M775-5	5	1	1	1	NO	NO	NO	UNIQUE_1TO1
Q5PRF9	1	1	1	1	NO	NO	NO	UNIQUE_1TO1
Q5QJE6	1	1	1	1	NO	NO	NO	UNIQUE_1TO1
Q5RI15;Q5RI15-2	2	1	1	1	NO	NO	NO	UNIQUE_1TO1
Q5RKV6	1	1	1	1	NO	NO	NO	UNIQUE_1TO1
Q5SRE5;Q5SRE5-2	2	1	1	1	NO	NO	NO	UNIQUE_1TO1
Q5SSJ5	1	1	1	1	NO	NO	NO	UNIQUE_1TO1
Q5SW79;Q5SW79-2;Q5SW79-3	3	1	1	0	NO	NO	YES	UNMAPPED
Q5SWX8;Q5SWX8-3	2	1	1	1	NO	NO	NO	UNIQUE_1TO1
Q5SY16	1	1	1	1	NO	NO	NO	UNIQUE_1TO1
Q5T0W9	1	1	1	1	NO	NO	NO	UNIQUE_1TO1
Q5T0Z8	1	1	1	1	NO	NO	NO	UNIQUE_1TO1
Q5T1B0	1	1	1	1	NO	NO	NO	UNIQUE_1TO1
Q5T1J5;Q9Y6H1	2	2	2	2	NO	NO	NO	PROTEIN_GROUP_MULTI_GENE
Q5T1M5;Q5T1M5-2	2	1	1	1	NO	NO	NO	UNIQUE_1TO1
Q5T200;Q5T200-2	2	1	1	1	NO	NO	NO	UNIQUE_1TO1
Q5T280	1	1	1	1	NO	NO	NO	UNIQUE_1TO1
Q5T2T1	1	1	1	1	NO	NO	NO	UNIQUE_1TO1
Q5T3I0;Q5T3I0-3	2	1	1	0	NO	NO	YES	UNMAPPED
Q5T3J3	1	1	1	1	NO	NO	NO	UNIQUE_1TO1
Q5T447	1	1	1	1	NO	NO	NO	UNIQUE_1TO1
Q5T4S7;Q5T4S7-2;Q5T4S7-3;Q5T4S7-4	4	1	1	1	NO	NO	NO	UNIQUE_1TO1
Q5T5P2	1	1	1	1	NO	NO	NO	UNIQUE_1TO1
Q5T5U3	1	1	1	1	NO	NO	NO	UNIQUE_1TO1
Q5T5Y3;Q5T5Y3-3	2	1	1	1	NO	NO	NO	UNIQUE_1TO1
Q5T653	1	1	1	1	NO	NO	NO	UNIQUE_1TO1
Q5T6F2	1	1	1	1	NO	NO	NO	UNIQUE_1TO1
Q5T8D3-2;Q5T8D3-3;Q5T8D3-4	3	1	1	1	NO	NO	NO	UNIQUE_1TO1
Q5T8P6;Q5T8P6-2	2	1	1	1	NO	NO	NO	UNIQUE_1TO1
Q5T9C2;Q5T9C2-2;Q5T9C2-3	3	1	1	1	NO	NO	NO	UNIQUE_1TO1
Q5T9L3;Q5T9L3-2;Q5T9L3-3	3	1	1	1	NO	NO	NO	UNIQUE_1TO1
Q5TA45;Q5TA45-2;Q5TA45-3;Q5TA45-4;Q5TA45-5	5	1	1	1	NO	NO	NO	UNIQUE_1TO1
Q5TAQ9;Q5TAQ9-2	2	1	1	1	NO	NO	NO	UNIQUE_1TO1
Q5TBB1;Q5TBB1-2	2	1	1	1	NO	NO	NO	UNIQUE_1TO1
Q5TC82;Q5TC82-2	2	1	1	1	NO	NO	NO	UNIQUE_1TO1
Q5TDH0;Q5TDH0-2;Q5TDH0-3	3	1	1	1	NO	NO	NO	UNIQUE_1TO1
Q5TEC6	1	1	1	1	NO	NO	NO	UNIQUE_1TO1
Q5TEU4;Q5TEU4-2	2	1	1	1	NO	NO	NO	UNIQUE_1TO1
Q5TFE4	1	1	1	1	NO	NO	NO	UNIQUE_1TO1
Q5TGY3	1	1	1	1	NO	NO	NO	UNIQUE_1TO1
Q5TZA2	1	1	1	1	NO	NO	NO	UNIQUE_1TO1
Q5U5X0	1	1	1	1	NO	NO	NO	UNIQUE_1TO1
Q5UCC4;Q5UCC4-2	2	1	1	1	NO	NO	NO	UNIQUE_1TO1
Q5UIP0;Q5UIP0-2	2	1	1	1	NO	NO	NO	UNIQUE_1TO1
Q5VIR6;Q5VIR6-1;Q5VIR6-2;Q5VIR6-3	4	1	1	0	NO	NO	YES	UNMAPPED
Q5VT52;Q5VT52-3;Q5VT52-5	3	1	1	1	NO	NO	NO	UNIQUE_1TO1
Q5VT79	1	1	1	1	NO	NO	NO	UNIQUE_1TO1
Q5VTL8;Q5VTL8-2	2	1	1	1	NO	NO	NO	UNIQUE_1TO1
Q5VTR2	1	1	1	1	NO	NO	NO	UNIQUE_1TO1
Q5VU43;Q5VU43-3;Q5VU43-4	3	1	1	1	NO	NO	NO	UNIQUE_1TO1
Q5VUA4	1	1	1	1	NO	NO	NO	UNIQUE_1TO1
Q5VV42;Q5VV42-2	2	1	1	1	NO	NO	NO	UNIQUE_1TO1
Q5VVH2	1	1	1	1	NO	NO	NO	UNIQUE_1TO1
Q5VW32	1	1	1	1	NO	NO	NO	UNIQUE_1TO1
Q5VWQ8;Q5VWQ8-2;Q5VWQ8-3;Q5VWQ8-4;Q5VWQ8-5	5	1	1	1	NO	NO	NO	UNIQUE_1TO1
Q5VWZ2	1	1	1	1	NO	NO	NO	UNIQUE_1TO1
Q5VYK3	1	1	1	1	NO	NO	NO	UNIQUE_1TO1
Q5VYS8;Q5VYS8-4;Q5VYS8-6	3	1	1	1	NO	NO	NO	UNIQUE_1TO1
Q5VZ89;Q5VZ89-3;Q5VZ89-7	3	1	1	1	NO	NO	NO	UNIQUE_1TO1
Q5VZF2;Q5VZF2-2;Q5VZF2-3	3	1	1	1	NO	NO	NO	UNIQUE_1TO1
Q5VZK9;Q5VZK9-2	2	1	1	1	NO	NO	NO	UNIQUE_1TO1
Q5VZM2-2;Q7L523	2	2	2	2	NO	NO	NO	PROTEIN_GROUP_MULTI_GENE
Q5W0V3;Q5W0V3-2	2	1	1	1	NO	NO	NO	UNIQUE_1TO1
Q5W0Z9;Q5W0Z9-3	2	1	1	1	NO	NO	NO	UNIQUE_1TO1
Q5XKP0	1	1	1	1	NO	NO	NO	UNIQUE_1TO1
Q5XXA6;Q5XXA6-5	2	1	1	1	NO	NO	NO	UNIQUE_1TO1
Q5ZPR3	1	1	1	1	NO	NO	NO	UNIQUE_1TO1
Q63HN8;Q63HN8-4	2	1	1	1	NO	NO	NO	UNIQUE_1TO1
Q63ZY3;Q63ZY3-3	2	1	1	1	NO	NO	NO	UNIQUE_1TO1
Q641Q2;Q641Q2-2	2	1	1	1	NO	NO	NO	UNIQUE_1TO1
Q643R3	1	1	1	0	NO	NO	YES	UNMAPPED
Q658Y4	1	1	1	1	NO	NO	NO	UNIQUE_1TO1
Q66K14;Q66K14-2	2	1	1	0	NO	NO	YES	UNMAPPED
Q66K74;Q66K74-2	2	1	1	1	NO	NO	NO	UNIQUE_1TO1
Q66PJ3-7	1	1	1	1	NO	NO	NO	UNIQUE_1TO1
Q66PJ3;Q66PJ3-1	2	1	1	1	NO	NO	NO	UNIQUE_1TO1
Q68CQ7;Q68CQ7-2	2	1	1	1	NO	NO	NO	UNIQUE_1TO1
Q68CZ2;Q68CZ2-2	2	1	1	1	NO	NO	NO	UNIQUE_1TO1
Q68D06;Q68D06-2;Q7Z7L1	3	2	2	2	NO	NO	NO	PROTEIN_GROUP_MULTI_GENE
Q68D10;Q68D10-2;Q68D10-3	3	1	1	1	NO	NO	NO	UNIQUE_1TO1
Q68D91;Q68D91-2	2	1	1	1	NO	NO	NO	UNIQUE_1TO1
Q68DH5	1	1	1	1	NO	NO	NO	UNIQUE_1TO1
Q68DQ2	1	1	1	1	NO	NO	NO	UNIQUE_1TO1
Q68DU8	1	1	1	1	NO	NO	NO	UNIQUE_1TO1
Q68E01;Q68E01-2	2	1	1	0	NO	NO	YES	UNMAPPED
Q68EM7;Q68EM7-2;Q68EM7-4;Q68EM7-5;Q68EM7-6	5	1	1	0	NO	NO	YES	UNMAPPED
Q69YH5	1	1	1	1	NO	NO	NO	UNIQUE_1TO1
Q69YN2;Q69YN2-2;Q69YN2-3	3	1	1	1	NO	NO	NO	UNIQUE_1TO1
Q69YN4;Q69YN4-2;Q69YN4-3;Q69YN4-4	4	1	1	1	NO	NO	NO	UNIQUE_1TO1
Q6DD88	1	1	1	1	NO	NO	NO	UNIQUE_1TO1
Q6DKI1	1	1	1	1	NO	NO	NO	UNIQUE_1TO1
Q6DKJ4	1	1	1	0	NO	NO	YES	UNMAPPED
Q6EEV4-2	1	1	1	1	NO	NO	NO	UNIQUE_1TO1
Q6FI81;Q6FI81-3	2	1	1	1	NO	NO	NO	UNIQUE_1TO1
Q6GMV2	1	1	1	1	NO	NO	NO	UNIQUE_1TO1
Q6GQQ9;Q6GQQ9-2	2	1	1	1	NO	NO	NO	UNIQUE_1TO1
Q6I9Y2	1	1	1	1	NO	NO	NO	UNIQUE_1TO1
Q6IA69;Q6IA69-2	2	1	1	1	NO	NO	NO	UNIQUE_1TO1
Q6IA86;Q6IA86-2;Q6IA86-3;Q6IA86-5;Q6IA86-6	5	1	1	1	NO	NO	NO	UNIQUE_1TO1
Q6IAA8	1	1	1	1	NO	NO	NO	UNIQUE_1TO1
Q6IAN0	1	1	1	1	NO	NO	NO	UNIQUE_1TO1
Q6IBS0	1	1	1	1	NO	NO	NO	UNIQUE_1TO1
Q6IN84	1	1	1	0	NO	NO	YES	UNMAPPED
Q6IN85;Q6IN85-4	2	1	1	1	NO	NO	NO	UNIQUE_1TO1
Q6IQ21	1	1	1	1	NO	NO	NO	UNIQUE_1TO1
Q6IQ32	1	1	1	1	NO	NO	NO	UNIQUE_1TO1
Q6IQ49;Q6IQ49-2;Q6IQ49-3	3	1	1	1	NO	NO	NO	UNIQUE_1TO1
Q6ISB3;Q6ISB3-2	2	1	1	1	NO	NO	NO	UNIQUE_1TO1
Q6JQN1;Q6JQN1-2;Q6JQN1-5	3	1	1	1	NO	NO	NO	UNIQUE_1TO1
Q6KB66;Q6KB66-2	2	1	1	1	NO	NO	NO	UNIQUE_1TO1
Q6KC79;Q6KC79-2	2	1	1	1	NO	NO	NO	UNIQUE_1TO1
Q6L8Q7;Q6L8Q7-2	2	1	1	1	NO	NO	NO	UNIQUE_1TO1
Q6NUK1;Q6NUK1-2	2	1	1	0	NO	NO	YES	UNMAPPED
Q6NUM9;Q6NUM9-2	2	1	1	0	NO	NO	YES	UNMAPPED
Q6NUQ4;Q6NUQ4-2	2	1	1	1	NO	NO	NO	UNIQUE_1TO1
Q6NVY1	1	1	1	1	NO	NO	NO	UNIQUE_1TO1
Q6NW34;Q6NW34-2	2	1	1	1	NO	NO	NO	UNIQUE_1TO1
Q6NXE6;Q6NXE6-2	2	1	1	1	NO	NO	NO	UNIQUE_1TO1
Q6NXG1;Q6NXG1-2;Q6NXG1-3;Q6NXG1-4;Q6NXG1-5	5	1	1	1	NO	NO	NO	UNIQUE_1TO1
Q6NXR4	1	1	1	1	NO	NO	NO	UNIQUE_1TO1
Q6NYC8	1	1	1	0	NO	NO	YES	UNMAPPED
Q6NZ67;Q6P582	2	2	2	1	NO	NO	NO	UNIQUE_1TO1
Q6NZI2	1	1	1	1	NO	NO	NO	UNIQUE_1TO1
Q6NZY4	1	1	1	1	NO	NO	NO	UNIQUE_1TO1
Q6P158	1	1	1	1	NO	NO	NO	UNIQUE_1TO1
Q6P1A2	1	1	1	1	NO	NO	NO	UNIQUE_1TO1
Q6P1J9	1	1	1	1	NO	NO	NO	UNIQUE_1TO1
Q6P1L5;Q6P1L5-2	2	1	1	1	NO	NO	NO	UNIQUE_1TO1
Q6P1L8	1	1	1	1	NO	NO	NO	UNIQUE_1TO1
Q6P1M0	1	1	1	1	NO	NO	NO	UNIQUE_1TO1
Q6P1M3;Q6P1M3-2	2	1	1	1	NO	NO	NO	UNIQUE_1TO1
Q6P1N0;Q6P1N0-2	2	1	1	0	NO	NO	YES	UNMAPPED
Q6P1N9	1	1	1	0	NO	NO	YES	UNMAPPED
Q6P1Q9;Q6P1Q9-2	2	1	1	1	NO	NO	NO	UNIQUE_1TO1
Q6P1X6	1	1	1	1	NO	NO	NO	UNIQUE_1TO1
Q6P2E9	1	1	1	1	NO	NO	NO	UNIQUE_1TO1
Q6P2H3;Q6P2H3-2	2	1	1	1	NO	NO	NO	UNIQUE_1TO1
Q6P2Q9	1	1	1	0	NO	NO	YES	UNMAPPED
Q6P3W7	1	1	1	1	NO	NO	NO	UNIQUE_1TO1
Q6P3X3	1	1	1	1	NO	NO	NO	UNIQUE_1TO1
Q6P4A7;Q6P4A7-2	2	1	1	1	NO	NO	NO	UNIQUE_1TO1
Q6P4F2;Q6P4F2-2	2	1	1	1	NO	NO	NO	UNIQUE_1TO1
Q6P4Q7	1	1	1	1	NO	NO	NO	UNIQUE_1TO1
Q6P4R8;Q6P4R8-2;Q6P4R8-3	3	1	1	1	NO	NO	NO	UNIQUE_1TO1
Q6P587;Q6P587-2;Q6P587-3	3	1	1	1	NO	NO	NO	UNIQUE_1TO1
Q6P597	1	1	1	1	NO	NO	NO	UNIQUE_1TO1
Q6P5R6	1	1	1	1	NO	NO	NO	UNIQUE_1TO1
Q6P6C2;Q6P6C2-3	2	1	1	1	NO	NO	NO	UNIQUE_1TO1
Q6P996;Q6P996-3;Q6P996-4;Q6P996-5	4	1	1	0	NO	NO	YES	UNMAPPED
Q6P9B6	1	1	1	1	NO	NO	NO	UNIQUE_1TO1
Q6P9B9	1	1	1	1	NO	NO	NO	UNIQUE_1TO1
Q6PCE3	1	1	1	1	NO	NO	NO	UNIQUE_1TO1
Q6PD62	1	1	1	1	NO	NO	NO	UNIQUE_1TO1
Q6PGP7	1	1	1	1	NO	NO	NO	UNIQUE_1TO1
Q6PI48	1	1	1	1	NO	NO	NO	UNIQUE_1TO1
Q6PIU2;Q6PIU2-2	2	1	1	1	NO	NO	NO	UNIQUE_1TO1
Q6PJ69	1	1	1	1	NO	NO	NO	UNIQUE_1TO1
Q6PJG2	1	1	1	1	NO	NO	NO	UNIQUE_1TO1
Q6PJG6	1	1	1	1	NO	NO	NO	UNIQUE_1TO1
Q6PJI9;Q6PJI9-2;Q6PJI9-3	3	1	1	1	NO	NO	NO	UNIQUE_1TO1
Q6PJT7;Q6PJT7-2;Q6PJT7-5	3	1	1	1	NO	NO	NO	UNIQUE_1TO1
Q6PKG0	1	1	1	1	NO	NO	NO	UNIQUE_1TO1
Q6PL18	1	1	1	1	NO	NO	NO	UNIQUE_1TO1
Q6PML9	1	1	1	1	NO	NO	NO	UNIQUE_1TO1
Q6PRD1	1	1	1	0	NO	NO	YES	UNMAPPED
Q6QNY0	1	1	1	1	NO	NO	NO	UNIQUE_1TO1
Q6R327;Q6R327-3	2	1	1	1	NO	NO	NO	UNIQUE_1TO1
Q6RFH5;Q6RFH5-2	2	1	1	1	NO	NO	NO	UNIQUE_1TO1
Q6RW13;Q6RW13-2	2	1	1	1	NO	NO	NO	UNIQUE_1TO1
Q6SPF0	1	1	1	0	NO	NO	YES	UNMAPPED
Q6UB35	1	1	1	1	NO	NO	NO	UNIQUE_1TO1
Q6UB99	1	1	1	1	NO	NO	NO	UNIQUE_1TO1
Q6ULP2;Q6ULP2-6;Q6ULP2-8;Q6ULP2-9	4	1	1	1	NO	NO	NO	UNIQUE_1TO1
Q6UN15;Q6UN15-5	2	1	1	1	NO	NO	NO	UNIQUE_1TO1
Q6UW63	1	1	1	1	NO	NO	NO	UNIQUE_1TO1
Q6UW68	1	1	1	1	NO	NO	NO	UNIQUE_1TO1
Q6UWE0;Q6UWE0-2	2	1	1	1	NO	NO	NO	UNIQUE_1TO1
Q6UWP2;Q6UWP2-2	2	1	1	0	NO	NO	YES	UNMAPPED
Q6UWP7;Q6UWP7-2;Q6UWP7-3	3	1	1	1	NO	NO	NO	UNIQUE_1TO1
Q6UX04;Q6UX04-2	2	1	1	1	NO	NO	NO	UNIQUE_1TO1
Q6UX71;Q6UX71-2	2	1	1	1	NO	NO	NO	UNIQUE_1TO1
Q6UXH1;Q6UXH1-4;Q6UXH1-5;Q6UXH1-6	4	1	1	1	NO	NO	NO	UNIQUE_1TO1
Q6UXH9;Q6UXH9-2;Q6UXH9-3	3	1	1	1	NO	NO	NO	UNIQUE_1TO1
Q6UXK2	1	1	1	1	NO	NO	NO	UNIQUE_1TO1
Q6UXN9	1	1	1	1	NO	NO	NO	UNIQUE_1TO1
Q6UXV4	1	1	1	1	NO	NO	NO	UNIQUE_1TO1
Q6V1P9	1	1	1	0	NO	NO	YES	UNMAPPED
Q6VMQ6;Q6VMQ6-2;Q6VMQ6-4;Q6VMQ6-5	4	1	1	1	NO	NO	NO	UNIQUE_1TO1
Q6VN20;Q6VN20-3	2	1	1	1	NO	NO	NO	UNIQUE_1TO1
Q6VVX0	1	1	1	1	NO	NO	NO	UNIQUE_1TO1
Q6VY07;Q6VY07-2	2	1	1	1	NO	NO	NO	UNIQUE_1TO1
Q6WCQ1;Q6WCQ1-2;Q6WCQ1-3	3	1	1	1	NO	NO	NO	UNIQUE_1TO1
Q6WKZ4;Q6WKZ4-3;Q6WKZ4-5	3	1	1	1	NO	NO	NO	UNIQUE_1TO1
Q6WRX3;Q6WRX3-2	2	1	1	1	NO	NO	NO	UNIQUE_1TO1
Q6XQN6	1	1	1	0	NO	NO	YES	UNMAPPED
Q6XZF7	1	1	1	1	NO	NO	NO	UNIQUE_1TO1
Q6Y288	1	1	1	1	NO	NO	NO	UNIQUE_1TO1
Q6Y7W6;Q6Y7W6-4;Q6Y7W6-5	3	1	1	1	NO	NO	NO	UNIQUE_1TO1
Q6YHK3	1	1	1	1	NO	NO	NO	UNIQUE_1TO1
Q6YN16	1	1	1	1	NO	NO	NO	UNIQUE_1TO1
Q6YP21;Q6YP21-3	2	1	1	1	NO	NO	NO	UNIQUE_1TO1
Q6ZMG9;Q6ZMG9-2	2	1	1	1	NO	NO	NO	UNIQUE_1TO1
Q6ZN18;Q6ZN18-3	2	1	1	1	NO	NO	NO	UNIQUE_1TO1
Q6ZN66;Q6ZN66-2	2	1	1	1	NO	NO	NO	UNIQUE_1TO1
Q6ZNB6;Q6ZNB6-2	2	1	1	1	NO	NO	NO	UNIQUE_1TO1
Q6ZNJ1;Q6ZNJ1-2;Q6ZNJ1-3	3	1	1	1	NO	NO	NO	UNIQUE_1TO1
Q6ZRP7	1	1	1	1	NO	NO	NO	UNIQUE_1TO1
Q6ZRS2;Q6ZRS2-2;Q6ZRS2-3	3	1	1	1	NO	NO	NO	UNIQUE_1TO1
Q6ZRV2	1	1	1	0	NO	NO	YES	UNMAPPED
Q6ZS27;Q6ZS27-3	2	1	1	1	NO	NO	NO	UNIQUE_1TO1
Q6ZSJ8	1	1	1	1	NO	NO	NO	UNIQUE_1TO1
Q6ZSR9	1	1	0	0	NO	NO	YES	UNMAPPED
Q6ZSS7	1	1	1	1	NO	NO	NO	UNIQUE_1TO1
Q6ZSZ5;Q6ZSZ5-1;Q6ZSZ5-2;Q6ZSZ5-5;Q6ZSZ5-6	5	1	1	1	NO	NO	NO	UNIQUE_1TO1
Q6ZUM4;Q6ZUM4-3	2	1	1	0	NO	NO	YES	UNMAPPED
Q6ZUT6;Q6ZUT6-4	2	1	1	1	NO	NO	NO	UNIQUE_1TO1
Q6ZUX7	1	1	1	1	NO	NO	NO	UNIQUE_1TO1
Q6ZVM7	1	1	1	1	NO	NO	NO	UNIQUE_1TO1
Q6ZW49;Q6ZW49-1;Q6ZW49-2	3	1	1	1	NO	NO	NO	UNIQUE_1TO1
Q6ZWT7	1	1	1	1	NO	NO	NO	UNIQUE_1TO1
Q6ZXV5;Q6ZXV5-2	2	1	1	1	NO	NO	NO	UNIQUE_1TO1
Q709C8;Q709C8-2;Q709C8-3;Q709C8-4	4	1	1	1	NO	NO	NO	UNIQUE_1TO1
Q70E73;Q70E73-2;Q70E73-3;Q70E73-4;Q70E73-5;Q70E73-6;Q70E73-7;Q70E73-8;Q70E73-9	9	1	1	1	NO	NO	NO	UNIQUE_1TO1
Q70UQ0	1	1	1	1	NO	NO	NO	UNIQUE_1TO1
Q70UQ0-4	1	1	1	1	NO	NO	NO	UNIQUE_1TO1
Q71DI3	1	1	1	1	NO	NO	NO	UNIQUE_1TO1
Q71F23;Q71F23-3	2	1	1	1	NO	NO	NO	UNIQUE_1TO1
Q71RC2;Q71RC2-4;Q71RC2-5;Q71RC2-7	4	1	1	1	NO	NO	NO	UNIQUE_1TO1
Q71SY5;Q71SY5-4;Q71SY5-5	3	1	1	1	NO	NO	NO	UNIQUE_1TO1
Q71UM5	1	1	1	1	NO	NO	NO	UNIQUE_1TO1
Q76FK4;Q76FK4-4	2	1	1	0	NO	NO	YES	UNMAPPED
Q7KZ85	1	1	1	1	NO	NO	NO	UNIQUE_1TO1
Q7KZ85-2	1	1	1	1	NO	NO	NO	UNIQUE_1TO1
Q7KZF4	1	1	1	1	NO	NO	NO	UNIQUE_1TO1
Q7KZI7-14	1	1	1	1	NO	NO	NO	UNIQUE_1TO1
Q7KZN9;Q7KZN9-2	2	1	1	1	NO	NO	NO	UNIQUE_1TO1
Q7L014	1	1	1	1	NO	NO	NO	UNIQUE_1TO1
Q7L0Y3	1	1	1	1	NO	NO	NO	UNIQUE_1TO1
Q7L1Q6;Q7L1Q6-2;Q7L1Q6-3;Q7L1Q6-4	4	1	1	1	NO	NO	NO	UNIQUE_1TO1
Q7L2E3;Q7L2E3-2;Q7L2E3-3	3	1	1	1	NO	NO	NO	UNIQUE_1TO1
Q7L2H7	1	1	1	1	NO	NO	NO	UNIQUE_1TO1
Q7L2J0	1	1	1	0	NO	NO	YES	UNMAPPED
Q7L3T8	1	1	1	1	NO	NO	NO	UNIQUE_1TO1
Q7L4I2;Q7L4I2-2	2	1	1	1	NO	NO	NO	UNIQUE_1TO1
Q7L576	1	1	1	0	NO	NO	YES	UNMAPPED
Q7L592;Q7L592-2	2	1	1	1	NO	NO	NO	UNIQUE_1TO1
Q7L5D6	1	1	1	1	NO	NO	NO	UNIQUE_1TO1
Q7L5N1	1	1	1	1	NO	NO	NO	UNIQUE_1TO1
Q7L5N7	1	1	1	1	NO	NO	NO	UNIQUE_1TO1
Q7L5Y9;Q7L5Y9-2;Q7L5Y9-3;Q7L5Y9-4	4	1	1	1	NO	NO	NO	UNIQUE_1TO1
Q7L7V1;Q7L7V1-2	2	1	1	1	NO	NO	NO	UNIQUE_1TO1
Q7L7X3	1	1	1	1	NO	NO	NO	UNIQUE_1TO1
Q7L8L6	1	1	1	1	NO	NO	NO	UNIQUE_1TO1
Q7L9L4;Q7L9L4-2;Q9H8S9	3	2	2	2	NO	NO	NO	PROTEIN_GROUP_MULTI_GENE
Q7LBC6	1	1	1	1	NO	NO	NO	UNIQUE_1TO1
Q7LGA3;Q7LGA3-2;Q7LGA3-3	3	1	1	1	NO	NO	NO	UNIQUE_1TO1
Q7RTP6	1	1	1	1	NO	NO	NO	UNIQUE_1TO1
Q7RTV0	1	1	1	1	NO	NO	NO	UNIQUE_1TO1
Q7Z2K6	1	1	1	1	NO	NO	NO	UNIQUE_1TO1
Q7Z2K8;Q7Z2K8-2	2	1	1	1	NO	NO	NO	UNIQUE_1TO1
Q7Z2T5	1	1	1	1	NO	NO	NO	UNIQUE_1TO1
Q7Z2W4	1	1	1	1	NO	NO	NO	UNIQUE_1TO1
Q7Z2W9	1	1	1	1	NO	NO	NO	UNIQUE_1TO1
Q7Z2Z2;Q7Z2Z2-2	2	1	1	1	NO	NO	NO	UNIQUE_1TO1
Q7Z3B4;Q7Z3B4-3	2	1	1	1	NO	NO	NO	UNIQUE_1TO1
Q7Z3C6;Q7Z3C6-2	2	1	1	1	NO	NO	NO	UNIQUE_1TO1
Q7Z3K3;Q7Z3K3-2;Q7Z3K3-3;Q7Z3K3-5;Q7Z3K3-6;Q7Z3K3-7	6	1	1	1	NO	NO	NO	UNIQUE_1TO1
Q7Z406-2;Q7Z406-6	2	1	1	1	NO	NO	NO	UNIQUE_1TO1
Q7Z417	1	1	1	1	NO	NO	NO	UNIQUE_1TO1
Q7Z422;Q7Z422-2;Q7Z422-3;Q7Z422-4;Q7Z422-5	5	1	1	0	NO	NO	YES	UNMAPPED
Q7Z434	1	1	1	1	NO	NO	NO	UNIQUE_1TO1
Q7Z460;Q7Z460-2;Q7Z460-3;Q7Z460-4;Q7Z460-5	5	1	1	1	NO	NO	NO	UNIQUE_1TO1
Q7Z478	1	1	1	1	NO	NO	NO	UNIQUE_1TO1
Q7Z4F1	1	1	1	1	NO	NO	NO	UNIQUE_1TO1
Q7Z4G4;Q7Z4G4-2	2	1	1	1	NO	NO	NO	UNIQUE_1TO1
Q7Z4Q2	1	1	1	1	NO	NO	NO	UNIQUE_1TO1
Q7Z4S6;Q7Z4S6-2;Q7Z4S6-3;Q7Z4S6-4;Q7Z4S6-5;Q7Z4S6-6	6	1	1	1	NO	NO	NO	UNIQUE_1TO1
Q7Z4V5;Q7Z4V5-2	2	1	1	1	NO	NO	NO	UNIQUE_1TO1
Q7Z4W1	1	1	1	1	NO	NO	NO	UNIQUE_1TO1
Q7Z589;Q7Z589-4;Q7Z589-5;Q7Z589-6;Q7Z589-7	5	1	1	1	NO	NO	NO	UNIQUE_1TO1
Q7Z5G4	1	1	1	1	NO	NO	NO	UNIQUE_1TO1
Q7Z5H4	1	1	1	0	NO	NO	YES	UNMAPPED
Q7Z5J4;Q7Z5J4-3	2	1	1	1	NO	NO	NO	UNIQUE_1TO1
Q7Z5K2;Q7Z5K2-2;Q7Z5K2-3	3	1	1	1	NO	NO	NO	UNIQUE_1TO1
Q7Z5L9;Q7Z5L9-2	2	1	1	1	NO	NO	NO	UNIQUE_1TO1
Q7Z6E9;Q7Z6E9-2	2	1	1	1	NO	NO	NO	UNIQUE_1TO1
Q7Z6M1	1	1	1	1	NO	NO	NO	UNIQUE_1TO1
Q7Z6M4	1	1	1	1	NO	NO	NO	UNIQUE_1TO1
Q7Z6Z7;Q7Z6Z7-2;Q7Z6Z7-3	3	1	1	1	NO	NO	NO	UNIQUE_1TO1
Q7Z739	1	1	1	1	NO	NO	NO	UNIQUE_1TO1
Q7Z7A3	1	1	1	1	NO	NO	NO	UNIQUE_1TO1
Q7Z7F7;Q7Z7F7-2	2	1	1	1	NO	NO	NO	UNIQUE_1TO1
Q7Z7H5;Q7Z7H5-3	2	1	1	1	NO	NO	NO	UNIQUE_1TO1
Q7Z7H8;Q7Z7H8-2	2	1	1	1	NO	NO	NO	UNIQUE_1TO1
Q7Z7K6-3	1	1	1	1	NO	NO	NO	UNIQUE_1TO1
Q7Z7L7	1	1	1	1	NO	NO	NO	UNIQUE_1TO1
Q7Z7N9	1	1	1	1	NO	NO	NO	UNIQUE_1TO1
Q86SF2	1	1	1	1	NO	NO	NO	UNIQUE_1TO1
Q86SQ0;Q86SQ0-2;Q86SQ0-3	3	1	1	1	NO	NO	NO	UNIQUE_1TO1
Q86SQ4;Q86SQ4-2;Q86SQ4-3;Q86SQ4-4	4	1	1	1	NO	NO	NO	UNIQUE_1TO1
Q86SX6	1	1	1	1	NO	NO	NO	UNIQUE_1TO1
Q86TB9;Q86TB9-4	2	1	1	1	NO	NO	NO	UNIQUE_1TO1
Q86TI2	1	1	1	1	NO	NO	NO	UNIQUE_1TO1
Q86TM6;Q86TM6-2;Q86TM6-3	3	1	1	1	NO	NO	NO	UNIQUE_1TO1
Q86TS9;Q86TS9-3	2	1	1	1	NO	NO	NO	UNIQUE_1TO1
Q86TU7	1	1	1	1	NO	NO	NO	UNIQUE_1TO1
Q86TX2	1	1	1	1	NO	NO	NO	UNIQUE_1TO1
Q86U28	1	1	1	1	NO	NO	NO	UNIQUE_1TO1
Q86U38	1	1	1	0	NO	NO	YES	UNMAPPED
Q86U42;Q86U42-2	2	1	1	1	NO	NO	NO	UNIQUE_1TO1
Q86U44	1	1	1	1	NO	NO	NO	UNIQUE_1TO1
Q86U86;Q86U86-2;Q86U86-3;Q86U86-4;Q86U86-5;Q86U86-7;Q86U86-8;Q86U86-9	8	1	1	1	NO	NO	NO	UNIQUE_1TO1
Q86UE4	1	1	1	1	NO	NO	NO	UNIQUE_1TO1
Q86UK7;Q86UK7-2;Q86UK7-3	3	1	1	0	NO	NO	YES	UNMAPPED
Q86UP2	1	1	1	1	NO	NO	NO	UNIQUE_1TO1
Q86US8	1	1	1	1	NO	NO	NO	UNIQUE_1TO1
Q86UU1;Q86UU1-2;Q86UU1-3	3	1	1	1	NO	NO	NO	UNIQUE_1TO1
Q86UV5;Q86UV5-2;Q86UV5-3;Q86UV5-8	4	1	1	1	NO	NO	NO	UNIQUE_1TO1
Q86V21	1	1	1	1	NO	NO	NO	UNIQUE_1TO1
Q86V48;Q86V48-2;Q86V48-3	3	1	1	1	NO	NO	NO	UNIQUE_1TO1
Q86V81	1	1	1	1	NO	NO	NO	UNIQUE_1TO1
Q86VI3	1	1	1	0	NO	NO	YES	UNMAPPED
Q86VM9	1	1	1	1	NO	NO	NO	UNIQUE_1TO1
Q86VP6	1	1	1	1	NO	NO	NO	UNIQUE_1TO1
Q86VR2	1	1	1	1	NO	NO	NO	UNIQUE_1TO1
Q86VS8	1	1	1	1	NO	NO	NO	UNIQUE_1TO1
Q86W42	1	1	1	1	NO	NO	NO	UNIQUE_1TO1
Q86W50	1	1	1	1	NO	NO	NO	UNIQUE_1TO1
Q86W92;Q86W92-2;Q86W92-4	3	1	1	1	NO	NO	NO	UNIQUE_1TO1
Q86WA6;Q86WA6-2	2	1	1	1	NO	NO	NO	UNIQUE_1TO1
Q86WB0	1	1	1	1	NO	NO	NO	UNIQUE_1TO1
Q86WJ1;Q86WJ1-2;Q86WJ1-3;Q86WJ1-4;Q86WJ1-5	5	1	1	1	NO	NO	NO	UNIQUE_1TO1
Q86WQ0;Q86WQ0-2	2	1	1	1	NO	NO	NO	UNIQUE_1TO1
Q86WR0;Q86WR0-2	2	1	1	1	NO	NO	NO	UNIQUE_1TO1
Q86WV6	1	1	1	0	NO	NO	YES	UNMAPPED
Q86WX3	1	1	1	1	NO	NO	NO	UNIQUE_1TO1
Q86X10;Q86X10-2;Q86X10-3	3	1	1	1	NO	NO	NO	UNIQUE_1TO1
Q86X29;Q86X29-2;Q86X29-3;Q86X29-4;Q86X29-5	5	1	1	1	NO	NO	NO	UNIQUE_1TO1
Q86X53	1	1	1	0	NO	NO	YES	UNMAPPED
Q86X55;Q86X55-1	2	1	1	1	NO	NO	NO	UNIQUE_1TO1
Q86X76;Q86X76-2;Q86X76-3;Q86X76-4	4	1	1	1	NO	NO	NO	UNIQUE_1TO1
Q86XI2;Q86XI2-2	2	1	1	1	NO	NO	NO	UNIQUE_1TO1
Q86XK2;Q86XK2-2;Q86XK2-3;Q86XK2-5;Q86XK2-6	5	1	1	1	NO	NO	NO	UNIQUE_1TO1
Q86XP3	1	1	1	1	NO	NO	NO	UNIQUE_1TO1
Q86XR7-2;Q9Y3B3;Q9Y3B3-2	3	2	2	2	NO	NO	NO	PROTEIN_GROUP_MULTI_GENE
Q86XZ4	1	1	1	1	NO	NO	NO	UNIQUE_1TO1
Q86Y37	1	1	1	1	NO	NO	NO	UNIQUE_1TO1
Q86Y39	1	1	1	0	NO	NO	YES	UNMAPPED
Q86Y56	1	1	1	1	NO	NO	NO	UNIQUE_1TO1
Q86Y79	1	1	1	1	NO	NO	NO	UNIQUE_1TO1
Q86Y82	1	1	1	1	NO	NO	NO	UNIQUE_1TO1
Q86YJ7	1	1	1	1	NO	NO	NO	UNIQUE_1TO1
Q86YN1	1	1	1	1	NO	NO	NO	UNIQUE_1TO1
Q86YP4;Q86YP4-2;Q86YP4-3	3	1	1	1	NO	NO	NO	UNIQUE_1TO1
Q86YV5	1	1	1	0	NO	NO	YES	UNMAPPED
Q8IU81	1	1	1	1	NO	NO	NO	UNIQUE_1TO1
Q8IUD2;Q8IUD2-2;Q8IUD2-3	3	1	1	1	NO	NO	NO	UNIQUE_1TO1
Q8IUE6	1	1	1	1	NO	NO	NO	UNIQUE_1TO1
Q8IUF8	1	1	1	1	NO	NO	NO	UNIQUE_1TO1
Q8IUH4	1	1	1	1	NO	NO	NO	UNIQUE_1TO1
Q8IUR7;Q8IUR7-7;Q8IUR7-8	3	1	1	1	NO	NO	NO	UNIQUE_1TO1
Q8IUX4	1	1	1	1	NO	NO	NO	UNIQUE_1TO1
Q8IV08	1	1	1	1	NO	NO	NO	UNIQUE_1TO1
Q8IV20	1	1	1	1	NO	NO	NO	UNIQUE_1TO1
Q8IV48	1	1	1	0	NO	NO	YES	UNMAPPED
Q8IV50;Q96S90	2	2	2	2	NO	NO	NO	PROTEIN_GROUP_MULTI_GENE
Q8IVF2;Q8IVF2-3	2	1	1	1	NO	NO	NO	UNIQUE_1TO1
Q8IVL5;Q8IVL5-2	2	1	1	1	NO	NO	NO	UNIQUE_1TO1
Q8IVM0-2	1	1	1	1	NO	NO	NO	UNIQUE_1TO1
Q8IVS2	1	1	1	1	NO	NO	NO	UNIQUE_1TO1
Q8IVT2	1	1	1	1	NO	NO	NO	UNIQUE_1TO1
Q8IW35;Q8IW35-2	2	1	1	1	NO	NO	NO	UNIQUE_1TO1
Q8IW45;Q8IW45-2	2	1	1	1	NO	NO	NO	UNIQUE_1TO1
Q8IWA0	1	1	1	1	NO	NO	NO	UNIQUE_1TO1
Q8IWA4	1	1	1	1	NO	NO	NO	UNIQUE_1TO1
Q8IWA5;Q8IWA5-2;Q8IWA5-3	3	1	1	1	NO	NO	NO	UNIQUE_1TO1
Q8IWB1	1	1	1	1	NO	NO	NO	UNIQUE_1TO1
Q8IWB7	1	1	1	1	NO	NO	NO	UNIQUE_1TO1
Q8IWE2;Q8IWE2-2	2	1	1	1	NO	NO	NO	UNIQUE_1TO1
Q8IWJ2	1	1	1	1	NO	NO	NO	UNIQUE_1TO1
Q8IWS0;Q8IWS0-3	2	1	1	1	NO	NO	NO	UNIQUE_1TO1
Q8IWT0;Q8IWT0-2	2	1	1	0	NO	NO	YES	UNMAPPED
Q8IWT6	1	1	1	1	NO	NO	NO	UNIQUE_1TO1
Q8IWU6	1	1	1	1	NO	NO	NO	UNIQUE_1TO1
Q8IWV7	1	1	1	1	NO	NO	NO	UNIQUE_1TO1
Q8IWV8;Q8IWV8-4	2	1	1	1	NO	NO	NO	UNIQUE_1TO1
Q8IWX8	1	1	1	1	NO	NO	NO	UNIQUE_1TO1
Q8IWZ3;Q8IWZ3-4;Q8IWZ3-6	3	1	1	1	NO	NO	NO	UNIQUE_1TO1
Q8IWZ8	1	1	1	1	NO	NO	NO	UNIQUE_1TO1
Q8IX01;Q8IX01-3;Q8IX01-4	3	1	1	1	NO	NO	NO	UNIQUE_1TO1
Q8IX12;Q8IX12-2	2	1	1	1	NO	NO	NO	UNIQUE_1TO1
Q8IXB1;Q8IXB1-2	2	1	1	1	NO	NO	NO	UNIQUE_1TO1
Q8IXH7;Q8IXH7-4	2	1	1	1	NO	NO	NO	UNIQUE_1TO1
Q8IXI1	1	1	1	1	NO	NO	NO	UNIQUE_1TO1
Q8IXI2;Q8IXI2-2;Q8IXI2-3;Q8IXI2-4;Q8IXI2-5;Q8IXI2-7	6	1	1	1	NO	NO	NO	UNIQUE_1TO1
Q8IXK2	1	1	1	1	NO	NO	NO	UNIQUE_1TO1
Q8IXM2;Q8IXM2-3	2	1	1	1	NO	NO	NO	UNIQUE_1TO1
Q8IXM3	1	1	1	1	NO	NO	NO	UNIQUE_1TO1
Q8IXM6;Q8IXM6-2	2	1	1	0	NO	NO	YES	UNMAPPED
Q8IXQ4;Q8IXQ4-2;Q8IXQ4-3	3	1	1	1	NO	NO	NO	UNIQUE_1TO1
Q8IXQ6;Q8IXQ6-2;Q8IXQ6-3	3	1	1	1	NO	NO	NO	UNIQUE_1TO1
Q8IXT5	1	1	1	1	NO	NO	NO	UNIQUE_1TO1
Q8IXZ2	1	1	1	0	NO	NO	YES	UNMAPPED
Q8IY17;Q8IY17-2;Q8IY17-3;Q8IY17-5	4	1	1	1	NO	NO	NO	UNIQUE_1TO1
Q8IY18	1	1	1	1	NO	NO	NO	UNIQUE_1TO1
Q8IY21	1	1	1	1	NO	NO	NO	UNIQUE_1TO1
Q8IY37	1	1	1	1	NO	NO	NO	UNIQUE_1TO1
Q8IY63;Q8IY63-2	2	1	1	1	NO	NO	NO	UNIQUE_1TO1
Q8IY67-2	1	1	1	1	NO	NO	NO	UNIQUE_1TO1
Q8IY81	1	1	1	1	NO	NO	NO	UNIQUE_1TO1
Q8IYA6	1	1	1	1	NO	NO	NO	UNIQUE_1TO1
Q8IYB3;Q8IYB3-2	2	1	1	1	NO	NO	NO	UNIQUE_1TO1
Q8IYB7;Q8IYB7-2;Q8IYB7-3;Q8IYB7-4;Q8IYB7-5	5	1	1	1	NO	NO	NO	UNIQUE_1TO1
Q8IYB8	1	1	1	1	NO	NO	NO	UNIQUE_1TO1
Q8IYD1	1	1	1	1	NO	NO	NO	UNIQUE_1TO1
Q8IYI6	1	1	1	1	NO	NO	NO	UNIQUE_1TO1
Q8IYM9;Q8IYM9-2	2	1	1	1	NO	NO	NO	UNIQUE_1TO1
Q8IYS2;Q8IYS2-2	2	1	1	1	NO	NO	NO	UNIQUE_1TO1
Q8IYT2	1	1	1	0	NO	NO	YES	UNMAPPED
Q8IYU8	1	1	1	1	NO	NO	NO	UNIQUE_1TO1
Q8IYW5	1	1	1	1	NO	NO	NO	UNIQUE_1TO1
Q8IZ69;Q8IZ69-2	2	1	1	1	NO	NO	NO	UNIQUE_1TO1
Q8IZ73	1	1	1	1	NO	NO	NO	UNIQUE_1TO1
Q8IZ83	1	1	1	1	NO	NO	NO	UNIQUE_1TO1
Q8IZL8	1	1	1	1	NO	NO	NO	UNIQUE_1TO1
Q8IZP0;Q8IZP0-10;Q8IZP0-2;Q8IZP0-3;Q8IZP0-4;Q8IZP0-5;Q8IZP0-6;Q8IZP0-7;Q8IZP0-8;Q8IZP0-9	10	1	1	1	NO	NO	NO	UNIQUE_1TO1
Q8IZU8	1	1	1	0	NO	NO	YES	UNMAPPED
Q8IZV5	1	1	1	1	NO	NO	NO	UNIQUE_1TO1
Q8IZW8	1	1	1	1	NO	NO	NO	UNIQUE_1TO1
Q8N0X7	1	1	1	1	NO	NO	NO	UNIQUE_1TO1
Q8N129	1	1	1	1	NO	NO	NO	UNIQUE_1TO1
Q8N138;Q8N138-4	2	1	1	1	NO	NO	NO	UNIQUE_1TO1
Q8N163	1	1	1	1	NO	NO	NO	UNIQUE_1TO1
Q8N183	1	1	1	1	NO	NO	NO	UNIQUE_1TO1
Q8N1B4;Q8N1B4-2	2	1	1	0	NO	NO	YES	UNMAPPED
Q8N1F7	1	1	1	1	NO	NO	NO	UNIQUE_1TO1
Q8N1G0;Q8N1G0-2	2	1	1	1	NO	NO	NO	UNIQUE_1TO1
Q8N1G2	1	1	1	1	NO	NO	NO	UNIQUE_1TO1
Q8N1G4	1	1	1	1	NO	NO	NO	UNIQUE_1TO1
Q8N1P7	1	1	1	1	NO	NO	NO	UNIQUE_1TO1
Q8N1Y9	1	1	0	0	NO	NO	YES	UNMAPPED
Q8N201	1	1	1	1	NO	NO	NO	UNIQUE_1TO1
Q8N271	1	1	1	0	NO	NO	YES	UNMAPPED
Q8N2F6-2;Q8N2F6-4	2	1	1	0	NO	NO	YES	UNMAPPED
Q8N2F6;Q8N2F6-3	2	1	1	0	NO	NO	YES	UNMAPPED
Q8N2K0;Q8N2K0-2	2	1	1	1	NO	NO	NO	UNIQUE_1TO1
Q8N2M8;Q8N2M8-3	2	1	1	1	NO	NO	NO	UNIQUE_1TO1
Q8N2U0	1	1	1	0	NO	NO	YES	UNMAPPED
Q8N335	1	1	1	1	NO	NO	NO	UNIQUE_1TO1
Q8N3C0	1	1	1	1	NO	NO	NO	UNIQUE_1TO1
Q8N3D4	1	1	1	1	NO	NO	NO	UNIQUE_1TO1
Q8N3E9	1	1	1	1	NO	NO	NO	UNIQUE_1TO1
Q8N3F8	1	1	1	1	NO	NO	NO	UNIQUE_1TO1
Q8N3R9;Q8N3R9-2	2	1	1	1	NO	NO	NO	UNIQUE_1TO1
Q8N3U4;Q8N3U4-2	2	1	1	1	NO	NO	NO	UNIQUE_1TO1
Q8N3X1;Q8N3X1-2	2	1	1	0	NO	NO	YES	UNMAPPED
Q8N488	1	1	1	0	NO	NO	YES	UNMAPPED
Q8N4C8	1	1	1	1	NO	NO	NO	UNIQUE_1TO1
Q8N4H5;Q8N4H5-2;Q8N4H5-3	3	1	1	1	NO	NO	NO	UNIQUE_1TO1
Q8N4P3;Q8N4P3-2	2	1	1	1	NO	NO	NO	UNIQUE_1TO1
Q8N4Q0	1	1	1	1	NO	NO	NO	UNIQUE_1TO1
Q8N4Q1;Q8N4Q1-2	2	1	1	1	NO	NO	NO	UNIQUE_1TO1
Q8N4T8;Q8N4T8-2	2	1	1	1	NO	NO	NO	UNIQUE_1TO1
Q8N4V1;Q8N4V1-2	2	1	1	1	NO	NO	NO	UNIQUE_1TO1
Q8N4X5;Q8N4X5-2;Q8N4X5-4	3	1	1	1	NO	NO	NO	UNIQUE_1TO1
Q8N543;Q8N543-2	2	1	1	1	NO	NO	NO	UNIQUE_1TO1
Q8N5C6;Q8N5C6-2	2	1	1	1	NO	NO	NO	UNIQUE_1TO1
Q8N5D0;Q8N5D0-4	2	1	1	1	NO	NO	NO	UNIQUE_1TO1
Q8N5F7	1	1	1	1	NO	NO	NO	UNIQUE_1TO1
Q8N5I2	1	1	1	1	NO	NO	NO	UNIQUE_1TO1
Q8N5K1	1	1	1	1	NO	NO	NO	UNIQUE_1TO1
Q8N5L8	1	1	1	1	NO	NO	NO	UNIQUE_1TO1
Q8N5M4	1	1	1	1	NO	NO	NO	UNIQUE_1TO1
Q8N5N7	1	1	1	1	NO	NO	NO	UNIQUE_1TO1
Q8N684;Q8N684-2;Q8N684-3	3	1	1	1	NO	NO	NO	UNIQUE_1TO1
Q8N6H7	1	1	1	1	NO	NO	NO	UNIQUE_1TO1
Q8N6L1;Q8N6L1-2	2	1	1	1	NO	NO	NO	UNIQUE_1TO1
Q8N6N3;Q8N6N3-2	2	1	1	1	NO	NO	NO	UNIQUE_1TO1
Q8N6R0;Q8N6R0-3;Q8N6R0-4	3	1	1	1	NO	NO	NO	UNIQUE_1TO1
Q8N6T3;Q8N6T3-3	2	1	1	1	NO	NO	NO	UNIQUE_1TO1
Q8N766;Q8N766-2;Q8N766-4	3	1	1	1	NO	NO	NO	UNIQUE_1TO1
Q8N7H5;Q8N7H5-3	2	1	1	1	NO	NO	NO	UNIQUE_1TO1
Q8N8A6	1	1	1	0	NO	NO	YES	UNMAPPED
Q8N8J7	1	1	1	1	NO	NO	NO	UNIQUE_1TO1
Q8N8S7;Q8N8S7-2;Q8N8S7-3	3	1	1	1	NO	NO	NO	UNIQUE_1TO1
Q8N954	1	1	1	1	NO	NO	NO	UNIQUE_1TO1
Q8N983-4	1	1	1	1	NO	NO	NO	UNIQUE_1TO1
Q8N9N2;Q8N9N2-2	2	1	1	1	NO	NO	NO	UNIQUE_1TO1
Q8N9N5;Q8N9N5-2;Q8N9N5-3;Q8N9N5-4;Q8N9N5-5;Q8N9N5-6;Q8N9N5-7	7	1	1	1	NO	NO	NO	UNIQUE_1TO1
Q8N9N8	1	1	1	1	NO	NO	NO	UNIQUE_1TO1
Q8N9T8	1	1	1	1	NO	NO	NO	UNIQUE_1TO1
Q8NAV1	1	1	1	1	NO	NO	NO	UNIQUE_1TO1
Q8NB37;Q8NB37-2	2	1	1	1	NO	NO	NO	UNIQUE_1TO1
Q8NB90;Q8NB90-2;Q8NB90-3	3	1	1	1	NO	NO	NO	UNIQUE_1TO1
Q8NBF2	1	1	1	1	NO	NO	NO	UNIQUE_1TO1
Q8NBI5;Q8NBI5-2	2	1	1	1	NO	NO	NO	UNIQUE_1TO1
Q8NBJ5	1	1	1	1	NO	NO	NO	UNIQUE_1TO1
Q8NBJ7	1	1	1	1	NO	NO	NO	UNIQUE_1TO1
Q8NBK3;Q8NBK3-2;Q8NBK3-4;Q8NBK3-5	4	1	1	1	NO	NO	NO	UNIQUE_1TO1
Q8NBL1	1	1	1	1	NO	NO	NO	UNIQUE_1TO1
Q8NBM4;Q8NBM4-2;Q8NBM4-3;Q8NBM4-4	4	1	1	1	NO	NO	NO	UNIQUE_1TO1
Q8NBN7;Q8NBN7-2	2	1	1	0	NO	NO	YES	UNMAPPED
Q8NBS9	1	1	1	1	NO	NO	NO	UNIQUE_1TO1
Q8NBT2	1	1	1	1	NO	NO	NO	UNIQUE_1TO1
Q8NBU5	1	1	1	1	NO	NO	NO	UNIQUE_1TO1
Q8NBX0	1	1	1	1	NO	NO	NO	UNIQUE_1TO1
Q8NC51;Q8NC51-2	2	1	1	1	NO	NO	NO	UNIQUE_1TO1
Q8NC56	1	1	1	1	NO	NO	NO	UNIQUE_1TO1
Q8NC60	1	1	1	1	NO	NO	NO	UNIQUE_1TO1
Q8NCA5	1	1	1	0	NO	NO	YES	UNMAPPED
Q8NCF5	1	1	1	1	NO	NO	NO	UNIQUE_1TO1
Q8NCL4	1	1	1	1	NO	NO	NO	UNIQUE_1TO1
Q8NCN5	1	1	1	1	NO	NO	NO	UNIQUE_1TO1
Q8NCW5;Q8NCW5-2	2	1	1	1	NO	NO	NO	UNIQUE_1TO1
Q8ND04;Q8ND04-2	2	1	1	1	NO	NO	NO	UNIQUE_1TO1
Q8ND56-3	1	1	1	0	NO	NO	YES	UNMAPPED
Q8ND76;Q8ND76-2;Q8ND76-3	3	1	1	1	NO	NO	NO	UNIQUE_1TO1
Q8NDC0	1	1	1	1	NO	NO	NO	UNIQUE_1TO1
Q8NDH3;Q8NDH3-2	2	1	1	1	NO	NO	NO	UNIQUE_1TO1
Q8NDI1;Q8NDI1-2;Q8NDI1-3	3	1	1	1	NO	NO	NO	UNIQUE_1TO1
Q8NE01;Q8NE01-2	2	1	1	1	NO	NO	NO	UNIQUE_1TO1
Q8NE71;Q8NE71-2	2	1	1	0	NO	NO	YES	UNMAPPED
Q8NE86;Q8NE86-3	2	1	1	1	NO	NO	NO	UNIQUE_1TO1
Q8NEB9	1	1	1	1	NO	NO	NO	UNIQUE_1TO1
Q8NEJ9;Q8NEJ9-2	2	1	1	1	NO	NO	NO	UNIQUE_1TO1
Q8NES8	1	1	1	1	NO	NO	NO	UNIQUE_1TO1
Q8NET4	1	1	1	1	NO	NO	NO	UNIQUE_1TO1
Q8NEW0	1	1	1	1	NO	NO	NO	UNIQUE_1TO1
Q8NEY1;Q8NEY1-2;Q8NEY1-3;Q8NEY1-5	4	1	1	1	NO	NO	NO	UNIQUE_1TO1
Q8NEY8;Q8NEY8-2;Q8NEY8-8;Q8NEY8-9	4	1	1	1	NO	NO	NO	UNIQUE_1TO1
Q8NEZ2;Q8NEZ2-2	2	1	1	1	NO	NO	NO	UNIQUE_1TO1
Q8NEZ5	1	1	1	1	NO	NO	NO	UNIQUE_1TO1
Q8NF37	1	1	1	0	NO	NO	YES	UNMAPPED
Q8NF64;Q8NF64-2;Q8NF64-3	3	1	1	1	NO	NO	NO	UNIQUE_1TO1
Q8NFC6	1	1	1	1	NO	NO	NO	UNIQUE_1TO1
Q8NFF5;Q8NFF5-2;Q8NFF5-3	3	1	1	1	NO	NO	NO	UNIQUE_1TO1
Q8NFH3	1	1	1	1	NO	NO	NO	UNIQUE_1TO1
Q8NFH4	1	1	1	1	NO	NO	NO	UNIQUE_1TO1
Q8NFH5;Q8NFH5-2	2	1	1	1	NO	NO	NO	UNIQUE_1TO1
Q8NFJ5	1	1	1	1	NO	NO	NO	UNIQUE_1TO1
Q8NFQ8	1	1	1	1	NO	NO	NO	UNIQUE_1TO1
Q8NFU3;Q8NFU3-3	2	1	1	1	NO	NO	NO	UNIQUE_1TO1
Q8NFU5	1	1	1	1	NO	NO	NO	UNIQUE_1TO1
Q8NFV4	1	1	1	1	NO	NO	NO	UNIQUE_1TO1
Q8NFW8	1	1	1	1	NO	NO	NO	UNIQUE_1TO1
Q8NG11;Q8NG11-2;Q8NG11-3	3	1	1	1	NO	NO	NO	UNIQUE_1TO1
Q8NG31;Q8NG31-2	2	1	1	1	NO	NO	NO	UNIQUE_1TO1
Q8NGL6	1	1	1	1	NO	NO	NO	UNIQUE_1TO1
Q8NH51	1	1	1	0	NO	NO	YES	UNMAPPED
Q8NHH9;Q8NHH9-2;Q8NHH9-4;Q8NHH9-5	4	1	1	1	NO	NO	NO	UNIQUE_1TO1
Q8NHV4;Q8NHV4-2;Q8NHV4-3	3	1	1	1	NO	NO	NO	UNIQUE_1TO1
Q8NI27	1	1	1	1	NO	NO	NO	UNIQUE_1TO1
Q8NI35;Q8NI35-2;Q8NI35-3;Q8NI35-4	4	1	1	1	NO	NO	NO	UNIQUE_1TO1
Q8NI36	1	1	1	1	NO	NO	NO	UNIQUE_1TO1
Q8NI60;Q8NI60-3	2	1	1	1	NO	NO	NO	UNIQUE_1TO1
Q8TAD7	1	1	1	0	NO	NO	YES	UNMAPPED
Q8TAD8	1	1	1	1	NO	NO	NO	UNIQUE_1TO1
Q8TAE8	1	1	1	1	NO	NO	NO	UNIQUE_1TO1
Q8TAF3;Q8TAF3-3;Q8TAF3-4	3	1	1	1	NO	NO	NO	UNIQUE_1TO1
Q8TAG9	1	1	1	1	NO	NO	NO	UNIQUE_1TO1
Q8TAP9	1	1	1	1	NO	NO	NO	UNIQUE_1TO1
Q8TAQ2	1	1	1	1	NO	NO	NO	UNIQUE_1TO1
Q8TAT6;Q8TAT6-2	2	1	1	1	NO	NO	NO	UNIQUE_1TO1
Q8TAX9;Q8TAX9-1;Q8TAX9-2;Q8TAX9-3;Q8TAX9-6	5	1	1	1	NO	NO	NO	UNIQUE_1TO1
Q8TB22;Q8TB22-2;Q8TB22-3;Q8TB22-4	4	1	1	1	NO	NO	NO	UNIQUE_1TO1
Q8TB37	1	1	1	1	NO	NO	NO	UNIQUE_1TO1
Q8TB61;Q8TB61-2;Q8TB61-3	3	1	1	1	NO	NO	NO	UNIQUE_1TO1
Q8TBB5;Q8TBB5-2;Q8TBB5-3	3	1	1	1	NO	NO	NO	UNIQUE_1TO1
Q8TBC4	1	1	1	1	NO	NO	NO	UNIQUE_1TO1
Q8TBF4	1	1	1	1	NO	NO	NO	UNIQUE_1TO1
Q8TBX8	1	1	1	1	NO	NO	NO	UNIQUE_1TO1
Q8TC07;Q8TC07-2;Q8TC07-3	3	1	1	1	NO	NO	NO	UNIQUE_1TO1
Q8TC12	1	1	1	1	NO	NO	NO	UNIQUE_1TO1
Q8TC27	1	1	1	0	NO	NO	YES	UNMAPPED
Q8TCC3;Q8TCC3-2	2	1	1	1	NO	NO	NO	UNIQUE_1TO1
Q8TCD5	1	1	1	1	NO	NO	NO	UNIQUE_1TO1
Q8TCG1	1	1	1	1	NO	NO	NO	UNIQUE_1TO1
Q8TCJ2	1	1	1	1	NO	NO	NO	UNIQUE_1TO1
Q8TCS8	1	1	1	1	NO	NO	NO	UNIQUE_1TO1
Q8TCT8	1	1	1	1	NO	NO	NO	UNIQUE_1TO1
Q8TCT9;Q8TCT9-5	2	1	1	1	NO	NO	NO	UNIQUE_1TO1
Q8TD16;Q8TD16-2	2	1	1	1	NO	NO	NO	UNIQUE_1TO1
Q8TD19	1	1	1	1	NO	NO	NO	UNIQUE_1TO1
Q8TD26	1	1	1	1	NO	NO	NO	UNIQUE_1TO1
Q8TD30	1	1	1	1	NO	NO	NO	UNIQUE_1TO1
Q8TD84;Q8TD84-2	2	1	1	1	NO	NO	NO	UNIQUE_1TO1
Q8TDB6	1	1	1	1	NO	NO	NO	UNIQUE_1TO1
Q8TDD1;Q8TDD1-2	2	1	1	1	NO	NO	NO	UNIQUE_1TO1
Q8TDH9;Q8TDH9-2	2	1	1	1	NO	NO	NO	UNIQUE_1TO1
Q8TDN6	1	1	1	1	NO	NO	NO	UNIQUE_1TO1
Q8TDP1	1	1	1	1	NO	NO	NO	UNIQUE_1TO1
Q8TDX7	1	1	1	1	NO	NO	NO	UNIQUE_1TO1
Q8TDY2;Q8TDY2-2	2	1	1	1	NO	NO	NO	UNIQUE_1TO1
Q8TE77	1	1	1	1	NO	NO	NO	UNIQUE_1TO1
Q8TEA8	1	1	1	1	NO	NO	NO	UNIQUE_1TO1
Q8TEB1;Q8TEB1-2	2	1	1	0	NO	NO	YES	UNMAPPED
Q8TED0;Q8TED0-3	2	1	1	1	NO	NO	NO	UNIQUE_1TO1
Q8TEM1	1	1	1	1	NO	NO	NO	UNIQUE_1TO1
Q8TEQ6	1	1	1	1	NO	NO	NO	UNIQUE_1TO1
Q8TER5;Q8TER5-3;Q8TER5-4	3	1	1	1	NO	NO	NO	UNIQUE_1TO1
Q8TEU7;Q8TEU7-2;Q8TEU7-3;Q8TEU7-4;Q8TEU7-5;Q8TEU7-6	6	1	1	1	NO	NO	NO	UNIQUE_1TO1
Q8TEW0;Q8TEW0-10;Q8TEW0-11;Q8TEW0-2;Q8TEW0-3;Q8TEW0-4;Q8TEW0-5;Q8TEW0-6;Q8TEW0-7;Q8TEW0-8;Q8TEW0-9	11	1	1	1	NO	NO	NO	UNIQUE_1TO1
Q8TEX9;Q8TEX9-2	2	1	1	0	NO	NO	YES	UNMAPPED
Q8TF05;Q8TF05-2	2	1	1	1	NO	NO	NO	UNIQUE_1TO1
Q8TF72	1	1	1	1	NO	NO	NO	UNIQUE_1TO1
Q8TF74	1	1	1	1	NO	NO	NO	UNIQUE_1TO1
Q8WTT2	1	1	1	1	NO	NO	NO	UNIQUE_1TO1
Q8WTW3	1	1	1	1	NO	NO	NO	UNIQUE_1TO1
Q8WU90	1	1	1	1	NO	NO	NO	UNIQUE_1TO1
Q8WUA2	1	1	1	1	NO	NO	NO	UNIQUE_1TO1
Q8WUA4;Q8WUA4-2	2	1	1	1	NO	NO	NO	UNIQUE_1TO1
Q8WUA7;Q8WUA7-3;Q8WUA7-4	3	1	1	1	NO	NO	NO	UNIQUE_1TO1
Q8WUD1	1	1	1	1	NO	NO	NO	UNIQUE_1TO1
Q8WUD4	1	1	1	1	NO	NO	NO	UNIQUE_1TO1
Q8WUF5	1	1	1	1	NO	NO	NO	UNIQUE_1TO1
Q8WUH6	1	1	1	1	NO	NO	NO	UNIQUE_1TO1
Q8WUI4;Q8WUI4-10;Q8WUI4-2;Q8WUI4-3;Q8WUI4-4;Q8WUI4-5;Q8WUI4-6;Q8WUI4-7;Q8WUI4-8;Q8WUI4-9	10	1	1	1	NO	NO	NO	UNIQUE_1TO1
Q8WUK0;Q8WUK0-2;Q8WUK0-3	3	1	1	1	NO	NO	NO	UNIQUE_1TO1
Q8WUM0	1	1	1	1	NO	NO	NO	UNIQUE_1TO1
Q8WUM4	1	1	1	1	NO	NO	NO	UNIQUE_1TO1
Q8WUM9	1	1	1	1	NO	NO	NO	UNIQUE_1TO1
Q8WUP2;Q8WUP2-3	2	1	1	1	NO	NO	NO	UNIQUE_1TO1
Q8WUQ7;Q8WUQ7-2	2	1	1	1	NO	NO	NO	UNIQUE_1TO1
Q8WUW1;Q8WUW1-2	2	1	1	1	NO	NO	NO	UNIQUE_1TO1
Q8WUX1	1	1	1	1	NO	NO	NO	UNIQUE_1TO1
Q8WUX9;Q8WUX9-2	2	1	1	1	NO	NO	NO	UNIQUE_1TO1
Q8WUY1	1	1	1	1	NO	NO	NO	UNIQUE_1TO1
Q8WUY8	1	1	1	1	NO	NO	NO	UNIQUE_1TO1
Q8WV24	1	1	1	1	NO	NO	NO	UNIQUE_1TO1
Q8WV41	1	1	1	1	NO	NO	NO	UNIQUE_1TO1
Q8WV74	1	1	1	1	NO	NO	NO	UNIQUE_1TO1
Q8WV92	1	1	1	1	NO	NO	NO	UNIQUE_1TO1
Q8WVB6;Q8WVB6-2	2	1	1	1	NO	NO	NO	UNIQUE_1TO1
Q8WVC0;Q8WVC0-2	2	1	1	1	NO	NO	NO	UNIQUE_1TO1
Q8WVJ2	1	1	1	1	NO	NO	NO	UNIQUE_1TO1
Q8WVM0	1	1	1	1	NO	NO	NO	UNIQUE_1TO1
Q8WVM7;Q8WVM7-2	2	1	1	1	NO	NO	NO	UNIQUE_1TO1
Q8WVM8	1	1	1	1	NO	NO	NO	UNIQUE_1TO1
Q8WVV9-2	1	1	1	1	NO	NO	NO	UNIQUE_1TO1
Q8WVV9;Q8WVV9-4	2	1	1	1	NO	NO	NO	UNIQUE_1TO1
Q8WVY7	1	1	1	1	NO	NO	NO	UNIQUE_1TO1
Q8WW12	1	1	1	1	NO	NO	NO	UNIQUE_1TO1
Q8WW59	1	1	1	1	NO	NO	NO	UNIQUE_1TO1
Q8WWC4	1	1	1	1	NO	NO	NO	UNIQUE_1TO1
Q8WWI1-3	1	1	1	1	NO	NO	NO	UNIQUE_1TO1
Q8WWI5;Q8WWI5-2;Q8WWI5-3	3	1	1	1	NO	NO	NO	UNIQUE_1TO1
Q8WWK9;Q8WWK9-5;Q8WWK9-6	3	1	1	1	NO	NO	NO	UNIQUE_1TO1
Q8WWM7	1	1	1	1	NO	NO	NO	UNIQUE_1TO1
Q8WWQ0	1	1	1	1	NO	NO	NO	UNIQUE_1TO1
Q8WWY3	1	1	1	0	NO	NO	YES	UNMAPPED
Q8WX92;Q8WX92-2	2	1	1	1	NO	NO	NO	UNIQUE_1TO1
Q8WX93;Q8WX93-3;Q8WX93-4	3	1	1	1	NO	NO	NO	UNIQUE_1TO1
Q8WXA9-2	1	1	1	1	NO	NO	NO	UNIQUE_1TO1
Q8WXE0;Q8WXE0-2	2	1	1	1	NO	NO	NO	UNIQUE_1TO1
Q8WXE1;Q8WXE1-2	2	1	1	1	NO	NO	NO	UNIQUE_1TO1
Q8WXF1	1	1	1	1	NO	NO	NO	UNIQUE_1TO1
Q8WXH0;Q8WXH0-2	2	1	1	1	NO	NO	NO	UNIQUE_1TO1
Q8WXI4;Q8WXI4-2	2	1	1	1	NO	NO	NO	UNIQUE_1TO1
Q8WXI9	1	1	1	0	NO	NO	YES	UNMAPPED
Q8WXR4;Q8WXR4-2;Q8WXR4-3;Q8WXR4-4;Q8WXR4-5;Q8WXR4-6;Q8WXR4-7	7	1	1	1	NO	NO	NO	UNIQUE_1TO1
Q8WXX5	1	1	1	1	NO	NO	NO	UNIQUE_1TO1
Q8WY22	1	1	1	1	NO	NO	NO	UNIQUE_1TO1
Q8WY91	1	1	1	1	NO	NO	NO	UNIQUE_1TO1
Q8WYA6	1	1	1	1	NO	NO	NO	UNIQUE_1TO1
Q8WYK0	1	1	1	1	NO	NO	NO	UNIQUE_1TO1
Q8WYP5;Q8WYP5-2;Q8WYP5-3	3	1	1	1	NO	NO	NO	UNIQUE_1TO1
Q8WZ42;Q8WZ42-10;Q8WZ42-11;Q8WZ42-12;Q8WZ42-13;Q8WZ42-2;Q8WZ42-3;Q8WZ42-4;Q8WZ42-5;Q8WZ42-7;Q8WZ42-8;Q8WZ42-9	12	1	1	1	NO	NO	NO	UNIQUE_1TO1
Q8WZ82	1	1	1	1	NO	NO	NO	UNIQUE_1TO1
Q8WZA9	1	1	1	1	NO	NO	NO	UNIQUE_1TO1
Q92466	1	1	1	1	NO	NO	NO	UNIQUE_1TO1
Q92478	1	1	1	1	NO	NO	NO	UNIQUE_1TO1
Q92499	1	1	1	1	NO	NO	NO	UNIQUE_1TO1
Q92506	1	1	1	0	NO	NO	YES	UNMAPPED
Q92520	1	1	1	1	NO	NO	NO	UNIQUE_1TO1
Q92522	1	1	1	1	NO	NO	NO	UNIQUE_1TO1
Q92526;Q92526-3	2	1	1	1	NO	NO	NO	UNIQUE_1TO1
Q92530	1	1	1	1	NO	NO	NO	UNIQUE_1TO1
Q92536	1	1	1	1	NO	NO	NO	UNIQUE_1TO1
Q92538;Q92538-2;Q92538-3	3	1	1	1	NO	NO	NO	UNIQUE_1TO1
Q92542;Q92542-2	2	1	1	1	NO	NO	NO	UNIQUE_1TO1
Q92544	1	1	1	1	NO	NO	NO	UNIQUE_1TO1
Q92552;Q92552-2	2	1	1	1	NO	NO	NO	UNIQUE_1TO1
Q92567;Q92567-2;Q92567-3	3	1	1	1	NO	NO	NO	UNIQUE_1TO1
Q92572	1	1	1	1	NO	NO	NO	UNIQUE_1TO1
Q92575	1	1	1	1	NO	NO	NO	UNIQUE_1TO1
Q92576;Q92576-2	2	1	1	1	NO	NO	NO	UNIQUE_1TO1
Q92585	1	1	1	0	NO	NO	YES	UNMAPPED
Q92597	1	1	1	1	NO	NO	NO	UNIQUE_1TO1
Q92598;Q92598-2	2	1	1	1	NO	NO	NO	UNIQUE_1TO1
Q92599;Q92599-2;Q92599-4	3	1	1	1	NO	NO	NO	UNIQUE_1TO1
Q92600	1	1	1	1	NO	NO	NO	UNIQUE_1TO1
Q92604	1	1	1	1	NO	NO	NO	UNIQUE_1TO1
Q92610	1	1	1	1	NO	NO	NO	UNIQUE_1TO1
Q92614;Q92614-4	2	1	1	1	NO	NO	NO	UNIQUE_1TO1
Q92615	1	1	1	1	NO	NO	NO	UNIQUE_1TO1
Q92616	1	1	1	1	NO	NO	NO	UNIQUE_1TO1
Q92620	1	1	1	1	NO	NO	NO	UNIQUE_1TO1
Q92621	1	1	1	1	NO	NO	NO	UNIQUE_1TO1
Q92625	1	1	1	1	NO	NO	NO	UNIQUE_1TO1
Q92626;Q92626-2	2	1	1	1	NO	NO	NO	UNIQUE_1TO1
Q92643	1	1	1	1	NO	NO	NO	UNIQUE_1TO1
Q92665	1	1	1	1	NO	NO	NO	UNIQUE_1TO1
Q92667	1	1	1	1	NO	NO	NO	UNIQUE_1TO1
Q92688;Q92688-2	2	1	1	1	NO	NO	NO	UNIQUE_1TO1
Q92692	1	1	1	1	NO	NO	NO	UNIQUE_1TO1
Q92696	1	1	1	0	NO	NO	YES	UNMAPPED
Q92733	1	1	1	1	NO	NO	NO	UNIQUE_1TO1
Q92734;Q92734-2	2	1	1	1	NO	NO	NO	UNIQUE_1TO1
Q92747	1	1	1	1	NO	NO	NO	UNIQUE_1TO1
Q92759	1	1	1	0	NO	NO	YES	UNMAPPED
Q92766;Q92766-2;Q92766-3;Q92766-5	4	1	1	1	NO	NO	NO	UNIQUE_1TO1
Q92769;Q92769-3	2	1	1	1	NO	NO	NO	UNIQUE_1TO1
Q92783;Q92783-2	2	1	1	1	NO	NO	NO	UNIQUE_1TO1
Q92785	1	1	1	1	NO	NO	NO	UNIQUE_1TO1
Q92793;Q92793-2	2	1	1	1	NO	NO	NO	UNIQUE_1TO1
Q92796;Q92796-2;Q92796-3	3	1	1	1	NO	NO	NO	UNIQUE_1TO1
Q92797	1	1	1	1	NO	NO	NO	UNIQUE_1TO1
Q92804;Q92804-2	2	1	1	0	NO	NO	YES	UNMAPPED
Q92805	1	1	1	1	NO	NO	NO	UNIQUE_1TO1
Q92817	1	1	1	1	NO	NO	NO	UNIQUE_1TO1
Q92820	1	1	1	1	NO	NO	NO	UNIQUE_1TO1
Q92841	1	1	1	1	NO	NO	NO	UNIQUE_1TO1
Q92878;Q92878-2	2	1	1	1	NO	NO	NO	UNIQUE_1TO1
Q92879;Q92879-2;Q92879-3	3	1	1	1	NO	NO	NO	UNIQUE_1TO1
Q92882	1	1	1	1	NO	NO	NO	UNIQUE_1TO1
Q92888;Q92888-2;Q92888-3	3	1	1	1	NO	NO	NO	UNIQUE_1TO1
Q92890;Q92890-1	2	1	1	1	NO	NO	NO	UNIQUE_1TO1
Q92896;Q92896-2;Q92896-3	3	1	1	1	NO	NO	NO	UNIQUE_1TO1
Q92900;Q92900-2	2	1	1	1	NO	NO	NO	UNIQUE_1TO1
Q92901	1	1	1	0	NO	NO	YES	UNMAPPED
Q92905	1	1	1	1	NO	NO	NO	UNIQUE_1TO1
Q92917	1	1	1	0	NO	NO	YES	UNMAPPED
Q92925;Q92925-3	2	1	1	1	NO	NO	NO	UNIQUE_1TO1
Q92930	1	1	1	1	NO	NO	NO	UNIQUE_1TO1
Q92945	1	1	1	1	NO	NO	NO	UNIQUE_1TO1
Q92947	1	1	1	1	NO	NO	NO	UNIQUE_1TO1
Q92968	1	1	1	1	NO	NO	NO	UNIQUE_1TO1
Q92973;Q92973-2	2	1	1	1	NO	NO	NO	UNIQUE_1TO1
Q92974;Q92974-2;Q92974-3	3	1	1	1	NO	NO	NO	UNIQUE_1TO1
Q92979	1	1	1	1	NO	NO	NO	UNIQUE_1TO1
Q93008;Q93008-3	2	1	1	1	NO	NO	NO	UNIQUE_1TO1
Q93009;Q93009-3	2	1	1	1	NO	NO	NO	UNIQUE_1TO1
Q93034	1	1	1	1	NO	NO	NO	UNIQUE_1TO1
Q93050;Q93050-1;Q93050-3	3	1	1	1	NO	NO	NO	UNIQUE_1TO1
Q93052	1	1	1	1	NO	NO	NO	UNIQUE_1TO1
Q93074;Q93074-2;Q93074-3	3	1	1	1	NO	NO	NO	UNIQUE_1TO1
Q93084;Q93084-1;Q93084-3;Q93084-4;Q93084-5;Q93084-6;Q93084-7	7	1	1	1	NO	NO	NO	UNIQUE_1TO1
Q969E2;Q969E2-2	2	1	1	1	NO	NO	NO	UNIQUE_1TO1
Q969E4	1	1	1	1	NO	NO	NO	UNIQUE_1TO1
Q969G3;Q969G3-2;Q969G3-3;Q969G3-4;Q969G3-5;Q969G3-6	6	1	1	1	NO	NO	NO	UNIQUE_1TO1
Q969G5	1	1	1	1	NO	NO	NO	UNIQUE_1TO1
Q969H8	1	1	1	1	NO	NO	NO	UNIQUE_1TO1
Q969L2	1	1	1	1	NO	NO	NO	UNIQUE_1TO1
Q969M3;Q969M3-2;Q969M3-3	3	1	1	1	NO	NO	NO	UNIQUE_1TO1
Q969N2;Q969N2-5	2	1	1	1	NO	NO	NO	UNIQUE_1TO1
Q969S3	1	1	1	1	NO	NO	NO	UNIQUE_1TO1
Q969S9;Q969S9-3;Q969S9-4	3	1	1	1	NO	NO	NO	UNIQUE_1TO1
Q969U7;Q969U7-2	2	1	1	1	NO	NO	NO	UNIQUE_1TO1
Q969V3;Q969V3-2	2	1	1	1	NO	NO	NO	UNIQUE_1TO1
Q969V6	1	1	1	1	NO	NO	NO	UNIQUE_1TO1
Q969X1	1	1	1	1	NO	NO	NO	UNIQUE_1TO1
Q969X5;Q969X5-2	2	1	1	1	NO	NO	NO	UNIQUE_1TO1
Q969X6	1	1	1	0	NO	NO	YES	UNMAPPED
Q969Y2;Q969Y2-2;Q969Y2-3;Q969Y2-4	4	1	1	1	NO	NO	NO	UNIQUE_1TO1
Q969Z0	1	1	1	1	NO	NO	NO	UNIQUE_1TO1
Q96A26	1	1	1	1	NO	NO	NO	UNIQUE_1TO1
Q96A33;Q96A33-2	2	1	1	1	NO	NO	NO	UNIQUE_1TO1
Q96A35	1	1	1	1	NO	NO	NO	UNIQUE_1TO1
Q96A49	1	1	1	1	NO	NO	NO	UNIQUE_1TO1
Q96A65	1	1	1	1	NO	NO	NO	UNIQUE_1TO1
Q96AB3	1	1	1	1	NO	NO	NO	UNIQUE_1TO1
Q96AC1;Q96AC1-2;Q96AC1-3	3	1	1	1	NO	NO	NO	UNIQUE_1TO1
Q96AE4	1	1	1	1	NO	NO	NO	UNIQUE_1TO1
Q96AE4-2	1	1	1	1	NO	NO	NO	UNIQUE_1TO1
Q96AG4	1	1	1	1	NO	NO	NO	UNIQUE_1TO1
Q96AT1	1	1	1	0	NO	NO	YES	UNMAPPED
Q96AT9;Q96AT9-2	2	1	1	1	NO	NO	NO	UNIQUE_1TO1
Q96AX1	1	1	1	1	NO	NO	NO	UNIQUE_1TO1
Q96B23;Q96B23-2	2	1	1	1	NO	NO	NO	UNIQUE_1TO1
Q96B26	1	1	1	1	NO	NO	NO	UNIQUE_1TO1
Q96B36;Q96B36-2;Q96B36-3	3	1	1	1	NO	NO	NO	UNIQUE_1TO1
Q96B49	1	1	1	1	NO	NO	NO	UNIQUE_1TO1
Q96BD0;Q96BD0-2;Q96BD0-3;Q96BD0-4	4	1	1	1	NO	NO	NO	UNIQUE_1TO1
Q96BH1	1	1	1	1	NO	NO	NO	UNIQUE_1TO1
Q96BJ3;Q96BJ3-2	2	1	1	1	NO	NO	NO	UNIQUE_1TO1
Q96BJ8;Q96BJ8-2;Q96BJ8-3	3	1	1	1	NO	NO	NO	UNIQUE_1TO1
Q96BM9	1	1	1	1	NO	NO	NO	UNIQUE_1TO1
Q96BN8	1	1	1	1	NO	NO	NO	UNIQUE_1TO1
Q96BP2	1	1	1	1	NO	NO	NO	UNIQUE_1TO1
Q96BP3	1	1	1	1	NO	NO	NO	UNIQUE_1TO1
Q96BQ5	1	1	1	1	NO	NO	NO	UNIQUE_1TO1
Q96BW5;Q96BW5-2	2	1	1	1	NO	NO	NO	UNIQUE_1TO1
Q96BW9;Q96BW9-3	2	1	1	0	NO	NO	YES	UNMAPPED
Q96C01	1	1	1	1	NO	NO	NO	UNIQUE_1TO1
Q96C19	1	1	1	1	NO	NO	NO	UNIQUE_1TO1
Q96C23	1	1	1	1	NO	NO	NO	UNIQUE_1TO1
Q96C36	1	1	1	1	NO	NO	NO	UNIQUE_1TO1
Q96C57	1	1	1	0	NO	NO	YES	UNMAPPED
Q96C86	1	1	1	1	NO	NO	NO	UNIQUE_1TO1
Q96C90	1	1	1	1	NO	NO	NO	UNIQUE_1TO1
Q96CB8	1	1	1	1	NO	NO	NO	UNIQUE_1TO1
Q96CB9;Q96CB9-4	2	1	1	1	NO	NO	NO	UNIQUE_1TO1
Q96CM8;Q96CM8-2;Q96CM8-3	3	1	1	1	NO	NO	NO	UNIQUE_1TO1
Q96CN7	1	1	1	1	NO	NO	NO	UNIQUE_1TO1
Q96CP7	1	1	1	1	NO	NO	NO	UNIQUE_1TO1
Q96CS3	1	1	1	1	NO	NO	NO	UNIQUE_1TO1
Q96CT7	1	1	1	1	NO	NO	NO	UNIQUE_1TO1
Q96CU9;Q96CU9-2;Q96CU9-3	3	1	1	1	NO	NO	NO	UNIQUE_1TO1
Q96CV9;Q96CV9-2;Q96CV9-3	3	1	1	1	NO	NO	NO	UNIQUE_1TO1
Q96CW1	1	1	1	1	NO	NO	NO	UNIQUE_1TO1
Q96CW1-2	1	1	1	1	NO	NO	NO	UNIQUE_1TO1
Q96CW5	1	1	1	0	NO	NO	YES	UNMAPPED
Q96CX2	1	1	1	1	NO	NO	NO	UNIQUE_1TO1
Q96D46	1	1	1	1	NO	NO	NO	UNIQUE_1TO1
Q96D71;Q96D71-3	2	1	1	1	NO	NO	NO	UNIQUE_1TO1
Q96DA6	1	1	1	1	NO	NO	NO	UNIQUE_1TO1
Q96DB5	1	1	1	1	NO	NO	NO	UNIQUE_1TO1
Q96DE0	1	1	1	1	NO	NO	NO	UNIQUE_1TO1
Q96DH6	1	1	1	1	NO	NO	NO	UNIQUE_1TO1
Q96DI7	1	1	1	1	NO	NO	NO	UNIQUE_1TO1
Q96DV4	1	1	1	1	NO	NO	NO	UNIQUE_1TO1
Q96E11;Q96E11-3	2	1	1	1	NO	NO	NO	UNIQUE_1TO1
Q96E14	1	1	1	1	NO	NO	NO	UNIQUE_1TO1
Q96E39	1	1	1	1	NO	NO	NO	UNIQUE_1TO1
Q96EB1;Q96EB1-2;Q96EB1-3	3	1	1	1	NO	NO	NO	UNIQUE_1TO1
Q96ED9;Q96ED9-2	2	1	1	1	NO	NO	NO	UNIQUE_1TO1
Q96EE3;Q96EE3-1	2	1	1	1	NO	NO	NO	UNIQUE_1TO1
Q96EH3	1	1	1	1	NO	NO	NO	UNIQUE_1TO1
Q96EI5;Q96EI5-2	2	1	1	1	NO	NO	NO	UNIQUE_1TO1
Q96EK5	1	1	1	1	NO	NO	NO	UNIQUE_1TO1
Q96EK6	1	1	1	1	NO	NO	NO	UNIQUE_1TO1
Q96EL2	1	1	1	1	NO	NO	NO	UNIQUE_1TO1
Q96EL3	1	1	1	1	NO	NO	NO	UNIQUE_1TO1
Q96EP5;Q96EP5-2	2	1	1	1	NO	NO	NO	UNIQUE_1TO1
Q96ER3	1	1	1	1	NO	NO	NO	UNIQUE_1TO1
Q96ER9;Q96ER9-2	2	1	1	1	NO	NO	NO	UNIQUE_1TO1
Q96EV2	1	1	1	1	NO	NO	NO	UNIQUE_1TO1
Q96EX3	1	1	1	1	NO	NO	NO	UNIQUE_1TO1
Q96EY1;Q96EY1-2	2	1	1	0	NO	NO	YES	UNMAPPED
Q96EY4	1	1	1	1	NO	NO	NO	UNIQUE_1TO1
Q96EY5;Q96EY5-3	2	1	1	1	NO	NO	NO	UNIQUE_1TO1
Q96EY7	1	1	1	1	NO	NO	NO	UNIQUE_1TO1
Q96EY8	1	1	1	1	NO	NO	NO	UNIQUE_1TO1
Q96F86	1	1	1	1	NO	NO	NO	UNIQUE_1TO1
Q96FE7;Q96FE7-2;Q96FE7-4;Q96FE7-5	4	1	1	1	NO	NO	NO	UNIQUE_1TO1
Q96FF9	1	1	1	1	NO	NO	NO	UNIQUE_1TO1
Q96FJ2	1	1	1	1	NO	NO	NO	UNIQUE_1TO1
Q96FK6	1	1	1	1	NO	NO	NO	UNIQUE_1TO1
Q96FN4;Q96FN4-2	2	1	1	1	NO	NO	NO	UNIQUE_1TO1
Q96FQ6	1	1	1	1	NO	NO	NO	UNIQUE_1TO1
Q96FV2;Q96FV2-2	2	1	1	1	NO	NO	NO	UNIQUE_1TO1
Q96FV9	1	1	1	1	NO	NO	NO	UNIQUE_1TO1
Q96FW1	1	1	1	1	NO	NO	NO	UNIQUE_1TO1
Q96FX7	1	1	1	1	NO	NO	NO	UNIQUE_1TO1
Q96FZ2	1	1	1	1	NO	NO	NO	UNIQUE_1TO1
Q96FZ7	1	1	1	1	NO	NO	NO	UNIQUE_1TO1
Q96G03	1	1	1	1	NO	NO	NO	UNIQUE_1TO1
Q96G21	1	1	1	1	NO	NO	NO	UNIQUE_1TO1
Q96G25;Q96G25-2	2	1	1	1	NO	NO	NO	UNIQUE_1TO1
Q96G46	1	1	1	1	NO	NO	NO	UNIQUE_1TO1
Q96GA3	1	1	1	1	NO	NO	NO	UNIQUE_1TO1
Q96GC5;Q96GC5-3	2	1	1	1	NO	NO	NO	UNIQUE_1TO1
Q96GC9	1	1	1	1	NO	NO	NO	UNIQUE_1TO1
Q96GD0	1	1	1	1	NO	NO	NO	UNIQUE_1TO1
Q96GD4;Q96GD4-4;Q96GD4-5	3	1	1	1	NO	NO	NO	UNIQUE_1TO1
Q96GE9;Q96GE9-2	2	1	1	1	NO	NO	NO	UNIQUE_1TO1
Q96GG9	1	1	1	1	NO	NO	NO	UNIQUE_1TO1
Q96GK7	1	1	1	0	NO	NO	YES	UNMAPPED
Q96GM8	1	1	1	1	NO	NO	NO	UNIQUE_1TO1
Q96GQ7	1	1	1	1	NO	NO	NO	UNIQUE_1TO1
Q96GS4	1	1	1	1	NO	NO	NO	UNIQUE_1TO1
Q96GX9	1	1	1	1	NO	NO	NO	UNIQUE_1TO1
Q96GZ6;Q96GZ6-2;Q96GZ6-5;Q96GZ6-6;Q96GZ6-7;Q96GZ6-8;Q96GZ6-9	7	1	1	1	NO	NO	NO	UNIQUE_1TO1
Q96H55;Q96H55-4	2	1	1	0	NO	NO	YES	UNMAPPED
Q96H79	1	1	1	1	NO	NO	NO	UNIQUE_1TO1
Q96HA7	1	1	1	1	NO	NO	NO	UNIQUE_1TO1
Q96HC4	1	1	1	1	NO	NO	NO	UNIQUE_1TO1
Q96HE7	1	1	1	1	NO	NO	NO	UNIQUE_1TO1
Q96HJ9-2	1	1	1	1	NO	NO	NO	UNIQUE_1TO1
Q96HN2;Q96HN2-2;Q96HN2-3;Q96HN2-4	4	1	1	1	NO	NO	NO	UNIQUE_1TO1
Q96HQ2;Q96HQ2-2	2	1	1	1	NO	NO	NO	UNIQUE_1TO1
Q96HR9;Q96HR9-2	2	1	1	1	NO	NO	NO	UNIQUE_1TO1
Q96HS1	1	1	1	1	NO	NO	NO	UNIQUE_1TO1
Q96HW7	1	1	1	1	NO	NO	NO	UNIQUE_1TO1
Q96HY6;Q96HY6-2	2	1	1	1	NO	NO	NO	UNIQUE_1TO1
Q96HY7	1	1	1	1	NO	NO	NO	UNIQUE_1TO1
Q96I15;Q96I15-2	2	1	1	1	NO	NO	NO	UNIQUE_1TO1
Q96I24	1	1	1	1	NO	NO	NO	UNIQUE_1TO1
Q96I25	1	1	1	1	NO	NO	NO	UNIQUE_1TO1
Q96I27;Q96I27-2	2	1	1	1	NO	NO	NO	UNIQUE_1TO1
Q96I51;Q96I51-2;Q96I51-3	3	1	1	1	NO	NO	NO	UNIQUE_1TO1
Q96I99	1	1	1	1	NO	NO	NO	UNIQUE_1TO1
Q96IF1	1	1	1	1	NO	NO	NO	UNIQUE_1TO1
Q96IJ6;Q96IJ6-2	2	1	1	1	NO	NO	NO	UNIQUE_1TO1
Q96IU4	1	1	1	1	NO	NO	NO	UNIQUE_1TO1
Q96IX5	1	1	1	1	NO	NO	NO	UNIQUE_1TO1
Q96IZ0	1	1	1	1	NO	NO	NO	UNIQUE_1TO1
Q96IZ7;Q96IZ7-2	2	1	1	1	NO	NO	NO	UNIQUE_1TO1
Q96J01	1	1	1	1	NO	NO	NO	UNIQUE_1TO1
Q96J02;Q96J02-2;Q96J02-3	3	1	1	0	NO	NO	YES	UNMAPPED
Q96JB2	1	1	1	1	NO	NO	NO	UNIQUE_1TO1
Q96JB5	1	1	1	1	NO	NO	NO	UNIQUE_1TO1
Q96JG6;Q96JG6-3	2	1	1	1	NO	NO	NO	UNIQUE_1TO1
Q96JH7	1	1	1	1	NO	NO	NO	UNIQUE_1TO1
Q96JJ7	1	1	1	1	NO	NO	NO	UNIQUE_1TO1
Q96JM3	1	1	1	1	NO	NO	NO	UNIQUE_1TO1
Q96JP5;Q96JP5-2	2	1	1	1	NO	NO	NO	UNIQUE_1TO1
Q96JQ2	1	1	1	1	NO	NO	NO	UNIQUE_1TO1
Q96JY6;Q96JY6-3;Q96JY6-5	3	1	1	1	NO	NO	NO	UNIQUE_1TO1
Q96K17	1	1	1	1	NO	NO	NO	UNIQUE_1TO1
Q96K21;Q96K21-2;Q96K21-3;Q96K21-4	4	1	1	1	NO	NO	NO	UNIQUE_1TO1
Q96K37	1	1	1	1	NO	NO	NO	UNIQUE_1TO1
Q96K76;Q96K76-4	2	1	1	1	NO	NO	NO	UNIQUE_1TO1
Q96KB5;Q96KB5-2	2	1	1	1	NO	NO	NO	UNIQUE_1TO1
Q96KC2	1	1	1	1	NO	NO	NO	UNIQUE_1TO1
Q96KG9;Q96KG9-2;Q96KG9-3;Q96KG9-4;Q96KG9-5;Q96KG9-6	6	1	1	1	NO	NO	NO	UNIQUE_1TO1
Q96KN1	1	1	1	1	NO	NO	NO	UNIQUE_1TO1
Q96KP1	1	1	1	1	NO	NO	NO	UNIQUE_1TO1
Q96KP4	1	1	1	1	NO	NO	NO	UNIQUE_1TO1
Q96KQ7;Q96KQ7-2;Q96KQ7-3	3	1	1	0	NO	NO	YES	UNMAPPED
Q96KR1	1	1	1	1	NO	NO	NO	UNIQUE_1TO1
Q96L91;Q96L91-2;Q96L91-3;Q96L91-5	4	1	1	1	NO	NO	NO	UNIQUE_1TO1
Q96L92;Q96L92-3	2	1	1	1	NO	NO	NO	UNIQUE_1TO1
Q96LB3	1	1	1	1	NO	NO	NO	UNIQUE_1TO1
Q96LD4	1	1	1	1	NO	NO	NO	UNIQUE_1TO1
Q96LD8	1	1	1	1	NO	NO	NO	UNIQUE_1TO1
Q96LJ7	1	1	1	0	NO	NO	YES	UNMAPPED
Q96LW7;Q96LW7-2	2	1	1	1	NO	NO	NO	UNIQUE_1TO1
Q96M27;Q96M27-2;Q96M27-3	3	1	1	1	NO	NO	NO	UNIQUE_1TO1
Q96MF7	1	1	1	1	NO	NO	NO	UNIQUE_1TO1
Q96MN2	1	1	1	1	NO	NO	NO	UNIQUE_1TO1
Q96MU7;Q96MU7-2	2	1	1	0	NO	NO	YES	UNMAPPED
Q96MW1	1	1	1	1	NO	NO	NO	UNIQUE_1TO1
Q96MW5	1	1	1	1	NO	NO	NO	UNIQUE_1TO1
Q96MX6	1	1	1	1	NO	NO	NO	UNIQUE_1TO1
Q96N66;Q96N66-2;Q96N66-3	3	1	1	0	NO	NO	YES	UNMAPPED
Q96N67;Q96N67-2;Q96N67-3;Q96N67-4;Q96N67-5;Q96N67-6	6	1	1	1	NO	NO	NO	UNIQUE_1TO1
Q96NB3	1	1	1	1	NO	NO	NO	UNIQUE_1TO1
Q96NE9;Q96NE9-2	2	1	1	1	NO	NO	NO	UNIQUE_1TO1
Q96NT5;Q96NT5-2	2	1	1	1	NO	NO	NO	UNIQUE_1TO1
Q96NY7;Q96NY7-2;Q9NZA1;Q9NZA1-2;Q9NZA1-3	5	2	2	2	NO	NO	NO	PROTEIN_GROUP_MULTI_GENE
Q96P11;Q96P11-2;Q96P11-4	3	1	1	1	NO	NO	NO	UNIQUE_1TO1
Q96P16	1	1	1	1	NO	NO	NO	UNIQUE_1TO1
Q96P47;Q96P47-2;Q96P47-4	3	1	1	1	NO	NO	NO	UNIQUE_1TO1
Q96P48;Q96P48-3	2	1	1	1	NO	NO	NO	UNIQUE_1TO1
Q96P70	1	1	1	1	NO	NO	NO	UNIQUE_1TO1
Q96PC3;Q96PC3-2;Q96PC3-3;Q96PC3-4	4	1	1	1	NO	NO	NO	UNIQUE_1TO1
Q96PC5;Q96PC5-10;Q96PC5-11;Q96PC5-12;Q96PC5-13;Q96PC5-14;Q96PC5-5;Q96PC5-6;Q96PC5-7;Q96PC5-8;Q96PC5-9	11	1	1	1	NO	NO	NO	UNIQUE_1TO1
Q96PD2;Q96PD2-2	2	1	1	1	NO	NO	NO	UNIQUE_1TO1
Q96PK6	1	1	1	1	NO	NO	NO	UNIQUE_1TO1
Q96PM9;Q96PM9-1	2	1	1	1	NO	NO	NO	UNIQUE_1TO1
Q96PU5;Q96PU5-2;Q96PU5-5;Q96PU5-6;Q96PU5-7	5	1	1	1	NO	NO	NO	UNIQUE_1TO1
Q96PU8;Q96PU8-6;Q96PU8-8;Q96PU8-9	4	1	1	1	NO	NO	NO	UNIQUE_1TO1
Q96PZ0;Q96PZ0-2	2	1	1	1	NO	NO	NO	UNIQUE_1TO1
Q96Q11;Q96Q11-2	2	1	1	1	NO	NO	NO	UNIQUE_1TO1
Q96QC0	1	1	1	0	NO	NO	YES	UNMAPPED
Q96QD8	1	1	1	1	NO	NO	NO	UNIQUE_1TO1
Q96QD9;Q96QD9-2;Q96QD9-3	3	1	1	1	NO	NO	NO	UNIQUE_1TO1
Q96QE5;Q96QE5-4	2	1	1	1	NO	NO	NO	UNIQUE_1TO1
Q96QK1	1	1	1	1	NO	NO	NO	UNIQUE_1TO1
Q96QR8	1	1	1	1	NO	NO	NO	UNIQUE_1TO1
Q96RE7	1	1	1	1	NO	NO	NO	UNIQUE_1TO1
Q96RF0;Q96RF0-2;Q96RF0-3	3	1	1	1	NO	NO	NO	UNIQUE_1TO1
Q96RL1;Q96RL1-2;Q96RL1-3	3	1	1	1	NO	NO	NO	UNIQUE_1TO1
Q96RL7;Q96RL7-2;Q96RL7-3;Q96RL7-4	4	1	1	1	NO	NO	NO	UNIQUE_1TO1
Q96RP9	1	1	1	1	NO	NO	NO	UNIQUE_1TO1
Q96RQ1	1	1	1	1	NO	NO	NO	UNIQUE_1TO1
Q96RQ3	1	1	1	1	NO	NO	NO	UNIQUE_1TO1
Q96RS0	1	1	1	1	NO	NO	NO	UNIQUE_1TO1
Q96RS6	1	1	1	1	NO	NO	NO	UNIQUE_1TO1
Q96RT1;Q96RT1-2;Q96RT1-3;Q96RT1-5;Q96RT1-7;Q96RT1-8;Q96RT1-9	7	1	1	1	NO	NO	NO	UNIQUE_1TO1
Q96RT7;Q96RT7-2;Q96RT7-3	3	1	1	1	NO	NO	NO	UNIQUE_1TO1
Q96RU2;Q96RU2-2	2	1	1	1	NO	NO	NO	UNIQUE_1TO1
Q96S19;Q96S19-2;Q96S19-3;Q96S19-4;Q96S19-5;Q96S19-6	6	1	1	1	NO	NO	NO	UNIQUE_1TO1
Q96S44	1	1	1	1	NO	NO	NO	UNIQUE_1TO1
Q96S52;Q96S52-2	2	1	1	1	NO	NO	NO	UNIQUE_1TO1
Q96S55;Q96S55-2	2	1	1	1	NO	NO	NO	UNIQUE_1TO1
Q96S66;Q96S66-2;Q96S66-3;Q96S66-4	4	1	1	1	NO	NO	NO	UNIQUE_1TO1
Q96S97	1	1	1	1	NO	NO	NO	UNIQUE_1TO1
Q96S99	1	1	1	1	NO	NO	NO	UNIQUE_1TO1
Q96SB3	1	1	1	1	NO	NO	NO	UNIQUE_1TO1
Q96SB4;Q96SB4-3;Q96SB4-4	3	1	1	1	NO	NO	NO	UNIQUE_1TO1
Q96SB8;Q96SB8-2	2	1	1	1	NO	NO	NO	UNIQUE_1TO1
Q96SI9;Q96SI9-2	2	1	1	1	NO	NO	NO	UNIQUE_1TO1
Q96SK2;Q96SK2-2	2	1	1	1	NO	NO	NO	UNIQUE_1TO1
Q96ST2;Q96ST2-2;Q96ST2-3	3	1	1	1	NO	NO	NO	UNIQUE_1TO1
Q96ST3	1	1	1	1	NO	NO	NO	UNIQUE_1TO1
Q96SU4;Q96SU4-2;Q96SU4-3;Q96SU4-6;Q96SU4-7	5	1	1	1	NO	NO	NO	UNIQUE_1TO1
Q96SZ5	1	1	1	1	NO	NO	NO	UNIQUE_1TO1
Q96T21;Q96T21-2;Q96T21-3	3	1	1	1	NO	NO	NO	UNIQUE_1TO1
Q96T23;Q96T23-2	2	1	1	1	NO	NO	NO	UNIQUE_1TO1
Q96T37;Q96T37-2;Q96T37-3;Q96T37-4	4	1	1	1	NO	NO	NO	UNIQUE_1TO1
Q96T51	1	1	1	0	NO	NO	YES	UNMAPPED
Q96T60;Q96T60-2	2	1	1	1	NO	NO	NO	UNIQUE_1TO1
Q96T76;Q96T76-9	2	1	1	1	NO	NO	NO	UNIQUE_1TO1
Q96T88;Q96T88-2	2	1	1	1	NO	NO	NO	UNIQUE_1TO1
Q96TA1;Q96TA1-2	2	1	1	1	NO	NO	NO	UNIQUE_1TO1
Q96TA2;Q96TA2-2;Q96TA2-3	3	1	1	1	NO	NO	NO	UNIQUE_1TO1
Q96TC7	1	1	1	1	NO	NO	NO	UNIQUE_1TO1
Q99102;Q99102-10;Q99102-3	3	1	1	0	NO	NO	YES	UNMAPPED
Q99417	1	1	1	1	NO	NO	NO	UNIQUE_1TO1
Q99426	1	1	1	1	NO	NO	NO	UNIQUE_1TO1
Q99436	1	1	1	1	NO	NO	NO	UNIQUE_1TO1
Q99439	1	1	1	1	NO	NO	NO	UNIQUE_1TO1
Q99447;Q99447-2;Q99447-3;Q99447-4	4	1	1	1	NO	NO	NO	UNIQUE_1TO1
Q99459	1	1	1	1	NO	NO	NO	UNIQUE_1TO1
Q99460	1	1	1	1	NO	NO	NO	UNIQUE_1TO1
Q99470	1	1	1	1	NO	NO	NO	UNIQUE_1TO1
Q99471	1	1	1	0	NO	NO	YES	UNMAPPED
Q99497	1	1	1	1	NO	NO	NO	UNIQUE_1TO1
Q99504;Q99504-3;Q99504-5	3	1	1	1	NO	NO	NO	UNIQUE_1TO1
Q99519	1	1	1	0	NO	NO	YES	UNMAPPED
Q99536	1	1	1	1	NO	NO	NO	UNIQUE_1TO1
Q99538;Q99538-2;Q99538-3	3	1	1	1	NO	NO	NO	UNIQUE_1TO1
Q99541	1	1	1	1	NO	NO	NO	UNIQUE_1TO1
Q99543	1	1	1	1	NO	NO	NO	UNIQUE_1TO1
Q99549;Q99549-2	2	1	1	1	NO	NO	NO	UNIQUE_1TO1
Q99567	1	1	1	1	NO	NO	NO	UNIQUE_1TO1
Q99569;Q99569-2	2	1	1	1	NO	NO	NO	UNIQUE_1TO1
Q99570	1	1	1	1	NO	NO	NO	UNIQUE_1TO1
Q99575	1	1	1	1	NO	NO	NO	UNIQUE_1TO1
Q99576-3	1	1	1	1	NO	NO	NO	UNIQUE_1TO1
Q99578;Q99578-2	2	1	1	1	NO	NO	NO	UNIQUE_1TO1
Q99584	1	1	1	1	NO	NO	NO	UNIQUE_1TO1
Q99590;Q99590-2	2	1	1	1	NO	NO	NO	UNIQUE_1TO1
Q99595	1	1	1	1	NO	NO	NO	UNIQUE_1TO1
Q99598	1	1	1	1	NO	NO	NO	UNIQUE_1TO1
Q99613	1	1	1	1	NO	NO	NO	UNIQUE_1TO1
Q99614	1	1	1	1	NO	NO	NO	UNIQUE_1TO1
Q99615	1	1	1	1	NO	NO	NO	UNIQUE_1TO1
Q99618	1	1	1	1	NO	NO	NO	UNIQUE_1TO1
Q99622	1	1	1	1	NO	NO	NO	UNIQUE_1TO1
Q99623	1	1	1	1	NO	NO	NO	UNIQUE_1TO1
Q99627	1	1	1	1	NO	NO	NO	UNIQUE_1TO1
Q99643;Q99643-2	2	1	1	1	NO	NO	NO	UNIQUE_1TO1
Q99653	1	1	1	1	NO	NO	NO	UNIQUE_1TO1
Q99661;Q99661-2	2	1	1	1	NO	NO	NO	UNIQUE_1TO1
Q99700;Q99700-2;Q99700-4	3	1	1	1	NO	NO	NO	UNIQUE_1TO1
Q99707;Q99707-2	2	1	1	1	NO	NO	NO	UNIQUE_1TO1
Q99714	1	1	1	1	NO	NO	NO	UNIQUE_1TO1
Q99715;Q99715-2;Q99715-4	3	1	1	1	NO	NO	NO	UNIQUE_1TO1
Q99729-2;Q99729-3	2	1	1	1	NO	NO	NO	UNIQUE_1TO1
Q99733;Q99733-2	2	1	1	0	NO	NO	YES	UNMAPPED
Q99735;Q99735-2	2	1	1	1	NO	NO	NO	UNIQUE_1TO1
Q99747;Q99747-2	2	1	1	1	NO	NO	NO	UNIQUE_1TO1
Q99755;Q99755-2;Q99755-3	3	1	1	1	NO	NO	NO	UNIQUE_1TO1
Q99757	1	1	1	1	NO	NO	NO	UNIQUE_1TO1
Q99797	1	1	1	1	NO	NO	NO	UNIQUE_1TO1
Q99798	1	1	1	1	NO	NO	NO	UNIQUE_1TO1
Q99805	1	1	1	1	NO	NO	NO	UNIQUE_1TO1
Q99808;Q99808-2	2	1	1	1	NO	NO	NO	UNIQUE_1TO1
Q99816	1	1	1	1	NO	NO	NO	UNIQUE_1TO1
Q99828;Q99828-2	2	1	1	1	NO	NO	NO	UNIQUE_1TO1
Q99829	1	1	1	1	NO	NO	NO	UNIQUE_1TO1
Q99832	1	1	1	1	NO	NO	NO	UNIQUE_1TO1
Q99832-2	1	1	1	1	NO	NO	NO	UNIQUE_1TO1
Q99836;Q99836-5;Q99836-6	3	1	1	1	NO	NO	NO	UNIQUE_1TO1
Q99848	1	1	1	1	NO	NO	NO	UNIQUE_1TO1
Q99873-3	1	1	1	1	NO	NO	NO	UNIQUE_1TO1
Q99942	1	1	1	0	NO	NO	YES	UNMAPPED
Q99956	1	1	1	1	NO	NO	NO	UNIQUE_1TO1
Q99959-2	1	1	1	1	NO	NO	NO	UNIQUE_1TO1
Q99961	1	1	1	1	NO	NO	NO	UNIQUE_1TO1
Q99986	1	1	1	1	NO	NO	NO	UNIQUE_1TO1
Q99996;Q99996-1;Q99996-3;Q99996-5;Q99996-6	5	1	1	1	NO	NO	NO	UNIQUE_1TO1
Q9BPW8	1	1	1	1	NO	NO	NO	UNIQUE_1TO1
Q9BPW9;Q9BPW9-2;Q9BPW9-3;Q9BPW9-4	4	1	1	1	NO	NO	NO	UNIQUE_1TO1
Q9BPX3	1	1	1	1	NO	NO	NO	UNIQUE_1TO1
Q9BPX5	1	1	1	1	NO	NO	NO	UNIQUE_1TO1
Q9BPX6;Q9BPX6-2;Q9BPX6-3	3	1	1	1	NO	NO	NO	UNIQUE_1TO1
Q9BQ04	1	1	1	1	NO	NO	NO	UNIQUE_1TO1
Q9BQ15;Q9BQ15-2	2	1	1	1	NO	NO	NO	UNIQUE_1TO1
Q9BQ39	1	1	1	1	NO	NO	NO	UNIQUE_1TO1
Q9BQ48	1	1	1	1	NO	NO	NO	UNIQUE_1TO1
Q9BQ52	1	1	1	1	NO	NO	NO	UNIQUE_1TO1
Q9BQ61	1	1	1	1	NO	NO	NO	UNIQUE_1TO1
Q9BQ67	1	1	1	1	NO	NO	NO	UNIQUE_1TO1
Q9BQ69	1	1	1	1	NO	NO	NO	UNIQUE_1TO1
Q9BQ70	1	1	1	1	NO	NO	NO	UNIQUE_1TO1
Q9BQ75;Q9BQ75-2	2	1	1	1	NO	NO	NO	UNIQUE_1TO1
Q9BQ95;Q9BQ95-3	2	1	1	1	NO	NO	NO	UNIQUE_1TO1
Q9BQA1	1	1	1	1	NO	NO	NO	UNIQUE_1TO1
Q9BQB6;Q9BQB6-2;Q9BQB6-3	3	1	1	1	NO	NO	NO	UNIQUE_1TO1
Q9BQC6	1	1	1	1	NO	NO	NO	UNIQUE_1TO1
Q9BQE3	1	1	1	1	NO	NO	NO	UNIQUE_1TO1
Q9BQE4	1	1	1	1	NO	NO	NO	UNIQUE_1TO1
Q9BQE5	1	1	1	1	NO	NO	NO	UNIQUE_1TO1
Q9BQG0;Q9BQG0-2	2	1	1	1	NO	NO	NO	UNIQUE_1TO1
Q9BQL6	1	1	1	1	NO	NO	NO	UNIQUE_1TO1
Q9BQP7	1	1	1	1	NO	NO	NO	UNIQUE_1TO1
Q9BR76	1	1	1	1	NO	NO	NO	UNIQUE_1TO1
Q9BRA2	1	1	1	1	NO	NO	NO	UNIQUE_1TO1
Q9BRD0;Q9BRD0-2	2	1	1	1	NO	NO	NO	UNIQUE_1TO1
Q9BRG1	1	1	1	1	NO	NO	NO	UNIQUE_1TO1
Q9BRG2;Q9BRG2-2	2	1	1	1	NO	NO	NO	UNIQUE_1TO1
Q9BRJ2	1	1	1	0	NO	NO	YES	UNMAPPED
Q9BRJ6	1	1	1	1	NO	NO	NO	UNIQUE_1TO1
Q9BRK5	1	1	1	1	NO	NO	NO	UNIQUE_1TO1
Q9BRL6;Q9BRL6-2	2	1	1	1	NO	NO	NO	UNIQUE_1TO1
Q9BRP1	1	1	1	1	NO	NO	NO	UNIQUE_1TO1
Q9BRP4;Q9BRP4-2;Q9BRP4-3	3	1	1	1	NO	NO	NO	UNIQUE_1TO1
Q9BRP8;Q9BRP8-2	2	1	1	1	NO	NO	NO	UNIQUE_1TO1
Q9BRQ6	1	1	1	1	NO	NO	NO	UNIQUE_1TO1
Q9BRR6;Q9BRR6-2	2	1	1	1	NO	NO	NO	UNIQUE_1TO1
Q9BRT2	1	1	1	1	NO	NO	NO	UNIQUE_1TO1
Q9BRT9	1	1	1	1	NO	NO	NO	UNIQUE_1TO1
Q9BRX2	1	1	1	1	NO	NO	NO	UNIQUE_1TO1
Q9BRX5;Q9BRX5-2;Q9BRX5-3	3	1	1	1	NO	NO	NO	UNIQUE_1TO1
Q9BRX8;Q9BRX8-2	2	1	1	1	NO	NO	NO	UNIQUE_1TO1
Q9BRZ2	1	1	1	1	NO	NO	NO	UNIQUE_1TO1
Q9BS26	1	1	1	1	NO	NO	NO	UNIQUE_1TO1
Q9BS40	1	1	1	1	NO	NO	NO	UNIQUE_1TO1
Q9BSC4;Q9BSC4-2	2	1	1	1	NO	NO	NO	UNIQUE_1TO1
Q9BSD7	1	1	1	1	NO	NO	NO	UNIQUE_1TO1
Q9BSH4	1	1	1	1	NO	NO	NO	UNIQUE_1TO1
Q9BSH5	1	1	1	1	NO	NO	NO	UNIQUE_1TO1
Q9BSJ2;Q9BSJ2-4	2	1	1	1	NO	NO	NO	UNIQUE_1TO1
Q9BSJ8;Q9BSJ8-2	2	1	1	1	NO	NO	NO	UNIQUE_1TO1
Q9BSL1	1	1	1	1	NO	NO	NO	UNIQUE_1TO1
Q9BSR8	1	1	1	1	NO	NO	NO	UNIQUE_1TO1
Q9BST9	1	1	1	1	NO	NO	NO	UNIQUE_1TO1
Q9BSV6	1	1	1	0	NO	NO	YES	UNMAPPED
Q9BSY4;Q9BSY4-2	2	1	1	1	NO	NO	NO	UNIQUE_1TO1
Q9BT09	1	1	1	1	NO	NO	NO	UNIQUE_1TO1
Q9BT22;Q9BT22-2	2	1	1	1	NO	NO	NO	UNIQUE_1TO1
Q9BT40;Q9BT40-2	2	1	1	1	NO	NO	NO	UNIQUE_1TO1
Q9BT73	1	1	1	1	NO	NO	NO	UNIQUE_1TO1
Q9BT78	1	1	1	1	NO	NO	NO	UNIQUE_1TO1
Q9BT81;Q9BT81-2	2	1	1	0	NO	NO	YES	UNMAPPED
Q9BTC0	1	1	1	1	NO	NO	NO	UNIQUE_1TO1
Q9BTC8;Q9BTC8-2	2	1	1	1	NO	NO	NO	UNIQUE_1TO1
Q9BTD8;Q9BTD8-2;Q9BTD8-3;Q9BTD8-4	4	1	1	1	NO	NO	NO	UNIQUE_1TO1
Q9BTE1;Q9BTE1-2;Q9BTE1-3	3	1	1	1	NO	NO	NO	UNIQUE_1TO1
Q9BTE3;Q9BTE3-2	2	1	1	1	NO	NO	NO	UNIQUE_1TO1
Q9BTE6;Q9BTE6-2;Q9BTE6-3	3	1	1	1	NO	NO	NO	UNIQUE_1TO1
Q9BTE7	1	1	1	1	NO	NO	NO	UNIQUE_1TO1
Q9BTT0;Q9BTT0-3	2	1	1	1	NO	NO	NO	UNIQUE_1TO1
Q9BTT4	1	1	1	0	NO	NO	YES	UNMAPPED
Q9BTT6	1	1	1	1	NO	NO	NO	UNIQUE_1TO1
Q9BTU6	1	1	1	1	NO	NO	NO	UNIQUE_1TO1
Q9BTV4	1	1	1	1	NO	NO	NO	UNIQUE_1TO1
Q9BTW9;Q9BTW9-4	2	1	1	0	NO	NO	YES	UNMAPPED
Q9BTY7	1	1	1	1	NO	NO	NO	UNIQUE_1TO1
Q9BU23;Q9BU23-2;Q9BU23-3	3	1	1	1	NO	NO	NO	UNIQUE_1TO1
Q9BU61	1	1	1	1	NO	NO	NO	UNIQUE_1TO1
Q9BU64;Q9BU64-2	2	1	1	1	NO	NO	NO	UNIQUE_1TO1
Q9BU89	1	1	1	1	NO	NO	NO	UNIQUE_1TO1
Q9BUE6;Q9BUE6-2	2	1	1	1	NO	NO	NO	UNIQUE_1TO1
Q9BUF5	1	1	1	1	NO	NO	NO	UNIQUE_1TO1
Q9BUH6	1	1	1	1	NO	NO	NO	UNIQUE_1TO1
Q9BUJ2;Q9BUJ2-2;Q9BUJ2-4	3	1	1	1	NO	NO	NO	UNIQUE_1TO1
Q9BUK0;Q9BUK0-2;Q9BUK0-4	3	1	1	1	NO	NO	NO	UNIQUE_1TO1
Q9BUL8	1	1	1	1	NO	NO	NO	UNIQUE_1TO1
Q9BUN8;Q9BUN8-2	2	1	1	1	NO	NO	NO	UNIQUE_1TO1
Q9BUP3-3	1	1	1	1	NO	NO	NO	UNIQUE_1TO1
Q9BUQ8	1	1	1	1	NO	NO	NO	UNIQUE_1TO1
Q9BUR4	1	1	1	1	NO	NO	NO	UNIQUE_1TO1
Q9BUR5	1	1	1	1	NO	NO	NO	UNIQUE_1TO1
Q9BUT1	1	1	1	1	NO	NO	NO	UNIQUE_1TO1
Q9BUV8;Q9BUV8-2;Q9BUV8-3;Q9BUV8-4;Q9BUV8-5	5	1	1	1	NO	NO	NO	UNIQUE_1TO1
Q9BV20	1	1	1	1	NO	NO	NO	UNIQUE_1TO1
Q9BV38	1	1	1	1	NO	NO	NO	UNIQUE_1TO1
Q9BV40	1	1	1	1	NO	NO	NO	UNIQUE_1TO1
Q9BV44	1	1	1	1	NO	NO	NO	UNIQUE_1TO1
Q9BV57	1	1	1	0	NO	NO	YES	UNMAPPED
Q9BV68	1	1	1	1	NO	NO	NO	UNIQUE_1TO1
Q9BV79;Q9BV79-2	2	1	1	1	NO	NO	NO	UNIQUE_1TO1
Q9BV81	1	1	1	1	NO	NO	NO	UNIQUE_1TO1
Q9BV86	1	1	1	1	NO	NO	NO	UNIQUE_1TO1
Q9BVC3	1	1	1	1	NO	NO	NO	UNIQUE_1TO1
Q9BVC4;Q9BVC4-3;Q9BVC4-4;Q9BVC4-5	4	1	1	1	NO	NO	NO	UNIQUE_1TO1
Q9BVC5;Q9BVC5-2	2	1	1	0	NO	NO	YES	UNMAPPED
Q9BVC6	1	1	1	1	NO	NO	NO	UNIQUE_1TO1
Q9BVG4	1	1	1	1	NO	NO	NO	UNIQUE_1TO1
Q9BVG9	1	1	1	0	NO	NO	YES	UNMAPPED
Q9BVI4	1	1	1	0	NO	NO	YES	UNMAPPED
Q9BVJ6;Q9BVJ6-3	2	1	1	1	NO	NO	NO	UNIQUE_1TO1
Q9BVK6	1	1	1	1	NO	NO	NO	UNIQUE_1TO1
Q9BVL2;Q9BVL2-2;Q9BVL2-3	3	1	1	1	NO	NO	NO	UNIQUE_1TO1
Q9BVL4	1	1	1	1	NO	NO	NO	UNIQUE_1TO1
Q9BVM2	1	1	1	1	NO	NO	NO	UNIQUE_1TO1
Q9BVP2;Q9BVP2-2	2	1	1	1	NO	NO	NO	UNIQUE_1TO1
Q9BVQ7;Q9BVQ7-2;Q9BVQ7-3	3	1	1	1	NO	NO	NO	UNIQUE_1TO1
Q9BVS4;Q9BVS4-2	2	1	1	1	NO	NO	NO	UNIQUE_1TO1
Q9BVV7	1	1	1	1	NO	NO	NO	UNIQUE_1TO1
Q9BW04	1	1	1	0	NO	NO	YES	UNMAPPED
Q9BW19	1	1	1	0	NO	NO	YES	UNMAPPED
Q9BW27;Q9BW27-3	2	1	1	1	NO	NO	NO	UNIQUE_1TO1
Q9BW60;Q9BW60-2	2	1	1	1	NO	NO	NO	UNIQUE_1TO1
Q9BW61	1	1	1	1	NO	NO	NO	UNIQUE_1TO1
Q9BW71;Q9BW71-2	2	1	1	1	NO	NO	NO	UNIQUE_1TO1
Q9BW72	1	1	1	1	NO	NO	NO	UNIQUE_1TO1
Q9BW83;Q9BW83-2	2	1	1	1	NO	NO	NO	UNIQUE_1TO1
Q9BW85	1	1	1	1	NO	NO	NO	UNIQUE_1TO1
Q9BW91;Q9BW91-2	2	1	1	1	NO	NO	NO	UNIQUE_1TO1
Q9BW92	1	1	1	1	NO	NO	NO	UNIQUE_1TO1
Q9BWD1	1	1	1	1	NO	NO	NO	UNIQUE_1TO1
Q9BWE0;Q9BWE0-4	2	1	1	1	NO	NO	NO	UNIQUE_1TO1
Q9BWF3	1	1	1	1	NO	NO	NO	UNIQUE_1TO1
Q9BWH6;Q9BWH6-2	2	1	1	1	NO	NO	NO	UNIQUE_1TO1
Q9BWJ5	1	1	1	1	NO	NO	NO	UNIQUE_1TO1
Q9BWM7	1	1	1	1	NO	NO	NO	UNIQUE_1TO1
Q9BWS9;Q9BWS9-2;Q9BWS9-3	3	1	1	1	NO	NO	NO	UNIQUE_1TO1
Q9BWU0	1	1	1	1	NO	NO	NO	UNIQUE_1TO1
Q9BX40	1	1	1	1	NO	NO	NO	UNIQUE_1TO1
Q9BX68	1	1	1	1	NO	NO	NO	UNIQUE_1TO1
Q9BX69	1	1	1	1	NO	NO	NO	UNIQUE_1TO1
Q9BXB4	1	1	1	1	NO	NO	NO	UNIQUE_1TO1
Q9BXI6;Q9BXI6-2	2	1	1	1	NO	NO	NO	UNIQUE_1TO1
Q9BXJ9	1	1	1	1	NO	NO	NO	UNIQUE_1TO1
Q9BXK1	1	1	1	1	NO	NO	NO	UNIQUE_1TO1
Q9BXK5;Q9BXK5-2	2	1	1	1	NO	NO	NO	UNIQUE_1TO1
Q9BXP5;Q9BXP5-2;Q9BXP5-3;Q9BXP5-4	4	1	1	1	NO	NO	NO	UNIQUE_1TO1
Q9BXR0	1	1	1	1	NO	NO	NO	UNIQUE_1TO1
Q9BXS5;Q9BXS5-2	2	1	1	1	NO	NO	NO	UNIQUE_1TO1
Q9BXV9	1	1	1	0	NO	NO	YES	UNMAPPED
Q9BXW6;Q9BXW6-2;Q9BXW6-4	3	1	1	1	NO	NO	NO	UNIQUE_1TO1
Q9BXW7;Q9BXW7-2	2	1	1	1	NO	NO	NO	UNIQUE_1TO1
Q9BXW9;Q9BXW9-1;Q9BXW9-3	3	1	1	1	NO	NO	NO	UNIQUE_1TO1
Q9BXY0	1	1	1	1	NO	NO	NO	UNIQUE_1TO1
Q9BY32	1	1	1	1	NO	NO	NO	UNIQUE_1TO1
Q9BY42	1	1	1	1	NO	NO	NO	UNIQUE_1TO1
Q9BY43;Q9BY43-2	2	1	1	0	NO	NO	YES	UNMAPPED
Q9BY44	1	1	1	1	NO	NO	NO	UNIQUE_1TO1
Q9BY77	1	1	1	1	NO	NO	NO	UNIQUE_1TO1
Q9BY89	1	1	1	1	NO	NO	NO	UNIQUE_1TO1
Q9BYB4	1	1	1	1	NO	NO	NO	UNIQUE_1TO1
Q9BYC5;Q9BYC5-2	2	1	1	1	NO	NO	NO	UNIQUE_1TO1
Q9BYD1	1	1	1	1	NO	NO	NO	UNIQUE_1TO1
Q9BYD2	1	1	1	1	NO	NO	NO	UNIQUE_1TO1
Q9BYD3	1	1	1	1	NO	NO	NO	UNIQUE_1TO1
Q9BYD6	1	1	1	1	NO	NO	NO	UNIQUE_1TO1
Q9BYG3	1	1	1	1	NO	NO	NO	UNIQUE_1TO1
Q9BYG4;Q9BYG5;Q9NPB6;Q9NPB6-2	4	3	3	3	NO	NO	NO	PROTEIN_GROUP_MULTI_GENE
Q9BYK8;Q9BYK8-2	2	1	1	1	NO	NO	NO	UNIQUE_1TO1
Q9BYN0	1	1	1	1	NO	NO	NO	UNIQUE_1TO1
Q9BYT8	1	1	1	1	NO	NO	NO	UNIQUE_1TO1
Q9BYV8	1	1	1	1	NO	NO	NO	UNIQUE_1TO1
Q9BYX2;Q9BYX2-2	2	1	1	1	NO	NO	NO	UNIQUE_1TO1
Q9BZ23;Q9BZ23-3;Q9BZ23-4	3	1	1	1	NO	NO	NO	UNIQUE_1TO1
Q9BZ67;Q9BZ67-3	2	1	1	1	NO	NO	NO	UNIQUE_1TO1
Q9BZ95;Q9BZ95-2;Q9BZ95-3;Q9BZ95-4;Q9BZ95-5	5	1	1	1	NO	NO	NO	UNIQUE_1TO1
Q9BZD4	1	1	1	1	NO	NO	NO	UNIQUE_1TO1
Q9BZE1	1	1	1	1	NO	NO	NO	UNIQUE_1TO1
Q9BZE4	1	1	1	1	NO	NO	NO	UNIQUE_1TO1
Q9BZE9;Q9BZE9-2	2	1	1	1	NO	NO	NO	UNIQUE_1TO1
Q9BZF1;Q9BZF1-2;Q9BZF1-3	3	1	1	1	NO	NO	NO	UNIQUE_1TO1
Q9BZF9;Q9BZF9-2	2	1	1	1	NO	NO	NO	UNIQUE_1TO1
Q9BZG1;Q9BZG1-2;Q9BZG1-4	3	1	1	1	NO	NO	NO	UNIQUE_1TO1
Q9BZG8;Q9BZG8-1;Q9BZG8-2	3	1	1	1	NO	NO	NO	UNIQUE_1TO1
Q9BZH6	1	1	1	1	NO	NO	NO	UNIQUE_1TO1
Q9BZJ0;Q9BZJ0-2;Q9BZJ0-3	3	1	1	1	NO	NO	NO	UNIQUE_1TO1
Q9BZK7	1	1	1	1	NO	NO	NO	UNIQUE_1TO1
Q9BZL4;Q9BZL4-2;Q9BZL4-3;Q9BZL4-4	4	1	1	1	NO	NO	NO	UNIQUE_1TO1
Q9BZL6;Q9BZL6-3	2	1	1	1	NO	NO	NO	UNIQUE_1TO1
Q9BZQ8	1	1	1	1	NO	NO	NO	UNIQUE_1TO1
Q9BZV1	1	1	1	1	NO	NO	NO	UNIQUE_1TO1
Q9BZZ5-2	1	1	1	1	NO	NO	NO	UNIQUE_1TO1
Q9C005	1	1	1	1	NO	NO	NO	UNIQUE_1TO1
Q9C035;Q9C035-2;Q9C035-3;Q9C035-4;Q9C035-5;Q9C035-6	6	1	1	1	NO	NO	NO	UNIQUE_1TO1
Q9C0B0	1	1	1	1	NO	NO	NO	UNIQUE_1TO1
Q9C0B1	1	1	1	1	NO	NO	NO	UNIQUE_1TO1
Q9C0B5;Q9C0B5-2	2	1	1	1	NO	NO	NO	UNIQUE_1TO1
Q9C0C2	1	1	1	1	NO	NO	NO	UNIQUE_1TO1
Q9C0C9	1	1	1	1	NO	NO	NO	UNIQUE_1TO1
Q9C0D5;Q9C0D5-2	2	1	1	1	NO	NO	NO	UNIQUE_1TO1
Q9C0D9	1	1	1	1	NO	NO	NO	UNIQUE_1TO1
Q9C0E2	1	1	1	1	NO	NO	NO	UNIQUE_1TO1
Q9C0E8;Q9C0E8-2;Q9C0E8-3;Q9C0E8-4	4	1	1	1	NO	NO	NO	UNIQUE_1TO1
Q9C0I1;Q9C0I1-2;Q9C0I1-3	3	1	1	1	NO	NO	NO	UNIQUE_1TO1
Q9C0J8	1	1	1	1	NO	NO	NO	UNIQUE_1TO1
Q9C0J9	1	1	1	1	NO	NO	NO	UNIQUE_1TO1
Q9GZL7	1	1	1	1	NO	NO	NO	UNIQUE_1TO1
Q9GZM5	1	1	1	1	NO	NO	NO	UNIQUE_1TO1
Q9GZM7;Q9GZM7-3	2	1	1	1	NO	NO	NO	UNIQUE_1TO1
Q9GZN8;Q9GZN8-2	2	1	1	1	NO	NO	NO	UNIQUE_1TO1
Q9GZP4	1	1	1	1	NO	NO	NO	UNIQUE_1TO1
Q9GZP8;Q9GZP8-2	2	1	1	0	NO	NO	YES	UNMAPPED
Q9GZP9	1	1	1	1	NO	NO	NO	UNIQUE_1TO1
Q9GZR2	1	1	1	0	NO	NO	YES	UNMAPPED
Q9GZR7	1	1	1	0	NO	NO	YES	UNMAPPED
Q9GZS1;Q9GZS1-1	2	1	1	1	NO	NO	NO	UNIQUE_1TO1
Q9GZS3	1	1	1	1	NO	NO	NO	UNIQUE_1TO1
Q9GZT3;Q9GZT3-2	2	1	1	1	NO	NO	NO	UNIQUE_1TO1
Q9GZT4	1	1	1	1	NO	NO	NO	UNIQUE_1TO1
Q9GZT8;Q9GZT8-2	2	1	1	1	NO	NO	NO	UNIQUE_1TO1
Q9GZT9;Q9GZT9-2	2	1	1	1	NO	NO	NO	UNIQUE_1TO1
Q9GZU8	1	1	1	1	NO	NO	NO	UNIQUE_1TO1
Q9GZY8-2	1	1	1	1	NO	NO	NO	UNIQUE_1TO1
Q9GZZ1	1	1	1	1	NO	NO	NO	UNIQUE_1TO1
Q9GZZ9	1	1	1	1	NO	NO	NO	UNIQUE_1TO1
Q9H000;Q9H000-2	2	1	1	1	NO	NO	NO	UNIQUE_1TO1
Q9H008	1	1	1	1	NO	NO	NO	UNIQUE_1TO1
Q9H019;Q9H019-3	2	1	1	1	NO	NO	NO	UNIQUE_1TO1
Q9H061;Q9H061-2	2	1	1	1	NO	NO	NO	UNIQUE_1TO1
Q9H074;Q9H074-2;Q9H074-3	3	1	1	1	NO	NO	NO	UNIQUE_1TO1
Q9H078-2	1	1	1	1	NO	NO	NO	UNIQUE_1TO1
Q9H079	1	1	1	1	NO	NO	NO	UNIQUE_1TO1
Q9H082	1	1	1	1	NO	NO	NO	UNIQUE_1TO1
Q9H089	1	1	1	1	NO	NO	NO	UNIQUE_1TO1
Q9H098	1	1	1	1	NO	NO	NO	UNIQUE_1TO1
Q9H0A0	1	1	1	1	NO	NO	NO	UNIQUE_1TO1
Q9H0B6	1	1	1	1	NO	NO	NO	UNIQUE_1TO1
Q9H0C8	1	1	1	1	NO	NO	NO	UNIQUE_1TO1
Q9H0D6;Q9H0D6-2	2	1	1	1	NO	NO	NO	UNIQUE_1TO1
Q9H0E2	1	1	1	0	NO	NO	YES	UNMAPPED
Q9H0F6	1	1	1	1	NO	NO	NO	UNIQUE_1TO1
Q9H0H5	1	1	1	1	NO	NO	NO	UNIQUE_1TO1
Q9H0L4	1	1	1	1	NO	NO	NO	UNIQUE_1TO1
Q9H0M0;Q9H0M0-3;Q9H0M0-6	3	1	1	1	NO	NO	NO	UNIQUE_1TO1
Q9H0P0;Q9H0P0-1;Q9H0P0-2;Q9H0P0-3	4	1	1	1	NO	NO	NO	UNIQUE_1TO1
Q9H0R1;Q9H0R1-2	2	1	1	1	NO	NO	NO	UNIQUE_1TO1
Q9H0R4;Q9H0R4-2	2	1	1	1	NO	NO	NO	UNIQUE_1TO1
Q9H0S4	1	1	1	1	NO	NO	NO	UNIQUE_1TO1
Q9H0U3;Q9H0U3-2	2	1	1	1	NO	NO	NO	UNIQUE_1TO1
Q9H0U4	1	1	1	1	NO	NO	NO	UNIQUE_1TO1
Q9H0V9;Q9H0V9-2;Q9H0V9-3	3	1	1	1	NO	NO	NO	UNIQUE_1TO1
Q9H0W9;Q9H0W9-2	2	1	1	1	NO	NO	NO	UNIQUE_1TO1
Q9H0X4	1	1	1	1	NO	NO	NO	UNIQUE_1TO1
Q9H147	1	1	1	1	NO	NO	NO	UNIQUE_1TO1
Q9H172-4	1	1	1	1	NO	NO	NO	UNIQUE_1TO1
Q9H1A4	1	1	1	1	NO	NO	NO	UNIQUE_1TO1
Q9H1B7	1	1	1	1	NO	NO	NO	UNIQUE_1TO1
Q9H1C4	1	1	1	1	NO	NO	NO	UNIQUE_1TO1
Q9H1D9	1	1	1	1	NO	NO	NO	UNIQUE_1TO1
Q9H1E3;Q9H1E3-2	2	1	1	1	NO	NO	NO	UNIQUE_1TO1
Q9H1K1;Q9H1K1-2	2	1	1	1	NO	NO	NO	UNIQUE_1TO1
Q9H1P3;Q9H1P3-2	2	1	1	1	NO	NO	NO	UNIQUE_1TO1
Q9H1Z4;Q9H1Z4-2	2	1	1	1	NO	NO	NO	UNIQUE_1TO1
Q9H223	1	1	1	1	NO	NO	NO	UNIQUE_1TO1
Q9H239	1	1	1	0	NO	NO	YES	UNMAPPED
Q9H267;Q9H267-2	2	1	1	1	NO	NO	NO	UNIQUE_1TO1
Q9H299	1	1	1	1	NO	NO	NO	UNIQUE_1TO1
Q9H2C0	1	1	1	1	NO	NO	NO	UNIQUE_1TO1
Q9H2D6;Q9H2D6-2;Q9H2D6-3;Q9H2D6-5;Q9H2D6-7	5	1	1	1	NO	NO	NO	UNIQUE_1TO1
Q9H2G2;Q9H2G2-2	2	1	1	1	NO	NO	NO	UNIQUE_1TO1
Q9H2H8	1	1	1	1	NO	NO	NO	UNIQUE_1TO1
Q9H2K8	1	1	1	1	NO	NO	NO	UNIQUE_1TO1
Q9H2M9	1	1	1	1	NO	NO	NO	UNIQUE_1TO1
Q9H2P0	1	1	1	1	NO	NO	NO	UNIQUE_1TO1
Q9H2U1;Q9H2U1-2	2	1	1	0	NO	NO	YES	UNMAPPED
Q9H2U2;Q9H2U2-2	2	1	1	1	NO	NO	NO	UNIQUE_1TO1
Q9H2V7;Q9H2V7-2;Q9H2V7-3;Q9H2V7-5	4	1	1	1	NO	NO	NO	UNIQUE_1TO1
Q9H2W6	1	1	1	1	NO	NO	NO	UNIQUE_1TO1
Q9H307	1	1	1	1	NO	NO	NO	UNIQUE_1TO1
Q9H330	1	1	1	1	NO	NO	NO	UNIQUE_1TO1
Q9H361	1	1	1	1	NO	NO	NO	UNIQUE_1TO1
Q9H3D4;Q9H3D4-10;Q9H3D4-11;Q9H3D4-12;Q9H3D4-2;Q9H3D4-9	6	1	1	1	NO	NO	NO	UNIQUE_1TO1
Q9H3K2	1	1	1	1	NO	NO	NO	UNIQUE_1TO1
Q9H3K6	1	1	1	1	NO	NO	NO	UNIQUE_1TO1
Q9H3M7;Q9H3M7-2	2	1	1	1	NO	NO	NO	UNIQUE_1TO1
Q9H3N1	1	1	1	1	NO	NO	NO	UNIQUE_1TO1
Q9H3P2	1	1	1	1	NO	NO	NO	UNIQUE_1TO1
Q9H3P7	1	1	1	1	NO	NO	NO	UNIQUE_1TO1
Q9H3Q1	1	1	1	1	NO	NO	NO	UNIQUE_1TO1
Q9H3R5	1	1	1	1	NO	NO	NO	UNIQUE_1TO1
Q9H3S7	1	1	1	1	NO	NO	NO	UNIQUE_1TO1
Q9H3U1-2	1	1	1	1	NO	NO	NO	UNIQUE_1TO1
Q9H3Y8;Q9H3Y8-2	2	1	1	1	NO	NO	NO	UNIQUE_1TO1
Q9H3Z4;Q9H3Z4-2	2	1	1	1	NO	NO	NO	UNIQUE_1TO1
Q9H410;Q9H410-4	2	1	1	1	NO	NO	NO	UNIQUE_1TO1
Q9H444	1	1	1	1	NO	NO	NO	UNIQUE_1TO1
Q9H488	1	1	1	1	NO	NO	NO	UNIQUE_1TO1
Q9H4A3;Q9H4A3-2;Q9H4A3-5;Q9H4A3-6;Q9H4A3-7	5	1	1	1	NO	NO	NO	UNIQUE_1TO1
Q9H4A4	1	1	1	1	NO	NO	NO	UNIQUE_1TO1
Q9H4A5	1	1	1	1	NO	NO	NO	UNIQUE_1TO1
Q9H4A6	1	1	1	1	NO	NO	NO	UNIQUE_1TO1
Q9H4B6	1	1	1	1	NO	NO	NO	UNIQUE_1TO1
Q9H4E7	1	1	1	1	NO	NO	NO	UNIQUE_1TO1
Q9H4G0-2	1	1	1	1	NO	NO	NO	UNIQUE_1TO1
Q9H4G0-4	1	1	1	1	NO	NO	NO	UNIQUE_1TO1
Q9H4H8;Q9H4H8-2	2	1	1	1	NO	NO	NO	UNIQUE_1TO1
Q9H4I3	1	1	1	1	NO	NO	NO	UNIQUE_1TO1
Q9H4L4	1	1	1	1	NO	NO	NO	UNIQUE_1TO1
Q9H4L5;Q9H4L5-2	2	1	1	1	NO	NO	NO	UNIQUE_1TO1
Q9H4L7;Q9H4L7-2;Q9H4L7-3	3	1	1	1	NO	NO	NO	UNIQUE_1TO1
Q9H4M9	1	1	1	1	NO	NO	NO	UNIQUE_1TO1
Q9H4P4	1	1	1	1	NO	NO	NO	UNIQUE_1TO1
Q9H4Z3	1	1	1	1	NO	NO	NO	UNIQUE_1TO1
Q9H501	1	1	1	1	NO	NO	NO	UNIQUE_1TO1
Q9H553	1	1	1	1	NO	NO	NO	UNIQUE_1TO1
Q9H583	1	1	1	1	NO	NO	NO	UNIQUE_1TO1
Q9H5N1;Q9H5N1-2	2	1	1	1	NO	NO	NO	UNIQUE_1TO1
Q9H5Q4	1	1	1	1	NO	NO	NO	UNIQUE_1TO1
Q9H5V8	1	1	1	1	NO	NO	NO	UNIQUE_1TO1
Q9H5V9;Q9H5V9-2;Q9H5V9-3	3	1	1	1	NO	NO	NO	UNIQUE_1TO1
Q9H6E5	1	1	1	1	NO	NO	NO	UNIQUE_1TO1
Q9H6F5	1	1	1	1	NO	NO	NO	UNIQUE_1TO1
Q9H6R3;Q9H6R3-2	2	1	1	1	NO	NO	NO	UNIQUE_1TO1
Q9H6R4;Q9H6R4-4	2	1	1	1	NO	NO	NO	UNIQUE_1TO1
Q9H6S0	1	1	1	1	NO	NO	NO	UNIQUE_1TO1
Q9H6S3;Q9H6S3-3	2	1	1	1	NO	NO	NO	UNIQUE_1TO1
Q9H6T0;Q9H6T0-2	2	1	1	1	NO	NO	NO	UNIQUE_1TO1
Q9H6T3	1	1	1	1	NO	NO	NO	UNIQUE_1TO1
Q9H6V9;Q9H6V9-2;Q9H6V9-3;Q9H6V9-4	4	1	1	1	NO	NO	NO	UNIQUE_1TO1
Q9H6Y2	1	1	1	1	NO	NO	NO	UNIQUE_1TO1
Q9H6Y7;Q9H6Y7-2	2	1	1	1	NO	NO	NO	UNIQUE_1TO1
Q9H6Z4;Q9H6Z4-2;Q9H6Z4-3	3	1	1	1	NO	NO	NO	UNIQUE_1TO1
Q9H773	1	1	1	1	NO	NO	NO	UNIQUE_1TO1
Q9H788;Q9H788-2	2	1	1	1	NO	NO	NO	UNIQUE_1TO1
Q9H7B2	1	1	1	1	NO	NO	NO	UNIQUE_1TO1
Q9H7B4	1	1	1	1	NO	NO	NO	UNIQUE_1TO1
Q9H7D0	1	1	1	1	NO	NO	NO	UNIQUE_1TO1
Q9H7D7;Q9H7D7-2	2	1	1	1	NO	NO	NO	UNIQUE_1TO1
Q9H7E9;Q9H7E9-2	2	1	1	0	NO	NO	YES	UNMAPPED
Q9H7N4	1	1	1	1	NO	NO	NO	UNIQUE_1TO1
Q9H7Z6;Q9H7Z6-2	2	1	1	1	NO	NO	NO	UNIQUE_1TO1
Q9H7Z7	1	1	1	1	NO	NO	NO	UNIQUE_1TO1
Q9H814	1	1	1	1	NO	NO	NO	UNIQUE_1TO1
Q9H832;Q9H832-2	2	1	1	1	NO	NO	NO	UNIQUE_1TO1
Q9H845	1	1	1	1	NO	NO	NO	UNIQUE_1TO1
Q9H871	1	1	1	1	NO	NO	NO	UNIQUE_1TO1
Q9H8G2	1	1	1	1	NO	NO	NO	UNIQUE_1TO1
Q9H8H2;Q9H8H2-2;Q9H8H2-4	3	1	1	1	NO	NO	NO	UNIQUE_1TO1
Q9H8P0	1	1	1	1	NO	NO	NO	UNIQUE_1TO1
Q9H8V3;Q9H8V3-2;Q9H8V3-3;Q9H8V3-4	4	1	1	1	NO	NO	NO	UNIQUE_1TO1
Q9H8Y5	1	1	1	1	NO	NO	NO	UNIQUE_1TO1
Q9H8Y8;Q9H8Y8-3	2	1	1	1	NO	NO	NO	UNIQUE_1TO1
Q9H910;Q9H910-3	2	1	1	1	NO	NO	NO	UNIQUE_1TO1
Q9H936	1	1	1	1	NO	NO	NO	UNIQUE_1TO1
Q9H944;Q9H944-2	2	1	1	1	NO	NO	NO	UNIQUE_1TO1
Q9H974;Q9H974-2;Q9H974-3;Q9H974-4	4	1	1	1	NO	NO	NO	UNIQUE_1TO1
Q9H993	1	1	1	1	NO	NO	NO	UNIQUE_1TO1
Q9H9A5;Q9H9A5-2;Q9H9A5-3;Q9H9A5-4;Q9H9A5-6	5	1	1	0	NO	NO	YES	UNMAPPED
Q9H9A6	1	1	1	1	NO	NO	NO	UNIQUE_1TO1
Q9H9A7	1	1	1	1	NO	NO	NO	UNIQUE_1TO1
Q9H9B1;Q9H9B1-3	2	1	1	1	NO	NO	NO	UNIQUE_1TO1
Q9H9B4	1	1	1	1	NO	NO	NO	UNIQUE_1TO1
Q9H9E3	1	1	1	1	NO	NO	NO	UNIQUE_1TO1
Q9H9F9	1	1	1	1	NO	NO	NO	UNIQUE_1TO1
Q9H9G7;Q9H9G7-2;Q9UKV8;Q9UKV8-2	4	2	2	2	NO	NO	NO	PROTEIN_GROUP_MULTI_GENE
Q9H9H4	1	1	1	1	NO	NO	NO	UNIQUE_1TO1
Q9H9J2	1	1	1	1	NO	NO	NO	UNIQUE_1TO1
Q9H9P8;Q9H9P8-2	2	1	1	1	NO	NO	NO	UNIQUE_1TO1
Q9H9Q2;Q9H9Q2-2	2	1	1	1	NO	NO	NO	UNIQUE_1TO1
Q9H9Q4;Q9H9Q4-2	2	1	1	1	NO	NO	NO	UNIQUE_1TO1
Q9H9T3;Q9H9T3-2	2	1	1	1	NO	NO	NO	UNIQUE_1TO1
Q9H9Y6;Q9H9Y6-2;Q9H9Y6-3;Q9H9Y6-4	4	1	1	1	NO	NO	NO	UNIQUE_1TO1
Q9HA64	1	1	1	1	NO	NO	NO	UNIQUE_1TO1
Q9HA77	1	1	1	1	NO	NO	NO	UNIQUE_1TO1
Q9HAB8;Q9HAB8-2	2	1	1	1	NO	NO	NO	UNIQUE_1TO1
Q9HAN9	1	1	1	1	NO	NO	NO	UNIQUE_1TO1
Q9HAS0	1	1	1	1	NO	NO	NO	UNIQUE_1TO1
Q9HAU5	1	1	1	1	NO	NO	NO	UNIQUE_1TO1
Q9HAV4	1	1	1	1	NO	NO	NO	UNIQUE_1TO1
Q9HAV7	1	1	1	1	NO	NO	NO	UNIQUE_1TO1
Q9HB07	1	1	1	0	NO	NO	YES	UNMAPPED
Q9HB19	1	1	1	1	NO	NO	NO	UNIQUE_1TO1
Q9HB21;Q9HB21-2	2	1	1	1	NO	NO	NO	UNIQUE_1TO1
Q9HB40	1	1	1	1	NO	NO	NO	UNIQUE_1TO1
Q9HB71	1	1	1	1	NO	NO	NO	UNIQUE_1TO1
Q9HB90;Q9NQL2	2	2	2	2	NO	NO	NO	PROTEIN_GROUP_MULTI_GENE
Q9HBH5	1	1	1	1	NO	NO	NO	UNIQUE_1TO1
Q9HC07	1	1	1	1	NO	NO	NO	UNIQUE_1TO1
Q9HC35	1	1	1	1	NO	NO	NO	UNIQUE_1TO1
Q9HC38-2	1	1	1	1	NO	NO	NO	UNIQUE_1TO1
Q9HC52	1	1	1	1	NO	NO	NO	UNIQUE_1TO1
Q9HCC0	1	1	1	0	NO	NO	YES	UNMAPPED
Q9HCD5	1	1	1	1	NO	NO	NO	UNIQUE_1TO1
Q9HCE1	1	1	1	1	NO	NO	NO	UNIQUE_1TO1
Q9HCG8	1	1	1	1	NO	NO	NO	UNIQUE_1TO1
Q9HCI7;Q9HCI7-2	2	1	1	1	NO	NO	NO	UNIQUE_1TO1
Q9HCK8;Q9HCK8-2	2	1	1	1	NO	NO	NO	UNIQUE_1TO1
Q9HCN8	1	1	1	1	NO	NO	NO	UNIQUE_1TO1
Q9HCS7	1	1	1	1	NO	NO	NO	UNIQUE_1TO1
Q9HCU5	1	1	1	1	NO	NO	NO	UNIQUE_1TO1
Q9HCY8	1	1	1	1	NO	NO	NO	UNIQUE_1TO1
Q9HD15	1	1	1	1	NO	NO	NO	UNIQUE_1TO1
Q9HD33;Q9HD33-2	2	1	1	1	NO	NO	NO	UNIQUE_1TO1
Q9HD34	1	1	1	1	NO	NO	NO	UNIQUE_1TO1
Q9HD42	1	1	1	1	NO	NO	NO	UNIQUE_1TO1
Q9HD45	1	1	1	1	NO	NO	NO	UNIQUE_1TO1
Q9HDC9	1	1	1	1	NO	NO	NO	UNIQUE_1TO1
Q9NNW7;Q9NNW7-2	2	1	1	1	NO	NO	NO	UNIQUE_1TO1
Q9NP61;Q9NP61-2	2	1	1	1	NO	NO	NO	UNIQUE_1TO1
Q9NP66	1	1	1	1	NO	NO	NO	UNIQUE_1TO1
Q9NP72	1	1	1	1	NO	NO	NO	UNIQUE_1TO1
Q9NP73;Q9NP73-2;Q9NP73-3	3	1	1	1	NO	NO	NO	UNIQUE_1TO1
Q9NP79	1	1	1	1	NO	NO	NO	UNIQUE_1TO1
Q9NP81	1	1	1	0	NO	NO	YES	UNMAPPED
Q9NP92	1	1	1	1	NO	NO	NO	UNIQUE_1TO1
Q9NP97	1	1	1	1	NO	NO	NO	UNIQUE_1TO1
Q9NPA0	1	1	1	1	NO	NO	NO	UNIQUE_1TO1
Q9NPA3	1	1	1	1	NO	NO	NO	UNIQUE_1TO1
Q9NPA8;Q9NPA8-2	2	1	1	1	NO	NO	NO	UNIQUE_1TO1
Q9NPB0	1	1	1	1	NO	NO	NO	UNIQUE_1TO1
Q9NPD3	1	1	1	1	NO	NO	NO	UNIQUE_1TO1
Q9NPD8	1	1	1	1	NO	NO	NO	UNIQUE_1TO1
Q9NPE3	1	1	1	0	NO	NO	YES	UNMAPPED
Q9NPF4	1	1	1	0	NO	NO	YES	UNMAPPED
Q9NPF5	1	1	1	1	NO	NO	NO	UNIQUE_1TO1
Q9NPH2	1	1	1	1	NO	NO	NO	UNIQUE_1TO1
Q9NPH3	1	1	1	1	NO	NO	NO	UNIQUE_1TO1
Q9NPI6;Q9NPI6-2	2	1	1	1	NO	NO	NO	UNIQUE_1TO1
Q9NPJ3;Q9NPJ3-2	2	1	1	1	NO	NO	NO	UNIQUE_1TO1
Q9NPL8	1	1	1	1	NO	NO	NO	UNIQUE_1TO1
Q9NPQ8;Q9NPQ8-4	2	1	1	1	NO	NO	NO	UNIQUE_1TO1
Q9NPR2;Q9NPR2-2	2	1	1	1	NO	NO	NO	UNIQUE_1TO1
Q9NPR9	1	1	1	1	NO	NO	NO	UNIQUE_1TO1
Q9NQ29;Q9NQ29-2	2	1	1	1	NO	NO	NO	UNIQUE_1TO1
Q9NQ40;Q9NQ40-2	2	1	1	1	NO	NO	NO	UNIQUE_1TO1
Q9NQ50	1	1	1	1	NO	NO	NO	UNIQUE_1TO1
Q9NQ55;Q9NQ55-2;Q9NQ55-3	3	1	1	1	NO	NO	NO	UNIQUE_1TO1
Q9NQ84;Q9NQ84-2	2	1	1	0	NO	NO	YES	UNMAPPED
Q9NQ88	1	1	1	1	NO	NO	NO	UNIQUE_1TO1
Q9NQC3-2	1	1	1	1	NO	NO	NO	UNIQUE_1TO1
Q9NQC8;Q9NQC8-2	2	1	1	1	NO	NO	NO	UNIQUE_1TO1
Q9NQE9	1	1	1	1	NO	NO	NO	UNIQUE_1TO1
Q9NQG5	1	1	1	1	NO	NO	NO	UNIQUE_1TO1
Q9NQH7;Q9NQH7-2;Q9NQH7-3;Q9NQH7-4;Q9NQH7-5	5	1	1	1	NO	NO	NO	UNIQUE_1TO1
Q9NQP4	1	1	1	1	NO	NO	NO	UNIQUE_1TO1
Q9NQR4	1	1	1	1	NO	NO	NO	UNIQUE_1TO1
Q9NQS1	1	1	1	1	NO	NO	NO	UNIQUE_1TO1
Q9NQS7;Q9NQS7-2	2	1	1	1	NO	NO	NO	UNIQUE_1TO1
Q9NQT4	1	1	1	1	NO	NO	NO	UNIQUE_1TO1
Q9NQT5;Q9NQT5-2	2	1	1	1	NO	NO	NO	UNIQUE_1TO1
Q9NQT8	1	1	1	1	NO	NO	NO	UNIQUE_1TO1
Q9NQV6;Q9NQV6-1;Q9NQV6-2;Q9NQV6-4;Q9NQV6-5;Q9NQV6-6;Q9NQV6-7	7	1	1	1	NO	NO	NO	UNIQUE_1TO1
Q9NQW6	1	1	1	1	NO	NO	NO	UNIQUE_1TO1
Q9NQW7;Q9NQW7-2;Q9NQW7-3;Q9NQW7-4	4	1	1	1	NO	NO	NO	UNIQUE_1TO1
Q9NQX3;Q9NQX3-2	2	1	1	1	NO	NO	NO	UNIQUE_1TO1
Q9NQZ2	1	1	1	1	NO	NO	NO	UNIQUE_1TO1
Q9NR09	1	1	1	1	NO	NO	NO	UNIQUE_1TO1
Q9NR12	1	1	1	1	NO	NO	NO	UNIQUE_1TO1
Q9NR19;Q9NR19-2	2	1	1	1	NO	NO	NO	UNIQUE_1TO1
Q9NR28;Q9NR28-2	2	1	1	1	NO	NO	NO	UNIQUE_1TO1
Q9NR30	1	1	1	1	NO	NO	NO	UNIQUE_1TO1
Q9NR31	1	1	1	1	NO	NO	NO	UNIQUE_1TO1
Q9NR33	1	1	1	1	NO	NO	NO	UNIQUE_1TO1
Q9NR45	1	1	1	1	NO	NO	NO	UNIQUE_1TO1
Q9NR46	1	1	1	1	NO	NO	NO	UNIQUE_1TO1
Q9NR50	1	1	1	1	NO	NO	NO	UNIQUE_1TO1
Q9NR56	1	1	1	1	NO	NO	NO	UNIQUE_1TO1
Q9NR77	1	1	1	1	NO	NO	NO	UNIQUE_1TO1
Q9NRF9	1	1	1	1	NO	NO	NO	UNIQUE_1TO1
Q9NRG0	1	1	1	1	NO	NO	NO	UNIQUE_1TO1
Q9NRG1;Q9NRG1-2	2	1	1	1	NO	NO	NO	UNIQUE_1TO1
Q9NRG9	1	1	1	0	NO	NO	YES	UNMAPPED
Q9NRK6	1	1	1	1	NO	NO	NO	UNIQUE_1TO1
Q9NRL2;Q9NRL2-2	2	1	1	1	NO	NO	NO	UNIQUE_1TO1
Q9NRN7	1	1	1	1	NO	NO	NO	UNIQUE_1TO1
Q9NRP0;Q9NRP0-2	2	1	1	1	NO	NO	NO	UNIQUE_1TO1
Q9NRP2	1	1	1	0	NO	NO	YES	UNMAPPED
Q9NRR3	1	1	1	1	NO	NO	NO	UNIQUE_1TO1
Q9NRS4;Q9NRS4-2;Q9NRS4-3;Q9NRS4-4	4	1	1	1	NO	NO	NO	UNIQUE_1TO1
Q9NRV9	1	1	1	1	NO	NO	NO	UNIQUE_1TO1
Q9NRW3	1	1	1	1	NO	NO	NO	UNIQUE_1TO1
Q9NRW7	1	1	1	1	NO	NO	NO	UNIQUE_1TO1
Q9NRX1	1	1	1	1	NO	NO	NO	UNIQUE_1TO1
Q9NRX2	1	1	1	1	NO	NO	NO	UNIQUE_1TO1
Q9NRX4	1	1	1	1	NO	NO	NO	UNIQUE_1TO1
Q9NRY4	1	1	1	1	NO	NO	NO	UNIQUE_1TO1
Q9NRY5	1	1	1	1	NO	NO	NO	UNIQUE_1TO1
Q9NRY6	1	1	1	0	NO	NO	YES	UNMAPPED
Q9NRZ9;Q9NRZ9-2;Q9NRZ9-3;Q9NRZ9-4;Q9NRZ9-5;Q9NRZ9-6	6	1	1	1	NO	NO	NO	UNIQUE_1TO1
Q9NS15;Q9NS15-2	2	1	1	1	NO	NO	NO	UNIQUE_1TO1
Q9NS69	1	1	1	1	NO	NO	NO	UNIQUE_1TO1
Q9NS86	1	1	1	1	NO	NO	NO	UNIQUE_1TO1
Q9NSC5;Q9NSC5-5	2	1	1	1	NO	NO	NO	UNIQUE_1TO1
Q9NSD9	1	1	1	1	NO	NO	NO	UNIQUE_1TO1
Q9NSE4	1	1	1	1	NO	NO	NO	UNIQUE_1TO1
Q9NSK0	1	1	1	1	NO	NO	NO	UNIQUE_1TO1
Q9NSU2;Q9NSU2-1;Q9NSU2-2	3	1	1	1	NO	NO	NO	UNIQUE_1TO1
Q9NSY1;Q9NSY1-2;Q9NSY1-3	3	1	1	1	NO	NO	NO	UNIQUE_1TO1
Q9NT62	1	1	1	1	NO	NO	NO	UNIQUE_1TO1
Q9NTI5;Q9NTI5-2	2	1	1	1	NO	NO	NO	UNIQUE_1TO1
Q9NTJ3	1	1	1	1	NO	NO	NO	UNIQUE_1TO1
Q9NTJ5	1	1	1	1	NO	NO	NO	UNIQUE_1TO1
Q9NTK5	1	1	1	1	NO	NO	NO	UNIQUE_1TO1
Q9NTM9	1	1	1	1	NO	NO	NO	UNIQUE_1TO1
Q9NTZ6	1	1	1	1	NO	NO	NO	UNIQUE_1TO1
Q9NU22	1	1	1	1	NO	NO	NO	UNIQUE_1TO1
Q9NUG6	1	1	1	1	NO	NO	NO	UNIQUE_1TO1
Q9NUJ1	1	1	1	1	NO	NO	NO	UNIQUE_1TO1
Q9NUJ3	1	1	1	1	NO	NO	NO	UNIQUE_1TO1
Q9NUL3;Q9NUL3-2;Q9NUL3-3;Q9NUL3-8	4	1	1	1	NO	NO	NO	UNIQUE_1TO1
Q9NUP9	1	1	1	1	NO	NO	NO	UNIQUE_1TO1
Q9NUQ2	1	1	1	0	NO	NO	YES	UNMAPPED
Q9NUQ6	1	1	1	1	NO	NO	NO	UNIQUE_1TO1
Q9NUQ7	1	1	1	1	NO	NO	NO	UNIQUE_1TO1
Q9NUQ8	1	1	1	1	NO	NO	NO	UNIQUE_1TO1
Q9NUQ9	1	1	1	1	NO	NO	NO	UNIQUE_1TO1
Q9NUU7	1	1	1	1	NO	NO	NO	UNIQUE_1TO1
Q9NUY8;Q9NUY8-2	2	1	1	1	NO	NO	NO	UNIQUE_1TO1
Q9NV06	1	1	1	1	NO	NO	NO	UNIQUE_1TO1
Q9NV31	1	1	1	1	NO	NO	NO	UNIQUE_1TO1
Q9NV35	1	1	1	1	NO	NO	NO	UNIQUE_1TO1
Q9NV56	1	1	1	1	NO	NO	NO	UNIQUE_1TO1
Q9NV70;Q9NV70-2	2	1	1	1	NO	NO	NO	UNIQUE_1TO1
Q9NV88;Q9NV88-2;Q9NV88-3	3	1	1	1	NO	NO	NO	UNIQUE_1TO1
Q9NV96;Q9NV96-2;Q9NV96-3	3	1	1	1	NO	NO	NO	UNIQUE_1TO1
Q9NVA1;Q9NVA1-3;Q9NVA1-4;Q9NVA1-5	4	1	1	1	NO	NO	NO	UNIQUE_1TO1
Q9NVA2	1	1	1	1	NO	NO	NO	UNIQUE_1TO1
Q9NVD7	1	1	1	1	NO	NO	NO	UNIQUE_1TO1
Q9NVF7	1	1	1	1	NO	NO	NO	UNIQUE_1TO1
Q9NVG8;Q9NVG8-2	2	1	1	1	NO	NO	NO	UNIQUE_1TO1
Q9NVH0;Q9NVH0-2	2	1	1	1	NO	NO	NO	UNIQUE_1TO1
Q9NVH1;Q9NVH1-3	2	1	1	1	NO	NO	NO	UNIQUE_1TO1
Q9NVH2;Q9NVH2-2;Q9NVH2-3	3	1	1	1	NO	NO	NO	UNIQUE_1TO1
Q9NVI7-2	1	1	1	1	NO	NO	NO	UNIQUE_1TO1
Q9NVJ2	1	1	1	1	NO	NO	NO	UNIQUE_1TO1
Q9NVM6	1	1	1	1	NO	NO	NO	UNIQUE_1TO1
Q9NVM9	1	1	1	1	NO	NO	NO	UNIQUE_1TO1
Q9NVP1	1	1	1	1	NO	NO	NO	UNIQUE_1TO1
Q9NVP2	1	1	1	0	NO	NO	YES	UNMAPPED
Q9NVR2	1	1	1	1	NO	NO	NO	UNIQUE_1TO1
Q9NVS2;Q9NVS2-2	2	1	1	1	NO	NO	NO	UNIQUE_1TO1
Q9NVS9	1	1	1	1	NO	NO	NO	UNIQUE_1TO1
Q9NVT9	1	1	1	1	NO	NO	NO	UNIQUE_1TO1
Q9NVU0;Q9NVU0-5	2	1	1	0	NO	NO	YES	UNMAPPED
Q9NVV4	1	1	1	1	NO	NO	NO	UNIQUE_1TO1
Q9NVX2	1	1	1	1	NO	NO	NO	UNIQUE_1TO1
Q9NVZ3;Q9NVZ3-2	2	1	1	0	NO	NO	YES	UNMAPPED
Q9NW13	1	1	1	1	NO	NO	NO	UNIQUE_1TO1
Q9NW64;Q9NW64-2	2	1	1	1	NO	NO	NO	UNIQUE_1TO1
Q9NW81;Q9NW81-4;Q9NW81-5	3	1	1	1	NO	NO	NO	UNIQUE_1TO1
Q9NW82	1	1	1	1	NO	NO	NO	UNIQUE_1TO1
Q9NWB6;Q9NWB6-2;Q9NWB6-3	3	1	1	1	NO	NO	NO	UNIQUE_1TO1
Q9NWH9	1	1	1	1	NO	NO	NO	UNIQUE_1TO1
Q9NWS0	1	1	1	1	NO	NO	NO	UNIQUE_1TO1
Q9NWS6	1	1	1	1	NO	NO	NO	UNIQUE_1TO1
Q9NWU2	1	1	1	1	NO	NO	NO	UNIQUE_1TO1
Q9NWV4	1	1	1	1	NO	NO	NO	UNIQUE_1TO1
Q9NWV8;Q9NWV8-3	2	1	1	1	NO	NO	NO	UNIQUE_1TO1
Q9NWY4	1	1	1	1	NO	NO	NO	UNIQUE_1TO1
Q9NX00	1	1	1	1	NO	NO	NO	UNIQUE_1TO1
Q9NX02;Q9NX02-2;Q9NX02-5	3	1	1	0	NO	NO	YES	UNMAPPED
Q9NX08	1	1	1	1	NO	NO	NO	UNIQUE_1TO1
Q9NX09	1	1	1	1	NO	NO	NO	UNIQUE_1TO1
Q9NX14;Q9NX14-2	2	1	1	1	NO	NO	NO	UNIQUE_1TO1
Q9NX18	1	1	1	1	NO	NO	NO	UNIQUE_1TO1
Q9NX20	1	1	1	1	NO	NO	NO	UNIQUE_1TO1
Q9NX24	1	1	1	1	NO	NO	NO	UNIQUE_1TO1
Q9NX40	1	1	1	1	NO	NO	NO	UNIQUE_1TO1
Q9NX46	1	1	1	1	NO	NO	NO	UNIQUE_1TO1
Q9NX47	1	1	1	1	NO	NO	NO	UNIQUE_1TO1
Q9NX55	1	1	1	1	NO	NO	NO	UNIQUE_1TO1
Q9NX58	1	1	1	1	NO	NO	NO	UNIQUE_1TO1
Q9NX62	1	1	1	1	NO	NO	NO	UNIQUE_1TO1
Q9NX63	1	1	1	1	NO	NO	NO	UNIQUE_1TO1
Q9NX70;Q9NX70-2	2	1	1	1	NO	NO	NO	UNIQUE_1TO1
Q9NX74	1	1	1	1	NO	NO	NO	UNIQUE_1TO1
Q9NX76	1	1	1	1	NO	NO	NO	UNIQUE_1TO1
Q9NXA8	1	1	1	1	NO	NO	NO	UNIQUE_1TO1
Q9NXE4;Q9NXE4-10;Q9NXE4-2;Q9NXE4-3;Q9NXE4-4;Q9NXE4-6;Q9NXE4-7;Q9NXE4-8;Q9NXE4-9	9	1	1	0	NO	NO	YES	UNMAPPED
Q9NXF1;Q9NXF1-2	2	1	1	1	NO	NO	NO	UNIQUE_1TO1
Q9NXG2	1	1	1	1	NO	NO	NO	UNIQUE_1TO1
Q9NXH8	1	1	1	1	NO	NO	NO	UNIQUE_1TO1
Q9NXH9;Q9NXH9-2	2	1	1	1	NO	NO	NO	UNIQUE_1TO1
Q9NXR1;Q9NXR1-1	2	1	1	0	NO	NO	YES	UNMAPPED
Q9NXR7;Q9NXR7-1;Q9NXR7-3;Q9NXR7-4	4	1	1	1	NO	NO	NO	UNIQUE_1TO1
Q9NXU5	1	1	1	1	NO	NO	NO	UNIQUE_1TO1
Q9NXV6	1	1	1	1	NO	NO	NO	UNIQUE_1TO1
Q9NXW2;Q9NXW2-2	2	1	1	1	NO	NO	NO	UNIQUE_1TO1
Q9NXX6	1	1	1	1	NO	NO	NO	UNIQUE_1TO1
Q9NY12;Q9NY12-2	2	1	1	1	NO	NO	NO	UNIQUE_1TO1
Q9NY27	1	1	1	1	NO	NO	NO	UNIQUE_1TO1
Q9NY33	1	1	1	1	NO	NO	NO	UNIQUE_1TO1
Q9NY61	1	1	1	0	NO	NO	YES	UNMAPPED
Q9NY93;Q9NY93-2	2	1	1	1	NO	NO	NO	UNIQUE_1TO1
Q9NYB0	1	1	1	1	NO	NO	NO	UNIQUE_1TO1
Q9NYB9;Q9NYB9-2;Q9NYB9-4	3	1	1	1	NO	NO	NO	UNIQUE_1TO1
Q9NYF8-3	1	1	1	1	NO	NO	NO	UNIQUE_1TO1
Q9NYF8;Q9NYF8-2	2	1	1	1	NO	NO	NO	UNIQUE_1TO1
Q9NYH9	1	1	1	1	NO	NO	NO	UNIQUE_1TO1
Q9NYJ1	1	1	1	1	NO	NO	NO	UNIQUE_1TO1
Q9NYJ8;Q9NYJ8-2	2	1	1	1	NO	NO	NO	UNIQUE_1TO1
Q9NYK5	1	1	1	1	NO	NO	NO	UNIQUE_1TO1
Q9NYL4;Q9NYL4-2	2	1	1	1	NO	NO	NO	UNIQUE_1TO1
Q9NYL9	1	1	1	1	NO	NO	NO	UNIQUE_1TO1
Q9NYP7;Q9NYP7-2;Q9NYP7-3	3	1	1	1	NO	NO	NO	UNIQUE_1TO1
Q9NYQ8	1	1	1	1	NO	NO	NO	UNIQUE_1TO1
Q9NYT0	1	1	1	1	NO	NO	NO	UNIQUE_1TO1
Q9NYU2;Q9NYU2-2	2	1	1	1	NO	NO	NO	UNIQUE_1TO1
Q9NYY8;Q9NYY8-2	2	1	1	1	NO	NO	NO	UNIQUE_1TO1
Q9NZ01	1	1	1	1	NO	NO	NO	UNIQUE_1TO1
Q9NZ08	1	1	1	1	NO	NO	NO	UNIQUE_1TO1
Q9NZ32	1	1	1	1	NO	NO	NO	UNIQUE_1TO1
Q9NZ43;Q9NZ43-2	2	1	1	1	NO	NO	NO	UNIQUE_1TO1
Q9NZ45	1	1	1	1	NO	NO	NO	UNIQUE_1TO1
Q9NZ52;Q9NZ52-2;Q9NZ52-3;Q9NZ52-4	4	1	1	1	NO	NO	NO	UNIQUE_1TO1
Q9NZ63	1	1	1	1	NO	NO	NO	UNIQUE_1TO1
Q9NZB2;Q9NZB2-6	2	1	1	1	NO	NO	NO	UNIQUE_1TO1
Q9NZJ7;Q9NZJ7-2	2	1	1	1	NO	NO	NO	UNIQUE_1TO1
Q9NZL4;Q9NZL4-3	2	1	1	1	NO	NO	NO	UNIQUE_1TO1
Q9NZL9	1	1	1	1	NO	NO	NO	UNIQUE_1TO1
Q9NZL9-2	1	1	1	1	NO	NO	NO	UNIQUE_1TO1
Q9NZM1;Q9NZM1-6	2	1	1	1	NO	NO	NO	UNIQUE_1TO1
Q9NZN3	1	1	1	1	NO	NO	NO	UNIQUE_1TO1
Q9NZN4	1	1	1	1	NO	NO	NO	UNIQUE_1TO1
Q9NZN5;Q9NZN5-2	2	1	1	1	NO	NO	NO	UNIQUE_1TO1
Q9NZN8;Q9NZN8-4	2	1	1	1	NO	NO	NO	UNIQUE_1TO1
Q9NZQ3;Q9NZQ3-3	2	1	1	1	NO	NO	NO	UNIQUE_1TO1
Q9NZT2;Q9NZT2-2	2	1	1	1	NO	NO	NO	UNIQUE_1TO1
Q9NZW5	1	1	1	1	NO	NO	NO	UNIQUE_1TO1
Q9NZZ3	1	1	1	1	NO	NO	NO	UNIQUE_1TO1
Q9P000;Q9P000-2	2	1	1	1	NO	NO	NO	UNIQUE_1TO1
Q9P003	1	1	1	1	NO	NO	NO	UNIQUE_1TO1
Q9P013	1	1	1	1	NO	NO	NO	UNIQUE_1TO1
Q9P015	1	1	1	1	NO	NO	NO	UNIQUE_1TO1
Q9P016	1	1	1	1	NO	NO	NO	UNIQUE_1TO1
Q9P035	1	1	1	1	NO	NO	NO	UNIQUE_1TO1
Q9P086	1	1	1	1	NO	NO	NO	UNIQUE_1TO1
Q9P0I2	1	1	1	0	NO	NO	YES	UNMAPPED
Q9P0J0	1	1	1	1	NO	NO	NO	UNIQUE_1TO1
Q9P0J1;Q9P0J1-2	2	1	1	1	NO	NO	NO	UNIQUE_1TO1
Q9P0J7	1	1	1	1	NO	NO	NO	UNIQUE_1TO1
Q9P0L0	1	1	1	1	NO	NO	NO	UNIQUE_1TO1
Q9P0M6	1	1	1	1	NO	NO	NO	UNIQUE_1TO1
Q9P0M9	1	1	1	1	NO	NO	NO	UNIQUE_1TO1
Q9P0N9;Q9P0N9-2;Q9P0N9-3;Q9P0N9-4	4	1	1	1	NO	NO	NO	UNIQUE_1TO1
Q9P0P0	1	1	1	1	NO	NO	NO	UNIQUE_1TO1
Q9P0U1	1	1	1	1	NO	NO	NO	UNIQUE_1TO1
Q9P0U4;Q9P0U4-2	2	1	1	1	NO	NO	NO	UNIQUE_1TO1
Q9P0V9;Q9P0V9-2	2	1	1	1	NO	NO	NO	UNIQUE_1TO1
Q9P107;Q9P107-2	2	1	1	1	NO	NO	NO	UNIQUE_1TO1
Q9P1F3	1	1	1	1	NO	NO	NO	UNIQUE_1TO1
Q9P1Y5	1	1	1	1	NO	NO	NO	UNIQUE_1TO1
Q9P1Y6;Q9P1Y6-2;Q9P1Y6-3	3	1	1	0	NO	NO	YES	UNMAPPED
Q9P206-2	1	1	1	1	NO	NO	NO	UNIQUE_1TO1
Q9P227	1	1	1	0	NO	NO	YES	UNMAPPED
Q9P258	1	1	1	0	NO	NO	YES	UNMAPPED
Q9P260;Q9P260-2	2	1	1	1	NO	NO	NO	UNIQUE_1TO1
Q9P265	1	1	1	1	NO	NO	NO	UNIQUE_1TO1
Q9P270	1	1	1	1	NO	NO	NO	UNIQUE_1TO1
Q9P287	1	1	1	1	NO	NO	NO	UNIQUE_1TO1
Q9P289	1	1	1	1	NO	NO	NO	UNIQUE_1TO1
Q9P2B2	1	1	1	1	NO	NO	NO	UNIQUE_1TO1
Q9P2B4	1	1	1	1	NO	NO	NO	UNIQUE_1TO1
Q9P2D3;Q9P2D3-3	2	1	1	1	NO	NO	NO	UNIQUE_1TO1
Q9P2E3	1	1	1	1	NO	NO	NO	UNIQUE_1TO1
Q9P2E9	1	1	1	1	NO	NO	NO	UNIQUE_1TO1
Q9P2I0	1	1	1	1	NO	NO	NO	UNIQUE_1TO1
Q9P2J5	1	1	1	1	NO	NO	NO	UNIQUE_1TO1
Q9P2K3;Q9P2K3-3	2	1	1	1	NO	NO	NO	UNIQUE_1TO1
Q9P2M7	1	1	1	1	NO	NO	NO	UNIQUE_1TO1
Q9P2N5	1	1	1	1	NO	NO	NO	UNIQUE_1TO1
Q9P2R3;Q9P2R3-2;Q9P2R3-4	3	1	1	1	NO	NO	NO	UNIQUE_1TO1
Q9P2R7;Q9P2R7-2	2	1	1	1	NO	NO	NO	UNIQUE_1TO1
Q9P2T1;Q9P2T1-2	2	1	1	0	NO	NO	YES	UNMAPPED
Q9P2W9	1	1	1	1	NO	NO	NO	UNIQUE_1TO1
Q9UBB4	1	1	1	1	NO	NO	NO	UNIQUE_1TO1
Q9UBB5	1	1	1	1	NO	NO	NO	UNIQUE_1TO1
Q9UBB6;Q9UBB6-2	2	1	1	1	NO	NO	NO	UNIQUE_1TO1
Q9UBB9	1	1	1	1	NO	NO	NO	UNIQUE_1TO1
Q9UBC2;Q9UBC2-2;Q9UBC2-3;Q9UBC2-4	4	1	1	1	NO	NO	NO	UNIQUE_1TO1
Q9UBD5;Q9UBD5-2;Q9UBD5-3	3	1	1	1	NO	NO	NO	UNIQUE_1TO1
Q9UBE0	1	1	1	1	NO	NO	NO	UNIQUE_1TO1
Q9UBF2	1	1	1	1	NO	NO	NO	UNIQUE_1TO1
Q9UBF6;Q9UBF6-2;Q9UBF6-3;Q9UBF6-4	4	1	1	1	NO	NO	NO	UNIQUE_1TO1
Q9UBI1	1	1	1	1	NO	NO	NO	UNIQUE_1TO1
Q9UBI6	1	1	1	1	NO	NO	NO	UNIQUE_1TO1
Q9UBL3;Q9UBL3-2;Q9UBL3-3	3	1	1	1	NO	NO	NO	UNIQUE_1TO1
Q9UBM7	1	1	1	1	NO	NO	NO	UNIQUE_1TO1
Q9UBP0;Q9UBP0-3	2	1	1	1	NO	NO	NO	UNIQUE_1TO1
Q9UBP6	1	1	1	1	NO	NO	NO	UNIQUE_1TO1
Q9UBQ0	1	1	1	1	NO	NO	NO	UNIQUE_1TO1
Q9UBQ5;Q9UBQ5-2	2	1	1	0	NO	NO	YES	UNMAPPED
Q9UBQ7	1	1	1	1	NO	NO	NO	UNIQUE_1TO1
Q9UBR2	1	1	1	1	NO	NO	NO	UNIQUE_1TO1
Q9UBS4	1	1	1	1	NO	NO	NO	UNIQUE_1TO1
Q9UBT2	1	1	1	1	NO	NO	NO	UNIQUE_1TO1
Q9UBU8;Q9UBU8-2;Q9UBU8-3	3	1	1	1	NO	NO	NO	UNIQUE_1TO1
Q9UBU9	1	1	1	1	NO	NO	NO	UNIQUE_1TO1
Q9UBV2	1	1	1	1	NO	NO	NO	UNIQUE_1TO1
Q9UBV8	1	1	1	1	NO	NO	NO	UNIQUE_1TO1
Q9UBW7	1	1	1	1	NO	NO	NO	UNIQUE_1TO1
Q9UBW8	1	1	1	1	NO	NO	NO	UNIQUE_1TO1
Q9UBX3;Q9UBX3-2	2	1	1	1	NO	NO	NO	UNIQUE_1TO1
Q9UDT6;Q9UDT6-2	2	1	1	1	NO	NO	NO	UNIQUE_1TO1
Q9UDW1;Q9UDW1-2	2	1	1	1	NO	NO	NO	UNIQUE_1TO1
Q9UDY2-3	1	1	1	1	NO	NO	NO	UNIQUE_1TO1
Q9UDY4	1	1	1	1	NO	NO	NO	UNIQUE_1TO1
Q9UEE9	1	1	1	1	NO	NO	NO	UNIQUE_1TO1
Q9UET6;Q9UET6-2	2	1	1	1	NO	NO	NO	UNIQUE_1TO1
Q9UEW8;Q9UEW8-2	2	1	1	1	NO	NO	NO	UNIQUE_1TO1
Q9UEY8;Q9UEY8-2	2	1	1	1	NO	NO	NO	UNIQUE_1TO1
Q9UFC0	1	1	1	1	NO	NO	NO	UNIQUE_1TO1
Q9UFN0	1	1	1	1	NO	NO	NO	UNIQUE_1TO1
Q9UFW8	1	1	1	1	NO	NO	NO	UNIQUE_1TO1
Q9UG56;Q9UG56-2	2	1	1	1	NO	NO	NO	UNIQUE_1TO1
Q9UG63;Q9UG63-2	2	1	1	1	NO	NO	NO	UNIQUE_1TO1
Q9UGI8	1	1	1	1	NO	NO	NO	UNIQUE_1TO1
Q9UGK3;Q9UGK3-2	2	1	1	1	NO	NO	NO	UNIQUE_1TO1
Q9UGM3;Q9UGM3-2;Q9UGM3-3;Q9UGM3-4;Q9UGM3-5;Q9UGM3-6;Q9UGM3-7;Q9UGM3-8	8	1	1	1	NO	NO	NO	UNIQUE_1TO1
Q9UGN5;Q9UGN5-2	2	1	1	0	NO	NO	YES	UNMAPPED
Q9UGP4	1	1	1	1	NO	NO	NO	UNIQUE_1TO1
Q9UGP8	1	1	1	1	NO	NO	NO	UNIQUE_1TO1
Q9UGV2	1	1	1	1	NO	NO	NO	UNIQUE_1TO1
Q9UH17	1	1	1	1	NO	NO	NO	UNIQUE_1TO1
Q9UH65	1	1	1	1	NO	NO	NO	UNIQUE_1TO1
Q9UH99;Q9UH99-2;Q9UH99-3	3	1	1	1	NO	NO	NO	UNIQUE_1TO1
Q9UHA4	1	1	1	1	NO	NO	NO	UNIQUE_1TO1
Q9UHB4;Q9UHB4-2;Q9UHB4-3;Q9UHB4-4	4	1	1	1	NO	NO	NO	UNIQUE_1TO1
Q9UHB6-4	1	1	1	1	NO	NO	NO	UNIQUE_1TO1
Q9UHB7	1	1	1	1	NO	NO	NO	UNIQUE_1TO1
Q9UHB9;Q9UHB9-4	2	1	1	1	NO	NO	NO	UNIQUE_1TO1
Q9UHD1	1	1	1	0	NO	NO	YES	UNMAPPED
Q9UHD2	1	1	1	1	NO	NO	NO	UNIQUE_1TO1
Q9UHD8;Q9UHD8-2;Q9UHD8-5;Q9UHD8-7	4	1	1	0	NO	NO	YES	UNMAPPED
Q9UHD9	1	1	1	1	NO	NO	NO	UNIQUE_1TO1
Q9UHG3	1	1	1	1	NO	NO	NO	UNIQUE_1TO1
Q9UHI6	1	1	1	1	NO	NO	NO	UNIQUE_1TO1
Q9UHJ6	1	1	1	1	NO	NO	NO	UNIQUE_1TO1
Q9UHN6;Q9UHN6-2	2	1	1	1	NO	NO	NO	UNIQUE_1TO1
Q9UHQ9	1	1	1	1	NO	NO	NO	UNIQUE_1TO1
Q9UHR4	1	1	1	1	NO	NO	NO	UNIQUE_1TO1
Q9UHR5;Q9UHR5-2	2	1	1	1	NO	NO	NO	UNIQUE_1TO1
Q9UHV7	1	1	1	1	NO	NO	NO	UNIQUE_1TO1
Q9UHV9	1	1	1	1	NO	NO	NO	UNIQUE_1TO1
Q9UHW9;Q9UHW9-2;Q9UHW9-3;Q9UHW9-4;Q9UHW9-5;Q9UHW9-6	6	1	1	1	NO	NO	NO	UNIQUE_1TO1
Q9UHX1-2;Q9UHX1-4	2	1	1	1	NO	NO	NO	UNIQUE_1TO1
Q9UHX1-5	1	1	1	1	NO	NO	NO	UNIQUE_1TO1
Q9UHY1	1	1	1	1	NO	NO	NO	UNIQUE_1TO1
Q9UHY7	1	1	1	1	NO	NO	NO	UNIQUE_1TO1
Q9UI09	1	1	1	1	NO	NO	NO	UNIQUE_1TO1
Q9UI10	1	1	1	1	NO	NO	NO	UNIQUE_1TO1
Q9UI10-2;Q9UI10-3	2	1	1	1	NO	NO	NO	UNIQUE_1TO1
Q9UI12;Q9UI12-2	2	1	1	1	NO	NO	NO	UNIQUE_1TO1
Q9UI14	1	1	1	1	NO	NO	NO	UNIQUE_1TO1
Q9UI26;Q9UI26-2	2	1	1	1	NO	NO	NO	UNIQUE_1TO1
Q9UI30	1	1	1	1	NO	NO	NO	UNIQUE_1TO1
Q9UIA9	1	1	1	1	NO	NO	NO	UNIQUE_1TO1
Q9UIC8;Q9UIC8-2;Q9UIC8-3	3	1	1	1	NO	NO	NO	UNIQUE_1TO1
Q9UID3;Q9UID3-2	2	1	1	1	NO	NO	NO	UNIQUE_1TO1
Q9UIF7;Q9UIF7-2;Q9UIF7-3;Q9UIF7-4;Q9UIF7-5;Q9UIF7-6	6	1	1	1	NO	NO	NO	UNIQUE_1TO1
Q9UIF9;Q9UIF9-2;Q9UIF9-3	3	1	1	1	NO	NO	NO	UNIQUE_1TO1
Q9UIG0;Q9UIG0-2	2	1	1	1	NO	NO	NO	UNIQUE_1TO1
Q9UIG8;Q9UIG8-2;Q9UIG8-3;Q9UIG8-4	4	1	1	1	NO	NO	NO	UNIQUE_1TO1
Q9UII2;Q9UII2-2;Q9UII2-3	3	1	1	0	NO	NO	YES	UNMAPPED
Q9UIJ7	1	1	1	1	NO	NO	NO	UNIQUE_1TO1
Q9UIQ6;Q9UIQ6-2;Q9UIQ6-3	3	1	1	1	NO	NO	NO	UNIQUE_1TO1
Q9UIV8	1	1	1	1	NO	NO	NO	UNIQUE_1TO1
Q9UIW2	1	1	1	1	NO	NO	NO	UNIQUE_1TO1
Q9UJ70;Q9UJ70-2	2	1	1	1	NO	NO	NO	UNIQUE_1TO1
Q9UJ83;Q9UJ83-2	2	1	1	1	NO	NO	NO	UNIQUE_1TO1
Q9UJA5	1	1	1	1	NO	NO	NO	UNIQUE_1TO1
Q9UJC3;Q9UJC3-2	2	1	1	1	NO	NO	NO	UNIQUE_1TO1
Q9UJC5	1	1	1	1	NO	NO	NO	UNIQUE_1TO1
Q9UJF2;Q9UJF2-2	2	1	1	1	NO	NO	NO	UNIQUE_1TO1
Q9UJS0;Q9UJS0-2	2	1	1	1	NO	NO	NO	UNIQUE_1TO1
Q9UJU6	1	1	1	1	NO	NO	NO	UNIQUE_1TO1
Q9UJV9	1	1	1	1	NO	NO	NO	UNIQUE_1TO1
Q9UJW0;Q9UJW0-2;Q9UJW0-3	3	1	1	1	NO	NO	NO	UNIQUE_1TO1
Q9UJX2	1	1	1	1	NO	NO	NO	UNIQUE_1TO1
Q9UJX3;Q9UJX3-2	2	1	1	1	NO	NO	NO	UNIQUE_1TO1
Q9UJX4	1	1	1	1	NO	NO	NO	UNIQUE_1TO1
Q9UJX5;Q9UJX5-2;Q9UJX5-3	3	1	1	1	NO	NO	NO	UNIQUE_1TO1
Q9UJY5;Q9UJY5-2;Q9UJY5-3;Q9UJY5-4;Q9UJY5-6	5	1	1	1	NO	NO	NO	UNIQUE_1TO1
Q9UJZ1	1	1	1	1	NO	NO	NO	UNIQUE_1TO1
Q9UK41;Q9UK41-2	2	1	1	0	NO	NO	YES	UNMAPPED
Q9UK45	1	1	1	1	NO	NO	NO	UNIQUE_1TO1
Q9UK58;Q9UK58-4;Q9UK58-6	3	1	1	1	NO	NO	NO	UNIQUE_1TO1
Q9UK59	1	1	1	1	NO	NO	NO	UNIQUE_1TO1
Q9UK76-3	1	1	1	1	NO	NO	NO	UNIQUE_1TO1
Q9UK76;Q9UK76-2	2	1	1	1	NO	NO	NO	UNIQUE_1TO1
Q9UK99;Q9UK99-2;Q9UK99-3	3	1	1	1	NO	NO	NO	UNIQUE_1TO1
Q9UKA9;Q9UKA9-2;Q9UKA9-3;Q9UKA9-4;Q9UKA9-5;Q9UKA9-6	6	1	1	1	NO	NO	NO	UNIQUE_1TO1
Q9UKD2	1	1	1	1	NO	NO	NO	UNIQUE_1TO1
Q9UKE5;Q9UKE5-2;Q9UKE5-3;Q9UKE5-4;Q9UKE5-5;Q9UKE5-6;Q9UKE5-7;Q9UKE5-8	8	1	1	1	NO	NO	NO	UNIQUE_1TO1
Q9UKF6	1	1	1	1	NO	NO	NO	UNIQUE_1TO1
Q9UKG1	1	1	1	1	NO	NO	NO	UNIQUE_1TO1
Q9UKG9;Q9UKG9-3	2	1	1	1	NO	NO	NO	UNIQUE_1TO1
Q9UKI2	1	1	1	1	NO	NO	NO	UNIQUE_1TO1
Q9UKJ3	1	1	1	1	NO	NO	NO	UNIQUE_1TO1
Q9UKK3	1	1	1	1	NO	NO	NO	UNIQUE_1TO1
Q9UKK9	1	1	1	1	NO	NO	NO	UNIQUE_1TO1
Q9UKL0	1	1	1	1	NO	NO	NO	UNIQUE_1TO1
Q9UKM7	1	1	1	1	NO	NO	NO	UNIQUE_1TO1
Q9UKM9;Q9UKM9-2	2	1	1	1	NO	NO	NO	UNIQUE_1TO1
Q9UKN8	1	1	1	1	NO	NO	NO	UNIQUE_1TO1
Q9UKS6	1	1	1	1	NO	NO	NO	UNIQUE_1TO1
Q9UKU7;Q9UKU7-2;Q9UKU7-3	3	1	1	1	NO	NO	NO	UNIQUE_1TO1
Q9UKV3;Q9UKV3-5	2	1	1	1	NO	NO	NO	UNIQUE_1TO1
Q9UKX7;Q9UKX7-2	2	1	1	1	NO	NO	NO	UNIQUE_1TO1
Q9UKY7	1	1	1	1	NO	NO	NO	UNIQUE_1TO1
Q9UL15;Q9UL15-2	2	1	1	1	NO	NO	NO	UNIQUE_1TO1
Q9UL25	1	1	1	1	NO	NO	NO	UNIQUE_1TO1
Q9UL46	1	1	1	0	NO	NO	YES	UNMAPPED
Q9UL62	1	1	1	1	NO	NO	NO	UNIQUE_1TO1
Q9ULA0;Q9ULA0-2	2	1	1	1	NO	NO	NO	UNIQUE_1TO1
Q9ULB4	1	1	1	1	NO	NO	NO	UNIQUE_1TO1
Q9ULC4	1	1	1	1	NO	NO	NO	UNIQUE_1TO1
Q9ULD2;Q9ULD2-2;Q9ULD2-5	3	1	1	1	NO	NO	NO	UNIQUE_1TO1
Q9ULH0;Q9ULH0-2;Q9ULH0-4	3	1	1	1	NO	NO	NO	UNIQUE_1TO1
Q9ULH1;Q9ULH1-2	2	1	1	1	NO	NO	NO	UNIQUE_1TO1
Q9ULH7;Q9ULH7-4;Q9ULH7-5	3	1	1	1	NO	NO	NO	UNIQUE_1TO1
Q9ULR0;Q9ULR0-1;Q9ULR0-2	3	1	1	1	NO	NO	NO	UNIQUE_1TO1
Q9ULT8	1	1	1	1	NO	NO	NO	UNIQUE_1TO1
Q9ULU4-11;Q9ULU4-13;Q9ULU4-16;Q9ULU4-19;Q9ULU4-22;Q9ULU4-23;Q9ULU4-6;Q9ULU4-7;Q9ULU4-8;Q9ULU4-9	10	1	1	1	NO	NO	NO	UNIQUE_1TO1
Q9ULV3;Q9ULV3-2;Q9ULV3-3;Q9ULV3-4;Q9ULV3-5	5	1	1	1	NO	NO	NO	UNIQUE_1TO1
Q9ULV4;Q9ULV4-2;Q9ULV4-3	3	1	1	1	NO	NO	NO	UNIQUE_1TO1
Q9ULW0;Q9ULW0-2	2	1	1	1	NO	NO	NO	UNIQUE_1TO1
Q9ULX3	1	1	1	1	NO	NO	NO	UNIQUE_1TO1
Q9ULX6;Q9ULX6-2	2	1	1	1	NO	NO	NO	UNIQUE_1TO1
Q9ULX9;Q9ULX9-2	2	1	1	1	NO	NO	NO	UNIQUE_1TO1
Q9ULZ3;Q9ULZ3-2	2	1	1	1	NO	NO	NO	UNIQUE_1TO1
Q9UM00;Q9UM00-1;Q9UM00-2	3	1	1	1	NO	NO	NO	UNIQUE_1TO1
Q9UM54-6	1	1	1	1	NO	NO	NO	UNIQUE_1TO1
Q9UMD9;Q9UMD9-2	2	1	1	1	NO	NO	NO	UNIQUE_1TO1
Q9UMR2	1	1	1	1	NO	NO	NO	UNIQUE_1TO1
Q9UMS0;Q9UMS0-2;Q9UMS0-3	3	1	1	1	NO	NO	NO	UNIQUE_1TO1
Q9UMS4	1	1	1	1	NO	NO	NO	UNIQUE_1TO1
Q9UMX0	1	1	1	1	NO	NO	NO	UNIQUE_1TO1
Q9UMX0-2	1	1	1	1	NO	NO	NO	UNIQUE_1TO1
Q9UMX5	1	1	1	1	NO	NO	NO	UNIQUE_1TO1
Q9UMY1	1	1	1	1	NO	NO	NO	UNIQUE_1TO1
Q9UMY4;Q9UMY4-1	2	1	1	1	NO	NO	NO	UNIQUE_1TO1
Q9UMZ2;Q9UMZ2-3;Q9UMZ2-4;Q9UMZ2-5;Q9UMZ2-6;Q9UMZ2-7;Q9UMZ2-8;Q9UMZ2-9	8	1	1	0	NO	NO	YES	UNMAPPED
Q9UN36;Q9UN36-3	2	1	1	1	NO	NO	NO	UNIQUE_1TO1
Q9UN37	1	1	1	1	NO	NO	NO	UNIQUE_1TO1
Q9UN79	1	1	1	1	NO	NO	NO	UNIQUE_1TO1
Q9UN86;Q9UN86-2	2	1	1	1	NO	NO	NO	UNIQUE_1TO1
Q9UNE7;Q9UNE7-2	2	1	1	1	NO	NO	NO	UNIQUE_1TO1
Q9UNF0;Q9UNF0-2	2	1	1	1	NO	NO	NO	UNIQUE_1TO1
Q9UNF1;Q9UNF1-2	2	1	1	1	NO	NO	NO	UNIQUE_1TO1
Q9UNH7	1	1	1	1	NO	NO	NO	UNIQUE_1TO1
Q9UNL2;Q9UNL2-2	2	1	1	1	NO	NO	NO	UNIQUE_1TO1
Q9UNM6	1	1	1	1	NO	NO	NO	UNIQUE_1TO1
Q9UNN8	1	1	1	1	NO	NO	NO	UNIQUE_1TO1
Q9UNP9;Q9UNP9-2;Q9UNP9-3	3	1	1	1	NO	NO	NO	UNIQUE_1TO1
Q9UNQ2	1	1	1	1	NO	NO	NO	UNIQUE_1TO1
Q9UNS2	1	1	1	1	NO	NO	NO	UNIQUE_1TO1
Q9UNW1;Q9UNW1-2;Q9UNW1-3	3	1	1	1	NO	NO	NO	UNIQUE_1TO1
Q9UNX4	1	1	1	1	NO	NO	NO	UNIQUE_1TO1
Q9UNY4	1	1	1	1	NO	NO	NO	UNIQUE_1TO1
Q9UNZ2	1	1	1	1	NO	NO	NO	UNIQUE_1TO1
Q9UP83;Q9UP83-2;Q9UP83-3	3	1	1	0	NO	NO	YES	UNMAPPED
Q9UPN3	1	1	1	1	NO	NO	NO	UNIQUE_1TO1
Q9UPN7	1	1	1	1	NO	NO	NO	UNIQUE_1TO1
Q9UPN9;Q9UPN9-2	2	1	1	1	NO	NO	NO	UNIQUE_1TO1
Q9UPQ9;Q9UPQ9-1	2	1	1	1	NO	NO	NO	UNIQUE_1TO1
Q9UPT5;Q9UPT5-1;Q9UPT5-2;Q9UPT5-5;Q9UPT5-6	5	1	1	1	NO	NO	NO	UNIQUE_1TO1
Q9UPT8	1	1	1	1	NO	NO	NO	UNIQUE_1TO1
Q9UPU5	1	1	1	1	NO	NO	NO	UNIQUE_1TO1
Q9UPY3;Q9UPY3-2	2	1	1	1	NO	NO	NO	UNIQUE_1TO1
Q9UPY8;Q9UPY8-2	2	1	1	1	NO	NO	NO	UNIQUE_1TO1
Q9UQ13;Q9UQ13-2	2	1	1	1	NO	NO	NO	UNIQUE_1TO1
Q9UQ35	1	1	1	1	NO	NO	NO	UNIQUE_1TO1
Q9UQ80	1	1	1	1	NO	NO	NO	UNIQUE_1TO1
Q9UQ90	1	1	1	1	NO	NO	NO	UNIQUE_1TO1
Q9UQB8;Q9UQB8-2;Q9UQB8-3;Q9UQB8-4;Q9UQB8-5;Q9UQB8-6	6	1	1	1	NO	NO	NO	UNIQUE_1TO1
Q9UQE7	1	1	1	1	NO	NO	NO	UNIQUE_1TO1
Q9UQR1	1	1	1	1	NO	NO	NO	UNIQUE_1TO1
Q9Y221	1	1	1	1	NO	NO	NO	UNIQUE_1TO1
Q9Y224	1	1	1	1	NO	NO	NO	UNIQUE_1TO1
Q9Y230	1	1	1	1	NO	NO	NO	UNIQUE_1TO1
Q9Y232;Q9Y232-2;Q9Y232-3;Q9Y232-4	4	1	1	1	NO	NO	NO	UNIQUE_1TO1
Q9Y237;Q9Y237-2	2	1	1	1	NO	NO	NO	UNIQUE_1TO1
Q9Y241	1	1	1	1	NO	NO	NO	UNIQUE_1TO1
Q9Y244	1	1	1	1	NO	NO	NO	UNIQUE_1TO1
Q9Y262;Q9Y262-2	2	1	1	1	NO	NO	NO	UNIQUE_1TO1
Q9Y263	1	1	1	1	NO	NO	NO	UNIQUE_1TO1
Q9Y265	1	1	1	1	NO	NO	NO	UNIQUE_1TO1
Q9Y266	1	1	1	1	NO	NO	NO	UNIQUE_1TO1
Q9Y276	1	1	1	1	NO	NO	NO	UNIQUE_1TO1
Q9Y277	1	1	1	1	NO	NO	NO	UNIQUE_1TO1
Q9Y281	1	1	1	1	NO	NO	NO	UNIQUE_1TO1
Q9Y285	1	1	1	1	NO	NO	NO	UNIQUE_1TO1
Q9Y291	1	1	1	1	NO	NO	NO	UNIQUE_1TO1
Q9Y295	1	1	1	1	NO	NO	NO	UNIQUE_1TO1
Q9Y2A7;Q9Y2A7-2	2	1	1	1	NO	NO	NO	UNIQUE_1TO1
Q9Y2B0	1	1	1	1	NO	NO	NO	UNIQUE_1TO1
Q9Y2D4	1	1	1	1	NO	NO	NO	UNIQUE_1TO1
Q9Y2D5;Q9Y2D5-3;Q9Y2D5-5;Q9Y2D5-6;Q9Y2D5-7	5	1	1	1	NO	NO	NO	UNIQUE_1TO1
Q9Y2K7;Q9Y2K7-2;Q9Y2K7-4;Q9Y2K7-5	4	1	1	1	NO	NO	NO	UNIQUE_1TO1
Q9Y2L1	1	1	1	1	NO	NO	NO	UNIQUE_1TO1
Q9Y2L5;Q9Y2L5-2	2	1	1	1	NO	NO	NO	UNIQUE_1TO1
Q9Y2P8	1	1	1	1	NO	NO	NO	UNIQUE_1TO1
Q9Y2Q3	1	1	1	1	NO	NO	NO	UNIQUE_1TO1
Q9Y2Q9	1	1	1	1	NO	NO	NO	UNIQUE_1TO1
Q9Y2R0	1	1	1	1	NO	NO	NO	UNIQUE_1TO1
Q9Y2R4	1	1	1	0	NO	NO	YES	UNMAPPED
Q9Y2R5	1	1	1	1	NO	NO	NO	UNIQUE_1TO1
Q9Y2R9	1	1	1	1	NO	NO	NO	UNIQUE_1TO1
Q9Y2S7	1	1	1	1	NO	NO	NO	UNIQUE_1TO1
Q9Y2T2	1	1	1	1	NO	NO	NO	UNIQUE_1TO1
Q9Y2T3;Q9Y2T3-3	2	1	1	1	NO	NO	NO	UNIQUE_1TO1
Q9Y2U8	1	1	1	1	NO	NO	NO	UNIQUE_1TO1
Q9Y2V2	1	1	1	1	NO	NO	NO	UNIQUE_1TO1
Q9Y2W1	1	1	1	1	NO	NO	NO	UNIQUE_1TO1
Q9Y2W2	1	1	1	1	NO	NO	NO	UNIQUE_1TO1
Q9Y2X0;Q9Y2X0-2;Q9Y2X0-3	3	1	1	0	NO	NO	YES	UNMAPPED
Q9Y2X3	1	1	1	1	NO	NO	NO	UNIQUE_1TO1
Q9Y2X7;Q9Y2X7-3	2	1	1	1	NO	NO	NO	UNIQUE_1TO1
Q9Y2Y0;Q9Y2Y0-2	2	1	1	1	NO	NO	NO	UNIQUE_1TO1
Q9Y2Z0;Q9Y2Z0-2	2	1	1	1	NO	NO	NO	UNIQUE_1TO1
Q9Y2Z4	1	1	1	1	NO	NO	NO	UNIQUE_1TO1
Q9Y2Z9;Q9Y2Z9-2;Q9Y2Z9-3	3	1	1	1	NO	NO	NO	UNIQUE_1TO1
Q9Y305;Q9Y305-2;Q9Y305-4	3	1	1	1	NO	NO	NO	UNIQUE_1TO1
Q9Y312	1	1	1	1	NO	NO	NO	UNIQUE_1TO1
Q9Y314	1	1	1	1	NO	NO	NO	UNIQUE_1TO1
Q9Y315	1	1	1	1	NO	NO	NO	UNIQUE_1TO1
Q9Y316;Q9Y316-3	2	1	1	1	NO	NO	NO	UNIQUE_1TO1
Q9Y320;Q9Y320-2	2	1	1	1	NO	NO	NO	UNIQUE_1TO1
Q9Y324	1	1	1	1	NO	NO	NO	UNIQUE_1TO1
Q9Y333	1	1	1	0	NO	NO	YES	UNMAPPED
Q9Y365	1	1	1	1	NO	NO	NO	UNIQUE_1TO1
Q9Y371;Q9Y371-2	2	1	1	1	NO	NO	NO	UNIQUE_1TO1
Q9Y375	1	1	1	1	NO	NO	NO	UNIQUE_1TO1
Q9Y376	1	1	1	1	NO	NO	NO	UNIQUE_1TO1
Q9Y383	1	1	1	1	NO	NO	NO	UNIQUE_1TO1
Q9Y394-2	1	1	1	1	NO	NO	NO	UNIQUE_1TO1
Q9Y399	1	1	1	1	NO	NO	NO	UNIQUE_1TO1
Q9Y3A3;Q9Y3A3-2;Q9Y3A3-3	3	1	1	1	NO	NO	NO	UNIQUE_1TO1
Q9Y3A4	1	1	1	1	NO	NO	NO	UNIQUE_1TO1
Q9Y3A5	1	1	1	1	NO	NO	NO	UNIQUE_1TO1
Q9Y3B2	1	1	1	1	NO	NO	NO	UNIQUE_1TO1
Q9Y3B4	1	1	1	1	NO	NO	NO	UNIQUE_1TO1
Q9Y3B7	1	1	1	1	NO	NO	NO	UNIQUE_1TO1
Q9Y3B8	1	1	1	1	NO	NO	NO	UNIQUE_1TO1
Q9Y3B9	1	1	1	1	NO	NO	NO	UNIQUE_1TO1
Q9Y3C1	1	1	1	1	NO	NO	NO	UNIQUE_1TO1
Q9Y3C6	1	1	1	1	NO	NO	NO	UNIQUE_1TO1
Q9Y3C8	1	1	1	1	NO	NO	NO	UNIQUE_1TO1
Q9Y3D0	1	1	1	1	NO	NO	NO	UNIQUE_1TO1
Q9Y3D3	1	1	1	1	NO	NO	NO	UNIQUE_1TO1
Q9Y3D5	1	1	1	1	NO	NO	NO	UNIQUE_1TO1
Q9Y3D6	1	1	1	1	NO	NO	NO	UNIQUE_1TO1
Q9Y3D9	1	1	1	1	NO	NO	NO	UNIQUE_1TO1
Q9Y3E0	1	1	1	1	NO	NO	NO	UNIQUE_1TO1
Q9Y3E5	1	1	1	1	NO	NO	NO	UNIQUE_1TO1
Q9Y3E7;Q9Y3E7-4	2	1	1	1	NO	NO	NO	UNIQUE_1TO1
Q9Y3F4;Q9Y3F4-2	2	1	1	1	NO	NO	NO	UNIQUE_1TO1
Q9Y3I0	1	1	1	1	NO	NO	NO	UNIQUE_1TO1
Q9Y3I1;Q9Y3I1-2;Q9Y3I1-3	3	1	1	1	NO	NO	NO	UNIQUE_1TO1
Q9Y3L3	1	1	1	1	NO	NO	NO	UNIQUE_1TO1
Q9Y3M8;Q9Y3M8-2;Q9Y3M8-3;Q9Y3M8-4	4	1	1	1	NO	NO	NO	UNIQUE_1TO1
Q9Y3P9	1	1	1	1	NO	NO	NO	UNIQUE_1TO1
Q9Y3Q8;Q9Y3Q8-2	2	1	1	1	NO	NO	NO	UNIQUE_1TO1
Q9Y3T9	1	1	1	1	NO	NO	NO	UNIQUE_1TO1
Q9Y3U8	1	1	1	1	NO	NO	NO	UNIQUE_1TO1
Q9Y3X0	1	1	1	1	NO	NO	NO	UNIQUE_1TO1
Q9Y3Y2;Q9Y3Y2-3;Q9Y3Y2-4	3	1	1	1	NO	NO	NO	UNIQUE_1TO1
Q9Y3Z3;Q9Y3Z3-4	2	1	1	1	NO	NO	NO	UNIQUE_1TO1
Q9Y446-2	1	1	1	1	NO	NO	NO	UNIQUE_1TO1
Q9Y450	1	1	1	1	NO	NO	NO	UNIQUE_1TO1
Q9Y483;Q9Y483-2;Q9Y483-3;Q9Y483-4	4	1	1	1	NO	NO	NO	UNIQUE_1TO1
Q9Y490-2	1	1	1	1	NO	NO	NO	UNIQUE_1TO1
Q9Y4A5;Q9Y4A5-2	2	1	1	1	NO	NO	NO	UNIQUE_1TO1
Q9Y4B6;Q9Y4B6-2;Q9Y4B6-3	3	1	1	1	NO	NO	NO	UNIQUE_1TO1
Q9Y4C1	1	1	1	1	NO	NO	NO	UNIQUE_1TO1
Q9Y4C2;Q9Y4C2-2	2	1	1	1	NO	NO	NO	UNIQUE_1TO1
Q9Y4C8	1	1	1	1	NO	NO	NO	UNIQUE_1TO1
Q9Y4D1;Q9Y4D1-2;Q9Y4D1-3	3	1	1	1	NO	NO	NO	UNIQUE_1TO1
Q9Y4E1;Q9Y4E1-1;Q9Y4E1-2;Q9Y4E1-3;Q9Y4E1-4;Q9Y4E1-6	6	1	1	1	NO	NO	NO	UNIQUE_1TO1
Q9Y4E6;Q9Y4E6-2	2	1	1	1	NO	NO	NO	UNIQUE_1TO1
Q9Y4E8	1	1	1	1	NO	NO	NO	UNIQUE_1TO1
Q9Y4F5;Q9Y4F5-2;Q9Y4F5-3	3	1	1	1	NO	NO	NO	UNIQUE_1TO1
Q9Y4H2	1	1	1	1	NO	NO	NO	UNIQUE_1TO1
Q9Y4K0	1	1	1	1	NO	NO	NO	UNIQUE_1TO1
Q9Y4K1	1	1	1	1	NO	NO	NO	UNIQUE_1TO1
Q9Y4K4	1	1	1	1	NO	NO	NO	UNIQUE_1TO1
Q9Y4L1	1	1	1	0	NO	NO	YES	UNMAPPED
Q9Y4P3	1	1	1	1	NO	NO	NO	UNIQUE_1TO1
Q9Y4P8;Q9Y4P8-2;Q9Y4P8-3;Q9Y4P8-4;Q9Y4P8-5;Q9Y4P8-6	6	1	1	1	NO	NO	NO	UNIQUE_1TO1
Q9Y4R8	1	1	1	1	NO	NO	NO	UNIQUE_1TO1
Q9Y4W2;Q9Y4W2-2	2	1	1	1	NO	NO	NO	UNIQUE_1TO1
Q9Y4W6	1	1	1	1	NO	NO	NO	UNIQUE_1TO1
Q9Y4X5	1	1	1	1	NO	NO	NO	UNIQUE_1TO1
Q9Y4Y9	1	1	1	1	NO	NO	NO	UNIQUE_1TO1
Q9Y4Z0	1	1	1	1	NO	NO	NO	UNIQUE_1TO1
Q9Y512	1	1	1	1	NO	NO	NO	UNIQUE_1TO1
Q9Y520;Q9Y520-3;Q9Y520-4;Q9Y520-5;Q9Y520-7	5	1	1	1	NO	NO	NO	UNIQUE_1TO1
Q9Y530	1	1	1	1	NO	NO	NO	UNIQUE_1TO1
Q9Y570;Q9Y570-4	2	1	1	1	NO	NO	NO	UNIQUE_1TO1
Q9Y580	1	1	1	1	NO	NO	NO	UNIQUE_1TO1
Q9Y597;Q9Y597-2	2	1	1	1	NO	NO	NO	UNIQUE_1TO1
Q9Y5A7;Q9Y5A7-2	2	1	1	1	NO	NO	NO	UNIQUE_1TO1
Q9Y5A9	1	1	1	1	NO	NO	NO	UNIQUE_1TO1
Q9Y5B0;Q9Y5B0-4	2	1	1	0	NO	NO	YES	UNMAPPED
Q9Y5B9	1	1	1	1	NO	NO	NO	UNIQUE_1TO1
Q9Y5J1	1	1	1	1	NO	NO	NO	UNIQUE_1TO1
Q9Y5J5	1	1	1	1	NO	NO	NO	UNIQUE_1TO1
Q9Y5J6	1	1	1	1	NO	NO	NO	UNIQUE_1TO1
Q9Y5J7	1	1	1	1	NO	NO	NO	UNIQUE_1TO1
Q9Y5J9	1	1	1	1	NO	NO	NO	UNIQUE_1TO1
Q9Y5K5;Q9Y5K5-2;Q9Y5K5-3;Q9Y5K5-4	4	1	1	1	NO	NO	NO	UNIQUE_1TO1
Q9Y5K6	1	1	1	1	NO	NO	NO	UNIQUE_1TO1
Q9Y5K8	1	1	1	1	NO	NO	NO	UNIQUE_1TO1
Q9Y5L0;Q9Y5L0-1;Q9Y5L0-3	3	1	1	1	NO	NO	NO	UNIQUE_1TO1
Q9Y5L4	1	1	1	1	NO	NO	NO	UNIQUE_1TO1
Q9Y5M8	1	1	1	1	NO	NO	NO	UNIQUE_1TO1
Q9Y5P4;Q9Y5P4-2;Q9Y5P4-3	3	1	1	1	NO	NO	NO	UNIQUE_1TO1
Q9Y5P6;Q9Y5P6-2	2	1	1	1	NO	NO	NO	UNIQUE_1TO1
Q9Y5Q8;Q9Y5Q8-3	2	1	1	1	NO	NO	NO	UNIQUE_1TO1
Q9Y5Q9	1	1	1	1	NO	NO	NO	UNIQUE_1TO1
Q9Y5S2	1	1	1	1	NO	NO	NO	UNIQUE_1TO1
Q9Y5S9;Q9Y5S9-2	2	1	1	1	NO	NO	NO	UNIQUE_1TO1
Q9Y5U2;Q9Y5U2-2	2	1	1	1	NO	NO	NO	UNIQUE_1TO1
Q9Y5U9	1	1	1	1	NO	NO	NO	UNIQUE_1TO1
Q9Y5V0	1	1	1	1	NO	NO	NO	UNIQUE_1TO1
Q9Y5X1	1	1	1	1	NO	NO	NO	UNIQUE_1TO1
Q9Y5X3	1	1	1	1	NO	NO	NO	UNIQUE_1TO1
Q9Y5Y0	1	1	1	1	NO	NO	NO	UNIQUE_1TO1
Q9Y5Y2	1	1	1	1	NO	NO	NO	UNIQUE_1TO1
Q9Y5Y5;Q9Y5Y5-2	2	1	1	1	NO	NO	NO	UNIQUE_1TO1
Q9Y5Y6	1	1	1	1	NO	NO	NO	UNIQUE_1TO1
Q9Y5Z4;Q9Y5Z4-2	2	1	1	1	NO	NO	NO	UNIQUE_1TO1
Q9Y606-2	1	1	1	1	NO	NO	NO	UNIQUE_1TO1
Q9Y608;Q9Y608-2;Q9Y608-4;Q9Y608-5	4	1	1	1	NO	NO	NO	UNIQUE_1TO1
Q9Y613	1	1	1	1	NO	NO	NO	UNIQUE_1TO1
Q9Y617	1	1	1	1	NO	NO	NO	UNIQUE_1TO1
Q9Y618;Q9Y618-4;Q9Y618-5	3	1	1	1	NO	NO	NO	UNIQUE_1TO1
Q9Y619	1	1	1	1	NO	NO	NO	UNIQUE_1TO1
Q9Y624	1	1	1	1	NO	NO	NO	UNIQUE_1TO1
Q9Y639;Q9Y639-1	2	1	1	1	NO	NO	NO	UNIQUE_1TO1
Q9Y657	1	1	1	1	NO	NO	NO	UNIQUE_1TO1
Q9Y673	1	1	1	1	NO	NO	NO	UNIQUE_1TO1
Q9Y676	1	1	1	0	NO	NO	YES	UNMAPPED
Q9Y678	1	1	1	1	NO	NO	NO	UNIQUE_1TO1
Q9Y679;Q9Y679-3	2	1	1	1	NO	NO	NO	UNIQUE_1TO1
Q9Y696	1	1	1	1	NO	NO	NO	UNIQUE_1TO1
Q9Y697;Q9Y697-2	2	1	1	1	NO	NO	NO	UNIQUE_1TO1
Q9Y6A1;Q9Y6A1-2;Q9Y6A1-3;Q9Y6A1-4	4	1	1	1	NO	NO	NO	UNIQUE_1TO1
Q9Y6A4	1	1	1	1	NO	NO	NO	UNIQUE_1TO1
Q9Y6A5	1	1	1	1	NO	NO	NO	UNIQUE_1TO1
Q9Y6A9	1	1	1	1	NO	NO	NO	UNIQUE_1TO1
Q9Y6B6	1	1	1	1	NO	NO	NO	UNIQUE_1TO1
Q9Y6C9	1	1	1	0	NO	NO	YES	UNMAPPED
Q9Y6D5	1	1	1	1	NO	NO	NO	UNIQUE_1TO1
Q9Y6D6	1	1	1	1	NO	NO	NO	UNIQUE_1TO1
Q9Y6D9;Q9Y6D9-3;Q9Y6D9-4	3	1	1	1	NO	NO	NO	UNIQUE_1TO1
Q9Y6E0-2	1	1	1	1	NO	NO	NO	UNIQUE_1TO1
Q9Y6E2	1	1	1	1	NO	NO	NO	UNIQUE_1TO1
Q9Y6G5	1	1	1	1	NO	NO	NO	UNIQUE_1TO1
Q9Y6G9	1	1	1	1	NO	NO	NO	UNIQUE_1TO1
Q9Y6I3;Q9Y6I3-1;Q9Y6I3-3	3	1	1	1	NO	NO	NO	UNIQUE_1TO1
Q9Y6K0	1	1	1	1	NO	NO	NO	UNIQUE_1TO1
Q9Y6K5	1	1	1	1	NO	NO	NO	UNIQUE_1TO1
Q9Y6M1;Q9Y6M1-1	2	1	1	1	NO	NO	NO	UNIQUE_1TO1
Q9Y6M4;Q9Y6M4-2;Q9Y6M4-3;Q9Y6M4-4;Q9Y6M4-5;Q9Y6M4-6	6	1	1	1	NO	NO	NO	UNIQUE_1TO1
Q9Y6M5	1	1	1	1	NO	NO	NO	UNIQUE_1TO1
Q9Y6M9	1	1	1	1	NO	NO	NO	UNIQUE_1TO1
Q9Y6N1	1	1	1	1	NO	NO	NO	UNIQUE_1TO1
Q9Y6N5	1	1	1	1	NO	NO	NO	UNIQUE_1TO1
Q9Y6Q5	1	1	1	1	NO	NO	NO	UNIQUE_1TO1
Q9Y6Q5-2	1	1	1	1	NO	NO	NO	UNIQUE_1TO1
Q9Y6Q9;Q9Y6Q9-2;Q9Y6Q9-3;Q9Y6Q9-4;Q9Y6Q9-5	5	1	1	1	NO	NO	NO	UNIQUE_1TO1
Q9Y6W5	1	1	1	1	NO	NO	NO	UNIQUE_1TO1
Q9Y6X3;Q9Y6X3-2;Q9Y6X3-3	3	1	1	1	NO	NO	NO	UNIQUE_1TO1
Q9Y6X9;Q9Y6X9-2	2	1	1	1	NO	NO	NO	UNIQUE_1TO1
Q9Y6Y0	1	1	1	1	NO	NO	NO	UNIQUE_1TO1
Q9Y6Y8	1	1	1	1	NO	NO	NO	UNIQUE_1TO1
