record_type	gene_id	gene_symbol	RNA6	Ribo6	Protein24	estimate	CI_low	CI_high	P	note
gene_point	ENSG00000163694	RBM47	0.139122069152039	0.465123144460893	0.3121783126303423					point used in Figure 2 scatter panels
gene_point	ENSG00000129173	E2F8	1.08945265306741	0.977987023755145	-0.6486924010162269					point used in Figure 2 scatter panels
gene_point	ENSG00000033178	UBA6	-0.253127439690672	0.289246462446564	0.0148205084327877					point used in Figure 2 scatter panels
gene_point	ENSG00000117868	ESYT2	0.205497417633884	0.216732352146304	-0.3274302634898234					point used in Figure 2 scatter panels
gene_point	ENSG00000156603	MED19	-0.136729822773036	-0.150932839407702	-0.1710579642099148					point used in Figure 2 scatter panels
gene_point	ENSG00000187164	SHTN1	-0.344305199857381	-0.178054875440982	-0.0835178692232787					point used in Figure 2 scatter panels
gene_point	ENSG00000168569	TMEM223	-1.50177646603266	-1.86595239488888	-0.2879135150239911					point used in Figure 2 scatter panels
gene_point	ENSG00000152102	FAM168B	0.2645360620577	0.528151781744106	-0.1178552808356947					point used in Figure 2 scatter panels
gene_point	ENSG00000151779	NBAS	0.0624343966494185	0.369203682022666	-0.1021179461587422					point used in Figure 2 scatter panels
gene_point	ENSG00000102763	VWA8	0.167493022339953	0.379561536982568	-0.0938606210918848					point used in Figure 2 scatter panels
gene_point	ENSG00000105793	GTPBP10	-1.10681612998248	-1.06438175003988	-0.6224935752436593					point used in Figure 2 scatter panels
gene_point	ENSG00000125107	CNOT1	0.0339838657731177	-0.0243501680632665	-0.1901767680651716					point used in Figure 2 scatter panels
gene_point	ENSG00000184207	PGP	0.0232562927097008	-0.368831724659134	0.1571833194078955					point used in Figure 2 scatter panels
gene_point	ENSG00000101596	SMCHD1	-0.448999989887729	0.116019301864413	-0.1703515538860784					point used in Figure 2 scatter panels
gene_point	ENSG00000175970	UNC119B	-0.194883611637432	-0.29519954109067	0.397124508133432					point used in Figure 2 scatter panels
gene_point	ENSG00000169519	METTL15	-0.928514391381488	-0.748265567127615	-0.0297722240679778					point used in Figure 2 scatter panels
gene_point	ENSG00000231991	ANXA2P2	0.261266531268741	0.579638530692969	-0.2234282618409899					point used in Figure 2 scatter panels
gene_point	ENSG00000214655	ZSWIM8	-0.0367162838092228	0.237761465106238	-2.145258397411242					point used in Figure 2 scatter panels
gene_point	ENSG00000203965	EFCAB7	-0.673224577370645	-0.169107425766855	-0.2119212688497214					point used in Figure 2 scatter panels
gene_point	ENSG00000197191	CYSRT1	-0.59345843003804	-0.536287610242624	-0.158465558998202					point used in Figure 2 scatter panels
gene_point	ENSG00000213965	NUDT19	-0.775186035999767	-0.925637804081311	0.1568612704866332					point used in Figure 2 scatter panels
gene_point	ENSG00000196531	NACA	0.382894479393024	0.357463892028878	0.0257980704233311					point used in Figure 2 scatter panels
gene_point	ENSG00000176087	SLC35A4	-0.099772285326543	-0.342267902542913	-0.3199093895341285					point used in Figure 2 scatter panels
gene_point	ENSG00000105612	DNASE2	0.0603815117530766	0.350996644108255	-0.4802882321508228					point used in Figure 2 scatter panels
gene_point	ENSG00000018510	AGPS	-0.0715915400626711	0.421279046941655	0.0850448835271109					point used in Figure 2 scatter panels
gene_point	ENSG00000068796	KIF2A	-0.733571228830803	-0.334935308242009	0.0384104690298094					point used in Figure 2 scatter panels
gene_point	ENSG00000123136	DDX39A	0.0205013626154333	0.190842420096504	0.0934593419235199					point used in Figure 2 scatter panels
gene_point	ENSG00000107438	PDLIM1	0.27441400482814	0.413633677663337	0.2729261620295062					point used in Figure 2 scatter panels
gene_point	ENSG00000097021	ACOT7	0.208704245455918	0.422233802449933	-0.0263656213385026					point used in Figure 2 scatter panels
gene_point	ENSG00000197879	MYO1C	0.268427965535245	0.225859318108919	0.0720563823032378					point used in Figure 2 scatter panels
gene_point	ENSG00000092531	SNAP23	0.0067185762953843	0.35759207523543	-0.2065644777151583					point used in Figure 2 scatter panels
gene_point	ENSG00000143575	HAX1	0.0353697294762523	-0.139070088563349	-0.3146778957833618					point used in Figure 2 scatter panels
gene_point	ENSG00000110711	AIP	0.172811267242573	0.229856249261644	0.1747476222497539					point used in Figure 2 scatter panels
gene_point	ENSG00000100226	GTPBP1	0.255724207182224	0.407839702597068	-0.1284126598099391					point used in Figure 2 scatter panels
gene_point	ENSG00000168961	LGALS9	0.473759939982449	0.247850404549142	0.0778905341523064					point used in Figure 2 scatter panels
gene_point	ENSG00000116266	STXBP3	-0.487219441529709	-0.149703971360208	0.3007191233744635					point used in Figure 2 scatter panels
gene_point	ENSG00000221838	AP4M1	-0.362998311031749	-0.212663869074405	0.3132791435518669					point used in Figure 2 scatter panels
gene_point	ENSG00000132842	AP3B1	-0.0552641387623637	0.211837331801789	-0.0294756585844773					point used in Figure 2 scatter panels
gene_point	ENSG00000116977	LGALS8	-0.0562789364682868	0.385202509758422	-0.2022124135344079					point used in Figure 2 scatter panels
gene_point	ENSG00000110717	NDUFS8	0.248887481261445	0.347552943577053	-0.0913427404284306					point used in Figure 2 scatter panels
gene_point	ENSG00000146232	NFKBIE	-0.73972270807741	-1.14461329069776	0.0606276689811586					point used in Figure 2 scatter panels
gene_point	ENSG00000108671	PSMD11	0.0878651254275751	0.177323475459694	0.1955280507774652					point used in Figure 2 scatter panels
gene_point	ENSG00000197170	PSMD12	-0.0618576538898608	0.218581087133675	0.0763708769494506					point used in Figure 2 scatter panels
gene_point	ENSG00000110801	PSMD9	0.162426877611807	0.0164463977295024	0.0815102967707801					point used in Figure 2 scatter panels
gene_point	ENSG00000177556	ATOX1	0.264782630187303	0.269207935860024	0.1416490384583077					point used in Figure 2 scatter panels
gene_point	ENSG00000133895	MEN1	-0.465821678394709	-0.776978009845318	0.817211841781015					point used in Figure 2 scatter panels
gene_point	ENSG00000141582	CBX4	2.03892964298308	1.37758348666333	0.3843418160994023					point used in Figure 2 scatter panels
gene_point	ENSG00000101856	PGRMC1	0.286744441662073	0.65697218319394	-0.1108979106615493					point used in Figure 2 scatter panels
gene_point	ENSG00000196235	SUPT5H	0.0809542919617882	0.190205865905614	0.0634184712150904					point used in Figure 2 scatter panels
gene_point	ENSG00000160049	DFFA	-0.244885339709463	-0.124515298285933	-0.2101419664305517					point used in Figure 2 scatter panels
gene_point	ENSG00000133111	RFXAP	-0.662131624817601	-0.715913609413494	0.5907916671989515					point used in Figure 2 scatter panels
gene_point	ENSG00000175390	EIF3F	0.271717322671074	0.320915332667431	0.0557140773637101					point used in Figure 2 scatter panels
gene_point	ENSG00000104671	DCTN6	0.193421659663535	0.506603528104565	0.1028816092729698					point used in Figure 2 scatter panels
gene_point	ENSG00000106299	WASL	-0.289461179242035	-0.508480930355895	0.2078020709662631					point used in Figure 2 scatter panels
gene_point	ENSG00000065150	IPO5	0.18151391749782	0.528571143652201	0.0309425278248092					point used in Figure 2 scatter panels
gene_point	ENSG00000150459	SAP18	0.645836235792967	0.723894593018713	0.0622821535478337					point used in Figure 2 scatter panels
gene_point	ENSG00000136231	IGF2BP3	-0.332696585180807	-0.116723103876333	-0.1195849039820338					point used in Figure 2 scatter panels
gene_point	ENSG00000087470	DNM1L	-0.0528254047295387	0.354341552855229	0.0397675511432389					point used in Figure 2 scatter panels
gene_point	ENSG00000137996	RTCA	-0.31016694709939	-0.29097532320713	-0.1164991429987267					point used in Figure 2 scatter panels
gene_point	ENSG00000011405	PIK3C2A	-0.60896240159074	-0.512480562039284	-0.0949039432092					point used in Figure 2 scatter panels
gene_point	ENSG00000105647	PIK3R2	0.173886759984139	-1.28141844487469	-0.399522583476843					point used in Figure 2 scatter panels
gene_point	ENSG00000173905	GOLIM4	-0.343153493072958	-0.183422528799103	-0.4006822092475381					point used in Figure 2 scatter panels
gene_point	ENSG00000188157	AGRN	0.531144097206456	0.141610313684169	0.0810913030061541					point used in Figure 2 scatter panels
gene_point	ENSG00000152952	PLOD2	0.170517692926205	0.261126414282359	-0.1282459667930453					point used in Figure 2 scatter panels
gene_point	ENSG00000070367	EXOC5	-0.523382271190293	-0.442546460480925	0.0316931093090175					point used in Figure 2 scatter panels
gene_point	ENSG00000115233	PSMD14	-0.0055463776710466	0.444654616705587	0.2073770096668639					point used in Figure 2 scatter panels
gene_point	ENSG00000102753	KPNA3	-0.224802174036903	0.140902171050287	0.048991039866248					point used in Figure 2 scatter panels
gene_point	ENSG00000100029	PES1	-0.027035994036148	0.13416253094003	-0.0453875429041943					point used in Figure 2 scatter panels
gene_point	ENSG00000137575	SDCBP	0.725199790769953	1.1745859850832	0.5083831564991961					point used in Figure 2 scatter panels
gene_point	ENSG00000110697	PITPNM1	0.299827379630089	-1.31456825738872	-0.0478876088208881					point used in Figure 2 scatter panels
gene_point	ENSG00000124383	MPHOSPH10	-0.978203332526233	-0.641663372016065	0.0482112691216585					point used in Figure 2 scatter panels
gene_point	ENSG00000101361	NOP56	-0.283419483645461	-0.518046359931259	-0.1495480110681555					point used in Figure 2 scatter panels
gene_point	ENSG00000215301	DDX3X	1.11722348347034	1.76152250084546	0.1415780928164025					point used in Figure 2 scatter panels
gene_point	ENSG00000128567	PODXL	-0.111928492500635	-0.415013535637778	-0.2322957968973149					point used in Figure 2 scatter panels
gene_point	ENSG00000087842	PIR	0.0186868965742646	0.374434154099885	-0.0770888141893522					point used in Figure 2 scatter panels
gene_point	ENSG00000186432	KPNA4	0.133934314773929	0.53830640455512	0.1756959303202983					point used in Figure 2 scatter panels
gene_point	ENSG00000112343	TRIM38	-1.49169500834401	-1.20711003503686	-0.1060639767279116					point used in Figure 2 scatter panels
gene_point	ENSG00000119414	PPP6C	-0.0212988471575388	0.266013105242582	0.0342561232950338					point used in Figure 2 scatter panels
gene_point	ENSG00000175063	UBE2C	0.275781378003276	0.355570563891814	-0.490009331743364					point used in Figure 2 scatter panels
gene_point	ENSG00000076555	ACACB	-0.15677191408124	0.24539753283924	-0.1086937049847183					point used in Figure 2 scatter panels
gene_point	ENSG00000160209	PDXK	-0.0165718224150979	0.0830846872846614	-0.0185512461718531					point used in Figure 2 scatter panels
gene_point	ENSG00000099194	SCD	0.269003675103664	0.436986130075604	-0.0164052023611205					point used in Figure 2 scatter panels
gene_point	ENSG00000117713	ARID1A	0.235887546790517	0.278619941593334	-0.2681251816259564					point used in Figure 2 scatter panels
gene_point	ENSG00000204370	SDHD	-0.0786838639460133	0.0855047671462572	0.1596498627796663					point used in Figure 2 scatter panels
gene_point	ENSG00000115514	TXNDC9	-0.0885307285671588	0.289715519162847	4.668405492855618					point used in Figure 2 scatter panels
gene_point	ENSG00000135148	TRAFD1	0.327073213332036	0.0117005728107208	0.9159416086567588					point used in Figure 2 scatter panels
gene_point	ENSG00000115944	COX7A2L	0.132704747599687	0.234503027574837	-0.1616933496730581					point used in Figure 2 scatter panels
gene_point	ENSG00000004779	NDUFAB1	0.0980495337910139	0.134511825341445	0.5367175053240061					point used in Figure 2 scatter panels
gene_point	ENSG00000103353	UBFD1	0.242720066572568	0.435322488382802	0.1031552617870694					point used in Figure 2 scatter panels
gene_point	ENSG00000122966	CIT	-0.258748330587324	-0.0078442412623307	-0.4103824308779593					point used in Figure 2 scatter panels
gene_point	ENSG00000105669	COPE	0.266037888711224	0.180747480451041	0.0558751904226433					point used in Figure 2 scatter panels
gene_point	ENSG00000065000	AP3D1	0.193097476175535	-0.466257385226536	-0.0980259380619976					point used in Figure 2 scatter panels
gene_point	ENSG00000173992	CCS	-0.0214128782812641	0.213784278624601	-0.021385891183506					point used in Figure 2 scatter panels
gene_point	ENSG00000099204	ABLIM1	0.131292812220082	0.237680509454964	-0.0291744442260366					point used in Figure 2 scatter panels
gene_point	ENSG00000004975	DVL2	0.147110118310727	-0.697648344774474	-0.1008197092398948					point used in Figure 2 scatter panels
gene_point	ENSG00000153922	CHD1	0.453180557184345	1.25692310288548	-0.1294314684236788					point used in Figure 2 scatter panels
gene_point	ENSG00000136827	TOR1A	-0.232242847329135	-0.489246934917626	0.2166497681027941					point used in Figure 2 scatter panels
gene_point	ENSG00000136816	TOR1B	0.105366348857078	0.389110872337221	-0.0086416417666406					point used in Figure 2 scatter panels
gene_point	ENSG00000124222	STX16	0.0064108761271615	-0.661003824595712	-0.0414737303507024					point used in Figure 2 scatter panels
gene_point	ENSG00000137845	ADAM10	-0.0330394898712041	0.389025376735361	-0.3146811791472679					point used in Figure 2 scatter panels
gene_point	ENSG00000148344	PTGES	-0.027799324574801	0.278987743886078	0.0727207930826807					point used in Figure 2 scatter panels
gene_point	ENSG00000107614	TRDMT1	-0.0837598960181452	-0.0166531975253981	0.930737100747148					point used in Figure 2 scatter panels
gene_point	ENSG00000120868	APAF1	0.68484526862186	1.33405890404196	-0.0528512348240877					point used in Figure 2 scatter panels
gene_point	ENSG00000101473	ACOT8	0.144614495287952	0.0870769622545437	0.1814317986970053					point used in Figure 2 scatter panels
gene_point	ENSG00000103502	CDIPT	0.234308934647429	0.105421550135881	-0.2820576605034723					point used in Figure 2 scatter panels
gene_point	ENSG00000105185	PDCD5	0.181443600888836	0.0034125072656966	-0.1489549728370214					point used in Figure 2 scatter panels
gene_point	ENSG00000100462	PRMT5	0.117683339263969	0.218742119255415	0.0519401888049984					point used in Figure 2 scatter panels
gene_point	ENSG00000166340	TPP1	0.201653143718085	0.633181547755244	-0.0592766618197977					point used in Figure 2 scatter panels
gene_point	ENSG00000113649	TCERG1	-0.198628900597716	0.230824806325002	0.0040407916967772					point used in Figure 2 scatter panels
gene_point	ENSG00000105576	TNPO2	0.0391531494977066	0.353594331665686	-0.0949846768461419					point used in Figure 2 scatter panels
gene_point	ENSG00000101182	PSMA7	0.29670437039353	0.0951496400282811	0.038437958316333					point used in Figure 2 scatter panels
gene_point	ENSG00000156273	BACH1	0.830480830419327	0.244889132732387	-0.3337866543806349					point used in Figure 2 scatter panels
gene_point	ENSG00000103507	BCKDK	0.123068078182483	-0.46203414005151	-0.0765892161574743					point used in Figure 2 scatter panels
gene_point	ENSG00000119917	IFIT3	0.571372308305134	1.23027663312763	0.2284923562715555					point used in Figure 2 scatter panels
gene_point	ENSG00000143198	MGST3	0.243274843638177	0.530328176512906	-0.5200523565643742					point used in Figure 2 scatter panels
gene_point	ENSG00000092208	GEMIN2	-0.63068639048779	-0.484970771773755	0.0950666828772739					point used in Figure 2 scatter panels
gene_point	ENSG00000117595	IRF6	-0.213061279095682	0.0821145984718745	-0.1105553307677418					point used in Figure 2 scatter panels
gene_point	ENSG00000213977	TAX1BP3	1.72703268867416	0.208164083231925	0.0645219911698156					point used in Figure 2 scatter panels
gene_point	ENSG00000123159	GIPC1	0.371274139485959	0.131723875864072	0.1364566470653088					point used in Figure 2 scatter panels
gene_point	ENSG00000104365	IKBKB	-0.088476685313571	-0.206955511902543	0.0121696174420478					point used in Figure 2 scatter panels
gene_point	ENSG00000265354	TIMM23	-0.022500218403318	0.0643629739376262	0.0090927890196788					point used in Figure 2 scatter panels
gene_point	ENSG00000156587	UBE2L6	0.0567952855610411	0.101903545170101	-0.1188771676361355					point used in Figure 2 scatter panels
gene_point	ENSG00000147044	CASK	0.135420884419615	0.356913695321806	-0.1456394557397118					point used in Figure 2 scatter panels
gene_point	ENSG00000129219	PLD2	0.123007288724367	0.0968784255000599	1.513159923541533					point used in Figure 2 scatter panels
gene_point	ENSG00000164405	UQCRQ	0.278344683505761	0.168455107436981	-0.1126817656677587					point used in Figure 2 scatter panels
gene_point	ENSG00000185359	HGS	0.159544959753074	-0.0993063107453284	-0.0173842210747103					point used in Figure 2 scatter panels
gene_point	ENSG00000058272	PPP1R12A	-0.222703935857153	0.446780826404668	0.2477027621985819					point used in Figure 2 scatter panels
gene_point	ENSG00000178950	GAK	0.149995013343332	0.0725837282924499	-0.1172499529197068					point used in Figure 2 scatter panels
gene_point	ENSG00000152795	HNRNPDL	0.731492314943151	1.13047649321871	-0.0758164456607985					point used in Figure 2 scatter panels
gene_point	ENSG00000082898	XPO1	-0.088519929639299	0.439388242370544	-0.0584329183538869					point used in Figure 2 scatter panels
gene_point	ENSG00000095564	BTAF1	-0.400776554547852	0.224977549316052	-0.1665484424488763					point used in Figure 2 scatter panels
gene_point	ENSG00000180357	ZNF609	-0.007930770890204	-0.483115289532455	1.1671467067492571					point used in Figure 2 scatter panels
gene_point	ENSG00000166436	TRIM66	-0.710505712776273	-0.157108172400648	0.0610990617111966					point used in Figure 2 scatter panels
gene_point	ENSG00000148396	SEC16A	0.046982477687261	0.0824412617630347	0.050579603720962					point used in Figure 2 scatter panels
gene_point	ENSG00000196576	PLXNB2	0.160318150496707	0.0659145922195316	-0.3607909211473199					point used in Figure 2 scatter panels
gene_point	ENSG00000119682	AREL1	-0.494991496079248	-0.869140300987666	1.1121061954882911					point used in Figure 2 scatter panels
gene_point	ENSG00000163714	U2SURP	-0.498974783509033	0.0849298546133726	-0.0811799997690876					point used in Figure 2 scatter panels
gene_point	ENSG00000101350	KIF3B	-0.20158062458291	-0.422554241921513	-0.2383401576513435					point used in Figure 2 scatter panels
gene_point	ENSG00000178921	PFAS	-0.108736839989771	-0.388009813544773	0.054326396889138					point used in Figure 2 scatter panels
gene_point	ENSG00000206560	ANKRD28	0.0731293814406949	0.038583921149736	0.1505141468186579					point used in Figure 2 scatter panels
gene_point	ENSG00000175324	LSM1	0.216066971906807	0.102207395224794	0.2626782632676381					point used in Figure 2 scatter panels
gene_point	ENSG00000141458	NPC1	0.183696334541359	0.392448199001351	-0.2459329207526472					point used in Figure 2 scatter panels
gene_point	ENSG00000169692	AGPAT2	0.122278520337436	-0.566125592263781	-0.3185090961858172					point used in Figure 2 scatter panels
gene_point	ENSG00000085365	SCAMP1	-0.193339278347969	0.0383285203180443	-0.0162380006935851					point used in Figure 2 scatter panels
gene_point	ENSG00000140497	SCAMP2	0.0178891666886555	-0.15226062778001	-0.0990558014589524					point used in Figure 2 scatter panels
gene_point	ENSG00000130429	ARPC1B	0.242489780410837	0.0630897159760979	0.0473994004605842					point used in Figure 2 scatter panels
gene_point	ENSG00000163466	ARPC2	0.150185436958613	-0.277744599132168	0.0258370936445793					point used in Figure 2 scatter panels
gene_point	ENSG00000111229	ARPC3	0.254628054541768	0.0699879911626436	0.1395008378450626					point used in Figure 2 scatter panels
gene_point	ENSG00000105829	BET1	-0.638349059169945	-0.548809404193622	-0.2216689418473265					point used in Figure 2 scatter panels
gene_point	ENSG00000171453	POLR1C	0.539303917544659	1.07480066009041	0.1902931592787737					point used in Figure 2 scatter panels
gene_point	ENSG00000188313	PLSCR1	-0.0712123139781121	0.0559469402976917	0.4224933691091266					point used in Figure 2 scatter panels
gene_point	ENSG00000164040	PGRMC2	-0.0416104962140336	0.144458517923146	-0.2236437182785238					point used in Figure 2 scatter panels
gene_point	ENSG00000116906	GNPAT	0.027891232559944	-0.231935615517035	-0.0191321235295056					point used in Figure 2 scatter panels
gene_point	ENSG00000130702	LAMA5	0.4604211390899	0.627817872849905	-0.1263066803559027					point used in Figure 2 scatter panels
gene_point	ENSG00000125356	NDUFA1	0.352335875404243	0.374009741353589	-0.0152772897032118					point used in Figure 2 scatter panels
gene_point	ENSG00000157916	RER1	-0.0481373555146437	-0.311524499955606	-0.5870959726026186					point used in Figure 2 scatter panels
gene_point	ENSG00000156711	MAPK13	0.4967715851623	-0.471612088241108	-0.4262882192288515					point used in Figure 2 scatter panels
gene_point	ENSG00000090054	SPTLC1	0.169290352758084	0.584277285303537	0.1729792455992722					point used in Figure 2 scatter panels
gene_point	ENSG00000100596	SPTLC2	-0.172315541699111	0.178954571610999	-0.1136012047667094					point used in Figure 2 scatter panels
gene_point	ENSG00000147162	OGT	0.696179268912936	1.00507675992225	0.5955885317515488					point used in Figure 2 scatter panels
gene_point	ENSG00000140650	PMM2	-0.236818963959034	-0.130975105401288	-0.0148544453235324					point used in Figure 2 scatter panels
gene_point	ENSG00000109452	INPP4B	0.315956501025254	0.315708197627294	-0.0139147641708063					point used in Figure 2 scatter panels
gene_point	ENSG00000029993	HMGB3	0.208196710812517	0.272182511308322	-0.1122226104342587					point used in Figure 2 scatter panels
gene_point	ENSG00000078900	TP73	-0.2021913550177	-0.48808082033385	-0.5608367195540822					point used in Figure 2 scatter panels
gene_point	ENSG00000115241	PPM1G	0.181814787260908	-0.0822236475473378	0.0296599983155125					point used in Figure 2 scatter panels
gene_point	ENSG00000165458	INPPL1	-0.214893185920024	-0.719463138961309	0.0505574968925213					point used in Figure 2 scatter panels
gene_point	ENSG00000100353	EIF3D	0.0586907700988	0.170723740653965	-0.0304005351719567					point used in Figure 2 scatter panels
gene_point	ENSG00000147677	EIF3H	0.251321861284377	0.336110303795586	-0.1039167597369541					point used in Figure 2 scatter panels
gene_point	ENSG00000171720	HDAC3	0.135754277840379	-0.665456430395919	-0.030926998065837					point used in Figure 2 scatter panels
gene_point	ENSG00000143748	NVL	-0.499888627449966	-0.50286080721851	0.2613178111961005					point used in Figure 2 scatter panels
gene_point	ENSG00000105552	BCAT2	-0.0221191683268122	0.263658483054333	-0.1516497927010061					point used in Figure 2 scatter panels
gene_point	ENSG00000133704	IPO8	-0.0614239732860848	0.0904263333309523	-0.04298869917538					point used in Figure 2 scatter panels
gene_point	ENSG00000079950	STX7	-0.0220999183222839	0.0512254527947753	-0.1681477927193349					point used in Figure 2 scatter panels
gene_point	ENSG00000136868	SLC31A1	-0.171210340365073	0.194645076593458	-0.3663151948983252					point used in Figure 2 scatter panels
gene_point	ENSG00000108846	ABCC3	0.239779771922305	0.122312775812347	-0.5623990813141386					point used in Figure 2 scatter panels
gene_point	ENSG00000125257	ABCC4	-0.027168712544047	0.11965771181495	0.0719742480576268					point used in Figure 2 scatter panels
gene_point	ENSG00000114770	ABCC5	-0.0687396298556999	0.497994869541663	0.3440737489094747					point used in Figure 2 scatter panels
gene_point	ENSG00000072682	P4HA2	0.297263826494935	0.580342036502872	-0.1716043769023052					point used in Figure 2 scatter panels
gene_point	ENSG00000106636	YKT6	0.238655035248165	-0.732701260233629	-0.4785088033869407					point used in Figure 2 scatter panels
gene_point	ENSG00000162704	ARPC5	0.273230922614113	0.423219067225848	-0.104534837908691					point used in Figure 2 scatter panels
gene_point	ENSG00000109606	DHX15	0.426192625650095	0.789589515160611	0.1148421584631371					point used in Figure 2 scatter panels
gene_point	ENSG00000101654	RNMT	-0.370662252470038	0.160129807755025	0.0847621631091204					point used in Figure 2 scatter panels
gene_point	ENSG00000101407	TTI1	-1.35023168504885	-1.6271947978658	0.0666461443491321					point used in Figure 2 scatter panels
gene_point	ENSG00000132275	RRP8	-1.41448544961458	-1.04078742953391	-0.1118868573551772					point used in Figure 2 scatter panels
gene_point	ENSG00000197555	SIPA1L1	0.245276594729802	-0.510472857077651	-0.3368063248637263					point used in Figure 2 scatter panels
gene_point	ENSG00000103018	CYB5B	0.290546351044103	0.471985508776418	-0.0199082162198465					point used in Figure 2 scatter panels
gene_point	ENSG00000136875	PRPF4	-0.47242126218264	-0.42093118697408	0.125259955505161					point used in Figure 2 scatter panels
gene_point	ENSG00000092621	PHGDH	0.0784973796326143	0.488483871270151	0.0908608413296079					point used in Figure 2 scatter panels
gene_point	ENSG00000164258	NDUFS4	0.392673174745256	0.389993692003851	-0.0374896374666775					point used in Figure 2 scatter panels
gene_point	ENSG00000183840	GPR39	-1.46300444241097	-1.19845738656085	-0.7445074009842045					point used in Figure 2 scatter panels
gene_point	ENSG00000135720	DYNC1LI2	-0.128997943253184	0.0234620769844378	0.0584021013955151					point used in Figure 2 scatter panels
gene_point	ENSG00000108344	PSMD3	0.144305075243959	-0.0378799326343132	-0.0517083552438109					point used in Figure 2 scatter panels
gene_point	ENSG00000138801	PAPSS1	0.131724265826802	0.359707414834859	0.0652825644418868					point used in Figure 2 scatter panels
gene_point	ENSG00000086827	ZW10	0.0825220614151105	0.294301761199066	-0.0919039690988938					point used in Figure 2 scatter panels
gene_point	ENSG00000166145	SPINT1	0.364813114481667	0.5059620060117	-0.098614830931595					point used in Figure 2 scatter panels
gene_point	ENSG00000175467	SART1	0.122220119471297	0.186090507788156	-0.1234774968414491					point used in Figure 2 scatter panels
gene_point	ENSG00000167642	SPINT2	0.34968167129638	0.682126721540003	0.4898259508916087					point used in Figure 2 scatter panels
gene_point	ENSG00000197858	GPAA1	0.340710498409774	-0.125298040607316	-0.1923108684364383					point used in Figure 2 scatter panels
gene_point	ENSG00000145725	PPIP5K2	-0.528747442688997	-0.421722186521185	-0.1680809040498729					point used in Figure 2 scatter panels
gene_point	ENSG00000135341	MAP3K7	-0.313929358701368	-0.31797015165357	-0.9694494250260864					point used in Figure 2 scatter panels
gene_point	ENSG00000124802	EEF1E1	-0.0295075867335176	0.137349419901745	0.3282086304315612					point used in Figure 2 scatter panels
gene_point	ENSG00000075702	WDR62	0.196196854468408	0.11497725634361	-0.1373087304184252					point used in Figure 2 scatter panels
gene_point	ENSG00000117360	PRPF3	-0.4173949787983	-0.116120811025449	-0.0298046125055222					point used in Figure 2 scatter panels
gene_point	ENSG00000091164	TXNL1	0.114394515283636	0.147067089671808	0.1309727093215364					point used in Figure 2 scatter panels
gene_point	ENSG00000101150	TPD52L2	0.153115337392882	0.253186830778628	0.0207493026713976					point used in Figure 2 scatter panels
gene_point	ENSG00000131148	EMC8	0.152402518024602	-0.0279267041759157	0.2732939524545088					point used in Figure 2 scatter panels
gene_point	ENSG00000075151	EIF4G3	-0.0334590545434739	0.181488360236643	0.0190684101850351					point used in Figure 2 scatter panels
gene_point	ENSG00000171960	PPIH	0.177755087591797	0.287376971950534	0.0978898246879254					point used in Figure 2 scatter panels
gene_point	ENSG00000115317	HTRA2	0.0383404575012863	0.185610422696004	0.1524020788686861					point used in Figure 2 scatter panels
gene_point	ENSG00000053371	AKR7A2	0.181546389156104	0.0795081633773421	0.0118686631421347					point used in Figure 2 scatter panels
gene_point	ENSG00000079819	EPB41L2	0.150387621258445	0.498109342591727	-0.0436577938132671					point used in Figure 2 scatter panels
gene_point	ENSG00000134248	LAMTOR5	0.210758820576862	-0.129452891590469	0.1082287892269633					point used in Figure 2 scatter panels
gene_point	ENSG00000118689	FOXO3	0.40276543495942	0.742349700651609	-0.4919773420879245					point used in Figure 2 scatter panels
gene_point	ENSG00000082996	RNF13	0.178385665036419	-0.122664548864547	-3.433641687991363					point used in Figure 2 scatter panels
gene_point	ENSG00000139726	DENR	-0.20091933084787	-0.239986054112511	0.0907165637645235					point used in Figure 2 scatter panels
gene_point	ENSG00000184575	XPOT	0.0347456649593563	-0.387987512281428	-0.2905430589270317					point used in Figure 2 scatter panels
gene_point	ENSG00000112667	DNPH1	0.19876808809914	0.331231460697426	0.0389487390556695					point used in Figure 2 scatter panels
gene_point	ENSG00000104980	TIMM44	0.0664552919960784	0.0931770103367985	-0.0934422020657557					point used in Figure 2 scatter panels
gene_point	ENSG00000054116	TRAPPC3	-0.0147385123526822	-0.338644275622497	0.1200584716067787					point used in Figure 2 scatter panels
gene_point	ENSG00000171566	PLRG1	-0.141956281777572	0.186597913995361	0.0044499627414964					point used in Figure 2 scatter panels
gene_point	ENSG00000148908	RGS10	0.20238845312801	-0.239678912231559	-0.4267724668445947					point used in Figure 2 scatter panels
gene_point	ENSG00000010244	ZNF207	0.113115613605309	0.314617843248485	0.0898657161711149					point used in Figure 2 scatter panels
gene_point	ENSG00000136521	NDUFB5	0.132357981511512	0.298474526066332	-0.0349962833277821					point used in Figure 2 scatter panels
gene_point	ENSG00000119013	NDUFB3	0.244439970413193	0.389620146226301	0.4054755415385305					point used in Figure 2 scatter panels
gene_point	ENSG00000131495	NDUFA2	0.480890590172845	0.510122166304576	0.2446022660974769					point used in Figure 2 scatter panels
gene_point	ENSG00000154473	BUB3	0.15184550588494	0.39277671089208	0.1242546220366414					point used in Figure 2 scatter panels
gene_point	ENSG00000100577	GSTZ1	0.113748148498005	0.506649589147195	0.0104147808555907					point used in Figure 2 scatter panels
gene_point	ENSG00000257218	GATC	-0.321041803621544	-0.244467805756259	0.3603702639232438					point used in Figure 2 scatter panels
gene_point	ENSG00000102241	HTATSF1	0.0010715524256683	0.132441343893963	0.1919166602863029					point used in Figure 2 scatter panels
gene_point	ENSG00000166747	AP1G1	-0.0771164538353028	0.392936064496641	-0.0157984319465924					point used in Figure 2 scatter panels
gene_point	ENSG00000108639	SYNGR2	0.258611575414934	0.100077372193821	0.0523107125292234					point used in Figure 2 scatter panels
gene_point	ENSG00000104969	SGTA	0.351240836279314	0.422859853200572	0.184733532624147					point used in Figure 2 scatter panels
gene_point	ENSG00000143420	ENSA	0.227083456898241	0.26921807707487	-0.223767654947613					point used in Figure 2 scatter panels
gene_point	ENSG00000128641	MYO1B	0.204698549859569	0.635717208874928	0.0452992452591232					point used in Figure 2 scatter panels
gene_point	ENSG00000176101	SSNA1	0.389704388985391	0.0474459425331515	-0.5030770604200541					point used in Figure 2 scatter panels
gene_point	ENSG00000167005	NUDT21	-0.0864484919767858	0.18094182956995	0.0857519407182287					point used in Figure 2 scatter panels
gene_point	ENSG00000115365	LANCL1	-0.0536228648733263	0.299551277580263	-0.0617409363665366					point used in Figure 2 scatter panels
gene_point	ENSG00000115808	STRN	-0.133319697389931	-0.0230849016781472	0.0693299639944058					point used in Figure 2 scatter panels
gene_point	ENSG00000114767	RRP9	-0.0329721168518302	0.0727507599318711	-0.301250163857766					point used in Figure 2 scatter panels
gene_point	ENSG00000105127	AKAP8	0.336414642761704	0.565966212365175	0.4473997725838057					point used in Figure 2 scatter panels
gene_point	ENSG00000101365	IDH3B	0.200783222998752	0.482864276283196	0.0951526119207031					point used in Figure 2 scatter panels
gene_point	ENSG00000128595	CALU	0.332450785568475	0.589039473848528	0.2218487084574185					point used in Figure 2 scatter panels
gene_point	ENSG00000164176	EDIL3	0.138893715019367	1.11101752765022	-0.3925535032921381					point used in Figure 2 scatter panels
gene_point	ENSG00000168710	AHCYL1	0.0866147820586667	0.248799701806552	0.3677551640046168					point used in Figure 2 scatter panels
gene_point	ENSG00000129250	KIF1C	0.193706667842287	-1.18307750423536	-0.1375845249124658					point used in Figure 2 scatter panels
gene_point	ENSG00000168653	NDUFS5	0.422137095801143	0.395140535519404	0.1978291245234054					point used in Figure 2 scatter panels
gene_point	ENSG00000156973	PDE6D	0.0533600613595154	-0.436345949702519	-0.3590805480138996					point used in Figure 2 scatter panels
gene_point	ENSG00000164754	RAD21	0.0687967917249694	0.563573494966606	-0.0500124194263484					point used in Figure 2 scatter panels
gene_point	ENSG00000198074	AKR1B10	0.270458015990105	0.132921113068154	0.5942978676198116					point used in Figure 2 scatter panels
gene_point	ENSG00000126953	TIMM8A	-0.825727423194283	-1.02945689347558	0.2706191942924931					point used in Figure 2 scatter panels
gene_point	ENSG00000077157	PPP1R12B	-0.239522749412589	-0.151233530906186	-1.1357429812782822					point used in Figure 2 scatter panels
gene_point	ENSG00000180182	MED14	0.109384985074754	0.211665808961616	-0.1627120835579703					point used in Figure 2 scatter panels
gene_point	ENSG00000129194	SOX15	1.41508952360035	2.10800930193976	-0.1661990777172519					point used in Figure 2 scatter panels
gene_point	ENSG00000141127	PRPSAP2	-0.0763292179204382	-0.135503537403904	-0.1480519337728374					point used in Figure 2 scatter panels
gene_point	ENSG00000153147	SMARCA5	-0.218910062494604	0.320010610918877	-0.1696346482957231					point used in Figure 2 scatter panels
gene_point	ENSG00000008294	SPAG9	-0.129709536641833	0.230455843356828	0.0776212189991305					point used in Figure 2 scatter panels
gene_point	ENSG00000142207	URB1	-0.0888824916985314	0.153997701252048	-0.2760132559197252					point used in Figure 2 scatter panels
gene_point	ENSG00000021776	AQR	-0.0529286107741964	0.101839937150744	-0.1495427424808042					point used in Figure 2 scatter panels
gene_point	ENSG00000198836	OPA1	-0.535545834143324	-0.0014419431491855	-0.085463444742615					point used in Figure 2 scatter panels
gene_point	ENSG00000160294	MCM3AP	-0.0665896298726038	-0.278738107293689	-0.1795638470294189					point used in Figure 2 scatter panels
gene_point	ENSG00000054523	KIF1B	-0.0642684145886037	0.153504936280443	-0.2474535347880042					point used in Figure 2 scatter panels
gene_point	ENSG00000004487	KDM1A	0.241020911798223	0.364821571105258	-0.2203387562352396					point used in Figure 2 scatter panels
gene_point	ENSG00000136111	TBC1D4	0.27664101682201	0.585807123658629	0.1710967860254051					point used in Figure 2 scatter panels
gene_point	ENSG00000164930	FZD6	-0.04917935006009	-0.0511157829910526	-0.8834754226164261					point used in Figure 2 scatter panels
gene_point	ENSG00000118898	PPL	0.157968243137531	-0.229885369669989	0.2717713494964862					point used in Figure 2 scatter panels
gene_point	ENSG00000149573	MPZL2	-0.217157231583773	0.227558014470351	0.8957799504810513					point used in Figure 2 scatter panels
gene_point	ENSG00000068366	ACSL4	-0.118752775114022	0.47464292298182	0.0773067444484993					point used in Figure 2 scatter panels
gene_point	ENSG00000112335	SNX3	0.328322745609322	-0.108869262553385	0.1359955602238862					point used in Figure 2 scatter panels
gene_point	ENSG00000120896	SORBS3	0.171158543587811	-0.210074992456998	-0.1958131520797472					point used in Figure 2 scatter panels
gene_point	ENSG00000165525	NEMF	-0.803688514147036	-0.282448481685581	-0.4181066460782858					point used in Figure 2 scatter panels
gene_point	ENSG00000112699	GMDS	0.386070981511322	0.335207140816457	-0.0903117637455537					point used in Figure 2 scatter panels
gene_point	ENSG00000129315	CCNT1	-1.25268245019589	-0.646901969105956	-0.10230330732489					point used in Figure 2 scatter panels
gene_point	ENSG00000106397	PLOD3	0.177513759278733	0.441394855836346	0.0261485344445162					point used in Figure 2 scatter panels
gene_point	ENSG00000135930	EIF4E2	-0.168753771039754	-0.491838550920099	-0.1239731736202891					point used in Figure 2 scatter panels
gene_point	ENSG00000131504	DIAPH1	0.184842860209698	0.378530442296131	-0.2737964589396071					point used in Figure 2 scatter panels
gene_point	ENSG00000117472	TSPAN1	-0.0217621835475407	0.493777455241574	-0.5865226623141755					point used in Figure 2 scatter panels
gene_point	ENSG00000180104	EXOC3	0.102753052456187	-0.230828302730366	-0.0460680520476941					point used in Figure 2 scatter panels
gene_point	ENSG00000105355	PLIN3	0.368414236671033	0.581986359848953	-0.2938730455333918					point used in Figure 2 scatter panels
gene_point	ENSG00000118596	SLC16A7	-0.36056909597596	0.517770239825952	0.1721157912963988					point used in Figure 2 scatter panels
gene_point	ENSG00000185238	PRMT3	0.111639683010415	0.14704084173864	0.1725090448729656					point used in Figure 2 scatter panels
gene_point	ENSG00000025800	KPNA6	-0.168139398537467	0.159933707225387	0.1959925995000411					point used in Figure 2 scatter panels
gene_point	ENSG00000109814	UGDH	0.197812616270892	0.3795427660939	0.2464437826986696					point used in Figure 2 scatter panels
gene_point	ENSG00000198561	CTNND1	-0.0849611285029916	0.320932976685824	-0.0432233385311633					point used in Figure 2 scatter panels
gene_point	ENSG00000116237	ICMT	0.0994327002788793	-0.513399253741379	-0.4417493013297413					point used in Figure 2 scatter panels
gene_point	ENSG00000205302	SNX2	-0.147095107883011	-0.129502909214132	-0.0409262527192417					point used in Figure 2 scatter panels
gene_point	ENSG00000000419	DPM1	0.0262516332368205	0.0772469248792794	-0.0167742375485318					point used in Figure 2 scatter panels
gene_point	ENSG00000138768	USO1	-0.236523335082153	0.341495177357659	0.0582081223007868					point used in Figure 2 scatter panels
gene_point	ENSG00000120333	MRPS14	0.0139160264146535	0.200443899336225	0.0161621915549368					point used in Figure 2 scatter panels
gene_point	ENSG00000100284	TOM1	-0.0200345519145776	-0.104843846612682	-0.575571188765224					point used in Figure 2 scatter panels
gene_point	ENSG00000123836	PFKFB2	-0.070300309447851	0.0111163302238743	-0.0885885702976487					point used in Figure 2 scatter panels
gene_point	ENSG00000101997	CCDC22	0.0788977670650568	0.162861864537385	0.115526489423452					point used in Figure 2 scatter panels
gene_point	ENSG00000130826	DKC1	0.0163820965273665	0.24045195273368	-0.0085942439202852					point used in Figure 2 scatter panels
gene_point	ENSG00000158417	EIF5B	-0.361497193912348	0.234570495459731	0.0336787199425892					point used in Figure 2 scatter panels
gene_point	ENSG00000107223	EDF1	0.2651011102261	0.162627298690638	-0.198864163119552					point used in Figure 2 scatter panels
gene_point	ENSG00000069345	DNAJA2	-0.0956985715753717	0.137663318125007	0.0975216840825368					point used in Figure 2 scatter panels
gene_point	ENSG00000141867	BRD4	0.611307440177065	0.409440455328882	-0.3321924196403181					point used in Figure 2 scatter panels
gene_point	ENSG00000113068	PFDN1	0.227661639312534	0.327649734690501	-0.0569159579188998					point used in Figure 2 scatter panels
gene_point	ENSG00000171865	RNASEH1	0.0397690109667992	-0.351000562810833	1.4639827879609228					point used in Figure 2 scatter panels
gene_point	ENSG00000104320	NBN	-0.602833543547829	-0.312750196595429	-0.1828540148279103					point used in Figure 2 scatter panels
gene_point	ENSG00000140939	NOL3	-0.398974216911032	-0.155318829964982	-0.2898324995086305					point used in Figure 2 scatter panels
gene_point	ENSG00000111880	RNGTT	-0.294072106345548	0.0744637738603897	-0.0813717250846348					point used in Figure 2 scatter panels
gene_point	ENSG00000131269	ABCB7	-0.0628792468913119	0.348854662658412	-0.0721216101792912					point used in Figure 2 scatter panels
gene_point	ENSG00000266028	SRGAP2	-0.172942365216681	-0.331966328878963	-0.5980370047834711					point used in Figure 2 scatter panels
gene_point	ENSG00000076356	PLXNA2	-0.154451280725336	-0.243371379919408	-0.1388037609939729					point used in Figure 2 scatter panels
gene_point	ENSG00000198929	NOS1AP	0.388177712239127	-0.096583551956497	-0.6993593573941705					point used in Figure 2 scatter panels
gene_point	ENSG00000071127	WDR1	0.229839887637827	0.270099633992029	0.1826341596683853					point used in Figure 2 scatter panels
gene_point	ENSG00000102921	N4BP1	-0.82897220697286	-1.20959899894636	-0.5527765458344192					point used in Figure 2 scatter panels
gene_point	ENSG00000134318	ROCK2	-0.396443628182593	0.13882050484078	-0.1851987199930818					point used in Figure 2 scatter panels
gene_point	ENSG00000163539	CLASP2	-0.0642075532136567	0.0997998252490832	0.8933722027921593					point used in Figure 2 scatter panels
gene_point	ENSG00000085719	CPNE3	-0.133511921475893	0.379601592646349	-0.0846020610326263					point used in Figure 2 scatter panels
gene_point	ENSG00000175224	ATG13	0.0916808178526986	0.283632693923708	0.6724447140640901					point used in Figure 2 scatter panels
gene_point	ENSG00000130787	HIP1R	0.0534390140815739	-0.102121560366126	-0.1607430097434807					point used in Figure 2 scatter panels
gene_point	ENSG00000103549	RNF40	0.311684937692107	0.0734217255584889	0.0397148933307036					point used in Figure 2 scatter panels
gene_point	ENSG00000197724	PHF2	-0.0500846825011896	-0.644215973246444	-0.4097374222480887					point used in Figure 2 scatter panels
gene_point	ENSG00000058673	ZC3H11A	0.250400140336973	1.26928431036475	0.0199917215415439					point used in Figure 2 scatter panels
gene_point	ENSG00000132361	CLUH	0.0352802075555568	0.0196941511608407	-0.1103930690216898					point used in Figure 2 scatter panels
gene_point	ENSG00000196428	TSC22D2	2.17367830101644	2.64201196909173	0.1361114026578551					point used in Figure 2 scatter panels
gene_point	ENSG00000138246	DNAJC13	-0.524562999341407	-0.327669895908929	-0.0935064275955994					point used in Figure 2 scatter panels
gene_point	ENSG00000132466	ANKRD17	0.0136708482285071	0.288951573292622	0.0093745997209939					point used in Figure 2 scatter panels
gene_point	ENSG00000105993	DNAJB6	0.776433874077431	1.08768592956571	0.382368818386313					point used in Figure 2 scatter panels
gene_point	ENSG00000088682	COQ9	-0.0632847391927848	-0.170268696973823	-0.4598891375265417					point used in Figure 2 scatter panels
gene_point	ENSG00000006625	GGCT	0.198954523896207	-0.0513283664845016	-0.0480318134060446					point used in Figure 2 scatter panels
gene_point	ENSG00000115286	NDUFS7	0.270419332924546	0.427025303300779	0.0420616074140163					point used in Figure 2 scatter panels
gene_point	ENSG00000158864	NDUFS2	-0.122783469780599	0.0504245487518886	-0.0087069490404161					point used in Figure 2 scatter panels
gene_point	ENSG00000109917	ZPR1	0.24143954963296	-0.223350330865241	-0.0233202941182266					point used in Figure 2 scatter panels
gene_point	ENSG00000072571	HMMR	-0.827616450575527	-0.405838309320796	-0.1278060455569658					point used in Figure 2 scatter panels
gene_point	ENSG00000249915	PDCD6	-0.0257386970942214	-0.0941970447351828	0.0868856611202808					point used in Figure 2 scatter panels
gene_point	ENSG00000171530	TBCA	0.213886556814343	0.0719908949119991	0.018814688985806					point used in Figure 2 scatter panels
gene_point	ENSG00000136888	ATP6V1G1	0.140582311277167	0.0780638604393174	0.0865938024465755					point used in Figure 2 scatter panels
gene_point	ENSG00000119541	VPS4B	-0.347966484521672	0.129752348691384	0.1367536025424378					point used in Figure 2 scatter panels
gene_point	ENSG00000129255	MPDU1	0.265378345940051	0.392334509499348	-0.5048813333236968					point used in Figure 2 scatter panels
gene_point	ENSG00000131171	SH3BGRL	0.18554754625746	0.617626029431979	-0.1871898067147093					point used in Figure 2 scatter panels
gene_point	ENSG00000136068	FLNB	-0.15972525408485	-0.2333965877803	0.1956237744598041					point used in Figure 2 scatter panels
gene_point	ENSG00000141027	NCOR1	0.0006313257218877	-0.0223808078758368	-0.0402958606578067					point used in Figure 2 scatter panels
gene_point	ENSG00000145494	NDUFS6	0.405044145474183	0.361862435843151	-0.1019531639600828					point used in Figure 2 scatter panels
gene_point	ENSG00000062485	CS	0.197537157001244	0.549215301808149	0.0433004760164088					point used in Figure 2 scatter panels
gene_point	ENSG00000091640	SPAG7	-0.0599774280701225	0.0958514128992661	0.0549371631399786					point used in Figure 2 scatter panels
gene_point	ENSG00000243147	MRPL33	0.284826155825822	0.0929146755822156	-0.4776184161359325					point used in Figure 2 scatter panels
gene_point	ENSG00000265808	SEC22B	0.0622480362046898	0.288245300069107	-0.1464679853754091					point used in Figure 2 scatter panels
gene_point	ENSG00000196504	PRPF40A	-0.126042837457469	0.573162530452566	-0.0013511885792176					point used in Figure 2 scatter panels
gene_point	ENSG00000147526	TACC1	-0.0323497713618331	0.144111235238829	0.0649294350098887					point used in Figure 2 scatter panels
gene_point	ENSG00000128654	MTX2	-0.0763542020310214	-0.163287892222106	0.1484951460314967					point used in Figure 2 scatter panels
gene_point	ENSG00000122958	VPS26A	-0.400304538999848	0.0466515155719972	-0.1618147411067987					point used in Figure 2 scatter panels
gene_point	ENSG00000183648	NDUFB1	0.139409694391775	0.229064814376377	-0.175793045965829					point used in Figure 2 scatter panels
gene_point	ENSG00000105819	PMPCB	-0.0887985874616141	0.201792659400899	0.2363533102097257					point used in Figure 2 scatter panels
gene_point	ENSG00000164105	SAP30	0.432968155723042	0.513109547641696	0.1553406723989283					point used in Figure 2 scatter panels
gene_point	ENSG00000008838	MED24	-0.296131548025955	-0.324147114529987	-0.1426116418597196					point used in Figure 2 scatter panels
gene_point	ENSG00000164985	PSIP1	-0.0162092619379127	0.332895269912667	-0.4006099326422863					point used in Figure 2 scatter panels
gene_point	ENSG00000107566	ERLIN1	0.107192867732733	0.0611503838185249	-0.1048732231211069					point used in Figure 2 scatter panels
gene_point	ENSG00000213619	NDUFS3	0.15011165347372	0.453333276390834	0.0497156343839471					point used in Figure 2 scatter panels
gene_point	ENSG00000188529	SRSF10	-0.438769470748043	-0.394863717022419	0.1785321870059206					point used in Figure 2 scatter panels
gene_point	ENSG00000230989	HSBP1	0.229116525819526	0.375282501106327	-0.1350866164504278					point used in Figure 2 scatter panels
gene_point	ENSG00000198721	ECI2	0.0636115706942314	0.0721849472904135	-0.0345348185206972					point used in Figure 2 scatter panels
gene_point	ENSG00000074266	EED	-0.734060566705186	-0.584371163940809	-0.0605808483129806					point used in Figure 2 scatter panels
gene_point	ENSG00000175334	BANF1	0.139708870361237	0.152514370425561	0.1994598526540727					point used in Figure 2 scatter panels
gene_point	ENSG00000115524	SF3B1	0.105816168551492	0.634204255004954	-0.2270099955139848					point used in Figure 2 scatter panels
gene_point	ENSG00000009307	CSDE1	0.0405817381354773	0.0420338703299878	0.0006081078019946					point used in Figure 2 scatter panels
gene_point	ENSG00000180228	PRKRA	0.251673447946237	-0.146204665180429	0.2087964454580557					point used in Figure 2 scatter panels
gene_point	ENSG00000100784	RPS6KA5	0.053192858330184	0.304292374693604	-0.19782257692186					point used in Figure 2 scatter panels
gene_point	ENSG00000005810	MYCBP2	-0.203292289393679	0.0139549175617256	-0.3523578879077167					point used in Figure 2 scatter panels
gene_point	ENSG00000107833	NPM3	0.238176502473986	0.448749820214605	0.1112441891630382					point used in Figure 2 scatter panels
gene_point	ENSG00000120992	LYPLA1	0.0352739776777678	-0.0720771462457885	0.0616270657215807					point used in Figure 2 scatter panels
gene_point	ENSG00000132591	ERAL1	0.0272275337929326	-0.0317980596894012	0.0496003175355816					point used in Figure 2 scatter panels
gene_point	ENSG00000166396	SERPINB7	1.8747327525773	2.29445678261831	-2.4504629449446593					point used in Figure 2 scatter panels
gene_point	ENSG00000144028	SNRNP200	0.05346857417657	0.436862582311631	-0.1125120386192115					point used in Figure 2 scatter panels
gene_point	ENSG00000143155	TIPRL	-0.0832206770902219	-0.233585271601245	0.0309061556576111					point used in Figure 2 scatter panels
gene_point	ENSG00000141198	TOM1L1	-0.0222377865356699	0.038986680161552	-0.3026117404809199					point used in Figure 2 scatter panels
gene_point	ENSG00000162302	RPS6KA4	0.194245670370722	0.019055326167523	-0.2608920727235713					point used in Figure 2 scatter panels
gene_point	ENSG00000138032	PPM1B	0.238308421807329	0.412507067221392	0.1316599399566094					point used in Figure 2 scatter panels
gene_point	ENSG00000105963	ADAP1	0.553339357729371	-0.0994124687497395	0.0419573988009958					point used in Figure 2 scatter panels
gene_point	ENSG00000120800	UTP20	-0.280537076259453	0.17390654516137	-0.2297647907924016					point used in Figure 2 scatter panels
gene_point	ENSG00000113569	NUP155	-0.0700644772678551	0.0477183551599467	-0.0458686928202958					point used in Figure 2 scatter panels
gene_point	ENSG00000198554	WDHD1	-0.285127086165007	0.0876887924451763	-0.3146746631085797					point used in Figure 2 scatter panels
gene_point	ENSG00000170275	CRTAP	0.176815710504545	-0.0619589346074595	-0.47918695895906					point used in Figure 2 scatter panels
gene_point	ENSG00000104889	RNASEH2A	0.0850857571921911	0.189136783520174	-0.1022909841515904					point used in Figure 2 scatter panels
gene_point	ENSG00000172336	POP7	0.287436599723864	0.326632411365616	0.0988112219379075					point used in Figure 2 scatter panels
gene_point	ENSG00000130811	EIF3G	0.183016949997443	0.170161070202364	-0.00289336332618					point used in Figure 2 scatter panels
gene_point	ENSG00000104131	EIF3J	-0.248220706337318	-0.104216614415769	-0.0439753878246378					point used in Figure 2 scatter panels
gene_point	ENSG00000159231	CBR3	-0.447893770351819	-0.693160590760031	-0.1385317693064998					point used in Figure 2 scatter panels
gene_point	ENSG00000101843	PSMD10	-0.102760317045347	0.205765075305475	0.1508824157737365					point used in Figure 2 scatter panels
gene_point	ENSG00000213983	AP1G2	0.0998031281143742	0.36423453486621	-0.0660691336643708					point used in Figure 2 scatter panels
gene_point	ENSG00000084073	ZMPSTE24	-0.0629368072645452	0.139054634035398	0.0466923033729322					point used in Figure 2 scatter panels
gene_point	ENSG00000138413	IDH1	0.0371837040927335	0.512868720639667	0.0302664804123367					point used in Figure 2 scatter panels
gene_point	ENSG00000059691	GATB	0.150938027473338	0.22746299589214	0.1266791191776768					point used in Figure 2 scatter panels
gene_point	ENSG00000133028	SCO1	-0.271896109249778	-0.111061416489398	0.0278742298137046					point used in Figure 2 scatter panels
gene_point	ENSG00000089050	RBBP9	-0.345620816836103	-0.129674620314784	-1.1653396174627275					point used in Figure 2 scatter panels
gene_point	ENSG00000115145	STAM2	-0.286099016152578	-0.198619626087427	-0.798633594566363					point used in Figure 2 scatter panels
gene_point	ENSG00000090061	CCNK	-0.0118090351940517	-0.135373576882538	-0.0831471610237279					point used in Figure 2 scatter panels
gene_point	ENSG00000162496	DHRS3	-0.570298404721008	-0.286371188911426	-0.204329520009697					point used in Figure 2 scatter panels
gene_point	ENSG00000144746	ARL6IP5	0.122719192067973	0.470434633499419	-0.3663866651159395					point used in Figure 2 scatter panels
gene_point	ENSG00000116752	BCAS2	-0.294355756054937	-0.146639127738409	0.0737095672819592					point used in Figure 2 scatter panels
gene_point	ENSG00000137100	DCTN3	0.189177240657735	0.168093895753374	1.3280420489136109					point used in Figure 2 scatter panels
gene_point	ENSG00000126698	DNAJC8	0.176755508132827	0.367896611675476	0.0481870846498146					point used in Figure 2 scatter panels
gene_point	ENSG00000119953	SMNDC1	-0.0752077688026856	0.303705393059029	0.019856272586292					point used in Figure 2 scatter panels
gene_point	ENSG00000038382	TRIO	0.408190976792849	-0.267156073469091	-0.1498397637362956					point used in Figure 2 scatter panels
gene_point	ENSG00000108582	CPD	-0.0014969511765387	0.347377369271068	-0.4759822820561989					point used in Figure 2 scatter panels
gene_point	ENSG00000108010	GLRX3	0.173924417513047	0.222795316403195	0.0594440838833918					point used in Figure 2 scatter panels
gene_point	ENSG00000171490	RSL1D1	0.260005596229923	0.418895992832323	0.0462627395209835					point used in Figure 2 scatter panels
gene_point	ENSG00000143412	ANXA9	-0.343880775218221	0.552284533677785	-0.319120638284776					point used in Figure 2 scatter panels
gene_point	ENSG00000166855	CLPX	-0.701734578224487	-0.380796883116027	-0.0830205707415316					point used in Figure 2 scatter panels
gene_point	ENSG00000100003	SEC14L2	0.0406853849597196	-0.0104581594433933	-0.2221227114135313					point used in Figure 2 scatter panels
gene_point	ENSG00000173267	SNCG	0.0094633075760036	-0.0652142100836579	0.1359835802066484					point used in Figure 2 scatter panels
gene_point	ENSG00000144021	CIAO1	-0.203787316862123	-0.137594740072791	0.2369877445486032					point used in Figure 2 scatter panels
gene_point	ENSG00000107372	ZFAND5	1.0029933883676	1.2280024279084	-0.6180999974873824					point used in Figure 2 scatter panels
gene_point	ENSG00000147509	RGS20	-0.220949510160762	-0.29982720745323	-0.4420870322858476					point used in Figure 2 scatter panels
gene_point	ENSG00000174780	SRP72	-0.0462659899838761	0.0734617007400738	0.0312956160556296					point used in Figure 2 scatter panels
gene_point	ENSG00000153904	DDAH1	0.704405886040447	0.873167098458456	0.5553644761513041					point used in Figure 2 scatter panels
gene_point	ENSG00000108469	RECQL5	-1.16346144181132	-1.07591992886819	0.0579838548758715					point used in Figure 2 scatter panels
gene_point	ENSG00000105176	URI1	-0.0251490758875333	-0.57938619425874	-0.1207745519760088					point used in Figure 2 scatter panels
gene_point	ENSG00000149480	MTA2	0.312406114390046	0.403889547857907	-0.0964512099458332					point used in Figure 2 scatter panels
gene_point	ENSG00000072786	STK10	-0.522947677525877	-0.809767832455355	-0.2248521384458683					point used in Figure 2 scatter panels
gene_point	ENSG00000007516	BAIAP3	1.217436479597	0.988833585680276	0.0577526629192739					point used in Figure 2 scatter panels
gene_point	ENSG00000176658	MYO1D	0.245744568012068	0.0292678236644833	-0.2195806974563616					point used in Figure 2 scatter panels
gene_point	ENSG00000150961	SEC24D	0.216879276213577	0.681153932475879	-0.2187831082308253					point used in Figure 2 scatter panels
gene_point	ENSG00000014123	UFL1	-0.853898204527207	-0.489329292359717	-0.1306833275872208					point used in Figure 2 scatter panels
gene_point	ENSG00000106443	PHF14	-0.243238000196674	0.287172138143149	-0.0633262479017808					point used in Figure 2 scatter panels
gene_point	ENSG00000163960	UBXN7	-0.0222539089084575	0.148751466128519	-0.0952170456565681					point used in Figure 2 scatter panels
gene_point	ENSG00000164828	SUN1	0.154078954636449	0.542637883630496	-0.4337968417832485					point used in Figure 2 scatter panels
gene_point	ENSG00000147475	ERLIN2	-0.155314217119626	0.384063001753876	0.1395272483298626					point used in Figure 2 scatter panels
gene_point	ENSG00000101161	PRPF6	-0.153559969578036	0.0372115096640174	-0.089440862059444					point used in Figure 2 scatter panels
gene_point	ENSG00000075539	FRYL	-0.441425436390993	0.231426600536358	0.0190144435727432					point used in Figure 2 scatter panels
gene_point	ENSG00000102908	NFAT5	1.63521989479493	3.09451361037712	0.7216420149907066					point used in Figure 2 scatter panels
gene_point	ENSG00000149218	ENDOD1	-0.382525095991783	-0.974986565545194	-0.2365756914022263					point used in Figure 2 scatter panels
gene_point	ENSG00000115419	GLS	0.721464128398302	1.18921603761449	1.5277864083649					point used in Figure 2 scatter panels
gene_point	ENSG00000135108	FBXO21	-0.0178978900685987	0.186081733533842	-0.1295448907312479					point used in Figure 2 scatter panels
gene_point	ENSG00000172046	USP19	-0.180938939191736	-0.157012056150657	-0.2988694034706327					point used in Figure 2 scatter panels
gene_point	ENSG00000138674	SEC31A	0.38704511885246	0.694766872683414	-0.0423766443723536					point used in Figure 2 scatter panels
gene_point	ENSG00000186834	HEXIM1	-0.102766496265687	-0.0086536406204567	0.2381231996068784					point used in Figure 2 scatter panels
gene_point	ENSG00000174851	YIF1A	0.0940135031210048	-0.117269486084187	-0.3467929802666774					point used in Figure 2 scatter panels
gene_point	ENSG00000104517	UBR5	-0.11088454877051	0.235654620082999	-0.230957101740973					point used in Figure 2 scatter panels
gene_point	ENSG00000106351	AGFG2	0.102114008986987	0.0255186603747926	1.2864485214102557					point used in Figure 2 scatter panels
gene_point	ENSG00000156304	SCAF4	0.536710810632736	0.888613955440844	-0.1349567850597726					point used in Figure 2 scatter panels
gene_point	ENSG00000165264	NDUFB6	0.305797640469426	0.387733256116741	-0.0601091387863021					point used in Figure 2 scatter panels
gene_point	ENSG00000116688	MFN2	0.0873300140493457	0.014146646855855	-0.1805930973260174					point used in Figure 2 scatter panels
gene_point	ENSG00000130939	UBE4B	-0.0760041142965238	-0.0607379204829112	-0.4133412482541487					point used in Figure 2 scatter panels
gene_point	ENSG00000162300	ZFPL1	-0.0030058792155415	-0.187266912263452	-0.4545070095753356					point used in Figure 2 scatter panels
gene_point	ENSG00000065518	NDUFB4	0.236614464937456	0.361715244001976	-0.1688734876316289					point used in Figure 2 scatter panels
gene_point	ENSG00000166136	NDUFB8	0.253094616282865	0.350686970814363	-0.1679165253420436					point used in Figure 2 scatter panels
gene_point	ENSG00000090266	NDUFB2	0.273570960136089	0.0551869959707511	1.4697405985564505					point used in Figure 2 scatter panels
gene_point	ENSG00000267855	NDUFA7	0.383666931064389	0.333466504006492	0.7719954603334251					point used in Figure 2 scatter panels
gene_point	ENSG00000133318	RTN3	0.693495415045156	1.55968693710374	-0.1049421231282536					point used in Figure 2 scatter panels
gene_point	ENSG00000168924	LETM1	-0.0371854509387249	0.0950098267525366	-0.0519178323515738					point used in Figure 2 scatter panels
gene_point	ENSG00000132485	ZRANB2	-0.505167042764338	-0.204612462007215	2.741005908760588					point used in Figure 2 scatter panels
gene_point	ENSG00000114520	SNX4	-0.515615347848951	-0.411203067321205	0.1415404666367337					point used in Figure 2 scatter panels
gene_point	ENSG00000108848	LUC7L3	0.755272227638283	1.34672212104372	0.2913768994540611					point used in Figure 2 scatter panels
gene_point	ENSG00000112984	KIF20A	0.141164482368668	0.336400954895737	-0.5909488393001538					point used in Figure 2 scatter panels
gene_point	ENSG00000090889	KIF4A	-0.0998217467155216	0.0243652666785991	-0.2529914678031382					point used in Figure 2 scatter panels
gene_point	ENSG00000108587	GOSR1	-1.03197820303983	-1.0076954597768	-0.0391852224602224					point used in Figure 2 scatter panels
gene_point	ENSG00000124164	VAPB	-0.185072189181971	-0.0242067867920748	-0.0447514811514722					point used in Figure 2 scatter panels
gene_point	ENSG00000143553	SNAPIN	-0.184672515526619	-0.384027219551523	-0.1745495970016826					point used in Figure 2 scatter panels
gene_point	ENSG00000197965	MPZL1	0.378672806344672	0.379371637080213	-0.8617181169282961					point used in Figure 2 scatter panels
gene_point	ENSG00000151366	NDUFC2	-0.0426392204652298	-0.0781511793242346	-0.1033527955658932					point used in Figure 2 scatter panels
gene_point	ENSG00000130414	NDUFA10	0.122461100874352	0.367007707326452	-0.0281781800018983					point used in Figure 2 scatter panels
gene_point	ENSG00000130313	PGLS	0.0865793266936101	0.0724140156254278	0.0695368593334997					point used in Figure 2 scatter panels
gene_point	ENSG00000136824	SMC2	-0.479212543043928	0.231364773696756	-0.0419984873985193					point used in Figure 2 scatter panels
gene_point	ENSG00000197548	ATG7	0.221356169079104	0.285396659241139	-0.0582041618957642					point used in Figure 2 scatter panels
gene_point	ENSG00000138162	TACC2	-0.334878007524078	-0.323189600482683	0.5547047768026534					point used in Figure 2 scatter panels
gene_point	ENSG00000221926	TRIM16	-0.506337078859749	-0.559333769997468	-0.1159238875150592					point used in Figure 2 scatter panels
gene_point	ENSG00000145982	FARS2	0.0237455606161003	0.0531149421193817	-0.0726092705073391					point used in Figure 2 scatter panels
gene_point	ENSG00000178951	ZBTB7A	0.718005465428476	0.754623967090267	-0.3664248010333288					point used in Figure 2 scatter panels
gene_point	ENSG00000011009	LYPLA2	0.173744352099321	0.0434200921876208	-0.0133399296633349					point used in Figure 2 scatter panels
gene_point	ENSG00000205339	IPO7	-0.113775259358555	0.293594838364289	-0.0245823261962634					point used in Figure 2 scatter panels
gene_point	ENSG00000177479	ARIH2	0.201953779821205	-0.155888194769694	-0.177814499549413					point used in Figure 2 scatter panels
gene_point	ENSG00000145779	TNFAIP8	-1.40727858311265	-1.55330982446504	-0.386833027988759					point used in Figure 2 scatter panels
gene_point	ENSG00000013375	PGM3	-0.254366043601742	0.394973211167645	0.1216907037977392					point used in Figure 2 scatter panels
gene_point	ENSG00000124217	MOCS3	-2.61737514616684	-2.45296266431494	0.1957859515425433					point used in Figure 2 scatter panels
gene_point	ENSG00000169217	CD2BP2	0.0820775645173411	0.0946587465579859	0.1685712240856993					point used in Figure 2 scatter panels
gene_point	ENSG00000197321	SVIL	0.307528794190927	0.0789176954643855	-0.2110337848630088					point used in Figure 2 scatter panels
gene_point	ENSG00000156735	BAG4	-0.75380412911275	-0.65716372749797	-0.5009762912018942					point used in Figure 2 scatter panels
gene_point	ENSG00000100591	AHSA1	0.13672078075064	0.122890127409294	-0.0855554869308861					point used in Figure 2 scatter panels
gene_point	ENSG00000183527	PSMG1	0.118781662592092	0.0519867585616416	0.1150359810833805					point used in Figure 2 scatter panels
gene_point	ENSG00000166224	SGPL1	0.0147051233138224	-0.357082593933525	-0.3361389375498582					point used in Figure 2 scatter panels
gene_point	ENSG00000164346	NSA2	0.152645527272064	0.0963575204819656	0.2872786348109422					point used in Figure 2 scatter panels
gene_point	ENSG00000138802	SEC24B	-0.49712885951933	-0.434211675840913	-0.203722528005894					point used in Figure 2 scatter panels
gene_point	ENSG00000183741	CBX6	-0.253293503145475	-0.398866418952968	-1.094768844835814					point used in Figure 2 scatter panels
gene_point	ENSG00000111802	TDP2	-0.196991363830509	-0.369062855505276	-0.1380190404589356					point used in Figure 2 scatter panels
gene_point	ENSG00000105755	ETHE1	0.263650489556736	0.341910628695637	0.093280098216173					point used in Figure 2 scatter panels
gene_point	ENSG00000123983	ACSL3	-0.093724543920887	0.331478160703981	-0.2250206396797622					point used in Figure 2 scatter panels
gene_point	ENSG00000068654	POLR1A	-0.204845472937613	-0.040174446789775	0.0534251193464143					point used in Figure 2 scatter panels
gene_point	ENSG00000080802	CNOT4	-0.247327034171697	0.272921375291543	0.7465894190230333					point used in Figure 2 scatter panels
gene_point	ENSG00000124356	STAMBP	-0.100960141046047	-0.0071248203235606	0.0309264699319804					point used in Figure 2 scatter panels
gene_point	ENSG00000160917	CPSF4	-0.0283957070516322	-1.07375427833637	-0.0738392162320344					point used in Figure 2 scatter panels
gene_point	ENSG00000101290	CDS2	-0.0715181148666828	-0.194501538563274	-0.210888252721725					point used in Figure 2 scatter panels
gene_point	ENSG00000099940	SNAP29	-0.111282826325293	-0.158298142764988	-0.3182714651068501					point used in Figure 2 scatter panels
gene_point	ENSG00000172939	OXSR1	0.48021438251033	0.733131373991568	0.112383342107492					point used in Figure 2 scatter panels
gene_point	ENSG00000152904	GGPS1	-0.105790210312827	0.278882386753351	0.2282357272384807					point used in Figure 2 scatter panels
gene_point	ENSG00000164070	HSPA4L	-0.0353258081265069	0.628377141405601	-0.0393294179342333					point used in Figure 2 scatter panels
gene_point	ENSG00000119314	PTBP3	-0.107507532905698	0.0767221014010683	0.0924509627778817					point used in Figure 2 scatter panels
gene_point	ENSG00000128534	LSM8	-0.293798074491357	-0.568668540518543	-0.1685443102208985					point used in Figure 2 scatter panels
gene_point	ENSG00000196961	AP2A1	0.209994641592576	-0.215051545606868	-0.1581313731903897					point used in Figure 2 scatter panels
gene_point	ENSG00000011451	WIZ	0.112073762955997	-0.278639255196987	-0.1647229523684679					point used in Figure 2 scatter panels
gene_point	ENSG00000124214	STAU1	0.258519023504094	0.206688290336401	-0.27292409434855					point used in Figure 2 scatter panels
gene_point	ENSG00000112208	BAG2	-0.835519446112247	-1.00025613571937	-0.0629923151393825					point used in Figure 2 scatter panels
gene_point	ENSG00000151929	BAG3	0.304403306234171	0.769642221068767	-0.0450285983972591					point used in Figure 2 scatter panels
gene_point	ENSG00000071054	MAP4K4	-0.0676245937889185	-1.00246495956195	-0.05970474950613					point used in Figure 2 scatter panels
gene_point	ENSG00000205758	CRYZL1	-0.230805432926421	-0.0617485095952653	-0.1085193704945783					point used in Figure 2 scatter panels
gene_point	ENSG00000156709	AIFM1	0.0950179448628421	0.349281415902301	0.0755698593655083					point used in Figure 2 scatter panels
gene_point	ENSG00000163347	CLDN1	1.1213126983402	1.8493881398117	0.5373945450108408					point used in Figure 2 scatter panels
gene_point	ENSG00000125746	EML2	0.229780227796329	0.797691120568635	0.1327662521744201					point used in Figure 2 scatter panels
gene_point	ENSG00000162813	BPNT1	0.0234998866679704	0.293586817683476	0.1119108664413204					point used in Figure 2 scatter panels
gene_point	ENSG00000117862	TXNDC12	0.142927557659533	0.283723792984746	-0.0735394412879877					point used in Figure 2 scatter panels
gene_point	ENSG00000117614	SYF2	-0.0708781097962901	-0.151420784114469	0.0170795959789948					point used in Figure 2 scatter panels
gene_point	ENSG00000272325	NUDT3	0.326968707124133	-0.424795081097678	-0.228072599966989					point used in Figure 2 scatter panels
gene_point	ENSG00000142867	BCL10	0.205281391559074	0.609877408937095	0.032140064882526					point used in Figure 2 scatter panels
gene_point	ENSG00000104853	CLPTM1	0.0771796448892416	-0.173699162890475	-0.3121658372156304					point used in Figure 2 scatter panels
gene_point	ENSG00000164172	MOCS2	0.0394875674779893	0.377648963553522	-0.086124825413572					point used in Figure 2 scatter panels
gene_point	ENSG00000130204	TOMM40	0.0518391532751193	-0.129896881186182	0.0015143452657007					point used in Figure 2 scatter panels
gene_point	ENSG00000130669	PAK4	0.391377128731673	-0.241857168156856	-0.3228569716131595					point used in Figure 2 scatter panels
gene_point	ENSG00000136518	ACTL6A	0.195530331526826	0.279486091260634	-0.0165117480177876					point used in Figure 2 scatter panels
gene_point	ENSG00000166347	CYB5A	0.734585314300297	0.812254498166133	0.3029319752791792					point used in Figure 2 scatter panels
gene_point	ENSG00000148672	GLUD1	0.156684306682314	0.39378126943975	0.042208955782268					point used in Figure 2 scatter panels
gene_point	ENSG00000228716	DHFR	0.0746936071572729	-0.0580586902116084	-0.4578667958768818					point used in Figure 2 scatter panels
gene_point	ENSG00000100243	CYB5R3	0.161777840508625	0.118010298836638	-0.3227708426677189					point used in Figure 2 scatter panels
gene_point	ENSG00000104687	GSR	0.141770645541824	-0.126856131376727	0.0826723272436282					point used in Figure 2 scatter panels
gene_point	ENSG00000142168	SOD1	0.301551412904314	0.362971053703186	0.1963637604681132					point used in Figure 2 scatter panels
gene_point	ENSG00000165704	HPRT1	0.0917340022410148	0.282637559003686	-0.0414910890035464					point used in Figure 2 scatter panels
gene_point	ENSG00000125166	GOT2	0.0500816175644014	0.453563006914267	0.1068698124622642					point used in Figure 2 scatter panels
gene_point	ENSG00000097007	ABL1	0.228403767765841	-0.412601294518078	0.3995242435168702					point used in Figure 2 scatter panels
gene_point	ENSG00000146648	EGFR	-0.0358442118316122	-0.0127789638563324	-0.2184242809046495					point used in Figure 2 scatter panels
gene_point	ENSG00000102144	PGK1	0.184736802080264	0.684379645490008	0.0942183845074033					point used in Figure 2 scatter panels
gene_point	ENSG00000106992	AK1	0.158267532015522	-0.0263591378480494	0.1097612640495739					point used in Figure 2 scatter panels
gene_point	ENSG00000104368	PLAT	0.235128461252048	0.560686263438485	0.5904736963331523					point used in Figure 2 scatter panels
gene_point	ENSG00000104267	CA2	1.00674202640997	1.3726010464083	0.1396849615442903					point used in Figure 2 scatter panels
gene_point	ENSG00000130707	ASS1	0.249541122763412	0.311379116840842	0.1776632346967694					point used in Figure 2 scatter panels
gene_point	ENSG00000089127	OAS1	0.186809130613279	0.263577802796561	0.7566913283597074					point used in Figure 2 scatter panels
gene_point	ENSG00000125730	C3	0.572790698833438	0.711005616295872	-0.081466995244444					point used in Figure 2 scatter panels
gene_point	ENSG00000101439	CST3	0.261538355166385	0.372348281799368	0.4391478485722402					point used in Figure 2 scatter panels
gene_point	ENSG00000133703	KRAS	-0.756525099097047	-0.574364005266456	-0.037772492602965					point used in Figure 2 scatter panels
gene_point	ENSG00000130164	LDLR	0.501728409565181	0.879180460923299	0.1077904336565005					point used in Figure 2 scatter panels
gene_point	ENSG00000186847	KRT14	0.1008433949088	0.618182054188401	0.2152342021644528					point used in Figure 2 scatter panels
gene_point	ENSG00000205420	KRT6A	-0.0807511637646515	0.322943755650023	0.0660412412116357					point used in Figure 2 scatter panels
gene_point	ENSG00000160789	LMNA	0.21887046603902	0.654070923674422	0.1571012324875589					point used in Figure 2 scatter panels
gene_point	ENSG00000197971	MBP	-0.493893895370825	-0.116256230347615	0.4809420456830402					point used in Figure 2 scatter panels
gene_point	ENSG00000115414	FN1	0.473514141569915	0.618386471898369	0.2508760933614873					point used in Figure 2 scatter panels
gene_point	ENSG00000072274	TFRC	0.728295047763145	1.17358527614684	0.018009871939558					point used in Figure 2 scatter panels
gene_point	ENSG00000167996	FTH1	0.511004229120604	0.423640993644642	0.3728818828594527					point used in Figure 2 scatter panels
gene_point	ENSG00000125148	MT2A	0.198975206176755	0.0220188141440623	-0.1089203428558178					point used in Figure 2 scatter panels
gene_point	ENSG00000149925	ALDOA	0.375541173429484	0.617918339108148	-0.0312661448396944					point used in Figure 2 scatter panels
gene_point	ENSG00000160213	CSTB	0.13591864318495	0.194006486148647	-0.0509733170662229					point used in Figure 2 scatter panels
gene_point	ENSG00000135046	ANXA1	0.60752356659716	1.06943184759465	0.0958884722156625					point used in Figure 2 scatter panels
gene_point	ENSG00000113580	NR3C1	0.258857375850498	0.229348955076573	-0.6014359310243051					point used in Figure 2 scatter panels
gene_point	ENSG00000171867	PRNP	0.211907354450759	0.458067219977978	-0.1902648670268618					point used in Figure 2 scatter panels
gene_point	ENSG00000291237	SOD2	0.316015971313294	0.730687407042063	0.1862572191115923					point used in Figure 2 scatter panels
gene_point	ENSG00000065154	OAT	0.333074468443252	0.789508085553668	0.3998949079256277					point used in Figure 2 scatter panels
gene_point	ENSG00000167900	TK1	0.218307421873791	0.545381141495684	-0.2450680170466483					point used in Figure 2 scatter panels
gene_point	ENSG00000104833	TUBB4A	0.981361253326835	0.732856451672141	0.1984403700075354					point used in Figure 2 scatter panels
gene_point	ENSG00000111640	GAPDH	0.338023731065833	0.518783685824768	0.1095268744959696					point used in Figure 2 scatter panels
gene_point	ENSG00000141736	ERBB2	0.0897660033500522	-0.109178631041316	0.5304521770960307					point used in Figure 2 scatter panels
gene_point	ENSG00000126247	CAPNS1	0.109515801143865	0.263671002893489	0.0449625809267537					point used in Figure 2 scatter panels
gene_point	ENSG00000141510	TP53	0.0994757644067892	0.261023216522836	-0.277223577044122					point used in Figure 2 scatter panels
gene_point	ENSG00000169715	MT1E	-0.078699538010489	-0.0475908141359458	0.2839362832284102					point used in Figure 2 scatter panels
gene_point	ENSG00000106211	HSPB1	0.431522357510934	0.680637925992385	0.051555789314591					point used in Figure 2 scatter panels
gene_point	ENSG00000163902	RPN1	0.175412966291769	0.378834535616775	-0.1006795482539608					point used in Figure 2 scatter panels
gene_point	ENSG00000114353	GNAI2	0.268257070823406	-0.0406770153846391	-0.2735688491387122					point used in Figure 2 scatter panels
gene_point	ENSG00000163399	ATP1A1	1.06294757001179	1.18055689735515	0.088727167203892					point used in Figure 2 scatter panels
gene_point	ENSG00000143153	ATP1B1	1.40536824685217	1.86247663537558	0.3028818453251567					point used in Figure 2 scatter panels
gene_point	ENSG00000142192	APP	0.291313747293407	0.525616157014986	0.8462250519598804					point used in Figure 2 scatter panels
gene_point	ENSG00000111275	ALDH2	0.0548854465281881	0.289203762194906	0.0595795707911968					point used in Figure 2 scatter panels
gene_point	ENSG00000143546	S100A8	0.487188488295469	0.577996116779332	-0.6013380078767057					point used in Figure 2 scatter panels
gene_point	ENSG00000005022	SLC25A5	0.265429663514151	0.556995175192102	-0.0099582245647376					point used in Figure 2 scatter panels
gene_point	ENSG00000175198	PCCA	0.206620143228828	0.509835401862925	-0.1368760109907434					point used in Figure 2 scatter panels
gene_point	ENSG00000114054	PCCB	0.169491142838279	0.426300615657206	-0.1570745737304797					point used in Figure 2 scatter panels
gene_point	ENSG00000134001	EIF2S1	-0.0876904888416985	0.407268902373922	0.1066740851001952					point used in Figure 2 scatter panels
gene_point	ENSG00000198830	HMGN2	0.202038202828455	0.643162097057726	0.6163458052995718					point used in Figure 2 scatter panels
gene_point	ENSG00000090339	ICAM1	0.33559107895323	0.714020639643021	0.0059571843685262					point used in Figure 2 scatter panels
gene_point	ENSG00000137818	RPLP1	0.422799390684582	0.0757981914115938	0.2380107833284022					point used in Figure 2 scatter panels
gene_point	ENSG00000177600	RPLP2	0.509450819808847	0.109428757841567	0.0196663594768544					point used in Figure 2 scatter panels
gene_point	ENSG00000089157	RPLP0	0.270327034995011	-0.0292795548536118	0.0037216183731274					point used in Figure 2 scatter panels
gene_point	ENSG00000138385	SSB	-0.191352294621383	0.168385618384095	-0.0305399956987955					point used in Figure 2 scatter panels
gene_point	ENSG00000150093	ITGB1	0.105604016189797	0.197063426983373	-0.0447674991566522					point used in Figure 2 scatter panels
gene_point	ENSG00000111057	KRT18	0.568727356965423	0.825553566078861	0.382835394258219					point used in Figure 2 scatter panels
gene_point	ENSG00000170421	KRT8	0.334756835636728	0.737262481608389	0.1924511141298666					point used in Figure 2 scatter panels
gene_point	ENSG00000126088	UROD	0.0548852696920063	0.489377341472854	-0.0755843807157212					point used in Figure 2 scatter panels
gene_point	ENSG00000102393	GLA	0.4068479484837	0.786050450789089	0.1476859765476916					point used in Figure 2 scatter panels
gene_point	ENSG00000148180	GSN	0.107487926981669	0.502922019836551	0.3525737023290354					point used in Figure 2 scatter panels
gene_point	ENSG00000139687	RB1	0.105452428151513	0.289473095399926	0.0964468596488963					point used in Figure 2 scatter panels
gene_point	ENSG00000187514	PTMA	0.525718514030144	0.686295833611959	-0.3006722886277906					point used in Figure 2 scatter panels
gene_point	ENSG00000170312	CDK1	-0.206161575279294	-0.0239250476625424	0.0309744251634604					point used in Figure 2 scatter panels
gene_point	ENSG00000163220	S100A9	0.494859113842489	0.663589856598172	-0.3788250999732661					point used in Figure 2 scatter panels
gene_point	ENSG00000197956	S100A6	0.39595163451801	0.612524005751598	0.683231829627573					point used in Figure 2 scatter panels
gene_point	ENSG00000151247	EIF4E	-0.154641098999678	-0.0690493184909092	0.2927516343261516					point used in Figure 2 scatter panels
gene_point	ENSG00000074800	ENO1	0.265301119804429	0.772572367415789	0.1718696925839111					point used in Figure 2 scatter panels
gene_point	ENSG00000100504	PYGL	0.112485773302801	0.295947455008675	-0.1160666798979583					point used in Figure 2 scatter panels
gene_point	ENSG00000181163	NPM1	0.263130677710233	0.737342865055096	0.0723152407910276					point used in Figure 2 scatter panels
gene_point	ENSG00000143549	TPM3	0.276168743861218	0.208770300159849	0.4470766395962791					point used in Figure 2 scatter panels
gene_point	ENSG00000138448	ITGAV	0.155977408509165	0.676428364933507	0.4360060082167614					point used in Figure 2 scatter panels
gene_point	ENSG00000213614	HEXA	0.263372293549772	0.427290769737475	-0.0914402299991721					point used in Figure 2 scatter panels
gene_point	ENSG00000143819	EPHX1	0.224043702126813	0.300072424423188	0.2141016776748081					point used in Figure 2 scatter panels
gene_point	ENSG00000155368	DBI	0.457023975796506	0.316526866510158	0.1031448931186673					point used in Figure 2 scatter panels
gene_point	ENSG00000111716	LDHB	0.0603135642601807	0.39493051656296	-0.0532150737403149					point used in Figure 2 scatter panels
gene_point	ENSG00000125817	CENPB	-0.0972326473284205	-0.291409812798134	-0.0139809922752078					point used in Figure 2 scatter panels
gene_point	ENSG00000233276	GPX1	0.299761748278312	0.401820414295984	0.2094732704708803					point used in Figure 2 scatter panels
gene_point	ENSG00000178726	THBD	-1.19481542946905	-1.03705218898874	-0.1776816676391668					point used in Figure 2 scatter panels
gene_point	ENSG00000185624	P4HB	0.359366721079682	0.417545108460146	0.1363053760368693					point used in Figure 2 scatter panels
gene_point	ENSG00000119640	ACYP1	0.018544437662478	-0.194281358364155	-0.5209662312602301					point used in Figure 2 scatter panels
gene_point	ENSG00000117984	CTSD	0.269085356736391	0.458430339193804	0.0920753926054267					point used in Figure 2 scatter panels
gene_point	ENSG00000182718	ANXA2	0.198905736683441	0.285279815488835	0.008022373816221					point used in Figure 2 scatter panels
gene_point	ENSG00000014216	CAPN1	0.150060197339943	0.22206695242123	-0.1068289249905021					point used in Figure 2 scatter panels
gene_point	ENSG00000163207	IVL	-0.118752621929541	-0.0945630551375005	0.1615292750583137					point used in Figure 2 scatter panels
gene_point	ENSG00000169252	ADRB2	2.48459077973238	3.0691233931963	0.1056247891249739					point used in Figure 2 scatter panels
gene_point	ENSG00000197746	PSAP	0.375519326038332	0.704230452815464	0.0591755060119076					point used in Figure 2 scatter panels
gene_point	ENSG00000049860	HEXB	0.1962590279197	0.102868284270882	-0.2641507318380611					point used in Figure 2 scatter panels
gene_point	ENSG00000135047	CTSL	0.219358250728286	0.501012802988066	0.1670532635774435					point used in Figure 2 scatter panels
gene_point	ENSG00000108518	PFN1	0.442535369705219	0.358033225864639	0.1192458346789635					point used in Figure 2 scatter panels
gene_point	ENSG00000198931	APRT	0.265813457648703	0.439100922029469	0.0168716742707211					point used in Figure 2 scatter panels
gene_point	ENSG00000080824	HSP90AA1	-0.0619778371711785	0.468101003397476	0.0415231839902752					point used in Figure 2 scatter panels
gene_point	ENSG00000092199	HNRNPC	0.340614088418988	0.634537594062971	0.0166457599062148					point used in Figure 2 scatter panels
gene_point	ENSG00000173660	UQCRH	0.460019773815542	0.609091985825125	0.3276371270738138					point used in Figure 2 scatter panels
gene_point	ENSG00000091136	LAMB1	0.0209603733556232	0.39814854222663	-0.1240492823321623					point used in Figure 2 scatter panels
gene_point	ENSG00000176105	YES1	-0.145494818696052	-0.407233435386031	-0.0810316317520047					point used in Figure 2 scatter panels
gene_point	ENSG00000254087	LYN	-0.26584259526446	-0.318743880759434	-0.2625452297443473					point used in Figure 2 scatter panels
gene_point	ENSG00000091483	FH	0.0306821375424714	0.137944471488121	0.0569668456863965					point used in Figure 2 scatter panels
gene_point	ENSG00000137801	THBS1	0.494130738136071	0.847197774517256	-0.5116359192089703					point used in Figure 2 scatter panels
gene_point	ENSG00000185591	SP1	-0.18275885652394	0.017117245961192	-0.4891108072797845					point used in Figure 2 scatter panels
gene_point	ENSG00000140443	IGF1R	0.151054596035808	-0.378009422197654	-0.1741701791533714					point used in Figure 2 scatter panels
gene_point	ENSG00000155366	RHOC	0.254986042145092	0.195547462547773	-0.246831011146817					point used in Figure 2 scatter panels
gene_point	ENSG00000064300	NGFR	0.438144808796829	0.188277207669676	-0.328325920727746					point used in Figure 2 scatter panels
gene_point	ENSG00000196352	CD55	1.33725041773387	1.63521644566159	0.4267282568047932					point used in Figure 2 scatter panels
gene_point	ENSG00000168003	SLC3A2	-0.391340930651418	-0.22027916002006	-0.3865251800385572					point used in Figure 2 scatter panels
gene_point	ENSG00000152556	PFKM	0.0185507539162059	0.434946548818592	-0.001517429261252					point used in Figure 2 scatter panels
gene_point	ENSG00000096384	HSP90AB1	0.216139503757703	0.588419704316183	0.0082120506407576					point used in Figure 2 scatter panels
gene_point	ENSG00000256269	HMBS	0.0605233794062421	-0.357930563430004	0.0778001854875505					point used in Figure 2 scatter panels
gene_point	ENSG00000131828	PDHA1	0.101607663001371	0.312531606826372	0.0541978389379131					point used in Figure 2 scatter panels
gene_point	ENSG00000134871	COL4A2	0.349037271989354	0.482577497757663	-0.2119036362023543					point used in Figure 2 scatter panels
gene_point	ENSG00000179091	CYC1	0.129249367706226	0.196310638071547	-0.0937190331133308					point used in Figure 2 scatter panels
gene_point	ENSG00000125870	SNRPB2	-0.0282303885296389	0.135962082649417	-0.1800852076858419					point used in Figure 2 scatter panels
gene_point	ENSG00000105976	MET	0.291424392377754	0.353998104606451	-0.5146366412123058					point used in Figure 2 scatter panels
gene_point	ENSG00000104852	SNRNP70	0.379248554050202	0.0976721807798791	-0.1253275698851474					point used in Figure 2 scatter panels
gene_point	ENSG00000161638	ITGA5	-0.199570293730959	-0.178753788766832	-0.0120951968418374					point used in Figure 2 scatter panels
gene_point	ENSG00000141905	NFIC	-0.0024781899535271	0.109477711745525	-0.0567377876053178					point used in Figure 2 scatter panels
gene_point	ENSG00000171345	KRT19	0.225110246871408	0.584421430302281	0.0069462860806588					point used in Figure 2 scatter panels
gene_point	ENSG00000135480	KRT7	0.0355890930031762	0.0706629026264026	0.2159570065840661					point used in Figure 2 scatter panels
gene_point	ENSG00000065135	GNAI3	0.0049422751677706	0.281539131003845	-0.0683362324769909					point used in Figure 2 scatter panels
gene_point	ENSG00000164111	ANXA5	0.383773577656202	0.539625288636286	0.135051179507819					point used in Figure 2 scatter panels
gene_point	ENSG00000186832	KRT16	-0.0638615445817766	0.030161873188067	0.5280268881147236					point used in Figure 2 scatter panels
gene_point	ENSG00000101846	STS	0.27215378376713	-0.151578944926671	-0.0916886773751564					point used in Figure 2 scatter panels
gene_point	ENSG00000168028	RPSA	0.328336757634456	-0.0546918796833512	0.0742998119590403					point used in Figure 2 scatter panels
gene_point	ENSG00000135404	CD63	0.147544299841204	0.290031423075744	-0.3269774339427265					point used in Figure 2 scatter panels
gene_point	ENSG00000114686	MRPL3	0.0058008921707728	0.0472205747563604	-0.060441358195014					point used in Figure 2 scatter panels
gene_point	ENSG00000077312	SNRPA	0.123642889684808	0.330904348439319	0.1473161123426045					point used in Figure 2 scatter panels
gene_point	ENSG00000111674	ENO2	0.45546402395751	0.76113828810961	0.2088697297289758					point used in Figure 2 scatter panels
gene_point	ENSG00000060971	ACAA1	0.198018597942574	0.16257956650868	0.1197469624059088					point used in Figure 2 scatter panels
gene_point	ENSG00000153037	SRP19	-0.124072021475573	-0.372279400862124	-0.1292210388928936					point used in Figure 2 scatter panels
gene_point	ENSG00000084207	GSTP1	0.265398700884062	0.445269500890148	0.0563155749814683					point used in Figure 2 scatter panels
gene_point	ENSG00000124562	SNRPC	0.270928499300172	0.242236004949217	-0.0503723901202697					point used in Figure 2 scatter panels
gene_point	ENSG00000100097	LGALS1	0.271610410567301	0.351484982110479	0.1235487053036514					point used in Figure 2 scatter panels
gene_point	ENSG00000151552	QDPR	0.0562663562244691	-0.018135427553172	-0.0204223428259808					point used in Figure 2 scatter panels
gene_point	ENSG00000189403	HMGB1	0.171891787606214	0.496158233380646	0.0071338432120526					point used in Figure 2 scatter panels
gene_point	ENSG00000140416	TPM1	0.127777479501831	-0.343288739311095	0.0163611296741024					point used in Figure 2 scatter panels
gene_point	ENSG00000122705	CLTA	0.172014647164622	0.283806023925903	0.0903230470202522					point used in Figure 2 scatter panels
gene_point	ENSG00000175416	CLTB	0.447643113849738	0.115310723317747	0.1466150231831022					point used in Figure 2 scatter panels
gene_point	ENSG00000196975	ANXA4	0.0862697138513304	0.215964250585587	0.0285966163590813					point used in Figure 2 scatter panels
gene_point	ENSG00000173786	CNP	0.357832222190176	0.303558496937203	-0.0111853853736505					point used in Figure 2 scatter panels
gene_point	ENSG00000091140	DLD	-0.197155674767247	0.0791395583848861	0.1959285676902133					point used in Figure 2 scatter panels
gene_point	ENSG00000135486	HNRNPA1	0.339861236590686	0.363172322123716	-0.1271694146760964					point used in Figure 2 scatter panels
gene_point	ENSG00000131876	SNRPA1	0.0738327060797779	-0.0684262961683269	-0.1264152016446438					point used in Figure 2 scatter panels
gene_point	ENSG00000103811	CTSH	0.156960181792236	0.192103293956314	0.2556619298540497					point used in Figure 2 scatter panels
gene_point	ENSG00000164919	COX6C	0.400182593727558	0.486349754261016	-0.2002728562953102					point used in Figure 2 scatter panels
gene_point	ENSG00000184292	TACSTD2	1.72859310446752	2.3970324269702	0.469140058070618					point used in Figure 2 scatter panels
gene_point	ENSG00000143799	PARP1	0.16850149050822	0.259347524142586	-0.1866742936935956					point used in Figure 2 scatter panels
gene_point	ENSG00000119922	IFIT2	1.92589086100855	1.68094307397443	-0.1463143595448244					point used in Figure 2 scatter panels
gene_point	ENSG00000185745	IFIT1	1.03411539244632	1.67289982145223	0.0342844495232235					point used in Figure 2 scatter panels
gene_point	ENSG00000111144	LTA4H	0.103783783457445	0.43966496741066	0.0279925090916712					point used in Figure 2 scatter panels
gene_point	ENSG00000109107	ALDOC	0.30956650713197	0.553483886007675	-0.2730496112449572					point used in Figure 2 scatter panels
gene_point	ENSG00000255529	POLR2M	0.043768140510883	-0.207150456743486	0.2148331491766679					point used in Figure 2 scatter panels
gene_point	ENSG00000168802	CHTF8	-0.157588582091233	-0.612717840988092	0.8362855742255775					point used in Figure 2 scatter panels
gene_point	ENSG00000109113	RAB34	0.245433651703331	0.0484716676759948	-0.9811925306074656					point used in Figure 2 scatter panels
gene_point	ENSG00000134339	SAA1	0.454313205309006	0.716539545996777	-0.6010037319683299					point used in Figure 2 scatter panels
gene_point	ENSG00000225830	ERCC6	-1.30231804309175	-1.10302842441385	-0.5167007861251705					point used in Figure 2 scatter panels
gene_point	ENSG00000186184	POLR1D	0.0008820534753842	-0.451377117431216	0.0972776384129581					point used in Figure 2 scatter panels
gene_point	ENSG00000176340	COX8A	0.260358899287001	0.297826198540155	-0.2179295186870185					point used in Figure 2 scatter panels
gene_point	ENSG00000126458	RRAS	0.166868011259882	-0.136287259290178	-0.1195530097190484					point used in Figure 2 scatter panels
gene_point	ENSG00000078061	ARAF	0.130796499168323	-0.647943409425703	-0.197463053635305					point used in Figure 2 scatter panels
gene_point	ENSG00000150768	DLAT	-0.0386707050116656	0.262062695539566	0.0370288552242641					point used in Figure 2 scatter panels
gene_point	ENSG00000136810	TXN	0.329065803022948	0.373855865621221	0.3725646031828447					point used in Figure 2 scatter panels
gene_point	ENSG00000064601	CTSA	0.29804412196903	0.375748828459406	-0.1675619499099792					point used in Figure 2 scatter panels
gene_point	ENSG00000108946	PRKAR1A	0.0407105730269976	0.330761832366629	0.0436897833875811					point used in Figure 2 scatter panels
gene_point	ENSG00000139684	ESD	0.127659845985481	0.345549664173961	0.1080276472320989					point used in Figure 2 scatter panels
gene_point	ENSG00000144381	HSPD1	0.0691783141630403	0.286536828835501	0.2758732795312788					point used in Figure 2 scatter panels
gene_point	ENSG00000120885	CLU	0.349234502170582	0.547390531159892	-0.3585341667512196					point used in Figure 2 scatter panels
gene_point	ENSG00000044574	HSPA5	0.529564360255208	1.00465522336602	0.1460990507949091					point used in Figure 2 scatter panels
gene_point	ENSG00000135862	LAMC1	0.0756967504833099	0.0783947861006764	-0.0170938033937844					point used in Figure 2 scatter panels
gene_point	ENSG00000109971	HSPA8	-0.568022846416455	-0.568736613733731	0.1064831295251131					point used in Figure 2 scatter panels
gene_point	ENSG00000117394	SLC2A1	0.192708733581881	0.622170078270955	0.2573822880178795					point used in Figure 2 scatter panels
gene_point	ENSG00000114491	UMPS	-1.16324330250088	-1.21039454389219	0.0471664677010252					point used in Figure 2 scatter panels
gene_point	ENSG00000168291	PDHB	0.119771255122694	0.321325200700761	0.1739073379229481					point used in Figure 2 scatter panels
gene_point	ENSG00000137992	DBT	-0.896939702625239	-0.430120825711107	-0.0464637464446333					point used in Figure 2 scatter panels
gene_point	ENSG00000100994	PYGB	0.15809140832931	0.324916050492142	0.0834172115474451					point used in Figure 2 scatter panels
gene_point	ENSG00000006451	RALA	-0.136246121539824	0.0658218426910741	-0.1434915602742847					point used in Figure 2 scatter panels
gene_point	ENSG00000144118	RALB	0.135250892360215	-0.0871481484574479	-0.217942708858196					point used in Figure 2 scatter panels
gene_point	ENSG00000186716	BCR	0.275294800948064	-0.766330688445124	-0.4206099584340972					point used in Figure 2 scatter panels
gene_point	ENSG00000185896	LAMP1	0.263187843115011	0.48282952548802	-0.095304366497757					point used in Figure 2 scatter panels
gene_point	ENSG00000117054	ACADM	-0.0907459393290065	0.309465706945994	0.0885206048774875					point used in Figure 2 scatter panels
gene_point	ENSG00000198900	TOP1	0.326193256029982	0.848793192877958	-0.1770025343715104					point used in Figure 2 scatter panels
gene_point	ENSG00000131747	TOP2A	-0.411831473050866	-0.0337892958836924	-0.2769329258328206					point used in Figure 2 scatter panels
gene_point	ENSG00000160211	G6PD	0.281162453955214	0.519413057845543	0.2136662385703118					point used in Figure 2 scatter panels
gene_point	ENSG00000102178	UBL4A	-0.254307199993858	-0.663680720640263	0.1397254968053722					point used in Figure 2 scatter panels
gene_point	ENSG00000173153	ESRRA	-0.328881589235137	-1.31511624281144	-0.3593390530307534					point used in Figure 2 scatter panels
gene_point	ENSG00000173599	PC	0.0020424398965501	0.311489626060906	0.1979528847648524					point used in Figure 2 scatter panels
gene_point	ENSG00000100714	MTHFD1	0.0706764397947783	0.383761089080461	0.0572280567954379					point used in Figure 2 scatter panels
gene_point	ENSG00000197081	IGF2R	0.302486790638396	0.409101673896683	-0.83015041406113					point used in Figure 2 scatter panels
gene_point	ENSG00000197894	ADH5	-0.103812008374948	0.0913060538749957	0.1600710796264728					point used in Figure 2 scatter panels
gene_point	ENSG00000135446	CDK4	0.0253544366039363	-0.159540698156179	-0.3311681245973012					point used in Figure 2 scatter panels
gene_point	ENSG00000101911	PRPS2	0.0483101384981439	0.213445925832123	0.1418365574127271					point used in Figure 2 scatter panels
gene_point	ENSG00000070756	PABPC1	0.28949990553526	-0.451335970187564	-0.0464433534958246					point used in Figure 2 scatter panels
gene_point	ENSG00000132646	PCNA	0.576456355459689	1.04618914654587	-0.0069990959918513					point used in Figure 2 scatter panels
gene_point	ENSG00000111775	COX6A1	0.488551594960031	0.443619939049027	0.1607214275422279					point used in Figure 2 scatter panels
gene_point	ENSG00000151729	SLC25A4	0.245545311338714	0.0135311851240206	-0.187982568456352					point used in Figure 2 scatter panels
gene_point	ENSG00000178035	IMPDH2	0.187121286803957	0.409343070714491	0.2196116786943847					point used in Figure 2 scatter panels
gene_point	ENSG00000047410	TPR	-0.515420785203712	0.234641623368437	0.1047500630494582					point used in Figure 2 scatter panels
gene_point	ENSG00000166165	CKB	0.422571910692282	0.372440595864826	-0.4037029293770295					point used in Figure 2 scatter panels
gene_point	ENSG00000138772	ANXA3	0.434957330737515	0.582775133958032	0.2101947579853025					point used in Figure 2 scatter panels
gene_point	ENSG00000223572	CKMT1A	0.174735420570128	1.3401668202262	-0.0074946068629984					point used in Figure 2 scatter panels
gene_point	ENSG00000248098	BCKDHA	0.0700840417945665	0.34851737917404	-0.1493848247562432					point used in Figure 2 scatter panels
gene_point	ENSG00000072110	ACTN1	0.0465408401405619	0.289394323358424	0.0628833443962264					point used in Figure 2 scatter panels
gene_point	ENSG00000039068	CDH1	0.345720755080579	0.350971358318608	-0.2862402989608412					point used in Figure 2 scatter panels
gene_point	ENSG00000124299	PEPD	0.206402938795176	0.300511001243019	0.063087872930069					point used in Figure 2 scatter panels
gene_point	ENSG00000196419	XRCC6	0.17952544254887	0.485243826189825	-0.1280822582352918					point used in Figure 2 scatter panels
gene_point	ENSG00000079246	XRCC5	0.0644237407980009	0.424544802406834	0.0977761324931698					point used in Figure 2 scatter panels
gene_point	ENSG00000076248	UNG	0.523941087257077	0.678870919584954	-0.2331155162331253					point used in Figure 2 scatter panels
gene_point	ENSG00000131143	COX4I1	0.268511286912036	0.303838388568867	-0.0407780160615267					point used in Figure 2 scatter panels
gene_point	ENSG00000185885	IFITM1	0.315309296005829	0.819702855277115	-0.5720714015641661					point used in Figure 2 scatter panels
gene_point	ENSG00000005893	LAMP2	0.0781475909550807	0.622551989883811	-0.1759645642742136					point used in Figure 2 scatter panels
gene_point	ENSG00000167658	EEF2	0.390835808043193	0.53394265768904	0.0691276732484205					point used in Figure 2 scatter panels
gene_point	ENSG00000186395	KRT10	0.153550254628596	-0.144678951481536	0.7606148482166333					point used in Figure 2 scatter panels
gene_point	ENSG00000186081	KRT5	0.0619488223414635	0.435266967928123	-0.0462929191801073					point used in Figure 2 scatter panels
gene_point	ENSG00000155660	PDIA4	0.320485926005365	0.361745022055247	0.0172113516976395					point used in Figure 2 scatter panels
gene_point	ENSG00000122884	P4HA1	0.37888871412649	0.593965607291311	-0.1993365629078525					point used in Figure 2 scatter panels
gene_point	ENSG00000079385	CEACAM1	0.33724459653737	-0.0985389317529996	-0.0569696870276317					point used in Figure 2 scatter panels
gene_point	ENSG00000133112	TPT1	0.513037437298843	0.118416304786207	0.0977586242778123					point used in Figure 2 scatter panels
gene_point	ENSG00000148218	ALAD	0.142567128769922	0.116284779487927	0.0342785595306622					point used in Figure 2 scatter panels
gene_point	ENSG00000117525	F3	0.784487773784004	1.12142624194772	0.6407112754030866					point used in Figure 2 scatter panels
gene_point	ENSG00000102024	PLS3	0.175378876555872	0.652392075254741	0.0984853304443511					point used in Figure 2 scatter panels
gene_point	ENSG00000164062	APEH	0.112055688141179	0.34012878745701	0.0290233953457672					point used in Figure 2 scatter panels
gene_point	ENSG00000140374	ETFA	0.213345958034447	0.178618349487559	0.2352523938112547					point used in Figure 2 scatter panels
gene_point	ENSG00000104812	GYS1	0.113563486832355	0.400546995911415	-0.0236962371202409					point used in Figure 2 scatter panels
gene_point	ENSG00000114302	PRKAR2A	0.021282717861641	-0.175908107394523	-0.0354475979451756					point used in Figure 2 scatter panels
gene_point	ENSG00000188342	GTF2F2	0.0807678057736022	0.254947440992168	0.0807350484910998					point used in Figure 2 scatter panels
gene_point	ENSG00000085063	CD59	0.0905021583691798	0.26934185107251	0.3598111812296203					point used in Figure 2 scatter panels
gene_point	ENSG00000065911	MTHFD2	0.337478243984385	0.587003482719063	0.4111971601466084					point used in Figure 2 scatter panels
gene_point	ENSG00000130175	PRKCSH	0.191377315277028	0.472274259621996	0.2484022486549086					point used in Figure 2 scatter panels
gene_point	ENSG00000160752	FDPS	0.194513091530598	0.413042804175971	-0.2044962610999725					point used in Figure 2 scatter panels
gene_point	ENSG00000112695	COX7A2	0.236294747818124	0.308389302236077	0.1156443018420638					point used in Figure 2 scatter panels
gene_point	ENSG00000117448	AKR1A1	0.239311353333468	0.405002522292155	0.035482434072847					point used in Figure 2 scatter panels
gene_point	ENSG00000067225	PKM	0.350941865152479	0.733230590016684	0.1596059664761426					point used in Figure 2 scatter panels
gene_point	ENSG00000166598	HSP90B1	0.165505929596208	0.467370854534915	0.1137338328670267					point used in Figure 2 scatter panels
gene_point	ENSG00000134057	CCNB1	-0.176530493645815	0.0913053600628196	-0.2251344851158023					point used in Figure 2 scatter panels
gene_point	ENSG00000196465	MYL6B	0.289506175944698	-0.363691943642975	0.3777319582369323					point used in Figure 2 scatter panels
gene_point	ENSG00000119912	IDE	-0.317256895697928	0.206265126080957	0.0555801898779897					point used in Figure 2 scatter panels
gene_point	ENSG00000126267	COX6B1	0.365484745032789	0.338206131849468	0.1454919892223145					point used in Figure 2 scatter panels
gene_point	ENSG00000143190	POU2F1	-0.157013685517829	0.2577901443347	0.0171528430627603					point used in Figure 2 scatter panels
gene_point	ENSG00000173801	JUP	0.398972098153683	0.786201376833955	-0.1241799763111224					point used in Figure 2 scatter panels
gene_point	ENSG00000156467	UQCRB	0.212141880566337	0.361765336458462	0.1409982962433815					point used in Figure 2 scatter panels
gene_point	ENSG00000135821	GLUL	0.288521730253616	0.790029260312538	0.0878973684058266					point used in Figure 2 scatter panels
gene_point	ENSG00000085662	AKR1B1	1.02150061172235	1.39201779056907	1.6645819217602025					point used in Figure 2 scatter panels
gene_point	ENSG00000073008	PVR	0.249989931287189	0.302666433846471	-0.0625576038255459					point used in Figure 2 scatter panels
gene_point	ENSG00000128340	RAC2	-0.0443550816095723	-0.256768300280279	-0.2451260855974197					point used in Figure 2 scatter panels
gene_point	ENSG00000103342	GSPT1	0.477228905191474	0.872360876940233	0.4012087801394095					point used in Figure 2 scatter panels
gene_point	ENSG00000027697	IFNGR1	-0.184088420314053	0.062572136950826	-0.3532770635831355					point used in Figure 2 scatter panels
gene_point	ENSG00000092820	EZR	0.541354578231371	0.97476199896244	0.0407408404437639					point used in Figure 2 scatter panels
gene_point	ENSG00000115966	ATF2	0.582169845971499	0.873165480605647	-0.8473457598590546					point used in Figure 2 scatter panels
gene_point	ENSG00000118939	UCHL3	0.0715092702026645	-0.0005582924550879	0.0839107595504664					point used in Figure 2 scatter panels
gene_point	ENSG00000075426	FOSL2	1.06863433431103	1.59147543234685	0.2483674908790192					point used in Figure 2 scatter panels
gene_point	ENSG00000117335	CD46	0.375082896808861	0.838808166488731	-0.1019961768534436					point used in Figure 2 scatter panels
gene_point	ENSG00000181019	NQO1	0.0460894499056237	0.207224668658676	0.1445200691171102					point used in Figure 2 scatter panels
gene_point	ENSG00000135677	GNS	0.0711819230212365	0.298559910108304	-0.351064808680519					point used in Figure 2 scatter panels
gene_point	ENSG00000096696	DSP	-0.0535303671076677	0.0596634302092404	-0.1740131283780535					point used in Figure 2 scatter panels
gene_point	ENSG00000117748	RPA2	0.037534417959337	0.022129019019652	0.0384284573656152					point used in Figure 2 scatter panels
gene_point	ENSG00000185499	MUC1	-0.0284395608291345	-0.644301754062783	0.5294094581722302					point used in Figure 2 scatter panels
gene_point	ENSG00000127184	COX7C	0.377101158075741	0.384853930684165	0.0777628261379135					point used in Figure 2 scatter panels
gene_point	ENSG00000026508	CD44	0.191071723667216	0.569188175984639	-0.1347686003675541					point used in Figure 2 scatter panels
gene_point	ENSG00000124588	NQO2	-0.0545436253201654	-0.246646934738342	-0.1839996048938186					point used in Figure 2 scatter panels
gene_point	ENSG00000132470	ITGB4	0.218860105107474	0.178942018411089	-0.020687815855787					point used in Figure 2 scatter panels
gene_point	ENSG00000159228	CBR1	-0.182307707344688	-0.20979962328235	-0.0148271584745387					point used in Figure 2 scatter panels
gene_point	ENSG00000118260	CREB1	-0.318390771848015	-0.0114157489143053	-0.1771861439204798					point used in Figure 2 scatter panels
gene_point	ENSG00000170266	GLB1	0.0617420391678535	0.0993677261252566	-0.1458293225273905					point used in Figure 2 scatter panels
gene_point	ENSG00000158092	NCK1	-0.415223071799571	-0.238429565442349	-0.0545677007031191					point used in Figure 2 scatter panels
gene_point	ENSG00000127948	POR	0.274105910826955	0.559093783877751	0.0668590432562901					point used in Figure 2 scatter panels
gene_point	ENSG00000170430	MGMT	0.272183305102092	0.447184682729017	-0.0067621675999589					point used in Figure 2 scatter panels
gene_point	ENSG00000174437	ATP2A2	0.508675321190748	0.754144400782007	-0.1798571572446938					point used in Figure 2 scatter panels
gene_point	ENSG00000117632	STMN1	0.557201619690226	0.822223887411742	0.0170611996066938					point used in Figure 2 scatter panels
gene_point	ENSG00000060138	YBX3	0.323027227522966	-0.665390862537809	-0.13414269104533					point used in Figure 2 scatter panels
gene_point	ENSG00000106261	ZKSCAN1	-1.46062575981542	-1.65150070316898	-0.4529498623816916					point used in Figure 2 scatter panels
gene_point	ENSG00000173110	HSPA6	-5.70026343395205	-0.387751881071134	-0.8271504220789865					point used in Figure 2 scatter panels
gene_point	ENSG00000137309	HMGA1	0.359309463510009	0.372992161834936	-0.3965011409660093					point used in Figure 2 scatter panels
gene_point	ENSG00000178307	TMEM11	0.75825128520865	0.695187469906408	0.3827493908462394					point used in Figure 2 scatter panels
gene_point	ENSG00000120053	GOT1	-0.0452322623960631	0.355641128270383	0.1175513881241272					point used in Figure 2 scatter panels
gene_point	ENSG00000171223	JUNB	1.47974551348903	2.13832687732023	-0.2709282556493289					point used in Figure 2 scatter panels
gene_point	ENSG00000164171	ITGA2	-0.264892189254216	0.439198028044356	-0.0591440901630448					point used in Figure 2 scatter panels
gene_point	ENSG00000108312	UBTF	-0.357507165341497	-0.682666663165735	-0.0552889687294957					point used in Figure 2 scatter panels
gene_point	ENSG00000130522	JUND	0.867393821623654	-0.291514341786239	-0.2305775178799347					point used in Figure 2 scatter panels
gene_point	ENSG00000099795	NDUFB7	0.239172813471232	-0.0194456480445827	-0.2253365393763431					point used in Figure 2 scatter panels
gene_point	ENSG00000162909	CAPN2	0.19800959632265	0.0209661263852859	0.0842967167455484					point used in Figure 2 scatter panels
gene_point	ENSG00000175354	PTPN2	0.199755675493767	0.0414928856915038	-0.2973573139056995					point used in Figure 2 scatter panels
gene_point	ENSG00000171793	CTPS1	-0.149853855783208	0.0666424145513097	0.1329480333876418					point used in Figure 2 scatter panels
gene_point	ENSG00000108654	DDX5	0.588484082008545	1.14102506514261	0.1632702390913394					point used in Figure 2 scatter panels
gene_point	ENSG00000141959	PFKL	0.322325339371069	0.293079683608532	-0.1423919792711139					point used in Figure 2 scatter panels
gene_point	ENSG00000196743	GM2A	0.0022105187495819	0.429760891518663	0.3052182214408674					point used in Figure 2 scatter panels
gene_point	ENSG00000131981	LGALS3	0.223047469716326	0.326896186454771	-0.0440270626352301					point used in Figure 2 scatter panels
gene_point	ENSG00000146674	IGFBP3	3.10138895429974	3.92218129289351	-0.3209044516872836					point used in Figure 2 scatter panels
gene_point	ENSG00000165916	PSMC3	0.0372076021665211	0.271016300439087	0.1499198391962934					point used in Figure 2 scatter panels
gene_point	ENSG00000120438	TCP1	0.16244622816656	0.0576385375641572	0.1522531054169356					point used in Figure 2 scatter panels
gene_point	ENSG00000196396	PTPN1	-0.0809427722306561	0.0927955206073106	-0.0638168903819114					point used in Figure 2 scatter panels
gene_point	ENSG00000182899	RPL35A	0.416315632861956	0.381779041560403	0.0439827232881917					point used in Figure 2 scatter panels
gene_point	ENSG00000082781	ITGB5	0.359870272666904	-0.0048222333577268	0.1088863784763525					point used in Figure 2 scatter panels
gene_point	ENSG00000168374	ARF4	0.601657672651888	0.850352074472331	-0.0012893989451114					point used in Figure 2 scatter panels
gene_point	ENSG00000147604	RPL7	0.288038936301306	0.821655798037746	0.0867387628411293					point used in Figure 2 scatter panels
gene_point	ENSG00000035403	VCL	0.187807945017159	0.482746414837233	-0.0113167421022382					point used in Figure 2 scatter panels
gene_point	ENSG00000171428	NAT1	-0.996921874747811	-1.09888024277046	0.1395815229141312					point used in Figure 2 scatter panels
gene_point	ENSG00000136689	IL1RN	2.21389179936202	1.22085734516158	0.684534332927182					point used in Figure 2 scatter panels
gene_point	ENSG00000115221	ITGB6	1.6226105033368	0.642623838523279	0.0746794430696162					point used in Figure 2 scatter panels
gene_point	ENSG00000159140	SON	0.202336648102183	0.417328221251994	0.1616038967286819					point used in Figure 2 scatter panels
gene_point	ENSG00000265681	RPL17	0.160411943729095	-0.372975515432579	0.137674142730475					point used in Figure 2 scatter panels
gene_point	ENSG00000171314	PGAM1	0.35315434794731	1.51912557636512	0.0186226899774801					point used in Figure 2 scatter panels
gene_point	ENSG00000180198	RCC1	0.427584674109683	0.214215541180614	-0.1105427879542659					point used in Figure 2 scatter panels
gene_point	ENSG00000115884	SDC1	0.0844017345676769	0.285696698882405	-0.5684100502041929					point used in Figure 2 scatter panels
gene_point	ENSG00000105486	LIG1	-0.101693646810405	0.277988341076939	-0.2075082231227512					point used in Figure 2 scatter panels
gene_point	ENSG00000073050	XRCC1	-0.16983502511897	-0.425146625690258	0.186651673643329					point used in Figure 2 scatter panels
gene_point	ENSG00000171346	KRT15	0.0809476191073261	0.235308184136067	-0.1148133080174851					point used in Figure 2 scatter panels
gene_point	ENSG00000170558	CDH2	0.506652028836036	0.743460128174109	-0.0970204051045797					point used in Figure 2 scatter panels
gene_point	ENSG00000116815	CD58	0.121791849129821	0.265286500093399	-0.1543803270701609					point used in Figure 2 scatter panels
gene_point	ENSG00000156515	HK1	0.247879101358491	0.484096964906948	-0.0218396884102105					point used in Figure 2 scatter panels
gene_point	ENSG00000102978	POLR2C	0.213780718833071	0.270882794730596	0.0932768802106309					point used in Figure 2 scatter panels
gene_point	ENSG00000099817	POLR2E	0.260952294383293	0.256851404461404	0.0749275810314706					point used in Figure 2 scatter panels
gene_point	ENSG00000178127	NDUFV2	0.196231188202859	0.169404504117733	0.1001238657846954					point used in Figure 2 scatter panels
gene_point	ENSG00000163161	ERCC3	-0.332721083820825	0.131022580311478	-0.5022230702259183					point used in Figure 2 scatter panels
gene_point	ENSG00000132109	TRIM21	-0.971501749784388	-1.12995207693343	0.2053122157092204					point used in Figure 2 scatter panels
gene_point	ENSG00000055332	EIF2AK2	-0.465339191706968	-0.322383015240403	0.0636228749923262					point used in Figure 2 scatter panels
gene_point	ENSG00000116649	SRM	-0.0808088352502835	-1.04610046304202	-0.0424077839984917					point used in Figure 2 scatter panels
gene_point	ENSG00000090020	SLC9A1	0.220624803854059	0.171730614860107	-0.1278759783581851					point used in Figure 2 scatter panels
gene_point	ENSG00000070770	CSNK2A2	0.0081464209272431	-0.114772117105636	-0.0548190361361697					point used in Figure 2 scatter panels
gene_point	ENSG00000186350	RXRA	0.002101526964391	-1.01406881869909	-0.285782165390593					point used in Figure 2 scatter panels
gene_point	ENSG00000109320	NFKB1	0.152661957109842	0.170684086205776	0.009906310577481					point used in Figure 2 scatter panels
gene_point	ENSG00000025708	TYMP	0.134364937837121	-0.15952782583247	-0.1423885911538036					point used in Figure 2 scatter panels
gene_point	ENSG00000070961	ATP2B1	-0.353993930995182	-0.0561312914941834	-0.2001424129909885					point used in Figure 2 scatter panels
gene_point	ENSG00000125977	EIF2S2	-0.0144373867949623	0.290432778517516	0.0058816754198254					point used in Figure 2 scatter panels
gene_point	ENSG00000138279	ANXA7	0.0227966241020422	0.216165761850227	0.0620781495500786					point used in Figure 2 scatter panels
gene_point	ENSG00000145741	BTF3	0.276601590829508	0.288694759670629	0.2542026073705727					point used in Figure 2 scatter panels
gene_point	ENSG00000144566	RAB5A	0.0135284541813827	0.173950116191757	-0.1931633134450692					point used in Figure 2 scatter panels
gene_point	ENSG00000175582	RAB6A	-0.0306205912025388	0.339732018393111	-0.1841169725779892					point used in Figure 2 scatter panels
gene_point	ENSG00000003056	M6PR	0.018042520873398	0.0387290480939608	0.0352648759966669					point used in Figure 2 scatter panels
gene_point	ENSG00000178741	COX5A	0.270483143134485	0.246655619131943	0.1284675490903879					point used in Figure 2 scatter panels
gene_point	ENSG00000113368	LMNB1	-0.363846853032634	-0.0595765564308245	0.1205865009994298					point used in Figure 2 scatter panels
gene_point	ENSG00000106348	IMPDH1	0.099310264115333	-0.130643279374098	0.0129619651547656					point used in Figure 2 scatter panels
gene_point	ENSG00000145715	RASA1	-0.225025813154831	-0.388390663655033	-0.2971368817968347					point used in Figure 2 scatter panels
gene_point	ENSG00000159335	PTMS	0.30987863372526	0.144232146953689	0.1032368580842941					point used in Figure 2 scatter panels
gene_point	ENSG00000134202	GSTM3	0.385186666996209	0.332549345269341	0.0040136155487857					point used in Figure 2 scatter panels
gene_point	ENSG00000147416	ATP6V1B2	-0.195293149166707	0.179229750433912	0.0731460003011079					point used in Figure 2 scatter panels
gene_point	ENSG00000155097	ATP6V1C1	-0.271112577050978	-0.214222477981821	-0.0997957165658185					point used in Figure 2 scatter panels
gene_point	ENSG00000159176	CSRP1	0.195596660262719	0.331329386284962	0.165421993893446					point used in Figure 2 scatter panels
gene_point	ENSG00000196924	FLNA	0.162687289830423	0.33767473883645	0.1219836912778618					point used in Figure 2 scatter panels
gene_point	ENSG00000196712	NF1	-0.287144356921576	-0.0017251454677729	-0.6318128132135232					point used in Figure 2 scatter panels
gene_point	ENSG00000189221	MAOA	0.0246456161863389	0.172772889085399	-0.0753620522817328					point used in Figure 2 scatter panels
gene_point	ENSG00000122729	ACO1	0.141249201066991	0.443287099379839	-0.0413680229857291					point used in Figure 2 scatter panels
gene_point	ENSG00000049130	KITLG	0.619230747479379	1.38311764087438	0.1595695469928557					point used in Figure 2 scatter panels
gene_point	ENSG00000135318	NT5E	0.478231807983726	0.84663985766981	-0.4333213290882618					point used in Figure 2 scatter panels
gene_point	ENSG00000110492	MDK	0.259738302596382	0.249138762447906	-2.068083534623975					point used in Figure 2 scatter panels
gene_point	ENSG00000213585	VDAC1	0.14542604220431	0.23494516924734	0.1038341702132186					point used in Figure 2 scatter panels
gene_point	ENSG00000117118	SDHB	0.280875526693921	0.313460916142227	0.1287689541238919					point used in Figure 2 scatter panels
gene_point	ENSG00000010278	CD9	0.254643964326166	0.637181723687284	-0.2494435640664107					point used in Figure 2 scatter panels
gene_point	ENSG00000083123	BCKDHB	0.16135242856392	0.48286842069277	0.1522808061832847					point used in Figure 2 scatter panels
gene_point	ENSG00000093010	COMT	0.285827099409452	0.27409973458765	0.1146072239002897					point used in Figure 2 scatter panels
gene_point	ENSG00000110048	OSBP	0.0916859347783161	0.421280932704896	-0.107064075617945					point used in Figure 2 scatter panels
gene_point	ENSG00000120265	PCMT1	0.325780343023673	0.538970223379027	0.1420994355225708					point used in Figure 2 scatter panels
gene_point	ENSG00000062038	CDH3	0.0625649097939859	0.302877173944389	-0.3834651934227118					point used in Figure 2 scatter panels
gene_point	ENSG00000128050	PAICS	0.0870413120942181	0.371750559723076	0.0127589277643878					point used in Figure 2 scatter panels
gene_point	ENSG00000116171	SCP2	0.0079074450261069	0.212682822137262	0.3228296059844346					point used in Figure 2 scatter panels
gene_point	ENSG00000130985	UBA1	0.115784036520385	0.51063039715985	0.0476123614111863					point used in Figure 2 scatter panels
gene_point	ENSG00000243678	NME2	0.704255241625738	0.584000789909235	-0.0319026011082357					point used in Figure 2 scatter panels
gene_point	ENSG00000161513	FDXR	0.103560425047854	0.262215850955429	-0.0308274278654501					point used in Figure 2 scatter panels
gene_point	ENSG00000122566	HNRNPA2B1	0.215468443174498	0.526316966395313	0.1791572642546519					point used in Figure 2 scatter panels
gene_point	ENSG00000110395	CBL	0.433907577815085	0.707151728164346	-0.2984570362274343					point used in Figure 2 scatter panels
gene_point	ENSG00000140740	UQCRC2	0.102560304462574	0.324558133676068	0.0665191184310991					point used in Figure 2 scatter panels
gene_point	ENSG00000066926	FECH	0.0769389161246025	-0.0079426689234925	0.0275657386179695					point used in Figure 2 scatter panels
gene_point	ENSG00000136936	XPA	-0.0724019194752884	-0.448292558372946	-0.2893887934990999					point used in Figure 2 scatter panels
gene_point	ENSG00000187735	TCEA1	0.0672878377851039	0.40219413231159	-0.1427802380870453					point used in Figure 2 scatter panels
gene_point	ENSG00000091409	ITGA6	0.395827337845498	0.562364342607446	0.1893477225731743					point used in Figure 2 scatter panels
gene_point	ENSG00000116560	SFPQ	0.0647608163499487	0.492122071487323	0.0649888843710364					point used in Figure 2 scatter panels
gene_point	ENSG00000131462	TUBG1	0.0972405128356535	0.0398136785896035	0.0437047543272868					point used in Figure 2 scatter panels
gene_point	ENSG00000166794	PPIB	0.247315025432758	0.481939351952929	0.0255700713953004					point used in Figure 2 scatter panels
gene_point	ENSG00000082212	ME2	0.0864197796900911	-0.244098471097599	-0.0514583646336888					point used in Figure 2 scatter panels
gene_point	ENSG00000149273	RPS3	0.237901184553617	0.263241485555894	0.0021298314917288					point used in Figure 2 scatter panels
gene_point	ENSG00000067066	SP100	-0.099684374986552	-0.0286954107381376	0.0671503809874707					point used in Figure 2 scatter panels
gene_point	ENSG00000101444	AHCY	0.245598103846837	0.366751657419182	0.0497170699185005					point used in Figure 2 scatter panels
gene_point	ENSG00000172757	CFL1	0.404890898837597	0.673603398536369	0.3004517574694212					point used in Figure 2 scatter panels
gene_point	ENSG00000063046	EIF4B	0.283782595106773	0.475872172523816	0.0018766220826691					point used in Figure 2 scatter panels
gene_point	ENSG00000058668	ATP2B4	0.113982556305184	0.382392558505899	-0.2343374711851638					point used in Figure 2 scatter panels
gene_point	ENSG00000065357	DGKA	-0.274531193403809	-0.177749981543506	0.0117444635905599					point used in Figure 2 scatter panels
gene_point	ENSG00000157184	CPT2	-1.54126070012784	-1.81357415873037	-0.1641425071407489					point used in Figure 2 scatter panels
gene_point	ENSG00000168393	DTYMK	0.145886053058104	0.0835453454160024	0.0805007009869669					point used in Figure 2 scatter panels
gene_point	ENSG00000167325	RRM1	-0.0075423305407647	0.277601919535517	-0.6866137342640286					point used in Figure 2 scatter panels
gene_point	ENSG00000167779	IGFBP6	0.221483496995428	0.363623744440702	2.012657317723857					point used in Figure 2 scatter panels
gene_point	ENSG00000143727	ACP1	0.253373408950461	0.107586046231551	0.0185927833749133					point used in Figure 2 scatter panels
gene_point	ENSG00000075239	ACAT1	0.210190089866392	0.378106463896601	0.1369222321690451					point used in Figure 2 scatter panels
gene_point	ENSG00000101335	MYL9	0.244489376011861	-0.342502549685723	-0.041199116225691					point used in Figure 2 scatter panels
gene_point	ENSG00000123374	CDK2	0.597973318353565	0.878255103434111	0.1982266424620107					point used in Figure 2 scatter panels
gene_point	ENSG00000112118	MCM3	0.197110117537932	0.596235808115216	-0.104610099655197					point used in Figure 2 scatter panels
gene_point	ENSG00000128309	MPST	0.0720426485645313	-0.346827273252218	0.2414663201533926					point used in Figure 2 scatter panels
gene_point	ENSG00000112306	RPS12	0.467039299583476	-0.644090197484996	0.1186564080625736					point used in Figure 2 scatter panels
gene_point	ENSG00000100811	YY1	0.772129032297109	0.776857002911148	-0.1855966463194107					point used in Figure 2 scatter panels
gene_point	ENSG00000132002	DNAJB1	0.669365688956822	1.14585082542069	0.0946199895848245					point used in Figure 2 scatter panels
gene_point	ENSG00000135924	DNAJB2	0.480995834772723	0.391069172234349	0.3904121816036916					point used in Figure 2 scatter panels
gene_point	ENSG00000129084	PSMA1	0.106214758355083	0.249005046618303	0.0528624751316044					point used in Figure 2 scatter panels
gene_point	ENSG00000106588	PSMA2	0.164983837111389	0.444244484901099	-0.0226677655966867					point used in Figure 2 scatter panels
gene_point	ENSG00000100567	PSMA3	0.205722036335716	0.431282948221513	0.1742801389431605					point used in Figure 2 scatter panels
gene_point	ENSG00000041357	PSMA4	0.0886736442433393	0.322432764585581	0.1235898816733183					point used in Figure 2 scatter panels
gene_point	ENSG00000005884	ITGA3	0.240356531478769	0.239503724353344	-0.0683352137951054					point used in Figure 2 scatter panels
gene_point	ENSG00000147065	MSN	0.160197624793491	0.630731011220697	-0.0056815804557679					point used in Figure 2 scatter panels
gene_point	ENSG00000070159	PTPN3	-0.521270285676994	-0.98241780237072	-0.0149720947719629					point used in Figure 2 scatter panels
gene_point	ENSG00000110367	DDX6	0.0627081559398374	0.715259266257549	-0.2425924625338922					point used in Figure 2 scatter panels
gene_point	ENSG00000130816	DNMT1	0.11442579825395	0.48449031297042	-0.5105975916667553					point used in Figure 2 scatter panels
gene_point	ENSG00000063244	U2AF2	0.255618212203255	0.495665303420562	0.0471018376233516					point used in Figure 2 scatter panels
gene_point	ENSG00000167526	RPL13	0.348881026422923	0.250705890827091	0.2738241990338323					point used in Figure 2 scatter panels
gene_point	ENSG00000128928	IVD	-0.410320338361316	0.0893090238393549	-0.034423167463359					point used in Figure 2 scatter panels
gene_point	ENSG00000196154	S100A4	1.32393907833334	1.42519556476419	1.3257730948056086					point used in Figure 2 scatter panels
gene_point	ENSG00000131446	MGAT1	-0.247585768020337	-0.555904753622747	-0.667396092139283					point used in Figure 2 scatter panels
gene_point	ENSG00000164104	HMGB2	-0.0290609634084155	0.0855231980858599	0.0092221976696293					point used in Figure 2 scatter panels
gene_point	ENSG00000011304	PTBP1	0.507623003337626	0.914979411314397	0.0366207507778035					point used in Figure 2 scatter panels
gene_point	ENSG00000254772	EEF1G	0.27444918776086	0.310894443146307	0.0441357006183977					point used in Figure 2 scatter panels
gene_point	ENSG00000173486	FKBP2	0.420707750554141	0.262002524511468	0.2794668893647483					point used in Figure 2 scatter panels
gene_point	ENSG00000162433	AK4	-0.127182312295255	0.199240142811226	0.1009939114522175					point used in Figure 2 scatter panels
gene_point	ENSG00000134308	YWHAQ	0.249645388763156	0.371594771132889	0.0857994018890622					point used in Figure 2 scatter panels
gene_point	ENSG00000102882	MAPK3	0.231809442496931	-0.0406939668761774	0.1453519779414342					point used in Figure 2 scatter panels
gene_point	ENSG00000075413	MARK3	0.309607728647492	-0.147241649129456	0.0013331912498486					point used in Figure 2 scatter panels
gene_point	ENSG00000185883	ATP6V0C	0.326072109149182	0.572462727975922	-0.1614809414220666					point used in Figure 2 scatter panels
gene_point	ENSG00000143437	ARNT	-0.546375546197122	-0.757622679708958	-0.2805148467203686					point used in Figure 2 scatter panels
gene_point	ENSG00000147403	RPL10	0.239222829688946	-0.0679075860513477	0.0901231100764761					point used in Figure 2 scatter panels
gene_point	ENSG00000132383	RPA1	0.0742867969771038	0.283775306317919	-0.0852888953356227					point used in Figure 2 scatter panels
gene_point	ENSG00000156136	DCK	-0.24467285008634	-0.112849297621056	-0.2280930434612464					point used in Figure 2 scatter panels
gene_point	ENSG00000084774	CAD	-0.12315279627881	-0.20541502674656	0.0142370150221857					point used in Figure 2 scatter panels
gene_point	ENSG00000179218	CALR	0.400474017932133	0.563888925785274	0.0889605943707323					point used in Figure 2 scatter panels
gene_point	ENSG00000047849	MAP4	0.0600921580077357	0.287436267441689	-0.3873997483636451					point used in Figure 2 scatter panels
gene_point	ENSG00000143106	PSMA5	0.148112025643214	0.336474616469158	0.0907340309955238					point used in Figure 2 scatter panels
gene_point	ENSG00000159377	PSMB4	0.185143804069958	0.362669917495224	-0.0719182506340843					point used in Figure 2 scatter panels
gene_point	ENSG00000142507	PSMB6	0.216724730605707	0.280273440182278	0.0749923479296263					point used in Figure 2 scatter panels
gene_point	ENSG00000100804	PSMB5	0.153506279856759	0.4701768864972	-0.00726079558018					point used in Figure 2 scatter panels
gene_point	ENSG00000117528	ABCD3	-0.0512625558845563	0.0981062898982724	-0.0496943193879637					point used in Figure 2 scatter panels
gene_point	ENSG00000062822	POLD1	0.183434816317853	0.161249256577379	-0.1656473015521058					point used in Figure 2 scatter panels
gene_point	ENSG00000187079	TEAD1	0.29117050958159	0.815454658838203	0.2829406886610304					point used in Figure 2 scatter panels
gene_point	ENSG00000102038	SMARCA1	0.487977677952136	0.979341899758462	-0.2335232474306785					point used in Figure 2 scatter panels
gene_point	ENSG00000100030	MAPK1	0.019531511880606	0.0813166026172206	-0.0733010512203797					point used in Figure 2 scatter panels
gene_point	ENSG00000134899	ERCC5	-0.85402492366682	0.0165514252056606	-0.2580812881269221					point used in Figure 2 scatter panels
gene_point	ENSG00000030582	GRN	0.297582174579233	0.646293992516685	0.200538721817125					point used in Figure 2 scatter panels
gene_point	ENSG00000002549	LAP3	0.0476519786179393	0.332294119663973	0.0939306923108489					point used in Figure 2 scatter panels
gene_point	ENSG00000196754	S100A2	0.328709484108005	0.425139605530464	0.3052046720447414					point used in Figure 2 scatter panels
gene_point	ENSG00000153767	GTF2E1	-1.84763576310722	-1.53066631314725	0.051955922924769					point used in Figure 2 scatter panels
gene_point	ENSG00000197265	GTF2E2	0.278499291109726	-0.196509949551935	-0.420935812831452					point used in Figure 2 scatter panels
gene_point	ENSG00000134900	TPP2	-0.139942860846067	0.372830064725359	0.0418640845761473					point used in Figure 2 scatter panels
gene_point	ENSG00000133731	IMPA1	-0.289750922481496	0.032703472622739	0.1078526261623267					point used in Figure 2 scatter panels
gene_point	ENSG00000133216	EPHB2	0.211383427115078	-0.196712678394184	-0.4707097075572868					point used in Figure 2 scatter panels
gene_point	ENSG00000111679	PTPN6	0.0147184557590436	-0.144692710886984	-0.0987501229846863					point used in Figure 2 scatter panels
gene_point	ENSG00000160691	SHC1	0.280930219292275	0.375405725233351	-0.4574220747112232					point used in Figure 2 scatter panels
gene_point	ENSG00000103152	MPG	0.203411965030887	-0.163952016722992	-0.1605047329193301					point used in Figure 2 scatter panels
gene_point	ENSG00000143320	CRABP2	0.937570124871887	1.15979226463966	-0.1762858541208629					point used in Figure 2 scatter panels
gene_point	ENSG00000163931	TKT	0.198054566316456	0.510876912814072	0.2558325226429971					point used in Figure 2 scatter panels
gene_point	ENSG00000137752	CASP1	0.0482220200129645	0.23803099619403	-0.0823219380664745					point used in Figure 2 scatter panels
gene_point	ENSG00000153250	RBMS1	-0.356621710321444	0.128044884170513	0.2231073480532579					point used in Figure 2 scatter panels
gene_point	ENSG00000140464	PML	-0.417974470572566	-0.373701524464762	0.0350993448460386					point used in Figure 2 scatter panels
gene_point	ENSG00000277443	MARCKS	0.39370969416124	1.08903933691229	0.0868231311036744					point used in Figure 2 scatter panels
gene_point	ENSG00000088256	GNA11	0.201990287489194	-0.132850064549074	-0.2018353009494831					point used in Figure 2 scatter panels
gene_point	ENSG00000159423	ALDH4A1	0.120240292707255	0.469920664928605	0.161600978853837					point used in Figure 2 scatter panels
gene_point	ENSG00000089248	ERP29	0.326883266301195	0.669524210384991	0.1284528177688706					point used in Figure 2 scatter panels
gene_point	ENSG00000117592	PRDX6	0.193648903019266	0.315887246697347	0.0516018169877341					point used in Figure 2 scatter panels
gene_point	ENSG00000090013	BLVRB	0.137164059488946	0.197884593270876	-0.0616621289971597					point used in Figure 2 scatter panels
gene_point	ENSG00000126432	PRDX5	0.217739342968895	0.220777262980298	0.0841620428047811					point used in Figure 2 scatter panels
gene_point	ENSG00000165672	PRDX3	0.154130851943716	0.313075028559317	0.2311417126764006					point used in Figure 2 scatter panels
gene_point	ENSG00000197958	RPL12	0.337982632681249	-0.274558395393982	0.0660335108253313					point used in Figure 2 scatter panels
gene_point	ENSG00000127884	ECHS1	0.089338368622543	0.344589088434644	0.1789939360037422					point used in Figure 2 scatter panels
gene_point	ENSG00000162368	CMPK1	0.0093930053353609	-0.0186921974088226	0.0361442058268366					point used in Figure 2 scatter panels
gene_point	ENSG00000089220	PEBP1	0.189332914003294	0.310055112622495	-0.0634065305222222					point used in Figure 2 scatter panels
gene_point	ENSG00000167004	PDIA3	0.296497648801994	0.496045643107472	0.1176428403415243					point used in Figure 2 scatter panels
gene_point	ENSG00000105568	PPP2R1A	0.218711859346759	0.331890140800182	0.0950819150754007					point used in Figure 2 scatter panels
gene_point	ENSG00000137713	PPP2R1B	-0.365940974013995	-0.0900968313449065	-0.2248594603784628					point used in Figure 2 scatter panels
gene_point	ENSG00000004897	CDC27	-0.378974740400302	-0.0732997299093079	-0.2226668392861128					point used in Figure 2 scatter panels
gene_point	ENSG00000108179	PPIF	0.0739721663939709	0.307598310694647	0.2095484871327713					point used in Figure 2 scatter panels
gene_point	ENSG00000136448	NMT1	-0.1826568472049	-0.0610888584174318	-0.0561515844543194					point used in Figure 2 scatter panels
gene_point	ENSG00000163956	LRPAP1	0.162360765841406	0.490714676742153	0.1041070039198679					point used in Figure 2 scatter panels
gene_point	ENSG00000100300	TSPO	0.284495982180684	0.377634733971399	-0.3177476866262232					point used in Figure 2 scatter panels
gene_point	ENSG00000239900	ADSL	-0.0176544269845275	-0.0049639937932699	0.0202273520594431					point used in Figure 2 scatter panels
gene_point	ENSG00000130779	CLIP1	-0.292062892749709	-0.401881016437389	-0.033283144840233					point used in Figure 2 scatter panels
gene_point	ENSG00000075142	SRI	-0.022753275149798	0.101521388358386	0.3042591469542017					point used in Figure 2 scatter panels
gene_point	ENSG00000060558	GNA15	0.0027326306056196	-0.670202271947299	0.008547314401472					point used in Figure 2 scatter panels
gene_point	ENSG00000021355	SERPINB1	0.0562355663976507	0.109983929908182	-0.0684001533302804					point used in Figure 2 scatter panels
gene_point	ENSG00000139514	SLC7A1	0.0823314240662635	0.332102867129869	-0.095490498450637					point used in Figure 2 scatter panels
gene_point	ENSG00000137124	ALDH1B1	-0.919950236088841	-0.870949166743952	0.1972732361245199					point used in Figure 2 scatter panels
gene_point	ENSG00000108602	ALDH3A1	-0.259247328622086	0.150415464677848	-0.221980787138122					point used in Figure 2 scatter panels
gene_point	ENSG00000047315	POLR2B	0.0183380964774471	0.308158755777648	-0.1411963332057482					point used in Figure 2 scatter panels
gene_point	ENSG00000073578	SDHA	0.159730452381109	0.413008679326717	0.0992773738561894					point used in Figure 2 scatter panels
gene_point	ENSG00000102879	CORO1A	0.133975618045325	0.377783938796839	-0.0323261877074347					point used in Figure 2 scatter panels
gene_point	ENSG00000203879	GDI1	-0.109505870992152	-0.276873029999224	0.0354574356367791					point used in Figure 2 scatter panels
gene_point	ENSG00000168906	MAT2A	-0.254591660460392	0.252194306360066	0.1658672137888075					point used in Figure 2 scatter panels
gene_point	ENSG00000188191	PRKAR1B	0.106788928481839	-0.151583238315311	-0.0342714231827603					point used in Figure 2 scatter panels
gene_point	ENSG00000021826	CPS1	0.16178173837414	0.305145608726421	-0.3249383396156808					point used in Figure 2 scatter panels
gene_point	ENSG00000171848	RRM2	0.0741216849407944	0.503618691620314	-0.1196951345311401					point used in Figure 2 scatter panels
gene_point	ENSG00000124145	SDC4	0.312704479555301	0.533012204649769	-0.3475683932688866					point used in Figure 2 scatter panels
gene_point	ENSG00000116001	TIA1	-0.0539441423899864	0.367119998807212	-0.200305203212789					point used in Figure 2 scatter panels
gene_point	ENSG00000086061	DNAJA1	0.844338010040619	1.0621468173176	0.3898634455658545					point used in Figure 2 scatter panels
gene_point	ENSG00000142208	AKT1	0.214754585508723	-0.776053989903145	1.306965717195537					point used in Figure 2 scatter panels
gene_point	ENSG00000010256	UQCRC1	0.141129703131522	0.40026281523938	0.1564990125224028					point used in Figure 2 scatter panels
gene_point	ENSG00000106049	HIBADH	0.0339277406705391	0.0912898027497426	0.0315168631596129					point used in Figure 2 scatter panels
gene_point	ENSG00000138363	ATIC	0.010301333586355	0.349527994420524	0.0414461338391589					point used in Figure 2 scatter panels
gene_point	ENSG00000096746	HNRNPH3	0.123561775674931	0.344368003381469	0.14467358717717					point used in Figure 2 scatter panels
gene_point	ENSG00000166913	YWHAB	0.0272107823181376	0.34603179923608	0.8799872697192725					point used in Figure 2 scatter panels
gene_point	ENSG00000175793	SFN	0.328377852724884	0.69425746909209	0.1889556826434564					point used in Figure 2 scatter panels
gene_point	ENSG00000168439	STIP1	0.255306862374344	0.344190877039993	0.0644396667564279					point used in Figure 2 scatter panels
gene_point	ENSG00000163191	S100A11	0.385642318701525	0.432651389497646	0.2710497086718249					point used in Figure 2 scatter panels
gene_point	ENSG00000167815	PRDX2	0.199797537696478	0.466889406451011	0.1946757647599071					point used in Figure 2 scatter panels
gene_point	ENSG00000141480	ARRB2	0.38554173320856	-0.0129676764241729	-0.8295924048910805					point used in Figure 2 scatter panels
gene_point	ENSG00000158825	CDA	0.716125160237014	0.869147652519405	0.6276256294175404					point used in Figure 2 scatter panels
gene_point	ENSG00000129187	DCTD	0.0700016636531426	-0.2416778248523	0.0839823174739962					point used in Figure 2 scatter panels
gene_point	ENSG00000120690	ELF1	-0.178327711529309	0.0300463227663145	-0.1846295415036571					point used in Figure 2 scatter panels
gene_point	ENSG00000134757	DSG3	-0.626259899286743	0.0023159509276673	-0.5509641287214961					point used in Figure 2 scatter panels
gene_point	ENSG00000116761	CTH	-0.229917120509148	0.680446447010419	1.0318051962326926					point used in Figure 2 scatter panels
gene_point	ENSG00000163682	RPL9	0.288847382050893	0.411396079716135	0.2767673419343488					point used in Figure 2 scatter panels
gene_point	ENSG00000125726	CD70	1.22868451065153	1.42091688764029	0.2300931359403932					point used in Figure 2 scatter panels
gene_point	ENSG00000170759	KIF5B	-0.597021485681731	-0.348285179031494	-0.0249739049296344					point used in Figure 2 scatter panels
gene_point	ENSG00000101811	CSTF2	-0.158095870044731	0.164034304576717	0.0073379522487364					point used in Figure 2 scatter panels
gene_point	ENSG00000128951	DUT	0.1593800193774	0.439698546648055	0.1190911884512075					point used in Figure 2 scatter panels
gene_point	ENSG00000123975	CKS2	0.494211757107726	0.437452680395419	0.251332276457143					point used in Figure 2 scatter panels
gene_point	ENSG00000104738	MCM4	0.431908629536175	0.720259425410278	-0.0278434841181223					point used in Figure 2 scatter panels
gene_point	ENSG00000100297	MCM5	0.182492456103482	0.438334591233332	-0.1922456810707089					point used in Figure 2 scatter panels
gene_point	ENSG00000166508	MCM7	0.279576877486331	0.621090023578561	-0.0381212133237376					point used in Figure 2 scatter panels
gene_point	ENSG00000182199	SHMT2	0.169376619792155	0.463533616657881	0.1311250886056392					point used in Figure 2 scatter panels
gene_point	ENSG00000120915	EPHX2	0.672663738941029	0.205060006011101	-0.0989578038675382					point used in Figure 2 scatter panels
gene_point	ENSG00000170606	HSPA4	0.0780275227391725	0.437930472301334	0.0929788444435786					point used in Figure 2 scatter panels
gene_point	ENSG00000178802	MPI	-0.136435747639849	-0.10136061024025	0.0917464652678425					point used in Figure 2 scatter panels
gene_point	ENSG00000063660	GPC1	0.287175782663851	0.290418639340064	-0.5049098221262227					point used in Figure 2 scatter panels
gene_point	ENSG00000044115	CTNNA1	0.301220962632487	0.698314748050716	-0.1257972923931589					point used in Figure 2 scatter panels
gene_point	ENSG00000168036	CTNNB1	0.14362860070833	0.629251971964471	-0.0413492925512066					point used in Figure 2 scatter panels
gene_point	ENSG00000124570	SERPINB6	0.0733528811103802	-0.0175266959001774	-0.0240729846672813					point used in Figure 2 scatter panels
gene_point	ENSG00000137710	RDX	-0.361864713307309	0.0245719106644146	-0.0181502563566979					point used in Figure 2 scatter panels
gene_point	ENSG00000106399	RPA3	0.203688299287277	0.265348394852497	0.0160639791217569					point used in Figure 2 scatter panels
gene_point	ENSG00000163918	RFC4	-0.274112433773727	-0.230391438380956	0.0366092560501449					point used in Figure 2 scatter panels
gene_point	ENSG00000049541	RFC2	0.135204714044498	0.253916589358451	-0.086689992138222					point used in Figure 2 scatter panels
gene_point	ENSG00000035928	RFC1	-0.240866310757993	0.227217722897792	-0.1385272900168352					point used in Figure 2 scatter panels
gene_point	ENSG00000116251	RPL22	0.341317567313917	-0.0040449523814432	-0.0498569615559425					point used in Figure 2 scatter panels
gene_point	ENSG00000125651	GTF2F1	0.125927921959119	0.181419127993036	-0.0468648008215062					point used in Figure 2 scatter panels
gene_point	ENSG00000116096	SPR	0.0061654105732555	0.279287912199588	0.0959202910142629					point used in Figure 2 scatter panels
gene_point	ENSG00000162688	AGL	-0.410288131700982	0.180463830941054	-0.1752027872970636					point used in Figure 2 scatter panels
gene_point	ENSG00000100345	MYH9	0.105098990683581	0.180234141476138	0.0403898820080605					point used in Figure 2 scatter panels
gene_point	ENSG00000133026	MYH10	-0.0811812485427231	0.271888578682751	0.11588468205235					point used in Figure 2 scatter panels
gene_point	ENSG00000184432	COPB2	0.0037921336475724	0.390232812320539	0.1049822619700577					point used in Figure 2 scatter panels
gene_point	ENSG00000087274	ADD1	0.0674276143345766	0.0181409397934327	-0.1226894426240932					point used in Figure 2 scatter panels
gene_point	ENSG00000172270	BSG	0.295998189153697	0.637752142451045	0.0322060141787439					point used in Figure 2 scatter panels
gene_point	ENSG00000089280	FUS	0.0179117573842197	0.162373945040954	-0.1393007987552508					point used in Figure 2 scatter panels
gene_point	ENSG00000126883	NUP214	-0.244709590029074	-0.137600150020563	-0.0974762356486032					point used in Figure 2 scatter panels
gene_point	ENSG00000124795	DEK	0.0821294079297145	0.419444317427895	0.1808889201255894					point used in Figure 2 scatter panels
gene_point	ENSG00000100614	PPM1A	0.279483763226953	0.391019818575969	-0.0739868282779898					point used in Figure 2 scatter panels
gene_point	ENSG00000106546	AHR	0.93496779894757	1.57082364581315	-0.605329174308423					point used in Figure 2 scatter panels
gene_point	ENSG00000117305	HMGCL	-0.0111389874512749	-0.0282957105975459	-0.0818141731123525					point used in Figure 2 scatter panels
gene_point	ENSG00000161057	PSMC2	-0.0012203775376535	0.203958027994429	0.035609605481337					point used in Figure 2 scatter panels
gene_point	ENSG00000213465	ARL2	0.374753679708984	0.215371565288709	-0.114113566787882					point used in Figure 2 scatter panels
gene_point	ENSG00000138175	ARL3	0.2984515222637	0.270320187806032	0.0808094712602987					point used in Figure 2 scatter panels
gene_point	ENSG00000126934	MAP2K2	0.342205630677186	0.0427930399884014	-0.0254082933827106					point used in Figure 2 scatter panels
gene_point	ENSG00000131100	ATP6V1E1	-0.195167325471885	0.12171531549611	0.0075751827953638					point used in Figure 2 scatter panels
gene_point	ENSG00000080819	CPOX	-0.132586417554308	-0.0365354810073798	0.1729403085652876					point used in Figure 2 scatter panels
gene_point	ENSG00000174444	RPL4	0.278075675078221	0.0957595512497965	0.0973676317762226					point used in Figure 2 scatter panels
gene_point	ENSG00000106268	NUDT1	0.234076838750763	0.277619236957751	-0.2336208093114926					point used in Figure 2 scatter panels
gene_point	ENSG00000196365	LONP1	0.0697911775881068	0.282254958875029	-0.0675302236367692					point used in Figure 2 scatter panels
gene_point	ENSG00000079739	PGM1	0.112538817101699	0.220543565152227	0.0084203951635686					point used in Figure 2 scatter panels
gene_point	ENSG00000186298	PPP1CC	0.385542786521419	0.129453248319803	-0.0281863276071305					point used in Figure 2 scatter panels
gene_point	ENSG00000106799	TGFBR1	-0.253425783651292	-0.490972510384748	0.5848726486784717					point used in Figure 2 scatter panels
gene_point	ENSG00000206075	SERPINB5	0.212379498951032	0.61324453693495	0.237602426567463					point used in Figure 2 scatter panels
gene_point	ENSG00000119689	DLST	0.0796643539500189	0.14214367869947	0.0441270891027585					point used in Figure 2 scatter panels
gene_point	ENSG00000167468	GPX4	0.416971270320919	0.0148451080791578	0.0313644919667766					point used in Figure 2 scatter panels
gene_point	ENSG00000140319	SRP14	0.403753696340856	0.252454548430681	-0.1854615813374458					point used in Figure 2 scatter panels
gene_point	ENSG00000213024	NUP62	0.219193588678636	0.382552332047657	0.137390789390114					point used in Figure 2 scatter panels
gene_point	ENSG00000158710	TAGLN2	0.264696127423985	0.504355946180972	0.0397216391148731					point used in Figure 2 scatter panels
gene_point	ENSG00000177156	TALDO1	0.242068213292104	0.426427397992378	0.1997161389995518					point used in Figure 2 scatter panels
gene_point	ENSG00000145335	SNCA	0.476344338956098	0.57226973589477	-0.2453721656230723					point used in Figure 2 scatter panels
gene_point	ENSG00000105379	ETFB	0.12407919696389	0.166716958223749	0.0314973616926153					point used in Figure 2 scatter panels
gene_point	ENSG00000147274	RBMX	0.181052886521002	0.586948605572678	-0.1067802101196733					point used in Figure 2 scatter panels
gene_point	ENSG00000121058	COIL	-1.46508656568606	-2.73188032395004	-0.3954485996897006					point used in Figure 2 scatter panels
gene_point	ENSG00000115486	GGCX	0.143052489381294	0.313602417724676	-0.364886668431911					point used in Figure 2 scatter panels
gene_point	ENSG00000107798	LIPA	0.224149486713118	0.522788843406759	-0.2420259852679116					point used in Figure 2 scatter panels
gene_point	ENSG00000114573	ATP6V1A	0.0455689986512847	0.603381187872102	0.2238298128926423					point used in Figure 2 scatter panels
gene_point	ENSG00000113013	HSPA9	0.0444701175696142	0.430959649127115	0.1566726544680357					point used in Figure 2 scatter panels
gene_point	ENSG00000105372	RPS19	0.43624686751864	0.300185185014947	-0.0134145476401812					point used in Figure 2 scatter panels
gene_point	ENSG00000100316	RPL3	0.278311244146258	0.242945265212762	0.1728486184064621					point used in Figure 2 scatter panels
gene_point	ENSG00000115204	MPV17	0.231770828352065	0.494170986924144	-0.3041711462854515					point used in Figure 2 scatter panels
gene_point	ENSG00000244038	DDOST	0.23382637418782	0.323530752894057	-0.0299363063009323					point used in Figure 2 scatter panels
gene_point	ENSG00000140350	ANP32A	0.0875925882340877	0.429312136533455	0.1843829582348597					point used in Figure 2 scatter panels
gene_point	ENSG00000168496	FEN1	0.0298275161684915	0.368448581699671	0.0037562999286251					point used in Figure 2 scatter panels
gene_point	ENSG00000257923	CUX1	-0.144132825097864	-0.0271582961788715	-0.2901793637436238					point used in Figure 2 scatter panels
gene_point	ENSG00000042493	CAPG	0.129243611901356	0.408327250833604	0.2670238145602397					point used in Figure 2 scatter panels
gene_point	ENSG00000084652	TXLNA	-0.280774711527211	-0.128207666259136	-0.1219340043986214					point used in Figure 2 scatter panels
gene_point	ENSG00000146731	CCT6A	0.107018946114337	0.393130877726826	0.1159447407080307					point used in Figure 2 scatter panels
gene_point	ENSG00000166741	NNMT	0.0312819641127711	0.182887505449388	-0.0574451687381341					point used in Figure 2 scatter panels
gene_point	ENSG00000205220	PSMB10	0.0697144814232572	0.256056626429132	-0.0799604158935167					point used in Figure 2 scatter panels
gene_point	ENSG00000185630	PBX1	0.0231966148086344	-0.049175190299993	-0.7172877509084401					point used in Figure 2 scatter panels
gene_point	ENSG00000142541	RPL13A	0.492691385203304	0.636753967093477	0.0999594210116505					point used in Figure 2 scatter panels
gene_point	ENSG00000120805	ARL1	-0.0354640663191974	0.124239472023368	-0.1415522708543299					point used in Figure 2 scatter panels
gene_point	ENSG00000076242	MLH1	-0.0758285111538537	0.320690893267621	1.7186262643658663					point used in Figure 2 scatter panels
gene_point	ENSG00000168610	STAT3	0.217406061995625	0.455797257060488	-1.7152396346487233					point used in Figure 2 scatter panels
gene_point	ENSG00000138592	USP8	-0.530406464997832	-0.0477903089560761	-0.0604799524400014					point used in Figure 2 scatter panels
gene_point	ENSG00000162735	PEX19	0.0001908540056919	0.159360493858533	-0.1361785183896913					point used in Figure 2 scatter panels
gene_point	ENSG00000014641	MDH1	0.150896126523826	0.444780487700523	-0.0236088034024852					point used in Figure 2 scatter panels
gene_point	ENSG00000146701	MDH2	0.158918513722309	0.401692743435182	0.2253439114939581					point used in Figure 2 scatter panels
gene_point	ENSG00000111445	RFC5	0.141158241821013	0.236430200957313	-0.1540498069748324					point used in Figure 2 scatter panels
gene_point	ENSG00000133119	RFC3	-0.202150798549474	0.0592462561309563	-0.0508462918239978					point used in Figure 2 scatter panels
gene_point	ENSG00000084754	HADHA	0.0865223319648743	0.395959952070252	0.0106216725693215					point used in Figure 2 scatter panels
gene_point	ENSG00000130741	EIF2S3	0.0534504220986749	0.240790144749997	0.0459180350369763					point used in Figure 2 scatter panels
gene_point	ENSG00000125968	ID1	-1.30416022199167	-0.799413501478521	-0.9629641901434116					point used in Figure 2 scatter panels
gene_point	ENSG00000139083	ETV6	0.441304564978695	0.113150665177244	-0.1350508475565917					point used in Figure 2 scatter panels
gene_point	ENSG00000143486	EIF2D	0.242140360605982	-0.411887310132299	-0.2882987501455432					point used in Figure 2 scatter panels
gene_point	ENSG00000106245	BUD31	0.613483922731655	0.545475030530986	0.083743472370223					point used in Figure 2 scatter panels
gene_point	ENSG00000102030	NAA10	0.142674500558761	-0.339108209755858	0.0792990323340667					point used in Figure 2 scatter panels
gene_point	ENSG00000126012	KDM5C	0.213883219238103	0.212927950571053	0.4047388334469328					point used in Figure 2 scatter panels
gene_point	ENSG00000184203	PPP1R2	-0.0541221830994899	0.0797937854461979	0.1873135576302971					point used in Figure 2 scatter panels
gene_point	ENSG00000103653	CSK	0.0538196517908205	-0.441217545268556	0.0919734603066508					point used in Figure 2 scatter panels
gene_point	ENSG00000173812	EIF1	0.981415884411485	1.10523177864755	-0.0465315996675173					point used in Figure 2 scatter panels
gene_point	ENSG00000163558	PRKCI	-0.0814807586916972	-0.128108202277388	0.1620328333364753					point used in Figure 2 scatter panels
gene_point	ENSG00000167969	ECI1	0.0834108466455598	0.245414952223929	-0.016423657576631					point used in Figure 2 scatter panels
gene_point	ENSG00000120802	TMPO	-0.190055832938969	0.0722868341594203	-0.1941026488858135					point used in Figure 2 scatter panels
gene_point	ENSG00000115415	STAT1	0.0142104724615829	0.219748388027223	-0.1714250001850743					point used in Figure 2 scatter panels
gene_point	ENSG00000166888	STAT6	0.0197942378029669	0.0154563196638177	-0.4803298232963282					point used in Figure 2 scatter panels
gene_point	ENSG00000196139	AKR1C3	0.620917259855138	1.11002359970469	0.825815125831312					point used in Figure 2 scatter panels
gene_point	ENSG00000198793	MTOR	0.22911509955432	0.0790334401514726	-0.1239746917729576					point used in Figure 2 scatter panels
gene_point	ENSG00000085832	EPS15	-0.0370390359062456	0.0845348629221589	0.4334861689529496					point used in Figure 2 scatter panels
gene_point	ENSG00000164305	CASP3	-0.609320485134537	-0.0797792725813158	0.0597861191273736					point used in Figure 2 scatter panels
gene_point	ENSG00000177954	RPS27	0.545470522388905	0.285556777759652	-0.3214170299395569					point used in Figure 2 scatter panels
gene_point	ENSG00000198265	HELZ	-0.281548656092718	0.0757527341301072	0.0518863765086106					point used in Figure 2 scatter panels
gene_point	ENSG00000151503	NCAPD3	0.255427271063324	0.437712936399161	-0.3291854837603782					point used in Figure 2 scatter panels
gene_point	ENSG00000188739	RBM34	-0.852866274435229	-0.99914355575908	-0.3047655620369358					point used in Figure 2 scatter panels
gene_point	ENSG00000138095	LRPPRC	-0.0684872812510047	0.122580314304889	-0.1409507444798379					point used in Figure 2 scatter panels
gene_point	ENSG00000136942	RPL35	0.36619043853795	0.317680894013212	0.0906147670472741					point used in Figure 2 scatter panels
gene_point	ENSG00000147883	CDKN2B	2.19039629401357	2.67921394091083	0.6403493766233641					point used in Figure 2 scatter panels
gene_point	ENSG00000197386	HTT	0.0048734493827355	0.100147340668636	-0.243561329413481					point used in Figure 2 scatter panels
gene_point	ENSG00000117298	ECE1	0.323541475598171	0.458404738903605	0.2332173919937545					point used in Figure 2 scatter panels
gene_point	ENSG00000079215	SLC1A3	0.481909014558831	0.974940668907766	0.0166033558236406					point used in Figure 2 scatter panels
gene_point	ENSG00000115902	SLC1A4	-0.0008763479751542	0.41519850892036	-0.2203060207634681					point used in Figure 2 scatter panels
gene_point	ENSG00000007168	PAFAH1B1	0.0078054738993357	0.553534707693079	-0.0311447734840513					point used in Figure 2 scatter panels
gene_point	ENSG00000015479	MATR3	0.2008303864338	0.304434725867944	0.1920226388209798					point used in Figure 2 scatter panels
gene_point	ENSG00000095002	MSH2	0.0962147066380537	0.585123702300089	0.0275251346141054					point used in Figure 2 scatter panels
gene_point	ENSG00000115159	GPD2	-0.0378515980270946	0.277509956228165	-0.0306029752451415					point used in Figure 2 scatter panels
gene_point	ENSG00000124783	SSR1	-0.08058860876713	0.368885145838048	-0.147189939817121					point used in Figure 2 scatter panels
gene_point	ENSG00000006534	ALDH3B1	0.0456519055844006	0.1096570071748	-0.2914189850015276					point used in Figure 2 scatter panels
gene_point	ENSG00000165025	SYK	-0.218479523211566	-0.683078226199946	-0.1457137745239585					point used in Figure 2 scatter panels
gene_point	ENSG00000099901	RANBP1	0.333762618036248	0.34109368805132	0.0290419876679699					point used in Figure 2 scatter panels
gene_point	ENSG00000105835	NAMPT	0.119725665393598	0.587216124818052	0.0815413496993961					point used in Figure 2 scatter panels
gene_point	ENSG00000123297	TSFM	-0.385284139882412	-0.158468313280415	0.0925057369917254					point used in Figure 2 scatter panels
gene_point	ENSG00000168938	PPIC	-0.0533157848322855	-0.0928242793056878	-0.0280400408771761					point used in Figure 2 scatter panels
gene_point	ENSG00000165637	VDAC2	0.212000139741203	0.176011410246935	0.0858015727649217					point used in Figure 2 scatter panels
gene_point	ENSG00000196177	ACADSB	-0.110012558602435	0.112990317403493	0.1250885995213639					point used in Figure 2 scatter panels
gene_point	ENSG00000094916	CBX5	-0.381117410731402	0.155447071557659	0.1213716674037179					point used in Figure 2 scatter panels
gene_point	ENSG00000111667	USP5	0.162200481848132	0.382215820250067	0.1132873306018389					point used in Figure 2 scatter panels
gene_point	ENSG00000065559	MAP2K4	0.182393275915763	0.232569636444368	-0.0801657092307834					point used in Figure 2 scatter panels
gene_point	ENSG00000148773	MKI67	-0.765151235497614	-0.490610678403541	-0.6755868403940948					point used in Figure 2 scatter panels
gene_point	ENSG00000100401	RANGAP1	0.29338640471159	0.397683091583499	0.1528072943614056					point used in Figure 2 scatter panels
gene_point	ENSG00000004700	RECQL	-0.302825555692983	0.393720124476929	-0.0692998925153887					point used in Figure 2 scatter panels
gene_point	ENSG00000111641	NOP2	-0.271522079870765	-0.0101001359568338	0.0077970207551061					point used in Figure 2 scatter panels
gene_point	ENSG00000085224	ATRX	-0.236087980620193	0.297445056203951	0.2264526932553998					point used in Figure 2 scatter panels
gene_point	ENSG00000167193	CRK	-0.106626471706105	-0.301384711539387	0.083518252072654					point used in Figure 2 scatter panels
gene_point	ENSG00000099942	CRKL	0.330297396734944	0.975174402436985	0.0008973500913924					point used in Figure 2 scatter panels
gene_point	ENSG00000085760	MTIF2	-0.373262146476992	-0.591484957997853	0.2278213987371486					point used in Figure 2 scatter panels
gene_point	ENSG00000111276	CDKN1B	1.05170032194785	1.58507667708782	-0.903377591538991					point used in Figure 2 scatter panels
gene_point	ENSG00000034152	MAP2K3	0.577625377503737	0.217546113016339	0.0180183051185416					point used in Figure 2 scatter panels
gene_point	ENSG00000185515	BRCC3	-0.537362296058578	-0.17938492798856	0.0854010941148146					point used in Figure 2 scatter panels
gene_point	ENSG00000166441	RPL27A	0.413406664335553	0.414557675530861	0.1603713817698135					point used in Figure 2 scatter panels
gene_point	ENSG00000122406	RPL5	0.302527606550575	0.258081619002153	-0.034039108872971					point used in Figure 2 scatter panels
gene_point	ENSG00000122026	RPL21	0.30175524925028	-0.130738221063773	0.1397042694099575					point used in Figure 2 scatter panels
gene_point	ENSG00000108107	RPL28	0.396464429344023	0.22282230955561	0.11232085821376					point used in Figure 2 scatter panels
gene_point	ENSG00000083845	RPS5	0.42981923476634	0.478498281605339	-0.0031828056243163					point used in Figure 2 scatter panels
gene_point	ENSG00000124614	RPS10	0.469480902028166	0.58350651528581	-0.1329648340443405					point used in Figure 2 scatter panels
gene_point	ENSG00000113552	GNPDA1	-0.166287406606688	-0.176818415086058	-0.0167109300305803					point used in Figure 2 scatter panels
gene_point	ENSG00000069869	NEDD4	0.848707059232673	1.69469825744483	-0.1064735104702734					point used in Figure 2 scatter panels
gene_point	ENSG00000137693	YAP1	0.338924532192643	0.504778582192141	-0.1564683196726264					point used in Figure 2 scatter panels
gene_point	ENSG00000152818	UTRN	-0.0649792100232962	0.240962389589281	-0.0136627344224145					point used in Figure 2 scatter panels
gene_point	ENSG00000140575	IQGAP1	-0.37105079804637	-0.025067625005934	-0.1579778157750198					point used in Figure 2 scatter panels
gene_point	ENSG00000163754	GYG1	-0.0217714222878888	-0.0565455333964164	-0.145914415784496					point used in Figure 2 scatter panels
gene_point	ENSG00000134910	STT3A	0.011581167335302	0.278838348027668	-0.1202098173112489					point used in Figure 2 scatter panels
gene_point	ENSG00000183155	RABIF	-0.524819837707014	-0.303095311206123	0.2230740234734689					point used in Figure 2 scatter panels
gene_point	ENSG00000198898	CAPZA2	0.17880331448712	-0.0525922011044003	0.1165089222448401					point used in Figure 2 scatter panels
gene_point	ENSG00000077549	CAPZB	0.210012875369801	0.291782501674289	0.0781210579469338					point used in Figure 2 scatter panels
gene_point	ENSG00000173674	EIF1AX	0.0336813733896145	0.538787933665186	0.0347069221560527					point used in Figure 2 scatter panels
gene_point	ENSG00000184254	ALDH1A3	0.134915861738816	0.365798648683734	0.2942147662453287					point used in Figure 2 scatter panels
gene_point	ENSG00000162244	RPL29	0.305313404843764	0.202541284163336	0.2695050524280589					point used in Figure 2 scatter panels
gene_point	ENSG00000169021	UQCRFS1	-0.261238576701645	-0.121709586576126	0.0159527573820632					point used in Figure 2 scatter panels
gene_point	ENSG00000169756	LIMS1	-0.206497200353091	0.117102627318007	0.3825614621515818					point used in Figure 2 scatter panels
gene_point	ENSG00000085377	PREP	0.0728176176638415	0.252594503821153	0.0574465765931577					point used in Figure 2 scatter panels
gene_point	ENSG00000065833	ME1	0.0620730126870348	0.135429629683956	0.0248697967091686					point used in Figure 2 scatter panels
gene_point	ENSG00000136381	IREB2	-1.55155387407174	-1.26705925684477	-0.5049759429449292					point used in Figure 2 scatter panels
gene_point	ENSG00000150867	PIP4K2A	-0.216610144958499	-0.881068952103896	-0.1921266182548073					point used in Figure 2 scatter panels
gene_point	ENSG00000095139	ARCN1	0.226884694939935	0.561329687777119	0.0067933572659164					point used in Figure 2 scatter panels
gene_point	ENSG00000001084	GCLC	0.242937177809314	0.226455770204787	0.0828688614896719					point used in Figure 2 scatter panels
gene_point	ENSG00000023909	GCLM	-0.314227167762881	0.0444868179341115	0.0886043717522255					point used in Figure 2 scatter panels
gene_point	ENSG00000177697	CD151	0.263502060283162	0.41813136597074	-0.3224108193910808					point used in Figure 2 scatter panels
gene_point	ENSG00000099341	PSMD8	0.141510077376559	0.352801821913891	0.1149337943014643					point used in Figure 2 scatter panels
gene_point	ENSG00000100983	GSS	0.227815892746716	0.504019966886478	-0.0357031837467261					point used in Figure 2 scatter panels
gene_point	ENSG00000150753	CCT5	0.227731451993107	0.572075552910714	0.1533619513337996					point used in Figure 2 scatter panels
gene_point	ENSG00000109255	NMU	0.120460131690959	-0.0567083701359658	0.0617965881558895					point used in Figure 2 scatter panels
gene_point	ENSG00000155304	HSPA13	0.186215575928106	0.910599459909587	0.264427915304477					point used in Figure 2 scatter panels
gene_point	ENSG00000113712	CSNK1A1	0.0883040141301573	0.301364477552128	-0.1234675320837723					point used in Figure 2 scatter panels
gene_point	ENSG00000141551	CSNK1D	0.456696751188619	0.377141338322612	-0.1799588864529795					point used in Figure 2 scatter panels
gene_point	ENSG00000182054	IDH2	0.186318818566888	-0.058888624970731	-0.1850561838088431					point used in Figure 2 scatter panels
gene_point	ENSG00000180957	PITPNB	0.0645242187610277	0.324915375917917	0.0124142789746599					point used in Figure 2 scatter panels
gene_point	ENSG00000123146	ADGRE5	0.138265797223646	0.303179774409635	0.0385998583274975					point used in Figure 2 scatter panels
gene_point	ENSG00000106628	POLD2	0.145375202173574	-0.0039547829804481	-0.1214001636979453					point used in Figure 2 scatter panels
gene_point	ENSG00000175130	MARCKSL1	0.10750688530824	0.096298682563439	-0.3047220962018802					point used in Figure 2 scatter panels
gene_point	ENSG00000089159	PXN	0.160677993443395	0.0017629171657679	0.0333736187588336					point used in Figure 2 scatter panels
gene_point	ENSG00000164615	CAMLG	0.178934765359463	0.341147052629927	-0.2903067627765363					point used in Figure 2 scatter panels
gene_point	ENSG00000143149	ALDH9A1	-0.0110690299590511	0.290535689352278	0.0579578925060886					point used in Figure 2 scatter panels
gene_point	ENSG00000109475	RPL34	0.249972320079208	0.0240550897349019	0.5223438358550077					point used in Figure 2 scatter panels
gene_point	ENSG00000153574	RPIA	-0.358359610691785	-0.549853762022921	0.1423593656473194					point used in Figure 2 scatter panels
gene_point	ENSG00000074695	LMAN1	-0.0550210440486659	0.399645840401587	-0.0594355920500042					point used in Figure 2 scatter panels
gene_point	ENSG00000132780	NASP	0.282502140022091	0.699896776076863	0.1476285577510871					point used in Figure 2 scatter panels
gene_point	ENSG00000169710	FASN	0.220592099462112	0.349505291206405	-0.0129368657395509					point used in Figure 2 scatter panels
gene_point	ENSG00000168522	FNTA	0.170662078377373	-0.354916380577772	-0.0642984315051879					point used in Figure 2 scatter panels
gene_point	ENSG00000095059	DHPS	0.345012173016444	0.38123453046142	0.283336631737999					point used in Figure 2 scatter panels
gene_point	ENSG00000163468	CCT3	0.19927320177027	0.560363764659149	0.0171704888109935					point used in Figure 2 scatter panels
gene_point	ENSG00000115364	MRPL19	-0.201647804299625	-0.0724331082938892	-0.0305180978516013					point used in Figure 2 scatter panels
gene_point	ENSG00000137486	ARRB1	0.159614549062324	-0.521031279816645	0.3675996698540782					point used in Figure 2 scatter panels
gene_point	ENSG00000178952	TUFM	0.199238794970337	0.212829266456992	0.164988447767012					point used in Figure 2 scatter panels
gene_point	ENSG00000164904	ALDH7A1	0.0672442141670868	0.401137319169565	-0.0326130476409645					point used in Figure 2 scatter panels
gene_point	ENSG00000151689	INPP1	0.0195607047271096	-0.6625579969962	0.1636656764954729					point used in Figure 2 scatter panels
gene_point	ENSG00000117724	CENPF	-0.798628102686109	-0.0021231336951922	-0.1842446743310297					point used in Figure 2 scatter panels
gene_point	ENSG00000143742	SRP9	0.0978810024933803	0.212704614103191	-0.1209194683529197					point used in Figure 2 scatter panels
gene_point	ENSG00000077721	UBE2A	0.193825523422911	0.450701810020202	-0.0256269357909992					point used in Figure 2 scatter panels
gene_point	ENSG00000161217	PCYT1A	-0.356040918995902	-0.340329966889245	0.1464608783220065					point used in Figure 2 scatter panels
gene_point	ENSG00000112855	HARS2	-0.59950982085735	-0.483438154103998	0.0066939080580965					point used in Figure 2 scatter panels
gene_point	ENSG00000100034	PPM1F	-0.0314852042325153	0.0118256803343235	0.2269129057499306					point used in Figure 2 scatter panels
gene_point	ENSG00000102974	CTCF	0.373892404638808	0.547129408649401	-1.069029627721665					point used in Figure 2 scatter panels
gene_point	ENSG00000221869	CEBPD	1.20229854282407	1.59076747645874	0.2863492378828169					point used in Figure 2 scatter panels
gene_point	ENSG00000126067	PSMB2	0.162539879442918	0.363824060323709	-0.0266394114191435					point used in Figure 2 scatter panels
gene_point	ENSG00000073111	MCM2	0.229811345547556	0.581587582174831	-0.0739488114056854					point used in Figure 2 scatter panels
gene_point	ENSG00000072778	ACADVL	0.292386663447648	0.391207877900352	0.1075223173444044					point used in Figure 2 scatter panels
gene_point	ENSG00000119596	YLPM1	-0.0561330842617005	0.021427489083968	0.1709973928581405					point used in Figure 2 scatter panels
gene_point	ENSG00000170348	TMED10	0.0669906134653757	0.43973560170985	0.004956455394069					point used in Figure 2 scatter panels
gene_point	ENSG00000119707	RBM25	-0.100222259983273	0.551149638686688	-0.1164434294388883					point used in Figure 2 scatter panels
gene_point	ENSG00000133961	NUMB	0.255875300623471	0.681194986390505	0.2964414753277609					point used in Figure 2 scatter panels
gene_point	ENSG00000080815	PSEN1	0.0514267233518215	0.185349501031862	-0.5980800257838812					point used in Figure 2 scatter panels
gene_point	ENSG00000119718	EIF2B2	0.0960729408415137	0.206123553008858	0.1371424955664295					point used in Figure 2 scatter panels
gene_point	ENSG00000169567	HINT1	0.198312819577738	0.268684530365802	0.347198545977033					point used in Figure 2 scatter panels
gene_point	ENSG00000124789	NUP153	0.97274667557271	1.3551223757966	-0.1663708034505511					point used in Figure 2 scatter panels
gene_point	ENSG00000153201	RANBP2	-0.909444516523465	-0.0752022411750112	0.0434886153308262					point used in Figure 2 scatter panels
gene_point	ENSG00000103197	TSC2	0.278388199244736	0.0020525766589279	0.1702530565944826					point used in Figure 2 scatter panels
gene_point	ENSG00000167792	NDUFV1	0.160505845206373	0.247459396305266	0.0368550805532947					point used in Figure 2 scatter panels
gene_point	ENSG00000105723	GSK3A	0.132875037565914	-0.467960794597946	-0.6058828668918128					point used in Figure 2 scatter panels
gene_point	ENSG00000082701	GSK3B	0.239704101419436	0.416492625347796	-0.1854803604812183					point used in Figure 2 scatter panels
gene_point	ENSG00000076685	NT5C2	0.102681152709068	0.433570969981138	0.212045066683622					point used in Figure 2 scatter panels
gene_point	ENSG00000086475	SEPHS1	0.159675849780119	-0.106047628140249	0.0684426760835918					point used in Figure 2 scatter panels
gene_point	ENSG00000163655	GMPS	-0.117530028606368	-0.133566385540387	-0.0275768283451469					point used in Figure 2 scatter panels
gene_point	ENSG00000005156	LIG3	-0.0719455821387549	0.0706933181585338	-0.113718938114296					point used in Figure 2 scatter panels
gene_point	ENSG00000156052	GNAQ	-0.125985329438222	-0.236243364213434	-0.3223044399606323					point used in Figure 2 scatter panels
gene_point	ENSG00000166411	IDH3A	0.041686149770157	0.214265292495569	0.1619384892193167					point used in Figure 2 scatter panels
gene_point	ENSG00000213145	CRIP1	2.1694267665932	2.49325435897657	-0.2428508540236365					point used in Figure 2 scatter panels
gene_point	ENSG00000157227	MMP14	0.0287748157408726	0.259677745849938	0.0954986936374524					point used in Figure 2 scatter panels
gene_point	ENSG00000143224	PPOX	0.426258651106531	0.381171219451937	-0.0385530009339518					point used in Figure 2 scatter panels
gene_point	ENSG00000057608	GDI2	0.0652609894668096	0.199086734689121	-0.0593335397656176					point used in Figure 2 scatter panels
gene_point	ENSG00000102119	EMD	0.33819969775306	0.0647776300998931	-0.3584601980968536					point used in Figure 2 scatter panels
gene_point	ENSG00000110090	CPT1A	-0.018839435997205	0.335855062333214	-0.1853242943940145					point used in Figure 2 scatter panels
gene_point	ENSG00000166401	SERPINB8	0.362215736118926	0.370283291886885	0.1165967283625448					point used in Figure 2 scatter panels
gene_point	ENSG00000149257	SERPINH1	0.089302320762057	0.313782561950446	0.1422513933154441					point used in Figure 2 scatter panels
gene_point	ENSG00000131435	PDLIM4	-0.0008860571935115	-0.254089049717247	0.0125581103140604					point used in Figure 2 scatter panels
gene_point	ENSG00000100380	ST13	0.180616511635257	0.273766011208525	0.212195087980799					point used in Figure 2 scatter panels
gene_point	ENSG00000125753	VASP	0.263002073427413	0.149644802277509	0.0725443482804735					point used in Figure 2 scatter panels
gene_point	ENSG00000079805	DNM2	0.27240499742067	-0.0024788211562606	-0.0697481505435746					point used in Figure 2 scatter panels
gene_point	ENSG00000111142	METAP2	-0.11442687926764	0.121100084256715	-0.1587827885095087					point used in Figure 2 scatter panels
gene_point	ENSG00000164978	NUDT2	-0.0357547469919374	0.121939904883651	0.1991073705068267					point used in Figure 2 scatter panels
gene_point	ENSG00000184445	KNTC1	-0.387915429644027	-0.061298775157887	-0.045297428381831					point used in Figure 2 scatter panels
gene_point	ENSG00000136807	CDK9	-0.598831911548486	-0.60171038627293	-0.7135337853870549					point used in Figure 2 scatter panels
gene_point	ENSG00000198589	LRBA	-0.125525633354247	0.029334347084263	-0.0293027160010463					point used in Figure 2 scatter panels
gene_point	ENSG00000187244	BCAM	0.270213829953595	0.281425902260979	-0.1235106772546217					point used in Figure 2 scatter panels
gene_point	ENSG00000131238	PPT1	0.167064235262914	0.424336210162691	0.0556296005003886					point used in Figure 2 scatter panels
gene_point	ENSG00000188846	RPL14	0.336636744172978	0.28073832550686	0.2399229279768739					point used in Figure 2 scatter panels
gene_point	ENSG00000115484	CCT4	0.0773983086314572	0.292553517423959	0.0820186267350457					point used in Figure 2 scatter panels
gene_point	ENSG00000122359	ANXA11	0.196999569841113	0.0911650391687382	-0.0205508878842159					point used in Figure 2 scatter panels
gene_point	ENSG00000090060	PAPOLA	-0.0108988943487052	-0.326864321879116	-0.309309289591031					point used in Figure 2 scatter panels
gene_point	ENSG00000114416	FXR1	-0.189328189533391	-0.0022542946738874	1.2923215069422156					point used in Figure 2 scatter panels
gene_point	ENSG00000129245	FXR2	0.445063854673894	0.524922631045643	0.0768217752501847					point used in Figure 2 scatter panels
gene_point	ENSG00000108774	RAB5C	0.286978367498966	0.370967260641675	-0.104740771016587					point used in Figure 2 scatter panels
gene_point	ENSG00000075785	RAB7A	0.315486170788801	0.50172898024797	-0.2614309059321478					point used in Figure 2 scatter panels
gene_point	ENSG00000143545	RAB13	0.153613412331495	-0.0960160095065266	-0.5557486129240203					point used in Figure 2 scatter panels
gene_point	ENSG00000132676	DAP3	0.13643721074108	0.312907737908044	0.0034125043923083					point used in Figure 2 scatter panels
gene_point	ENSG00000108861	DUSP3	-0.206954111201749	-0.461896965917553	0.0823575375309531					point used in Figure 2 scatter panels
gene_point	ENSG00000127616	SMARCA4	0.145294785436833	0.228910934130098	-0.3356938094834838					point used in Figure 2 scatter panels
gene_point	ENSG00000067829	IDH3G	0.242781247866515	0.462882319184926	-0.0136813790900625					point used in Figure 2 scatter panels
gene_point	ENSG00000108479	GALK1	0.0960379174728797	0.363263785077033	0.0803071133222346					point used in Figure 2 scatter panels
gene_point	ENSG00000180879	SSR4	0.304554713095625	0.416450374790651	0.2358838602807651					point used in Figure 2 scatter panels
gene_point	ENSG00000185825	BCAP31	0.124648356950608	0.440871027638739	-0.033091989476734					point used in Figure 2 scatter panels
gene_point	ENSG00000137364	TPMT	0.0187404637160913	0.240215986788261	-0.2641173923210669					point used in Figure 2 scatter panels
gene_point	ENSG00000169057	MECP2	-0.121887415961295	0.167763665727453	-0.1235910747324631					point used in Figure 2 scatter panels
gene_point	ENSG00000172534	HCFC1	0.17784288005512	-0.109063409302712	-0.3069795292805821					point used in Figure 2 scatter panels
gene_point	ENSG00000184216	IRAK1	0.195032118851326	-1.52802952240375	-0.121168440176735					point used in Figure 2 scatter panels
gene_point	ENSG00000105971	CAV2	0.0674356539550177	-0.0794056576089335	0.1328527727292794					point used in Figure 2 scatter panels
gene_point	ENSG00000072210	ALDH3A2	0.103650097023377	0.0760935931320426	-0.0832627784406447					point used in Figure 2 scatter panels
gene_point	ENSG00000133835	HSD17B4	0.0586368360524369	0.437113887512775	0.1537590006206386					point used in Figure 2 scatter panels
gene_point	ENSG00000103035	PSMD7	-0.0918511898904122	0.014481518758733	0.2272939222954519					point used in Figure 2 scatter panels
gene_point	ENSG00000173757	STAT5B	0.0120493622269802	-0.314032211720519	-0.1694936853828945					point used in Figure 2 scatter panels
gene_point	ENSG00000177189	RPS6KA3	-0.252259627362981	0.0414865896353886	-0.0345057501395942					point used in Figure 2 scatter panels
gene_point	ENSG00000143321	HDGF	0.476658080706248	0.213369635006131	0.0420236469171833					point used in Figure 2 scatter panels
gene_point	ENSG00000134480	CCNH	-0.0630002686702933	0.008859374389691	-0.487513723463163					point used in Figure 2 scatter panels
gene_point	ENSG00000119421	NDUFA8	0.115947429261833	0.116760371757123	0.2173798349890958					point used in Figure 2 scatter panels
gene_point	ENSG00000170144	HNRNPA3	0.0394668890638049	0.149889827289618	0.1848220979785715					point used in Figure 2 scatter panels
gene_point	ENSG00000142657	PGD	0.202187098789603	0.383049576946085	0.0108335679255695					point used in Figure 2 scatter panels
gene_point	ENSG00000099783	HNRNPM	0.160150069863284	0.569043445374678	0.0423058654716292					point used in Figure 2 scatter panels
gene_point	ENSG00000182481	KPNA2	0.076502129557947	0.466466747429018	-0.0202399484412012					point used in Figure 2 scatter panels
gene_point	ENSG00000114030	KPNA1	0.0291038794360561	0.34506961175974	0.1904342127596869					point used in Figure 2 scatter panels
gene_point	ENSG00000114503	NCBP2	-0.0982828184168693	0.0031233613392283	0.221508737547758					point used in Figure 2 scatter panels
gene_point	ENSG00000138698	RAP1GDS1	0.0931492191496053	-0.0167207089465391	0.0207785041782813					point used in Figure 2 scatter panels
gene_point	ENSG00000163882	POLR2H	0.654132206579174	0.712788545255593	0.0224416322902811					point used in Figure 2 scatter panels
gene_point	ENSG00000141522	ARHGDIA	0.186189145465422	0.268543131231465	0.104727219123216					point used in Figure 2 scatter panels
gene_point	ENSG00000111348	ARHGDIB	0.252670024104333	0.378056533175879	0.099277170288559					point used in Figure 2 scatter panels
gene_point	ENSG00000173744	AGFG1	-0.0606804729513931	-0.126321130185565	0.0027434370609498					point used in Figure 2 scatter panels
gene_point	ENSG00000169813	HNRNPF	-0.151287455974692	0.203823796287955	0.1174310938586877					point used in Figure 2 scatter panels
gene_point	ENSG00000170581	STAT2	-0.159129059867161	0.349562630726597	-0.3828614234970171					point used in Figure 2 scatter panels
gene_point	ENSG00000116062	MSH6	0.0444017341808771	0.562894790363606	-0.0189808762685714					point used in Figure 2 scatter panels
gene_point	ENSG00000138160	KIF11	-0.530801076405713	0.0671139289040437	-0.1237081852127026					point used in Figure 2 scatter panels
gene_point	ENSG00000160293	VAV2	-0.0972617394039686	-0.542046422517602	-0.2843629955830042					point used in Figure 2 scatter panels
gene_point	ENSG00000166478	ZNF143	0.891590931814713	1.31031561336389	0.0564716724189668					point used in Figure 2 scatter panels
gene_point	ENSG00000102172	SMS	0.330552091794275	0.567662269807485	0.0534074808899625					point used in Figure 2 scatter panels
gene_point	ENSG00000159399	HK2	-0.457970636537816	-0.0958340966346748	-0.1156481410529117					point used in Figure 2 scatter panels
gene_point	ENSG00000184349	EFNA5	-0.337150234040816	0.108090781621258	-0.2899145360295989					point used in Figure 2 scatter panels
gene_point	ENSG00000262814	MRPL12	0.0224689282726484	-0.214320601034307	0.1192863101693042					point used in Figure 2 scatter panels
gene_point	ENSG00000172009	THOP1	0.116476603036172	-0.151408302293687	0.0236150791803169					point used in Figure 2 scatter panels
gene_point	ENSG00000151632	AKR1C2	0.907619524333651	1.44192310616377	1.3792056093788858					point used in Figure 2 scatter panels
gene_point	ENSG00000116489	CAPZA1	0.0670307149062467	0.118233804025839	0.1187724156146039					point used in Figure 2 scatter panels
gene_point	ENSG00000149948	HMGA2	-1.24295845372724	-0.276428010717059	-0.4561236651945481					point used in Figure 2 scatter panels
gene_point	ENSG00000182809	CRIP2	0.300371543868163	0.317334812284664	-0.184347704177906					point used in Figure 2 scatter panels
gene_point	ENSG00000110713	NUP98	-0.069756803216233	0.0707259787587866	0.0513984636906315					point used in Figure 2 scatter panels
gene_point	ENSG00000106605	BLVRA	0.0103520915747653	0.0947368212695116	0.0235180319449739					point used in Figure 2 scatter panels
gene_point	ENSG00000100075	SLC25A1	0.219582259870272	-0.128889828627845	-0.3938467429861241					point used in Figure 2 scatter panels
gene_point	ENSG00000011485	PPP5C	0.164994557151904	0.202808184832656	-0.0116272680742781					point used in Figure 2 scatter panels
gene_point	ENSG00000166851	PLK1	0.0769288309851794	0.204760091753383	-0.4733915859744826					point used in Figure 2 scatter panels
gene_point	ENSG00000196730	DAPK1	0.827665879899416	0.185984421511839	0.5605002590167807					point used in Figure 2 scatter panels
gene_point	ENSG00000132254	ARFIP2	0.071099711392865	-0.283474213031192	0.2574389030145312					point used in Figure 2 scatter panels
gene_point	ENSG00000164144	ARFIP1	-0.362595955201327	-0.111967064540748	0.0026287953734751					point used in Figure 2 scatter panels
gene_point	ENSG00000103274	NUBP1	-0.063303357320427	-0.204117178456616	0.1381176781183093					point used in Figure 2 scatter panels
gene_point	ENSG00000131473	ACLY	0.0195724913338535	0.219210760070727	0.1216155500056679					point used in Figure 2 scatter panels
gene_point	ENSG00000164024	METAP1	0.114925183698824	0.287877197967882	0.1257334961639031					point used in Figure 2 scatter panels
gene_point	ENSG00000163541	SUCLG1	0.153722902107599	0.222669910046572	0.4464425439481125					point used in Figure 2 scatter panels
gene_point	ENSG00000167508	MVD	0.149532038129227	0.257963569074956	-0.0988535701537003					point used in Figure 2 scatter panels
gene_point	ENSG00000137955	RABGGTB	0.0686503049519725	0.290989212715904	0.1459262456175256					point used in Figure 2 scatter panels
gene_point	ENSG00000129083	COPB1	0.0234291067813654	0.393330813106367	0.0576926197863301					point used in Figure 2 scatter panels
gene_point	ENSG00000122218	COPA	-0.0821248151998501	0.182896190549792	-0.0951310586728837					point used in Figure 2 scatter panels
gene_point	ENSG00000109861	CTSC	0.1403801032647	0.47579910744792	-0.3693256411579426					point used in Figure 2 scatter panels
gene_point	ENSG00000070371	CLTCL1	-0.0232304131344501	0.161855230980409	0.0033046597474317					point used in Figure 2 scatter panels
gene_point	ENSG00000042753	AP2S1	0.0931765957324396	-0.0228327016245698	1.0128236184296					point used in Figure 2 scatter panels
gene_point	ENSG00000004961	HCCS	0.223764752683143	0.481212614912598	0.5835700163315352					point used in Figure 2 scatter panels
gene_point	ENSG00000198743	SLC5A3	0.382040041549905	1.12203646278847						point used in Figure 2 scatter panels
gene_point	ENSG00000183255	PTTG1IP	0.512390035883499	0.594471608847047	0.5244684118168017					point used in Figure 2 scatter panels
gene_point	ENSG00000182149	IST1	0.0250927161736281	0.392535251322165	-0.0331886204071274					point used in Figure 2 scatter panels
gene_point	ENSG00000176986	SEC24C	-0.021011718349658	0.235370942625947	-0.1715919874392142					point used in Figure 2 scatter panels
gene_point	ENSG00000113387	SUB1	0.0661262828616458	0.249024696484413	0.0457115753278749					point used in Figure 2 scatter panels
gene_point	ENSG00000140521	POLG	0.285899341339629	0.483462006402833	-0.129243635802597					point used in Figure 2 scatter panels
gene_point	ENSG00000074201	CLNS1A	0.0548505768952442	0.164757289782495	0.0683617115901213					point used in Figure 2 scatter panels
gene_point	ENSG00000197299	BLM	-0.958754712120388	-0.48673540638142						point used in Figure 2 scatter panels
gene_point	ENSG00000066427	ATXN3	-0.356391341932003	-0.385047419408788	-0.3411335891683063					point used in Figure 2 scatter panels
gene_point	ENSG00000101557	USP14	-0.161849672681682	0.0433072021086398	-0.0266124229773758					point used in Figure 2 scatter panels
gene_point	ENSG00000181929	PRKAG1	0.06153554629487	0.0134819421101831	0.0795676292877161					point used in Figure 2 scatter panels
gene_point	ENSG00000126803	HSPA2	0.51482966567276	0.82844186464858	0.8876178676266235					point used in Figure 2 scatter panels
gene_point	ENSG00000069849	ATP1B3	0.651657819306748	0.755997727802425	-0.052009032716203					point used in Figure 2 scatter panels
gene_point	ENSG00000179262	RAD23A	0.286251059238333	-0.0984001001556921	0.1177161967487698					point used in Figure 2 scatter panels
gene_point	ENSG00000119318	RAD23B	0.174046471620129	0.0979833183051727	-0.106417100993525					point used in Figure 2 scatter panels
gene_point	ENSG00000196411	EPHB4	-0.0146735759635707	-1.09073716885442	-0.3642955491279327					point used in Figure 2 scatter panels
gene_point	ENSG00000004455	AK2	0.10229077412146	0.169415560351084	0.071765852309813					point used in Figure 2 scatter panels
gene_point	ENSG00000059573	ALDH18A1	0.067964383317621	0.276129930446215	0.1628663518571933					point used in Figure 2 scatter panels
gene_point	ENSG00000105402	NAPA	0.285271378244394	0.251347572587978	0.0074071098994465					point used in Figure 2 scatter panels
gene_point	ENSG00000100664	EIF5	0.784685350879952	1.27724205558617	0.0442744540225952					point used in Figure 2 scatter panels
gene_point	ENSG00000064651	SLC12A2	-0.0909890760847345	0.0324096466539047	0.1884671018158528					point used in Figure 2 scatter panels
gene_point	ENSG00000159352	PSMD4	0.0437521008013637	0.392276367935335	0.0730050370017494					point used in Figure 2 scatter panels
gene_point	ENSG00000108591	DRG2	0.0329474488611631	0.265058173557162	0.0614322994024831					point used in Figure 2 scatter panels
gene_point	ENSG00000124207	CSE1L	-0.0213468144357373	0.328302100404876	-0.0980114343544258					point used in Figure 2 scatter panels
gene_point	ENSG00000139644	TMBIM6	0.511471390330684	0.769858746792972	-0.3236529600341633					point used in Figure 2 scatter panels
gene_point	ENSG00000165280	VCP	0.0631227543094853	0.494910652320575	0.1960149850128019					point used in Figure 2 scatter panels
gene_point	ENSG00000140259	MFAP1	-0.258202198203286	0.305921280027773	-0.0483827965091521					point used in Figure 2 scatter panels
gene_point	ENSG00000138029	HADHB	0.106874489225603	0.447819311458125	-0.0395996026416263					point used in Figure 2 scatter panels
gene_point	ENSG00000145050	MANF	0.444577703296459	0.456703540937354	0.0093273702062859					point used in Figure 2 scatter panels
gene_point	ENSG00000187109	NAP1L1	0.255548301311471	0.39788885727017	0.1633621121535178					point used in Figure 2 scatter panels
gene_point	ENSG00000165806	CASP7	-0.208824953361238	-0.325005180158922	-0.0654341559299069					point used in Figure 2 scatter panels
gene_point	ENSG00000138794	CASP6	-0.108803647423921	-0.285639905787313	-0.1999710785091508					point used in Figure 2 scatter panels
gene_point	ENSG00000156110	ADK	0.237703749713295	0.238820770770275	0.0882028241018915					point used in Figure 2 scatter panels
gene_point	ENSG00000160710	ADAR	0.02290747033895	-0.0253702929039054	-0.090195294517926					point used in Figure 2 scatter panels
gene_point	ENSG00000172037	LAMB2	0.21551146039805	0.479590928266033	-0.0466874284557441					point used in Figure 2 scatter panels
gene_point	ENSG00000140945	CDH13	0.215272142917793	0.21480990673184	0.2264406157046643					point used in Figure 2 scatter panels
gene_point	ENSG00000076554	TPD52	0.0500660388878977	0.0882371414509271	0.1269716020074689					point used in Figure 2 scatter panels
gene_point	ENSG00000157020	SEC13	0.18603879852323	0.359154301877651	0.0869101148547599					point used in Figure 2 scatter panels
gene_point	ENSG00000100138	SNU13	0.276540982396447	0.40861594447969	0.1961362674780069					point used in Figure 2 scatter panels
gene_point	ENSG00000141279	NPEPPS	0.150678993117567	0.445388750515068	0.1470927221783995					point used in Figure 2 scatter panels
gene_point	ENSG00000083720	OXCT1	0.0673052382817006	0.344564401172053	0.0242126061277154					point used in Figure 2 scatter panels
gene_point	ENSG00000106263	EIF3B	0.100398632555702	0.215568214607739	0.0205006408066417					point used in Figure 2 scatter panels
gene_point	ENSG00000015475	BID	0.297084452120809	0.254706423480023	0.0505827243087182					point used in Figure 2 scatter panels
gene_point	ENSG00000160194	NDUFV3	-0.992637615851542	-0.951410614583344	-0.0245400615112281					point used in Figure 2 scatter panels
gene_point	ENSG00000160214	RRP1	-0.304049933920505	-0.234238324460944	-0.0836018363789463					point used in Figure 2 scatter panels
gene_point	ENSG00000128989	ARPP19	-0.0740190518422938	0.0139890030100598	-0.1296882941234969					point used in Figure 2 scatter panels
gene_point	ENSG00000182712	CMC4	0.2552080755884	0.158707353221914	-0.281603625918402					point used in Figure 2 scatter panels
gene_point	ENSG00000242372	EIF6	0.171665810056564	0.411832663756954	0.1952553931038636					point used in Figure 2 scatter panels
gene_point	ENSG00000175029	CTBP2	-0.147393061531773	-0.325120975073637	0.0058902075460309					point used in Figure 2 scatter panels
gene_point	ENSG00000132196	HSD17B7	0.258120631346453	0.398361789659047	-0.1552377394043311					point used in Figure 2 scatter panels
gene_point	ENSG00000050820	BCAR1	0.139700239048963	-0.076281502936026	0.2341550826669518					point used in Figure 2 scatter panels
gene_point	ENSG00000136874	STX17	-0.624067625738903	-0.636934410491225	0.0265715847862111					point used in Figure 2 scatter panels
gene_point	ENSG00000160193	WDR4	-0.43186596330056	-0.185685125881484	0.0281153754297101					point used in Figure 2 scatter panels
gene_point	ENSG00000109133	TMEM33	-0.254620732328308	0.299862558541029	-0.0449210751102882					point used in Figure 2 scatter panels
gene_point	ENSG00000213463	SYNJ2BP	-0.321859221418625	-0.322223827651184	-0.1063525678699193					point used in Figure 2 scatter panels
gene_point	ENSG00000179409	GEMIN4	-0.648294025744162	-0.433492876741078	0.1724935567913021					point used in Figure 2 scatter panels
gene_point	ENSG00000123892	RAB38	-0.101184016156039	-0.299312379789284	-0.7761782361505851					point used in Figure 2 scatter panels
gene_point	ENSG00000111581	NUP107	-0.0342862455948955	0.2385853577876	0.0679386481279777					point used in Figure 2 scatter panels
gene_point	ENSG00000261150	EPPK1	0.382165008505349	0.151602745570426	0.2223679768915047					point used in Figure 2 scatter panels
gene_point	ENSG00000241553	ARPC4	0.147334100739644	0.246500238361958	0.0496341490585052					point used in Figure 2 scatter panels
gene_point	ENSG00000130165	ELOF1	-0.291439681162003	-0.686923404186754	0.3685200737252234					point used in Figure 2 scatter panels
gene_point	ENSG00000110651	CD81	0.156969789499234	0.29285502477248	-0.5229697732244816					point used in Figure 2 scatter panels
gene_point	ENSG00000132432	SEC61G	0.230460252695025	0.588009893236686	-0.1791494977036478					point used in Figure 2 scatter panels
gene_point	ENSG00000111669	TPI1	0.323106564644212	0.509358109093664	0.1997087806933564					point used in Figure 2 scatter panels
gene_point	ENSG00000104408	EIF3E	0.112245817140284	0.418221553874527	-0.0457843139279248					point used in Figure 2 scatter panels
gene_point	ENSG00000106803	SEC61B	0.287636740814013	0.40930675629738	0.1239117841256955					point used in Figure 2 scatter panels
gene_point	ENSG00000149923	PPP4C	0.0725268395682356	-0.0293886520334303	-0.1001033894028751					point used in Figure 2 scatter panels
gene_point	ENSG00000034713	GABARAPL2	0.290902789337759	0.485140998599546	0.6330593526013786					point used in Figure 2 scatter panels
gene_point	ENSG00000125995	ROMO1	0.272587631252476	0.442299705544521	-0.467015603051081					point used in Figure 2 scatter panels
gene_point	ENSG00000184787	UBE2G2	0.116681841290733	0.193738605284937	0.0986434907382953					point used in Figure 2 scatter panels
gene_point	ENSG00000092841	MYL6	0.440931081806761	0.656477702286011	0.3751610164901109					point used in Figure 2 scatter panels
gene_point	ENSG00000075624	ACTB	0.299287028136537	0.447472340939654	0.2744866718049437					point used in Figure 2 scatter panels
gene_point	ENSG00000008988	RPS20	0.44439893797549	0.386433910826352	0.1072684755424369					point used in Figure 2 scatter panels
gene_point	ENSG00000147224	PRPS1	0.140673049226911	0.270474737917636	0.0842608360526497					point used in Figure 2 scatter panels
gene_point	ENSG00000100902	PSMA6	0.169427346713781	0.160624523930163	0.1332962302994573					point used in Figure 2 scatter panels
gene_point	ENSG00000197747	S100A10	0.377532966088353	0.535006581138977	0.1543629579958825					point used in Figure 2 scatter panels
gene_point	ENSG00000070831	CDC42	0.201221390788643	0.668276712742299	-0.0687808722496541					point used in Figure 2 scatter panels
gene_point	ENSG00000125868	DSTN	0.54069702369015	0.691073178537435	0.3219450427867123					point used in Figure 2 scatter panels
gene_point	ENSG00000197045	GMFB	-0.33301707898382	-0.210074510496401	-0.2228122538386365					point used in Figure 2 scatter panels
gene_point	ENSG00000167461	RAB8A	0.239000535360453	0.367903588564925	-0.3558347179349717					point used in Figure 2 scatter panels
gene_point	ENSG00000129128	SPCS3	-0.247419951098612	0.0926528023639487	-0.0004887409560492					point used in Figure 2 scatter panels
gene_point	ENSG00000100883	SRP54	-0.116599612462073	0.210486026202746	-0.0351521164427524					point used in Figure 2 scatter panels
gene_point	ENSG00000104388	RAB2A	0.0460471907950752	0.255829145271588	-0.1362137634404803					point used in Figure 2 scatter panels
gene_point	ENSG00000111540	RAB5B	-0.276860862988537	-0.517995162459218	-0.1942395332364377					point used in Figure 2 scatter panels
gene_point	ENSG00000173207	CKS1B	0.557198715320342	0.0530110964347961	-0.1891020637928697					point used in Figure 2 scatter panels
gene_point	ENSG00000084733	RAB10	0.257455339717372	0.680236065359547	-0.0516448056332201					point used in Figure 2 scatter panels
gene_point	ENSG00000130725	UBE2M	0.511132531417197	0.634688603155193	0.1291753215046185					point used in Figure 2 scatter panels
gene_point	ENSG00000078140	UBE2K	-0.113599016721822	0.213652190064724	0.1553350680730538					point used in Figure 2 scatter panels
gene_point	ENSG00000177889	UBE2N	0.24105172929742	0.0749435166204827	-0.0589273837527599					point used in Figure 2 scatter panels
gene_point	ENSG00000119396	RAB14	0.0216137163827683	0.394252127988004	-0.0786833935126836					point used in Figure 2 scatter panels
gene_point	ENSG00000115091	ACTR3	0.188036697843267	0.509990088571138	-0.0061528224231039					point used in Figure 2 scatter panels
gene_point	ENSG00000138071	ACTR2	-0.0825207477300837	0.286515959642405	-0.0619502111104779					point used in Figure 2 scatter panels
gene_point	ENSG00000138107	ACTR1A	0.0654914132950096	0.246975697573991	0.1114879155581896					point used in Figure 2 scatter panels
gene_point	ENSG00000134825	TMEM258	0.209109903561423	0.24803267802782	-0.4151712007512067					point used in Figure 2 scatter panels
gene_point	ENSG00000166200	COPS2	-0.284315611603591	0.108964707974573	0.0893112065701977					point used in Figure 2 scatter panels
gene_point	ENSG00000134287	ARF3	0.0173287297958257	0.256498677087986	-0.2762676815840237					point used in Figure 2 scatter panels
gene_point	ENSG00000164163	ABCE1	-0.135878327277028	0.272165653995157	-0.0036194434097112					point used in Figure 2 scatter panels
gene_point	ENSG00000127314	RAP1B	0.0342179798722934	0.0561882400072069	-0.163256286563783					point used in Figure 2 scatter panels
gene_point	ENSG00000181467	RAP2B	-0.71241230017301	-0.657347508862594	-0.2184658412440541					point used in Figure 2 scatter panels
gene_point	ENSG00000125952	MAX	0.0111055930982869	0.212614323628104	0.1131321947266172					point used in Figure 2 scatter panels
gene_point	ENSG00000161970	RPL26	0.387643850281391	0.120409239507674	0.092769472997503					point used in Figure 2 scatter panels
gene_point	ENSG00000131467	PSME3	-0.193594218459003	-0.0142873994448412	0.1129039043528727					point used in Figure 2 scatter panels
gene_point	ENSG00000174748	RPL15	0.277053856172642	0.498934154443839	0.1134387998829389					point used in Figure 2 scatter panels
gene_point	ENSG00000162385	MAGOH	0.114461066109165	0.0338349434855938	0.0568453018440351					point used in Figure 2 scatter panels
gene_point	ENSG00000131469	RPL27	0.430772774712942	0.0894214504691417	0.0233881931658821					point used in Figure 2 scatter panels
gene_point	ENSG00000159720	ATP6V0D1	0.0119379398430966	0.242304036827329	0.9369402287730696					point used in Figure 2 scatter panels
gene_point	ENSG00000166228	PCBD1	0.236155355791998	0.152217300128632	-0.0265282905163246					point used in Figure 2 scatter panels
gene_point	ENSG00000197756	RPL37A	0.383395863892856	0.314485257727907	1.8851035945133745					point used in Figure 2 scatter panels
gene_point	ENSG00000067560	RHOA	0.200244507177313	0.412162913621114	-0.1598427695077973					point used in Figure 2 scatter panels
gene_point	ENSG00000115541	HSPE1	0.20770933208029	0.241133886761834	0.2009440991554463					point used in Figure 2 scatter panels
gene_point	ENSG00000058262	SEC61A1	0.113985980249402	0.312174285061179	-0.2455176212950576					point used in Figure 2 scatter panels
gene_point	ENSG00000155959	VBP1	0.092110393442244	0.227173744215156	0.1272440990464716					point used in Figure 2 scatter panels
gene_point	ENSG00000129562	DAD1	0.325348234226996	0.480942255825848	-0.1780776005282227					point used in Figure 2 scatter panels
gene_point	ENSG00000119655	NPC2	0.301189701048121	0.311332918285763	-0.0275966169578225					point used in Figure 2 scatter panels
gene_point	ENSG00000111481	COPZ1	0.0829251643574937	0.254823893411499	0.0140036879909075					point used in Figure 2 scatter panels
gene_point	ENSG00000120686	UFM1	0.178751079455737	0.430411247692124	0.0335230487016815					point used in Figure 2 scatter panels
gene_point	ENSG00000136485	DCAF7	-0.990321756757259	-0.426345556207932	-0.1165796926341684					point used in Figure 2 scatter panels
gene_point	ENSG00000196363	WDR5	-0.0864834689229741	-0.77829773405566	-0.0015518448925107					point used in Figure 2 scatter panels
gene_point	ENSG00000106367	AP1S1	0.200385440595562	0.258620983696721	-0.2258665821404832					point used in Figure 2 scatter panels
gene_point	ENSG00000102898	NUTF2	0.26608445631196	0.248043297780414	0.1987994390609273					point used in Figure 2 scatter panels
gene_point	ENSG00000165119	HNRNPK	0.351109097608127	0.907538268821259	0.1008715734055236					point used in Figure 2 scatter panels
gene_point	ENSG00000170027	YWHAG	-0.166571225506418	0.0892240252893892	0.1020532363812449					point used in Figure 2 scatter panels
gene_point	ENSG00000133818	RRAS2	0.562812289220567	0.557352878103573	0.094148702580302					point used in Figure 2 scatter panels
gene_point	ENSG00000134809	TIMM10	-0.0739385754718971	0.0177057319086316	-0.0138407945946923					point used in Figure 2 scatter panels
gene_point	ENSG00000171863	RPS7	0.387560449891569	0.632975059471314	-0.0120377540061547					point used in Figure 2 scatter panels
gene_point	ENSG00000172531	PPP1CA	0.210232800882801	0.0767942564680586	-0.088239509881177					point used in Figure 2 scatter panels
gene_point	ENSG00000213639	PPP1CB	-0.0224325259422043	-0.103181475669263	-0.0616450880549628					point used in Figure 2 scatter panels
gene_point	ENSG00000100764	PSMC1	0.0820347467064447	-0.0310945063318576	-0.173768692634372					point used in Figure 2 scatter panels
gene_point	ENSG00000087191	PSMC5	0.130729806276594	0.329669559071068	0.0467494647757718					point used in Figure 2 scatter panels
gene_point	ENSG00000142937	RPS8	0.315976262047811	0.267687270596159	0.1041754515415789					point used in Figure 2 scatter panels
gene_point	ENSG00000134419	RPS15A	0.363570617210852	0.033030905679637	-0.017364239240333					point used in Figure 2 scatter panels
gene_point	ENSG00000105193	RPS16	0.431425234985483	0.424735445092932	-0.0318893296663844					point used in Figure 2 scatter panels
gene_point	ENSG00000132388	UBE2G1	0.517608785320471	0.700473405482788	-0.761152501889276					point used in Figure 2 scatter panels
gene_point	ENSG00000186591	UBE2H	0.0641784576999567	0.617789976198016	-0.0450355364002987					point used in Figure 2 scatter panels
gene_point	ENSG00000164587	RPS14	0.30335433165103	0.270062742618605	-0.1217083548253299					point used in Figure 2 scatter panels
gene_point	ENSG00000186468	RPS23	0.2224933291337	0.0797524081430047	-0.0307270516576672					point used in Figure 2 scatter panels
gene_point	ENSG00000213741	RPS29	0.296916645124532	0.201989241095163	0.0035142075700775					point used in Figure 2 scatter panels
gene_point	ENSG00000110700	RPS13	0.367521870900675	0.0174442040472419	0.0099115394315809					point used in Figure 2 scatter panels
gene_point	ENSG00000142534	RPS11	0.388874965131536	0.306543897954572	0.2624402411282283					point used in Figure 2 scatter panels
gene_point	ENSG00000182004	SNRPE	0.227957864338757	0.373933819982891	-0.0569701920600671					point used in Figure 2 scatter panels
gene_point	ENSG00000139343	SNRPF	0.400561444647924	0.404505505053875	0.3008725681684829					point used in Figure 2 scatter panels
gene_point	ENSG00000170860	LSM3	0.283711634473878	0.495670225913302	0.0515670906306198					point used in Figure 2 scatter panels
gene_point	ENSG00000164167	LSM6	-0.155456486804383	-0.101453747094622	0.2763909160522697					point used in Figure 2 scatter panels
gene_point	ENSG00000167088	SNRPD1	-0.0917659180550465	-0.211920178721888	-0.0158691447936369					point used in Figure 2 scatter panels
gene_point	ENSG00000125743	SNRPD2	0.300716028258514	0.329638977610089	-0.1108527445423952					point used in Figure 2 scatter panels
gene_point	ENSG00000100028	SNRPD3	0.22396762379639	0.309853252221224	-0.1840475563194772					point used in Figure 2 scatter panels
gene_point	ENSG00000205542	TMSB4X	0.541826692911154	1.19522264359002	-0.0397102041405688					point used in Figure 2 scatter panels
gene_point	ENSG00000165527	ARF6	0.357890899484002	0.645935203108647	-0.1463983452492705					point used in Figure 2 scatter panels
gene_point	ENSG00000100519	PSMC6	-0.250466657245636	-0.0385588046292213	0.0811266078837071					point used in Figure 2 scatter panels
gene_point	ENSG00000168002	POLR2G	0.0836599588071957	0.200942754479207	-0.1949547987734288					point used in Figure 2 scatter panels
gene_point	ENSG00000103769	RAB11A	-0.156845214923146	0.0755928855932715	0.5846069553415258					point used in Figure 2 scatter panels
gene_point	ENSG00000120705	ETF1	-0.0340680229158074	0.0294402104623405	-0.0177494151149382					point used in Figure 2 scatter panels
gene_point	ENSG00000169714	CNBP	0.421370663505076	0.80784003315731	-0.1550507209579699					point used in Figure 2 scatter panels
gene_point	ENSG00000119801	YPEL5	1.63518304760395	2.22252363649324	-0.4044287736537928					point used in Figure 2 scatter panels
gene_point	ENSG00000198034	RPS4X	0.295162122439895	0.163969462062224	-0.0718203370639187					point used in Figure 2 scatter panels
gene_point	ENSG00000198242	RPL23A	0.536240553591794	0.575128246850835	0.152173121954906					point used in Figure 2 scatter panels
gene_point	ENSG00000137154	RPS6	0.298412418837227	0.147308109091639	0.0893982280891947					point used in Figure 2 scatter panels
gene_point	ENSG00000163032	VSNL1	0.723412186648807	0.368408777751429	0.1580351079495585					point used in Figure 2 scatter panels
gene_point	ENSG00000138069	RAB1A	0.0425106737656741	0.200068690756271	-0.1242055687611731					point used in Figure 2 scatter panels
gene_point	ENSG00000132341	RAN	0.114833364207286	0.308248128893094	0.090920961069699					point used in Figure 2 scatter panels
gene_point	ENSG00000125691	RPL23	0.340875224714869	0.162628057948682	-0.0167626304288504					point used in Figure 2 scatter panels
gene_point	ENSG00000116473	RAP1A	0.180151869966737	0.174162764313752	-0.2500075217478574					point used in Figure 2 scatter panels
gene_point	ENSG00000115268	RPS15	0.404585540739196	0.619389470007803	-0.0165208178468283					point used in Figure 2 scatter panels
gene_point	ENSG00000138326	RPS24	0.309015804201175	0.0783766038386071	-0.0150622573588954					point used in Figure 2 scatter panels
gene_point	ENSG00000197728	RPS26	0.423796181509602	0.473327917891194	0.1149611031442319					point used in Figure 2 scatter panels
gene_point	ENSG00000233927	RPS28	0.441686129121866	-0.309759672345871	-0.006798520988525					point used in Figure 2 scatter panels
gene_point	ENSG00000149806	FAU	0.496199433602721	0.684002730359136	0.1594047466244781					point used in Figure 2 scatter panels
gene_point	ENSG00000078369	GNB1	0.202780360569653	-0.0439315610186904	0.1585474645413107					point used in Figure 2 scatter panels
gene_point	ENSG00000100387	RBX1	0.172124891817921	0.397521049560034	0.1471300398222652					point used in Figure 2 scatter panels
gene_point	ENSG00000172354	GNB2	0.299117237369275	0.342104599231443	0.1022614046745644					point used in Figure 2 scatter panels
gene_point	ENSG00000156482	RPL30	0.412452723254012	0.0338132831084105	0.0457158293243047					point used in Figure 2 scatter panels
gene_point	ENSG00000071082	RPL31	0.296265080129035	0.158779335366418	-0.2391709712778329					point used in Figure 2 scatter panels
gene_point	ENSG00000198755	RPL10A	0.296521638985244	0.268500260560247	0.0083573150731872					point used in Figure 2 scatter panels
gene_point	ENSG00000144713	RPL32	0.388811237093982	-0.117456005063861	0.1151208228826732					point used in Figure 2 scatter panels
gene_point	ENSG00000142676	RPL11	0.44561973807145	0.22361786735905	0.1951095958730562					point used in Figure 2 scatter panels
gene_point	ENSG00000161016	RPL8	0.300958548190983	0.25871379545832	0.0833482303865871					point used in Figure 2 scatter panels
gene_point	ENSG00000196262	PPIA	0.330131297716245	0.344468778969039	0.1536894806897031					point used in Figure 2 scatter panels
gene_point	ENSG00000088832	FKBP1A	0.229663155316097	0.45268612369369	0.0425780905335386					point used in Figure 2 scatter panels
gene_point	ENSG00000143947	RPS27A	0.311431020611919	0.0789049352153815	-0.0489776008888398					point used in Figure 2 scatter panels
gene_point	ENSG00000177885	GRB2	0.234140738459542	0.589472556661388	-0.0179905346604769					point used in Figure 2 scatter panels
gene_point	ENSG00000136527	TRA2B	-0.117533802517487	-0.0110955613121589	0.2685472931995889					point used in Figure 2 scatter panels
gene_point	ENSG00000136238	RAC1	0.323297622150095	0.343851683838564	-0.0203897138218422					point used in Figure 2 scatter panels
gene_point	ENSG00000006125	AP2B1	0.154071179171792	0.412403561976606	0.0923481202523497					point used in Figure 2 scatter panels
gene_point	ENSG00000220205	VAMP2	0.0781553715858433	-0.358300914514657	-0.1345890207639044					point used in Figure 2 scatter panels
gene_point	ENSG00000087460	GNAS	0.476867873823386	-0.223226696494755	-0.2034636176329591					point used in Figure 2 scatter panels
gene_point	ENSG00000127955	GNAI1	0.720274769222878	1.34763230557941	0.4523959510004118					point used in Figure 2 scatter panels
gene_point	ENSG00000164924	YWHAZ	0.171165604048736	0.964200491623758	0.0979228556008635					point used in Figure 2 scatter panels
gene_point	ENSG00000221914	PPP2R2A	-0.0870419248950599	0.118492630989267	-0.045689624654372					point used in Figure 2 scatter panels
gene_point	ENSG00000116030	SUMO1	0.260832870324166	0.594212065083181	0.5149851346483274					point used in Figure 2 scatter panels
gene_point	ENSG00000088986	DYNLL1	-0.123995881906631	-0.137761650448578	-0.1625833027420249					point used in Figure 2 scatter panels
gene_point	ENSG00000146425	DYNLT1	-0.175947850742142	0.0966246050803042	-0.0717544199142636					point used in Figure 2 scatter panels
gene_point	ENSG00000172809	RPL38	0.447244695626257	0.160553782761479	0.0047277575543454					point used in Figure 2 scatter panels
gene_point	ENSG00000113558	SKP1	0.23960991771731	0.371145883123282	0.0785029920489464					point used in Figure 2 scatter panels
gene_point	ENSG00000171858	RPS21	0.383827513540932	0.258040919972824	0.4289616773515803					point used in Figure 2 scatter panels
gene_point	ENSG00000213246	SUPT4H1	0.006914779483568	-0.0376133885594887	0.3823731806342003					point used in Figure 2 scatter panels
gene_point	ENSG00000103275	UBE2I	0.0888026406396899	-0.116240518186981	-0.2212904263221062					point used in Figure 2 scatter panels
gene_point	ENSG00000034510	TMSB10	0.603583020531812	0.662374102468268	-0.3317405336139956					point used in Figure 2 scatter panels
gene_point	ENSG00000113575	PPP2CA	0.45342049701763	0.640459075545123	0.0312333162404385					point used in Figure 2 scatter panels
gene_point	ENSG00000065978	YBX1	0.568746884281764	-1.87233640023069	-0.212814960221273					point used in Figure 2 scatter panels
gene_point	ENSG00000140612	SEC11A	0.194175711583761	0.227720473147294	-0.0236926253743021					point used in Figure 2 scatter panels
gene_point	ENSG00000167460	TPM4	0.1110569536305	0.0165987182788096	-0.8105028685673688					point used in Figure 2 scatter panels
gene_point	ENSG00000185651	UBE2L3	0.208505303255457	0.23169105870332	0.0626302290376976					point used in Figure 2 scatter panels
gene_point	ENSG00000156508	EEF1A1	0.299528113184562	-0.0586361828849653	0.2001682261919768					point used in Figure 2 scatter panels
gene_point	ENSG00000123416	TUBA1B	0.259746655671532	0.7905380823193	0.2578562892019818					point used in Figure 2 scatter panels
gene_point	ENSG00000127824	TUBA4A	-0.15886282070862	0.0604608363140033	0.2512837975021362					point used in Figure 2 scatter panels
gene_point	ENSG00000188229	TUBB4B	0.3342547505161	0.744885468478532	0.2578053658006531					point used in Figure 2 scatter panels
gene_point	ENSG00000101266	CSNK2A1	0.065502416558704	0.414650448320939	-0.025450617576002					point used in Figure 2 scatter panels
gene_point	ENSG00000168092	PAFAH1B2	-0.148642018709098	0.131641425540642	0.1039897176092807					point used in Figure 2 scatter panels
gene_point	ENSG00000087269	NOP14	-0.0290395780915174	0.047292709832183	-0.2058873761953865					point used in Figure 2 scatter panels
gene_point	ENSG00000089289	IGBP1	0.19612922206409	-0.01908946239459	0.0991392446616288					point used in Figure 2 scatter panels
gene_point	ENSG00000146733	PSPH	-0.0331312166353047	-0.16882272041904	-0.1288682732864288					point used in Figure 2 scatter panels
gene_point	ENSG00000110321	EIF4G2	0.155486123571714	0.432785377782555	-0.062485228503359					point used in Figure 2 scatter panels
gene_point	ENSG00000148688	RPP30	-0.247295232139604	-0.0430240310099727	-0.0522566799005623					point used in Figure 2 scatter panels
gene_point	ENSG00000263001	GTF2I	-0.0228720503532222	0.0426540116218912	-0.1283161400948422					point used in Figure 2 scatter panels
gene_point	ENSG00000135250	SRPK2	-0.34516130273809	-0.531057782198869	-0.0447417194893819					point used in Figure 2 scatter panels
gene_point	ENSG00000166226	CCT2	0.312058323677736	0.73848369237094	0.1450145709130481					point used in Figure 2 scatter panels
gene_point	ENSG00000101146	RAE1	-0.236208469585559	0.0443232892147384	0.0313895492426539					point used in Figure 2 scatter panels
gene_point	ENSG00000148834	GSTO1	0.0900926953297921	0.157160780265847	0.0312451720222242					point used in Figure 2 scatter panels
gene_point	ENSG00000101384	JAG1	-0.0194039503228648	0.458307614605614	-0.8617860118688458					point used in Figure 2 scatter panels
gene_point	ENSG00000253729	PRKDC	-0.115039336424337	0.127506654111862	-0.2450754155689125					point used in Figure 2 scatter panels
gene_point	ENSG00000151694	ADAM17	0.0828223848206296	0.427979427027973	-0.0272119412232427					point used in Figure 2 scatter panels
gene_point	ENSG00000163435	ELF3	1.70335656609343	2.91323097989956	0.1747744262109698					point used in Figure 2 scatter panels
gene_point	ENSG00000166963	MAP1A	-0.112708207930473	0.367979749131113	-0.0399735010414872					point used in Figure 2 scatter panels
gene_point	ENSG00000148346	LCN2	0.130007846456593	-0.163934406963236	-0.281420881271611					point used in Figure 2 scatter panels
gene_point	ENSG00000068079	IFI35	-0.0781054084728431	0.19056236579009	-0.090996453887989					point used in Figure 2 scatter panels
gene_point	ENSG00000187193	MT1X	0.0804706876317992	0.453756808569377	-0.1084744651816862					point used in Figure 2 scatter panels
gene_point	ENSG00000070081	NUCB2	0.019237635656581	0.517450789787767	-0.0459452782737344					point used in Figure 2 scatter panels
gene_point	ENSG00000183044	ABAT	0.0884973400493705	-0.603080607934853	0.093711784322453					point used in Figure 2 scatter panels
gene_point	ENSG00000176788	BASP1	0.795353048054666	1.03902130223675	-0.5915059421926507					point used in Figure 2 scatter panels
gene_point	ENSG00000175110	MRPS22	-0.0618695984326836	0.108197039492009	0.1308425345905846					point used in Figure 2 scatter panels
gene_point	ENSG00000131368	MRPS25	-0.051772599754533	-0.0991443898914134	-0.1822578529610794					point used in Figure 2 scatter panels
gene_point	ENSG00000048544	MRPS10	-0.0740439389700349	-0.107636644444996	-0.3895423751439857					point used in Figure 2 scatter panels
gene_point	ENSG00000061794	MRPS35	-0.176879919471997	-0.224636039726862	-0.1843248429298718					point used in Figure 2 scatter panels
gene_point	ENSG00000144029	MRPS5	-0.0419946936710109	-0.0212728137314722	-0.2382119719570958					point used in Figure 2 scatter panels
gene_point	ENSG00000181991	MRPS11	0.0377172328512785	0.0584277237416649	-0.0560093184311902					point used in Figure 2 scatter panels
gene_point	ENSG00000116898	MRPS15	0.145867368740394	-0.247853288610323	0.154106165638872					point used in Figure 2 scatter panels
gene_point	ENSG00000266472	MRPS21	0.144877720185703	0.0802581394717183	-0.0497188906100483					point used in Figure 2 scatter panels
gene_point	ENSG00000074071	MRPS34	0.236459435642895	0.172282458994205	-0.1837709881098241					point used in Figure 2 scatter panels
gene_point	ENSG00000243927	MRPS6	1.12014601987657	1.29800059701363	0.605817696315432					point used in Figure 2 scatter panels
gene_point	ENSG00000135972	MRPS9	-0.195168415088989	0.0793017971776085	0.0444563385321359					point used in Figure 2 scatter panels
gene_point	ENSG00000198157	HMGN5	-0.154753040465529	0.507773000025199	-0.0707239400397448					point used in Figure 2 scatter panels
gene_point	ENSG00000205323	SARNP	0.350550721827518	0.399814454704976	0.2125484636849073					point used in Figure 2 scatter panels
gene_point	ENSG00000168434	COG7	-0.304188590133306	-0.094606384823076	-0.1043733567221778					point used in Figure 2 scatter panels
gene_point	ENSG00000114391	RPL24	0.377973041276694	0.497082814665092	0.1389288058707585					point used in Figure 2 scatter panels
gene_point	ENSG00000108468	CBX1	0.136415517978323	0.0066907302385906	-0.0970778428860583					point used in Figure 2 scatter panels
gene_point	ENSG00000166949	SMAD3	0.510560954653024	0.629808868135428	0.0827571051406224					point used in Figure 2 scatter panels
gene_point	ENSG00000143761	ARF1	0.349300620004621	0.47839159797243	-0.3880884929095884					point used in Figure 2 scatter panels
gene_point	ENSG00000004059	ARF5	0.180939291162428	-0.0488949142145674	-0.5637947177989293					point used in Figure 2 scatter panels
gene_point	ENSG00000100632	ERH	0.205906567368535	0.24466991140437	0.0055318278263705					point used in Figure 2 scatter panels
gene_point	ENSG00000177105	RHOG	-0.13670769520865	-0.339968272865297	-0.2843518287014888					point used in Figure 2 scatter panels
gene_point	ENSG00000108298	RPL19	0.38100089938454	0.209421293414598	0.177654284643701					point used in Figure 2 scatter panels
gene_point	ENSG00000112081	SRSF3	-0.0532949748641368	0.198574129161141	0.016734732960888					point used in Figure 2 scatter panels
gene_point	ENSG00000164916	FOXK1	-0.372780328666353	-0.178231119715235	0.1479341369267466					point used in Figure 2 scatter panels
gene_point	ENSG00000142798	HSPG2	0.448644871257058	0.58208803611984	-0.3860081622509987					point used in Figure 2 scatter panels
gene_point	ENSG00000090776	EFNB1	0.0956276805818448	0.338768012782926	0.0022741885101389					point used in Figure 2 scatter panels
gene_point	ENSG00000182872	RBM10	0.330170365732174	0.343781579172127	-0.1649896051944992					point used in Figure 2 scatter panels
gene_point	ENSG00000102317	RBM3	0.0206719930087394	0.279770225424766	-0.2260441857357449					point used in Figure 2 scatter panels
gene_point	ENSG00000017260	ATP2C1	0.0999331892816968	0.155426287621279	-0.3990490519810805					point used in Figure 2 scatter panels
gene_point	ENSG00000172115	CYCS	0.369223796315509	0.869022628437769	0.2827129122862182					point used in Figure 2 scatter panels
gene_point	ENSG00000108064	TFAM	-0.0737039167978936	0.521007360248417	-0.0152677140279919					point used in Figure 2 scatter panels
gene_point	ENSG00000174238	PITPNA	-0.0912214420184621	-0.448560937128058	-0.1062949214923136					point used in Figure 2 scatter panels
gene_point	ENSG00000075415	SLC25A3	0.168573698451887	0.391429485628764	-0.1716802664787309					point used in Figure 2 scatter panels
gene_point	ENSG00000115677	HDLBP	0.172905264634997	0.186474751431783	-0.1442354925922053					point used in Figure 2 scatter panels
gene_point	ENSG00000137947	GTF2B	-0.252690063081576	-0.099187370632323	0.0459896284470886					point used in Figure 2 scatter panels
gene_point	ENSG00000105810	CDK6	-0.198786381235092	0.519387022120861	-0.1468225106922993					point used in Figure 2 scatter panels
gene_point	ENSG00000164885	CDK5	0.143284334165085	0.0192858653662446	-0.1762871671006856					point used in Figure 2 scatter panels
gene_point	ENSG00000185129	PURA	-0.573598804972992	0.145143908829477	0.0083557745210036					point used in Figure 2 scatter panels
gene_point	ENSG00000141367	CLTC	-0.107147992351292	0.301673470613748	0.0043873069440927					point used in Figure 2 scatter panels
gene_point	ENSG00000077150	NFKB2	-0.352438498358721	-0.492353641111699	0.019784958527925					point used in Figure 2 scatter panels
gene_point	ENSG00000100442	FKBP3	0.113447508081757	0.154269371713629	-0.1058209753786023					point used in Figure 2 scatter panels
gene_point	ENSG00000129625	REEP5	-0.032235797177251	0.0489220230952515	-0.6007957825928294					point used in Figure 2 scatter panels
gene_point	ENSG00000140263	SORD	0.142668914189011	0.211944640837009	0.0487745589983674					point used in Figure 2 scatter panels
gene_point	ENSG00000153187	HNRNPU	0.238611434447545	0.603573840046567	0.1581605548694504					point used in Figure 2 scatter panels
gene_point	ENSG00000160201	U2AF1	-0.539021814828467	0.704343341892943	0.2338555536893984					point used in Figure 2 scatter panels
gene_point	ENSG00000115306	SPTBN1	0.0888589730547883	0.087049872068988	-0.0692138001701785					point used in Figure 2 scatter panels
gene_point	ENSG00000151923	TIAL1	0.178054475502749	0.738387375733102	0.0531024336696184					point used in Figure 2 scatter panels
gene_point	ENSG00000119335	SET	0.288228680051543	0.506800856800168	-0.0542131985246108					point used in Figure 2 scatter panels
gene_point	ENSG00000161547	SRSF2	0.11769786167061	0.418172619184857	0.014175603708562					point used in Figure 2 scatter panels
gene_point	ENSG00000159216	RUNX1	2.31909409795353	2.12701212168516	0.0748724074712647					point used in Figure 2 scatter panels
gene_point	ENSG00000116337	AMPD2	-0.0711083936619163	0.0150246814224442	0.3279405937125759					point used in Figure 2 scatter panels
gene_point	ENSG00000164687	FABP5	0.310331731914468	1.42957845796738	0.1122796619608621					point used in Figure 2 scatter panels
gene_point	ENSG00000131236	CAP1	0.178499739522768	0.520978721896872	0.0773424147225476					point used in Figure 2 scatter panels
gene_point	ENSG00000112972	HMGCS1	-0.181257114470422	0.161703228168853	-0.2699446907048646					point used in Figure 2 scatter panels
gene_point	ENSG00000142089	IFITM3	0.285337849702874	0.419157216948977	-1.0121025199445413					point used in Figure 2 scatter panels
gene_point	ENSG00000103257	SLC7A5	0.156018779574722	-0.136300803183297	-0.5819083225232831					point used in Figure 2 scatter panels
gene_point	ENSG00000117505	DR1	0.303097289587243	0.312895954242764	-0.0300386317465353					point used in Figure 2 scatter panels
gene_point	ENSG00000090447	TFAP4	-0.273294166415067	-0.599522272557975	-0.8736444298031358					point used in Figure 2 scatter panels
gene_point	ENSG00000171824	EXOSC10	-0.12523565987805	-0.138379395215235	-0.0592278076001981					point used in Figure 2 scatter panels
gene_point	ENSG00000164164	OTUD4	-0.11463028184385	-0.424127877495786	-0.2723674482369613					point used in Figure 2 scatter panels
gene_point	ENSG00000067057	PFKP	0.205265144145281	0.356488747192631	0.0096234626571565					point used in Figure 2 scatter panels
gene_point	ENSG00000182944	EWSR1	0.14000029795418	0.449411296324061	-0.1268840055031859					point used in Figure 2 scatter panels
gene_point	ENSG00000149782	PLCB3	0.202880071215093	-0.382450239879315	-0.3467603408371253					point used in Figure 2 scatter panels
gene_point	ENSG00000167182	SP2	0.474378692289943	0.67120940438296	0.1796417533599754					point used in Figure 2 scatter panels
gene_point	ENSG00000102967	DHODH	-0.549719836840195	-0.446227626021456	-0.15250284655853					point used in Figure 2 scatter panels
gene_point	ENSG00000105953	OGDH	0.134814068638603	0.387156578640467	0.0303932357388028					point used in Figure 2 scatter panels
gene_point	ENSG00000137807	KIF23	0.0074297028479614	0.253187825837324	-0.1065243437986254					point used in Figure 2 scatter panels
gene_point	ENSG00000119711	ALDH6A1	0.01879085200926	0.392165684303509	-0.1884428162780906					point used in Figure 2 scatter panels
gene_point	ENSG00000134755	DSC2	-0.0362269698704989	0.10528780940367	-0.5778245627797496					point used in Figure 2 scatter panels
gene_point	ENSG00000105640	RPL18A	0.392005763805396	0.531467317634481	0.1380738767769926					point used in Figure 2 scatter panels
gene_point	ENSG00000169032	MAP2K1	0.854059968884756	1.07447167375684	0.1731287702504147					point used in Figure 2 scatter panels
gene_point	ENSG00000004478	FKBP4	0.464561420549593	0.516006978847896	0.0142416073862534					point used in Figure 2 scatter panels
gene_point	ENSG00000083444	PLOD1	0.358831039595166	0.322175602772075	-0.2452648023056625					point used in Figure 2 scatter panels
gene_point	ENSG00000104805	NUCB1	0.264619069328776	0.55046813575877	0.1724708034157274					point used in Figure 2 scatter panels
gene_point	ENSG00000089009	RPL6	0.257255803713941	0.42422263241605	0.1093390719788764					point used in Figure 2 scatter panels
gene_point	ENSG00000077097	TOP2B	-0.467685201653439	-0.173042565972713	-0.4767017132129147					point used in Figure 2 scatter panels
gene_point	ENSG00000108528	SLC25A11	0.165611585535634	0.0901416473820087	0.0606748614235392					point used in Figure 2 scatter panels
gene_point	ENSG00000151914	DST	-0.0002600346150239	0.149037660058446	0.1150142891154892					point used in Figure 2 scatter panels
gene_point	ENSG00000105974	CAV1	0.192575936548032	0.444425885946128	0.0487882036720215					point used in Figure 2 scatter panels
gene_point	ENSG00000243989	ACY1	0.156663546538094	-1.33762317616667	0.033825961299108					point used in Figure 2 scatter panels
gene_point	ENSG00000118058	KMT2A	-0.534882247675198	-0.349753109526478	0.0222059181229195					point used in Figure 2 scatter panels
gene_point	ENSG00000185215	TNFAIP2	0.139180820623218	0.108921165576243	-0.230215974825839					point used in Figure 2 scatter panels
gene_point	ENSG00000176619	LMNB2	0.199879967761718	-0.105080885590251	0.0708379014937286					point used in Figure 2 scatter panels
gene_point	ENSG00000110921	MVK	0.366161176379577	0.342572384298955	-0.0441277934935584					point used in Figure 2 scatter panels
gene_point	ENSG00000173039	RELA	-0.0892144486284018	-0.240677035272497	0.0395753004025216					point used in Figure 2 scatter panels
gene_point	ENSG00000162191	UBXN1	0.180361795342771	0.0960308828701085	0.0571153847394398					point used in Figure 2 scatter panels
gene_point	ENSG00000114480	GBE1	0.155325794822122	0.31139616184058	-0.1487302286056362					point used in Figure 2 scatter panels
gene_point	ENSG00000114867	EIF4G1	0.271222398768869	0.559713250532231	-0.1810955233436395					point used in Figure 2 scatter panels
gene_point	ENSG00000165240	ATP7A	-0.219115304567371	0.126039140650153	-0.2918766441705269					point used in Figure 2 scatter panels
gene_point	ENSG00000128422	KRT17	0.485464246501717	0.908806666792687	0.2353024450993324					point used in Figure 2 scatter panels
gene_point	ENSG00000196781	TLE1	1.17218439377118	1.44995962576426	-0.0618225388682684					point used in Figure 2 scatter panels
gene_point	ENSG00000140332	TLE3	0.287343222919021	0.573561894426207	-1.0833346693883303					point used in Figure 2 scatter panels
gene_point	ENSG00000124767	GLO1	0.163752428046327	0.217713643851588	0.095849587454289					point used in Figure 2 scatter panels
gene_point	ENSG00000187134	AKR1C1	1.15844001936974	1.56088065925724	1.2548969564640942					point used in Figure 2 scatter panels
gene_point	ENSG00000162924	REL	-0.564990219338847	-0.292640249711539	-0.2549823798917039					point used in Figure 2 scatter panels
gene_point	ENSG00000128245	YWHAH	0.35976382729017	0.20738723453823	0.030488109860002					point used in Figure 2 scatter panels
gene_point	ENSG00000102007	PLP2	0.160431123838337	0.252402380233034	0.2357669857347346					point used in Figure 2 scatter panels
gene_point	ENSG00000101138	CSTF1	-1.43514711982459	-1.32633664413948	0.040154616652515					point used in Figure 2 scatter panels
gene_point	ENSG00000114062	UBE3A	-0.214415340157282	-0.15681505201973	-0.1731075439585296					point used in Figure 2 scatter panels
gene_point	ENSG00000127947	PTPN12	0.0874113203706383	-0.611715500761389	0.1161170571097827					point used in Figure 2 scatter panels
gene_point	ENSG00000169398	PTK2	0.0929454903453069	-0.333778349568121	-0.1358536092072029					point used in Figure 2 scatter panels
gene_point	ENSG00000116754	SRSF11	0.0461673410348134	0.4636113549927	0.1988330241944496					point used in Figure 2 scatter panels
gene_point	ENSG00000101210	EEF1A2	0.344260068673193	0.490480124965304	0.0208546746063724					point used in Figure 2 scatter panels
gene_point	ENSG00000122786	CALD1	-0.0628008084089121	0.313679802287481	0.1863961636010742					point used in Figure 2 scatter panels
gene_point	ENSG00000136877	FPGS	0.118805941571497	0.0390531286136609	-0.258706569854894					point used in Figure 2 scatter panels
gene_point	ENSG00000137770	CTDSPL2	0.238536475290831	0.617345254542318	-0.665442577658494					point used in Figure 2 scatter panels
gene_point	ENSG00000179295	PTPN11	-0.184331826012718	-0.414664309896398	0.0668882274797049					point used in Figure 2 scatter panels
gene_point	ENSG00000119537	KDSR	0.0150313483853531	-0.0327321746218293	-0.6589932268237071					point used in Figure 2 scatter panels
gene_point	ENSG00000128059	PPAT	-0.130432433606448	0.319540513185526	0.0331453767302356					point used in Figure 2 scatter panels
gene_point	ENSG00000198380	GFPT1	-0.0033843610291309	0.506918522462027	0.0442667734900865					point used in Figure 2 scatter panels
gene_point	ENSG00000123737	EXOSC9	0.142090784590882	0.247568478897822	-0.0784721673168142					point used in Figure 2 scatter panels
gene_point	ENSG00000084234	APLP2	0.251154164070806	0.429809318487065	0.4829514067659453					point used in Figure 2 scatter panels
gene_point	ENSG00000051180	RAD51	-0.311913858902894	-0.146908270347898	-0.3717465372021529					point used in Figure 2 scatter panels
gene_point	ENSG00000102081	FMR1	0.0454907353028179	0.16851911003551	-0.2547356535049871					point used in Figure 2 scatter panels
gene_point	ENSG00000117450	PRDX1	0.575973209991411	0.909882100896551	0.3607900760451343					point used in Figure 2 scatter panels
gene_point	ENSG00000063177	RPL18	0.358691926784614	0.417581083382035	0.2011492104630399					point used in Figure 2 scatter panels
gene_point	ENSG00000108561	C1QBP	0.232087569158905	0.470813111202713	0.1833357544852205					point used in Figure 2 scatter panels
gene_point	ENSG00000136026	CKAP4	-0.151738471011616	-0.161754361360452	-0.1839117691314058					point used in Figure 2 scatter panels
gene_point	ENSG00000104450	SPAG1	0.462699583881569	0.17692903632209	-0.0722348980547309					point used in Figure 2 scatter panels
gene_point	ENSG00000121774	KHDRBS1	0.121581559173617	0.493994844788983	-0.235039882493929					point used in Figure 2 scatter panels
gene_point	ENSG00000087088	BAX	0.0955492929550483	-0.184690619695781	-0.1190403595754112					point used in Figure 2 scatter panels
gene_point	ENSG00000171552	BCL2L1	0.395847137555883	-0.147277060752874	0.5169872387903212					point used in Figure 2 scatter panels
gene_point	ENSG00000177084	POLE	-0.0674498985744935	0.29752411925877	-0.268789528412821					point used in Figure 2 scatter panels
gene_point	ENSG00000126214	KLC1	-0.129985399316423	-0.193443302647347	0.1426388908254878					point used in Figure 2 scatter panels
gene_point	ENSG00000115904	SOS1	-0.298640095878716	-0.657456525290942	-1.2035939512901397					point used in Figure 2 scatter panels
gene_point	ENSG00000123384	LRP1	0.346250498418629	0.991855213017349	0.0245919131951595					point used in Figure 2 scatter panels
gene_point	ENSG00000136450	SRSF1	0.167738931953168	0.474716201775307	0.0449691136609011					point used in Figure 2 scatter panels
gene_point	ENSG00000175220	ARHGAP1	-0.0756449270846393	0.0608243759390788	-0.1121944450322232					point used in Figure 2 scatter panels
gene_point	ENSG00000116350	SRSF4	0.380950707736373	0.329440653416092	0.3090070296952234					point used in Figure 2 scatter panels
gene_point	ENSG00000156453	PCDH1	-0.0011525105746385	-0.054768821445053	-0.0666276413599007					point used in Figure 2 scatter panels
gene_point	ENSG00000138814	PPP3CA	0.186405898039348	0.647861322993092	-0.105341850905539					point used in Figure 2 scatter panels
gene_point	ENSG00000135829	DHX9	0.27349426319854	0.302299475115714	0.0039101409499764					point used in Figure 2 scatter panels
gene_point	ENSG00000116791	CRYZ	0.147921504628316	0.405511785636741	0.0933994861274811					point used in Figure 2 scatter panels
gene_point	ENSG00000090615	GOLGA3	-0.106724338958356	-0.659858849757214	-0.0736777368883512					point used in Figure 2 scatter panels
gene_point	ENSG00000167110	GOLGA2	-0.33032579875961	-0.0875201919324423	0.1136501073401063					point used in Figure 2 scatter panels
gene_point	ENSG00000108679	LGALS3BP	0.251069894358015	0.50098798903918	-0.037567602043282					point used in Figure 2 scatter panels
gene_point	ENSG00000113790	EHHADH	-0.475632617139988	-0.0649689006658488	0.0180942905200929					point used in Figure 2 scatter panels
gene_point	ENSG00000196776	CD47	0.0041917317975042	0.0049779938775302	-0.0355781193776003					point used in Figure 2 scatter panels
gene_point	ENSG00000171497	PPID	-0.0408281592358488	-0.002923872587561	0.1730735825639087					point used in Figure 2 scatter panels
gene_point	ENSG00000149136	SSRP1	0.253227351586092	0.0962328391846418	0.0067827282629906					point used in Figure 2 scatter panels
gene_point	ENSG00000134278	SPIRE1	0.0946140623475095	-0.383688756200153	1.025715507936873					point used in Figure 2 scatter panels
gene_point	ENSG00000166750	SLFN5	-1.72247765306082	-1.46962615400162	-0.105634921463082					point used in Figure 2 scatter panels
gene_point	ENSG00000103043	VAC14	0.0708071414945676	-0.0343619842683748	-0.0826402981852929					point used in Figure 2 scatter panels
gene_point	ENSG00000037474	NSUN2	0.0003286274684439	0.0132018783324442	0.0492683248938163					point used in Figure 2 scatter panels
gene_point	ENSG00000162521	RBBP4	0.242972831919539	0.625869681942457	0.0684223347843691					point used in Figure 2 scatter panels
gene_point	ENSG00000136937	NCBP1	-0.0190967574823625	0.280291129074236	-0.1377855563267864					point used in Figure 2 scatter panels
gene_point	ENSG00000124942	AHNAK	0.166579316711161	0.444414073024943	-0.1056165779689699					point used in Figure 2 scatter panels
gene_point	ENSG00000133138	TBC1D8B	-0.237889130985775	-0.132067584307506	1.5881131845113572					point used in Figure 2 scatter panels
gene_point	ENSG00000187522	HSPA14	0.133821152392367	0.127644500780805	0.0824475631037735					point used in Figure 2 scatter panels
gene_point	ENSG00000185504	FAAP100	-0.0164038901081499	-0.672218148359965	1.2089036783127725					point used in Figure 2 scatter panels
gene_point	ENSG00000188186	LAMTOR4	0.208408259421981	0.221110009185689	-0.0404244978494254					point used in Figure 2 scatter panels
gene_point	ENSG00000143641	GALNT2	0.260352362008049	0.222635203037601	-0.4012112459987591					point used in Figure 2 scatter panels
gene_point	ENSG00000100280	AP1B1	0.208143669444755	0.289397772021719	0.0264703677098516					point used in Figure 2 scatter panels
gene_point	ENSG00000165688	PMPCA	-0.201179109145888	0.0869287890327387	0.1008296046782071					point used in Figure 2 scatter panels
gene_point	ENSG00000136193	SCRN1	0.131358510299989	0.0814776634721626	0.2527236645876805					point used in Figure 2 scatter panels
gene_point	ENSG00000030066	NUP160	-0.135883131657518	0.0809751889308586	-0.0993182433843742					point used in Figure 2 scatter panels
gene_point	ENSG00000077235	GTF3C1	0.0327042072591554	0.194669557993006	-0.2079355334470705					point used in Figure 2 scatter panels
gene_point	ENSG00000151239	TWF1	-0.325920592474438	-0.0919115344542128	-0.0946775663165695					point used in Figure 2 scatter panels
gene_point	ENSG00000198363	ASPH	0.0344153658491279	-0.233574032233061	-0.3036260628269964					point used in Figure 2 scatter panels
gene_point	ENSG00000135457	TFCP2	-0.731268382918073	-0.923127482526558	-0.0630323073682923					point used in Figure 2 scatter panels
gene_point	ENSG00000170776	AKAP13	-0.0618225359686328	0.390500940747103	-0.1247420219190402					point used in Figure 2 scatter panels
gene_point	ENSG00000115380	EFEMP1	0.243300066451869	0.392225406413889	-0.0553175515033057					point used in Figure 2 scatter panels
gene_point	ENSG00000117399	CDC20	0.137534736250249	0.401870933498289	-0.5927252539903325					point used in Figure 2 scatter panels
gene_point	ENSG00000103496	STX4	0.069049175857738	-0.136949222986567	-0.2389114738573639					point used in Figure 2 scatter panels
gene_point	ENSG00000132463	GRSF1	-0.0219077576974524	-0.0315942315579035	0.0885466621355224					point used in Figure 2 scatter panels
gene_point	ENSG00000162599	NFIA	-0.280964459926977	-0.0953722528797074	-0.9581044203755074					point used in Figure 2 scatter panels
gene_point	ENSG00000170004	CHD3	0.32135664442503	-0.121291247523181	-0.0919964631027365					point used in Figure 2 scatter panels
gene_point	ENSG00000183431	SF3A3	0.0049727211678551	0.212312825696768	0.08485009734353					point used in Figure 2 scatter panels
gene_point	ENSG00000067369	TP53BP1	-0.133799356380175	0.134725147128918	0.1014798573331106					point used in Figure 2 scatter panels
gene_point	ENSG00000126062	TMEM115	-0.906637649892071	-0.510313550762973	-0.3812385203696475					point used in Figure 2 scatter panels
gene_point	ENSG00000164022	AIMP1	-0.200723766850641	0.290884344572242	0.0690049226347113					point used in Figure 2 scatter panels
gene_point	ENSG00000143621	ILF2	0.228217897639221	0.381341906257622	0.0395839671282303					point used in Figure 2 scatter panels
gene_point	ENSG00000129351	ILF3	0.16102479792744	0.13907401421539	-0.0255611915831188					point used in Figure 2 scatter panels
gene_point	ENSG00000169223	LMAN2	0.373725947129927	-0.0895664433284489	-0.35449626626162					point used in Figure 2 scatter panels
gene_point	ENSG00000107105	ELAVL2	-0.0204627679163155	-0.995247810110141	-0.175077095041086					point used in Figure 2 scatter panels
gene_point	ENSG00000151491	EPS8	0.207637007897638	-0.0429973519316545	-0.6086453543788917					point used in Figure 2 scatter panels
gene_point	ENSG00000126602	TRAP1	0.138260866532749	0.366756806052577	-0.0616773069450466					point used in Figure 2 scatter panels
gene_point	ENSG00000127191	TRAF2	-0.422414173652169	-0.71520994920726	-0.0178468370442388					point used in Figure 2 scatter panels
gene_point	ENSG00000075711	DLG1	-0.0579509609738394	-0.0556854344329708	-0.0865965285085295					point used in Figure 2 scatter panels
gene_point	ENSG00000166337	TAF10	0.208608419855894	-0.6651930051442	-0.3069869829613338					point used in Figure 2 scatter panels
gene_point	ENSG00000157483	MYO1E	0.237146404747551	0.51195122708407	0.0755916621198125					point used in Figure 2 scatter panels
gene_point	ENSG00000117751	PPP1R8	-1.1967496535036	-1.34977401766183	-0.0229369982759237					point used in Figure 2 scatter panels
gene_point	ENSG00000184007	PTP4A2	0.453649357053162	0.687131730530259	-0.4421175170219467					point used in Figure 2 scatter panels
gene_point	ENSG00000113734	BNIP1	-0.409125625333984	-0.529537704636109	-0.1115840396458498					point used in Figure 2 scatter panels
gene_point	ENSG00000176102	CSTF3	-0.774758872733117	-0.507431124947431	-0.1003934682211209					point used in Figure 2 scatter panels
gene_point	ENSG00000100852	ARHGAP5	-0.543270445137773	-0.634955683786792	-0.4386049534490546					point used in Figure 2 scatter panels
gene_point	ENSG00000196792	STRN3	-0.266839068436089	-0.124373862615576	-0.0544311113919135					point used in Figure 2 scatter panels
gene_point	ENSG00000130177	CDC16	0.102961062209129	-0.214464347856928	-0.3606809718705026					point used in Figure 2 scatter panels
gene_point	ENSG00000101109	STK4	-0.542362726446421	-0.401394814072728	-0.1529086931941101					point used in Figure 2 scatter panels
gene_point	ENSG00000119401	TRIM32	-2.50804644661518	-2.20194028956587	0.0503873299381911					point used in Figure 2 scatter panels
gene_point	ENSG00000068120	COASY	0.12190619266918	0.112655103611249	-0.0351470426342075					point used in Figure 2 scatter panels
gene_point	ENSG00000086504	MRPL28	0.107933606330396	0.281620919171272	0.2557431460770552					point used in Figure 2 scatter panels
gene_point	ENSG00000169727	GPS1	0.196515657248982	0.220508744314576	-0.0186727067211727					point used in Figure 2 scatter panels
gene_point	ENSG00000114316	USP4	-0.120676370292463	0.123851968052173	0.6041369749521923					point used in Figure 2 scatter panels
gene_point	ENSG00000159259	CHAF1B	-0.100225730095351	-0.0457870439917223	-0.3773036083069474					point used in Figure 2 scatter panels
gene_point	ENSG00000162366	PDZK1IP1	1.11857016568946	0.137113799801901	-7.501194223902094					point used in Figure 2 scatter panels
gene_point	ENSG00000113141	IK	0.0422455991937799	0.0224495675014386	0.1026340311463229					point used in Figure 2 scatter panels
gene_point	ENSG00000099810	MTAP	-0.190742017685628	0.0894831342742477	0.2222202554618135					point used in Figure 2 scatter panels
gene_point	ENSG00000132356	PRKAA1	-0.089972341594937	0.100010300944077	-0.0555012607617548					point used in Figure 2 scatter panels
gene_point	ENSG00000145191	EIF2B5	0.0200153013590037	0.142720038958421	0.0820053661702289					point used in Figure 2 scatter panels
gene_point	ENSG00000120948	TARDBP	-0.10464168819604	0.0157504616220651	0.0725451290906917					point used in Figure 2 scatter panels
gene_point	ENSG00000177733	HNRNPA0	-0.0171869112653453	0.351334699716052	0.080246340085857					point used in Figure 2 scatter panels
gene_point	ENSG00000149269	PAK1	0.117214497287033	-0.395308525305724	-0.1015942297282954					point used in Figure 2 scatter panels
gene_point	ENSG00000106305	AIMP2	-0.288798183090189	-0.450896480296396	-0.007261992644004					point used in Figure 2 scatter panels
gene_point	ENSG00000168040	FADD	-0.876714377924898	-0.890394682222309	-0.0925189933068395					point used in Figure 2 scatter panels
gene_point	ENSG00000123131	PRDX4	0.18505208248204	0.189648208067396	0.2326392084064217					point used in Figure 2 scatter panels
gene_point	ENSG00000180370	PAK2	0.152460790676481	0.43133904836373	0.1604613900092424					point used in Figure 2 scatter panels
gene_point	ENSG00000122565	CBX3	0.0760692745464261	0.271703343226875	0.0903192919648319					point used in Figure 2 scatter panels
gene_point	ENSG00000162236	STX5	-0.0036916935745274	0.128159367316406	-0.2898067020752961					point used in Figure 2 scatter panels
gene_point	ENSG00000175166	PSMD2	0.150879545103154	0.397765971075603	0.0895923890109244					point used in Figure 2 scatter panels
gene_point	ENSG00000178105	DDX10	-0.158486016699644	0.15205838914693	0.1620015814978259					point used in Figure 2 scatter panels
gene_point	ENSG00000102580	DNAJC3	-0.130778431931169	0.141619449369847	0.1198307445262312					point used in Figure 2 scatter panels
gene_point	ENSG00000103024	NME3	0.332097934120984	0.677805967000856	-0.1496633760429553					point used in Figure 2 scatter panels
gene_point	ENSG00000111786	SRSF9	0.311251519049093	0.0951858288514514	0.0354606922635341					point used in Figure 2 scatter panels
gene_point	ENSG00000100650	SRSF5	0.724379568753118	0.665470195201998	0.0302136231505052					point used in Figure 2 scatter panels
gene_point	ENSG00000124193	SRSF6	0.426053854747099	0.70033592229159	0.6178453223231344					point used in Figure 2 scatter panels
gene_point	ENSG00000130726	TRIM28	0.422590314259326	0.728284090435407	0.0627318140917729					point used in Figure 2 scatter panels
gene_point	ENSG00000145907	G3BP1	0.0669948582374894	0.37095807190728	0.0980491139681767					point used in Figure 2 scatter panels
gene_point	ENSG00000123609	NMI	-0.560905032537201	-0.37403700753103	-0.1595399094176599					point used in Figure 2 scatter panels
gene_point	ENSG00000112655	PTK7	0.261569777247102	0.0314202087184119	-0.1440049691461595					point used in Figure 2 scatter panels
gene_point	ENSG00000090621	PABPC4	0.255561335475787	-0.497729757792852	0.0508399831323984					point used in Figure 2 scatter panels
gene_point	ENSG00000152778	IFIT5	-1.87051863704049	-2.16372103979553	-0.2213508063401033					point used in Figure 2 scatter panels
gene_point	ENSG00000182979	MTA1	0.329046271852286	-0.959674874730876	-0.2504409056730772					point used in Figure 2 scatter panels
gene_point	ENSG00000105426	PTPRS	0.309535669729961	-0.409060048781199	-0.2160234339269493					point used in Figure 2 scatter panels
gene_point	ENSG00000084623	EIF3I	0.159336703382664	0.360389861288545	0.1202764880976907					point used in Figure 2 scatter panels
gene_point	ENSG00000100023	PPIL2	-0.145240221167278	0.0310925161547899	-0.1801813424708953					point used in Figure 2 scatter panels
gene_point	ENSG00000078304	PPP2R5C	-0.104142897021006	-0.314398347467108	-0.3119505513226599					point used in Figure 2 scatter panels
gene_point	ENSG00000159692	CTBP1	0.0789296792561401	-0.615475491427293	0.0280052956446787					point used in Figure 2 scatter panels
gene_point	ENSG00000075651	PLD1	-0.253109351386431	-0.246756320598888	-0.5231319147501754					point used in Figure 2 scatter panels
gene_point	ENSG00000244687	UBE2V1	0.621952266921191	-0.16636813657166	-0.0539787808969158					point used in Figure 2 scatter panels
gene_point	ENSG00000149792	MRPL49	0.0030282782980072	0.249432441768232	0.0854244464130822					point used in Figure 2 scatter panels
gene_point	ENSG00000115942	ORC2	-0.343311807149871	-0.0548153508401416	-0.2475000917254792					point used in Figure 2 scatter panels
gene_point	ENSG00000166333	ILK	0.316529584318333	0.334126184033136	0.0550684686003748					point used in Figure 2 scatter panels
gene_point	ENSG00000112992	NNT	0.192644284544388	0.303545850016736	-0.2295035854212592					point used in Figure 2 scatter panels
gene_point	ENSG00000152422	XRCC4	-0.234695165097003	-0.022654699213899	-0.0957674680064517					point used in Figure 2 scatter panels
gene_point	ENSG00000138398	PPIG	-0.624121434680697	-0.299098074572089	0.1530653300893369					point used in Figure 2 scatter panels
gene_point	ENSG00000070814	TCOF1	0.130062172063853	0.180203832757727	0.0460940409826839					point used in Figure 2 scatter panels
gene_point	ENSG00000087365	SF3B2	0.136809797065467	0.387132369940363	-0.0589311904769402					point used in Figure 2 scatter panels
gene_point	ENSG00000135506	OS9	0.318055187297504	0.553592151238764	0.5462201224085259					point used in Figure 2 scatter panels
gene_point	ENSG00000144674	GOLGA4	-0.62140663080142	-0.878950752281366	0.2472884981807368					point used in Figure 2 scatter panels
gene_point	ENSG00000106244	PDAP1	0.246339199221756	0.208837705473305	-0.1074446248335831					point used in Figure 2 scatter panels
gene_point	ENSG00000099203	TMED1	0.136526006407642	0.0444071482355918	-0.1369482635156806					point used in Figure 2 scatter panels
gene_point	ENSG00000096060	FKBP5	-0.107832850519523	-0.258499035836164	-0.3395327352921526					point used in Figure 2 scatter panels
gene_point	ENSG00000099331	MYO9B	0.0479106375248755	-0.588172650372294	-0.5515217672485804					point used in Figure 2 scatter panels
gene_point	ENSG00000141646	SMAD4	0.04748955679422	0.490193679293176	0.5169534135480234					point used in Figure 2 scatter panels
gene_point	ENSG00000073921	PICALM	0.378375108100136	0.437870560948232	0.0003077176091359					point used in Figure 2 scatter panels
gene_point	ENSG00000152944	MED21	-0.72673325893948	-0.737114361401539	0.0863507897268078					point used in Figure 2 scatter panels
gene_point	ENSG00000173171	MTX1	-0.065126209702545	-0.0851974163757141	-0.0884011103536508					point used in Figure 2 scatter panels
gene_point	ENSG00000138386	NAB1	0.523329171653136	0.349078198760115	-0.4515505477457697					point used in Figure 2 scatter panels
gene_point	ENSG00000258947	TUBB3	0.430857727744363	0.66730352873846	0.1057261832501659					point used in Figure 2 scatter panels
gene_point	ENSG00000104763	ASAH1	0.148865484084347	0.207993862692532	-0.1943709907497073					point used in Figure 2 scatter panels
gene_point	ENSG00000127445	PIN1	0.234276148646662	0.31249593111965	0.0883286048943361					point used in Figure 2 scatter panels
gene_point	ENSG00000175054	ATR	-0.398579615181156	0.211022645350689	0.2775480824628822					point used in Figure 2 scatter panels
gene_point	ENSG00000187840	EIF4EBP1	0.272666241914626	0.17508657232207	-0.315315204162033					point used in Figure 2 scatter panels
gene_point	ENSG00000137275	RIPK1	-0.189751389023342	0.023560567474526	0.0802343050122651					point used in Figure 2 scatter panels
gene_point	ENSG00000116478	HDAC1	0.204698194025181	0.324527411076363	-0.0794635907232361					point used in Figure 2 scatter panels
gene_point	ENSG00000148660	CAMK2G	-0.0165997638233016	-0.346195604378783	-0.0291272370381854					point used in Figure 2 scatter panels
gene_point	ENSG00000175203	DCTN2	0.124441897089676	0.152644586013448	0.1481074106744664					point used in Figure 2 scatter panels
gene_point	ENSG00000159593	NAE1	-0.289488237706493	-0.313645505587669	0.0077215683882485					point used in Figure 2 scatter panels
gene_point	ENSG00000100603	SNW1	-0.359385551329589	-0.0845811379540458	-0.1566809261772093					point used in Figure 2 scatter panels
gene_point	ENSG00000167323	STIM1	0.267576589716252	-0.0087107653822632	-0.394244491196293					point used in Figure 2 scatter panels
gene_point	ENSG00000164548	TRA2A	-0.101836083878012	-0.0006468465662984	0.3427032668532135					point used in Figure 2 scatter panels
gene_point	ENSG00000028528	SNX1	0.19987930381666	0.405108316153062	0.1866084237778018					point used in Figure 2 scatter panels
gene_point	ENSG00000111615	KRR1	-0.263429004593995	0.207124624161597	0.8240713182238792					point used in Figure 2 scatter panels
gene_point	ENSG00000136045	PWP1	-0.190600924189046	-0.0545863106867386	0.1597897883286272					point used in Figure 2 scatter panels
gene_point	ENSG00000063601	MTMR1	0.039196304324438	0.0390562528363508	0.0417618474361951					point used in Figure 2 scatter panels
gene_point	ENSG00000055130	CUL1	-0.379629189145763	-0.510942731167949	-0.0636760503214404					point used in Figure 2 scatter panels
gene_point	ENSG00000108094	CUL2	-0.2363840564002	0.205382840010927	-0.0008268836135485					point used in Figure 2 scatter panels
gene_point	ENSG00000036257	CUL3	0.0064145880794861	0.204382377570863	-0.1181324586564152					point used in Figure 2 scatter panels
gene_point	ENSG00000139842	CUL4A	-0.0808558190346595	-0.164578652849169	-0.1436198673661977					point used in Figure 2 scatter panels
gene_point	ENSG00000158290	CUL4B	0.176829723599846	0.864699497084679	-0.0613204489202061					point used in Figure 2 scatter panels
gene_point	ENSG00000143514	TP53BP2	0.883541537952176	1.28252027729277	-0.7269100016499657					point used in Figure 2 scatter panels
gene_point	ENSG00000118508	RAB32	0.204211046828303	-0.102706541590367	-0.0763033560918202					point used in Figure 2 scatter panels
gene_point	ENSG00000174791	RIN1	-0.484020906790579	-0.95807009671383	-0.5001873790318179					point used in Figure 2 scatter panels
gene_point	ENSG00000127837	AAMP	0.212822956851501	0.364087767477004	0.2648026223832787					point used in Figure 2 scatter panels
gene_point	ENSG00000100601	ALKBH1	0.0080117817852443	0.29757062702994	-0.1467020732963249					point used in Figure 2 scatter panels
gene_point	ENSG00000115275	MOGS	-0.372981392867076	-0.577427984930704	-0.1815478346962038					point used in Figure 2 scatter panels
gene_point	ENSG00000170017	ALCAM	0.0964863809319101	0.765316675091719	0.2210849788466795					point used in Figure 2 scatter panels
gene_point	ENSG00000196878	LAMB3	0.883932476054312	1.48639376735568	0.1914808451494458					point used in Figure 2 scatter panels
gene_point	ENSG00000058085	LAMC2	0.204123374743316	0.180713738401822	0.1793832065275431					point used in Figure 2 scatter panels
gene_point	ENSG00000197694	SPTAN1	-0.0208644818840482	0.32142402051218	-0.0201324228014456					point used in Figure 2 scatter panels
gene_point	ENSG00000134697	GNL2	-0.0564183685531504	0.299987444396306	0.2039097948957078					point used in Figure 2 scatter panels
gene_point	ENSG00000148090	AUH	-0.198790111494729	-0.0800454369458302	0.2627291968190839					point used in Figure 2 scatter panels
gene_point	ENSG00000081277	PKP1	-0.0327815494532138	0.0370151711300877	-0.5877360444532229					point used in Figure 2 scatter panels
gene_point	ENSG00000108578	BLMH	-0.33657956445396	-0.0495426797387962	0.1173038570594329					point used in Figure 2 scatter panels
gene_point	ENSG00000130713	EXOSC2	-0.804230721259581	-0.660224199533231	0.035155082286451					point used in Figure 2 scatter panels
gene_point	ENSG00000137267	TUBB2A	0.475002573649931	0.546854701532417	0.2929846348783123					point used in Figure 2 scatter panels
gene_point	ENSG00000102554	KLF5	3.54308920856044	4.08301122935765	0.2427000872366527					point used in Figure 2 scatter panels
gene_point	ENSG00000112578	BYSL	-0.190399308579709	0.129815264558059	-0.1053358933611257					point used in Figure 2 scatter panels
gene_point	ENSG00000067064	IDI1	0.17202390191331	0.580190226467702	0.0745805445773832					point used in Figure 2 scatter panels
gene_point	ENSG00000067955	CBFB	-0.113428069283928	0.0236332852444342	-0.5240450002455042					point used in Figure 2 scatter panels
gene_point	ENSG00000066136	NFYC	0.251484871684076	0.510736519065251	0.0370782903115376					point used in Figure 2 scatter panels
gene_point	ENSG00000065883	CDK13	0.484431722204323	0.665559110913567	-0.0932217677463569					point used in Figure 2 scatter panels
gene_point	ENSG00000175216	CKAP5	-0.278998510760959	-0.194768674268311	-0.242935860294601					point used in Figure 2 scatter panels
gene_point	ENSG00000099622	CIRBP	0.0007469713228464	-0.0012169152138113	-0.110223995662956					point used in Figure 2 scatter panels
gene_point	ENSG00000103187	COTL1	0.341784938859754	-0.0940412199608644	0.0529948775233961					point used in Figure 2 scatter panels
gene_point	ENSG00000138495	COX17	0.49119617335127	0.33600692188852	0.0407521159695889					point used in Figure 2 scatter panels
gene_point	ENSG00000138668	HNRNPD	0.128943804186444	0.334952200427262	0.0632472224469147					point used in Figure 2 scatter panels
gene_point	ENSG00000150782	IL18	0.704488566168552	0.96884006362826	0.3647458658812503					point used in Figure 2 scatter panels
gene_point	ENSG00000173402	DAG1	0.221616506194027	0.187308853315356	0.0832069306457015					point used in Figure 2 scatter panels
gene_point	ENSG00000136451	VEZF1	-0.247939955103407	-0.642864411159247	-1.153644195642764					point used in Figure 2 scatter panels
gene_point	ENSG00000046604	DSG2	-0.0818317673102156	0.254012877286627	-0.1711425658011016					point used in Figure 2 scatter panels
gene_point	ENSG00000137699	TRIM29	0.260804208194671	0.408168258600149	0.4220357579436289					point used in Figure 2 scatter panels
gene_point	ENSG00000144560	VGLL4	-0.16941458198533	-0.276377051438641	-0.5858147972826746					point used in Figure 2 scatter panels
gene_point	ENSG00000261236	BOP1	0.175205473165003	0.183045208590967	0.109741545241885					point used in Figure 2 scatter panels
gene_point	ENSG00000106785	TRIM14	-0.244248551768296	-0.382483945800888	-0.4763569240100445					point used in Figure 2 scatter panels
gene_point	ENSG00000079999	KEAP1	0.388734557959346	0.36105955102329	-0.0292418450033675					point used in Figure 2 scatter panels
gene_point	ENSG00000135763	URB2	-0.550175392982273	-1.02172825678356	-0.2635039084997235					point used in Figure 2 scatter panels
gene_point	ENSG00000130254	SAFB2	0.295610111575471	0.546100760527216	0.2439060591418709					point used in Figure 2 scatter panels
gene_point	ENSG00000107581	EIF3A	-0.192352485086754	0.281379053940566	0.0434158614284605					point used in Figure 2 scatter panels
gene_point	ENSG00000102606	ARHGEF7	-0.479914172375074	-0.349611628921694	-0.1407414446427637					point used in Figure 2 scatter panels
gene_point	ENSG00000132294	EFR3A	-0.197731444605098	-0.757897266297947	-1.3137216068282438					point used in Figure 2 scatter panels
gene_point	ENSG00000143569	UBAP2L	0.0347296867507032	0.128030551673091	-0.2142781451332851					point used in Figure 2 scatter panels
gene_point	ENSG00000139436	GIT2	-0.800539201307975	-0.733754814970988	0.1564860136602597					point used in Figure 2 scatter panels
gene_point	ENSG00000110917	MLEC	-0.0135387956462594	-0.136920676737377	-0.3756696006299513					point used in Figure 2 scatter panels
gene_point	ENSG00000100304	TTLL12	0.205656354781707	0.0339885698873981	0.0337075506650137					point used in Figure 2 scatter panels
gene_point	ENSG00000014138	POLA2	0.0062636220932066	0.0868742987589957	0.3932626995664012					point used in Figure 2 scatter panels
gene_point	ENSG00000150760	DOCK1	0.0644490583062095	-0.133442143388903	-0.8322281509450615					point used in Figure 2 scatter panels
gene_point	ENSG00000198176	TFDP1	-0.05949835901629	-0.960933366468787	-0.2373501178330066					point used in Figure 2 scatter panels
gene_point	ENSG00000115641	FHL2	1.24725263188951	1.28752040231309	0.3669863155613377					point used in Figure 2 scatter panels
gene_point	ENSG00000113657	DPYSL3	0.20738825526039	0.54543828431518	0.3005689684450736					point used in Figure 2 scatter panels
gene_point	ENSG00000204843	DCTN1	0.138928271264601	0.227203165221601	0.1362963161705792					point used in Figure 2 scatter panels
gene_point	ENSG00000197102	DYNC1H1	0.122051333248448	0.191531752567169	-0.1451123580786841					point used in Figure 2 scatter panels
gene_point	ENSG00000111361	EIF2B1	-0.0663753354602083	-0.157245987918896	-0.127362917246355					point used in Figure 2 scatter panels
gene_point	ENSG00000156976	EIF4A2	0.467403366227459	0.97144156719145	0.2630283548411611					point used in Figure 2 scatter panels
gene_point	ENSG00000167136	ENDOG	0.103507140573684	0.191538655386602	-0.0730828295889747					point used in Figure 2 scatter panels
gene_point	ENSG00000132589	FLOT2	0.122698194836029	-0.196952209913303	-0.1377972197926986					point used in Figure 2 scatter panels
gene_point	ENSG00000117906	RCN2	0.108590720759007	-0.262721827625315	0.0386847697970793					point used in Figure 2 scatter panels
gene_point	ENSG00000121060	TRIM25	0.116255952469132	0.400692480513208	-0.2587233670837214					point used in Figure 2 scatter panels
gene_point	ENSG00000120899	PTK2B	-0.0445846007830032	0.0548762313887493	-0.1709431188226151					point used in Figure 2 scatter panels
gene_point	ENSG00000105701	FKBP8	0.299214670286573	-0.748346963470226	-0.4586580618981308					point used in Figure 2 scatter panels
gene_point	ENSG00000071859	FAM50A	0.214048263245868	0.0545742728198566						point used in Figure 2 scatter panels
gene_point	ENSG00000120063	GNA13	0.270831906406947	0.461914838396052	-0.2125781008283169					point used in Figure 2 scatter panels
gene_point	ENSG00000117308	GALE	0.140279633829488	0.361243453190189	-0.028720591154574					point used in Figure 2 scatter panels
gene_point	ENSG00000115339	GALNT3	0.0762338561657115	0.268548260099436	-0.1719390537033724					point used in Figure 2 scatter panels
gene_point	ENSG00000135387	CAPRIN1	-0.0045644159671173	0.220846377578569	-0.091461929761472					point used in Figure 2 scatter panels
gene_point	ENSG00000141738	GRB7	1.07290611540754	1.4140517024301	0.1083734228281976					point used in Figure 2 scatter panels
gene_point	ENSG00000131051	RBM39	0.880840974402265	1.377488007448	0.199459607637511					point used in Figure 2 scatter panels
gene_point	ENSG00000137440	FGFBP1	0.691214307372942	1.12482954400699	-0.1510681566251577					point used in Figure 2 scatter panels
gene_point	ENSG00000083857	FAT1	0.155170025748478	0.712317261811915	0.7543159062725469					point used in Figure 2 scatter panels
gene_point	ENSG00000071794	HLTF	-0.0141547376627045	0.482780094560101	-0.2225937801034732					point used in Figure 2 scatter panels
gene_point	ENSG00000104549	SQLE	1.03827425961916	1.50115697385238	-0.2758920196200627					point used in Figure 2 scatter panels
gene_point	ENSG00000065485	PDIA5	0.396112061742666	0.22619622399875	-0.0005061214766506					point used in Figure 2 scatter panels
gene_point	ENSG00000161542	PRPSAP1	-0.238186681496132	-0.437429191792877	-0.0699794693202591					point used in Figure 2 scatter panels
gene_point	ENSG00000067596	DHX8	-0.171455984511765	0.129136116161756	0.0760266004465552					point used in Figure 2 scatter panels
gene_point	ENSG00000076003	MCM6	0.251512438021554	0.605961212043578	-0.0735022714970909					point used in Figure 2 scatter panels
gene_point	ENSG00000096433	ITPR3	0.373858597593277	-0.257881501161024	-0.54619803069202					point used in Figure 2 scatter panels
gene_point	ENSG00000134762	DSC3	0.0478229218106381	0.553465103917071	-0.5987508940211868					point used in Figure 2 scatter panels
gene_point	ENSG00000120756	PLS1	0.126315877331819	0.400142457000896	0.1885372585939535					point used in Figure 2 scatter panels
gene_point	ENSG00000126456	IRF3	-0.0281685779358978	-0.0065190340195345	-0.212048784477286					point used in Figure 2 scatter panels
gene_point	ENSG00000196976	LAGE3	0.249112248169826	0.168202508362352	0.0665156832466244					point used in Figure 2 scatter panels
gene_point	ENSG00000153827	TRIP12	-0.101916756409017	0.141869399051503	-0.262063111602					point used in Figure 2 scatter panels
gene_point	ENSG00000134644	PUM1	0.23752861992813	0.578736835449189	0.0495437852684474					point used in Figure 2 scatter panels
gene_point	ENSG00000113282	CLINT1	0.256213906201412	0.317917660753626	-0.1160212047453228					point used in Figure 2 scatter panels
gene_point	ENSG00000072501	SMC1A	-0.0479230586104069	0.211661658933695	-0.0599938546521237					point used in Figure 2 scatter panels
gene_point	ENSG00000160208	RRP1B	-0.266510466779402	-0.29353534057855	-0.1221662676553201					point used in Figure 2 scatter panels
gene_point	ENSG00000148843	PDCD11	-0.552425922924888	-0.571483875637656	-0.1763871082679564					point used in Figure 2 scatter panels
gene_point	ENSG00000101003	GINS1	-0.837926299110947	-0.642584835307338	0.0357060917943545					point used in Figure 2 scatter panels
gene_point	ENSG00000165733	BMS1	-0.175023217449073	0.212477546747989	0.0604316121626311					point used in Figure 2 scatter panels
gene_point	ENSG00000103194	USP10	0.0571150725847671	-0.0585525575263193	-0.092125548412298					point used in Figure 2 scatter panels
gene_point	ENSG00000089597	GANAB	0.155283872393824	0.473595329772896	0.1781346585482808					point used in Figure 2 scatter panels
gene_point	ENSG00000112640	PPP2R5D	0.288869834265127	0.0448106503537685	-0.1924127651587035					point used in Figure 2 scatter panels
gene_point	ENSG00000143815	LBR	-0.333902430516722	-0.163029689288059	-0.1840372528666876					point used in Figure 2 scatter panels
gene_point	ENSG00000135775	COG2	-0.029767340127256	-0.102711131909981	-0.1991097260206764					point used in Figure 2 scatter panels
gene_point	ENSG00000013364	MVP	-0.100258997637535	0.304214741084661	-0.1055848954160474					point used in Figure 2 scatter panels
gene_point	ENSG00000173230	GOLGB1	-0.639357386220953	-0.0839039784255614	0.2596495348835788					point used in Figure 2 scatter panels
gene_point	ENSG00000139977	NAA30	-0.691442928168913	-0.817647313846083	-0.326235067155638					point used in Figure 2 scatter panels
gene_point	ENSG00000089356	FXYD3	0.282197249043108	1.85685208196203	0.1647754943889623					point used in Figure 2 scatter panels
gene_point	ENSG00000079616	KIF22	0.0120288832333071	0.256515265415098	-0.3341772906042788					point used in Figure 2 scatter panels
gene_point	ENSG00000111642	CHD4	0.0727299716786612	0.277260230061649	-0.2400631540131144					point used in Figure 2 scatter panels
gene_point	ENSG00000002834	LASP1	0.207560025382168	0.292959965164584	0.0210836360413431					point used in Figure 2 scatter panels
gene_point	ENSG00000106853	PTGR1	0.534365182435483	0.785144376015043	0.2121110759970328					point used in Figure 2 scatter panels
gene_point	ENSG00000175550	DRAP1	0.523079482222141	0.364058525068206	-0.002442015337543					point used in Figure 2 scatter panels
gene_point	ENSG00000175787	ZNF169	-0.876708245072885	-1.49481067146222	0.3988681564347072					point used in Figure 2 scatter panels
gene_point	ENSG00000075292	ZNF638	-0.300973061306286	-0.0366665521580226	-0.107950225364874					point used in Figure 2 scatter panels
gene_point	ENSG00000108424	KPNB1	0.214003083526386	0.530629656294811	0.0351582498304843					point used in Figure 2 scatter panels
gene_point	ENSG00000166197	NOLC1	0.323087201955243	0.662201854096704	-0.0507522539868574					point used in Figure 2 scatter panels
gene_point	ENSG00000137497	NUMA1	0.196175744241253	0.379581423365211	-0.0839510894101351					point used in Figure 2 scatter panels
gene_point	ENSG00000068878	PSME4	0.0350804309894681	0.0660539579536156	-0.4550339431552146					point used in Figure 2 scatter panels
gene_point	ENSG00000163681	SLMAP	-0.0067023144336463	-0.372997460730643	-0.4462970250336564					point used in Figure 2 scatter panels
gene_point	ENSG00000165219	GAPVD1	0.0430149698289427	0.585667080858991	0.0781313310266149					point used in Figure 2 scatter panels
gene_point	ENSG00000111300	NAA25	0.205240992996865	0.609262728603527	-0.0256872115675292					point used in Figure 2 scatter panels
gene_point	ENSG00000121152	NCAPH	-0.0343909279537938	0.176860659193304	0.1360267135631723					point used in Figure 2 scatter panels
gene_point	ENSG00000118363	SPCS2	-0.0622073824595295	0.217300836604066	-0.1963787054196473					point used in Figure 2 scatter panels
gene_point	ENSG00000104412	EMC2	-0.644585133203093	-0.175578159726369	-0.0639727541145305					point used in Figure 2 scatter panels
gene_point	ENSG00000146457	WTAP	0.334787284637246	0.479762080136431	-0.5525826140538843					point used in Figure 2 scatter panels
gene_point	ENSG00000163636	PSMD6	-0.158290814352324	0.0403290169152728	0.0964425210933086					point used in Figure 2 scatter panels
gene_point	ENSG00000123562	MORF4L2	0.0878114315202709	0.189659817829626	-0.4190027291195335					point used in Figure 2 scatter panels
gene_point	ENSG00000075856	SART3	-0.222022306982284	-0.282623962573023	0.0265126549740593					point used in Figure 2 scatter panels
gene_point	ENSG00000010292	NCAPD2	-0.0897462600255267	-0.0257140737512876	-0.0254599209928265					point used in Figure 2 scatter panels
gene_point	ENSG00000178691	SUZ12	-0.116692782773405	0.0996654681890731	-0.1538788599782989					point used in Figure 2 scatter panels
gene_point	ENSG00000075914	EXOSC7	-0.0219141357473669	0.0486040125876683	-0.0529077084655611					point used in Figure 2 scatter panels
gene_point	ENSG00000145901	TNIP1	0.33293542322562	0.217943276075509	-0.3812628530260085					point used in Figure 2 scatter panels
gene_point	ENSG00000108883	EFTUD2	-0.0182232016533805	0.297332802862151	0.0076897218142626					point used in Figure 2 scatter panels
gene_point	ENSG00000115234	SNX17	0.0425017262646127	-0.138205823195258	0.0238497114209224					point used in Figure 2 scatter panels
gene_point	ENSG00000170540	ARL6IP1	0.133073090996331	0.515040861302462	0.8615520347189864					point used in Figure 2 scatter panels
gene_point	ENSG00000115839	RAB3GAP1	-0.219190648140172	0.151182540550603	0.0144104723433144					point used in Figure 2 scatter panels
gene_point	ENSG00000179041	RRS1	-1.4143731111078	-1.2301203743626	0.1798666877401018					point used in Figure 2 scatter panels
gene_point	ENSG00000077514	POLD3	-0.646013629978648	-0.507267642868687	-0.2079684283347909					point used in Figure 2 scatter panels
gene_point	ENSG00000106682	EIF4H	0.21150242569589	0.476294625029784	-0.0616315463922489					point used in Figure 2 scatter panels
gene_point	ENSG00000114331	ACAP2	-0.479244796265693	-0.182928816219652	0.0315352888794286					point used in Figure 2 scatter panels
gene_point	ENSG00000118193	KIF14	-0.457465172844714	0.0867336447313787	-0.3119174746142263					point used in Figure 2 scatter panels
gene_point	ENSG00000169925	BRD3	-0.277057633604952	-0.80785443927457	-0.4180312099015744					point used in Figure 2 scatter panels
gene_point	ENSG00000163811	WDR43	0.206949228699096	0.487327483878155	0.0192613940672643					point used in Figure 2 scatter panels
gene_point	ENSG00000161533	ACOX1	-0.229679057807017	0.0868521321095488	-0.1743067204348065					point used in Figure 2 scatter panels
gene_point	ENSG00000102189	EEA1	-0.260980891356344	0.34098444276987	0.0528593623988324					point used in Figure 2 scatter panels
gene_point	ENSG00000143870	PDIA6	0.222845940572724	0.477112451132743	0.1266695791274088					point used in Figure 2 scatter panels
gene_point	ENSG00000079462	PAFAH1B3	0.218052124028231	0.14986149126259	0.0463208394423908					point used in Figure 2 scatter panels
gene_point	ENSG00000162734	PEA15	0.287610912514134	-0.0794265842626819	0.0176652839739688					point used in Figure 2 scatter panels
gene_point	ENSG00000147155	EBP	0.242206639116837	0.469905357006333	-0.1522769958644296					point used in Figure 2 scatter panels
gene_point	ENSG00000163344	PMVK	0.186143293550106	-0.0086691345473701	-0.0763385659386628					point used in Figure 2 scatter panels
gene_point	ENSG00000178209	PLEC	-0.277702056686517	-0.37084171735415	0.255713538392051					point used in Figure 2 scatter panels
gene_point	ENSG00000078674	PCM1	-0.588723947322676	-0.209028925196694	-0.0800513646562599					point used in Figure 2 scatter panels
gene_point	ENSG00000105854	PON2	0.133177650633221	0.0595073327748844	-0.1936827798849947					point used in Figure 2 scatter panels
gene_point	ENSG00000180817	PPA1	0.161746557301269	0.0585149234797316	0.1821997296446795					point used in Figure 2 scatter panels
gene_point	ENSG00000110958	PTGES3	0.468177073650042	0.884802277791899	0.195627254070736					point used in Figure 2 scatter panels
gene_point	ENSG00000112079	STK38	0.0061164865830368	-0.239051707967186	0.0651755346586071					point used in Figure 2 scatter panels
gene_point	ENSG00000147140	NONO	0.0806578675102378	0.35113824851023	0.083970898719631					point used in Figure 2 scatter panels
gene_point	ENSG00000241945	PWP2	-0.336677072276292	-0.18804620630348	0.0377602018024703					point used in Figure 2 scatter panels
gene_point	ENSG00000029725	RABEP1	-0.365810311896638	-0.926409178905875	-0.5354309973955047					point used in Figure 2 scatter panels
gene_point	ENSG00000111737	RAB35	0.313252056437456	0.327159456592628	0.1968330878341699					point used in Figure 2 scatter panels
gene_point	ENSG00000205937	RNPS1	0.288809177451319	0.14594134753125	0.1696951950629923					point used in Figure 2 scatter panels
gene_point	ENSG00000117222	RBBP5	0.143701176807817	0.403898781774108	-0.0568539265971033					point used in Figure 2 scatter panels
gene_point	ENSG00000049449	RCN1	0.109765215100175	0.0450337386282302	0.0653799940846227					point used in Figure 2 scatter panels
gene_point	ENSG00000017797	RALBP1	0.219343542520514	-0.220519896092601	-0.0693772482476493					point used in Figure 2 scatter panels
gene_point	ENSG00000131899	LLGL1	0.128221163194624	-0.0625903557863046	-0.2207316007128987					point used in Figure 2 scatter panels
gene_point	ENSG00000132128	LRRC41	-0.161963548682013	-0.466069832854704	0.2242841519686287					point used in Figure 2 scatter panels
gene_point	ENSG00000086598	TMED2	0.131872149969411	-0.32308999377484	-0.2638527029058295					point used in Figure 2 scatter panels
gene_point	ENSG00000169564	PCBP1	0.211899284600764	0.450772885686989	0.2046177701585314					point used in Figure 2 scatter panels
gene_point	ENSG00000197111	PCBP2	0.221196706824221	0.154376794475933	0.0881936918528154					point used in Figure 2 scatter panels
gene_point	ENSG00000106615	RHEB	0.33598873899649	0.548240303624011	-0.1403528410082373					point used in Figure 2 scatter panels
gene_point	ENSG00000009335	UBE3C	-0.0675192293581376	-0.380697364307054	-0.4215011987507164					point used in Figure 2 scatter panels
gene_point	ENSG00000173726	TOMM20	-0.0070304752644442	-0.0143413594688982	-0.1278403240947092					point used in Figure 2 scatter panels
gene_point	ENSG00000116133	DHCR24	0.445365822204604	0.438137262578522	-0.3574589864836817					point used in Figure 2 scatter panels
gene_point	ENSG00000189091	SF3B3	-0.0817040156826848	0.112794411605384	-0.0522720883607306					point used in Figure 2 scatter panels
gene_point	ENSG00000126787	DLGAP5	-0.370992430318738	0.0709065915373836	-0.5871421795095326					point used in Figure 2 scatter panels
gene_point	ENSG00000148484	RSU1	0.204540163285838	0.348504252356948	0.1801845316312871					point used in Figure 2 scatter panels
gene_point	ENSG00000117519	CNN3	0.719708060713434	0.914827239084848	-0.119094066835288					point used in Figure 2 scatter panels
gene_point	ENSG00000160633	SAFB	0.0808922601894892	0.357884549492812	0.2105445280536493					point used in Figure 2 scatter panels
gene_point	ENSG00000143368	SF3B4	0.199399632348282	0.46266795173512	-0.228060585704398					point used in Figure 2 scatter panels
gene_point	ENSG00000104897	SF3A2	0.204286529026538	0.353396378604509	0.0944961514442752					point used in Figure 2 scatter panels
gene_point	ENSG00000076067	RBMS2	-0.0620662038972328	0.377242584020573	0.1429743724460372					point used in Figure 2 scatter panels
gene_point	ENSG00000115685	PPP1R7	-0.0320414599303449	-0.0845287714928248	0.0697295979417909					point used in Figure 2 scatter panels
gene_point	ENSG00000100934	SEC23A	0.11152086270196	0.0799396167527783	-0.1017832559206652					point used in Figure 2 scatter panels
gene_point	ENSG00000101310	SEC23B	-0.17266192301585	0.0759112052249764	-0.0592215263735447					point used in Figure 2 scatter panels
gene_point	ENSG00000099995	SF3A1	0.202267203232054	0.39432317009478	0.0196544076376099					point used in Figure 2 scatter panels
gene_point	ENSG00000148835	TAF5	-0.0001596026801528	0.457619320280914	-0.0656757335225837					point used in Figure 2 scatter panels
gene_point	ENSG00000132604	TERF2	-0.609208629217543	-0.887653486106928	-0.1175391877273224					point used in Figure 2 scatter panels
gene_point	ENSG00000166974	MAPRE2	0.142642464086699	0.184121004376371	0.2737055965073693					point used in Figure 2 scatter panels
gene_point	ENSG00000120708	TGFBI	0.218871442961611	0.401216897291448	-0.4580654553374721					point used in Figure 2 scatter panels
gene_point	ENSG00000102871	TRADD	-0.049712590163717	-0.657340354354876	0.0230562072751325					point used in Figure 2 scatter panels
gene_point	ENSG00000067167	TRAM1	0.24410631761428	0.392373363002833	-0.1770798364293515					point used in Figure 2 scatter panels
gene_point	ENSG00000211460	TSN	-0.0927987059316044	-0.0902968338739179	-0.0394627618334695					point used in Figure 2 scatter panels
gene_point	ENSG00000168066	SF1	0.575083197920088	0.755689526130854	-0.1074473097181183					point used in Figure 2 scatter panels
gene_point	ENSG00000125733	TRIP10	0.845654903937887	0.954831070219545	0.0438381234474931					point used in Figure 2 scatter panels
gene_point	ENSG00000100815	TRIP11	-1.0291807444312	-0.3044606670923	0.1059409303308491					point used in Figure 2 scatter panels
gene_point	ENSG00000071539	TRIP13	-0.0271414412191927	-0.272015976302228	-0.0826341535864898					point used in Figure 2 scatter panels
gene_point	ENSG00000135114	OASL	-0.116445460882865	0.303191845157087	-0.24425408194557					point used in Figure 2 scatter panels
gene_point	ENSG00000125686	MED1	-0.132000778115976	-0.218156661885558	-0.1112656742426452					point used in Figure 2 scatter panels
gene_point	ENSG00000103671	TRIP4	-0.365462022864832	-0.155554822559129	-0.2196044305895714					point used in Figure 2 scatter panels
gene_point	ENSG00000087077	TRIP6	0.0461322002104784	0.191243182328353	0.1825488679923204					point used in Figure 2 scatter panels
gene_point	ENSG00000101367	MAPRE1	0.333135308449871	0.491877228560787	0.1426649452440997					point used in Figure 2 scatter panels
gene_point	ENSG00000102804	TSC22D1	0.964983274036619	1.53300286366753	0.3362028701423867					point used in Figure 2 scatter panels
gene_point	ENSG00000066044	ELAVL1	0.0877617931394772	0.177430728958995	-0.0529376688333442					point used in Figure 2 scatter panels
gene_point	ENSG00000105281	SLC1A5	0.189059532971391	0.676421428178258	-0.2424869374661256					point used in Figure 2 scatter panels
gene_point	ENSG00000089693	MLF2	0.250141826125558	0.303732224669307	0.2876711791367103					point used in Figure 2 scatter panels
gene_point	ENSG00000025772	TOMM34	0.0895852824950486	0.155701386367475	-0.0136392161179443					point used in Figure 2 scatter panels
gene_point	ENSG00000175387	SMAD2	-0.0236266547807273	-0.0935618402827168	-0.3325850135690054					point used in Figure 2 scatter panels
gene_point	ENSG00000052802	MSMO1	0.633524587384303	0.754560490505376	0.6873736471153169					point used in Figure 2 scatter panels
gene_point	ENSG00000205726	ITSN1	-0.0918663031789595	0.0315515391118498	4.462235775287117					point used in Figure 2 scatter panels
gene_point	ENSG00000284770	TBCE	0.0049624131652111	0.31333378488342	-0.1307552004589816					point used in Figure 2 scatter panels
gene_point	ENSG00000124659	TBCC	-0.950145529171459	-0.385452111178807	0.1957298181874147					point used in Figure 2 scatter panels
gene_point	ENSG00000169139	UBE2V2	-0.109224969548206	-0.094887997911588	0.0029095038619111					point used in Figure 2 scatter panels
gene_point	ENSG00000076944	STXBP2	0.172667635828537	0.23259131592943	-0.0020819169749444					point used in Figure 2 scatter panels
gene_point	ENSG00000049245	VAMP3	-0.111735337155614	-0.107602136704221	-0.44045199110883					point used in Figure 2 scatter panels
gene_point	ENSG00000148671	ADIRF	0.260455316574163	0.381739515501459	0.2788359346748059					point used in Figure 2 scatter panels
gene_point	ENSG00000071553	ATP6AP1	0.337090286294788	0.557377631687778	-0.4857025507184822					point used in Figure 2 scatter panels
gene_point	ENSG00000185236	RAB11B	0.239755800049739	0.263647607204098	-0.0677690540819639					point used in Figure 2 scatter panels
gene_point	ENSG00000106462	EZH2	-0.0367205650792312	-0.120337248196341	-0.0885077081255989					point used in Figure 2 scatter panels
gene_point	ENSG00000171503	ETFDH	0.115075506675559	0.210183477178586	0.1719655361785914					point used in Figure 2 scatter panels
gene_point	ENSG00000130706	ADRM1	0.281391081452432	0.401427385171255	0.0818107734061364					point used in Figure 2 scatter panels
gene_point	ENSG00000108091	CCDC6	-0.0193648681158409	-0.154662449070268	0.042481330574617					point used in Figure 2 scatter panels
gene_point	ENSG00000117143	UAP1	0.868322623168221	1.49758944847167	0.0877974559521526					point used in Figure 2 scatter panels
gene_point	ENSG00000205250	E2F4	-0.361936789462678	-1.50187239639075	0.0260628138420173					point used in Figure 2 scatter panels
gene_point	ENSG00000163453	IGFBP7	0.339204454258056	0.429819151257776	-1.1225669617153606					point used in Figure 2 scatter panels
gene_point	ENSG00000112769	LAMA4	0.510924845735346	1.2250328656401	0.9777056537697746					point used in Figure 2 scatter panels
gene_point	ENSG00000095261	PSMD5	-0.644797949972068	-0.601519213042627	0.0497817611514719					point used in Figure 2 scatter panels
gene_point	ENSG00000065243	PKN2	-0.464735469389506	-0.282015676303777	-0.0735176042792957					point used in Figure 2 scatter panels
gene_point	ENSG00000175183	CSRP2	0.517761914765352	0.814818955889918	0.0467075576711408					point used in Figure 2 scatter panels
gene_point	ENSG00000167986	DDB1	0.0746128944352957	0.43415275092328	0.0033215820310736					point used in Figure 2 scatter panels
gene_point	ENSG00000154001	PPP2R5E	0.175692290467987	0.523344411623653	0.1444961086629455					point used in Figure 2 scatter panels
gene_point	ENSG00000112062	MAPK14	-0.50861901482363	-0.309929515970001	-0.1774534917612875					point used in Figure 2 scatter panels
gene_point	ENSG00000105401	CDC37	0.474008964446951	0.418385652222349	-0.0090929443749132					point used in Figure 2 scatter panels
gene_point	ENSG00000092964	DPYSL2	0.232325724499782	0.69291630408055	0.0685083173792335					point used in Figure 2 scatter panels
gene_point	ENSG00000008282	SYPL1	0.0009347259235165	0.368767085080059	-0.1953134926405937					point used in Figure 2 scatter panels
gene_point	ENSG00000102054	RBBP7	0.119482965409376	0.470531311749967	0.087420255334031					point used in Figure 2 scatter panels
gene_point	ENSG00000138764	CCNG2	1.59309409696108	0.691317933130614	0.283732498087808					point used in Figure 2 scatter panels
gene_point	ENSG00000165060	FXN	-0.32086255139721	-0.286060661199967	0.2218027966224767					point used in Figure 2 scatter panels
gene_point	ENSG00000030110	BAK1	-0.119451198764471	-0.128170801270504	-0.1911987643635804					point used in Figure 2 scatter panels
gene_point	ENSG00000124733	MEA1	0.257158342940249	-0.0031773392997754	0.2785239956953234					point used in Figure 2 scatter panels
gene_point	ENSG00000115875	SRSF7	-0.0767118093981871	-0.029705707198404	0.1015303577279098					point used in Figure 2 scatter panels
gene_point	ENSG00000111605	CPSF6	0.0718312956588911	0.0828731454944692	0.0757343407094239					point used in Figure 2 scatter panels
gene_point	ENSG00000052344	PRSS8	0.421643849652015	0.183619016063485	-0.6292547209118062					point used in Figure 2 scatter panels
gene_point	ENSG00000075618	FSCN1	0.330900584877563	0.371724444510816	0.0303037024019374					point used in Figure 2 scatter panels
gene_point	ENSG00000163565	IFI16	-0.118123724946338	0.387352857663316	-0.2345207519081071					point used in Figure 2 scatter panels
gene_point	ENSG00000104325	DECR1	0.0960761198818525	0.153555870218447	0.0648569808352306					point used in Figure 2 scatter panels
gene_point	ENSG00000112893	MAN2A1	-0.130128455873426	0.177386874147182	-0.3778416306014751					point used in Figure 2 scatter panels
gene_point	ENSG00000128609	NDUFA5	-0.0666024942885187	0.24620034146811	0.0813053566456929					point used in Figure 2 scatter panels
gene_point	ENSG00000125656	CLPP	0.178517118912162	-0.0130454044179455	0.0613075476608457					point used in Figure 2 scatter panels
gene_point	ENSG00000128311	TST	-0.383429366404427	-0.242460451025198	-0.0934275714532688					point used in Figure 2 scatter panels
gene_point	ENSG00000108106	UBE2S	0.362223875824047	0.493354949237722	-0.1892176135294363					point used in Figure 2 scatter panels
gene_point	ENSG00000143774	GUK1	0.254435254919989	-0.809772618340318	-0.0446181591185741					point used in Figure 2 scatter panels
gene_point	ENSG00000063854	HAGH	0.139408343263389	-0.263846201473413	0.5975198200295999					point used in Figure 2 scatter panels
gene_point	ENSG00000053747	LAMA3	0.0721980761773403	0.215734111521971	0.2756181238563684					point used in Figure 2 scatter panels
gene_point	ENSG00000139180	NDUFA9	0.0806514371350767	0.398517033123132	-0.1420565975268601					point used in Figure 2 scatter panels
gene_point	ENSG00000183696	UPP1	0.473816616069904	0.476027644684185	-0.0866223177093434					point used in Figure 2 scatter panels
gene_point	ENSG00000138796	HADH	0.038904880925605	0.206179567227523	0.1036259127271534					point used in Figure 2 scatter panels
gene_point	ENSG00000001630	CYP51A1	0.634597406992532	1.0724488754026	-0.604332459063901					point used in Figure 2 scatter panels
gene_point	ENSG00000169764	UGP2	0.0488595140726296	0.156248710588542	0.1127045206932066					point used in Figure 2 scatter panels
gene_point	ENSG00000128524	ATP6V1F	0.002495426035908	-0.260601559779891	0.2863384258801567					point used in Figure 2 scatter panels
gene_point	ENSG00000170525	PFKFB3	0.413727605909477	1.07438228882383	6.153408152466543					point used in Figure 2 scatter panels
gene_point	ENSG00000174607	UGT8	-0.404581966429716	0.6723553270825	-0.8651799094757564					point used in Figure 2 scatter panels
gene_point	ENSG00000198431	TXNRD1	0.631266651361793	0.848412196277915	0.243185542227728					point used in Figure 2 scatter panels
gene_point	ENSG00000111907	TPD52L1	0.290016536075759	0.0327777501182364	0.1605670883270491					point used in Figure 2 scatter panels
gene_point	ENSG00000132305	IMMT	0.160077651333783	0.316200612737698	0.1294454114362508					point used in Figure 2 scatter panels
gene_point	ENSG00000103550	KNOP1	-1.72979014334534	-1.79223467885602	-1.1537456624699214					point used in Figure 2 scatter panels
gene_point	ENSG00000214753	HNRNPUL2	-0.114391647891547	0.174427380535329	0.1929863997388636					point used in Figure 2 scatter panels
gene_point	ENSG00000203485	INF2	0.291135525021325	0.0491331402043814	-0.1189977584748938					point used in Figure 2 scatter panels
gene_point	ENSG00000121892	PDS5A	-0.0714434892114595	-0.0546999356597938	-0.3012129249591062					point used in Figure 2 scatter panels
gene_point	ENSG00000115977	AAK1	-0.635271245246555	-0.828314014876493	-0.3068023919283753					point used in Figure 2 scatter panels
gene_point	ENSG00000186871	ERCC6L	-1.02070042505359	-0.60014632200557	-0.0027881688156554					point used in Figure 2 scatter panels
gene_point	ENSG00000167721	TSR1	-0.0536439245124531	0.0362672559806115	0.0240325765086382					point used in Figure 2 scatter panels
gene_point	ENSG00000156521	TYSND1	-0.118364304391548	-0.0864187354055837	-0.3801339769050411					point used in Figure 2 scatter panels
gene_point	ENSG00000134330	IAH1	0.084785505901575	-0.0065618259468458	0.0461366801657021					point used in Figure 2 scatter panels
gene_point	ENSG00000253710	ALG11	-0.866124527071536	-0.848856861719643	-0.2222916011839206					point used in Figure 2 scatter panels
gene_point	ENSG00000198218	QRICH1	0.531307013358609	0.751955651164688	-0.3035928276939437					point used in Figure 2 scatter panels
gene_point	ENSG00000122692	SMU1	0.0910918430494538	0.401650032069788	0.0603187065387516					point used in Figure 2 scatter panels
gene_point	ENSG00000134775	FHOD3	0.0978257594813436	-0.51729196113508	-1.2050862812286385					point used in Figure 2 scatter panels
gene_point	ENSG00000010704	HFE	-0.249860911223119	0.386538649598758	-0.2762146740317881					point used in Figure 2 scatter panels
gene_point	ENSG00000124831	LRRFIP1	-0.219238341785379	-0.196160237923855	0.1946734993587071					point used in Figure 2 scatter panels
gene_point	ENSG00000126814	TRMT5	-1.95123792210063	-2.16835021262247	-0.0560646424473603					point used in Figure 2 scatter panels
gene_point	ENSG00000149499	EML3	0.372194443928417	0.12869196481907	-0.4572425863504143					point used in Figure 2 scatter panels
gene_point	ENSG00000116871	MAP7D1	0.542161346819273	0.507513483444568	-0.6000961123571393					point used in Figure 2 scatter panels
gene_point	ENSG00000149476	TKFC	0.108501656936466	0.166867405173979	-0.1287719522369173					point used in Figure 2 scatter panels
gene_point	ENSG00000161654	LSM12	0.045313527090037	-0.690150196816424	0.2926553446305995					point used in Figure 2 scatter panels
gene_point	ENSG00000103160	HSDL1	-0.978207064246345	-0.860391896467408						point used in Figure 2 scatter panels
gene_point	ENSG00000196642	RABL6	0.163287724885498	-1.2663879589776	-0.2506359217700549					point used in Figure 2 scatter panels
gene_point	ENSG00000160131	VMA21	-0.106300862565725	-0.0102740731120635	-0.3533542915897421					point used in Figure 2 scatter panels
gene_point	ENSG00000105197	TIMM50	0.019926161683455	0.310263237380514	-0.2774705898481606					point used in Figure 2 scatter panels
gene_point	ENSG00000173193	PARP14	-0.222657802310384	0.453775815183806	0.0046253460755529					point used in Figure 2 scatter panels
gene_point	ENSG00000140632	GLYR1	0.0211519011308021	0.11727620053924	-0.0942940202178945					point used in Figure 2 scatter panels
gene_point	ENSG00000107036	RIC1	-0.13948771775987	-1.26197163316972	1.1265295601748306					point used in Figure 2 scatter panels
gene_point	ENSG00000151502	VPS26B	0.0957855835571056	-0.640047954267797	-0.0961929384403106					point used in Figure 2 scatter panels
gene_point	ENSG00000174720	LARP7	-0.394090959324908	-0.0695951657021578	-0.0865202135546283					point used in Figure 2 scatter panels
gene_point	ENSG00000152620	NADK2	-0.350769305254491	-0.54932489739379	-0.02110023209746					point used in Figure 2 scatter panels
gene_point	ENSG00000176715	ACSF3	-0.009748853154875	-0.189140926618672	-0.0381154762088513					point used in Figure 2 scatter panels
gene_point	ENSG00000169221	TBC1D10B	0.0404510072701838	-0.494452030230072	-0.0988729592576547					point used in Figure 2 scatter panels
gene_point	ENSG00000176058	TPRN	0.537871496882915	0.464042126764321	0.4826922460799423					point used in Figure 2 scatter panels
gene_point	ENSG00000177119	ANO6	0.482895067824299	0.700707666255568	-0.1948755877442138					point used in Figure 2 scatter panels
gene_point	ENSG00000168386	FILIP1L	2.52057300063123	3.02288720525088	2.7112210183586907					point used in Figure 2 scatter panels
gene_point	ENSG00000111639	MRPL51	0.194131399664162	0.0755895220860317	0.3826689269888366					point used in Figure 2 scatter panels
gene_point	ENSG00000182087	TMEM259	0.262604956192148	-0.513211007003652	-0.2621699738136556					point used in Figure 2 scatter panels
gene_point	ENSG00000150593	PDCD4	0.103948437745617	0.560464036196152	-0.0959694982136767					point used in Figure 2 scatter panels
gene_point	ENSG00000075420	FNDC3B	-0.366978307909143	-0.268979579432674	-0.1628004288086746					point used in Figure 2 scatter panels
gene_point	ENSG00000138180	CEP55	-0.117923714997355	-0.0375447464977441	-0.9680924371770256					point used in Figure 2 scatter panels
gene_point	ENSG00000123353	ORMDL2	0.009287224334386	0.150805103849146	-0.0184909370493819					point used in Figure 2 scatter panels
gene_point	ENSG00000178685	PARP10	0.316490269104062	0.297945042951029	0.0218481814927677					point used in Figure 2 scatter panels
gene_point	ENSG00000149084	HSD17B12	-0.0583225417224602	0.293623947008964	-0.2263066344731825					point used in Figure 2 scatter panels
gene_point	ENSG00000119392	GLE1	-0.0235782787528742	0.0148907944287481	0.1276566313387714					point used in Figure 2 scatter panels
gene_point	ENSG00000168883	USP39	0.348995399098136	0.55792947712608	-0.3135971362000802					point used in Figure 2 scatter panels
gene_point	ENSG00000147592	LACTB2	0.174195591558532	0.220781242093434	-0.0442688912147311					point used in Figure 2 scatter panels
gene_point	ENSG00000198142	SOWAHC	-0.13418707124722	0.0937441468685879	-0.6952752290464748					point used in Figure 2 scatter panels
gene_point	ENSG00000082438	COBLL1	-0.24523110481846	-0.145603103492797	0.2376352285276901					point used in Figure 2 scatter panels
gene_point	ENSG00000169067	ACTBL2	0.398456241155607	0.936709656184999	-0.0073123872291063					point used in Figure 2 scatter panels
gene_point	ENSG00000125633	CCDC93	-0.086194340185693	0.488355644012821	-0.1547037672694742					point used in Figure 2 scatter panels
gene_point	ENSG00000186767	SPIN4	-1.55050204934656	-1.33433529255459	1.672013005223949					point used in Figure 2 scatter panels
gene_point	ENSG00000145247	OCIAD2	0.111700637047725	0.0482329522252618	-0.1180377863786681					point used in Figure 2 scatter panels
gene_point	ENSG00000162664	ZNF326	-0.318549365183744	-0.0354133978787617	0.1209104350691809					point used in Figure 2 scatter panels
gene_point	ENSG00000146909	NOM1	-0.113793315887011	0.0989659730653274	-0.3046896834505528					point used in Figure 2 scatter panels
gene_point	ENSG00000188026	RILPL1	0.126130539116346	-0.439177403322219	-0.7239817981243295					point used in Figure 2 scatter panels
gene_point	ENSG00000148634	HERC4	0.161321778744862	0.341044149482858	0.0935357516541657					point used in Figure 2 scatter panels
gene_point	ENSG00000110075	PPP6R3	0.0504549202389503	0.387015941161343	0.2762314228506746					point used in Figure 2 scatter panels
gene_point	ENSG00000110871	COQ5	0.0172771822479261	0.03238165564368	-0.0384692073525627					point used in Figure 2 scatter panels
gene_point	ENSG00000128463	EMC4	0.218541321272182	0.37493950697366	0.2477731575156347					point used in Figure 2 scatter panels
gene_point	ENSG00000185164	NOMO2	0.211154452921492	-0.109251021808046	0.024775151902638					point used in Figure 2 scatter panels
gene_point	ENSG00000103356	EARS2	-0.0183142001261082	0.164737269260482	-0.1188545514384387					point used in Figure 2 scatter panels
gene_point	ENSG00000154305	MIA3	-0.535228337257355	-0.015678886296686	-0.1953441198868226					point used in Figure 2 scatter panels
gene_point	ENSG00000107959	PITRM1	0.107703217326325	0.293740944660567	0.0086115676207363					point used in Figure 2 scatter panels
gene_point	ENSG00000180822	PSMG4	-0.181773405978478	-0.612773166184251	-0.124785692199147					point used in Figure 2 scatter panels
gene_point	ENSG00000131725	WDR44	-0.022759324154391	0.275116438462649	0.3779581626321793					point used in Figure 2 scatter panels
gene_point	ENSG00000288701	PRRC2B	-0.0289577767845514	0.443701705524866	-0.2367331847970941					point used in Figure 2 scatter panels
gene_point	ENSG00000137221	TJAP1	-0.294209684547813	-0.180886633917065	0.5667149326681766					point used in Figure 2 scatter panels
gene_point	ENSG00000052749	RRP12	-0.124094368005858	0.0666827165704367	-0.1987994141810283					point used in Figure 2 scatter panels
gene_point	ENSG00000168275	COA6	0.0404929218071602	-0.0910104985690419	0.1449976886282193					point used in Figure 2 scatter panels
gene_point	ENSG00000143337	TOR1AIP1	0.0541956069497122	0.112353607944577	-0.0720242372808925					point used in Figure 2 scatter panels
gene_point	ENSG00000124608	AARS2	-0.245895078461928	-0.239761337422129	-0.0094710506454163					point used in Figure 2 scatter panels
gene_point	ENSG00000160404	TOR2A	-0.572043790415554	-0.989085226002247	0.0403700324943141					point used in Figure 2 scatter panels
gene_point	ENSG00000126226	PCID2	0.154993324383748	0.198004849695169	-0.4534188142363877					point used in Figure 2 scatter panels
gene_point	ENSG00000205413	SAMD9	-1.1493234781475	-0.326850359139209	-0.2739219049777865					point used in Figure 2 scatter panels
gene_point	ENSG00000128487	SPECC1	0.319711112279443	0.157982619069306	0.2790722891332677					point used in Figure 2 scatter panels
gene_point	ENSG00000179134	SAMD4B	0.193920411531237	0.0351767108781931	-0.0132146039563156					point used in Figure 2 scatter panels
gene_point	ENSG00000067334	DNTTIP2	-0.556597042683158	0.0227176668030803	-0.1589232520642873					point used in Figure 2 scatter panels
gene_point	ENSG00000203667	COX20	0.0918687714680822	-0.150669640796602	-0.1216558358769717					point used in Figure 2 scatter panels
gene_point	ENSG00000223496	EXOSC6	-0.725232921099536	-0.574898626213445	-0.192536567421147					point used in Figure 2 scatter panels
gene_point	ENSG00000095319	NUP188	0.132644454796575	0.392088062746143	0.0520816809351352					point used in Figure 2 scatter panels
gene_point	ENSG00000127483	HP1BP3	-0.161692164759109	-0.0595390933366326	-0.3242365614426177					point used in Figure 2 scatter panels
gene_point	ENSG00000162408	NOL9	-0.196835788264507	0.0164440904802033	0.0402814115833081					point used in Figure 2 scatter panels
gene_point	ENSG00000188112	C6orf132	0.236849566064248	0.344411122629313	0.0581804113210751					point used in Figure 2 scatter panels
gene_point	ENSG00000162779	AXDND1	2.88779338725625	1.48189024634734	0.1696785851626181					point used in Figure 2 scatter panels
gene_point	ENSG00000119321	FKBP15	-0.425571706004427	-0.37840223938337	-0.0672629349249263					point used in Figure 2 scatter panels
gene_point	ENSG00000123200	ZC3H13	-0.723500830273407	-0.529165280386641	0.2463471878342247					point used in Figure 2 scatter panels
gene_point	ENSG00000150054	MPP7	0.0997100041580766	-0.88418708294716	-0.0328202527424927					point used in Figure 2 scatter panels
gene_point	ENSG00000121931	LRIF1	-0.933645695421846	-1.19792952386045	-0.0706375416384794					point used in Figure 2 scatter panels
gene_point	ENSG00000126107	HECTD3	0.0148541620483481	-0.135154053109283	-0.0227536712948239					point used in Figure 2 scatter panels
gene_point	ENSG00000127481	UBR4	-0.0002783697862506	0.258291215570018	-0.1363902465660231					point used in Figure 2 scatter panels
gene_point	ENSG00000120549	KIAA1217	0.12110402624383	-0.121294322537993	-0.524061246911586					point used in Figure 2 scatter panels
gene_point	ENSG00000107863	ARHGAP21	0.091967486160113	0.143669068369236	-0.716868312521779					point used in Figure 2 scatter panels
gene_point	ENSG00000130559	CAMSAP1	0.308223269412231	-0.111531786064825	-0.1792631303347054					point used in Figure 2 scatter panels
gene_point	ENSG00000112651	MRPL2	-0.339110870746087	-0.240525880076456	0.0512925969320789					point used in Figure 2 scatter panels
gene_point	ENSG00000137073	UBAP2	0.087045108960445	0.0934025441117627	-0.1629686896808575					point used in Figure 2 scatter panels
gene_point	ENSG00000107897	ACBD5	-0.638712701138134	-0.412393329150238	-0.2865169479429799					point used in Figure 2 scatter panels
gene_point	ENSG00000139746	RBM26	-0.0418273225472455	0.778243499774031	0.0429893965062682					point used in Figure 2 scatter panels
gene_point	ENSG00000116729	WLS	0.138711631401883	0.238199998727981	-0.2970626414323831					point used in Figure 2 scatter panels
gene_point	ENSG00000132716	DCAF8	-0.159291868131554	-0.492124475989514	-0.0894285773534289					point used in Figure 2 scatter panels
gene_point	ENSG00000136104	RNASEH2B	-0.0059997647480575	-0.139310112124121	-0.490162090966864					point used in Figure 2 scatter panels
gene_point	ENSG00000135870	RC3H1	0.137560528726691	-0.0491249762730771	-0.2990183464300564					point used in Figure 2 scatter panels
gene_point	ENSG00000197312	DDI2	-0.778338517924905	-0.791010687144517	-0.0009483603943252					point used in Figure 2 scatter panels
gene_point	ENSG00000101247	NDUFAF5	0.0097352182567413	-0.101257464073429	0.3901113857374856					point used in Figure 2 scatter panels
gene_point	ENSG00000178425	NT5DC1	-0.0729222277193101	0.310868531900808	-0.061787429950904					point used in Figure 2 scatter panels
gene_point	ENSG00000126705	AHDC1	0.669849619960918	0.436265233535843	-0.6243784296951933					point used in Figure 2 scatter panels
gene_point	ENSG00000058453	CROCC	0.390455552452749	0.443316977003876	0.1504148863247536					point used in Figure 2 scatter panels
gene_point	ENSG00000186687	LYRM7	-0.420615634914419	0.0851069335247647	0.1738562435714072					point used in Figure 2 scatter panels
gene_point	ENSG00000161671	EMC10	0.281658037387892	0.369672367045322	-0.0707700077315713					point used in Figure 2 scatter panels
gene_point	ENSG00000080345	RIF1	-0.884311728896137	-0.175209534047292	-0.4312606071951119					point used in Figure 2 scatter panels
gene_point	ENSG00000163125	RPRD2	-0.871147048116419	-1.00853558686609	-0.3245025775947425					point used in Figure 2 scatter panels
gene_point	ENSG00000264230	ANXA8L1	0.188623728214825	0.302552266109483	-0.0518828661189942					point used in Figure 2 scatter panels
gene_point	ENSG00000134186	PRPF38B	0.262078291412705	0.835316966811119	0.2960977219785903					point used in Figure 2 scatter panels
gene_point	ENSG00000155827	RNF20	-0.493280757986419	-0.60971386785641	0.066060299427022					point used in Figure 2 scatter panels
gene_point	ENSG00000178104	PDE4DIP	-0.0150975955021908	0.0311191753364174	0.8915261537133592					point used in Figure 2 scatter panels
gene_point	ENSG00000171467	ZNF318	-0.504002623123533	-1.2918492919959	-0.2315274133105429					point used in Figure 2 scatter panels
gene_point	ENSG00000145996	CDKAL1	-0.239857743696217	-0.100049589224825	-0.786227244655068					point used in Figure 2 scatter panels
gene_point	ENSG00000162819	BROX	-0.14922505391886	0.0533664159517871	-0.1316666412923801					point used in Figure 2 scatter panels
gene_point	ENSG00000136848	DAB2IP	0.200734111198665	-1.0630036950828	-0.4212085324637922					point used in Figure 2 scatter panels
gene_point	ENSG00000143353	LYPLAL1	-0.188981978419054	-0.092941634120649	-0.1675848670895305					point used in Figure 2 scatter panels
gene_point	ENSG00000137145	DENND4C	-0.307325472312794	0.0289364695932158	-0.1853643272275391					point used in Figure 2 scatter panels
gene_point	ENSG00000139793	MBNL2	1.86035720891103	2.3679308253418	-0.3350590660039501					point used in Figure 2 scatter panels
gene_point	ENSG00000180776	ZDHHC20	-0.285815784630302	-0.10579023135942	-0.8454235861284296					point used in Figure 2 scatter panels
gene_point	ENSG00000103855	CD276	0.225369371025385	0.107792038239088	-0.1839292333754727					point used in Figure 2 scatter panels
gene_point	ENSG00000173821	RNF213	0.153061237636732	0.392167405387748	-0.2590365535275865					point used in Figure 2 scatter panels
gene_point	ENSG00000197256	KANK2	-0.846822191668441	-0.922698626004709	0.2250320386232935					point used in Figure 2 scatter panels
gene_point	ENSG00000176853	FAM91A1	-0.400095158386492	-0.489723593828791	-0.0126867963291346					point used in Figure 2 scatter panels
gene_point	ENSG00000130479	MAP1S	-0.563476621028334	-0.386150511782452	-0.1674247425063377					point used in Figure 2 scatter panels
gene_point	ENSG00000182196	ARL6IP4	0.297481627384923	-0.734350829722358	-0.3451307145542817					point used in Figure 2 scatter panels
gene_point	ENSG00000016864	GLT8D1	0.0066866931170716	-0.2047177628222	-0.2648511868558909					point used in Figure 2 scatter panels
gene_point	ENSG00000136205	TNS3	-0.466765202298522	-0.445293188224568	0.1825934728461646					point used in Figure 2 scatter panels
gene_point	ENSG00000179119	SPTY2D1	0.662374762379173	1.6234183901751	-0.099320443353907					point used in Figure 2 scatter panels
gene_point	ENSG00000176055	MBLAC2	-1.78024805942763	-1.66952212549621	0.003355681514801					point used in Figure 2 scatter panels
gene_point	ENSG00000164187	LMBRD2	-0.219921408157629	0.343399130088021	-0.3470252760957866					point used in Figure 2 scatter panels
gene_point	ENSG00000080200	CRYBG3	-0.863452815894165	-0.185445532067422	0.5198140988000031					point used in Figure 2 scatter panels
gene_point	ENSG00000184661	CDCA2	-0.253490089402068	-0.109165398350318	-0.1765493971062994					point used in Figure 2 scatter panels
gene_point	ENSG00000095485	CWF19L1	-0.243681640599557	-0.0313125025828327	0.0644437872801724					point used in Figure 2 scatter panels
gene_point	ENSG00000184743	ATL3	-0.0415941186089253	0.361761698256485	-0.1251298392152975					point used in Figure 2 scatter panels
gene_point	ENSG00000146223	RPL7L1	-0.279526371685899	-0.780661384487828	0.0183194124457912					point used in Figure 2 scatter panels
gene_point	ENSG00000005194	CIAPIN1	-0.106192376370157	0.0804831758616686	0.1818188932576596					point used in Figure 2 scatter panels
gene_point	ENSG00000135632	SMYD5	-0.0580859329589517	-0.276465428381867	-0.0468621562275952					point used in Figure 2 scatter panels
gene_point	ENSG00000264522	OTUD7B	-0.528911448925777	-0.341354688237266	0.1638125056963648					point used in Figure 2 scatter panels
gene_point	ENSG00000163634	THOC7	0.109954561318126	0.143251737038233	0.1220152463199824					point used in Figure 2 scatter panels
gene_point	ENSG00000172890	NADSYN1	0.179601460532138	0.198310984227766	-0.169349873871667					point used in Figure 2 scatter panels
gene_point	ENSG00000134759	ELP2	-0.18804821161392	0.322971885628812	-0.0970768374955781					point used in Figure 2 scatter panels
gene_point	ENSG00000149357	LAMTOR1	-0.0088913998842108	-1.07850467683798	-0.2027785589171316					point used in Figure 2 scatter panels
gene_point	ENSG00000109016	DHRS7B	-0.0405207970546183	0.145202210566288	-0.0014164233646702					point used in Figure 2 scatter panels
gene_point	ENSG00000247596	TWF2	0.150094620812517	0.251414075847399	-0.0592174102460703					point used in Figure 2 scatter panels
gene_point	ENSG00000100796	PPP4R3A	0.257871226863667	0.193454855003186	0.1536205481531638					point used in Figure 2 scatter panels
gene_point	ENSG00000198146	ZNF770	-1.0248926507324	-0.916827998192426	-0.9048766308393468					point used in Figure 2 scatter panels
gene_point	ENSG00000101544	ADNP2	-0.114374444781199	-0.58704165601632	0.5098872393808698					point used in Figure 2 scatter panels
gene_point	ENSG00000143751	SDE2	-0.236037318784053	0.453271731111543	-0.0364012276788319					point used in Figure 2 scatter panels
gene_point	ENSG00000111271	ACAD10	0.162048022033639	0.347502369116445	0.05796567913635					point used in Figure 2 scatter panels
gene_point	ENSG00000167767	KRT80	0.398877811492333	0.118130794568485	0.3377923211246134					point used in Figure 2 scatter panels
gene_point	ENSG00000164190	NIPBL	-0.232780689398522	0.403278689511912	-0.3779347127871091					point used in Figure 2 scatter panels
gene_point	ENSG00000174840	PDE12	-1.05928087531926	-0.941698059705018	-0.067299869961662					point used in Figure 2 scatter panels
gene_point	ENSG00000119777	TMEM214	0.184630143349202	0.17605440156243	-0.2112522007630879					point used in Figure 2 scatter panels
gene_point	ENSG00000198130	HIBCH	0.023511259088989	0.32879061508487	0.1434437139989164					point used in Figure 2 scatter panels
gene_point	ENSG00000105676	ARMC6	0.0490948265640274	0.0530963945913503	-0.0005286124867964					point used in Figure 2 scatter panels
gene_point	ENSG00000129696	TTI2	-0.764111523140169	-0.559225104070357	1.8799999710277575					point used in Figure 2 scatter panels
gene_point	ENSG00000173272	MZT2A	0.364209769831965	-0.277152751556324	-0.1129276942571806					point used in Figure 2 scatter panels
gene_point	ENSG00000033030	ZCCHC8	-0.842283473852137	-0.606163447200211	-0.0867009915538297					point used in Figure 2 scatter panels
gene_point	ENSG00000163214	DHX57	-0.294239228210481	-0.144115953256172	-0.6366163039268997					point used in Figure 2 scatter panels
gene_point	ENSG00000111684	LPCAT3	-0.0431414773270533	-0.216254027225684	0.1622489552775281					point used in Figure 2 scatter panels
gene_point	ENSG00000134371	CDC73	-0.330717534671117	-0.0788883263084009	0.0449065838632058					point used in Figure 2 scatter panels
gene_point	ENSG00000138439	FAM117B	-0.0200183772690364	-0.187782494230133	0.90563440971348					point used in Figure 2 scatter panels
gene_point	ENSG00000180992	MRPL14	-0.0520940181192336	-0.265483757256287	0.040356945367332					point used in Figure 2 scatter panels
gene_point	ENSG00000167114	SLC27A4	-0.0666200721301425	-0.446568280102969	-0.1126137902916752					point used in Figure 2 scatter panels
gene_point	ENSG00000073350	LLGL2	0.698621990287018	-0.193074878949761	-0.8432957473389795					point used in Figure 2 scatter panels
gene_point	ENSG00000165055	METTL2B	-0.752220787511879	-0.24309117360192	0.9056265518600846					point used in Figure 2 scatter panels
gene_point	ENSG00000213563	C8orf82	0.237107971984601	-0.161008236020732	-0.0169913648465538					point used in Figure 2 scatter panels
gene_point	ENSG00000038358	EDC4	0.301175460907874	0.598277313587139	0.2082287014915849					point used in Figure 2 scatter panels
gene_point	ENSG00000130695	CEP85	-0.244854125686742	0.0487146278927333	0.0937922381688256					point used in Figure 2 scatter panels
gene_point	ENSG00000136021	SCYL2	-0.283725951872973	-0.172473025591338	-0.2142868422716848					point used in Figure 2 scatter panels
gene_point	ENSG00000018699	TTC27	-0.0420862943313924	0.21965782467768	-0.0798496876076697					point used in Figure 2 scatter panels
gene_point	ENSG00000183605	SFXN4	0.0859480019557005	-0.453015138389188	-0.2329583710011302					point used in Figure 2 scatter panels
gene_point	ENSG00000158158	CNNM4	0.475310833935641	0.356433697568167	-0.3161970520410939					point used in Figure 2 scatter panels
gene_point	ENSG00000170322	NFRKB	0.0726433416923272	0.236818612012385	-0.201658217308573					point used in Figure 2 scatter panels
gene_point	ENSG00000180185	FAHD1	-0.236263213906551	-0.206117494334479	0.0233906775496919					point used in Figure 2 scatter panels
gene_point	ENSG00000104892	KLC3	0.402452204147789	0.301241377904643	0.078891514738963					point used in Figure 2 scatter panels
gene_point	ENSG00000163584	RPL22L1	0.168655772903856	0.187470360728786	0.246633434615946					point used in Figure 2 scatter panels
gene_point	ENSG00000091542	ALKBH5	0.686457832869375	0.148028821930959	-0.1105055598336868					point used in Figure 2 scatter panels
gene_point	ENSG00000185085	INTS5	-2.04158344719164	-2.23369380671524	-0.0113767357972829					point used in Figure 2 scatter panels
gene_point	ENSG00000165434	PGM2L1	0.219777737806627	1.0971803714695	0.5192608381435697					point used in Figure 2 scatter panels
gene_point	ENSG00000198730	CTR9	-0.368110537740988	-0.0769997241821619	0.0115568354125663					point used in Figure 2 scatter panels
gene_point	ENSG00000117593	DARS2	0.052378351697527	0.311801259307394	-0.033402416384753					point used in Figure 2 scatter panels
gene_point	ENSG00000144959	NCEH1	0.331263054075418	0.52565704546126	0.1637223506870988					point used in Figure 2 scatter panels
gene_point	ENSG00000141569	TRIM65	-0.882597022437273	-0.866382552944915	-0.4226824791029013					point used in Figure 2 scatter panels
gene_point	ENSG00000106009	BRAT1	-0.311074885463075	-0.219357167366098	-0.0258960887857142					point used in Figure 2 scatter panels
gene_point	ENSG00000103091	WDR59	-0.197577337099711	-0.676329618560695	-0.5527101654400628					point used in Figure 2 scatter panels
gene_point	ENSG00000100722	ZC3H14	-0.156403374529569	-0.306046334878141	0.0320504050433214					point used in Figure 2 scatter panels
gene_point	ENSG00000155506	LARP1	-0.0499899166444372	-0.305769360875631	-0.2596294360816458					point used in Figure 2 scatter panels
gene_point	ENSG00000156802	ATAD2	0.102762182418666	0.686370340841119	-0.510675914529962					point used in Figure 2 scatter panels
gene_point	ENSG00000014824	SLC30A9	-0.24187160030371	-0.16131164807723	-0.0860673350856409					point used in Figure 2 scatter panels
gene_point	ENSG00000189114	BLOC1S3	-2.1253734161193	-2.48252136506576	0.0419320915002998					point used in Figure 2 scatter panels
gene_point	ENSG00000164327	RICTOR	0.0143698995957753	0.77198742384833	-0.0228378817284067					point used in Figure 2 scatter panels
gene_point	ENSG00000133316	WDR74	-0.205596078350512	-0.1127907459324	-0.1374055574415216					point used in Figure 2 scatter panels
gene_point	ENSG00000177674	AGTRAP	0.278729205040472	0.152614452630345	-0.3916645354427963					point used in Figure 2 scatter panels
gene_point	ENSG00000120254	MTHFD1L	-0.0830452184398647	-0.248768488203931	0.1969430761900241					point used in Figure 2 scatter panels
gene_point	ENSG00000167522	ANKRD11	0.0721828422370362	-0.181471240102081	-0.88514614897956					point used in Figure 2 scatter panels
gene_point	ENSG00000119844	AFTPH	-0.420512448508662	-0.582193906864685	0.0006939504119287					point used in Figure 2 scatter panels
gene_point	ENSG00000145216	FIP1L1	-0.26589115701718	0.0225504529095584	-0.2967895801025051					point used in Figure 2 scatter panels
gene_point	ENSG00000105518	TMEM205	0.101002907316216	0.0844882583048181	-0.1673843056425603					point used in Figure 2 scatter panels
gene_point	ENSG00000148356	LRSAM1	0.217675850755862	0.514379745835623	-0.1017433599050861					point used in Figure 2 scatter panels
gene_point	ENSG00000172954	LCLAT1	-0.0042278301107173	0.221682668123759	-0.1924869573542196					point used in Figure 2 scatter panels
gene_point	ENSG00000153015	CWC27	-0.0269220472718377	0.0452269416301314	-0.0609604149874734					point used in Figure 2 scatter panels
gene_point	ENSG00000120594	PLXDC2	0.118882223359913	0.359615885357493	0.3607304027219644					point used in Figure 2 scatter panels
gene_point	ENSG00000184164	CRELD2	0.31378826099942	0.0178440765354108	6.05440175600311					point used in Figure 2 scatter panels
gene_point	ENSG00000164091	WDR82	0.0212506445614715	0.333639403387866	0.1313364031804234					point used in Figure 2 scatter panels
gene_point	ENSG00000155008	APOOL	-0.242740733450291	0.198305886160533	0.0672909221880075					point used in Figure 2 scatter panels
gene_point	ENSG00000171681	ATF7IP	-0.595974906760074	-0.115098100123926	-0.1883504272192677					point used in Figure 2 scatter panels
gene_point	ENSG00000141084	RANBP10	-0.295859369157758	-0.258201656672182	-0.3961709782776133					point used in Figure 2 scatter panels
gene_point	ENSG00000186104	CYP2R1	-0.763124322050154	-0.840071229320623	-0.1310773109328771					point used in Figure 2 scatter panels
gene_point	ENSG00000175115	PACS1	0.105315380084581	-1.0297251768143	-0.5028585828321148					point used in Figure 2 scatter panels
gene_point	ENSG00000133030	MPRIP	0.132718400349635	-0.957137410859695	0.1352535503523491					point used in Figure 2 scatter panels
gene_point	ENSG00000156675	RAB11FIP1	-0.105050202037538	0.291787124688746	0.9449738233347488					point used in Figure 2 scatter panels
gene_point	ENSG00000203995	ZYG11A	-0.363043003244506	-0.0805287476182238	0.3554937428224676					point used in Figure 2 scatter panels
gene_point	ENSG00000107554	DNMBP	-0.320125618667826	-0.0904500248691875	0.5494990700496345					point used in Figure 2 scatter panels
gene_point	ENSG00000187676	B3GLCT	0.288772364069226	-0.208171846021391	0.0511918796554056					point used in Figure 2 scatter panels
gene_point	ENSG00000204120	GIGYF2	-0.977857717040001	-1.54225722562843	-0.0528773612510313					point used in Figure 2 scatter panels
gene_point	ENSG00000156535	CD109	-0.112419865570463	0.271076855926443	-0.1760546783220533					point used in Figure 2 scatter panels
gene_point	ENSG00000119471	HSDL2	0.0252541609459999	0.432880463125521	0.0020134341494859					point used in Figure 2 scatter panels
gene_point	ENSG00000172292	CERS6	0.198653066083375	0.318603638077637	-0.2347514364637852					point used in Figure 2 scatter panels
gene_point	ENSG00000139154	AEBP2	-0.646791607856009	-0.603601726260703	0.0953158228185486					point used in Figure 2 scatter panels
gene_point	ENSG00000170448	NFXL1	-1.06181347153334	-1.4001674474769	-0.159569555827387					point used in Figure 2 scatter panels
gene_point	ENSG00000160796	NBEAL2	0.38249770173137	0.382096935007127						point used in Figure 2 scatter panels
gene_point	ENSG00000165661	QSOX2	0.126961004922805	0.443816787899324	-0.0174415731363666					point used in Figure 2 scatter panels
gene_point	ENSG00000080603	SRCAP	-0.0278698115649262	0.150217608551758	-0.1431593920163685					point used in Figure 2 scatter panels
gene_point	ENSG00000197982	C1orf122	0.180589443086126	-0.0530441680952281	-0.2094039223993693					point used in Figure 2 scatter panels
gene_point	ENSG00000151690	MFSD6	-0.199172731206447	-0.55141951938201	-0.6745639467383917					point used in Figure 2 scatter panels
gene_point	ENSG00000104880	ARHGEF18	0.226072933961281	0.0020124655640719	-0.1814423536222289					point used in Figure 2 scatter panels
gene_point	ENSG00000145685	LHFPL2	-0.30936456122275	-0.557345659807139	0.1616326949795983					point used in Figure 2 scatter panels
gene_point	ENSG00000175662	TOM1L2	-0.117041758414265	-0.616162804656864	-0.0195398701351372					point used in Figure 2 scatter panels
gene_point	ENSG00000157212	PAXIP1	0.0879018970653515	-0.336024082606528	-0.1345790492322969					point used in Figure 2 scatter panels
gene_point	ENSG00000143797	MBOAT2	0.0090584216262964	-0.645104176002565	0.7539805155602206					point used in Figure 2 scatter panels
gene_point	ENSG00000139324	TMTC3	-0.695574717781956	-0.416806008970334	-0.2873452686010473					point used in Figure 2 scatter panels
gene_point	ENSG00000129003	VPS13C	-0.517732116386016	0.341672371847986	-0.4290505197224874					point used in Figure 2 scatter panels
gene_point	ENSG00000173166	RAPH1	-0.156531058544989	0.0685276241925116	-0.7731640369953983					point used in Figure 2 scatter panels
gene_point	ENSG00000166130	IKBIP	0.0118978064730903	0.303419758068397	0.2110750801837753					point used in Figure 2 scatter panels
gene_point	ENSG00000151725	CENPU	0.151036448265756	0.283297842253873	0.833858779500753					point used in Figure 2 scatter panels
gene_point	ENSG00000161813	LARP4	-0.339654812291362	0.19223066741566	0.0182257835527543					point used in Figure 2 scatter panels
gene_point	ENSG00000104973	MED25	0.12214555914113	0.115203572772083	0.1216370206764096					point used in Figure 2 scatter panels
gene_point	ENSG00000185088	RPS27L	0.33049210547588	0.297857516068286	-0.1578447912802438					point used in Figure 2 scatter panels
gene_point	ENSG00000109111	SUPT6H	-0.0432607341340119	0.143253334160644	-0.0447046673124109					point used in Figure 2 scatter panels
gene_point	ENSG00000197157	SND1	0.113021605421709	0.35378474658316	-0.0592981562937247					point used in Figure 2 scatter panels
gene_point	ENSG00000072518	MARK2	0.0792092560599625	-0.129343560632531	-0.0748934626680615					point used in Figure 2 scatter panels
gene_point	ENSG00000014919	COX15	-0.101625534757898	0.19199944894654	-0.1753470188267432					point used in Figure 2 scatter panels
gene_point	ENSG00000145833	DDX46	-0.0018845238932784	0.461721532110595	0.1687059633542844					point used in Figure 2 scatter panels
gene_point	ENSG00000174173	TRMT10C	-1.63163066332287	-1.39654720865979	-0.0867910598278385					point used in Figure 2 scatter panels
gene_point	ENSG00000082153	BZW1	0.214626679061448	0.417512821546833	0.2287911557610193					point used in Figure 2 scatter panels
gene_point	ENSG00000132153	DHX30	-0.467617899858301	-0.351775440318501	-0.0738660077529065					point used in Figure 2 scatter panels
gene_point	ENSG00000149100	EIF3M	0.0583332619091615	-0.0821062372144573	-0.0019282243296103					point used in Figure 2 scatter panels
gene_point	ENSG00000162396	PARS2	-4.09118621609641	-5.20772404695821	-0.6496178887004547					point used in Figure 2 scatter panels
gene_point	ENSG00000111011	RSRC2	0.340361477508718	0.655513068562516	-0.0193912732542642					point used in Figure 2 scatter panels
gene_point	ENSG00000003509	NDUFAF7	-0.131386787107153	-0.230894000438719	0.2220172277639491					point used in Figure 2 scatter panels
gene_point	ENSG00000239857	GET4	0.678531322201808	0.6861131935691	-0.0117992167282388					point used in Figure 2 scatter panels
gene_point	ENSG00000168090	COPS6	0.186005521626654	0.31200778798027	0.0844435798488483					point used in Figure 2 scatter panels
gene_point	ENSG00000087253	LPCAT2	-0.0410720566666486	0.176565869153157	-0.1605632234824163					point used in Figure 2 scatter panels
gene_point	ENSG00000090316	MAEA	-0.18810165753271	-0.0239747508264064	0.0285447872459858					point used in Figure 2 scatter panels
gene_point	ENSG00000089876	DHX32	-0.678211927114566	-0.717307441515029	-0.6308772451052231					point used in Figure 2 scatter panels
gene_point	ENSG00000160551	TAOK1	-0.504521531412357	0.151219616614372	0.1477188521071326					point used in Figure 2 scatter panels
gene_point	ENSG00000215251	FASTKD5	-0.872531929633688	-0.809788467424334	0.1203680610936892					point used in Figure 2 scatter panels
gene_point	ENSG00000120733	KDM3B	0.0182898773419442	0.004563197418968	-0.0260147262767276					point used in Figure 2 scatter panels
gene_point	ENSG00000153936	HS2ST1	-0.0901529428451439	0.162480306148673	-0.2121336535225353					point used in Figure 2 scatter panels
gene_point	ENSG00000243156	MICAL3	0.249132545367986	-0.0131895563082988	-0.4448527976107499					point used in Figure 2 scatter panels
gene_point	ENSG00000100410	PHF5A	-0.053183909506318	-0.0413145772958879	0.2738836123887225					point used in Figure 2 scatter panels
gene_point	ENSG00000099219	ERMP1	0.12234480976593	0.297605395433807	-0.4083082466390202					point used in Figure 2 scatter panels
gene_point	ENSG00000169258	GPRIN1	0.285537831788565	-0.363035688743333	-0.6762873610194777					point used in Figure 2 scatter panels
gene_point	ENSG00000121486	TRMT1L	-0.7136070599974	-0.526918579673013	0.3795904640814722					point used in Figure 2 scatter panels
gene_point	ENSG00000105939	ZC3HAV1	0.143680635545195	0.54709384367566	0.0581558698070097					point used in Figure 2 scatter panels
gene_point	ENSG00000197345	MRPL21	0.195665329083908	0.0846134680829734	-0.02186286405718					point used in Figure 2 scatter panels
gene_point	ENSG00000138750	NUP54	-0.142518598188302	-0.0442616307529747	0.0757178376956879					point used in Figure 2 scatter panels
gene_point	ENSG00000198925	ATG9A	0.355678485634995	0.439328110358739	-0.0980955228203654					point used in Figure 2 scatter panels
gene_point	ENSG00000143442	POGZ	-0.0444661218169699	0.0973147508067583	-0.1205029945279534					point used in Figure 2 scatter panels
gene_point	ENSG00000108256	NUFIP2	-0.141764177248066	1.1673873898155	-0.1168338052281612					point used in Figure 2 scatter panels
gene_point	ENSG00000088888	MAVS	-0.477823116003891	-0.907470619073688	-0.3475015738029032					point used in Figure 2 scatter panels
gene_point	ENSG00000074054	CLASP1	0.0627319191551969	0.219807759126951	-0.0897815423248857					point used in Figure 2 scatter panels
gene_point	ENSG00000067248	DHX29	-0.277838624104821	0.246059234438636	-0.3554438258217711					point used in Figure 2 scatter panels
gene_point	ENSG00000197324	LRP10	0.227535152492348	0.238588107240209	-0.185287843172718					point used in Figure 2 scatter panels
gene_point	ENSG00000066651	TRMT11	-0.067121306325911	0.105831745818758	0.0303735473246433					point used in Figure 2 scatter panels
gene_point	ENSG00000155393	HEATR3	-0.0988407464060423	-0.511431972806711	-0.1588054920133892					point used in Figure 2 scatter panels
gene_point	ENSG00000139116	KIF21A	-0.726927277487068	-0.338146993691964	-0.1072698577228159					point used in Figure 2 scatter panels
gene_point	ENSG00000169738	DCXR	0.227658375698206	0.310017554072911	0.0893089318460056					point used in Figure 2 scatter panels
gene_point	ENSG00000147533	GOLGA7	0.0883771597016464	-0.169499938701901	-0.449382607132188					point used in Figure 2 scatter panels
gene_point	ENSG00000108557	RAI1	-0.293065775795702	-0.429485882952094	-0.6496091141362346					point used in Figure 2 scatter panels
gene_point	ENSG00000062650	WAPL	-0.189348555229252	0.283997566099925	0.0927493082335999					point used in Figure 2 scatter panels
gene_point	ENSG00000168264	IRF2BP2	0.370046733851797	0.585894937434314	-0.5096690192702624					point used in Figure 2 scatter panels
gene_point	ENSG00000122257	RBBP6	0.806240302838031	1.51488010969558	-0.0736552329189326					point used in Figure 2 scatter panels
gene_point	ENSG00000136933	RABEPK	0.0701560878420767	-0.29928438306952	-0.3528030973503639					point used in Figure 2 scatter panels
gene_point	ENSG00000122085	MTERF4	-1.13232757542693	-1.20623801124091	0.0527624914022517					point used in Figure 2 scatter panels
gene_point	ENSG00000086758	HUWE1	0.118459476793812	0.0626686887737783	-0.0751251339676528					point used in Figure 2 scatter panels
gene_point	ENSG00000185728	YTHDF3	0.0749491816831411	0.772468774401366	-0.1412791204851871					point used in Figure 2 scatter panels
gene_point	ENSG00000142544	CTU1	-1.61935953258005	-1.55707297907295	-0.0587994816517802					point used in Figure 2 scatter panels
gene_point	ENSG00000162910	MRPL55	-0.291106121162628	-0.306467063236438	-0.0157762278184385					point used in Figure 2 scatter panels
gene_point	ENSG00000158604	TMED4	-0.0423611951621947	0.0911087483537673	-0.1015127517124199					point used in Figure 2 scatter panels
gene_point	ENSG00000159111	MRPL10	-0.296036115505607	-0.642740185193143	-0.3703640989336101					point used in Figure 2 scatter panels
gene_point	ENSG00000166582	CENPV	0.22092074351792	-0.102616102553461	-0.1841983909304154					point used in Figure 2 scatter panels
gene_point	ENSG00000160445	ZER1	0.132840099272947	-0.662404825001591	0.2306891026131943					point used in Figure 2 scatter panels
gene_point	ENSG00000185475	TMEM179B	0.163560379176286	0.0765949840251218	-0.2825406591062744					point used in Figure 2 scatter panels
gene_point	ENSG00000109586	GALNT7	-0.192699197076412	0.106434300028758	0.0613271767022673					point used in Figure 2 scatter panels
gene_point	ENSG00000144824	PHLDB2	-0.483719735306343	-0.628772087192817	-0.0729869995542031					point used in Figure 2 scatter panels
gene_point	ENSG00000112414	ADGRG6	0.003146720697884	0.35099812051464	0.0177691914430013					point used in Figure 2 scatter panels
gene_point	ENSG00000182512	GLRX5	0.205455674399247	0.014908070277482	0.4824539625517161					point used in Figure 2 scatter panels
gene_point	ENSG00000166889	PATL1	0.491964975754877	0.794772907811896	-0.5266847846490474					point used in Figure 2 scatter panels
gene_point	ENSG00000142002	DPP9	0.245838002992119	-0.0034260815749546	-0.1158419148843172					point used in Figure 2 scatter panels
gene_point	ENSG00000162298	SYVN1	-0.352014779865075	-0.185697054394844	0.3224285883142936					point used in Figure 2 scatter panels
gene_point	ENSG00000172590	MRPL52	0.276445111835797	0.322226035183319	0.18660334676429					point used in Figure 2 scatter panels
gene_point	ENSG00000183576	SETD3	0.0693154949971119	-0.50608181573192	0.1045182543648977					point used in Figure 2 scatter panels
gene_point	ENSG00000184227	ACOT1	-0.151383204331131	0.0265726206874912	0.0564371723009529					point used in Figure 2 scatter panels
gene_point	ENSG00000165898	ISCA2	-1.22450037327326	-1.1486599110785	0.1740235521291104					point used in Figure 2 scatter panels
gene_point	ENSG00000100836	PABPN1	0.43332695313983	0.155600996605554	0.1397349409380197					point used in Figure 2 scatter panels
gene_point	ENSG00000165819	METTL3	-0.467943745450123	-0.616722607875644	0.1438173942092504					point used in Figure 2 scatter panels
gene_point	ENSG00000163939	PBRM1	-0.177597895647625	0.0466999017022563	-0.2958651957730573					point used in Figure 2 scatter panels
gene_point	ENSG00000147649	MTDH	-0.0249633777241495	-0.0805121554652093	-0.2876634822092576					point used in Figure 2 scatter panels
gene_point	ENSG00000126777	KTN1	-0.263543059980871	-0.398307558173454	-0.3147895454336264					point used in Figure 2 scatter panels
gene_point	ENSG00000070366	SMG6	-0.0961894493467717	-0.231203353521964	-0.4604656440862715					point used in Figure 2 scatter panels
gene_point	ENSG00000019144	PHLDB1	-0.312387776551351	-0.809361640523306	-0.2918425857844298					point used in Figure 2 scatter panels
gene_point	ENSG00000090686	USP48	0.0755503953856184	0.211558526855613	-0.0819544284136952					point used in Figure 2 scatter panels
gene_point	ENSG00000081760	AACS	0.133457276113187	0.409692571983199	-0.3212799377698339					point used in Figure 2 scatter panels
gene_point	ENSG00000169641	LUZP1	-0.320013243199004	-0.0340482312950577	0.0819134345265482					point used in Figure 2 scatter panels
gene_point	ENSG00000183684	ALYREF	0.291651006020936	0.539552425176453	-0.118763729369185					point used in Figure 2 scatter panels
gene_point	ENSG00000158545	ZC3H18	-0.444658728011111	-0.327120184258902	0.0792906506799226					point used in Figure 2 scatter panels
gene_point	ENSG00000111530	CAND1	-0.0554442321853325	0.217718913243962	0.0066437248062598					point used in Figure 2 scatter panels
gene_point	ENSG00000168172	HOOK3	-0.507228306184608	-0.0023982871256344	-6.064654454186756					point used in Figure 2 scatter panels
gene_point	ENSG00000131652	THOC6	0.442026651563988	0.210420982790702	0.1416580510593981					point used in Figure 2 scatter panels
gene_point	ENSG00000127804	METTL16	-0.447345662058749	-0.426044497634311	-0.2237532219965494					point used in Figure 2 scatter panels
gene_point	ENSG00000110841	PPFIBP1	-0.363005476299952	-0.347417426699834	-0.4361684845292863					point used in Figure 2 scatter panels
gene_point	ENSG00000137274	BPHL	0.0378178076845543	0.183496450328235	-0.0655287160763578					point used in Figure 2 scatter panels
gene_point	ENSG00000091732	ZC3HC1	-0.461968014641278	-0.285309347534707	0.040488722105163					point used in Figure 2 scatter panels
gene_point	ENSG00000131778	CHD1L	0.139574617815003	-0.0811856969156779	-0.4055114688991317					point used in Figure 2 scatter panels
gene_point	ENSG00000184162	NR2C2AP	-0.285518217339988	-0.453351048178206	0.1763782900625585					point used in Figure 2 scatter panels
gene_point	ENSG00000147419	CCDC25	-0.0789443434622208	-0.245982961900478	-0.898376685010799					point used in Figure 2 scatter panels
gene_point	ENSG00000187051	RPS19BP1	0.217139731727488	-0.482982752876356	0.0256280805422903					point used in Figure 2 scatter panels
gene_point	ENSG00000170471	RALGAPB	-0.108671576728837	-0.0632031393474296	-0.1680022893749111					point used in Figure 2 scatter panels
gene_point	ENSG00000105699	LSR	0.204902776322339	0.195617193185991	-0.25705003747224					point used in Figure 2 scatter panels
gene_point	ENSG00000142453	CARM1	0.180583312242117	-0.21142375076433	-0.0255383991643611					point used in Figure 2 scatter panels
gene_point	ENSG00000158793	NIT1	0.0021450052990402	-0.0142560353568736	0.1404447900017018					point used in Figure 2 scatter panels
gene_point	ENSG00000146918	NCAPG2	0.110324372952928	0.402312866126251	-1.4174961857062929					point used in Figure 2 scatter panels
gene_point	ENSG00000138081	FBXO11	-0.344713073506204	0.0824050098421141	-0.4059875035677436					point used in Figure 2 scatter panels
gene_point	ENSG00000198231	DDX42	-0.252665938115626	-0.488870333416555	-0.1593919091438813					point used in Figure 2 scatter panels
gene_point	ENSG00000123352	SPATS2	0.258863673132046	0.115949929929679	0.4246599241881306					point used in Figure 2 scatter panels
gene_point	ENSG00000151893	CACUL1	0.133099050887619	0.0138172952490784	-0.1564367784142053					point used in Figure 2 scatter panels
gene_point	ENSG00000164818	DNAAF5	0.0884192302810899	0.265832558259732	-0.1273138844586974					point used in Figure 2 scatter panels
gene_point	ENSG00000187024	PTRH1	0.0224964459769459	0.115232392832081	0.1246126968276826					point used in Figure 2 scatter panels
gene_point	ENSG00000117758	STX12	-0.825160299720217	-0.914429218961983	-0.1392844959574084					point used in Figure 2 scatter panels
gene_point	ENSG00000198720	ANKRD13B	0.175197113840303	-1.11885310884285	1.2607410335053988					point used in Figure 2 scatter panels
gene_point	ENSG00000167130	DOLPP1	0.0840001286151591	0.316871805934204	-0.508153744483721					point used in Figure 2 scatter panels
gene_point	ENSG00000167491	GATAD2A	0.38331578779997	-0.0234401206446677	-0.1730972590200465					point used in Figure 2 scatter panels
gene_point	ENSG00000170604	IRF2BP1	0.542639243994613	0.623155143404796	-0.1274964459014569					point used in Figure 2 scatter panels
gene_point	ENSG00000082805	ERC1	-0.251060900952889	0.0111554378755424	-0.0515920110349767					point used in Figure 2 scatter panels
gene_point	ENSG00000177054	ZDHHC13	-0.796628383539788	-0.953461738965371	-0.7168942671829512					point used in Figure 2 scatter panels
gene_point	ENSG00000114098	ARMC8	-0.410801690783454	-0.367189393199273	-0.0270777693515391					point used in Figure 2 scatter panels
gene_point	ENSG00000128394	APOBEC3F	-0.26571876477577	0.0299472810909137	-0.0086642259718772					point used in Figure 2 scatter panels
gene_point	ENSG00000105223	PLD3	0.229742560375282	0.342916419715966	-0.291758928560025					point used in Figure 2 scatter panels
gene_point	ENSG00000179630	LACC1	-0.484170350080989	-0.0123110786581914	-0.0409354368476471					point used in Figure 2 scatter panels
gene_point	ENSG00000185567	AHNAK2	-0.20957246134198	-0.141887715427291	-0.1110660737165645					point used in Figure 2 scatter panels
gene_point	ENSG00000090530	P3H2	0.423590332679259	0.720285809868019	-0.7431536798237648					point used in Figure 2 scatter panels
gene_point	ENSG00000152492	CCDC50	0.430253078091502	0.456991024223144	-0.217118330427958					point used in Figure 2 scatter panels
gene_point	ENSG00000100294	MCAT	-0.735386514566068	-0.657205866239142	-0.0576718552799171					point used in Figure 2 scatter panels
gene_point	ENSG00000099812	MISP	0.697917819098668	1.10431439994169	0.4087387285358588					point used in Figure 2 scatter panels
gene_point	ENSG00000182504	CEP97	-0.838388669169229	-0.283530456275921	0.0014713420221674					point used in Figure 2 scatter panels
gene_point	ENSG00000115368	WDR75	-0.549805338735878	-0.244867178326582	-0.1022214560417609					point used in Figure 2 scatter panels
gene_point	ENSG00000171109	MFN1	-0.286948599561789	-0.233849305973877	-0.07933321055107					point used in Figure 2 scatter panels
gene_point	ENSG00000129353	SLC44A2	0.0770667878452825	-0.069104453853702	0.0076885293775568					point used in Figure 2 scatter panels
gene_point	ENSG00000148841	ITPRIP	1.16557142292031	1.35250777144554	0.1366801366263814					point used in Figure 2 scatter panels
gene_point	ENSG00000085449	WDFY1	-0.104399584382383	0.177080078038131	-0.4706748484315923					point used in Figure 2 scatter panels
gene_point	ENSG00000197712	FAM114A1	-0.151502180036433	-0.240977629571806	0.0635199033523754					point used in Figure 2 scatter panels
gene_point	ENSG00000135968	GCC2	-0.477302181215283	0.151747060002995	0.4045127413793707					point used in Figure 2 scatter panels
gene_point	ENSG00000156531	PHF6	-0.148514510225854	0.1426241524615	-0.1071477641330531					point used in Figure 2 scatter panels
gene_point	ENSG00000136802	LRRC8A	1.28604435463068	0.545636004765597	-0.0660437063008245					point used in Figure 2 scatter panels
gene_point	ENSG00000137573	SULF1	-0.65084432932131	-0.213514935016353	12.28929846432121					point used in Figure 2 scatter panels
gene_point	ENSG00000159459	UBR1	-0.442734626153193	0.0448101634612391	0.0376428023598567					point used in Figure 2 scatter panels
gene_point	ENSG00000024048	UBR2	-0.251906341489247	-0.295584540232105	0.0675785715994656					point used in Figure 2 scatter panels
gene_point	ENSG00000085872	CHERP	0.0643921400372044	0.245247188535323	0.2164659234056465					point used in Figure 2 scatter panels
gene_point	ENSG00000131503	ANKHD1	0.490772898091147	0.912946388980394	-0.0234199121246483					point used in Figure 2 scatter panels
gene_point	ENSG00000105705	SUGP1	-0.343033058610047	-0.104758110261799	-0.3214713642092093					point used in Figure 2 scatter panels
gene_point	ENSG00000064607	SUGP2	0.0177025217980268	-0.0580078210658625	-0.1554318582899174					point used in Figure 2 scatter panels
gene_point	ENSG00000060339	CCAR1	-0.301455201139362	0.194046611104983	0.0178219609067973					point used in Figure 2 scatter panels
gene_point	ENSG00000077232	DNAJC10	-0.163143987980712	-0.221899105568282	-0.0144718044181111					point used in Figure 2 scatter panels
gene_point	ENSG00000101158	NELFCD	0.162931965039479	0.15624838655973	0.0121171467963741					point used in Figure 2 scatter panels
gene_point	ENSG00000140983	RHOT2	0.138446450268661	-0.0610401407980095	-0.1611674066433082					point used in Figure 2 scatter panels
gene_point	ENSG00000126858	RHOT1	-0.176378075801009	-0.876638707604715	-0.2993247882186232					point used in Figure 2 scatter panels
gene_point	ENSG00000182154	MRPL41	-0.105345021313628	-0.350051660930227	0.1077937637663168					point used in Figure 2 scatter panels
gene_point	ENSG00000133114	GPALPP1	-0.398815490390443	-0.212793499139333	0.5678759495728194					point used in Figure 2 scatter panels
gene_point	ENSG00000138496	PARP9	-0.447025160760487	-0.227945331871236	-0.0009997513320456					point used in Figure 2 scatter panels
gene_point	ENSG00000183808	RBM12B	-1.97218460845928	-2.55043507502899	0.2442699475946135					point used in Figure 2 scatter panels
gene_point	ENSG00000032444	PNPLA6	0.349019132324707	-0.0582124257858074	0.4038312298351059					point used in Figure 2 scatter panels
gene_point	ENSG00000198887	SMC5	-0.498693292364292	0.317997693312059	-0.0078947233827513					point used in Figure 2 scatter panels
gene_point	ENSG00000137628	DDX60	-0.785139154987883	-0.228454689085248	-0.5737951269282835					point used in Figure 2 scatter panels
gene_point	ENSG00000150990	DHX37	0.209133697134462	0.234713696074856	-0.2400101116528858					point used in Figure 2 scatter panels
gene_point	ENSG00000166025	AMOTL1	-0.514843641884261	-0.338652871085658	0.1015548807927047					point used in Figure 2 scatter panels
gene_point	ENSG00000161847	RAVER1	0.284313885251148	0.574889186518182	-0.0865418153917225					point used in Figure 2 scatter panels
gene_point	ENSG00000108592	FTSJ3	-0.0821662705473653	0.122112674231325	0.0170605539902517					point used in Figure 2 scatter panels
gene_point	ENSG00000169607	CKAP2L	-0.699186134068663	-0.311606885864035	-0.4074295170585493					point used in Figure 2 scatter panels
gene_point	ENSG00000133226	SRRM1	0.0852444389674765	0.331577953559294	-0.2166592902254045					point used in Figure 2 scatter panels
gene_point	ENSG00000144535	DIS3L2	0.0869164192109165	0.317649134614105	0.1030606000628822					point used in Figure 2 scatter panels
gene_point	ENSG00000156502	SUPV3L1	-0.120439721616056	-0.201705024549459	-0.1997475084593816					point used in Figure 2 scatter panels
gene_point	ENSG00000189369	GSPT2	-2.70975976924388	-0.506223844374215	0.1111472263133386					point used in Figure 2 scatter panels
gene_point	ENSG00000116903	EXOC8	-2.65445439158741	-2.56869855331455	-0.0698771220285152					point used in Figure 2 scatter panels
gene_point	ENSG00000132274	TRIM22	-0.167211226918503	0.0307645397752131	0.0049911476040236					point used in Figure 2 scatter panels
gene_point	ENSG00000116685	KIAA2013	0.0223907512601415	-0.473946292772145	-0.7563532504924648					point used in Figure 2 scatter panels
gene_point	ENSG00000165487	MICU2	-0.0328336982766358	0.309622326783214	-0.0590833132417749					point used in Figure 2 scatter panels
gene_point	ENSG00000163961	RNF168	0.14153079760188	-0.0571959053480567	-0.1816234970506265					point used in Figure 2 scatter panels
gene_point	ENSG00000099899	TRMT2A	-0.239012094748726	-0.455022318556662	-0.3596730530515266					point used in Figure 2 scatter panels
gene_point	ENSG00000166133	RPUSD2	-1.35440221505712	-0.96745486971015	-0.0412689850706868					point used in Figure 2 scatter panels
gene_point	ENSG00000161618	ALDH16A1	0.0200563068457232	0.269849042587431	-0.0382010989168541					point used in Figure 2 scatter panels
gene_point	ENSG00000141456	PELP1	-0.155511629113053	-0.0226085208198573	0.0853914997622133					point used in Figure 2 scatter panels
gene_point	ENSG00000136754	ABI1	0.878444303704714	1.19928792080689	-0.0479428122104756					point used in Figure 2 scatter panels
gene_point	ENSG00000121039	RDH10	0.649187741558885	1.11271315146594	-0.5501423216780452					point used in Figure 2 scatter panels
gene_point	ENSG00000131746	TNS4	-0.70679857053703	-0.463919786913022	-0.2350059327662208					point used in Figure 2 scatter panels
gene_point	ENSG00000166997	CNPY4	-0.105985487366144	0.365668891980307	-0.0071839486500682					point used in Figure 2 scatter panels
gene_point	ENSG00000172057	ORMDL3	0.0774296568166782	-0.0179416579616436	-0.2954644851485781					point used in Figure 2 scatter panels
gene_point	ENSG00000158941	CCAR2	-0.277419134828462	-0.058424523641677	0.0942668826516524					point used in Figure 2 scatter panels
gene_point	ENSG00000164182	NDUFAF2	0.268943053708786	0.331539726239706	0.0583988815495111					point used in Figure 2 scatter panels
gene_point	ENSG00000102900	NUP93	-0.0561872946681417	0.206216021930883	0.0145800799899085					point used in Figure 2 scatter panels
gene_point	ENSG00000143373	ZNF687	-0.795438827279525	-0.807966802254063	-0.1136194066154221					point used in Figure 2 scatter panels
gene_point	ENSG00000137200	CMTR1	0.126181356978123	0.282130755275467	-0.029886023060218					point used in Figure 2 scatter panels
gene_point	ENSG00000130764	LRRC47	-0.284204427723198	-0.201126187008494	0.0189300222903767					point used in Figure 2 scatter panels
gene_point	ENSG00000164880	INTS1	0.256697922966894	0.1398719121381	-0.192909614481227					point used in Figure 2 scatter panels
gene_point	ENSG00000100997	ABHD12	0.168955600764326	-0.483781168987469	-0.4558364289602963					point used in Figure 2 scatter panels
gene_point	ENSG00000104859	CLASRP	0.0551792621913745	-0.268185695394231	0.0998264418997738					point used in Figure 2 scatter panels
gene_point	ENSG00000152642	GPD1L	0.113765725221164	0.542316370547611	0.0379952519308481					point used in Figure 2 scatter panels
gene_point	ENSG00000112249	ASCC3	0.013978860383659	0.732615492265816	-0.1098247877007594					point used in Figure 2 scatter panels
gene_point	ENSG00000173442	EHBP1L1	0.298193317407278	0.0852317937923369	-0.1541582504390852					point used in Figure 2 scatter panels
gene_point	ENSG00000161714	PLCD3	0.35435002800603	-0.294387255841237	-0.2311348199508955					point used in Figure 2 scatter panels
gene_point	ENSG00000100139	MICALL1	0.214954303440363	-1.14759860066677	-0.0083311342951688					point used in Figure 2 scatter panels
gene_point	ENSG00000101972	STAG2	0.042970791755993	0.912167111079956	-0.1373081455927121					point used in Figure 2 scatter panels
gene_point	ENSG00000141503	MINK1	-0.0251090409248978	-0.903068062156195	-0.1209076463150324					point used in Figure 2 scatter panels
gene_point	ENSG00000175768	TOMM5	0.123604248215387	-0.164290322260041	-0.0194141489358798					point used in Figure 2 scatter panels
gene_point	ENSG00000184508	HDDC3	-0.226811769992585	-0.460288471374664	-0.2832114753459827					point used in Figure 2 scatter panels
gene_point	ENSG00000163528	CHCHD4	-0.858301784580933	-1.4548774269622	0.1962011824601113					point used in Figure 2 scatter panels
gene_point	ENSG00000145439	CBR4	-0.0931751393326435	0.353817862539218	-0.2010049767419612					point used in Figure 2 scatter panels
gene_point	ENSG00000169446	MMGT1	-0.0816422251779253	0.197422319261842	-0.0131117474077626					point used in Figure 2 scatter panels
gene_point	ENSG00000169129	AFAP1L2	0.129925093081227	0.383345168931546	0.0328848955378049					point used in Figure 2 scatter panels
gene_point	ENSG00000087263	OGFOD1	-0.250959225898541	-0.126757010353141	-0.0798414827964979					point used in Figure 2 scatter panels
gene_point	ENSG00000068784	SRBD1	-0.233399766847688	0.0597820046133689	-0.3067351608057436					point used in Figure 2 scatter panels
gene_point	ENSG00000142784	WDTC1	0.241822517198173	-0.626673604904113	0.080156802471194					point used in Figure 2 scatter panels
gene_point	ENSG00000101882	NKAP	-0.228853592663567	-0.215664246716277	0.2327531841631511					point used in Figure 2 scatter panels
gene_point	ENSG00000197070	ARRDC1	0.264431809055013	-0.174169495072909	0.141990568617583					point used in Figure 2 scatter panels
gene_point	ENSG00000145354	CISD2	0.0819071640721772	0.0726992125145777	-0.2277654007545102					point used in Figure 2 scatter panels
gene_point	ENSG00000164967	RPP25L	-0.942568179648417	-1.21545458221176	0.2421534710518535					point used in Figure 2 scatter panels
gene_point	ENSG00000162222	TTC9C	0.125006774916274	0.23829803672667	0.5657378257903503					point used in Figure 2 scatter panels
gene_point	ENSG00000136897	MRPL50	-0.289547077719431	-0.448567508801855	0.0926619861961519					point used in Figure 2 scatter panels
gene_point	ENSG00000149532	CPSF7	-0.0087344788147196	-0.230548112489309	0.0013065970245911					point used in Figure 2 scatter panels
gene_point	ENSG00000149182	ARFGAP2	-0.179482025968538	-0.0401549975532245	-0.1918285898815668					point used in Figure 2 scatter panels
gene_point	ENSG00000163463	KRTCAP2	0.053496390454802	0.0042700184286091	-0.1044168056816889					point used in Figure 2 scatter panels
gene_point	ENSG00000162642	C1orf52	0.946724995920021	1.24937222101965	-0.213623102811276					point used in Figure 2 scatter panels
gene_point	ENSG00000010165	METTL13	-0.912429405856061	-0.830428044420494	0.0484098655055333					point used in Figure 2 scatter panels
gene_point	ENSG00000101199	ARFGAP1	-0.365683258484311	-0.502558739619168	-0.100286706390829					point used in Figure 2 scatter panels
gene_point	ENSG00000127463	EMC1	0.0781859203832328	0.436512075255239	-0.0263946185802268					point used in Figure 2 scatter panels
gene_point	ENSG00000006712	PAF1	0.257996251860089	0.656039585304441	0.1555148297371289					point used in Figure 2 scatter panels
gene_point	ENSG00000154380	ENAH	0.330817073041657	0.430811308246062	-0.1143645285798165					point used in Figure 2 scatter panels
gene_point	ENSG00000152133	GPATCH11	-0.422931670517077	0.177752574162403	0.1575884638002254					point used in Figure 2 scatter panels
gene_point	ENSG00000055950	MRPL43	0.255201339684619	0.347339086867573	0.0332438770835956					point used in Figure 2 scatter panels
gene_point	ENSG00000138303	ASCC1	-0.0705630042010871	0.153438732128528	0.1230531712606559					point used in Figure 2 scatter panels
gene_point	ENSG00000172530	BANP	-0.462855136982994	-1.19934053246504	0.3257869183859654					point used in Figure 2 scatter panels
gene_point	ENSG00000175376	EIF1AD	0.315934129405786	0.948612095878379	-0.6499737040445677					point used in Figure 2 scatter panels
gene_point	ENSG00000129347	KRI1	-1.29974239657113	-1.17320583641069	-0.1959127003283054					point used in Figure 2 scatter panels
gene_point	ENSG00000134748	PRPF38A	-0.0745511733463535	-0.0444872883982185	0.0001606596513994					point used in Figure 2 scatter panels
gene_point	ENSG00000196865	NHLRC2	-0.694280630103503	-0.262534735013834	-0.017917609090805					point used in Figure 2 scatter panels
gene_point	ENSG00000134802	SLC43A3	-0.076619253262818	0.155076010238906	-0.0840382756851916					point used in Figure 2 scatter panels
gene_point	ENSG00000130309	COLGALT1	0.331746794760549	0.06282925393062	-0.086160356875812					point used in Figure 2 scatter panels
gene_point	ENSG00000129103	SUMF2	0.15164087631756	0.441226170267298	-0.2094390412883235					point used in Figure 2 scatter panels
gene_point	ENSG00000144455	SUMF1	0.214078627059946	0.176781669373291	-0.2278257530424596					point used in Figure 2 scatter panels
gene_point	ENSG00000163389	POGLUT1	-0.0538105213671748	0.282034443802173	0.1083362907508096					point used in Figure 2 scatter panels
gene_point	ENSG00000134882	UBAC2	0.0004246497675516	-0.305637844883176	-0.0536210439995485					point used in Figure 2 scatter panels
gene_point	ENSG00000239264	TXNDC5	0.553327251232594	0.29851119784954	0.193058642969035					point used in Figure 2 scatter panels
gene_point	ENSG00000161888	SPC24	-0.181192238480139	-0.167194461804547	0.7867145002265019					point used in Figure 2 scatter panels
gene_point	ENSG00000138138	ATAD1	-0.274183766290641	0.0057754613757288	-0.2615172217773107					point used in Figure 2 scatter panels
gene_point	ENSG00000143653	SCCPDH	0.0328054311602816	0.111981462377315	-0.1523461363044589					point used in Figure 2 scatter panels
gene_point	ENSG00000142864	SERBP1	0.0389552631070521	0.167088455188628	-0.2069519386704001					point used in Figure 2 scatter panels
gene_point	ENSG00000161904	LEMD2	0.142269912757342	0.134837440952422	-0.0847011308941176					point used in Figure 2 scatter panels
gene_point	ENSG00000084092	NOA1	0.0038776321052953	-0.25012368505247	0.3273441918545359					point used in Figure 2 scatter panels
gene_point	ENSG00000176953	NFATC2IP	-0.161063354772035	0.105809506692136	0.0723615216682631					point used in Figure 2 scatter panels
gene_point	ENSG00000139629	GALNT6	0.171514637117946	0.0930310156434703	-0.6050090941272757					point used in Figure 2 scatter panels
gene_point	ENSG00000090857	PDPR	0.141805985408619	0.30656158199256	0.0351638562883529					point used in Figure 2 scatter panels
gene_point	ENSG00000167447	SMG8	-1.3090643298317	-1.15086379773365	-0.5175820390893779					point used in Figure 2 scatter panels
gene_point	ENSG00000108100	CCNY	0.257700602303827	-0.888650288268614	-0.0236007181572102					point used in Figure 2 scatter panels
gene_point	ENSG00000168175	MAPK1IP1L	-0.521118062926788	0.0305195127814832	0.4286311811581349					point used in Figure 2 scatter panels
gene_point	ENSG00000215440	NPEPL1	0.41356999021008	-0.137986651448254	-0.0348807734770559					point used in Figure 2 scatter panels
gene_point	ENSG00000115504	EHBP1	-0.166787125927341	-0.252725582985512	-0.0940903804288861					point used in Figure 2 scatter panels
gene_point	ENSG00000168763	CNNM3	0.305026955196387	0.640826227894734	-0.4684691506827523					point used in Figure 2 scatter panels
gene_point	ENSG00000156026	MCU	0.164026254415051	0.38087787959635	-0.0914570689071716					point used in Figure 2 scatter panels
gene_point	ENSG00000078142	PIK3C3	-0.239418826445911	0.241907106421521	0.1237750707041875					point used in Figure 2 scatter panels
gene_point	ENSG00000129460	NGDN	-0.602603606748521	-0.338219422793667	-0.3485281406270388					point used in Figure 2 scatter panels
gene_point	ENSG00000162695	SLC30A7	-0.35401102925547	-0.0668537702835206	0.01979055055806					point used in Figure 2 scatter panels
gene_point	ENSG00000134369	NAV1	-0.365556163252149	-0.502047103210722	-0.6212369777521012					point used in Figure 2 scatter panels
gene_point	ENSG00000134283	PPHLN1	-0.23971571995477	-0.26545012665962	0.5331892028489733					point used in Figure 2 scatter panels
gene_point	ENSG00000155975	VPS37A	-0.360030591705266	-0.295305196723372	0.4028464758438446					point used in Figure 2 scatter panels
gene_point	ENSG00000167196	FBXO22	-0.24096332371624	-0.230388109175715	-0.0130118258075739					point used in Figure 2 scatter panels
gene_point	ENSG00000122515	ZMIZ2	0.388631900778139	-0.757712994688712	-0.3010775441354028					point used in Figure 2 scatter panels
gene_point	ENSG00000038219	BOD1L1	-0.755224309758975	0.134063486558952	-0.6428771901156018					point used in Figure 2 scatter panels
gene_point	ENSG00000160688	FLAD1	-0.540520940346937	-1.03683447760419	0.2075294116439145					point used in Figure 2 scatter panels
gene_point	ENSG00000120253	NUP43	-0.179820939158171	0.205999662617152	0.2086363887283369					point used in Figure 2 scatter panels
gene_point	ENSG00000075188	NUP37	-0.0352344598003459	0.193776218346188	0.2207167156180709					point used in Figure 2 scatter panels
gene_point	ENSG00000163002	NUP35	-0.154520582055992	0.113562939950414	0.2576565933204477					point used in Figure 2 scatter panels
gene_point	ENSG00000013588	GPRC5A	0.786039637500432	1.32720895960581	-0.5158277379787428					point used in Figure 2 scatter panels
gene_point	ENSG00000169905	TOR1AIP2	-0.0833541915865934	0.0624469175592471	-0.0659175254409483					point used in Figure 2 scatter panels
gene_point	ENSG00000215845	TSTD1	0.680207263290312	0.137380666734956	0.0213144523419686					point used in Figure 2 scatter panels
gene_point	ENSG00000151151	IPMK	0.700575810458793	0.967593837803926	0.136814806813696					point used in Figure 2 scatter panels
gene_point	ENSG00000106077	ABHD11	-0.181838454129869	0.136928221166435	0.1044765016119093					point used in Figure 2 scatter panels
gene_point	ENSG00000111726	CMAS	-0.203774816404601	-0.274082843306416	-0.0401246009345435					point used in Figure 2 scatter panels
gene_point	ENSG00000108219	TSPAN14	-0.0873170340533912	-0.123312058603392	-0.2196693708465478					point used in Figure 2 scatter panels
gene_point	ENSG00000119787	ATL2	-0.683881400887899	-0.36241554235042	-0.3085570722187256					point used in Figure 2 scatter panels
gene_point	ENSG00000139350	NEDD1	-0.340295106723747	-0.148361056861936	0.0584172352519658					point used in Figure 2 scatter panels
gene_point	ENSG00000125676	THOC2	-0.0598679196095233	0.377160619450483	-0.1972990647886803					point used in Figure 2 scatter panels
gene_point	ENSG00000134987	WDR36	-0.327435864969687	0.115066899365851	-0.1026756706310045					point used in Figure 2 scatter panels
gene_point	ENSG00000163877	SNIP1	-0.124807559019725	0.319966501033595	-0.3568055503840632					point used in Figure 2 scatter panels
gene_point	ENSG00000179271	GADD45GIP1	0.217917448272312	0.235679721402189	-0.1053418894838031					point used in Figure 2 scatter panels
gene_point	ENSG00000114742	WDR48	-0.0577267037418248	0.332217483136502	0.2732660517335379					point used in Figure 2 scatter panels
gene_point	ENSG00000138190	EXOC6	-0.119069717462041	0.195508241044863	-0.4517590412266532					point used in Figure 2 scatter panels
gene_point	ENSG00000168303	MPLKIP	-0.222988480584184	0.0055060377375288	0.145329748605258					point used in Figure 2 scatter panels
gene_point	ENSG00000139613	SMARCC2	0.121240239353884	0.0610018187542807	-0.0240942446494329					point used in Figure 2 scatter panels
gene_point	ENSG00000182446	NPLOC4	0.04060482696556	-0.358275702159099	0.1501260576267924					point used in Figure 2 scatter panels
gene_point	ENSG00000073605	GSDMB	0.835203108826216	1.91956904575406	0.2062168393048846					point used in Figure 2 scatter panels
gene_point	ENSG00000006282	SPATA20	0.376303149817265	-0.569095098475423	-0.6349001234592375					point used in Figure 2 scatter panels
gene_point	ENSG00000151413	NUBPL	-0.0503777336065311	0.244940710965968	-0.1500380316365124					point used in Figure 2 scatter panels
gene_point	ENSG00000157593	SLC35B2	-0.0192862307523754	-0.597498614052473	-0.1891474231681513					point used in Figure 2 scatter panels
gene_point	ENSG00000104731	KLHDC4	-0.112566213672698	-0.0396027729496356	-0.1431885673928175					point used in Figure 2 scatter panels
gene_point	ENSG00000144744	UBA3	-0.135266050521155	-0.066994190139579	0.1290667132768703					point used in Figure 2 scatter panels
gene_point	ENSG00000139168	ZCRB1	0.0230463089892479	-0.557685150861082	0.6412656668536041					point used in Figure 2 scatter panels
gene_point	ENSG00000166908	PIP4K2C	-0.106623640441472	0.196373399671035	0.0487284688470275					point used in Figure 2 scatter panels
gene_point	ENSG00000121749	TBC1D15	-0.0074775444543791	0.884417815318217	0.1635600363117006					point used in Figure 2 scatter panels
gene_point	ENSG00000072042	RDH11	-0.148145546008585	-0.13574517611089	-0.1700807810868845					point used in Figure 2 scatter panels
gene_point	ENSG00000185414	MRPL30	-0.0775663376040493	0.0298406634507392	-0.4801074424003566					point used in Figure 2 scatter panels
gene_point	ENSG00000125458	NT5C	0.164806772719807	-0.0587937883325253	0.0222388316818182					point used in Figure 2 scatter panels
gene_point	ENSG00000163527	STT3B	0.15951197224532	0.195684397358865	-0.3488559742888242					point used in Figure 2 scatter panels
gene_point	ENSG00000138035	PNPT1	-0.130326178973808	-0.0447005794543381	-0.0150421531125424					point used in Figure 2 scatter panels
gene_point	ENSG00000138600	SPPL2A	-0.131634052599795	-0.485602767363421	-0.3246928014753862					point used in Figure 2 scatter panels
gene_point	ENSG00000101294	HM13	0.104652155921352	0.315260358087918	-0.2091382488792099					point used in Figure 2 scatter panels
gene_point	ENSG00000185963	BICD2	0.305274458255848	0.195555008235607	-0.1089559328179063					point used in Figure 2 scatter panels
gene_point	ENSG00000119638	NEK9	0.101293470865924	0.218341157870493	-0.1488986179430291					point used in Figure 2 scatter panels
gene_point	ENSG00000124177	CHD6	-0.751660452679167	-0.582550551870026	0.1344332868075284					point used in Figure 2 scatter panels
gene_point	ENSG00000166123	GPT2	0.096903289888779	0.0207903333887824	0.2965578827386608					point used in Figure 2 scatter panels
gene_point	ENSG00000163840	DTX3L	-0.926773482568557	-0.934546505075827	-0.0396178521931318					point used in Figure 2 scatter panels
gene_point	ENSG00000123064	DDX54	0.0903060257477573	0.140683177796538	0.0144556583418804					point used in Figure 2 scatter panels
gene_point	ENSG00000113460	BRIX1	-0.0781560778747026	-0.0354095391822879	-0.0330497826631273					point used in Figure 2 scatter panels
gene_point	ENSG00000172922	RNASEH2C	0.255279021157208	0.133701043109142	-0.1744103505795351					point used in Figure 2 scatter panels
gene_point	ENSG00000151414	NEK7	0.317212359316587	0.0382556862494436	0.1310745846763747					point used in Figure 2 scatter panels
gene_point	ENSG00000023287	RB1CC1	-0.0207922352619218	-0.0636883066648374	-0.3287986419916748					point used in Figure 2 scatter panels
gene_point	ENSG00000172830	SSH3	0.172643035594687	0.248634058082412	-0.1066819516389259					point used in Figure 2 scatter panels
gene_point	ENSG00000125821	DTD1	0.111326404152269	0.0766799932340837	-0.2549989494346789					point used in Figure 2 scatter panels
gene_point	ENSG00000164338	UTP15	-1.16654037100992	-0.787314542244359	-0.2165614741195973					point used in Figure 2 scatter panels
gene_point	ENSG00000132182	NUP210	0.53553003605713	1.49793301870523	-0.2750205652476545					point used in Figure 2 scatter panels
gene_point	ENSG00000082516	GEMIN5	-0.515542092904639	-0.258607547600497	-0.0978475174913491					point used in Figure 2 scatter panels
gene_point	ENSG00000165801	ARHGEF40	-0.0588617302351826	-1.14591061994929	0.0505091713835241					point used in Figure 2 scatter panels
gene_point	ENSG00000158987	RAPGEF6	-0.608522485549912	0.0190639703445026	-1.1772595598747255					point used in Figure 2 scatter panels
gene_point	ENSG00000148498	PARD3	0.365962435166862	0.171926516089326	0.3730696817068235					point used in Figure 2 scatter panels
gene_point	ENSG00000154845	PPP4R1	0.210800268355517	0.170329599651266	0.2269217544212445					point used in Figure 2 scatter panels
gene_point	ENSG00000138771	SHROOM3	0.255951661282914	0.0222653304969723	0.5283970642086437					point used in Figure 2 scatter panels
gene_point	ENSG00000171475	WIPF2	-0.605424311389361	-0.574376379712284	-0.1394947627739178					point used in Figure 2 scatter panels
gene_point	ENSG00000173145	NOC3L	-0.783390324142628	-0.413318176670804	-0.437243209030667					point used in Figure 2 scatter panels
gene_point	ENSG00000166685	COG1	-0.231401051309744	-0.196022314316833	-0.0698637493133524					point used in Figure 2 scatter panels
gene_point	ENSG00000065548	ZC3H15	-0.15646687655546	-0.0065055747265287	0.0224411808594986					point used in Figure 2 scatter panels
gene_point	ENSG00000131013	PPIL4	-0.351230592192599	-0.0625107478563064	-0.0446360353472812					point used in Figure 2 scatter panels
gene_point	ENSG00000115207	GTF3C2	-0.0428280153855024	-0.0911048883984115	-0.3801859487310146					point used in Figure 2 scatter panels
gene_point	ENSG00000054611	TBC1D22A	0.0236837268411555	0.189549458515469	-0.3218070340078913					point used in Figure 2 scatter panels
gene_point	ENSG00000129472	RAB2B	-0.59742415145948	-0.908426356233254	-0.3096052747615854					point used in Figure 2 scatter panels
gene_point	ENSG00000160799	CCDC12	-0.101288591301151	-0.0190370533795358	0.031332277579585					point used in Figure 2 scatter panels
gene_point	ENSG00000104881	PPP1R13L	0.284785663446415	0.338715533442631	-0.1854892724038919					point used in Figure 2 scatter panels
gene_point	ENSG00000151135	TMEM263	-0.177867410555831	0.0646994826002565	-0.041701183499093					point used in Figure 2 scatter panels
gene_point	ENSG00000061273	HDAC7	0.137186721641004	-0.362876994298989	-0.2035474846027014					point used in Figure 2 scatter panels
gene_point	ENSG00000110536	PTPMT1	-0.0384811693047821	-0.748302806985022	-0.1382185734873822					point used in Figure 2 scatter panels
gene_point	ENSG00000069248	NUP133	-0.0704540301180053	0.226146574513664	0.0415284501358037					point used in Figure 2 scatter panels
gene_point	ENSG00000170248	PDCD6IP	0.0735375549057029	0.475608150085663	0.0003726931976935					point used in Figure 2 scatter panels
gene_point	ENSG00000144136	SLC20A1	-1.56724063131964	-1.96293758686101	0.8131331753532596					point used in Figure 2 scatter panels
gene_point	ENSG00000162458	FBLIM1	-0.0592936703798996	-0.266880132192194	0.6971643199091346					point used in Figure 2 scatter panels
gene_point	ENSG00000105298	CACTIN	-0.0166867826129403	-0.250658891118235	0.0069860358433633					point used in Figure 2 scatter panels
gene_point	ENSG00000254999	BRK1	0.259121719180912	0.379422537786677	-0.0259620843215344					point used in Figure 2 scatter panels
gene_point	ENSG00000017483	SLC38A5	0.170973441391318	-0.878934917297221	0.82650584404902					point used in Figure 2 scatter panels
gene_point	ENSG00000147457	CHMP7	-1.08404594448673	-1.47298224978692	0.1515185380089256					point used in Figure 2 scatter panels
gene_point	ENSG00000130193	THEM6	-0.504213251673437	-0.737421649953521	0.0462260784799113					point used in Figure 2 scatter panels
gene_point	ENSG00000090971	NAT14	0.351806160738002	0.0020234163102459	0.1286189856439961					point used in Figure 2 scatter panels
gene_point	ENSG00000139289	PHLDA1	-1.16914249580943	-1.21989086632362	0.2632191504825307					point used in Figure 2 scatter panels
gene_point	ENSG00000173548	SNX33	-0.770332884115745	-1.37061318356637	0.9615273519589352					point used in Figure 2 scatter panels
gene_point	ENSG00000167799	NUDT8	0.28184279080538	0.415599366547729	-0.2083142893741136					point used in Figure 2 scatter panels
gene_point	ENSG00000158411	MITD1	-0.0249685854153967	-0.217399974308329	-0.8329230644590382					point used in Figure 2 scatter panels
gene_point	ENSG00000127586	CHTF18	0.109400386316517	0.406045008952537	-0.2299379325933515					point used in Figure 2 scatter panels
gene_point	ENSG00000166477	LEO1	-0.787418904112609	-0.672425826890066	0.2473734106318925					point used in Figure 2 scatter panels
gene_point	ENSG00000170584	NUDCD2	0.219412823559349	-0.0101297692388662	0.1053000637931589					point used in Figure 2 scatter panels
gene_point	ENSG00000029639	TFB1M	-0.888919080169541	-1.11490543313482	0.1012235913539143					point used in Figure 2 scatter panels
gene_point	ENSG00000118007	STAG1	0.0838382910072533	0.187366085253578	0.0055998353151167					point used in Figure 2 scatter panels
gene_point	ENSG00000092108	SCFD1	-0.0047213079677587	0.123514958621031	-0.0111184069012537					point used in Figure 2 scatter panels
gene_point	ENSG00000143889	HNRNPLL	-0.0677813210857973	-0.0103882881634973	0.2152883023665701					point used in Figure 2 scatter panels
gene_point	ENSG00000164332	UBLCP1	-0.422507074284899	-0.107087077732826	-0.0029724411059675					point used in Figure 2 scatter panels
gene_point	ENSG00000081154	PCNP	0.111498184415113	0.500276961504588	0.4209842553023186					point used in Figure 2 scatter panels
gene_point	ENSG00000176422	SPRYD4	-0.309522002976755	-0.112225085321549	0.0989106465620146					point used in Figure 2 scatter panels
gene_point	ENSG00000136153	LMO7	0.676608248283623	-0.161332978350215	0.1624720560964405					point used in Figure 2 scatter panels
gene_point	ENSG00000070214	SLC44A1	0.0343765459098723	0.0139837460343914	-0.310174671537311					point used in Figure 2 scatter panels
gene_point	ENSG00000136108	CKAP2	-0.568932186373599	-0.125743209021071	-0.5004336297647836					point used in Figure 2 scatter panels
gene_point	ENSG00000168488	ATXN2L	0.4754179147129	0.692093252681983	0.0841856969799934					point used in Figure 2 scatter panels
gene_point	ENSG00000146247	PHIP	-0.867999829247566	-0.171436871256974	-0.4679375716537617					point used in Figure 2 scatter panels
gene_point	ENSG00000188986	NELFB	0.252925230172122	-0.132603178202116	-0.1632123415697783					point used in Figure 2 scatter panels
gene_point	ENSG00000129116	PALLD	0.236690858848371	0.628674445588357	0.4277624010865892					point used in Figure 2 scatter panels
gene_point	ENSG00000153914	SREK1	-0.568173795001589	0.206426717599675	0.2064978707503044					point used in Figure 2 scatter panels
gene_point	ENSG00000177303	CASKIN2	-0.182140580529597	-0.238401796484611	-0.0887638487788162					point used in Figure 2 scatter panels
gene_point	ENSG00000164053	ATRIP	-0.850830620370866	-1.21114573833129	0.8269938884971939					point used in Figure 2 scatter panels
gene_point	ENSG00000121390	PSPC1	0.0731677779526947	0.539076323822081	0.125019377430867					point used in Figure 2 scatter panels
gene_point	ENSG00000054654	SYNE2	0.846932170616893	1.28103635172805	0.2589777981997194					point used in Figure 2 scatter panels
gene_point	ENSG00000162390	ACOT11	-0.528240599364264	0.0111186083695891	-0.0906048032814013					point used in Figure 2 scatter panels
gene_point	ENSG00000213551	DNAJC9	0.687557213759508	0.871679740711809	-0.0248711382814903					point used in Figure 2 scatter panels
gene_point	ENSG00000184992	BRI3BP	-0.310612987785063	-0.794112116647291	0.0245323305118816					point used in Figure 2 scatter panels
gene_point	ENSG00000176946	THAP4	0.051865032754071	-0.842353558395273	-0.833138955355313					point used in Figure 2 scatter panels
gene_point	ENSG00000132792	CTNNBL1	0.0235443742464644	0.212433315295689	0.1233840290397694					point used in Figure 2 scatter panels
gene_point	ENSG00000153207	AHCTF1	-0.186866152284462	0.528231628674454	-0.2142106083845867					point used in Figure 2 scatter panels
gene_point	ENSG00000155657	TTN	0.136514937747365	0.926313112496887	0.0581736982943024					point used in Figure 2 scatter panels
gene_point	ENSG00000262664	OVCA2	-0.0070231303153373	-0.844458392507084	-0.0047484809060733					point used in Figure 2 scatter panels
gene_point	ENSG00000167378	IRGQ	-1.44431109126664	-1.29261526019542	0.205722103772068					point used in Figure 2 scatter panels
gene_point	ENSG00000134574	DDB2	-0.0206742027076109	0.192624076991695	-0.4319370278474252					point used in Figure 2 scatter panels
gene_point	ENSG00000079785	DDX1	-0.0833713572363191	0.136655785260852	-0.005080306995854					point used in Figure 2 scatter panels
gene_point	ENSG00000196937	FAM3C	-0.0548857172851615	0.325770244432933	-0.3934128618536299					point used in Figure 2 scatter panels
gene_point	ENSG00000132141	CCT6B	-0.0856494694379621	0.105906411549404	-0.1021896108266773					point used in Figure 2 scatter panels
gene_point	ENSG00000125818	PSMF1	0.110821882813407	0.245716458094923	-0.1113880356385905					point used in Figure 2 scatter panels
gene_point	ENSG00000103064	SLC7A6	0.0055091779074753	-0.0605506694583598	0.1917520089925855					point used in Figure 2 scatter panels
gene_point	ENSG00000107862	GBF1	0.205084103678308	0.43287842199883	-0.2071620207662192					point used in Figure 2 scatter panels
gene_point	ENSG00000162736	NCSTN	0.20902163673279	0.414577123290952	-0.3105386342593306					point used in Figure 2 scatter panels
gene_point	ENSG00000101337	TM9SF4	-0.0628314265228584	0.300059914351293	-0.2088310183895529					point used in Figure 2 scatter panels
gene_point	ENSG00000113048	MRPS27	0.0093954853566395	0.181991791876017	-0.1529372702926501					point used in Figure 2 scatter panels
gene_point	ENSG00000054965	FAM168A	-0.0425340114336922	-0.180495613045846	-0.1922154020108522					point used in Figure 2 scatter panels
gene_point	ENSG00000177879	AP3S1	0.131079698563576	-0.503180505759271	-0.1477186982924934					point used in Figure 2 scatter panels
gene_point	ENSG00000144224	UBXN4	-0.400593172215261	-0.116890258302083	-0.3449811595691496					point used in Figure 2 scatter panels
gene_point	ENSG00000118482	PHF3	-1.11969435918024	-1.03680535900483	-0.5984275457629984					point used in Figure 2 scatter panels
gene_point	ENSG00000104419	NDRG1	0.676513766283002	1.01666552429386	-0.4368629597279572					point used in Figure 2 scatter panels
gene_point	ENSG00000120694	HSPH1	0.496314008648609	1.12399633487245	0.3051314627770409					point used in Figure 2 scatter panels
gene_point	ENSG00000123684	LPGAT1	-0.312301142722566	-0.916515003738505	-0.5287782373686696					point used in Figure 2 scatter panels
gene_point	ENSG00000166716	ZNF592	0.142579881555002	0.120909445132719	-0.6675525201589885					point used in Figure 2 scatter panels
gene_point	ENSG00000196535	MYO18A	0.323707813838205	0.312377121706676	0.0782353411868683					point used in Figure 2 scatter panels
gene_point	ENSG00000107929	LARP4B	-0.217585016427356	0.0285806727540851	0.0046895520508805					point used in Figure 2 scatter panels
gene_point	ENSG00000089154	GCN1	0.0476236129484479	-0.0062025551009724	-0.0592402673392449					point used in Figure 2 scatter panels
gene_point	ENSG00000140829	DHX38	0.190217598203059	0.224613359453325	0.0427096752927766					point used in Figure 2 scatter panels
gene_point	ENSG00000155561	NUP205	0.0339120803540829	0.245955457953657	-0.0862579874373103					point used in Figure 2 scatter panels
gene_point	ENSG00000064999	ANKS1A	-0.304952158476759	-0.422429388014721	2.208303616087983					point used in Figure 2 scatter panels
gene_point	ENSG00000130508	PXDN	0.349805413696339	0.109755713183253	-0.643263171317022					point used in Figure 2 scatter panels
gene_point	ENSG00000142892	PIGK	-0.0052905679086831	0.392501960509237	-0.266692665580841					point used in Figure 2 scatter panels
gene_point	ENSG00000102738	MRPS31	-0.277558925150239	-0.174364112373098	-0.1403733111744536					point used in Figure 2 scatter panels
gene_point	ENSG00000121057	AKAP1	0.525293866827065	0.435907080230231	-0.2863978004269789					point used in Figure 2 scatter panels
gene_point	ENSG00000136938	ANP32B	0.0672480679711029	0.0535101066654967	-0.0278819687096429					point used in Figure 2 scatter panels
gene_point	ENSG00000143294	PRCC	0.288527394312399	0.431376913412488	0.1107546219207513					point used in Figure 2 scatter panels
gene_point	ENSG00000114354	TFG	0.353757138192057	0.558128445504816	-0.091435151022889					point used in Figure 2 scatter panels
gene_point	ENSG00000241685	ARPC1A	0.101343590182064	0.0008274693373597	-0.014041188436586					point used in Figure 2 scatter panels
gene_point	ENSG00000124782	RREB1	-0.401552957786121	-0.840797882442094	-0.8602029174981904					point used in Figure 2 scatter panels
gene_point	ENSG00000196591	HDAC2	0.397262947164124	0.666231302523174	-0.1539824085146506					point used in Figure 2 scatter panels
gene_point	ENSG00000136738	STAM	-0.14407503422632	0.0286292248176296	-0.1998211102857787					point used in Figure 2 scatter panels
gene_point	ENSG00000133884	DPF2	-0.750515000019009	-0.549540353290907	-0.0481779404931259					point used in Figure 2 scatter panels
gene_point	ENSG00000005339	CREBBP	1.07555991374433	0.828636358291509	-0.5520516965674229					point used in Figure 2 scatter panels
gene_point	ENSG00000082458	DLG3	-0.237720245520089	-0.521503246491221	-0.0556442078560586					point used in Figure 2 scatter panels
gene_point	ENSG00000125755	SYMPK	0.171695477893614	-0.225660640098658	-0.1219358316082654					point used in Figure 2 scatter panels
gene_point	ENSG00000136935	GOLGA1	-0.225753585632728	-0.257254258373766	0.3040676328124085					point used in Figure 2 scatter panels
gene_point	ENSG00000167880	EVPL	-0.0980196152445129	-0.192288540664905	-0.0003121481400825					point used in Figure 2 scatter panels
gene_point	ENSG00000137563	GGH	0.185863111794777	0.218647989444115	0.2085348699497355					point used in Figure 2 scatter panels
gene_point	ENSG00000100201	DDX17	0.0012365056597819	0.317225582073632	0.012083688521649					point used in Figure 2 scatter panels
gene_point	ENSG00000113522	RAD50	-0.481064283636652	0.140169229580945	0.0465739786364736					point used in Figure 2 scatter panels
gene_point	ENSG00000149187	CELF1	0.122447128762486	0.494056157551618	-0.1454639224494975					point used in Figure 2 scatter panels
gene_point	ENSG00000134996	OSTF1	-0.002514579539429	-0.0478304325861745	-0.0169088658354716					point used in Figure 2 scatter panels
gene_point	ENSG00000076928	ARHGEF1	0.150258412976249	0.0931159504959163	-0.0077631296074187					point used in Figure 2 scatter panels
gene_point	ENSG00000090863	GLG1	0.120542114524341	0.448735555197861	-0.5679460441486412					point used in Figure 2 scatter panels
gene_point	ENSG00000005007	UPF1	-0.0694132801832346	0.348381397069956	0.0065705439998353					point used in Figure 2 scatter panels
gene_point	ENSG00000121022	COPS5	0.0579396267116151	-0.0367450944754675	0.0031838099084708					point used in Figure 2 scatter panels
gene_point	ENSG00000108604	SMARCD2	-0.078231313761219	-0.233330286748313	-0.0110084503829561					point used in Figure 2 scatter panels
gene_point	ENSG00000166128	RAB8B	-0.164914278999224	0.0229257866170634	0.1492397311715017					point used in Figure 2 scatter panels
gene_point	ENSG00000088247	KHSRP	0.351269738124663	0.365784976245964	-0.0225944830223276					point used in Figure 2 scatter panels
gene_point	ENSG00000105607	GCDH	0.0766809794911905	0.225151160816207	-0.0536880619921262					point used in Figure 2 scatter panels
gene_point	ENSG00000162928	PEX13	-1.15472580878048	-1.33508340392753	-0.3546773152950031					point used in Figure 2 scatter panels
gene_point	ENSG00000083312	TNPO1	0.163470478479722	0.698275871211868	0.1702297713149043					point used in Figure 2 scatter panels
gene_point	ENSG00000116584	ARHGEF2	-1.01405144958236	-1.17624741931741	-0.1389007271798927					point used in Figure 2 scatter panels
gene_point	ENSG00000126749	EMG1	-0.130526069599486	-0.191677937651416	0.0196438170422901					point used in Figure 2 scatter panels
gene_point	ENSG00000124486	USP9X	-0.246708898689019	0.0248986755114826	-0.0906636243820209					point used in Figure 2 scatter panels
gene_point	ENSG00000187555	USP7	-0.175753029203291	-0.112714687236396	0.014885931828104					point used in Figure 2 scatter panels
gene_point	ENSG00000166266	CUL5	-0.885383686106291	-0.308497312713696	0.0412606527662067					point used in Figure 2 scatter panels
gene_point	ENSG00000033627	ATP6V0A1	0.1173512671434	0.395126355266278	-0.2798677548428667					point used in Figure 2 scatter panels
gene_point	ENSG00000145012	LPP	-0.299624492980149	0.441510532275559	0.1232540733076952					point used in Figure 2 scatter panels
gene_point	ENSG00000184634	MED12	0.0215130274454874	0.228197957223805	-0.2552636458216373					point used in Figure 2 scatter panels
gene_point	ENSG00000227500	SCAMP4	0.242307413821914	0.44569829014255	0.30844304087503					point used in Figure 2 scatter panels
gene_point	ENSG00000196507	TCEAL3	0.184517872154872	-0.37329364344797	0.0133127754301476					point used in Figure 2 scatter panels
gene_point	ENSG00000073584	SMARCE1	-0.257112166602906	-0.309065336937852	-0.060690727372247					point used in Figure 2 scatter panels
gene_point	ENSG00000074842	MYDGF	0.321892849201664	0.530204236800606	0.2428923763489372					point used in Figure 2 scatter panels
gene_point	ENSG00000147676	MAL2	0.382609404212252	-0.152743252820054	-0.2712501619226017					point used in Figure 2 scatter panels
gene_point	ENSG00000145817	YIPF5	-0.182850226432109	0.0375494458954505	1.239069615955847					point used in Figure 2 scatter panels
gene_point	ENSG00000124155	PIGT	0.403607144291591	0.0056959745030321	-0.4798411148966721					point used in Figure 2 scatter panels
gene_point	ENSG00000173545	ZNF622	-0.512898813747243	-0.134753057590579	0.3162476856311969					point used in Figure 2 scatter panels
gene_point	ENSG00000164347	GFM2	0.20202250656583	0.381496643180893	0.3750893955334504					point used in Figure 2 scatter panels
gene_point	ENSG00000128789	PSMG2	-0.271202140846526	-0.371433809453303	0.5616820123891735					point used in Figure 2 scatter panels
gene_point	ENSG00000125912	NCLN	0.292561350642492	-0.0478881475336395	-0.1065634280474903					point used in Figure 2 scatter panels
gene_point	ENSG00000135926	TMBIM1	0.227593670306707	0.181084420405577	-0.7189187916563675					point used in Figure 2 scatter panels
gene_point	ENSG00000113719	ERGIC1	0.266486468499175	-0.535455039483033	-0.060250695680672					point used in Figure 2 scatter panels
gene_point	ENSG00000130299	GTPBP3	-0.0430053622068581	-0.137073952651034	0.1014025152143407					point used in Figure 2 scatter panels
gene_point	ENSG00000136270	TBRG4	0.0059720744844617	0.261240389780128	-0.1120835795035049					point used in Figure 2 scatter panels
gene_point	ENSG00000114023	FAM162A	0.231797523777457	0.391262224589017	0.1148646446508578					point used in Figure 2 scatter panels
gene_point	ENSG00000108588	CCDC47	0.0071626156150047	0.390347574620194	-0.1616922587547407					point used in Figure 2 scatter panels
gene_point	ENSG00000143314	MRPL24	0.17775244921175	0.240906808120186	-0.0107556985925505					point used in Figure 2 scatter panels
gene_point	ENSG00000169895	SYAP1	-0.0191411884367194	0.109324543915218	0.6580203531254636					point used in Figure 2 scatter panels
gene_point	ENSG00000131558	EXOC4	0.0937342346114337	0.408852396380898	-0.1363482546758447					point used in Figure 2 scatter panels
gene_point	ENSG00000063241	ISOC2	0.263677557393694	-0.0013063112195121	0.0282876052366845					point used in Figure 2 scatter panels
gene_point	ENSG00000073712	FERMT2	0.84008113699806	1.12510972811058	-0.0166402187942296					point used in Figure 2 scatter panels
gene_point	ENSG00000162613	FUBP1	0.396694323166758	0.762478903937795	0.0553211765184009					point used in Figure 2 scatter panels
gene_point	ENSG00000108829	LRRC59	0.123559743266646	0.210867517836117	-0.3051405898706711					point used in Figure 2 scatter panels
gene_point	ENSG00000197713	RPE	-0.184209878865155	-0.108717719112206	0.1161654431969019					point used in Figure 2 scatter panels
gene_point	ENSG00000139719	VPS33A	-0.650926443676453	-0.498419817261715	-0.4880305772485354					point used in Figure 2 scatter panels
gene_point	ENSG00000120699	EXOSC8	-0.0020361170505238	0.148196753906277	0.7131359627936611					point used in Figure 2 scatter panels
gene_point	ENSG00000204673	AKT1S1	0.45217639643719	0.287564916103102	-0.0940446248841055					point used in Figure 2 scatter panels
gene_point	ENSG00000214736	TOMM6	0.154597172110712	0.219287331878606	0.1568038647224874					point used in Figure 2 scatter panels
gene_point	ENSG00000101187	SLCO4A1	0.699155569992461	0.525847430617871	1.3458747837019462					point used in Figure 2 scatter panels
gene_point	ENSG00000163481	RNF25	-0.954375420504758	-0.958103138674514	0.0299776315876307					point used in Figure 2 scatter panels
gene_point	ENSG00000186063	AIDA	-0.120292969624735	-1.01102939261808	-0.1456999378989589					point used in Figure 2 scatter panels
gene_point	ENSG00000102890	ELMO3	-0.12786473784033	-0.116750070706625	-0.2258230267855232					point used in Figure 2 scatter panels
gene_point	ENSG00000143862	ARL8A	-0.161134286222774	-0.4269735306422	-0.4353979655926068					point used in Figure 2 scatter panels
gene_point	ENSG00000154124	OTULIN	-0.515416028426876	-0.712153211605049	-0.095144976822425					point used in Figure 2 scatter panels
gene_point	ENSG00000172586	CHCHD1	0.127087518319019	0.0083564580461444	-0.1383289903927931					point used in Figure 2 scatter panels
gene_point	ENSG00000113593	PPWD1	-0.255685451808354	0.109438051658423	-0.0536933656663265					point used in Figure 2 scatter panels
gene_point	ENSG00000164366	CCDC127	-0.843830572961458	-0.749952330679346	0.0373950367185393					point used in Figure 2 scatter panels
gene_point	ENSG00000165983	PTER	-0.51595382372578	-0.334902761768858	-0.3846184733225311					point used in Figure 2 scatter panels
gene_point	ENSG00000142634	EFHD2	0.184073963693986	-0.0168048923683668	0.024626179900796					point used in Figure 2 scatter panels
gene_point	ENSG00000143891	GALM	0.162207493663825	0.0822159649860555	-0.1156802914041286					point used in Figure 2 scatter panels
gene_point	ENSG00000143811	PYCR2	-0.136948306789539	0.0817296944472654	0.0710013405723373					point used in Figure 2 scatter panels
gene_point	ENSG00000110063	DCPS	0.139838914320121	0.129016975510712	0.0351124412405248					point used in Figure 2 scatter panels
gene_point	ENSG00000173457	PPP1R14B	0.439192465479368	-0.810039049207714	-0.1167559144991656					point used in Figure 2 scatter panels
gene_point	ENSG00000138785	INTS12	-0.364475030958359	-0.787730664570289	-0.4642495939651052					point used in Figure 2 scatter panels
gene_point	ENSG00000117481	NSUN4	-1.21685439726741	-1.54833413257414	-0.3405681711775941					point used in Figure 2 scatter panels
gene_point	ENSG00000167107	ACSF2	-0.0478456246427912	0.189022199824921	0.0517023220585421					point used in Figure 2 scatter panels
gene_point	ENSG00000066583	ISOC1	-0.31165218903403	-0.259241192827524	0.0602152649800196					point used in Figure 2 scatter panels
gene_point	ENSG00000160606	TLCD1	-0.307933704599485	-1.49372372054879	-0.4700719603005669					point used in Figure 2 scatter panels
gene_point	ENSG00000113194	FAF2	-0.220019417515209	0.0555390401189687	-0.1258927413440709					point used in Figure 2 scatter panels
gene_point	ENSG00000007080	CCDC124	0.333550363226239	0.289690436714636	-0.1614103596593956					point used in Figure 2 scatter panels
gene_point	ENSG00000110074	FOXRED1	-0.035880910415941	0.17131828908035	0.2482439202637394					point used in Figure 2 scatter panels
gene_point	ENSG00000123240	OPTN	0.229752403492718	-0.259825503591049	0.0454612918435088					point used in Figure 2 scatter panels
gene_point	ENSG00000161203	AP2M1	0.253936797759359	-0.197005062176087	0.0125520965971226					point used in Figure 2 scatter panels
gene_point	ENSG00000178695	KCTD12	0.282797734375989	0.693043684860699	0.379038443589625					point used in Figure 2 scatter panels
gene_point	ENSG00000169251	NMD3	-1.02801401257805	-0.974425676601503	0.0152134504211289					point used in Figure 2 scatter panels
gene_point	ENSG00000135597	REPS1	0.137811615564905	0.0042712588782796	0.0493793540534071					point used in Figure 2 scatter panels
gene_point	ENSG00000205981	DNAJC19	0.148246561991519	-0.160472817111114	-0.0981196494472058					point used in Figure 2 scatter panels
gene_point	ENSG00000176623	RMDN1	-0.0368904864636844	0.162951133135373	-0.1651818400522202					point used in Figure 2 scatter panels
gene_point	ENSG00000198585	NUDT16	-0.644993425283065	-0.727882903512833	0.0754161320606812					point used in Figure 2 scatter panels
gene_point	ENSG00000153944	MSI2	0.141700757724863	-0.145611167412601	-0.5078597973995418					point used in Figure 2 scatter panels
gene_point	ENSG00000060688	SNRNP40	0.122724652289139	0.403065779169732	0.0585378310612334					point used in Figure 2 scatter panels
gene_point	ENSG00000204316	MRPL38	-0.0072972390168252	-0.0863838934733141	-0.0039133209474506					point used in Figure 2 scatter panels
gene_point	ENSG00000148187	MRRF	-0.0487121457767873	-0.10361239651203	0.0603741513912545					point used in Figure 2 scatter panels
gene_point	ENSG00000175643	RMI2	-1.9506311915478	-1.78758614129161	0.0652117320623961					point used in Figure 2 scatter panels
gene_point	ENSG00000213516	RBMXL1	-1.42593416969346	-0.902111338236463	0.6625944334001179					point used in Figure 2 scatter panels
gene_point	ENSG00000109911	ELP4	0.0526075996845341	0.292497474812398	0.6266579701192398					point used in Figure 2 scatter panels
gene_point	ENSG00000095066	HOOK2	0.0212593889324358	-0.465981301065903	-0.2706319388538425					point used in Figure 2 scatter panels
gene_point	ENSG00000085415	SEH1L	0.0633052318662697	0.060341589049969	-0.0451029480305216					point used in Figure 2 scatter panels
gene_point	ENSG00000156928	MALSU1	-0.502011930808599	-0.912350778228512	0.1280310269519233					point used in Figure 2 scatter panels
gene_point	ENSG00000133142	TCEAL4	-0.0380073545140782	-0.059796523160331	0.2817501352740805					point used in Figure 2 scatter panels
gene_point	ENSG00000100522	GNPNAT1	-0.119496926875013	-0.468029851369931	-0.0971022316541194					point used in Figure 2 scatter panels
gene_point	ENSG00000062582	MRPS24	3.5395755068545	0.472893886552004	-0.0908578813311464					point used in Figure 2 scatter panels
gene_point	ENSG00000204822	MRPL53	0.282713585520811	0.223703264149194	0.2299671109222423					point used in Figure 2 scatter panels
gene_point	ENSG00000071626	DAZAP1	0.246100878124115	-0.258514067958009	0.1302047644617161					point used in Figure 2 scatter panels
gene_point	ENSG00000166788	SAAL1	0.121369124868613	0.0037870574367557	-0.013989526297351					point used in Figure 2 scatter panels
gene_point	ENSG00000164051	CCDC51	-0.365625682971448	0.174400027498991	-0.0708788108725393					point used in Figure 2 scatter panels
gene_point	ENSG00000184863	RBM33	-0.163974539680283	-0.0289831275428358	0.126596426888442					point used in Figure 2 scatter panels
gene_point	ENSG00000198498	TMA16	-0.338351488732142	-0.432714428743271	-0.1773318286034495					point used in Figure 2 scatter panels
gene_point	ENSG00000141971	MVB12A	0.244123187131715	0.236090324237164	-0.1664316756747723					point used in Figure 2 scatter panels
gene_point	ENSG00000132300	PTCD3	-0.184562169693193	0.247944860066371	-0.022825030708752					point used in Figure 2 scatter panels
gene_point	ENSG00000139428	MMAB	0.191889681066154	-0.070585068830923	-0.0403071182272363					point used in Figure 2 scatter panels
gene_point	ENSG00000179151	EDC3	-0.411562206243042	-0.153063075195124	0.1144635625486696					point used in Figure 2 scatter panels
gene_point	ENSG00000100100	PIK3IP1	-0.128567091608769	-0.525587257049966	-0.4891436124204844					point used in Figure 2 scatter panels
gene_point	ENSG00000146670	CDCA5	0.3235603383276	0.221955893607336	0.5276817755693237					point used in Figure 2 scatter panels
gene_point	ENSG00000264364	DYNLL2	-0.180861856424819	-0.155835713952208	-0.3837523271669276					point used in Figure 2 scatter panels
gene_point	ENSG00000140006	WDR89	-1.42466760278025	-1.20237423085483	-0.0987383539165609					point used in Figure 2 scatter panels
gene_point	ENSG00000140848	CPNE2	-0.0134387332046754	-0.911488363489013	-0.185600312292685					point used in Figure 2 scatter panels
gene_point	ENSG00000188643	S100A16	0.168904482968711	0.0396045125241692	0.0771788830868764					point used in Figure 2 scatter panels
gene_point	ENSG00000141295	SCRN2	0.0119507847622985	0.173395689521391	0.1501782004959224					point used in Figure 2 scatter panels
gene_point	ENSG00000079134	THOC1	-0.351423961597134	-0.357412456482361	0.0101091441690144					point used in Figure 2 scatter panels
gene_point	ENSG00000167770	OTUB1	0.17544548300225	0.28540488865947	0.0039846278821009					point used in Figure 2 scatter panels
gene_point	ENSG00000166166	TRMT61A	0.0491869751881125	-0.0659638203694599	-0.0574385239462387					point used in Figure 2 scatter panels
gene_point	ENSG00000183624	HMCES	0.270094861575886	0.355913995728471	0.0419526770264653					point used in Figure 2 scatter panels
gene_point	ENSG00000176108	CHMP6	-0.500780738184428	-0.370015961789103	0.0070919747714821					point used in Figure 2 scatter panels
gene_point	ENSG00000169299	PGM2	-0.077730997698822	0.380887607995877	-0.0991128499784181					point used in Figure 2 scatter panels
gene_point	ENSG00000136718	IMP4	0.158591606466399	0.0583599080982615	-0.0367494101069354					point used in Figure 2 scatter panels
gene_point	ENSG00000159479	MED8	-0.320272180318069	-0.397209099114943	-0.2475867369223579					point used in Figure 2 scatter panels
gene_point	ENSG00000141994	DUS3L	0.0862372637564821	0.358313832830332	-0.3451551170704459					point used in Figure 2 scatter panels
gene_point	ENSG00000135521	LTV1	-0.47948324824743	-0.490517377565399	-0.3622251480043719					point used in Figure 2 scatter panels
gene_point	ENSG00000175581	MRPL48	0.259107895674676	0.426486286410603	-0.1138197079634686					point used in Figure 2 scatter panels
gene_point	ENSG00000062716	VMP1	0.0922180809056364	0.318505164682997	0.1363799702023875					point used in Figure 2 scatter panels
gene_point	ENSG00000241360	PDXP	0.139737513464209	-0.883713333741265	-0.1036137930947127					point used in Figure 2 scatter panels
gene_point	ENSG00000178999	AURKB	-0.426458025101473	-0.453482488914924	-0.1866257140663556					point used in Figure 2 scatter panels
gene_point	ENSG00000043093	DCUN1D1	-0.555717373459348	-0.105643170648793	0.044495678865335					point used in Figure 2 scatter panels
gene_point	ENSG00000132773	TOE1	-1.06341038117023	-1.4510574660989	-0.1588591027204824					point used in Figure 2 scatter panels
gene_point	ENSG00000124228	DDX27	0.0094576762710256	0.168080626649722	0.1101344968823667					point used in Figure 2 scatter panels
gene_point	ENSG00000149089	APIP	0.118608286628298	0.0745656733283471	0.1145511565853709					point used in Figure 2 scatter panels
gene_point	ENSG00000114544	SLC41A3	0.211418706443811	0.276613822137319	-0.1077346255181357					point used in Figure 2 scatter panels
gene_point	ENSG00000146858	ZC3HAV1L	-1.23163673008572	-2.26972276209672	-0.2467050469741032					point used in Figure 2 scatter panels
gene_point	ENSG00000160949	TONSL	-0.0390197619121751	0.204137355861699	0.1190627138843822					point used in Figure 2 scatter panels
gene_point	ENSG00000163110	PDLIM5	0.0465072050343163	0.58296329042393	0.1700771573438118					point used in Figure 2 scatter panels
gene_point	ENSG00000197930	ERO1A	-0.229713438429196	-0.0021010962430531	-0.027933477953745					point used in Figure 2 scatter panels
gene_point	ENSG00000158467	AHCYL2	0.0619888682925818	0.33470638474484	-0.3737972922652126					point used in Figure 2 scatter panels
gene_point	ENSG00000115255	REEP6	0.27452559197848	0.260829049060061	-0.5273350382330868					point used in Figure 2 scatter panels
gene_point	ENSG00000247077	PGAM5	0.151502567101835	-0.0253919762447345	0.0105287992991236					point used in Figure 2 scatter panels
gene_point	ENSG00000149262	INTS4	0.026383089746963	0.49361617090773	-0.2098168617092248					point used in Figure 2 scatter panels
gene_point	ENSG00000198171	DDRGK1	0.146828734226448	0.423117207622416	-0.624248289260553					point used in Figure 2 scatter panels
gene_point	ENSG00000181192	DHTKD1	-0.139470197596466	0.111615852360374	-0.4840901535573394					point used in Figure 2 scatter panels
gene_point	ENSG00000107164	FUBP3	-0.0139056228579967	0.0399728793998294	0.1424020627910636					point used in Figure 2 scatter panels
gene_point	ENSG00000134453	RBM17	0.211874700210223	-0.377845179539485	0.074682462860057					point used in Figure 2 scatter panels
gene_point	ENSG00000257591	ZNF625	-1.3971315463476	-0.734262224465116	-0.6566479351645729					point used in Figure 2 scatter panels
gene_point	ENSG00000172340	SUCLG2	0.135809927315957	0.371068203049928	0.0376352512189654					point used in Figure 2 scatter panels
gene_point	ENSG00000129474	AJUBA	0.322726827108642	0.65385157698494	0.1259616960040013					point used in Figure 2 scatter panels
gene_point	ENSG00000144591	GMPPA	0.164887191720535	0.300876844686453	-0.0444892077014351					point used in Figure 2 scatter panels
gene_point	ENSG00000114779	ABHD14B	0.134554314492367	0.297150430271844	-0.0197939827693147					point used in Figure 2 scatter panels
gene_point	ENSG00000177425	PAWR	0.354110162837713	0.588984465005154	0.2808847723860133					point used in Figure 2 scatter panels
gene_point	ENSG00000174891	RSRC1	-0.242899286007439	-0.110271327490078	0.00279141052488					point used in Figure 2 scatter panels
gene_point	ENSG00000051596	THOC3	0.13588986193631	-0.0682416925703563	0.093461089274129					point used in Figure 2 scatter panels
gene_point	ENSG00000136152	COG3	-0.184452099307921	-0.115764675631603	0.4865766913257072					point used in Figure 2 scatter panels
gene_point	ENSG00000108465	CDK5RAP3	-0.0469722208666477	0.318904304365698	-0.3815201891908408					point used in Figure 2 scatter panels
gene_point	ENSG00000004766	VPS50	-0.469723126830568	-0.0358006735022222	0.0585762096359108					point used in Figure 2 scatter panels
gene_point	ENSG00000175073	VCPIP1	-0.389506339461999	0.0796930232893459	-0.0785794052863408					point used in Figure 2 scatter panels
gene_point	ENSG00000166479	TMX3	-0.140012498092589	0.298022033623397	-0.0670412343676467					point used in Figure 2 scatter panels
gene_point	ENSG00000198824	CHAMP1	-1.24351747492711	-1.54041586571869	0.0744148655222449					point used in Figure 2 scatter panels
gene_point	ENSG00000186660	ZFP91	0.279817052232592	0.62378112011015	-0.4694213152922586					point used in Figure 2 scatter panels
gene_point	ENSG00000165959	CLMN	-0.0525568570313131	-0.300998788996723	0.3104981716802779					point used in Figure 2 scatter panels
gene_point	ENSG00000120913	PDLIM2	0.355442587129176	-0.156075205978989	0.1110141701914724					point used in Figure 2 scatter panels
gene_point	ENSG00000134717	BTF3L4	-0.826977744408663	-0.314738101817619	0.0435924826409426					point used in Figure 2 scatter panels
gene_point	ENSG00000166140	ZFYVE19	0.0072070857844072	-0.44563083622034	0.3914068933709984					point used in Figure 2 scatter panels
gene_point	ENSG00000127526	SLC35E1	-0.191480788076398	-0.460506760273841	-0.1978241021273845					point used in Figure 2 scatter panels
gene_point	ENSG00000170242	USP47	-0.517157204432514	-0.220349265571369	-0.0527263381868294					point used in Figure 2 scatter panels
gene_point	ENSG00000168078	PBK	-0.281969589459485	-0.0447025290924993	-0.2390191801650658					point used in Figure 2 scatter panels
gene_point	ENSG00000165997	ARL5B	1.09956600037957	1.68746511577663	0.3466717025945964					point used in Figure 2 scatter panels
gene_point	ENSG00000142186	SCYL1	-0.0586884221897932	-0.368996891499968	-0.0705135969509385					point used in Figure 2 scatter panels
gene_point	ENSG00000112685	EXOC2	0.144209815479685	0.137531697597916	-0.0143910711609791					point used in Figure 2 scatter panels
gene_point	ENSG00000133313	CNDP2	-0.10475739002799	0.173701649760979	0.0075564438768651					point used in Figure 2 scatter panels
gene_point	ENSG00000056097	ZFR	0.0387171900204894	0.534582829849365	-0.0885848950573766					point used in Figure 2 scatter panels
gene_point	ENSG00000183495	EP400	-0.1249800214573	0.22284025488825	-0.4984180842773753					point used in Figure 2 scatter panels
gene_point	ENSG00000143376	SNX27	-0.300279462437777	-0.380198692768758	-0.0310504259908341					point used in Figure 2 scatter panels
gene_point	ENSG00000096872	IFT74	-0.395972753610384	0.0736380524674814	0.1216428663657396					point used in Figure 2 scatter panels
gene_point	ENSG00000132481	TRIM47	-0.106433069436465	0.0247232640214259	-0.0953263782618094					point used in Figure 2 scatter panels
gene_point	ENSG00000166192	SENP8	-2.55469083227402	-2.65016613464534	0.1500141675404656					point used in Figure 2 scatter panels
gene_point	ENSG00000164244	PRRC1	-0.820920169672008	-0.467623939775246	-0.0166147333754089					point used in Figure 2 scatter panels
gene_point	ENSG00000156831	NSMCE2	-0.0056513874323442	0.0326040270323664	-0.1932209217675602					point used in Figure 2 scatter panels
gene_point	ENSG00000180329	CCDC43	-0.470221228597568	-0.434643055404963	0.3760755981294466					point used in Figure 2 scatter panels
gene_point	ENSG00000213380	COG8	-1.19074801045906	-1.43183029831592	0.0496773611689853					point used in Figure 2 scatter panels
gene_point	ENSG00000116641	DOCK7	-0.165631785601852	0.312905443107855	0.0445004592317914					point used in Figure 2 scatter panels
gene_point	ENSG00000198783	ZNF830	-0.815105623234085	-0.572289783180235	0.0603375850177272					point used in Figure 2 scatter panels
gene_point	ENSG00000139926	FRMD6	1.46202494801005	1.85729661494795	-0.0834999337646369					point used in Figure 2 scatter panels
gene_point	ENSG00000076351	SLC46A1	-0.335903300659675	-0.332549336937495	0.2280255657337928					point used in Figure 2 scatter panels
gene_point	ENSG00000130305	NSUN5	-0.299828715488953	-0.311334389559768	-0.2039437438034426					point used in Figure 2 scatter panels
gene_point	ENSG00000141425	RPRD1A	0.216203900178273	0.0521092358889695	-0.1924878710401039					point used in Figure 2 scatter panels
gene_point	ENSG00000133612	AGAP3	0.31420975809158	-0.545944059070249	-0.2015002331319522					point used in Figure 2 scatter panels
gene_point	ENSG00000186635	ARAP1	0.126884908824517	0.0897972715739237	-0.039209725277594					point used in Figure 2 scatter panels
gene_point	ENSG00000198700	IPO9	0.0075792466048532	0.292232662258252	-0.0370062750925157					point used in Figure 2 scatter panels
gene_point	ENSG00000152056	AP1S3	-0.209926089101561	-0.15296033995251	-0.0356612660104502					point used in Figure 2 scatter panels
gene_point	ENSG00000057019	DCBLD2	0.141643358799777	0.0402268362366489	-0.1374264498283377					point used in Figure 2 scatter panels
gene_point	ENSG00000239306	RBM14	-0.26072696338356	-0.0133403355953374	-0.0122998735250874					point used in Figure 2 scatter panels
gene_point	ENSG00000161642	ZNF385A	0.248548012280225	0.292251748626749	-0.053372758892177					point used in Figure 2 scatter panels
gene_point	ENSG00000049759	NEDD4L	1.66770627028849	2.15926965750805	-0.0724131781899082					point used in Figure 2 scatter panels
gene_point	ENSG00000112531	QKI	0.0900069782385804	0.410457404343853	0.0093190114173005					point used in Figure 2 scatter panels
gene_point	ENSG00000091127	PUS7	-0.330031665628497	-0.264642904045051	-0.1662757823082543					point used in Figure 2 scatter panels
gene_point	ENSG00000072756	TRNT1	-0.810107576728931	-0.762572548479569	0.1451539880963537					point used in Figure 2 scatter panels
gene_point	ENSG00000134294	SLC38A2	2.69362003635448	3.36660401150166	2.901024235396463					point used in Figure 2 scatter panels
gene_point	ENSG00000122068	FYTTD1	-0.252692519299214	-0.309911579196156	-0.6749519797664121					point used in Figure 2 scatter panels
gene_point	ENSG00000172171	TEFM	-1.65585411391558	-1.72557232412309	-0.6360076358298397					point used in Figure 2 scatter panels
gene_point	ENSG00000069329	VPS35	0.0925456240407487	0.298705897598927	-0.0299575350819765					point used in Figure 2 scatter panels
gene_point	ENSG00000146676	PURB	-0.814104924173813	-0.677345754885237	0.5894117410951694					point used in Figure 2 scatter panels
gene_point	ENSG00000160877	NACC1	0.0068518530292033	-0.989453308998476	-0.4157383665180365					point used in Figure 2 scatter panels
gene_point	ENSG00000178996	SNX18	-0.773697662068435	-0.984272602020512	0.1780921366500205					point used in Figure 2 scatter panels
gene_point	ENSG00000087206	UIMC1	0.126551974215006	0.141982846670532	-0.2963143008764799					point used in Figure 2 scatter panels
gene_point	ENSG00000197969	VPS13A	-0.419692363092886	0.389410401601272	-0.2061645384527608					point used in Figure 2 scatter panels
gene_point	ENSG00000168827	GFM1	-0.187657222341742	0.048607871505114	0.1349760514375937					point used in Figure 2 scatter panels
gene_point	ENSG00000087502	ERGIC2	-0.780746004002482	-0.669172527847296	-0.1732667536720473					point used in Figure 2 scatter panels
gene_point	ENSG00000078070	MCCC1	0.0710785437579731	0.352238388687463	-0.1153010358002006					point used in Figure 2 scatter panels
gene_point	ENSG00000137574	TGS1	-1.01996087501444	-0.804941932634958	0.0237453485329925					point used in Figure 2 scatter panels
gene_point	ENSG00000120526	NUDCD1	-0.287929168845684	0.0580307085323297	0.1169882772977146					point used in Figure 2 scatter panels
gene_point	ENSG00000128159	TUBGCP6	-0.257063540222172	-0.29228010306819	-0.3762574662039188					point used in Figure 2 scatter panels
gene_point	ENSG00000048028	USP28	0.0562917793667705	-0.409776977585689	-0.488034148576304					point used in Figure 2 scatter panels
gene_point	ENSG00000172315	TP53RK	-0.233476230671469	0.463642778601186	-0.2273682091759603					point used in Figure 2 scatter panels
gene_point	ENSG00000087111	PIGS	0.0773781989775186	0.0027348553453462	-0.2878505516159073					point used in Figure 2 scatter panels
gene_point	ENSG00000124535	WRNIP1	0.551264456537417	0.311706270684619	-0.0397328719771401					point used in Figure 2 scatter panels
gene_point	ENSG00000121940	CLCC1	-0.222781507049979	0.288111518683637	-0.6046933540109531					point used in Figure 2 scatter panels
gene_point	ENSG00000179820	MYADM	0.439185929397375	0.889214341079565	-0.3258539343043942					point used in Figure 2 scatter panels
gene_point	ENSG00000166289	PLEKHF1	0.35470619109282	0.710848101860035	0.2184063816344768					point used in Figure 2 scatter panels
gene_point	ENSG00000108819	PPP1R9B	-0.195426357160019	-1.34207402993344	0.8768726682163805					point used in Figure 2 scatter panels
gene_point	ENSG00000096063	SRPK1	-0.118677594383984	-0.0601733952548427	-0.3035586925789655					point used in Figure 2 scatter panels
gene_point	ENSG00000163029	SMC6	-0.347604511903182	-0.215223363583397	-0.2306644856155166					point used in Figure 2 scatter panels
gene_point	ENSG00000165209	STRBP	0.0756046759958484	-0.146296038986343	-0.1121222109573345					point used in Figure 2 scatter panels
gene_point	ENSG00000146842	TMEM209	-0.268208754961908	0.104715019875195	-0.2628327397166323					point used in Figure 2 scatter panels
gene_point	ENSG00000163166	IWS1	-0.364275594855207	-0.201256151898815	0.0838671858119894					point used in Figure 2 scatter panels
gene_point	ENSG00000169375	SIN3A	-0.325299385107216	-0.368660727100366	-0.1943361408558317					point used in Figure 2 scatter panels
gene_point	ENSG00000117859	OSBPL9	-0.0197904237599932	0.247720178289865	0.2980645815457627					point used in Figure 2 scatter panels
gene_point	ENSG00000181915	ADO	-1.15021259614308	-1.7970445532651	0.4000237022327173					point used in Figure 2 scatter panels
gene_point	ENSG00000187742	SECISBP2	0.497323744383093	-0.218556679420318	-1.1393987248635362					point used in Figure 2 scatter panels
gene_point	ENSG00000048649	RSF1	-0.972287946384482	-0.464393316399082	-0.0688722687376461					point used in Figure 2 scatter panels
gene_point	ENSG00000162775	RBM15	0.228739453808454	0.463225953605814	0.067458340834996					point used in Figure 2 scatter panels
gene_point	ENSG00000039650	PNKP	0.302851244992268	0.266518886375569	0.1783386821926313					point used in Figure 2 scatter panels
gene_point	ENSG00000155229	MMS19	0.142362493291952	0.369981442301095	-0.1540463315202309					point used in Figure 2 scatter panels
gene_point	ENSG00000276043	UHRF1	0.572389414695969	0.736648083674929	-0.2899434581978184					point used in Figure 2 scatter panels
gene_point	ENSG00000136758	YME1L1	0.0017365827877861	0.186747403889861	-0.7581660575985243					point used in Figure 2 scatter panels
gene_point	ENSG00000137824	RMDN3	-0.0770824076255891	-0.141903913005925	-0.1468384969156986					point used in Figure 2 scatter panels
gene_point	ENSG00000105254	TBCB	0.216226345544425	0.073809595348928	-0.1049979310962641					point used in Figure 2 scatter panels
gene_point	ENSG00000136930	PSMB7	0.277091084423663	0.453049108300627	0.238468143632609					point used in Figure 2 scatter panels
gene_point	ENSG00000064666	CNN2	0.120108739958543	0.255785098828995	-0.0420953674912141					point used in Figure 2 scatter panels
gene_point	ENSG00000185813	PCYT2	0.0411842811652366	-0.24313473442775	0.0235651155365417					point used in Figure 2 scatter panels
gene_point	ENSG00000096401	CDC5L	-0.145322135628588	0.308083462188211	-0.1669931428365458					point used in Figure 2 scatter panels
gene_point	ENSG00000173692	PSMD1	0.024454405339284	0.313663393058223	0.0705411006333349					point used in Figure 2 scatter panels
gene_point	ENSG00000132581	SDF2	-0.464286270354724	-0.0758249019253005	0.1953003479123261					point used in Figure 2 scatter panels
gene_point	ENSG00000116288	PARK7	0.188679583819731	0.145213683240562	0.1074515643834246					point used in Figure 2 scatter panels
gene_point	ENSG00000158161	EYA3	-0.239098987002743	0.0253816648571034	-0.2029460257601467					point used in Figure 2 scatter panels
gene_point	ENSG00000108828	VAT1	0.370045747609195	0.538444921404777	0.0343379492554483					point used in Figure 2 scatter panels
gene_point	ENSG00000100600	LGMN	0.209359373052208	0.40543885921029	-1.1350301633082829					point used in Figure 2 scatter panels
gene_point	ENSG00000147872	PLIN2	-0.143015258721272	0.0204497824469525	-0.1010964695648581					point used in Figure 2 scatter panels
gene_point	ENSG00000105821	DNAJC2	-0.676569922513222	-0.023659555891473	-0.1398829596279469					point used in Figure 2 scatter panels
gene_point	ENSG00000196199	MPHOSPH8	-0.459112009712142	-0.255742284964167	-0.0600092258239133					point used in Figure 2 scatter panels
gene_point	ENSG00000108559	NUP88	0.190122565419572	0.3296427671026	-0.00691189478907					point used in Figure 2 scatter panels
gene_point	ENSG00000144283	PKP4	0.457453342996041	-0.762449943703928	-0.1191393076914177					point used in Figure 2 scatter panels
gene_point	ENSG00000196455	PIK3R4	-0.553681014748008	-0.387408039958075	-0.2388679192333764					point used in Figure 2 scatter panels
gene_point	ENSG00000104356	POP1	-0.596094976387854	-0.286648646836975	-0.280033648353676					point used in Figure 2 scatter panels
gene_point	ENSG00000157514	TSC22D3	0.150819142853437	0.483429175988594	0.1596911477513813					point used in Figure 2 scatter panels
gene_point	ENSG00000189171	S100A13	0.395114329735292	0.527532446251764	-0.2398815281293878					point used in Figure 2 scatter panels
gene_point	ENSG00000139218	SCAF11	-0.508557786775941	0.0205747201302593	-0.0962741635532022					point used in Figure 2 scatter panels
gene_point	ENSG00000134375	TIMM17A	-0.0292673256443055	0.0618722229058975	0.5230855666566221					point used in Figure 2 scatter panels
gene_point	ENSG00000116918	TSNAX	-0.290162334697882	-0.112078801352059	0.0251262427051521					point used in Figure 2 scatter panels
gene_point	ENSG00000113312	TTC1	-0.13006536956184	-0.363169609440563	-0.1070634656022164					point used in Figure 2 scatter panels
gene_point	ENSG00000168259	DNAJC7	0.0841535916877975	0.221422853384933	0.1831826892960002					point used in Figure 2 scatter panels
gene_point	ENSG00000111665	CDCA3	0.0644314332384925	0.0094716850749503	-0.5011943963839673					point used in Figure 2 scatter panels
gene_point	ENSG00000111678	C12orf57	0.307371532750605	0.384632628807943	-1.1245726817524917					point used in Figure 2 scatter panels
gene_point	ENSG00000215021	PHB2	0.204585833076254	0.0137834656720731	0.0349006024712146					point used in Figure 2 scatter panels
gene_point	ENSG00000198612	COPS8	0.159325603155007	0.101931636614829	0.044925744218208					point used in Figure 2 scatter panels
gene_point	ENSG00000143252	SDHC	0.0741840708292943	0.582474810781684	0.0824558055731774					point used in Figure 2 scatter panels
gene_point	ENSG00000187446	CHP1	0.232273121422823	0.220004253187856	0.1047051728011574					point used in Figure 2 scatter panels
gene_point	ENSG00000142945	KIF2C	-0.460418227748085	-0.190822521123253	-0.1124043914716281					point used in Figure 2 scatter panels
gene_point	ENSG00000204842	ATXN2	-0.125468519853889	-0.110762291856485	-0.116162119090589					point used in Figure 2 scatter panels
gene_point	ENSG00000116984	MTR	-0.331990927378608	0.108690882052987	0.0103370279787498					point used in Figure 2 scatter panels
gene_point	ENSG00000072506	HSD17B10	0.0435709973012309	0.286541095191027	0.1529279297772348					point used in Figure 2 scatter panels
gene_point	ENSG00000111799	COL12A1	0.25592786409076	0.516005302320448	-0.2571499889630182					point used in Figure 2 scatter panels
gene_point	ENSG00000197451	HNRNPAB	0.486700064216372	0.714674633081275	0.0466302438576207					point used in Figure 2 scatter panels
gene_point	ENSG00000085871	MGST2	0.269087390032618	0.365322454514883	-0.2992159233227056					point used in Figure 2 scatter panels
gene_point	ENSG00000134265	NAPG	-0.103732225433873	-0.332430980354998	0.2436318189330553					point used in Figure 2 scatter panels
gene_point	ENSG00000143398	PIP5K1A	1.4944094975587	1.8282195342209	1.9499022374563797					point used in Figure 2 scatter panels
gene_point	ENSG00000100348	TXN2	0.144404181422908	0.0572582379631838	0.1194207837522682					point used in Figure 2 scatter panels
gene_point	ENSG00000027001	MIPEP	-0.0167252227382643	0.236014431339049	0.0459643001348197					point used in Figure 2 scatter panels
gene_point	ENSG00000100412	ACO2	0.208860949055014	0.417987879409952	0.0461302017753695					point used in Figure 2 scatter panels
gene_point	ENSG00000125304	TM9SF2	0.121356816835997	0.369089777366224	-0.3386008455979876					point used in Figure 2 scatter panels
gene_point	ENSG00000112759	SLC29A1	-0.142410930266461	-0.312569959382909	0.3699225260981293					point used in Figure 2 scatter panels
gene_point	ENSG00000074319	TSG101	0.0756765335806038	0.0058360082263278	-0.0828979689390081					point used in Figure 2 scatter panels
gene_point	ENSG00000185043	CIB1	0.211342004262797	0.107094339613717	0.0986207125898861					point used in Figure 2 scatter panels
gene_point	ENSG00000214078	CPNE1	0.326663687307303	0.455247859372875	0.1762676697614367					point used in Figure 2 scatter panels
gene_point	ENSG00000135624	CCT7	0.0997186574993556	0.345858893431841	0.2276120576074483					point used in Figure 2 scatter panels
gene_point	ENSG00000172936	MYD88	-0.829868218715637	-1.3241692615653	0.089159901005722					point used in Figure 2 scatter panels
gene_point	ENSG00000117395	EBNA1BP2	0.193283219059331	0.213322190779081	0.0882952482925389					point used in Figure 2 scatter panels
gene_point	ENSG00000126457	PRMT1	0.248912301081929	0.335877660937079	0.1513212085777908					point used in Figure 2 scatter panels
gene_point	ENSG00000130829	DUSP9	0.196832317625823	-0.122411454394013	-1.4419816093634843					point used in Figure 2 scatter panels
gene_point	ENSG00000057294	PKP2	1.18477065737514	1.7080316305765	-0.0538574497508079					point used in Figure 2 scatter panels
gene_point	ENSG00000141985	SH3GL1	0.302080880108373	-0.102451020249058	-0.075979530417154					point used in Figure 2 scatter panels
gene_point	ENSG00000100749	VRK1	0.180931741661351	0.082808845283491	-0.0164416188465246					point used in Figure 2 scatter panels
gene_point	ENSG00000127914	AKAP9	0.324002337937443	0.0503714071383426	-0.2480317158590352					point used in Figure 2 scatter panels
gene_point	ENSG00000184117	NIPSNAP1	0.196318515897851	0.373709896621424	0.0468077400825457					point used in Figure 2 scatter panels
gene_point	ENSG00000073737	DHRS9	-0.503560675092531	-0.647597579347007	0.4893189101565856					point used in Figure 2 scatter panels
gene_point	ENSG00000109805	NCAPG	0.0670715721497602	0.559548789644256	-0.132540235326914					point used in Figure 2 scatter panels
gene_point	ENSG00000136950	ARPC5L	0.005706509739755	-0.30431628165198	0.0117142670406451					point used in Figure 2 scatter panels
gene_point	ENSG00000107745	MICU1	0.0590856744977278	0.271013203152691	-0.5103251710487982					point used in Figure 2 scatter panels
gene_point	ENSG00000173914	RBM4B	-0.389673053513032	-0.479286400474151	-0.1749625342441945					point used in Figure 2 scatter panels
gene_point	ENSG00000139579	NABP2	0.130686085699924	-0.611513789120593	-0.5847142336853857					point used in Figure 2 scatter panels
gene_point	ENSG00000107625	DDX50	-0.14164027505157	-0.280472911616477	-0.0301735161747274					point used in Figure 2 scatter panels
gene_point	ENSG00000130312	MRPL34	-0.023985652300512	0.0030491396828261	-0.26597083962913					point used in Figure 2 scatter panels
gene_point	ENSG00000006744	ELAC2	0.0443123214186347	0.0849163535107617	0.1138993258582807					point used in Figure 2 scatter panels
gene_point	ENSG00000105447	GRWD1	-0.461149674898112	-0.349576846117956	0.1442679579608423					point used in Figure 2 scatter panels
gene_point	ENSG00000133315	MACROD1	-0.0688123160688682	0.383076763975581	-0.1418587965632447					point used in Figure 2 scatter panels
gene_point	ENSG00000141002	TCF25	0.0576796858976931	0.0406571922807736	-0.1370385777792151					point used in Figure 2 scatter panels
gene_point	ENSG00000184220	CMSS1	0.192007606045646	0.165770390155267	-0.1209930048850544					point used in Figure 2 scatter panels
gene_point	ENSG00000130159	ECSIT	0.357531034132115	-0.0016058109106051	0.0070861589551167					point used in Figure 2 scatter panels
gene_point	ENSG00000116455	WDR77	0.0548596509255085	0.293477681448987	0.1494908817473295					point used in Figure 2 scatter panels
gene_point	ENSG00000167397	VKORC1	0.290229371742189	0.192721170181428	-0.4282649738594344					point used in Figure 2 scatter panels
gene_point	ENSG00000173141	MRPL57	-0.0780156234785152	-0.23151773782643	-0.0175302041260998					point used in Figure 2 scatter panels
gene_point	ENSG00000167553	TUBA1C	0.0245958325260664	0.654812230244738	0.2016711872675358					point used in Figure 2 scatter panels
gene_point	ENSG00000128335	APOL2	-0.699994852752382	-0.653849402029536	0.7198916356214902					point used in Figure 2 scatter panels
gene_point	ENSG00000132382	MYBBP1A	-0.0782885560996718	0.114725547703721	-0.2158122069302877					point used in Figure 2 scatter panels
gene_point	ENSG00000101311	FERMT1	-0.0813657771622021	-0.259535262816379	-0.3195196908954649					point used in Figure 2 scatter panels
gene_point	ENSG00000125871	MGME1	0.305205382128225	0.701392477437153	0.1305600176952452					point used in Figure 2 scatter panels
gene_point	ENSG00000172725	CORO1B	0.254444316755093	0.336196764997872	0.1662193169575623					point used in Figure 2 scatter panels
gene_point	ENSG00000129235	TXNDC17	0.388283611812034	0.334404052235913	0.1774535597557367					point used in Figure 2 scatter panels
gene_point	ENSG00000137656	BUD13	-1.83332797803117	-2.02704085337688	0.3187365189394011					point used in Figure 2 scatter panels
gene_point	ENSG00000131475	VPS25	-0.0192661171989041	0.108113976031162	-0.2578623879438897					point used in Figure 2 scatter panels
gene_point	ENSG00000125731	SH2D3A	0.202456907033174	-0.436015005983979	0.0426985343065293					point used in Figure 2 scatter panels
gene_point	ENSG00000078808	SDF4	0.370221032535757	0.198286286520999	-0.2018079100498582					point used in Figure 2 scatter panels
gene_point	ENSG00000263465	SRSF8	-0.411756595456304	-0.232177320094134	0.1943604185848144					point used in Figure 2 scatter panels
gene_point	ENSG00000126249	PDCD2L	-0.259466432990526	-0.541338306150251	-0.0451072580966851					point used in Figure 2 scatter panels
gene_point	ENSG00000175575	PAAF1	-0.22744914757929	-0.219325123450461	-0.4244973460545189					point used in Figure 2 scatter panels
gene_point	ENSG00000159685	CHCHD6	0.285803767677962	-0.0537186409371188	0.2226811363637644					point used in Figure 2 scatter panels
gene_point	ENSG00000159322	ADPGK	0.0246337343455167	-0.111821409692488	0.0852656283110171					point used in Figure 2 scatter panels
gene_point	ENSG00000137288	UQCC2	0.142344905203891	0.0147691743996308	0.0894522543584912					point used in Figure 2 scatter panels
gene_point	ENSG00000147536	GINS4	-0.0359514294555581	0.372294153459505	0.1570191505168132					point used in Figure 2 scatter panels
gene_point	ENSG00000152684	PELO	0.498940683576924	0.941417545883976	0.1229388379877143					point used in Figure 2 scatter panels
gene_point	ENSG00000181938	GINS3	-0.241224743121899	-0.143652126657135	-0.0798091948418324					point used in Figure 2 scatter panels
gene_point	ENSG00000169871	TRIM56	-1.71687871817844	-1.69621215403661	0.0076229512758025					point used in Figure 2 scatter panels
gene_point	ENSG00000023318	ERP44	0.176206280304728	0.344916717795717	0.2001029443345352					point used in Figure 2 scatter panels
gene_point	ENSG00000079257	LXN	-0.103430847622303	-0.512950638801594	-0.0448238564735916					point used in Figure 2 scatter panels
gene_point	ENSG00000115761	NOL10	-0.0884142025738212	-0.0819027994166493	-0.1746970109124852					point used in Figure 2 scatter panels
gene_point	ENSG00000135778	NTPCR	0.0869191924316137	0.136407714379987	0.0931958937466603					point used in Figure 2 scatter panels
gene_point	ENSG00000136463	TACO1	-0.554216502753675	-0.592252486223551	0.0471766192626645					point used in Figure 2 scatter panels
gene_point	ENSG00000119431	HDHD3	-2.48480759464511	-3.69089679802898	0.0821425394704071					point used in Figure 2 scatter panels
gene_point	ENSG00000130640	TUBGCP2	0.121750505926918	0.315909402383126	-0.0594054905921268					point used in Figure 2 scatter panels
gene_point	ENSG00000139641	ESYT1	0.156714770844716	0.504960655529978	-0.1471675688401461					point used in Figure 2 scatter panels
gene_point	ENSG00000130560	UBAC1	0.119927818774908	-0.621069320326747	0.1189559885027193					point used in Figure 2 scatter panels
gene_point	ENSG00000119820	YIPF4	-0.112514318704061	-0.164907098838728	-0.2550256563167643					point used in Figure 2 scatter panels
gene_point	ENSG00000114993	RTKN	-0.691586887168879	-0.864633025060331	-0.0246984853682583					point used in Figure 2 scatter panels
gene_point	ENSG00000125611	CHCHD5	0.110204608419969	0.154578314726159	-0.2112699526646508					point used in Figure 2 scatter panels
gene_point	ENSG00000137161	CNPY3	0.329157804363268	0.307778163924323	0.2452140812464129					point used in Figure 2 scatter panels
gene_point	ENSG00000033011	ALG1	-0.149152592653773	0.0250139930755287	-0.3422239480159881					point used in Figure 2 scatter panels
gene_point	ENSG00000132376	INPP5K	0.252000368240316	-0.252718765608154	-0.0868200209316878					point used in Figure 2 scatter panels
gene_point	ENSG00000157778	PSMG3	0.0514671379264539	-0.283770480946228	0.0094514583199654					point used in Figure 2 scatter panels
gene_point	ENSG00000138663	COPS4	0.0713213926890127	0.282193416043427	0.0546725046751568					point used in Figure 2 scatter panels
gene_point	ENSG00000101191	DIDO1	0.669392743644718	0.769603725532074	-0.3264249909859487					point used in Figure 2 scatter panels
gene_point	ENSG00000057935	MTA3	-0.0043710567420111	-0.0613180703785843	-0.1868596978654402					point used in Figure 2 scatter panels
gene_point	ENSG00000126254	RBM42	0.0173261765403123	0.206922960739999	-0.0751058122511523					point used in Figure 2 scatter panels
gene_point	ENSG00000166847	DCTN5	-0.250192601443873	-0.23082377555603	-0.0748430462551486					point used in Figure 2 scatter panels
gene_point	ENSG00000197771	MCMBP	0.117007234199872	0.193827756836407	-0.2351260912584294					point used in Figure 2 scatter panels
gene_point	ENSG00000137692	DCUN1D5	0.0800254855952297	-0.0145362060977316	-0.3305823177060301					point used in Figure 2 scatter panels
gene_point	ENSG00000143401	ANP32E	-0.153385305974966	0.242907083338877	0.0800393823926413					point used in Figure 2 scatter panels
gene_point	ENSG00000137269	LRRC1	-0.125288795202614	-0.0995892026969395	0.0642807804061291					point used in Figure 2 scatter panels
gene_point	ENSG00000155252	PI4K2A	0.660870766930818	0.755220817439556	0.0042226774771805					point used in Figure 2 scatter panels
gene_point	ENSG00000170876	TMEM43	-0.0240207807772812	0.135179979989048	-0.0701080959386679					point used in Figure 2 scatter panels
gene_point	ENSG00000235173	HGH1	-0.0357144276590312	0.104448783116204	0.0589787034083784					point used in Figure 2 scatter panels
gene_point	ENSG00000100258	LMF2	0.312382320305782	0.338851939218731	-0.6929582046651266					point used in Figure 2 scatter panels
gene_point	ENSG00000178057	NDUFAF3	0.241419279733147	0.288598706435962	0.1655307857871832					point used in Figure 2 scatter panels
gene_point	ENSG00000138092	CENPO	-0.0806712145858836	0.0079046276112994	-0.1877191331935694					point used in Figure 2 scatter panels
gene_point	ENSG00000129932	DOHH	0.218639969373161	0.132056186361131	0.0201792047144842					point used in Figure 2 scatter panels
gene_point	ENSG00000135070	ISCA1	-0.0590124721463665	-0.344026805085825	-0.3645250468640366					point used in Figure 2 scatter panels
gene_point	ENSG00000176014	TUBB6	0.0902962535324948	-0.0246960666520905	0.0450867249219726					point used in Figure 2 scatter panels
gene_point	ENSG00000105323	HNRNPUL1	0.0729584902094657	-0.184237777130654	-0.1112763434126549					point used in Figure 2 scatter panels
gene_point	ENSG00000170791	CHCHD7	0.209191824146118	0.104166059073228	0.5834905399536794					point used in Figure 2 scatter panels
gene_point	ENSG00000114209	PDCD10	-0.216363246279772	-0.118861242245769	-0.0456916421619695					point used in Figure 2 scatter panels
gene_point	ENSG00000136986	DERL1	0.393301386938346	0.629338301222301	-0.1161918588460331					point used in Figure 2 scatter panels
gene_point	ENSG00000109854	HTATIP2	0.155740650132745	0.33777421830934	0.074822214414457					point used in Figure 2 scatter panels
gene_point	ENSG00000174243	DDX23	-0.257745580393321	-0.274276635958762	-0.0219824871525062					point used in Figure 2 scatter panels
gene_point	ENSG00000141499	WRAP53	0.0127222281987418	0.338474621809017	0.3401408917955741					point used in Figure 2 scatter panels
gene_point	ENSG00000184831	APOO	0.268701221820729	0.371974439459784	0.0026732939062092					point used in Figure 2 scatter panels
gene_point	ENSG00000164039	BDH2	-0.0294122379697133	0.213349139697895	0.0751288547712292					point used in Figure 2 scatter panels
gene_point	ENSG00000037757	MRI1	-0.0056168482726665	0.0807904129316043	-0.0496356419266792					point used in Figure 2 scatter panels
gene_point	ENSG00000065268	WDR18	0.201346297472003	0.428422814716034	0.0163115282426815					point used in Figure 2 scatter panels
gene_point	ENSG00000118640	VAMP8	0.172774868206036	0.149169993111097	0.1870275816860029					point used in Figure 2 scatter panels
gene_point	ENSG00000134077	THUMPD3	-0.975413388226956	-1.24774988159524	-0.1875526578268402					point used in Figure 2 scatter panels
gene_point	ENSG00000070423	RNF126	0.356338437723931	-0.26385440629462	0.6777089116756301					point used in Figure 2 scatter panels
gene_point	ENSG00000116353	MECR	0.0450239337351927	0.11675394946888	-0.0797051700282835					point used in Figure 2 scatter panels
gene_point	ENSG00000127774	EMC6	-0.139101880118293	-0.199665395810985	-0.0553212166998484					point used in Figure 2 scatter panels
gene_point	ENSG00000148335	NTMT1	0.0580480461396099	0.0408141425780036	0.0344608656386569					point used in Figure 2 scatter panels
gene_point	ENSG00000136982	DSCC1	-0.266426545147664	-0.869536696564009	-7.693198031577355					point used in Figure 2 scatter panels
gene_point	ENSG00000167965	MLST8	0.299064074585652	-0.0427649865877989	0.5564390273375892					point used in Figure 2 scatter panels
gene_point	ENSG00000110108	TMEM109	0.135691609995741	0.43119603193152	-0.1037991425825204					point used in Figure 2 scatter panels
gene_point	ENSG00000102390	PBDC1	-0.388218741751144	-0.238060020441191	-0.000939982137222					point used in Figure 2 scatter panels
gene_point	ENSG00000156697	UTP14A	-0.373865352871232	-0.0299104323419813	-0.0791104838148513					point used in Figure 2 scatter panels
gene_point	ENSG00000184840	TMED9	0.290897076599264	0.491921090936492	-0.0787384951880696					point used in Figure 2 scatter panels
gene_point	ENSG00000166171	DPCD	0.0841603637980759	0.0765778304646912	-0.3663906310316207					point used in Figure 2 scatter panels
gene_point	ENSG00000163938	GNL3	0.107106349980024	0.35130667842856	0.1475531102808709					point used in Figure 2 scatter panels
gene_point	ENSG00000058729	RIOK2	-1.2888315103477	-0.775701562254975	0.0308023955273313					point used in Figure 2 scatter panels
gene_point	ENSG00000075336	TIMM21	-0.0842662721376916	-0.267117023000993	-0.1397513511293233					point used in Figure 2 scatter panels
gene_point	ENSG00000125450	NUP85	-0.104962607363967	0.187283391013844	0.0449314334937689					point used in Figure 2 scatter panels
gene_point	ENSG00000066322	ELOVL1	0.148299948294643	0.172948183169058	-0.3298666294197048					point used in Figure 2 scatter panels
gene_point	ENSG00000130311	DDA1	0.349557369043141	0.324426034689477	0.0015143175481497					point used in Figure 2 scatter panels
gene_point	ENSG00000149929	HIRIP3	0.434235469728407	0.256009492006156	-0.0295403654838075					point used in Figure 2 scatter panels
gene_point	ENSG00000146066	HIGD2A	0.475509494349128	0.415406623571731	-0.1862980093191595					point used in Figure 2 scatter panels
gene_point	ENSG00000100360	IFT27	0.176998409589123	0.213095828848878	0.1275313863226284					point used in Figure 2 scatter panels
gene_point	ENSG00000170502	NUDT9	-0.155738674326013	0.193889014978735	0.3040892335569669					point used in Figure 2 scatter panels
gene_point	ENSG00000143374	TARS2	-0.163921355717839	-0.0703585144302095	-0.0797613526984015					point used in Figure 2 scatter panels
gene_point	ENSG00000120437	ACAT2	0.308956740257142	0.511088642136464	0.0184585466194562					point used in Figure 2 scatter panels
gene_point	ENSG00000214022	REPIN1	0.224658493257727	-0.483532595865772	0.3234607175348323					point used in Figure 2 scatter panels
gene_point	ENSG00000173933	RBM4	0.58049980582165	0.60243281966046	0.449665687104801					point used in Figure 2 scatter panels
gene_point	ENSG00000103932	RPAP1	-0.808426554382912	-1.26662797626603	-0.199218579286839					point used in Figure 2 scatter panels
gene_point	ENSG00000169976	SF3B5	0.222403435326096	0.327810955013107	0.0307091641456125					point used in Figure 2 scatter panels
gene_point	ENSG00000107819	SFXN3	0.165002835846911	0.299151286251176	-0.1001367816946725					point used in Figure 2 scatter panels
gene_point	ENSG00000177830	CHID1	0.173739861564521	0.367651139147792	0.0114789016144101					point used in Figure 2 scatter panels
gene_point	ENSG00000163798	SLC4A1AP	-0.0811563593133584	0.0961354834242008	0.1855769511638438					point used in Figure 2 scatter panels
gene_point	ENSG00000149657	LSM14B	-0.19724423942788	-0.631354300761999	-0.4058029979484701					point used in Figure 2 scatter panels
gene_point	ENSG00000137133	HINT2	-0.0029124000485583	0.0982132458598879	-0.0171456503358768					point used in Figure 2 scatter panels
gene_point	ENSG00000132357	CARD6	-0.114471068882212	0.321301922674827	0.244453738122738					point used in Figure 2 scatter panels
gene_point	ENSG00000144909	OSBPL11	0.309471494620625	0.38642935756328	0.0746900725376811					point used in Figure 2 scatter panels
gene_point	ENSG00000099992	TBC1D10A	-1.08534393103278	-0.830923421135554	0.333868692081829					point used in Figure 2 scatter panels
gene_point	ENSG00000164134	NAA15	-0.232226599531098	0.415385483995385	-0.0436083209413311					point used in Figure 2 scatter panels
gene_point	ENSG00000129911	KLF16	0.329429729082077	0.134248779464495	-0.7702781257458664					point used in Figure 2 scatter panels
gene_point	ENSG00000099968	BCL2L13	-0.14135934158565	-0.669768745429471	-0.0024951393573715					point used in Figure 2 scatter panels
gene_point	ENSG00000087087	SRRT	0.696574161719452	0.927100851824889	0.1812174152615178					point used in Figure 2 scatter panels
gene_point	ENSG00000213339	QTRT1	0.111288115745917	0.366582628062878	-0.0487197211360879					point used in Figure 2 scatter panels
gene_point	ENSG00000072958	AP1M1	-0.201279384200357	-0.299181284604208	0.0284453668185769					point used in Figure 2 scatter panels
gene_point	ENSG00000141447	OSBPL1A	0.047586156594098	0.0019547588751993	-0.1714955093692456					point used in Figure 2 scatter panels
gene_point	ENSG00000144554	FANCD2	-0.154206827484351	-0.066107349179522	-0.1457066907936344					point used in Figure 2 scatter panels
gene_point	ENSG00000198042	MAK16	-1.21219831782687	-1.65884781265696	-0.2772934167898384					point used in Figure 2 scatter panels
gene_point	ENSG00000125877	ITPA	0.109570401274946	0.268262781558685	-0.0745050585424564					point used in Figure 2 scatter panels
gene_point	ENSG00000144895	EIF2A	-0.0066355971336748	0.332814967543465	-0.038302387652358					point used in Figure 2 scatter panels
gene_point	ENSG00000100227	POLDIP3	-0.186863878239269	0.0090635525628927	-0.2296053966904772					point used in Figure 2 scatter panels
gene_point	ENSG00000197077	KIAA1671	-0.0105996732007485	-0.0339933590461912	-0.3515710353170078					point used in Figure 2 scatter panels
gene_point	ENSG00000185838	GNB1L	0.0233660737651503	0.443305199761266	-0.0539785886608896					point used in Figure 2 scatter panels
gene_point	ENSG00000033170	FUT8	0.0750029047246922	-0.283821036185036						point used in Figure 2 scatter panels
gene_point	ENSG00000172172	MRPL13	0.235325728010946	0.304082021492452	0.0124534341795552					point used in Figure 2 scatter panels
gene_point	ENSG00000143436	MRPL9	-0.0809641648511686	-0.180662488315172	0.0160442786096517					point used in Figure 2 scatter panels
gene_point	ENSG00000105364	MRPL4	0.156017000255512	0.0111370829879475	-0.0510498358646849					point used in Figure 2 scatter panels
gene_point	ENSG00000169288	MRPL1	-0.246092200452545	-0.0789117548104063	0.0333781708374587					point used in Figure 2 scatter panels
gene_point	ENSG00000155438	NIFK	-0.622095856000466	-0.626343490744215	-0.0868890006501104					point used in Figure 2 scatter panels
gene_point	ENSG00000130589	HELZ2	-0.560624752003895	-0.441065711296863	0.0853810684427198					point used in Figure 2 scatter panels
gene_point	ENSG00000271303	SRXN1	-0.356097717993469	-0.462850149625327	0.302554377649491					point used in Figure 2 scatter panels
gene_point	ENSG00000123213	NLN	-0.132939587186423	0.0019126977301054	0.0654697652294196					point used in Figure 2 scatter panels
gene_point	ENSG00000106477	CEP41	-0.068965862404117	0.0807948888862214	0.0383483080111712					point used in Figure 2 scatter panels
gene_point	ENSG00000095383	TBC1D2	-0.302954738957187	-0.62231731329523	-0.1613266581468728					point used in Figure 2 scatter panels
gene_point	ENSG00000125779	PANK2	0.440468405694212	0.238067394073289	-0.8127181210241972					point used in Figure 2 scatter panels
gene_point	ENSG00000126391	FRMD8	-0.280238873443226	-0.182735887526208	0.055903569850308					point used in Figure 2 scatter panels
gene_point	ENSG00000143228	NUF2	-0.559690262198249	-0.194151016508039	0.4876099863303906					point used in Figure 2 scatter panels
gene_point	ENSG00000116221	MRPL37	0.0717704855597167	-0.191868566479182	-0.0838788701384771					point used in Figure 2 scatter panels
gene_point	ENSG00000107937	GTPBP4	-0.258755745842134	-0.0131596142098335	0.0149205413291504					point used in Figure 2 scatter panels
gene_point	ENSG00000169696	ASPSCR1	0.141725600741991	0.195635568887619	-0.0388846845269164					point used in Figure 2 scatter panels
gene_point	ENSG00000091039	OSBPL8	-0.131200115286083	0.245367904373094	-0.4202478862498005					point used in Figure 2 scatter panels
gene_point	ENSG00000137831	UACA	-0.425076396525437	-0.188395059701775	0.0586381383611822					point used in Figure 2 scatter panels
gene_point	ENSG00000108963	DPH1	-0.0422593690577589	-0.0112484142760451	-0.4674641832367587					point used in Figure 2 scatter panels
gene_point	ENSG00000120008	WDR11	-0.0074352629017724	0.258584124682844	-0.2269730023180383					point used in Figure 2 scatter panels
gene_point	ENSG00000101343	CRNKL1	-0.41436620997783	-0.156453688027092	-0.0708402614481542					point used in Figure 2 scatter panels
gene_point	ENSG00000177565	TBL1XR1	0.100709425731602	0.460116897509243	0.1514478052928076					point used in Figure 2 scatter panels
gene_point	ENSG00000125503	PPP1R12C	0.430924286029104	-1.04606834219387	0.1820895758306697					point used in Figure 2 scatter panels
gene_point	ENSG00000105287	PRKD2	-0.700375222257323	-1.0880253420693	-0.141415648407353					point used in Figure 2 scatter panels
gene_point	ENSG00000167671	UBXN6	0.194154151295812	-1.32844058846264	-0.2846937072904296					point used in Figure 2 scatter panels
gene_point	ENSG00000166181	API5	-0.101331043706528	0.167361225112402	0.0119247046315429					point used in Figure 2 scatter panels
gene_point	ENSG00000162961	DPY30	0.273488594578359	0.114075373874867	0.011733588203036					point used in Figure 2 scatter panels
gene_point	ENSG00000132256	TRIM5	0.0304981506860879	0.0128839235067102	-0.3378955125417935					point used in Figure 2 scatter panels
gene_point	ENSG00000132478	UNK	-0.499702101691144	-1.51155852186197	0.0097113377682998					point used in Figure 2 scatter panels
gene_point	ENSG00000140718	FTO	0.0179584698479082	0.279573238046265	-0.0301114752799236					point used in Figure 2 scatter panels
gene_point	ENSG00000156599	ZDHHC5	-0.0124677248516656	-0.167381606189273	-0.1725169363283178					point used in Figure 2 scatter panels
gene_point	ENSG00000175931	UBE2O	-0.486445706986818	-0.325407073121267	-0.0347742530038708					point used in Figure 2 scatter panels
gene_point	ENSG00000115183	TANC1	-0.309084571796354	-0.277789478818283	-0.7732626306064674					point used in Figure 2 scatter panels
gene_point	ENSG00000132953	XPO4	-0.234473626512201	-0.0078493542649989	0.0019474048940963					point used in Figure 2 scatter panels
gene_point	ENSG00000150712	MTMR12	-0.185193138250003	-0.435286286678364	0.3142083682080052					point used in Figure 2 scatter panels
gene_point	ENSG00000136709	WDR33	-0.333061807979229	-0.126190133346153	-0.2497038725624918					point used in Figure 2 scatter panels
gene_point	ENSG00000123095	BHLHE41	-0.75980405700718	-0.434038170924935	0.7709689233670272					point used in Figure 2 scatter panels
gene_point	ENSG00000138442	WDR12	-0.204219942478307	-0.19584638972869	-0.0049983661623755					point used in Figure 2 scatter panels
gene_point	ENSG00000137207	YIPF3	0.160369830355358	0.317626690660778	-0.533743053127667					point used in Figure 2 scatter panels
gene_point	ENSG00000142910	TINAGL1	0.319533354750116	-0.236850357060699	-0.2346802008067428					point used in Figure 2 scatter panels
gene_point	ENSG00000057757	PITHD1	0.302811458814436	0.202427362804386	0.0175818932814912					point used in Figure 2 scatter panels
gene_point	ENSG00000072849	DERL2	-0.115331637151075	0.15635930899181	-0.2263556342437986					point used in Figure 2 scatter panels
gene_point	ENSG00000137054	POLR1E	-0.421900926624308	-0.487390029657593	-0.0830845669535484					point used in Figure 2 scatter panels
gene_point	ENSG00000119705	SLIRP	0.329321846500859	0.387106580042605	0.0054948876526275					point used in Figure 2 scatter panels
gene_point	ENSG00000167720	SRR	-0.0252756361175262	-0.207457239748886	-0.5280891144078215					point used in Figure 2 scatter panels
gene_point	ENSG00000196290	NIF3L1	-0.664673534116248	-0.727929834107891	0.0678446521305851					point used in Figure 2 scatter panels
gene_point	ENSG00000135766	EGLN1	0.329327052486761	0.0808505795631136	-0.9923005653295024					point used in Figure 2 scatter panels
gene_point	ENSG00000168958	MFF	0.0840339893604377	-0.622457086873588	-0.3716583402565181					point used in Figure 2 scatter panels
gene_point	ENSG00000121579	NAA50	-0.0303601433626205	0.5696809718372	0.1784948180299466					point used in Figure 2 scatter panels
gene_point	ENSG00000081307	UBA5	-0.180867615901165	0.168851677373638	0.0303729720804959					point used in Figure 2 scatter panels
gene_point	ENSG00000075975	MKRN2	-0.156024856451238	0.0741386313458744	0.6267099281469513					point used in Figure 2 scatter panels
gene_point	ENSG00000107902	LHPP	0.0506784712113985	0.0269157069806857	-0.3692013240386664					point used in Figure 2 scatter panels
gene_point	ENSG00000117640	MTFR1L	0.209756785399635	-0.115730515322181	2.8570342777280633					point used in Figure 2 scatter panels
gene_point	ENSG00000171202	TMEM126A	-0.0747930117570247	-0.25136463400153	0.052374147094186					point used in Figure 2 scatter panels
gene_point	ENSG00000172239	PAIP1	-0.0424651334770006	-0.38776965624182	-0.1302073647808299					point used in Figure 2 scatter panels
gene_point	ENSG00000162129	CLPB	-0.0550188424947714	0.144159401653839	0.255001466363506					point used in Figure 2 scatter panels
gene_point	ENSG00000134152	KATNBL1	-0.523856034657042	-1.4225150127366	-0.8879505821871163					point used in Figure 2 scatter panels
gene_point	ENSG00000172007	RAB33B	-0.781683794297843	-1.30663722549149	0.1271176327194432					point used in Figure 2 scatter panels
gene_point	ENSG00000041802	LSG1	-0.481428199362838	-0.351607600454572	0.0927162195002537					point used in Figure 2 scatter panels
gene_point	ENSG00000065809	FAM107B	0.987416146838257	0.378147806163279	1.2747162567131571					point used in Figure 2 scatter panels
gene_point	ENSG00000135372	NAT10	-0.402802729072988	-0.301373574450466	-0.1884254745480191					point used in Figure 2 scatter panels
gene_point	ENSG00000174996	KLC2	0.119097078125824	-0.367020699145939	0.3413163376976804					point used in Figure 2 scatter panels
gene_point	ENSG00000132323	ILKAP	0.0046767399197994	-0.209756913009093	0.0707359961310487					point used in Figure 2 scatter panels
gene_point	ENSG00000088930	XRN2	0.0696607450737007	0.381795288451775	-0.0205613959335977					point used in Figure 2 scatter panels
gene_point	ENSG00000179526	SHARPIN	0.270284660858451	-0.0801898883814316	-0.6477338045655259					point used in Figure 2 scatter panels
gene_point	ENSG00000161800	RACGAP1	-0.130426426631657	0.184045405435706	-0.2170082000534137					point used in Figure 2 scatter panels
gene_point	ENSG00000177613	CSTF2T	-2.78471357549055	-3.46863394609678	-0.2190893488559364					point used in Figure 2 scatter panels
gene_point	ENSG00000123124	WWP1	-0.235749238458548	-1.18931513636528	-0.3539312904211744					point used in Figure 2 scatter panels
gene_point	ENSG00000122643	NT5C3A	-0.0871878038143795	0.227884328452947	-0.0212456147991257					point used in Figure 2 scatter panels
gene_point	ENSG00000053770	AP5M1	-0.72012271253875	-1.06908840023796	-0.0123340123285871					point used in Figure 2 scatter panels
gene_point	ENSG00000167220	HDHD2	0.0263906824795364	-0.0963122684910216	0.1410974069040751					point used in Figure 2 scatter panels
gene_point	ENSG00000213782	DDX47	0.0512051980881031	0.269358191580553	-0.0217926097298288					point used in Figure 2 scatter panels
gene_point	ENSG00000102158	MAGT1	0.0144500988653135	0.368042670783549	0.0650337366673952					point used in Figure 2 scatter panels
gene_point	ENSG00000174903	RAB1B	0.284806661979745	0.280270733655893	-0.0465003616026571					point used in Figure 2 scatter panels
gene_point	ENSG00000114988	LMAN2L	0.120499622669119	0.433641313872346	-0.0730507861796745					point used in Figure 2 scatter panels
gene_point	ENSG00000101457	DNTTIP1	-0.379309663369468	-0.356942558720422	-0.1757831236694969					point used in Figure 2 scatter panels
gene_point	ENSG00000172350	ABCG4	-0.191078764490082	0.438946805578299	-0.2757153931086549					point used in Figure 2 scatter panels
gene_point	ENSG00000153107	ANAPC1	-0.0581941469318273	0.144589338362928	0.0328159482184258					point used in Figure 2 scatter panels
gene_point	ENSG00000119669	IRF2BPL	0.880254765765696	0.936494466603823	-0.0522514214977221					point used in Figure 2 scatter panels
gene_point	ENSG00000110057	UNC93B1	0.132626370732168	0.110063582154543	-0.522440492441552					point used in Figure 2 scatter panels
gene_point	ENSG00000132664	POLR3F	-0.973544571984095	-1.23719255052602	-0.0205219208930991					point used in Figure 2 scatter panels
gene_point	ENSG00000069275	NUCKS1	-0.204257904571955	0.0452563120950804	-0.7377101574832938					point used in Figure 2 scatter panels
gene_point	ENSG00000136003	ISCU	0.102033730040683	-0.327701612482712	-0.0812748287378219					point used in Figure 2 scatter panels
gene_point	ENSG00000130703	OSBPL2	-0.131779095371846	-0.258361808777357	0.6114187637221704					point used in Figure 2 scatter panels
gene_point	ENSG00000101940	WDR13	0.0470070636777326	0.16072964867701	0.2766230633617415					point used in Figure 2 scatter panels
gene_point	ENSG00000103966	EHD4	0.179230341134934	0.379863758836514	-0.0062216360156028					point used in Figure 2 scatter panels
gene_point	ENSG00000184056	VPS33B	-0.587782174300161	-0.512481653967831	-0.0979394298987177					point used in Figure 2 scatter panels
gene_point	ENSG00000142669	SH3BGRL3	0.355523072754502	0.413206731473745	-0.0286381701200468					point used in Figure 2 scatter panels
gene_point	ENSG00000261609	GAN	-0.0361956377445819	-0.455354539676562	0.5360983768958452					point used in Figure 2 scatter panels
gene_point	ENSG00000100106	TRIOBP	-0.528123521029493	-2.02263620251245	-0.1073330893528421					point used in Figure 2 scatter panels
gene_point	ENSG00000065613	SLK	-0.435428476147866	0.0137562422800098	-0.1243738571697257					point used in Figure 2 scatter panels
gene_point	ENSG00000240344	PPIL3	0.0813881007233544	0.005738451047084	-0.2620415548151413					point used in Figure 2 scatter panels
gene_point	ENSG00000135090	TAOK3	0.0828998398504215	-0.120589439342544	-0.2279080980311114					point used in Figure 2 scatter panels
gene_point	ENSG00000118873	RAB3GAP2	-0.630140593281926	-0.433939568313283	-0.0003798001310464					point used in Figure 2 scatter panels
gene_point	ENSG00000101126	ADNP	0.034992410179923	0.193061887002771	-0.1895187433293799					point used in Figure 2 scatter panels
gene_point	ENSG00000138777	PPA2	0.162174602199512	0.184726240240487	-0.007773953081962					point used in Figure 2 scatter panels
gene_point	ENSG00000169682	SPNS1	0.0456694333660322	0.277002190136671	-0.657296062690186					point used in Figure 2 scatter panels
gene_point	ENSG00000259494	MRPL46	-0.900745595284351	-1.13403533976229	0.0155107048034075					point used in Figure 2 scatter panels
gene_point	ENSG00000100941	PNN	0.131123670962869	0.759115632983421	0.4119222266519635					point used in Figure 2 scatter panels
gene_point	ENSG00000106771	TMEM245	0.0618641683926302	0.184519054318984	0.0480345076297314					point used in Figure 2 scatter panels
gene_point	ENSG00000151846	PABPC3	0.631461441477345	-0.647175595979074	0.064596140000777					point used in Figure 2 scatter panels
gene_point	ENSG00000073282	TP63	-0.0906959812068084	0.169508544230326	-0.3973277400203301					point used in Figure 2 scatter panels
gene_point	ENSG00000165678	GHITM	0.0810568335685641	0.226504456826887	0.4779311592979063					point used in Figure 2 scatter panels
gene_point	ENSG00000265972	TXNIP	-2.19399883967458	-1.82218361902106	0.4987856175407685					point used in Figure 2 scatter panels
gene_point	ENSG00000139921	TMX1	0.0270971893910836	0.264415633949329	-0.3244645595960342					point used in Figure 2 scatter panels
gene_point	ENSG00000185049	NELFA	0.0734068815533805	-0.0097171101820812	-0.2572172838927322					point used in Figure 2 scatter panels
gene_point	ENSG00000182827	ACBD3	-0.0459794067588932	0.31785314970681	-0.0442360535300103					point used in Figure 2 scatter panels
gene_point	ENSG00000179604	CDC42EP4	1.04917535028897	0.573873773424704	0.039126788516679					point used in Figure 2 scatter panels
gene_point	ENSG00000153044	CENPH	0.0502172799870541	-0.093962810588599	-0.2397143849013812					point used in Figure 2 scatter panels
gene_point	ENSG00000076201	PTPN23	0.214352661054738	0.143906303696458	-0.1069929154777042					point used in Figure 2 scatter panels
gene_point	ENSG00000140553	UNC45A	0.0948204052218633	0.421969838213131	0.1730682661244245					point used in Figure 2 scatter panels
gene_point	ENSG00000125534	PPDPF	0.29110292425178	-1.14920896377347	0.3562476299545434					point used in Figure 2 scatter panels
gene_point	ENSG00000101152	DNAJC5	-0.0894075709147836	-0.497026049157997	-0.4610675245364177					point used in Figure 2 scatter panels
gene_point	ENSG00000149636	DSN1	-0.134922473156996	0.0259530101006844	0.1491490505779467					point used in Figure 2 scatter panels
gene_point	ENSG00000101421	CHMP4B	0.215629694829096	0.0453170952831361	-0.1996563614958191					point used in Figure 2 scatter panels
gene_point	ENSG00000101346	POFUT1	0.0053296995212598	0.0630768181367017	-0.1306092227884185					point used in Figure 2 scatter panels
gene_point	ENSG00000060237	WNK1	0.108140300422354	0.0932905713542459	0.2384194313510601					point used in Figure 2 scatter panels
gene_point	ENSG00000176393	RNPEP	0.15515582142492	0.487477335970377	-0.0444096322753466					point used in Figure 2 scatter panels
gene_point	ENSG00000143457	GOLPH3L	-0.995468005475912	-0.867465173347622	-0.1753750852518152					point used in Figure 2 scatter panels
gene_point	ENSG00000113384	GOLPH3	0.147819002991294	-0.143771767963381	-0.1687490375991061					point used in Figure 2 scatter panels
gene_point	ENSG00000151748	SAV1	0.512475783445998	0.281978693487128	-0.3749603036266631					point used in Figure 2 scatter panels
gene_point	ENSG00000023892	DEF6	-0.0358884079033461	-0.0098017247815341	-0.1911794967584086					point used in Figure 2 scatter panels
gene_point	ENSG00000088367	EPB41L1	0.0822587958752838	-0.1226845870057	-0.0680833801687335					point used in Figure 2 scatter panels
gene_point	ENSG00000170638	TRABD	-0.0445851183097092	-0.640006518974099	0.081292882875827					point used in Figure 2 scatter panels
gene_point	ENSG00000161956	SENP3	-0.0427307219112017	-0.497503127695565	-0.1534481711354338					point used in Figure 2 scatter panels
gene_point	ENSG00000070882	OSBPL3	0.14606511435883	0.12853595891563	0.1413966410666347					point used in Figure 2 scatter panels
gene_point	ENSG00000163104	SMARCAD1	-0.910146101635097	-0.584824694803626	0.5720850958849173					point used in Figure 2 scatter panels
gene_point	ENSG00000110047	EHD1	0.885390766833393	1.0472075301147	0.0558713896090239					point used in Figure 2 scatter panels
gene_point	ENSG00000181852	RNF41	-0.757190999935211	-1.43474615478536	0.6556313680827763					point used in Figure 2 scatter panels
gene_point	ENSG00000100982	PCIF1	0.0250214499950719	-0.605850242118842	-0.0700360762347784					point used in Figure 2 scatter panels
gene_point	ENSG00000089048	ESF1	-1.33247941745389	-0.785572589095612	0.4656234049539574					point used in Figure 2 scatter panels
gene_point	ENSG00000119523	ALG2	-0.612095132716056	-0.541483894891561	0.0701960250607527					point used in Figure 2 scatter panels
gene_point	ENSG00000119285	HEATR1	-0.254935076215101	0.0613809389720769	-0.0863814907618127					point used in Figure 2 scatter panels
gene_point	ENSG00000177548	RABEP2	0.271449976511444	-0.049623574746714	0.1947144885661504					point used in Figure 2 scatter panels
gene_point	ENSG00000162851	TFB2M	0.22142598374997	0.437512345901665	0.1852456589684976					point used in Figure 2 scatter panels
gene_point	ENSG00000163814	CDCP1	0.276602218549517	-0.119825983876921	0.0389792270809934					point used in Figure 2 scatter panels
gene_point	ENSG00000149016	TUT1	-1.50556228601921	-1.1212681942454	0.2653433196224579					point used in Figure 2 scatter panels
gene_point	ENSG00000110104	CCDC86	0.923894821429317	1.06130730205812	0.3504034576662036					point used in Figure 2 scatter panels
gene_point	ENSG00000165271	NOL6	-0.13425796773002	-0.012074564072637	-0.2213945017219991					point used in Figure 2 scatter panels
gene_point	ENSG00000047188	YTHDC2	-0.198207291883944	0.32698338237336	-0.5192247027419974					point used in Figure 2 scatter panels
gene_point	ENSG00000177106	EPS8L2	0.170635928027243	0.0405521360649926	-0.1813594351202851					point used in Figure 2 scatter panels
gene_point	ENSG00000103067	ESRP2	-0.241047590068588	-0.560588879373434	-0.1889896318297914					point used in Figure 2 scatter panels
gene_point	ENSG00000005175	RPAP3	0.02063168304357	0.438049433741227	0.1518111056412543					point used in Figure 2 scatter panels
gene_point	ENSG00000118961	LDAH	0.0821991679189602	-0.0408968404974365	0.0681327806142917					point used in Figure 2 scatter panels
gene_point	ENSG00000120314	WDR55	-0.330191403159039	-0.378770804735634	-0.1419989511761521					point used in Figure 2 scatter panels
gene_point	ENSG00000108523	RNF167	0.279385209950773	0.330793064142332	-1.266257806623095					point used in Figure 2 scatter panels
gene_point	ENSG00000031823	RANBP3	0.120478628773313	0.133053140211079	-0.020259557307078					point used in Figure 2 scatter panels
gene_point	ENSG00000179958	DCTPP1	0.179850963324517	0.327520233573396	-0.0800540896374677					point used in Figure 2 scatter panels
gene_point	ENSG00000104611	SH2D4A	-0.730498190463784	-0.616833951660024	0.0208011802977843					point used in Figure 2 scatter panels
gene_point	ENSG00000197498	RPF2	-0.527400696307346	-0.237047721579913	-0.0574178612018236					point used in Figure 2 scatter panels
gene_point	ENSG00000185420	SMYD3	0.186837078635615	0.169617021496913	0.0109722796073441					point used in Figure 2 scatter panels
gene_point	ENSG00000147459	DOCK5	-0.0580743533594406	-0.602035811003018	-0.2366132330994421					point used in Figure 2 scatter panels
gene_point	ENSG00000162923	WDR26	0.147095897489885	0.257229695775615	0.035351022612744					point used in Figure 2 scatter panels
gene_point	ENSG00000126461	SCAF1	-0.318701663834566	-0.937596841368999	0.2652539241570331					point used in Figure 2 scatter panels
gene_point	ENSG00000103510	KAT8	0.0862511482696777	-0.0038313629897012	0.2194764085618086					point used in Figure 2 scatter panels
gene_point	ENSG00000148334	PTGES2	0.126046571619673	0.0475541962944003	0.0581895950979607					point used in Figure 2 scatter panels
gene_point	ENSG00000164902	PHAX	-0.77547454231299	-0.251605357295436	-0.4468957236985016					point used in Figure 2 scatter panels
gene_point	ENSG00000159202	UBE2Z	-0.0332030242265557	0.240898771746146	0.4551528076365905					point used in Figure 2 scatter panels
gene_point	ENSG00000177646	ACAD9	0.0006145904789057	-0.0075517435341837	-0.0269053594602581					point used in Figure 2 scatter panels
gene_point	ENSG00000153561	RMND5A	0.368422936066264	0.35162628254381	-0.2052786121121634					point used in Figure 2 scatter panels
gene_point	ENSG00000120159	CAAP1	-0.393474993770781	-0.568430298155677	0.3892323370966526					point used in Figure 2 scatter panels
gene_point	ENSG00000125485	DDX31	-0.424482802244394	-0.304343769740005	-0.1045757277357566					point used in Figure 2 scatter panels
gene_point	ENSG00000128039	SRD5A3	-0.0450806206162708	-0.187224792295849	0.0396102568805645					point used in Figure 2 scatter panels
gene_point	ENSG00000114346	ECT2	0.355756487747539	0.905536269426385	-0.0996017182837381					point used in Figure 2 scatter panels
gene_point	ENSG00000163516	ANKZF1	-1.37931374922818	-1.58987872906326	0.0373903280056246					point used in Figure 2 scatter panels
gene_point	ENSG00000115806	GORASP2	-0.129866468438164	-0.320389040644047	0.0124533478233956					point used in Figure 2 scatter panels
gene_point	ENSG00000177542	SLC25A22	-0.069354092945671	-0.001049828652078	0.0198917598531522					point used in Figure 2 scatter panels
gene_point	ENSG00000124641	MED20	-0.388729879314253	-0.188749008467655	-0.0406730951888469					point used in Figure 2 scatter panels
gene_point	ENSG00000066557	LRRC40	-0.223129342340644	0.235119963451817	-0.2067584173190795					point used in Figure 2 scatter panels
gene_point	ENSG00000178966	RMI1	-0.973529309451984	-0.834067406879867	-0.2696196723669821					point used in Figure 2 scatter panels
gene_point	ENSG00000181090	EHMT1	-0.624884221423489	-0.88085948893333	0.0517114118087675					point used in Figure 2 scatter panels
gene_point	ENSG00000164466	SFXN1	-0.064963428801644	-0.0273389619655664	-0.0161356486166539					point used in Figure 2 scatter panels
gene_point	ENSG00000103051	COG4	0.16519955225492	0.350162101997275	-0.0244814318798205					point used in Figure 2 scatter panels
gene_point	ENSG00000101442	ACTR5	-0.317156853395572	0.0364801573317645	0.1613017169065838					point used in Figure 2 scatter panels
gene_point	ENSG00000139722	VPS37B	0.301605976359745	0.549245669002179	-0.0229431804285802					point used in Figure 2 scatter panels
gene_point	ENSG00000135900	MRPL44	-0.115934557742535	0.256374978463203	-0.0802249217296839					point used in Figure 2 scatter panels
gene_point	ENSG00000087299	L2HGDH	-0.108995867467952	0.162106082764628	0.0282582966203968					point used in Figure 2 scatter panels
gene_point	ENSG00000144524	COPS7B	0.0518129498161351	-0.134133544654184	0.6497599619442109					point used in Figure 2 scatter panels
gene_point	ENSG00000187736	NHEJ1	0.0033514651422691	0.230997122427613	0.0006448282091788					point used in Figure 2 scatter panels
gene_point	ENSG00000134014	ELP3	-0.165497906708652	-0.16595880929988	-0.0263337247371282					point used in Figure 2 scatter panels
gene_point	ENSG00000125630	POLR1B	-0.855930867734264	-0.804721763983979	-0.3398572941093771					point used in Figure 2 scatter panels
gene_point	ENSG00000141560	FN3KRP	-0.0637557262540423	-0.0883500755315904	-0.3310040532585088					point used in Figure 2 scatter panels
gene_point	ENSG00000134905	CARS2	0.225245772350846	0.258708777997485	-0.0410850320561237					point used in Figure 2 scatter panels
gene_point	ENSG00000127125	PPCS	-0.241921999607812	-0.540680643345548	-0.048285656036386					point used in Figure 2 scatter panels
gene_point	ENSG00000173614	NMNAT1	-0.995407689357399	-1.22895193985036	-0.2204910958585557					point used in Figure 2 scatter panels
gene_point	ENSG00000108666	C17orf75	-0.425287682021137	-0.245963400013636	0.0780712726858787					point used in Figure 2 scatter panels
gene_point	ENSG00000151461	UPF2	0.0158685872976337	0.476011541350441	-0.0281109580734479					point used in Figure 2 scatter panels
gene_point	ENSG00000124571	XPO5	-0.107670725105995	-0.0158854177870745	-0.1681129045952225					point used in Figure 2 scatter panels
gene_point	ENSG00000109519	GRPEL1	0.151566301954611	0.523414724356742	0.3034310991886819					point used in Figure 2 scatter panels
gene_point	ENSG00000169499	PLEKHA2	-0.416516371366547	-0.810550377624912	-0.1189727035886161					point used in Figure 2 scatter panels
gene_point	ENSG00000107679	PLEKHA1	-0.428480072765519	-0.902114196074865	0.2266165911829247					point used in Figure 2 scatter panels
gene_point	ENSG00000121064	SCPEP1	0.148468025570304	0.551710514271386	-0.1782132751643175					point used in Figure 2 scatter panels
gene_point	ENSG00000116161	CACYBP	0.199058070752058	0.270687365084573	-0.114403247764006					point used in Figure 2 scatter panels
gene_point	ENSG00000240857	RDH14	0.221946043227133	-0.659606908467013	-0.3992827223063511					point used in Figure 2 scatter panels
gene_point	ENSG00000134851	TMEM165	0.180369116317078	-0.0403005442340263	-0.2079248539584668					point used in Figure 2 scatter panels
gene_point	ENSG00000143924	EML4	-0.251181320022247	-0.0572073529876068	-0.330066361197403					point used in Figure 2 scatter panels
gene_point	ENSG00000167699	GLOD4	-0.116890260879958	-0.0787641175593973	-0.0779029163054758					point used in Figure 2 scatter panels
gene_point	ENSG00000141570	CBX8	-0.668563490880523	-0.244827768621589	-0.1423926971835438					point used in Figure 2 scatter panels
gene_point	ENSG00000124160	NCOA5	-0.571017576684664	-0.351601056374149	0.1544295329039862					point used in Figure 2 scatter panels
gene_point	ENSG00000155363	MOV10	0.076734368241831	0.324632605538528	-0.218703611511895					point used in Figure 2 scatter panels
gene_point	ENSG00000163510	CWC22	-0.463991092152653	0.0803390451982353	-0.0644761798390618					point used in Figure 2 scatter panels
gene_point	ENSG00000174579	MSL2	0.14572330643622	0.0941576007318374						point used in Figure 2 scatter panels
gene_point	ENSG00000100888	CHD8	-0.648971808036264	-0.311855676125341	0.2336462952436733					point used in Figure 2 scatter panels
gene_point	ENSG00000128228	SDF2L1	0.183404845812218	0.191132615187618	0.0380348487971105					point used in Figure 2 scatter panels
gene_point	ENSG00000076924	XAB2	-0.276390468741986	0.195015261401848	-0.0867428916082602					point used in Figure 2 scatter panels
gene_point	ENSG00000138073	PREB	-0.0766542605354418	-0.227687787242216	-0.04897440749275					point used in Figure 2 scatter panels
gene_point	ENSG00000189334	S100A14	0.314219877758805	0.300888048763208	0.0920239479531908					point used in Figure 2 scatter panels
gene_point	ENSG00000213523	SRA1	0.00107772386709	0.176070361443693	-0.3218337086645793					point used in Figure 2 scatter panels
gene_point	ENSG00000136522	MRPL47	0.190281191791389	0.208667824733518	-0.046077170428699					point used in Figure 2 scatter panels
gene_point	ENSG00000214113	LYRM4	0.153362773288466	0.0422638351443152	-0.0709497740767233					point used in Figure 2 scatter panels
gene_point	ENSG00000131165	CHMP1A	0.0782585598133923	0.189094166571341	-0.2604502733025278					point used in Figure 2 scatter panels
gene_point	ENSG00000077147	TM9SF3	-0.245705373635681	-0.237246638796425	-0.3510274981235284					point used in Figure 2 scatter panels
gene_point	ENSG00000101474	APMAP	0.343946076773033	0.52403073547903	0.0832967542781766					point used in Figure 2 scatter panels
gene_point	ENSG00000184470	TXNRD2	0.139859098206195	0.426351321390552	0.2169088230337124					point used in Figure 2 scatter panels
gene_point	ENSG00000242247	ARFGAP3	0.136502549639251	0.199916943659298	-0.3463734636051789					point used in Figure 2 scatter panels
gene_point	ENSG00000140382	HMG20A	-0.0687118560292566	-0.123633726859283	-0.0559797927472978					point used in Figure 2 scatter panels
gene_point	ENSG00000099246	RAB18	-0.334811939494063	-0.313036595641531	-0.1944714972963623					point used in Figure 2 scatter panels
gene_point	ENSG00000101901	ALG13	0.0015150846630104	0.320572337283656						point used in Figure 2 scatter panels
gene_point	ENSG00000009844	VTA1	-0.173783587029477	0.0726139280090578	0.0698788545504065					point used in Figure 2 scatter panels
gene_point	ENSG00000112996	MRPS30	-0.422563627757891	-0.318571938127078	-0.1900401226772139					point used in Figure 2 scatter panels
gene_point	ENSG00000125971	DYNLRB1	0.425560486152236	0.347593655920311	0.1389071091335161					point used in Figure 2 scatter panels
gene_point	ENSG00000134153	EMC7	0.0777950067474052	0.134080310352395	0.0114327600512069					point used in Figure 2 scatter panels
gene_point	ENSG00000165175	MID1IP1	0.607901598974465	0.886853922686121	0.2642509440450791					point used in Figure 2 scatter panels
gene_point	ENSG00000120533	ENY2	0.338402647595998	0.434045964640698	0.2513912828022242					point used in Figure 2 scatter panels
gene_point	ENSG00000112167	SAYSD1	-0.107777825827558	-0.426636624709288	0.1244598298564962					point used in Figure 2 scatter panels
gene_point	ENSG00000178896	EXOSC4	-0.499706640056836	-0.388535105267596	0.0809058946376524					point used in Figure 2 scatter panels
gene_point	ENSG00000077152	UBE2T	-0.313408976062146	-0.411076607826631	0.1155649716449467					point used in Figure 2 scatter panels
gene_point	ENSG00000178028	DMAP1	0.111890884477362	0.0625848833044144	0.8217469895070391					point used in Figure 2 scatter panels
gene_point	ENSG00000105655	ISYNA1	0.762617200909447	0.999842966636975	1.0980309840824027					point used in Figure 2 scatter panels
gene_point	ENSG00000196083	IL1RAP	0.327583376269285	0.71303649958345	-0.4696013149092213					point used in Figure 2 scatter panels
gene_point	ENSG00000272886	DCP1A	0.598690589733661	1.38637136095116	0.4779441989512065					point used in Figure 2 scatter panels
gene_point	ENSG00000112304	ACOT13	0.0639944309486821	-0.0570069292023354	0.2328106895070369					point used in Figure 2 scatter panels
gene_point	ENSG00000113845	TIMMDC1	0.108081717737017	-0.142537714345852	-0.5172279864058424					point used in Figure 2 scatter panels
gene_point	ENSG00000177963	RIC8A	0.129210266441508	-0.13943561255476	0.0637532914150966					point used in Figure 2 scatter panels
gene_point	ENSG00000185033	SEMA4B	-1.11465333739213	-1.59462467329915	-0.7998152312902089					point used in Figure 2 scatter panels
gene_point	ENSG00000125734	GPR108	0.262077947992198	0.335684789900354	0.3285288752855742					point used in Figure 2 scatter panels
gene_point	ENSG00000007392	LUC7L	0.669464261074613	1.1149345369726	0.5918340165215383					point used in Figure 2 scatter panels
gene_point	ENSG00000185608	MRPL40	0.0540159378999605	0.158817446155471	0.0006208070536644					point used in Figure 2 scatter panels
gene_point	ENSG00000130810	PPAN	-0.732176138985302	-0.559049824297128	0.1253327027400708					point used in Figure 2 scatter panels
gene_point	ENSG00000078237	TIGAR	-0.588825431264355	-0.371335752226896	0.2665230989891043					point used in Figure 2 scatter panels
gene_point	ENSG00000115310	RTN4	0.677310441897862	1.01788912963073	-0.0397415454153247					point used in Figure 2 scatter panels
gene_point	ENSG00000118096	IFT46	-0.0656698232151246	-0.171901391696124	0.1278873666502562					point used in Figure 2 scatter panels
gene_point	ENSG00000111911	HINT3	-0.1609768474531	-0.291674845867004	0.2938326024794406					point used in Figure 2 scatter panels
gene_point	ENSG00000101413	RPRD1B	-0.0603155775060162	0.269916036284548	-0.0706737950509932					point used in Figure 2 scatter panels
gene_point	ENSG00000196236	XPNPEP3	-0.604772867638549	-0.30461921950502	0.5880386066717875					point used in Figure 2 scatter panels
gene_point	ENSG00000101132	PFDN4	0.195795837806315	0.189219724811429	0.0041884884535861					point used in Figure 2 scatter panels
gene_point	ENSG00000114021	NIT2	0.157192663766612	0.380878035209798	-0.0296166119883203					point used in Figure 2 scatter panels
gene_point	ENSG00000169857	AVEN	-0.0941765925947997	-0.545608076397071	-1.1198728188235505					point used in Figure 2 scatter panels
gene_point	ENSG00000149503	INCENP	-0.681693720516166	-0.824246521973442	-0.4391757221142462					point used in Figure 2 scatter panels
gene_point	ENSG00000077348	EXOSC5	0.161378956678826	0.526118289815501	-0.0619609190988192					point used in Figure 2 scatter panels
gene_point	ENSG00000107371	EXOSC3	-0.935145265828846	-0.913132430069871	-0.263365320195625					point used in Figure 2 scatter panels
gene_point	ENSG00000197892	KIF13B	-0.0356745902876324	0.233326458871554	0.0346905924643543					point used in Figure 2 scatter panels
gene_point	ENSG00000170325	PRDM10	0.240224460549382	0.477946460618007	0.2185157115282905					point used in Figure 2 scatter panels
gene_point	ENSG00000011426	ANLN	-0.166610241164779	0.251358806421847	-0.1685552411923829					point used in Figure 2 scatter panels
gene_point	ENSG00000108039	XPNPEP1	-0.0377957311490753	0.207033613112358	0.1397211294310025					point used in Figure 2 scatter panels
gene_point	ENSG00000171723	GPHN	-0.16347634222668	-0.0599760397889513	-0.2407964621050773					point used in Figure 2 scatter panels
gene_point	ENSG00000132467	UTP3	-1.25493548844701	-0.925914586254386	-0.1016226282553081					point used in Figure 2 scatter panels
gene_point	ENSG00000115760	BIRC6	-0.181582322043286	0.303665250150045	-0.2952355749019872					point used in Figure 2 scatter panels
gene_point	ENSG00000196923	PDLIM7	-0.0292157554017839	-0.149695388299352	0.1114698172832149					point used in Figure 2 scatter panels
gene_point	ENSG00000131069	ACSS2	0.09620602903905	0.0250265863477082	-0.1349382296207917					point used in Figure 2 scatter panels
gene_point	ENSG00000184047	DIABLO	-0.0045026176133132	0.0026113835552667	0.2557820293802741					point used in Figure 2 scatter panels
gene_point	ENSG00000165732	DDX21	-0.172004624597986	0.382249806758201	-0.21446313619386					point used in Figure 2 scatter panels
gene_point	ENSG00000079332	SAR1A	0.119326498171038	0.393312283149037	-0.0843292534652633					point used in Figure 2 scatter panels
gene_point	ENSG00000115350	POLE4	0.390337969013168	0.507830650968511	0.1768255971860526					point used in Figure 2 scatter panels
gene_point	ENSG00000095380	NANS	0.147901279872218	0.307030583668831	0.0940005370075738					point used in Figure 2 scatter panels
gene_point	ENSG00000148341	SH3GLB2	0.402544212099609	-0.0437488917108176	-0.0592918643058055					point used in Figure 2 scatter panels
gene_point	ENSG00000070785	EIF2B3	0.0358055477562786	0.267377245413049	0.0594238224287657					point used in Figure 2 scatter panels
gene_point	ENSG00000152601	MBNL1	0.452480209767833	1.00299974910033	0.1720452707399857					point used in Figure 2 scatter panels
gene_point	ENSG00000176894	PXMP2	0.218379487356596	-0.657850565085831	0.0735942734962034					point used in Figure 2 scatter panels
gene_point	ENSG00000148229	POLE3	-0.142051931437845	-0.0606495719831467	-0.0104147223901449					point used in Figure 2 scatter panels
gene_point	ENSG00000104472	CHRAC1	-0.0396554943736505	-0.518731700329174	-0.0916216433987671					point used in Figure 2 scatter panels
gene_point	ENSG00000099256	PRTFDC1	0.2034464801598	-1.29448538535916	-0.3199996823928224					point used in Figure 2 scatter panels
gene_point	ENSG00000135776	ABCB10	-0.295326879452989	-0.642048125700124	0.0025637941582736					point used in Figure 2 scatter panels
gene_point	ENSG00000198604	BAZ1A	-0.10458423149968	0.509137053714581	-0.1027546906533327					point used in Figure 2 scatter panels
gene_point	ENSG00000149313	AASDHPPT	-0.568877024328189	-0.495971015405228	-0.2259010661297402					point used in Figure 2 scatter panels
gene_point	ENSG00000198856	OSTC	0.0871050442771903	0.333757882847288	-0.4993306904775885					point used in Figure 2 scatter panels
gene_point	ENSG00000158985	CDC42SE2	-0.264269421308549	-0.302447586023078	-0.1032346632574601					point used in Figure 2 scatter panels
gene_point	ENSG00000013583	HEBP1	0.110032838516565	0.236249462073218	0.2528374900969368					point used in Figure 2 scatter panels
gene_point	ENSG00000244509	APOBEC3C	0.139697813546893	0.38267636529569	-0.0716601838754655					point used in Figure 2 scatter panels
gene_point	ENSG00000136631	VPS45	0.0063226476667178	0.300980691755031	0.1824610246799078					point used in Figure 2 scatter panels
gene_point	ENSG00000115946	PNO1	-0.186230972867524	-0.23676994982538	-0.2325345040701112					point used in Figure 2 scatter panels
gene_point	ENSG00000158042	MRPL17	-0.355479814291506	-0.268693379328055	0.0360909454932674					point used in Figure 2 scatter panels
gene_point	ENSG00000054148	PHPT1	0.337640334756419	0.358454314182583	0.1180034097600248					point used in Figure 2 scatter panels
gene_point	ENSG00000160007	ARHGAP35	0.326961915120639	-0.596492265545556	-0.0972437514445623					point used in Figure 2 scatter panels
gene_point	ENSG00000055147	FAM114A2	-0.14909878333375	0.0521176654133108	0.288871556355458					point used in Figure 2 scatter panels
gene_point	ENSG00000119969	HELLS	-0.268556310645332	0.237027158464059	-0.5869383062138986					point used in Figure 2 scatter panels
gene_point	ENSG00000168056	LTBP3	0.207610456996617	0.0808253869056296	-0.5010181199555213					point used in Figure 2 scatter panels
gene_point	ENSG00000100216	TOMM22	0.090713714002768	0.114610347951888	0.0704974307083858					point used in Figure 2 scatter panels
gene_point	ENSG00000132434	LANCL2	0.0473348713622483	-0.123919495362866	-0.1354239815893958					point used in Figure 2 scatter panels
gene_point	ENSG00000051128	HOMER3	0.129119013821351	-0.787963345191431	0.1119769111748478					point used in Figure 2 scatter panels
gene_point	ENSG00000116120	FARSB	-0.0736531550592594	0.208493083851099	0.0380357960426174					point used in Figure 2 scatter panels
gene_point	ENSG00000067704	IARS2	0.237980319532362	0.150325167313998	-0.0321673290090807					point used in Figure 2 scatter panels
gene_point	ENSG00000137171	KLC4	0.184607692600415	0.0408731765090744	-0.0308723139235311					point used in Figure 2 scatter panels
gene_point	ENSG00000213689	TREX1	-0.844362828257885	-1.53471064629983	5.361572003133034					point used in Figure 2 scatter panels
gene_point	ENSG00000138756	BMP2K	-0.0387691084761184	-0.346900528574714	-1.3247213302349916					point used in Figure 2 scatter panels
gene_point	ENSG00000144848	ATG3	0.144266793839647	0.305092416982494	-0.053659847140743					point used in Figure 2 scatter panels
gene_point	ENSG00000083642	PDS5B	-0.166992553561255	0.407001620623311	-0.1787993439258741					point used in Figure 2 scatter panels
gene_point	ENSG00000113810	SMC4	-0.336468715368907	0.390120059808562	-0.0596660816494072					point used in Figure 2 scatter panels
gene_point	ENSG00000211456	SACM1L	-0.445569830936975	-0.154644000991241	-0.3287734395861044					point used in Figure 2 scatter panels
gene_point	ENSG00000138430	OLA1	0.0402223692436903	0.0567007831080348	0.1054531090710426					point used in Figure 2 scatter panels
gene_point	ENSG00000119929	CUTC	-0.551963954418349	-0.701736844273627	-0.0517844395317244					point used in Figure 2 scatter panels
gene_point	ENSG00000244462	RBM12	-0.133625311753065	-0.0256154074525169	-0.0978043770997985					point used in Figure 2 scatter panels
gene_point	ENSG00000112159	MDN1	-0.255452956721716	-0.0040525510681193	-0.2857365190056526					point used in Figure 2 scatter panels
gene_point	ENSG00000088356	PDRG1	0.609600261787348	0.691413510285507	-0.1235686249600007					point used in Figure 2 scatter panels
gene_point	ENSG00000144827	ABHD10	-0.802788002597425	-0.904828043220443	0.0676047240537656					point used in Figure 2 scatter panels
gene_point	ENSG00000176148	TCP11L1	-0.133854150160207	-0.607433557403467	0.0581492603856617					point used in Figure 2 scatter panels
gene_point	ENSG00000040341	STAU2	0.183152203581104	0.520282147730042	-0.325180548298686					point used in Figure 2 scatter panels
gene_point	ENSG00000148943	LIN7C	-0.339934114692583	0.183050554446026	-0.0152648949462559					point used in Figure 2 scatter panels
gene_point	ENSG00000196141	SPATS2L	0.573197533831625	0.446165735497722	-0.4695701440468873					point used in Figure 2 scatter panels
gene_point	ENSG00000109775	UFSP2	-0.259156028109801	-0.151404573071028	0.1000027076421155					point used in Figure 2 scatter panels
gene_point	ENSG00000161204	ABCF3	-0.884508231674016	-0.815866975065592	0.0564713846988382					point used in Figure 2 scatter panels
gene_point	ENSG00000168872	DDX19A	-0.226747613284861	-0.13254891863514	0.0816298437556675					point used in Figure 2 scatter panels
gene_point	ENSG00000036054	TBC1D23	0.41619270339531	0.919562689936922	-0.0587286002355185					point used in Figure 2 scatter panels
gene_point	ENSG00000164934	DCAF13	0.0452295500801754	0.262761301286974	-0.2286635741699196					point used in Figure 2 scatter panels
gene_point	ENSG00000177971	IMP3	-0.917122669186467	-0.629208568437509	-0.0638661272844238					point used in Figure 2 scatter panels
gene_point	ENSG00000136159	NUDT15	0.280551054683257	0.557322607837426	0.5835193103609555					point used in Figure 2 scatter panels
gene_point	ENSG00000101189	MRGBP	0.0202808884444113	-0.972026508404155	0.0635275713894429					point used in Figure 2 scatter panels
gene_point	ENSG00000090989	EXOC1	-0.363512737177332	-0.147421938896179	-0.0772521003694954					point used in Figure 2 scatter panels
gene_point	ENSG00000104299	INTS9	-0.330148499628374	-0.322801159733992	-0.1497265604552247					point used in Figure 2 scatter panels
gene_point	ENSG00000101019	UQCC1	-0.186024866859109	-0.083481201667311	-0.3514119661498114					point used in Figure 2 scatter panels
gene_point	ENSG00000197702	PARVA	-0.01546407281461	0.146299416290837	-0.059479901856605					point used in Figure 2 scatter panels
gene_point	ENSG00000143756	FBXO28	-0.509583312221247	-0.443481662797834	-0.564924884584471					point used in Figure 2 scatter panels
gene_point	ENSG00000107021	TBC1D13	-0.396075833372379	-1.05967960363855	-0.295879288121057					point used in Figure 2 scatter panels
gene_point	ENSG00000081177	EXD2	-0.221583019283926	-0.100548987263045	-0.4530566989275932					point used in Figure 2 scatter panels
gene_point	ENSG00000007923	DNAJC11	0.0773376333976768	-0.0678938235622194	-0.258506002418617					point used in Figure 2 scatter panels
gene_point	ENSG00000143493	INTS7	0.334093237170549	0.477295187663163	-0.0625801685140015					point used in Figure 2 scatter panels
gene_point	ENSG00000197785	ATAD3A	0.152173431762728	-0.0064992981301725	-0.0724569030180291					point used in Figure 2 scatter panels
gene_point	ENSG00000134108	ARL8B	0.0057276598211205	0.168242343345405	0.229210675074718					point used in Figure 2 scatter panels
gene_point	ENSG00000104129	DNAJC17	-0.43980203208304	-0.723112381143823	-0.0068775947155188					point used in Figure 2 scatter panels
gene_point	ENSG00000088205	DDX18	-0.160362961182526	0.265618102235904	-0.1685446403530299					point used in Figure 2 scatter panels
gene_point	ENSG00000104613	INTS10	-0.0049507802817982	-0.545197219941934	-0.334641406335793					point used in Figure 2 scatter panels
gene_point	ENSG00000096080	MRPS18A	-0.323220525348174	-0.216193626727888	-0.1468570186496407					point used in Figure 2 scatter panels
gene_point	ENSG00000108439	PNPO	-0.0315345922875598	0.0184379011387834	-0.0261922792762199					point used in Figure 2 scatter panels
gene_point	ENSG00000104442	ARMC1	-0.52711629280671	-0.347132656793974	0.1180377731325066					point used in Figure 2 scatter panels
gene_point	ENSG00000107951	MTPAP	-0.715366345747156	-0.645223143296672	-0.2585793463104515					point used in Figure 2 scatter panels
gene_point	ENSG00000073536	NLE1	-0.0643079327346238	0.0670420066855295	0.0565642059221076					point used in Figure 2 scatter panels
gene_point	ENSG00000106344	RBM28	-0.096593480964231	0.254468194990261	-0.2518286063720651					point used in Figure 2 scatter panels
gene_point	ENSG00000086589	RBM22	-0.0345158263126715	0.337797049296341	-0.0807374758139509					point used in Figure 2 scatter panels
gene_point	ENSG00000082068	WDR70	-0.0467526714087931	-0.0719274336381304	-0.0473683026187643					point used in Figure 2 scatter panels
gene_point	ENSG00000134884	ARGLU1	0.316332578510745	0.668573593793967	-0.0052300604158901					point used in Figure 2 scatter panels
gene_point	ENSG00000137776	SLTM	-0.422572184067811	-0.121730767972704	0.0126227145351336					point used in Figure 2 scatter panels
gene_point	ENSG00000104872	PIH1D1	0.153868549798865	-0.139963398937396	-0.0238252174668041					point used in Figure 2 scatter panels
gene_point	ENSG00000101193	GID8	-0.0723841843532563	-0.535751150921125	0.1962183588670285					point used in Figure 2 scatter panels
gene_point	ENSG00000105393	BABAM1	0.204431281557816	-0.149392597501689	-0.0468595328468275					point used in Figure 2 scatter panels
gene_point	ENSG00000130748	TMEM160	0.175485180580349	0.337270766734974	0.0161092929617296					point used in Figure 2 scatter panels
gene_point	ENSG00000169019	COMMD8	-0.122630631767199	-0.0393587131005193	0.118103019647533					point used in Figure 2 scatter panels
gene_point	ENSG00000168209	DDIT4	-1.14442641026181	-0.623314622871852	-0.335965463432883					point used in Figure 2 scatter panels
gene_point	ENSG00000147123	NDUFB11	0.328906319422787	0.516286824098442	-0.7555929636940313					point used in Figure 2 scatter panels
gene_point	ENSG00000167985	SDHAF2	-0.305046954427088	-0.447060309125898	0.1707985206209983					point used in Figure 2 scatter panels
gene_point	ENSG00000166902	MRPL16	-0.329944970551355	-0.403011590096972	0.3744106802267488					point used in Figure 2 scatter panels
gene_point	ENSG00000145912	NHP2	0.250262895312081	0.236199568217306	-0.1934864435441134					point used in Figure 2 scatter panels
gene_point	ENSG00000109180	OCIAD1	0.0343174595981327	0.370111951577714	0.0337480819910744					point used in Figure 2 scatter panels
gene_point	ENSG00000145220	LYAR	0.217934267697424	0.399894521138437	-0.2189526082923798					point used in Figure 2 scatter panels
gene_point	ENSG00000106554	CHCHD3	0.261112490518936	0.357419548314821	0.0609463991696053					point used in Figure 2 scatter panels
gene_point	ENSG00000063322	MED29	-0.337143521592944	-0.279498827698456	-0.0441587570685815					point used in Figure 2 scatter panels
gene_point	ENSG00000167264	DUS2	-0.730780002858469	-0.451861582448281	0.2758086560346076					point used in Figure 2 scatter panels
gene_point	ENSG00000091317	CMTM6	0.0764215828056665	-0.128026149043141	-0.4245268621813025					point used in Figure 2 scatter panels
gene_point	ENSG00000124523	SIRT5	0.0233763988215399	-0.164377440664566	-0.0491572137310782					point used in Figure 2 scatter panels
gene_point	ENSG00000136891	TEX10	0.229228004183113	0.504863512639004	-0.1448189469976206					point used in Figure 2 scatter panels
gene_point	ENSG00000066654	THUMPD1	-0.95079242735995	-0.239982890310675	-0.1150099713486341					point used in Figure 2 scatter panels
gene_point	ENSG00000198113	TOR4A	-0.116564416175351	-0.0425211762606089	-0.0691101151830455					point used in Figure 2 scatter panels
gene_point	ENSG00000104907	TRMT1	0.129986355318019	0.347468533788434	-0.038105318572434					point used in Figure 2 scatter panels
gene_point	ENSG00000185305	ARL15	-0.102868680759094	-0.0257261945020671	-0.0946056557628427					point used in Figure 2 scatter panels
gene_point	ENSG00000168564	CDKN2AIP	0.276037720858229	0.616735319988944	-0.1154469285078416					point used in Figure 2 scatter panels
gene_point	ENSG00000148719	DNAJB12	-0.180710794836615	-0.190029088322553	-0.0551875399225672					point used in Figure 2 scatter panels
gene_point	ENSG00000107672	NSMCE4A	-0.0556558872092836	-0.286381723556872	-0.2340628291222302					point used in Figure 2 scatter panels
gene_point	ENSG00000109534	GAR1	-0.308989439283541	0.048609478126385	-0.0173762640566863					point used in Figure 2 scatter panels
gene_point	ENSG00000163605	PPP4R2	0.95324617999768	1.25608298965304	0.1664139386134557					point used in Figure 2 scatter panels
gene_point	ENSG00000254986	DPP3	0.202210387199489	0.460906663230809	-0.0380703100353265					point used in Figure 2 scatter panels
gene_point	ENSG00000136271	DDX56	-0.223990273202731	-0.116930791995986	0.0693945256550598					point used in Figure 2 scatter panels
gene_point	ENSG00000166848	TERF2IP	-0.243812757823882	0.13663061244199	0.101230487541855					point used in Figure 2 scatter panels
gene_point	ENSG00000138443	ABI2	-0.0935669393637644	-0.431493322126927	0.0235232523354795					point used in Figure 2 scatter panels
gene_point	ENSG00000029363	BCLAF1	-0.20130671003852	0.536552167761175	0.4430830291460452					point used in Figure 2 scatter panels
gene_point	ENSG00000108651	UTP6	-0.330508583076394	-0.243266676526523	-0.2961163085554759					point used in Figure 2 scatter panels
gene_point	ENSG00000181924	COA4	-0.193682682312374	-0.401355732223943	0.4863406858367405					point used in Figure 2 scatter panels
gene_point	ENSG00000055208	TAB2	0.685439886793793	0.348018782053004	-0.1414858830163083					point used in Figure 2 scatter panels
gene_point	ENSG00000154719	MRPL39	-0.084907143756693	-0.0835252062703919	0.048779606884203					point used in Figure 2 scatter panels
gene_point	ENSG00000134285	FKBP11	0.355878456778364	0.553824909492905	-0.0584708797660908					point used in Figure 2 scatter panels
gene_point	ENSG00000138594	TMOD3	0.188738008934334	0.745459187866152	0.4100183703429536					point used in Figure 2 scatter panels
gene_point	ENSG00000012660	ELOVL5	0.0072780756153657	0.314332537152128	-0.4063805630100461					point used in Figure 2 scatter panels
gene_point	ENSG00000086570	FAT2	-0.28965172725399	0.0998831387612793	-0.7395084021421638					point used in Figure 2 scatter panels
gene_point	ENSG00000100558	PLEK2	-0.0239226805698328	-0.186029516150311	-0.1828728568796442					point used in Figure 2 scatter panels
gene_point	ENSG00000136731	UGGT1	-0.0658356702345257	0.189964004115162	-0.1069025136810708					point used in Figure 2 scatter panels
gene_point	ENSG00000118246	FASTKD2	-0.620588046478607	-0.32690214690241	-0.279116415632842					point used in Figure 2 scatter panels
gene_point	ENSG00000099797	TECR	0.243688196362331	0.502260822322704	-0.2352179214071625					point used in Figure 2 scatter panels
gene_point	ENSG00000164307	ERAP1	0.0985282849899876	0.274877100570841	-0.0142905670573298					point used in Figure 2 scatter panels
gene_point	ENSG00000131966	ACTR10	0.0588401115577418	0.0273035174686134	0.0107737666489597					point used in Figure 2 scatter panels
gene_point	ENSG00000053501	USE1	-0.109258755139751	-0.194690540924233	-0.0503021881313134					point used in Figure 2 scatter panels
gene_point	ENSG00000122873	CISD1	0.167242096471935	0.246364467788392	0.0762168799716462					point used in Figure 2 scatter panels
gene_point	ENSG00000125447	GGA3	-0.914120600272025	-0.970256037579664	0.2469513713961735					point used in Figure 2 scatter panels
gene_point	ENSG00000136819	C9orf78	0.0108736862215479	-0.291455784595586	-0.1854029332524582					point used in Figure 2 scatter panels
gene_point	ENSG00000048828	FAM120A	0.0793224662260197	-0.828484398985959	-0.274173438249278					point used in Figure 2 scatter panels
gene_point	ENSG00000137409	MTCH1	0.229993813918152	0.100197588705076	-0.3579618990252395					point used in Figure 2 scatter panels
gene_point	ENSG00000133265	HSPBP1	0.263057207875051	0.439445652136063	0.0526871884585915					point used in Figure 2 scatter panels
gene_point	ENSG00000038274	MAT2B	0.332888242310362	0.365564698408564	-0.1438926762252279					point used in Figure 2 scatter panels
gene_point	ENSG00000138119	MYOF	0.052833776237963	0.183137353836637	-0.1727380957730027					point used in Figure 2 scatter panels
gene_point	ENSG00000013016	EHD3	0.0093874528876699	-0.530577041896693	0.2106269047242754					point used in Figure 2 scatter panels
gene_point	ENSG00000024422	EHD2	-0.0298287521130706	0.145342990690802	-0.0991005183822082					point used in Figure 2 scatter panels
gene_point	ENSG00000196914	ARHGEF12	0.0788865246868554	-0.705128650838906	-0.0083390346287028					point used in Figure 2 scatter panels
gene_point	ENSG00000111596	CNOT2	-0.131552800394484	-0.118647148615441	-0.1250897382073041					point used in Figure 2 scatter panels
gene_point	ENSG00000213672	NCKIPSD	0.109640227531267	-0.103764914383747	-0.5939966343539034					point used in Figure 2 scatter panels
gene_point	ENSG00000060491	OGFR	-0.821884960006778	-1.43452287893783	0.0648894766094621					point used in Figure 2 scatter panels
gene_point	ENSG00000086065	CHMP5	0.0064010228896221	0.0493963833198734	-0.0403875490705409					point used in Figure 2 scatter panels
gene_point	ENSG00000110442	COMMD9	0.100967069165561	0.365482516765629	0.0513434577997653					point used in Figure 2 scatter panels
gene_point	ENSG00000143771	CNIH4	-0.0278429003119356	-0.218609901378924	-0.5382689125366351					point used in Figure 2 scatter panels
gene_point	ENSG00000150316	CWC15	-0.572270498872396	-1.05930855436495	-0.1649207007478139					point used in Figure 2 scatter panels
gene_point	ENSG00000137547	MRPL15	-0.65813507474842	-0.931787591070606	0.0259161144764981					point used in Figure 2 scatter panels
gene_point	ENSG00000151500	THYN1	0.167531151062018	0.276579909713752	0.1842598571637523					point used in Figure 2 scatter panels
gene_point	ENSG00000074696	HACD3	0.175459497156046	0.330599319690442	-0.3006684177624343					point used in Figure 2 scatter panels
gene_point	ENSG00000161920	MED11	-0.177803784238375	-0.369409619657855	-0.282272967747911					point used in Figure 2 scatter panels
gene_point	ENSG00000186010	NDUFA13	0.231962706360957	0.425778210371896	0.0706562633004779					point used in Figure 2 scatter panels
gene_point	ENSG00000164951	PDP1	-0.724024469835766	-0.174238958677769	-0.0258400141804848					point used in Figure 2 scatter panels
gene_point	ENSG00000176407	KCMF1	0.83759366826425	0.799380686159442	0.285536280101045					point used in Figure 2 scatter panels
gene_point	ENSG00000101558	VAPA	0.159699660798954	0.361169763827641	-0.2866594801707904					point used in Figure 2 scatter panels
gene_point	ENSG00000108826	MRPL27	-0.430500527525405	-0.145399131062215	0.2128861198518841					point used in Figure 2 scatter panels
gene_point	ENSG00000145979	TBC1D7	0.0723885650708173	0.0655488956321803	0.2686504790317681					point used in Figure 2 scatter panels
gene_point	ENSG00000168894	RNF181	0.272730641508806	0.439222169045525	-0.2064103989519914					point used in Figure 2 scatter panels
gene_point	ENSG00000196683	TOMM7	0.304100684747019	0.190494341375918	-0.2360109303262039					point used in Figure 2 scatter panels
gene_point	ENSG00000154832	CXXC1	0.0994313703017251	-0.152252111578122	-1.0063373356832752					point used in Figure 2 scatter panels
gene_point	ENSG00000089639	GMIP	0.137748157881035	-0.214223618585641	-0.2361167168311269					point used in Figure 2 scatter panels
gene_point	ENSG00000146386	ABRACL	0.232036436783142	0.115926920087907	-0.0566765607617831					point used in Figure 2 scatter panels
gene_point	ENSG00000076826	CAMSAP3	-0.31360323302935	-0.438635012780832	-0.3869653095578353					point used in Figure 2 scatter panels
gene_point	ENSG00000066084	DIP2B	-0.357616812999102	-0.313046745770182	-0.1145905343633835					point used in Figure 2 scatter panels
gene_point	ENSG00000109171	SLAIN2	0.127316740476203	0.0657981312674754	-0.1466702157161581					point used in Figure 2 scatter panels
gene_point	ENSG00000107949	BCCIP	0.145464200564534	0.287866324201605	0.2057227222472839					point used in Figure 2 scatter panels
gene_point	ENSG00000134602	STK26	0.141876197554982	0.522496271647182	0.0234973974873362					point used in Figure 2 scatter panels
gene_point	ENSG00000134247	PTGFRN	0.104535817763672	0.0415048557838859	-0.3415090760718904					point used in Figure 2 scatter panels
gene_point	ENSG00000143079	CTTNBP2NL	-1.84741224682054	-2.00916097953889	-0.2988731066133994					point used in Figure 2 scatter panels
gene_point	ENSG00000008869	HEATR5B	-0.506212542491493	-0.44089689000926	-0.1024025742271366					point used in Figure 2 scatter panels
gene_point	ENSG00000124201	ZNFX1	-0.754730993011341	-0.756027573119301	-0.025176772741565					point used in Figure 2 scatter panels
gene_point	ENSG00000125844	RRBP1	0.0203640665233753	0.0362479312752601	-0.2392582491792332					point used in Figure 2 scatter panels
gene_point	ENSG00000165934	CPSF2	-0.165753718836651	0.10794629723812	0.1791210496539683					point used in Figure 2 scatter panels
gene_point	ENSG00000117625	RCOR3	-0.0897387009461571	-0.21352311575711	0.2864706959768508					point used in Figure 2 scatter panels
gene_point	ENSG00000143375	CGN	0.0175007495113876	0.152652089879285	-0.0640036927305498					point used in Figure 2 scatter panels
gene_point	ENSG00000091009	RBM27	0.314875434046246	0.819474255922624	-0.2096217453932869					point used in Figure 2 scatter panels
gene_point	ENSG00000185722	ANKFY1	-0.31062601318815	-0.131194703485192	-0.3136841109726909					point used in Figure 2 scatter panels
gene_point	ENSG00000136143	SUCLA2	0.16991609213788	0.399325714639869	0.4171321340108491					point used in Figure 2 scatter panels
gene_point	ENSG00000168818	STX18	-0.356501074671555	-0.437276941247264	-0.4013037978194997					point used in Figure 2 scatter panels
gene_point	ENSG00000130638	ATXN10	-0.0041535311249244	0.157007005353039	-0.2346527006832346					point used in Figure 2 scatter panels
gene_point	ENSG00000134046	MBD2	0.0703769108274575	-0.224507679218065	-0.2025530050469051					point used in Figure 2 scatter panels
gene_point	ENSG00000020129	NCDN	-0.155526117557026	-0.0105996225171439	0.069253081146801					point used in Figure 2 scatter panels
gene_point	ENSG00000100109	TFIP11	-0.716532160732216	-0.205588894441075	-0.0861981609364068					point used in Figure 2 scatter panels
gene_point	ENSG00000127527	EPS15L1	-0.216912200253413	-0.102977158722522	-0.1095052994688536					point used in Figure 2 scatter panels
gene_point	ENSG00000135336	ORC3	-0.199254019094521	0.21194091785265	-0.0607643753985058					point used in Figure 2 scatter panels
gene_point	ENSG00000142230	SAE1	0.202910600192453	0.280868748570752	0.0680117686962127					point used in Figure 2 scatter panels
gene_point	ENSG00000158623	COPG2	0.0935034008641748	0.259080407936388	-0.0396959846371665					point used in Figure 2 scatter panels
gene_point	ENSG00000114125	RNF7	-0.0349314758841848	-0.314341289694211	0.1165427013945681					point used in Figure 2 scatter panels
gene_point	ENSG00000148444	COMMD3	-0.169655757994107	-0.189234204962507	-0.0589453496155005					point used in Figure 2 scatter panels
gene_point	ENSG00000172380	GNG12	0.145892158992323	0.509046615021939	-0.4779578619321079					point used in Figure 2 scatter panels
gene_point	ENSG00000129691	ASH2L	-0.0866434350888544	-0.0618801271195681	-0.0380073898909376					point used in Figure 2 scatter panels
gene_point	ENSG00000172893	DHCR7	0.285581520354733	0.500886446946947	-0.2145290320041013					point used in Figure 2 scatter panels
gene_point	ENSG00000021574	SPAST	-0.259590146811114	0.0262168126546662	-0.323818917865637					point used in Figure 2 scatter panels
gene_point	ENSG00000037897	METTL1	-0.54928605847228	-0.52984327360657	0.1406564685224793					point used in Figure 2 scatter panels
gene_point	ENSG00000111237	VPS29	0.0199087649161388	0.0937761804294428	0.0708618651255861					point used in Figure 2 scatter panels
gene_point	ENSG00000137106	GRHPR	0.180886450573129	0.101995469597927	0.0137365110968588					point used in Figure 2 scatter panels
gene_point	ENSG00000101160	CTSZ	0.210532625355805	-0.240093758869861	-0.4477041833020223					point used in Figure 2 scatter panels
gene_point	ENSG00000090520	DNAJB11	0.434993975404264	0.426104602583068	0.1024583187133885					point used in Figure 2 scatter panels
gene_point	ENSG00000126261	UBA2	0.29231362316188	0.0536148045086603	0.0718310091930973					point used in Figure 2 scatter panels
gene_point	ENSG00000185787	MORF4L1	0.320139070651459	0.452858273468093	-0.7116033023882444					point used in Figure 2 scatter panels
gene_point	ENSG00000162231	NXF1	1.29832209941187	1.8190572251062	0.1864625097191883					point used in Figure 2 scatter panels
gene_point	ENSG00000071537	SEL1L	-0.18969643659819	0.0092095438627151	-0.0629744690256011					point used in Figure 2 scatter panels
gene_point	ENSG00000162517	PEF1	0.0562993741963752	0.286766806770835	-0.0559318809164928					point used in Figure 2 scatter panels
gene_point	ENSG00000121741	ZMYM2	-0.0312389219269378	0.630413904657429	-1.2796433507173075					point used in Figure 2 scatter panels
gene_point	ENSG00000111652	COPS7A	0.21564496368408	0.301725448684895	-0.1912452683280499					point used in Figure 2 scatter panels
gene_point	ENSG00000183048	SLC25A10	0.197325190934124	-0.184258005321938	-0.1644643695232908					point used in Figure 2 scatter panels
gene_point	ENSG00000106665	CLIP2	0.622881324156487	-0.132648635384352	0.5346350052366766					point used in Figure 2 scatter panels
gene_point	ENSG00000184076	UQCR10	0.30326107902656	0.283956760188406	-0.1450805522699525					point used in Figure 2 scatter panels
gene_point	ENSG00000119139	TJP2	0.487581458683277	0.775700097039559	0.3013079847093607					point used in Figure 2 scatter panels
gene_point	ENSG00000162616	DNAJB4	1.17015537361403	2.04598820621441	0.180816887298052					point used in Figure 2 scatter panels
gene_point	ENSG00000153774	CFDP1	0.206412267152011	0.0752515782112586	-0.1180424019309214					point used in Figure 2 scatter panels
gene_point	ENSG00000068438	FTSJ1	0.201142205895212	0.151090776590227	-0.0064709161145888					point used in Figure 2 scatter panels
gene_point	ENSG00000198648	STK39	0.0366030248356822	-0.0554731779175566	-0.0639583454672987					point used in Figure 2 scatter panels
gene_point	ENSG00000148700	ADD3	-0.0456495799302532	0.302644885945023	-0.2583448480793784					point used in Figure 2 scatter panels
gene_point	ENSG00000161036	LRWD1	-0.0599006929743361	0.0548636558381717	-0.4218340165698961					point used in Figure 2 scatter panels
gene_point	ENSG00000136783	NIPSNAP3A	0.0112808207124644	0.0003305451004324	0.0157904286001127					point used in Figure 2 scatter panels
gene_point	ENSG00000163320	CGGBP1	-0.279911536341108	-0.630367167606578	0.1934612206820887					point used in Figure 2 scatter panels
gene_point	ENSG00000241878	PISD	0.156396805231242	0.440888474800092	-0.0489702780810397					point used in Figure 2 scatter panels
gene_point	ENSG00000033050	ABCF2	-0.0504553580885983	0.196935731223608	0.1362888268037956					point used in Figure 2 scatter panels
gene_point	ENSG00000135269	TES	0.946653030433885	1.24132441214843	0.3506829301641581					point used in Figure 2 scatter panels
gene_point	ENSG00000178078	STAP2	0.369252852145913	0.298215544680153	-0.2758167724007361					point used in Figure 2 scatter panels
gene_point	ENSG00000187908	DMBT1	0.563350928698428	0.109478021042624	1.2310840423421254					point used in Figure 2 scatter panels
gene_point	ENSG00000144791	LIMD1	-1.34138080235613	-1.26312646057664	0.0906295418518912					point used in Figure 2 scatter panels
gene_point	ENSG00000025796	SEC63	-0.26529410407063	0.226537684878724	-0.2388043456897026					point used in Figure 2 scatter panels
gene_point	ENSG00000101079	NDRG3	0.0563440754905592	0.400457391808474	0.1675736138335821					point used in Figure 2 scatter panels
gene_point	ENSG00000179750	APOBEC3B	0.146451795961128	0.393688347166096	-0.0546161527324393					point used in Figure 2 scatter panels
gene_point	ENSG00000133789	SWAP70	0.135231587697792	0.460839581442207	0.0497512311070735					point used in Figure 2 scatter panels
gene_point	ENSG00000100242	SUN2	0.269529640131849	0.227828518302394	-0.6361414876042062					point used in Figure 2 scatter panels
gene_point	ENSG00000109270	LAMTOR3	-0.106751705688336	0.168693414851795	-0.1765342676202159					point used in Figure 2 scatter panels
gene_point	ENSG00000188566	NDOR1	-0.028590815769813	-0.144404494425273	-0.1898436942943124					point used in Figure 2 scatter panels
gene_point	ENSG00000050405	LIMA1	0.749814284564245	1.22788911730249	0.2771077456852495					point used in Figure 2 scatter panels
gene_point	ENSG00000072364	AFF4	-0.0947739454002118	0.278572153835217	-0.0098011080688742					point used in Figure 2 scatter panels
gene_point	ENSG00000167881	SRP68	-0.0993188955938382	-0.0969404840677064	-0.0200216397414543					point used in Figure 2 scatter panels
gene_point	ENSG00000183735	TBK1	-0.242305779907598	-0.396424873840614	-0.1097242329813354					point used in Figure 2 scatter panels
gene_point	ENSG00000188021	UBQLN2	-0.44762495378397	-0.213812423417972	0.0693393051118818					point used in Figure 2 scatter panels
gene_point	ENSG00000116005	PCYOX1	-0.148898157209518	0.256092391401365	-0.057754924663822					point used in Figure 2 scatter panels
gene_point	ENSG00000064703	DDX20	-1.12760365669342	-1.00342632023338	0.0182976444027289					point used in Figure 2 scatter panels
gene_point	ENSG00000197417	SHPK	-0.61765778578584	-0.480067110182756	-0.0057524637664521					point used in Figure 2 scatter panels
gene_point	ENSG00000159348	CYB5R1	0.0240580689071651	0.013666476844833	-0.1485047383453661					point used in Figure 2 scatter panels
gene_point	ENSG00000006453	BAIAP2L1	0.342463766005323	0.294952650138502	-0.0716422057154986					point used in Figure 2 scatter panels
gene_point	ENSG00000161526	SAP30BP	-0.511992454271626	-0.525842627658076	0.3300419794366274					point used in Figure 2 scatter panels
gene_point	ENSG00000108510	MED13	-0.124955465636172	0.144647260375805	-0.1512714945612501					point used in Figure 2 scatter panels
gene_point	ENSG00000143256	PFDN2	0.27681179807671	0.451524161352518	0.1089130334394781					point used in Figure 2 scatter panels
gene_point	ENSG00000140199	SLC12A6	-0.0304632868470856	-0.338148109532704	0.1330815373380325					point used in Figure 2 scatter panels
gene_point	ENSG00000179950	PUF60	-0.620197382332116	0.174422793379184	0.1127329056241706					point used in Figure 2 scatter panels
gene_point	ENSG00000115216	NRBP1	0.0401076095766973	0.135340768925789	0.3572262287799965					point used in Figure 2 scatter panels
gene_point	ENSG00000145293	ENOPH1	0.17990527039572	0.321196514427198	0.0577276671416804					point used in Figure 2 scatter panels
gene_point	ENSG00000184752	NDUFA12	0.23028277053064	0.355947334595527	-0.0280557025625753					point used in Figure 2 scatter panels
gene_point	ENSG00000115211	EIF2B4	-0.0655796536893305	0.170414212141756	-0.4133685951292793					point used in Figure 2 scatter panels
gene_point	ENSG00000047249	ATP6V1H	0.0744668586620843	0.526636291477394	0.1191374534862532					point used in Figure 2 scatter panels
gene_point	ENSG00000105404	RABAC1	0.194156736915673	0.404247740261791	-0.1532480574689945					point used in Figure 2 scatter panels
gene_point	ENSG00000086200	IPO11	-0.0730044688235236	0.188478544037388	0.6385052920915673					point used in Figure 2 scatter panels
gene_point	ENSG00000173113	TRMT112	0.329204345026081	0.246682775340599	0.107008161982268					point used in Figure 2 scatter panels
gene_point	ENSG00000130227	XPO7	0.116368274543798	-0.0759793335152716	-0.2583465763791679					point used in Figure 2 scatter panels
gene_point	ENSG00000205629	LCMT1	-0.131103741057681	-0.183523919858884	-0.2813532358793864					point used in Figure 2 scatter panels
gene_point	ENSG00000149823	VPS51	0.142058174730271	0.114113458344064	-0.1894797154353735					point used in Figure 2 scatter panels
gene_point	ENSG00000132781	MUTYH	-0.117610852179667	-0.240749398022906	-0.3676451221367642					point used in Figure 2 scatter panels
gene_point	ENSG00000076108	BAZ2A	0.147208100870718	-0.0456696792689941	-0.0803185692118155					point used in Figure 2 scatter panels
gene_point	ENSG00000009954	BAZ1B	0.110277163796979	0.574534164249461	-0.3551713930934852					point used in Figure 2 scatter panels
gene_point	ENSG00000176463	SLCO3A1	0.104516139892194	-0.175832295975057	-0.3669766597402031					point used in Figure 2 scatter panels
gene_point	ENSG00000147853	AK3	-0.0173219420336341	-0.349961497526313	0.2492668902908548					point used in Figure 2 scatter panels
gene_point	ENSG00000113441	LNPEP	-0.142909825517518	0.230431143775686	-0.147731157326362					point used in Figure 2 scatter panels
gene_point	ENSG00000114554	PLXNA1	0.225521446484633	-0.657905502164044	-0.163252318226533					point used in Figure 2 scatter panels
gene_point	ENSG00000124357	NAGK	-0.451861032178706	-0.523556832980364	0.0267482595548678					point used in Figure 2 scatter panels
gene_point	ENSG00000131373	HACL1	0.045318145275982	0.482738147512561	-0.1638785219944143					point used in Figure 2 scatter panels
gene_point	ENSG00000089195	TRMT6	-0.011941724103681	0.0001196585166351	-0.1023054671710923					point used in Figure 2 scatter panels
gene_point	ENSG00000198478	SH3BGRL2	-0.0755454565412107	0.158227065795434	-0.144390816292681					point used in Figure 2 scatter panels
gene_point	ENSG00000075391	RASAL2	0.189645835318254	0.517121025135275	0.2557040828520858					point used in Figure 2 scatter panels
gene_point	ENSG00000004864	SLC25A13	-0.203747975665114	-0.31530018245997	-0.1904183550857858					point used in Figure 2 scatter panels
gene_point	ENSG00000136279	DBNL	0.153266040643343	0.135254373656372	0.1053877593384058					point used in Figure 2 scatter panels
gene_point	ENSG00000183258	DDX41	0.159621828396899	0.198012096976108	-0.1950800661645537					point used in Figure 2 scatter panels
gene_point	ENSG00000132912	DCTN4	-0.486526001942327	-0.296411943211448	0.010654586987485					point used in Figure 2 scatter panels
gene_point	ENSG00000094880	CDC23	-0.0242160115490112	0.259884296503267	-0.0172599352623787					point used in Figure 2 scatter panels
gene_point	ENSG00000196510	ANAPC7	-0.160645036946982	-0.111557493531146	-0.1274923658976163					point used in Figure 2 scatter panels
gene_point	ENSG00000089053	ANAPC5	0.106404861451806	-0.4957046300307	-0.3132105935086517					point used in Figure 2 scatter panels
gene_point	ENSG00000053900	ANAPC4	-0.172432976138071	-0.161508778712839	-0.0760387872111145					point used in Figure 2 scatter panels
gene_point	ENSG00000100083	GGA1	0.0716859076648469	-0.301177568129734	-0.3769623689507941					point used in Figure 2 scatter panels
gene_point	ENSG00000165283	STOML2	0.0894182779771655	-0.221278090821579	0.1341124528758612					point used in Figure 2 scatter panels
gene_point	ENSG00000130332	LSM7	0.491919317771987	0.311757570054341	0.3997384664467667					point used in Figure 2 scatter panels
gene_point	ENSG00000163660	CCNL1	0.0701986431337739	0.48813202113517	0.0297662765700117					point used in Figure 2 scatter panels
gene_point	ENSG00000138231	DBR1	-0.105825163024606	0.0578421481895866	-0.0395926393980801					point used in Figure 2 scatter panels
gene_point	ENSG00000110429	FBXO3	-0.338564488855336	0.0310617860385315	-0.095755164147814					point used in Figure 2 scatter panels
gene_point	ENSG00000117569	PTBP2	0.591026288972608	1.49615041170859	-0.1588336353240222					point used in Figure 2 scatter panels
gene_point	ENSG00000053372	MRTO4	0.0862850150313271	0.240914728971868	-0.0093156853122842					point used in Figure 2 scatter panels
gene_point	ENSG00000154310	TNIK	0.120225020607745	0.376786969824064	-0.2373574906798445					point used in Figure 2 scatter panels
gene_point	ENSG00000119203	CPSF3	-0.119616130595604	-0.0489521485458091	-0.0930624945691143					point used in Figure 2 scatter panels
gene_point	ENSG00000157500	APPL1	-0.60111765295042	-0.439482839237743	-0.1749302835315198					point used in Figure 2 scatter panels
gene_point	ENSG00000005469	CROT	-0.443563283595465	-0.0906131288768952	0.1241330553044495					point used in Figure 2 scatter panels
gene_point	ENSG00000163171	CDC42EP3	1.05776107418898	1.26127101992401	0.8389130674865672					point used in Figure 2 scatter panels
gene_point	ENSG00000186566	GPATCH8	-0.220136078060035	-0.210640068111266	0.1461696861263526					point used in Figure 2 scatter panels
gene_point	ENSG00000102699	PARP4	0.0010461034803138	0.341052176080101	-0.2696733659722312					point used in Figure 2 scatter panels
gene_point	ENSG00000165609	NUDT5	0.198192583194943	0.403220598605038	0.2214230664636218					point used in Figure 2 scatter panels
gene_point	ENSG00000089902	RCOR1	-0.230674661221541	0.117897283262944	-0.1780001889747335					point used in Figure 2 scatter panels
gene_point	ENSG00000177239	MAN1B1	0.241782777029642	0.345359553062046	-0.3655515026092963					point used in Figure 2 scatter panels
gene_point	ENSG00000125970	RALY	0.266244764663857	0.0260336915000988	0.0195986360740612					point used in Figure 2 scatter panels
gene_point	ENSG00000125484	GTF3C4	-0.0499144526041083	-0.0773692614242665	-0.0982384809433405					point used in Figure 2 scatter panels
gene_point	ENSG00000165912	PACSIN3	0.189835922591005	-0.312623057448089	-0.2239359661412763					point used in Figure 2 scatter panels
gene_point	ENSG00000151498	ACAD8	0.0842419381130547	0.21623317387131	0.4011031044658821					point used in Figure 2 scatter panels
gene_point	ENSG00000100813	ACIN1	0.270863865885565	0.487021789018538	0.2247915277169028					point used in Figure 2 scatter panels
gene_point	ENSG00000093000	NUP50	0.453890322760402	0.507980306316134	0.0304882232727763					point used in Figure 2 scatter panels
gene_point	ENSG00000091527	CDV3	0.606453521452531	1.05671396365599	0.023904021434717					point used in Figure 2 scatter panels
gene_point	ENSG00000166170	BAG5	-1.15421218662588	-1.59015023061694	-0.1020446906640337					point used in Figure 2 scatter panels
gene_point	ENSG00000080371	RAB21	0.009993281399069	0.32349115256718	-0.2073802011066803					point used in Figure 2 scatter panels
gene_point	ENSG00000123992	DNPEP	-0.0465783411957509	-0.241944888950399	-0.228505757507051					point used in Figure 2 scatter panels
gene_point	ENSG00000232119	MCTS1	0.0969896749869082	0.414689150694063	-0.009379335237039					point used in Figure 2 scatter panels
gene_point	ENSG00000129422	MTUS1	0.911458709874068	0.925299659819955	-1.3634651170069176					point used in Figure 2 scatter panels
gene_point	ENSG00000134313	KIDINS220	-0.136531502774203	0.154881841861316	-0.4117167823503465					point used in Figure 2 scatter panels
gene_point	ENSG00000153317	ASAP1	0.0426442832360577	-0.330843736973556	-0.2894961681138763					point used in Figure 2 scatter panels
gene_point	ENSG00000240682	ISY1	0.0046812992909523	0.101550745276375	0.1308532770022665					point used in Figure 2 scatter panels
gene_point	ENSG00000092148	HECTD1	-0.551132398099418	-0.131858303136464	-0.5297503642733616					point used in Figure 2 scatter panels
gene_point	ENSG00000101040	ZMYND8	-0.38686848673327	-0.374523691835387	0.8110732170545756					point used in Figure 2 scatter panels
gene_point	ENSG00000148337	CIZ1	0.168151355596851	-1.26594755325554	-0.3884127576787222					point used in Figure 2 scatter panels
gene_point	ENSG00000110880	CORO1C	0.216511158171254	0.368478427696394	-0.0561952095681164					point used in Figure 2 scatter panels
gene_point	ENSG00000088325	TPX2	-0.220717719645007	0.0177380646958597	-0.4752904300937857					point used in Figure 2 scatter panels
gene_point	ENSG00000141101	NOB1	-0.388612089925955	-0.4881381527618	0.2682358551938222					point used in Figure 2 scatter panels
gene_point	ENSG00000011243	AKAP8L	0.467766559505009	0.789336846438379	0.4082403737798632					point used in Figure 2 scatter panels
gene_point	ENSG00000185022	MAFF	1.722452572092	2.30089151687791	0.5160686299272328					point used in Figure 2 scatter panels
gene_point	ENSG00000103490	PYCARD	0.217700996198307	0.0376697204249556	-0.2216706661273981					point used in Figure 2 scatter panels
gene_point	ENSG00000143183	TMCO1	0.0918570636008078	0.465347462680128	-0.047429944994807					point used in Figure 2 scatter panels
gene_point	ENSG00000196586	MYO6	-0.189166036129158	0.146346341123252	-0.0136548884416143					point used in Figure 2 scatter panels
gene_point	ENSG00000065618	COL17A1	-0.0049881193692218	0.201652745468444	-0.1752602698230596					point used in Figure 2 scatter panels
gene_point	ENSG00000157349	DDX19B	-0.0879100434202597	-0.0113113504182301	0.0331840252171709					point used in Figure 2 scatter panels
gene_point	ENSG00000169599	NFU1	0.0777790427943875	-0.269184598579336	0.2614673187154928					point used in Figure 2 scatter panels
gene_point	ENSG00000110107	PRPF19	0.0438501728584513	0.164864309336397	0.1073535140898229					point used in Figure 2 scatter panels
gene_point	ENSG00000135018	UBQLN1	0.0996445599792752	0.316713531949623	-0.0129222127775108					point used in Figure 2 scatter panels
gene_point	ENSG00000117691	NENF	0.220101517509661	-0.586091382435542	0.307269258951198					point used in Figure 2 scatter panels
gene_point	ENSG00000225921	NOL7	0.0557473334504276	0.0392952075347879	0.1249522319319993					point used in Figure 2 scatter panels
gene_point	ENSG00000147164	SNX12	0.116555082397271	0.133498488495016	0.0210368953174864					point used in Figure 2 scatter panels
gene_point	ENSG00000165795	NDRG2	0.322692988360078	0.0710951114176517	-0.0811369283211611					point used in Figure 2 scatter panels
gene_point	ENSG00000132612	VPS4A	0.0210625752886745	-0.48147510383337	0.0852794920219253					point used in Figure 2 scatter panels
gene_point	ENSG00000143842	SOX13	0.0915410174519542	0.472495073276642	-0.3928213965723621					point used in Figure 2 scatter panels
gene_point	ENSG00000138757	G3BP2	0.0728362560853398	0.54001585955047	0.1277413330019783					point used in Figure 2 scatter panels
gene_point	ENSG00000103266	STUB1	0.132170542537016	-0.53606118524969	0.1641808722372104					point used in Figure 2 scatter panels
gene_point	ENSG00000100266	PACSIN2	0.174217092505965	0.552429074340512	0.1489936939770046					point used in Figure 2 scatter panels
gene_point	ENSG00000102316	MAGED2	0.0971831998492379	0.4416966811187	0.0933089426740707					point used in Figure 2 scatter panels
gene_point	ENSG00000129515	SNX6	0.0620327246032478	0.127491573349831	0.0289434797782774					point used in Figure 2 scatter panels
gene_point	ENSG00000114850	SSR3	0.0072455119277183	0.194140202700215	-0.1076979409326135					point used in Figure 2 scatter panels
gene_point	ENSG00000185627	PSMD13	0.118905195243596	0.299781418812501	0.11359260965569					point used in Figure 2 scatter panels
gene_point	ENSG00000101000	PROCR	0.181712877429682	0.284596646673633	-0.3776874066733136					point used in Figure 2 scatter panels
gene_point	ENSG00000084072	PPIE	-0.0016688639021877	0.312479135949397	0.081331636380483					point used in Figure 2 scatter panels
gene_point	ENSG00000086189	DIMT1	-0.399657143821615	-0.493692522330604	-0.477017056078262					point used in Figure 2 scatter panels
gene_point	ENSG00000141030	COPS3	0.123066844804508	0.177317494824124	-0.0993017984314832					point used in Figure 2 scatter panels
gene_point	ENSG00000107789	MINPP1	-0.646434438291141	-0.452787551296508	-0.0988650237039365					point used in Figure 2 scatter panels
gene_point	ENSG00000065183	WDR3	-0.527264970969602	-0.501954657100913	-0.2813435112257405					point used in Figure 2 scatter panels
gene_point	ENSG00000116830	TTF2	-0.399282391615365	-0.119594484851566	-0.1672230544846407					point used in Figure 2 scatter panels
gene_point	ENSG00000088833	NSFL1C	0.0561461352674539	-0.0493650913135376	0.0212411212399992					point used in Figure 2 scatter panels
gene_point	ENSG00000127603	MACF1	-0.102613378618898	-0.305816824541024	-0.3135947133543695					point used in Figure 2 scatter panels
gene_point	ENSG00000105063	PPP6R1	0.176157147370584	-0.0482661081181974	-0.1249084797451587					point used in Figure 2 scatter panels
gene_point	ENSG00000197323	TRIM33	-0.300217237042563	0.0252292687199675	0.2117967367151276					point used in Figure 2 scatter panels
gene_point	ENSG00000100354	TNRC6B	-0.774182786199018	-0.179914289384533	-0.2088715253200366					point used in Figure 2 scatter panels
gene_point	ENSG00000182473	EXOC7	0.0489384509867164	-0.0052861578843858	-0.0367284281734541					point used in Figure 2 scatter panels
gene_point	ENSG00000130749	ZC3H4	0.233674064821111	0.568201296623281	0.080894696231283					point used in Figure 2 scatter panels
gene_point	ENSG00000162402	USP24	-0.173376655863025	-0.167055208416957	-0.5570472100355328					point used in Figure 2 scatter panels
gene_point	ENSG00000100697	DICER1	-2.41765568453781	-3.51838247405133	-0.796295983892982					point used in Figure 2 scatter panels
gene_point	ENSG00000084764	MAPRE3	-0.20104855941493	-0.217230313519611	0.3811380806183599					point used in Figure 2 scatter panels
gene_point	ENSG00000108061	SHOC2	-0.395200190483162	-0.817422769701534	-0.0376869174347014					point used in Figure 2 scatter panels
gene_point	ENSG00000167978	SRRM2	0.201696728892154	0.306379360718318	0.0838027684296349					point used in Figure 2 scatter panels
gene_point	ENSG00000170515	PA2G4	0.141236697578801	0.268996581767874	0.0392751678742513					point used in Figure 2 scatter panels
gene_point	ENSG00000197912	SPG7	0.0522370862155288	0.0693819647363219	-0.2186375417194241					point used in Figure 2 scatter panels
gene_point	ENSG00000175866	BAIAP2	-0.482944022573749	-0.58050998256642	-0.0977237646091566					point used in Figure 2 scatter panels
gene_point	ENSG00000108055	SMC3	-0.0227096969393447	0.643551425126356	0.0124416190305183					point used in Figure 2 scatter panels
gene_point	ENSG00000163848	ZNF148	-0.560313272833087	-0.705428331733444	-0.311519092428707					point used in Figure 2 scatter panels
gene_point	ENSG00000132603	NIP7	-0.126980396432911	0.0860300339283139	0.0037964809413555					point used in Figure 2 scatter panels
gene_point	ENSG00000183207	RUVBL2	0.0687532016864505	0.36324291515026	0.1314999854977436					point used in Figure 2 scatter panels
gene_point	ENSG00000153046	CDYL	-0.0613660212801397	-0.987914208764174	-0.80366845298866					point used in Figure 2 scatter panels
gene_point	ENSG00000102309	PIN4	0.425811095000421	0.46327182283572	0.0234780840314634					point used in Figure 2 scatter panels
gene_point	ENSG00000181061	HIGD1A	0.0418153817324359	0.304726245952671	0.0086569964299236					point used in Figure 2 scatter panels
gene_point	ENSG00000132963	POMP	0.14163895642014	0.303988915083843	-0.0181737486099393					point used in Figure 2 scatter panels
gene_point	ENSG00000100129	EIF3L	0.18211607901091	0.266954252232035	-0.049579875934441					point used in Figure 2 scatter panels
gene_point	ENSG00000137055	PLAA	-0.429199361903575	-0.375273550014505	-0.0170269535219205					point used in Figure 2 scatter panels
gene_point	ENSG00000175792	RUVBL1	0.0874377479224814	0.318235119500855	0.1149797751685497					point used in Figure 2 scatter panels
gene_point	ENSG00000090273	NUDC	0.205763856131555	0.272665735602366	0.102573294948101					point used in Figure 2 scatter panels
gene_point	ENSG00000074582	BCS1L	0.0089417347856353	0.123204199943963	-0.2020014548259148					point used in Figure 2 scatter panels
gene_point	ENSG00000078668	VDAC3	0.0440476388746563	0.347215592178936	-0.0299988761771317					point used in Figure 2 scatter panels
gene_point	ENSG00000165410	CFL2	-0.229752007661292	-0.277309736927598	0.1643438869660975					point used in Figure 2 scatter panels
gene_point	ENSG00000179115	FARSA	-0.143459779337737	-0.020593333553621	-0.0474028862088609					point used in Figure 2 scatter panels
gene_point	ENSG00000090263	MRPS33	-0.0311561853340783	-0.261501370059692	-0.562393248214125					point used in Figure 2 scatter panels
gene_point	ENSG00000185721	DRG1	-0.0341332622953545	0.251412941913529	-0.0548346570463671					point used in Figure 2 scatter panels
gene_point	ENSG00000061676	NCKAP1	-0.150230176867378	-0.734739377078761	-0.2003471303542632					point used in Figure 2 scatter panels
gene_point	ENSG00000257727	CNPY2	0.273563335361506	0.294224166429711	0.3070885344603589					point used in Figure 2 scatter panels
gene_point	ENSG00000144036	EXOC6B	0.466370467677227	0.542551988229553	-0.0033811089770399					point used in Figure 2 scatter panels
gene_point	ENSG00000173120	KDM2A	0.403287970435075	0.610538697081183	-0.1529634163185349					point used in Figure 2 scatter panels
gene_point	ENSG00000083520	DIS3	0.203495633853014	0.804780248807285	0.1438932174812208					point used in Figure 2 scatter panels
gene_point	ENSG00000153339	TRAPPC8	-0.164967834163918	0.2817544480955	0.0080086059577482					point used in Figure 2 scatter panels
gene_point	ENSG00000120158	RCL1	-0.231234795336998	-0.106148985886209	-0.1128875556272177					point used in Figure 2 scatter panels
gene_point	ENSG00000197448	GSTK1	0.281062944681332	0.25786736439472	0.1109775547938625					point used in Figure 2 scatter panels
gene_point	ENSG00000147586	MRPS28	0.0711764164123572	0.238665985475146	0.0158874227377765					point used in Figure 2 scatter panels
gene_point	ENSG00000183978	COA3	-0.0563398714156686	0.183427983037894	-0.0339498895610006					point used in Figure 2 scatter panels
gene_point	ENSG00000239789	MRPS17	-0.39675778728696	-0.165240559248441	-0.1050461186765616					point used in Figure 2 scatter panels
gene_point	ENSG00000125445	MRPS7	0.0299425440959096	0.207309527277392	0.0524453392303314					point used in Figure 2 scatter panels
gene_point	ENSG00000004142	POLDIP2	0.0514234882645274	-0.51528074996155	-0.0135109740506536					point used in Figure 2 scatter panels
gene_point	ENSG00000185009	AP3M1	-0.130848574619334	0.110979337558992	0.1120018292595048					point used in Figure 2 scatter panels
gene_point	ENSG00000119125	GDA	0.2932183155461	0.641698151130999	0.0890447664211713					point used in Figure 2 scatter panels
gene_point	ENSG00000174106	LEMD3	-0.487792655643747	0.104007600811015	-0.1099211111206699					point used in Figure 2 scatter panels
gene_point	ENSG00000153048	CARHSP1	0.669028197601543	0.664550294348864	0.3743263848645313					point used in Figure 2 scatter panels
gene_point	ENSG00000054118	THRAP3	-0.105888979687107	0.318533451475805	0.0438264857004284					point used in Figure 2 scatter panels
gene_point	ENSG00000084463	WBP11	0.169911245947225	0.274974285185026	0.2230709662162944					point used in Figure 2 scatter panels
gene_point	ENSG00000055044	NOP58	-0.217979050476403	0.210634115300384	-0.1273830398786195					point used in Figure 2 scatter panels
gene_point	ENSG00000108262	GIT1	0.269420805673128	-1.78178626530982	-0.0914333287229851					point used in Figure 2 scatter panels
gene_point	ENSG00000102931	ARL2BP	-0.0289509058324121	-0.24905980813535	-0.0708605329110731					point used in Figure 2 scatter panels
gene_point	ENSG00000165416	SUGT1	-0.102106169744521	0.0279871698823525	0.0444536302352531					point used in Figure 2 scatter panels
gene_point	ENSG00000139131	YARS2	-0.218240470976497	-0.132462893054109	0.1229043726948475					point used in Figure 2 scatter panels
gene_point	ENSG00000119723	COQ6	-0.0013690889855809	0.156591609602379	0.3173145810292919					point used in Figure 2 scatter panels
gene_point	ENSG00000123130	ACOT9	0.146070808887332	0.337337273424433	-0.1156341924430215					point used in Figure 2 scatter panels
gene_point	ENSG00000131043	AAR2	-0.867172456304024	-0.640903090898148	-0.0148619900728981					point used in Figure 2 scatter panels
gene_point	ENSG00000142546	NOSIP	0.105716139086308	0.292754925140069	0.2890592405533176					point used in Figure 2 scatter panels
gene_point	ENSG00000023697	DERA	0.10363516893235	-0.402703388672865	-0.1292606155205753					point used in Figure 2 scatter panels
gene_point	ENSG00000162959	MEMO1	0.283338834223753	-0.294842180823952	-0.1702767347173264					point used in Figure 2 scatter panels
gene_point	ENSG00000213593	TMX2	0.104673504662955	0.505944743485494	0.1499103948576667					point used in Figure 2 scatter panels
gene_point	ENSG00000119616	FCF1	-0.0945419665607579	-0.0918636158810498	-0.0167602276960749					point used in Figure 2 scatter panels
gene_point	ENSG00000214530	STARD10	0.474393185461661	0.48866411347063	0.1873293761872574					point used in Figure 2 scatter panels
gene_point	ENSG00000097033	SH3GLB1	-0.185821333245812	-0.160407515888669	-0.157800491309807					point used in Figure 2 scatter panels
gene_point	ENSG00000137806	NDUFAF1	-0.144208109139436	0.125772364277639	0.6602750713388907					point used in Figure 2 scatter panels
gene_point	ENSG00000135932	CAB39	0.299556293800091	0.456517243439535	-0.1256210663342472					point used in Figure 2 scatter panels
gene_point	ENSG00000146963	LUC7L2	0.583411157032517	1.07568004284165	0.085831577754309					point used in Figure 2 scatter panels
gene_point	ENSG00000100612	DHRS7	0.0831329571855515	0.254598988576866	-0.0872410717461846					point used in Figure 2 scatter panels
gene_point	ENSG00000122140	MRPS2	-0.0752399992647474	-0.291210038244403	-0.0188407801865118					point used in Figure 2 scatter panels
gene_point	ENSG00000189306	RRP7A	-0.0066978971069935	-0.121373918372271	0.7481829804137874					point used in Figure 2 scatter panels
gene_point	ENSG00000126524	SBDS	0.284607247870432	0.390114629777526	0.1641534180236732					point used in Figure 2 scatter panels
gene_point	ENSG00000171311	EXOSC1	0.117976295636641	0.160854449392514	-0.0955336532857522					point used in Figure 2 scatter panels
gene_point	ENSG00000115128	SF3B6	0.275647290266635	0.257187712790911	-0.1098630038437065					point used in Figure 2 scatter panels
gene_point	ENSG00000174547	MRPL11	0.152244740890889	0.120108773240966	-0.0917739227059399					point used in Figure 2 scatter panels
gene_point	ENSG00000076043	REXO2	0.198116217626248	0.133517417538969	0.0267559940292834					point used in Figure 2 scatter panels
gene_point	ENSG00000067533	RRP15	-0.466922088363485	-0.11365671984662	0.1096325364693555					point used in Figure 2 scatter panels
gene_point	ENSG00000048162	NOP16	0.131642239939691	0.0632345321099179	-0.0286484833879825					point used in Figure 2 scatter panels
gene_point	ENSG00000137168	PPIL1	0.0527715017280624	-0.108044588114863	-0.2492180740492173					point used in Figure 2 scatter panels
gene_point	ENSG00000143222	UFC1	0.296524269902938	0.423166879956765	0.1481997677629039					point used in Figure 2 scatter panels
gene_point	ENSG00000182180	MRPS16	-0.182225819850745	-0.205859900799178	0.0256725746904002					point used in Figure 2 scatter panels
gene_point	ENSG00000163319	MRPS18C	-0.0203798734153128	-0.135822868062545	0.0564104014903712					point used in Figure 2 scatter panels
gene_point	ENSG00000214253	FIS1	0.170967808631596	0.110525156400555	-0.2843352375580537					point used in Figure 2 scatter panels
gene_point	ENSG00000181610	MRPS23	-0.200466622117525	-0.262660019649915	0.0735274104685324					point used in Figure 2 scatter panels
gene_point	ENSG00000111711	GOLT1B	-0.10557606566225	0.181739380545329	-0.1382093098455215					point used in Figure 2 scatter panels
gene_point	ENSG00000141378	PTRH2	-0.0512732750875262	-0.0267711663094833	0.0162043002177441					point used in Figure 2 scatter panels
gene_point	ENSG00000115561	CHMP3	1.69348763003107	0.229935727753147	-0.0708185306197357					point used in Figure 2 scatter panels
gene_point	ENSG00000023734	STRAP	0.0908166127861234	0.221331432458717	0.1191764257190932					point used in Figure 2 scatter panels
gene_point	ENSG00000100220	RTCB	0.023794596972547	0.206515347144845	0.0210709354650298					point used in Figure 2 scatter panels
gene_point	ENSG00000100225	FBXO7	0.288393015987452	0.173499159382464	0.2464362628451368					point used in Figure 2 scatter panels
gene_point	ENSG00000100092	SH3BP1	0.324497869845195	-0.537951434357967	-0.2680311924252443					point used in Figure 2 scatter panels
gene_point	ENSG00000133121	STARD13	0.289919804548606	1.26950434050345	0.209974819311153					point used in Figure 2 scatter panels
gene_point	ENSG00000011454	RABGAP1	-0.0008760763214392	-0.0478882794039548	0.2166867238047984					point used in Figure 2 scatter panels
gene_point	ENSG00000166925	TSC22D4	0.858735648182707	1.22045287368954	0.1246679094935956					point used in Figure 2 scatter panels
gene_point	ENSG00000188976	NOC2L	0.156342369915396	0.354355092500598	-0.2049186105686793					point used in Figure 2 scatter panels
gene_point	ENSG00000130255	RPL36	0.266098447708838	0.124641854764396	0.2752149889540867					point used in Figure 2 scatter panels
gene_point	ENSG00000105321	CCDC9	-0.482819233632365	-0.948498564595667	-0.7784351974476671					point used in Figure 2 scatter panels
gene_point	ENSG00000160679	CHTOP	0.294516446446948	0.756054846832238	-0.290037460480967					point used in Figure 2 scatter panels
gene_point	ENSG00000101347	SAMHD1	0.024940927639176	0.354516722730951	0.1722664029348735					point used in Figure 2 scatter panels
gene_point	ENSG00000184363	PKP3	0.0058045145918621	-0.1459209923049	-0.1172002218108083					point used in Figure 2 scatter panels
gene_point	ENSG00000112339	HBS1L	-0.129891316409143	-0.303986180508253	-0.5139252205041132					point used in Figure 2 scatter panels
gene_point	ENSG00000143033	MTF2	-1.01400556823197	-0.595463576619743	-0.4315482037236862					point used in Figure 2 scatter panels
gene_point	ENSG00000137076	TLN1	0.214363635290003	0.472823503685502	-0.0101846165201386					point used in Figure 2 scatter panels
gene_point	ENSG00000196367	TRRAP	-0.0944389448054908	-0.18085067653996	-0.484979375896664					point used in Figure 2 scatter panels
gene_point	ENSG00000115548	KDM3A	0.681376778906158	1.01032252393899	-0.2386774939534035					point used in Figure 2 scatter panels
gene_point	ENSG00000198420	TCAF1	-0.310082317174368	0.164458584886015	-0.0128502441883675					point used in Figure 2 scatter panels
gene_point	ENSG00000122965	RBM19	0.108576330456448	0.240961116528059	0.0001303320433727					point used in Figure 2 scatter panels
gene_point	ENSG00000100592	DAAM1	0.799009368332696	1.0925670204878	0.2528682729739664					point used in Figure 2 scatter panels
gene_point	ENSG00000091157	WDR7	0.0062431723755222	0.114995818211957	0.7344890608510042					point used in Figure 2 scatter panels
gene_point	ENSG00000135655	USP15	-0.272931266563964	0.38258185462682	0.0326428658610069					point used in Figure 2 scatter panels
gene_point	ENSG00000099814	CEP170B	0.273018564829753	-1.07289124420916	-0.3493002376191452					point used in Figure 2 scatter panels
gene_point	ENSG00000185950	IRS2	1.30930521401338	1.79901627245839	0.3104816071453342					point used in Figure 2 scatter panels
gene_point	ENSG00000134013	LOXL2	0.240505512397465	0.489468357845421	1.201860986900904					point used in Figure 2 scatter panels
gene_point	ENSG00000012983	MAP4K5	0.342686134529037	0.237563270440347	-0.2443971849449777					point used in Figure 2 scatter panels
gene_point	ENSG00000106638	TBL2	-0.346000611906599	-0.159240844919597	-0.4162194141914064					point used in Figure 2 scatter panels
gene_point	ENSG00000157954	WIPI2	0.386889739291981	-0.0931414987588776	0.272162671639947					point used in Figure 2 scatter panels
gene_point	ENSG00000100726	TELO2	0.122152821011725	0.325272474928437	-0.1677167679788418					point used in Figure 2 scatter panels
gene_point	ENSG00000001497	LAS1L	0.100050563725914	0.371939851360672	0.0830966045798895					point used in Figure 2 scatter panels
gene_point	ENSG00000141385	AFG3L2	0.0091371814976818	-0.232245730160703	-0.1805970077266607					point used in Figure 2 scatter panels
gene_point	ENSG00000166233	ARIH1	0.0510077969591258	0.424597077473917	-0.1869091610867705					point used in Figure 2 scatter panels
gene_point	ENSG00000106355	LSM5	0.106365853201682	-0.134363057566867	-0.1669167213912423					point used in Figure 2 scatter panels
gene_point	ENSG00000130520	LSM4	0.240382048272701	-0.144517060867739	-0.1360540327051467					point used in Figure 2 scatter panels
gene_point	ENSG00000100347	SAMM50	-0.0658189701866659	0.0003234471129408	-0.2625774020111571					point used in Figure 2 scatter panels
gene_point	ENSG00000117523	PRRC2C	-0.0778179685464022	0.329249675154477	-0.3056481466957166					point used in Figure 2 scatter panels
gene_point	ENSG00000124596	OARD1	0.0490826041741094	0.141229255861357	-0.2027724228946414					point used in Figure 2 scatter panels
gene_point	ENSG00000214517	PPME1	1.1581350513679	1.65265424583821	0.384276570334265					point used in Figure 2 scatter panels
gene_point	ENSG00000076053	RBM7	0.234066508235115	0.597261871779584	0.0015574677330114					point used in Figure 2 scatter panels
gene_point	ENSG00000136636	KCTD3	-0.314190518742339	-0.574420300680589	-0.5421246559726889					point used in Figure 2 scatter panels
gene_point	ENSG00000013374	NUB1	-0.227272116413787	-0.0933561382779127	0.6159042247517608					point used in Figure 2 scatter panels
gene_point	ENSG00000198492	YTHDF2	-0.0397139676520489	0.127178206486999	-0.124183237240814					point used in Figure 2 scatter panels
gene_point	ENSG00000092201	SUPT16H	-0.0559142885521212	0.339946252950119	-0.0475567237537823					point used in Figure 2 scatter panels
gene_point	ENSG00000011260	UTP18	-0.0609009296889273	0.113728118831453	-0.1417867918455293					point used in Figure 2 scatter panels
gene_point	ENSG00000174307	PHLDA3	-0.217896067047409	0.156132876033496	0.3143982907628189					point used in Figure 2 scatter panels
gene_point	ENSG00000132286	TIMM10B	-0.606517758964405	-0.456487343093315	-0.1535107647962839					point used in Figure 2 scatter panels
gene_point	ENSG00000100575	TIMM9	-0.867068056798843	-1.0814400338953	0.1022672637830481					point used in Figure 2 scatter panels
gene_point	ENSG00000150779	TIMM8B	-0.0297446424100165	-0.155290953839436	-0.1966338853121207					point used in Figure 2 scatter panels
gene_point	ENSG00000116750	UCHL5	-0.234864187070623	-0.0223543690888376	0.0104059513669199					point used in Figure 2 scatter panels
gene_point	ENSG00000198087	CD2AP	-0.0980628937238865	-0.0908632856322864	-0.0064795840237152					point used in Figure 2 scatter panels
gene_point	ENSG00000100554	ATP6V1D	0.285248153959839	0.467434089709962	0.0325965268243777					point used in Figure 2 scatter panels
gene_point	ENSG00000064419	TNPO3	0.0202655817688995	-0.0106693936146371	-0.0444395283645278					point used in Figure 2 scatter panels
gene_point	ENSG00000099800	TIMM13	0.31898972194272	0.318076183251019	0.0009666435607904					point used in Figure 2 scatter panels
gene_point	ENSG00000144867	SRPRB	-0.0674032993923234	0.260589202042151	-0.1870880532656897					point used in Figure 2 scatter panels
gene_point	ENSG00000173540	GMPPB	0.170505330226194	0.247775515822415	0.1367087131359774					point used in Figure 2 scatter panels
gene_point	ENSG00000148308	GTF3C5	0.189302693205181	0.0202237080261198	0.0700974171130859					point used in Figure 2 scatter panels
gene_point	ENSG00000119041	GTF3C3	-0.104648165875273	0.244811647834509	-0.230846276034045					point used in Figure 2 scatter panels
gene_point	ENSG00000198752	CDC42BPB	0.141673251323182	-0.488909768760016	-0.0846580245146775					point used in Figure 2 scatter panels
gene_point	ENSG00000265241	RBM8A	-0.0715830330862335	0.294956745654389	-0.1756560576938071					point used in Figure 2 scatter panels
gene_point	ENSG00000184281	TSSC4	-0.162473040283055	-0.100674128194676	0.2172058033387642					point used in Figure 2 scatter panels
gene_point	ENSG00000134049	IER3IP1	-0.0997156650746315	-0.267722941854429	-0.2719075121795171					point used in Figure 2 scatter panels
gene_point	ENSG00000120963	ZNF706	-0.275930117841633	-0.614836263906131	0.1279780391962468					point used in Figure 2 scatter panels
gene_point	ENSG00000130340	SNX9	0.037225016055492	-0.190431724125648	-0.0823585588560007					point used in Figure 2 scatter panels
gene_point	ENSG00000089006	SNX5	0.072126019337432	-0.0875423172792528	-0.0799329370938792					point used in Figure 2 scatter panels
gene_point	ENSG00000162769	FLVCR1	-0.287315368417346	0.270453792169348	0.4805132740050535					point used in Figure 2 scatter panels
gene_point	ENSG00000095906	NUBP2	0.176998830524971	0.149168065028611	0.0528408472831216					point used in Figure 2 scatter panels
gene_point	ENSG00000121680	PEX16	-0.406210168800822	-0.431981514665913	0.9833657155860251					point used in Figure 2 scatter panels
gene_point	ENSG00000149418	ST14	1.19650306440495	1.06493507037713	-0.197571336427579					point used in Figure 2 scatter panels
gene_point	ENSG00000051620	HEBP2	0.105068311691458	-0.767159126776962	-0.511665974678003					point used in Figure 2 scatter panels
gene_point	ENSG00000177192	PUS1	-0.500251179687418	-0.621532275529081	0.0428003263810659					point used in Figure 2 scatter panels
gene_point	ENSG00000093167	LRRFIP2	0.0101707982855276	-0.135909482064339	-0.4264266317606839					point used in Figure 2 scatter panels
gene_point	ENSG00000135723	FHOD1	-0.120900788060073	-0.13523947977723	-0.2681984374217698					point used in Figure 2 scatter panels
gene_point	ENSG00000135069	PSAT1	-0.0344616836230407	0.236981369916104	-0.1437204450324394					point used in Figure 2 scatter panels
gene_point	ENSG00000196498	NCOR2	-0.108410886146113	-0.884119578949236	-0.90632576201563					point used in Figure 2 scatter panels
gene_point	ENSG00000102743	SLC25A15	-0.753739812250129	-1.53727806007251	-0.4277262208420183					point used in Figure 2 scatter panels
gene_point	ENSG00000158769	F11R	0.190708393075367	0.355167703448736	-0.1467621363788893					point used in Figure 2 scatter panels
gene_point	ENSG00000156642	NPTN	0.509915974049423	0.639826938122271	0.0202194560822235					point used in Figure 2 scatter panels
gene_point	ENSG00000106723	SPIN1	0.236342056000076	0.442475081901926	0.004518331887672					point used in Figure 2 scatter panels
gene_point	ENSG00000120697	ALG5	-0.0546663849661461	0.291927761332149	-0.3430811581976449					point used in Figure 2 scatter panels
gene_point	ENSG00000181789	COPG1	0.0323650619753059	0.370266892530392	0.0740809369592447					point used in Figure 2 scatter panels
gene_point	ENSG00000115307	AUP1	0.212016628635856	0.138135242870866	-0.0454474561229076					point used in Figure 2 scatter panels
gene_point	ENSG00000169504	CLIC4	0.165993109294366	0.52165507485156	0.0059337062790909					point used in Figure 2 scatter panels
gene_point	ENSG00000244005	NFS1	-0.172516532178438	-0.148112416450063	0.0430017049993018					point used in Figure 2 scatter panels
gene_point	ENSG00000130714	POMT1	0.18696965816195	0.169382640926218	-0.1394070950534836					point used in Figure 2 scatter panels
gene_point	ENSG00000070761	CFAP20	0.0948297323505186	0.303035113731765	-0.4210629803910404					point used in Figure 2 scatter panels
gene_point	ENSG00000013810	TACC3	-0.425596435965068	-0.442894199419439	-0.1396767473895455					point used in Figure 2 scatter panels
gene_point	ENSG00000114902	SPCS1	0.122299162317751	0.284204570440849	-0.3491248088404397					point used in Figure 2 scatter panels
gene_point	ENSG00000152700	SAR1B	-0.380869663857574	0.007384549689626	-0.0232788425016465					point used in Figure 2 scatter panels
gene_point	ENSG00000124198	ARFGEF2	-0.221831112277608	-0.482285919326377	-0.3436009532813315					point used in Figure 2 scatter panels
gene_point	ENSG00000066777	ARFGEF1	-0.611651201384414	-0.427917624587137	-0.2966356351803263					point used in Figure 2 scatter panels
gene_point	ENSG00000002822	MAD1L1	-0.0976094409778757	-0.326890946295994	0.0142074257914686					point used in Figure 2 scatter panels
gene_point	ENSG00000102572	STK24	0.0977581352514835	-0.331967808503879	-0.1056196390847077					point used in Figure 2 scatter panels
gene_point	ENSG00000136261	BZW2	0.160681867053729	0.175134662921522	-0.1381199370919787					point used in Figure 2 scatter panels
gene_point	ENSG00000145781	COMMD10	0.0459420145413894	0.220459743980063	-0.028102562441779					point used in Figure 2 scatter panels
gene_point	ENSG00000144635	DYNC1LI1	-0.0157702483502474	0.063605382386571	-0.0982129698711418					point used in Figure 2 scatter panels
gene_point	ENSG00000063245	EPN1	0.279906959604246	-1.54589541511271	-0.6242187819395912					point used in Figure 2 scatter panels
gene_point	ENSG00000134255	CEPT1	-0.04957400792081	0.0997007968865555	0.0198516010985585					point used in Figure 2 scatter panels
gene_point	ENSG00000111331	OAS3	0.146946323640099	0.364517927015809	-0.0444314207733178					point used in Figure 2 scatter panels
gene_point	ENSG00000073792	IGF2BP2	0.232795821413448	-0.0036876089629958	0.074862916214748					point used in Figure 2 scatter panels
gene_point	ENSG00000151292	CSNK1G3	-0.0398183967490699	0.105883351356508	-0.1076548544692368					point used in Figure 2 scatter panels
gene_point	ENSG00000170385	SLC30A1	0.0301564876538708	0.734393904270744	0.0859170580764576					point used in Figure 2 scatter panels
gene_point	ENSG00000147684	NDUFB9	0.435976178778166	0.308571876821877	-0.0131844856161933					point used in Figure 2 scatter panels
gene_point	ENSG00000166260	COX11	0.0761988797766021	0.283146150943495	0.0359461998483947					point used in Figure 2 scatter panels
gene_point	ENSG00000129354	AP1M2	-0.0655431878247462	-0.177648706130116	0.483468668590433					point used in Figure 2 scatter panels
gene_point	ENSG00000124151	NCOA3	0.364037584753725	0.516832025198801	-0.3134324550075273					point used in Figure 2 scatter panels
gene_point	ENSG00000158195	WASF2	0.121601524663185	-0.46919480966684	-0.124097003566888					point used in Figure 2 scatter panels
gene_point	ENSG00000129933	MAU2	-0.15803527059122	-0.110244917524522	0.3225074921257231					point used in Figure 2 scatter panels
gene_point	ENSG00000133422	MORC2	-0.482622943349477	-0.366305805833805	-0.2209384353901793					point used in Figure 2 scatter panels
gene_point	ENSG00000116679	IVNS1ABP	0.0121177094732387	-0.632664453933123	-0.9265320747514298					point used in Figure 2 scatter panels
gene_point	ENSG00000107651	SEC23IP	-0.083733450498524	0.0679076659760224	-0.0621344515896638					point used in Figure 2 scatter panels
summary		RNA6_to_Protein24				0.11347795924096821	0.081072	0.145706	<1e-4	Spearman rho
summary		Ribo6_to_Protein24				0.16326415613882245	0.131497	0.194935	<1e-4	Spearman rho
summary		Delta_Ribo_minus_RNA				0.04971168011039095	0.023766264613078198	0.07572869112018572	0.0002	paired bootstrap
