record_type	gene_id	gene_symbol	residual_Ribo6_after_RNA6	Protein24	estimate	CI_low	CI_high	P	note
gene_point	ENSG00000163694	RBM47	0.26883183035525715	0.3121783126303423					residual scatter point
gene_point	ENSG00000129173	E2F8	-0.10508342705623852	-0.6486924010162269					residual scatter point
gene_point	ENSG00000033178	UBA6	0.4589737598768151	0.0148205084327877					residual scatter point
gene_point	ENSG00000117868	ESYT2	-0.041495592455604774	-0.3274302634898234					residual scatter point
gene_point	ENSG00000156603	MED19	-0.08981930227501428	-0.1710579642099148					residual scatter point
gene_point	ENSG00000187164	SHTN1	0.07675285275292662	-0.0835178692232787					residual scatter point
gene_point	ENSG00000168569	TMEM223	-0.5310769644099869	-0.2879135150239911					residual scatter point
gene_point	ENSG00000152102	FAM168B	0.21483328337013063	-0.1178552808356947					residual scatter point
gene_point	ENSG00000151779	NBAS	0.24447170649757505	-0.1021179461587422					residual scatter point
gene_point	ENSG00000102763	VWA8	0.15679652014514892	-0.0938606210918848					residual scatter point
gene_point	ENSG00000105793	GTPBP10	-0.09805447718481908	-0.6224935752436593					residual scatter point
gene_point	ENSG00000125107	CNOT1	-0.1225341847661115	-0.1901767680651716					residual scatter point
gene_point	ENSG00000184207	PGP	-0.457005553179956	0.1571833194078955					residual scatter point
gene_point	ENSG00000101596	SMCHD1	0.4685205664887657	-0.1703515538860784					residual scatter point
gene_point	ENSG00000175970	UNC119B	-0.1798211328087551	0.397124508133432					residual scatter point
gene_point	ENSG00000169519	METTL15	0.051683537429116244	-0.0297722240679778					residual scatter point
gene_point	ENSG00000231991	ANXA2P2	0.26937091980966094	-0.2234282618409899					residual scatter point
gene_point	ENSG00000214655	ZSWIM8	0.20554966762135124	-2.145258397411242					residual scatter point
gene_point	ENSG00000203965	EFCAB7	0.39262385784424814	-0.2119212688497214					residual scatter point
gene_point	ENSG00000197191	CYSRT1	-0.04898827322690691	-0.158465558998202					residual scatter point
gene_point	ENSG00000213965	NUDT19	-0.26876352939875203	0.1568612704866332					residual scatter point
gene_point	ENSG00000196531	NACA	-0.0662980424745021	0.0257980704233311					residual scatter point
gene_point	ENSG00000176087	SLC35A4	-0.3156404418411717	-0.3199093895341285					residual scatter point
gene_point	ENSG00000105612	DNASE2	0.22818027092928028	-0.4802882321508228					residual scatter point
gene_point	ENSG00000018510	AGPS	0.4216102930631379	0.0850448835271109					residual scatter point
gene_point	ENSG00000068796	KIF2A	0.2831070658366266	0.0384104690298094					residual scatter point
gene_point	ENSG00000123136	DDX39A	0.1052392912585376	0.0934593419235199					residual scatter point
gene_point	ENSG00000107438	PDLIM1	0.09109780408260976	0.2729261620295062					residual scatter point
gene_point	ENSG00000097021	ACOT7	0.16101348018942985	-0.0263656213385026					residual scatter point
gene_point	ENSG00000197879	MYO1C	-0.09109082052200804	0.0720563823032378					residual scatter point
gene_point	ENSG00000092531	SNAP23	0.2848500365919272	-0.2065644777151583					residual scatter point
gene_point	ENSG00000143575	HAX1	-0.23854729212038764	-0.3146778957833618					residual scatter point
gene_point	ENSG00000110711	AIP	0.0021286344574155958	0.1747476222497539					residual scatter point
gene_point	ENSG00000100226	GTPBP1	0.10274378401954248	-0.1284126598099391					residual scatter point
gene_point	ENSG00000168961	LGALS9	-0.2607005455469805	0.0778905341523064					residual scatter point
gene_point	ENSG00000116266	STXBP3	0.2384608959157671	0.3007191233744635					residual scatter point
gene_point	ENSG00000221838	AP4M1	0.059586906065603795	0.3132791435518669					residual scatter point
gene_point	ENSG00000132842	AP3B1	0.19693303875953988	-0.0294756585844773					residual scatter point
gene_point	ENSG00000116977	LGALS8	0.3712451518657099	-0.2022124135344079					residual scatter point
gene_point	ENSG00000110717	NDUFS8	0.04883655861923275	-0.0913427404284306					residual scatter point
gene_point	ENSG00000146232	NFKBIE	-0.5208308051799082	0.0606276689811586					residual scatter point
gene_point	ENSG00000108671	PSMD11	0.028861400016341354	0.1955280507774652					residual scatter point
gene_point	ENSG00000197170	PSMD12	0.20982938115068744	0.0763708769494506					residual scatter point
gene_point	ENSG00000110801	PSMD9	-0.2015912626232476	0.0815102967707801					residual scatter point
gene_point	ENSG00000177556	ATOX1	-0.04434064189559944	0.1416490384583077					residual scatter point
gene_point	ENSG00000133895	MEN1	-0.4087799733137684	0.817211841781015					residual scatter point
gene_point	ENSG00000141582	CBX4	-0.5914695892367243	0.3843418160994023					residual scatter point
gene_point	ENSG00000101856	PGRMC1	0.32293044595285353	-0.1108979106615493					residual scatter point
gene_point	ENSG00000196235	SUPT5H	0.048192475833891385	0.0634184712150904					residual scatter point
gene_point	ENSG00000160049	DFFA	0.03752107302904342	-0.2101419664305517					residual scatter point
gene_point	ENSG00000133111	RFXAP	-0.16453345945524844	0.5907916671989515					residual scatter point
gene_point	ENSG00000175390	EIF3F	0.0008958060460538264	0.0557140773637101					residual scatter point
gene_point	ENSG00000104671	DCTN6	0.25964379943641513	0.1028816092729698					residual scatter point
gene_point	ENSG00000106299	WASL	-0.3048496391597036	0.2078020709662631					residual scatter point
gene_point	ENSG00000065150	IPO5	0.2927228508323241	0.0309425278248092					residual scatter point
gene_point	ENSG00000150459	SAP18	0.05477460344404739	0.0622821535478337					residual scatter point
gene_point	ENSG00000136231	IGF2BP3	0.12725231240898754	-0.1195849039820338					residual scatter point
gene_point	ENSG00000087470	DNM1L	0.3371616112156534	0.0397675511432389					residual scatter point
gene_point	ENSG00000137996	RTCA	-0.06802292075118554	-0.1164991429987267					residual scatter point
gene_point	ENSG00000011405	PIK3C2A	-0.010714050398533459	-0.0949039432092					residual scatter point
gene_point	ENSG00000105647	PIK3R2	-1.5101496310056137	-0.399522583476843					residual scatter point
gene_point	ENSG00000173905	GOLIM4	0.07031051068614488	-0.4006822092475381					residual scatter point
gene_point	ENSG00000188157	AGRN	-0.4204873434894387	0.0810913030061541					residual scatter point
gene_point	ENSG00000152952	PLOD2	0.035538995623202174	-0.1282459667930453					residual scatter point
gene_point	ENSG00000070367	EXOC5	-0.020637080074448033	0.0316931093090175					residual scatter point
gene_point	ENSG00000115233	PSMD14	0.38335733789005566	0.2073770096668639					residual scatter point
gene_point	ENSG00000102753	KPNA3	0.2841983980209063	0.048991039866248					residual scatter point
gene_point	ENSG00000100029	PES1	0.09291779359892875	-0.0453875429041943					residual scatter point
gene_point	ENSG00000137575	SDCBP	0.43140971871437606	0.5083831564991961					residual scatter point
gene_point	ENSG00000110697	PITPNM1	-1.660818037423771	-0.0478876088208881					residual scatter point
gene_point	ENSG00000124383	MPHOSPH10	0.20465182564336248	0.0482112691216585					residual scatter point
gene_point	ENSG00000101361	NOP56	-0.32005273808513235	-0.1495480110681555					residual scatter point
gene_point	ENSG00000215301	DDX3X	0.6525383380825467	0.1415780928164025					residual scatter point
gene_point	ENSG00000128567	PODXL	-0.3770427896772961	-0.2322957968973149					residual scatter point
gene_point	ENSG00000087842	PIR	0.29052415253447283	-0.0770888141893522					residual scatter point
gene_point	ENSG00000186432	KPNA4	0.3468559241832658	0.1756959303202983					residual scatter point
gene_point	ENSG00000112343	TRIM38	0.11835811496807058	-0.1060639767279116					residual scatter point
gene_point	ENSG00000119414	PPP6C	0.2194148811861461	0.0342561232950338					residual scatter point
gene_point	ENSG00000175063	UBE2C	0.031758757468006105	-0.490009331743364					residual scatter point
gene_point	ENSG00000076555	ACACB	0.3252128867174673	-0.1086937049847183					residual scatter point
gene_point	ENSG00000160209	PDXK	0.03207554876200043	-0.0185512461718531					residual scatter point
gene_point	ENSG00000099194	SCD	0.11949878129621216	-0.0164052023611205					residual scatter point
gene_point	ENSG00000117713	ARID1A	-0.007965853375616228	-0.2681251816259564					residual scatter point
gene_point	ENSG00000204370	SDHD	0.09245405225012834	0.1596498627796663					residual scatter point
gene_point	ENSG00000115514	TXNDC9	0.30585317961292857	4.668405492855618					residual scatter point
gene_point	ENSG00000135148	TRAFD1	-0.35997303057377683	0.9159416086567588					residual scatter point
gene_point	ENSG00000115944	COX7A2L	0.044199889544427495	-0.1616933496730581					residual scatter point
gene_point	ENSG00000004779	NDUFAB1	-0.02345359663125951	0.5367175053240061					residual scatter point
gene_point	ENSG00000103353	UBFD1	0.14236108465580338	0.1031552617870694					residual scatter point
gene_point	ENSG00000122966	CIT	0.1671280612863647	-0.4103824308779593					residual scatter point
gene_point	ENSG00000105669	COPE	-0.13397241293834755	0.0558751904226433					residual scatter point
gene_point	ENSG00000065000	AP3D1	-0.712914609525692	-0.0980259380619976					residual scatter point
gene_point	ENSG00000173992	CCS	0.16729246008974488	-0.021385891183506					residual scatter point
gene_point	ENSG00000099204	ABLIM1	0.04869488646427034	-0.0291744442260366					residual scatter point
gene_point	ENSG00000004975	DVL2	-0.9013935233108639	-0.1008197092398948					residual scatter point
gene_point	ENSG00000153922	CHD1	0.7675753307366062	-0.1294314684236788					residual scatter point
gene_point	ENSG00000136827	TOR1A	-0.33900761472210994	0.2166497681027941					residual scatter point
gene_point	ENSG00000136816	TOR1B	0.22431793259592311	-0.0086416417666406					residual scatter point
gene_point	ENSG00000124222	STX16	-0.733458739901127	-0.0414737303507024					residual scatter point
gene_point	ENSG00000137845	ADAM10	0.3533826635150595	-0.3146811791472679					residual scatter point
gene_point	ENSG00000148344	PTGES	0.2384552908884933	0.0727207930826807					residual scatter point
gene_point	ENSG00000107614	TRDMT1	-0.004967329789123044	0.930737100747148					residual scatter point
gene_point	ENSG00000120868	APAF1	0.6285385322832223	-0.0528512348240877					residual scatter point
gene_point	ENSG00000101473	ACOT8	-0.11433948303140015	0.1814317986970053					residual scatter point
gene_point	ENSG00000103502	CDIPT	-0.17969119920333337	-0.2820576605034723					residual scatter point
gene_point	ENSG00000105185	PDCD5	-0.23237017122705425	-0.1489549728370214					residual scatter point
gene_point	ENSG00000100462	PRMT5	0.042455863078024764	0.0519401888049984					residual scatter point
gene_point	ENSG00000166340	TPP1	0.378540798979726	-0.0592766618197977					residual scatter point
gene_point	ENSG00000113649	TCERG1	0.3496980448976886	0.0040407916967772					residual scatter point
gene_point	ENSG00000105576	TNPO2	0.25058671669476057	-0.0949846768461419					residual scatter point
gene_point	ENSG00000101182	PSMA7	-0.2481859757342597	0.038437958316333					residual scatter point
gene_point	ENSG00000156273	BACH1	-0.5965277154212586	-0.3337866543806349					residual scatter point
gene_point	ENSG00000103507	BCKDK	-0.6433450415579733	-0.0765892161574743					residual scatter point
gene_point	ENSG00000119917	IFIT3	0.6306409455958633	0.2284923562715555					residual scatter point
gene_point	ENSG00000143198	MGST3	0.2368490953212108	-0.5200523565643742					residual scatter point
gene_point	ENSG00000092208	GEMIN2	0.03706698068149383	0.0950666828772739					residual scatter point
gene_point	ENSG00000117595	IRF6	0.21445507924601442	-0.1105553307677418					residual scatter point
gene_point	ENSG00000213977	TAX1BP3	-1.469849520126176	0.0645219911698156					residual scatter point
gene_point	ENSG00000123159	GIPC1	-0.28119480560144516	0.1364566470653088					residual scatter point
gene_point	ENSG00000104365	IKBKB	-0.19086828067211664	0.0121696174420478					residual scatter point
gene_point	ENSG00000265354	TIMM23	0.01888578184020183	0.0090927890196788					residual scatter point
gene_point	ENSG00000156587	UBE2L6	-0.0175664234835112	-0.1188771676361355					residual scatter point
gene_point	ENSG00000147044	CASK	0.1640760566606508	-0.1456394557397118					residual scatter point
gene_point	ENSG00000129219	PLD2	-0.08437575172108494	1.513159923541533					residual scatter point
gene_point	ENSG00000164405	UQCRQ	-0.15774858858722435	-0.1126817656677587					residual scatter point
gene_point	ENSG00000185359	HGS	-0.31465477570220374	-0.0173842210747103					residual scatter point
gene_point	ENSG00000058272	PPP1R12A	0.5881191306554104	0.2477027621985819					residual scatter point
gene_point	ENSG00000178950	GAK	-0.13385342372116932	-0.1172499529197068					residual scatter point
gene_point	ENSG00000152795	HNRNPDL	0.3814285025799814	-0.0758164456607985					residual scatter point
gene_point	ENSG00000082898	XPO1	0.45551582604935575	-0.0584329183538869					residual scatter point
gene_point	ENSG00000095564	BTAF1	0.5324802238881985	-0.1665484424488763					residual scatter point
gene_point	ENSG00000180357	ZNF609	-0.5421876266316628	1.1671467067492571					residual scatter point
gene_point	ENSG00000166436	TRIM66	0.439411145637596	0.0610990617111966					residual scatter point
gene_point	ENSG00000148396	SEC16A	-0.027872110815221687	0.050579603720962					residual scatter point
gene_point	ENSG00000196576	PLXNB2	-0.15015535790445567	-0.3607909211473199					residual scatter point
gene_point	ENSG00000119682	AREL1	-0.473723119684845	1.1121061954882911					residual scatter point
gene_point	ENSG00000163714	U2SURP	0.484063949007302	-0.0811799997690876					residual scatter point
gene_point	ENSG00000101350	KIF3B	-0.3009266699708562	-0.2383401576513435					residual scatter point
gene_point	ENSG00000178921	PFAS	-0.3530172847501408	0.054326396889138					residual scatter point
gene_point	ENSG00000206560	ANKRD28	-0.0961278335604199	0.1505141468186579					residual scatter point
gene_point	ENSG00000175324	LSM1	-0.16588328595756968	0.2626782632676381					residual scatter point
gene_point	ENSG00000141458	NPC1	0.1545634338900869	-0.2459329207526472					residual scatter point
gene_point	ENSG00000169692	AGPAT2	-0.7466997360187203	-0.3185090961858172					residual scatter point
gene_point	ENSG00000085365	SCAMP1	0.15226586949442802	-0.0162380006935851					residual scatter point
gene_point	ENSG00000140497	SCAMP2	-0.2354262460421192	-0.0990558014589524					residual scatter point
gene_point	ENSG00000130429	ARPC1B	-0.22965680151325724	0.0473994004605842					residual scatter point
gene_point	ENSG00000163466	ARPC2	-0.484359440564633	0.0258370936445793					residual scatter point
gene_point	ENSG00000111229	ARPC3	-0.23408507777849907	0.1395008378450626					residual scatter point
gene_point	ENSG00000105829	BET1	-0.019621408618944458	-0.2216689418473265					residual scatter point
gene_point	ENSG00000171453	POLR1C	0.5050888541588265	0.1902931592787737					residual scatter point
gene_point	ENSG00000188313	PLSCR1	0.05592432031660632	0.4224933691091266					residual scatter point
gene_point	ENSG00000164040	PGRMC2	0.11681364222805529	-0.2236437182785238					residual scatter point
gene_point	ENSG00000116906	GNPAT	-0.32443443160391827	-0.0191321235295056					residual scatter point
gene_point	ENSG00000130702	LAMA5	0.13171371815360067	-0.1263066803559027					residual scatter point
gene_point	ENSG00000125356	NDUFA1	-0.021237134366291766	-0.0152772897032118					residual scatter point
gene_point	ENSG00000157916	RER1	-0.33307898694390714	-0.5870959726026186					residual scatter point
gene_point	ENSG00000156711	MAPK13	-1.001635826009383	-0.4262882192288515					residual scatter point
gene_point	ENSG00000090054	SPTLC1	0.35983513090626096	0.1729792455992722					residual scatter point
gene_point	ENSG00000100596	SPTLC2	0.27327410425979903	-0.1136012047667094					residual scatter point
gene_point	ENSG00000147162	OGT	0.28898032635549	0.5955885317515488					residual scatter point
gene_point	ENSG00000140650	PMM2	0.023534312824544656	-0.0148544453235324					residual scatter point
gene_point	ENSG00000109452	INPP4B	-0.04559210123637153	-0.0139147641708063					residual scatter point
gene_point	ENSG00000029993	HMGB3	0.011435783332314153	-0.1122226104342587					residual scatter point
gene_point	ENSG00000078900	TP73	-0.36588335931838833	-0.5608367195540822					residual scatter point
gene_point	ENSG00000115241	PPM1G	-0.31835269006977907	0.0296599983155125					residual scatter point
gene_point	ENSG00000165458	INPPL1	-0.5854132564487525	0.0505574968925213					residual scatter point
gene_point	ENSG00000100353	EIF3D	0.04948504418028443	-0.0304005351719567					residual scatter point
gene_point	ENSG00000147677	EIF3H	0.03512233308467416	-0.1039167597369541					residual scatter point
gene_point	ENSG00000171720	HDAC3	-0.8586051674630946	-0.030926998065837					residual scatter point
gene_point	ENSG00000143748	NVL	-0.10287398035996231	0.2613178111961005					residual scatter point
gene_point	ENSG00000105552	BCAT2	0.21782572283818796	-0.1516497927010061					residual scatter point
gene_point	ENSG00000133704	IPO8	0.08126994826267418	-0.04298869917538					residual scatter point
gene_point	ENSG00000079950	STX7	0.005374729879453692	-0.1681477927193349					residual scatter point
gene_point	ENSG00000136868	SLC31A1	0.28793331602548455	-0.3663151948983252					residual scatter point
gene_point	ENSG00000108846	ABCC3	-0.16790495955781704	-0.5623990813141386					residual scatter point
gene_point	ENSG00000125257	ABCC4	0.07853681769835559	0.0719742480576268					residual scatter point
gene_point	ENSG00000114770	ABCC5	0.4956649212176502	0.3440737489094747					residual scatter point
gene_point	ENSG00000072682	P4HA2	0.23648437714095055	-0.1716043769023052					residual scatter point
gene_point	ENSG00000106636	YKT6	-1.021869473433512	-0.4785088033869407					residual scatter point
gene_point	ENSG00000162704	ARPC5	0.10178715961460938	-0.104534837908691					residual scatter point
gene_point	ENSG00000109606	DHX15	0.32542491088245296	0.1148421584631371					residual scatter point
gene_point	ENSG00000101654	RNMT	0.43953201365758887	0.0847621631091204					residual scatter point
gene_point	ENSG00000101407	TTI1	-0.43372989581524557	0.0666461443491321					residual scatter point
gene_point	ENSG00000132275	RRP8	0.2126343957558594	-0.1118868573551772					residual scatter point
gene_point	ENSG00000197555	SIPA1L1	-0.8058198262811342	-0.3368063248637263					residual scatter point
gene_point	ENSG00000103018	CYB5B	0.1343961071996857	-0.0199082162198465					residual scatter point
gene_point	ENSG00000136875	PRPF4	-0.046574900552300846	0.125259955505161					residual scatter point
gene_point	ENSG00000092621	PHGDH	0.34876309245508197	0.0908608413296079					residual scatter point
gene_point	ENSG00000164258	NDUFS4	-0.04289300725963391	-0.0374896374666775					residual scatter point
gene_point	ENSG00000183840	GPR39	0.10023882142693696	-0.7445074009842045					residual scatter point
gene_point	ENSG00000135720	DYNC1LI2	0.077360788495626	0.0584021013955151					residual scatter point
gene_point	ENSG00000108344	PSMD3	-0.23900764971963334	-0.0517083552438109					residual scatter point
gene_point	ENSG00000138801	PAPSS1	0.17031919082997996	0.0652825644418868					residual scatter point
gene_point	ENSG00000086827	ZW10	0.15082544310429385	-0.0919039690988938					residual scatter point
gene_point	ENSG00000166145	SPINT1	0.09907228149286429	-0.098614830931595					residual scatter point
gene_point	ENSG00000175467	SART1	0.0055708594588445015	-0.1234774968414491					residual scatter point
gene_point	ENSG00000167642	SPINT2	0.2893565553644098	0.4898259508916087					residual scatter point
gene_point	ENSG00000197858	GPAA1	-0.5096969630470232	-0.1923108684364383					residual scatter point
gene_point	ENSG00000145725	PPIP5K2	0.005193580326415537	-0.1680809040498729					residual scatter point
gene_point	ENSG00000135341	MAP3K7	-0.091506941307399	-0.9694494250260864					residual scatter point
gene_point	ENSG00000124802	EEF1E1	0.09841099246538407	0.3282086304315612					residual scatter point
gene_point	ENSG00000075702	WDR62	-0.13457208155622033	-0.1373087304184252					residual scatter point
gene_point	ENSG00000117360	PRPF3	0.20688896408586574	-0.0298046125055222					residual scatter point
gene_point	ENSG00000091164	TXNL1	-0.026150276016926183	0.1309727093215364					residual scatter point
gene_point	ENSG00000101150	TPD52L2	0.04383802011302487	0.0207493026713976					residual scatter point
gene_point	ENSG00000131148	EMC8	-0.23661036383540668	0.2732939524545088					residual scatter point
gene_point	ENSG00000075151	EIF4G3	0.14623715414466598	0.0190684101850351					residual scatter point
gene_point	ENSG00000171960	PPIH	0.055036144843644885	0.0978898246879254					residual scatter point
gene_point	ENSG00000115317	HTRA2	0.08336115257811286	0.1524020788686861					residual scatter point
gene_point	ENSG00000053371	AKR7A2	-0.15637042962395364	0.0118686631421347					residual scatter point
gene_point	ENSG00000079819	EPB41L2	0.2913058375280004	-0.0436577938132671					residual scatter point
gene_point	ENSG00000134248	LAMTOR5	-0.3925903933913184	0.1082287892269633					residual scatter point
gene_point	ENSG00000118689	FOXO3	0.3000456407858233	-0.4919773420879245					residual scatter point
gene_point	ENSG00000082996	RNF13	-0.35559378481719184	-3.433641687991363					residual scatter point
gene_point	ENSG00000139726	DENR	-0.11897555320785977	0.0907165637645235					residual scatter point
gene_point	ENSG00000184575	XPOT	-0.4868823843814892	-0.2905430589270317					residual scatter point
gene_point	ENSG00000112667	DNPH1	0.07928283524658869	0.0389487390556695					residual scatter point
gene_point	ENSG00000104980	TIMM44	-0.03530697124244338	-0.0934422020657557					residual scatter point
gene_point	ENSG00000054116	TRAPPC3	-0.3913641252829232	0.1200584716067787					residual scatter point
gene_point	ENSG00000171566	PLRG1	0.25258840119417764	0.0044499627414964					residual scatter point
gene_point	ENSG00000148908	RGS10	-0.4950057980785143	-0.4267724668445947					residual scatter point
gene_point	ENSG00000010244	ZNF207	0.14259385525950435	0.0898657161711149					residual scatter point
gene_point	ENSG00000136521	NDUFB5	0.10849496483910581	-0.0349962833277821					residual scatter point
gene_point	ENSG00000119013	NDUFB3	0.09505385377024284	0.4054755415385305					residual scatter point
gene_point	ENSG00000131495	NDUFA2	-0.005082586086257446	0.2446022660974769					residual scatter point
gene_point	ENSG00000154473	BUB3	0.18461281430525475	0.1242546220366414					residual scatter point
gene_point	ENSG00000100577	GSTZ1	0.33403536576478926	0.0104147808555907					residual scatter point
gene_point	ENSG00000257218	GATC	-0.011367780944751854	0.3603702639232438					residual scatter point
gene_point	ENSG00000102241	HTATSF1	0.06496869575193379	0.1919166602863029					residual scatter point
gene_point	ENSG00000166747	AP1G1	0.3984227568897597	-0.0157984319465924					residual scatter point
gene_point	ENSG00000108639	SYNGR2	-0.2077128276707541	0.0523107125292234					residual scatter point
gene_point	ENSG00000104969	SGTA	0.028634788065659222	0.184733532624147					residual scatter point
gene_point	ENSG00000143420	ENSA	-0.009152383813189946	-0.223767654947613					residual scatter point
gene_point	ENSG00000128641	MYO1B	0.37823470937100856	0.0452992452591232					residual scatter point
gene_point	ENSG00000176101	SSNA1	-0.3826705025495716	-0.5030770604200541					residual scatter point
gene_point	ENSG00000167005	NUDT21	0.1951364988154125	0.0857519407182287					residual scatter point
gene_point	ENSG00000115365	LANCL1	0.28311546754061095	-0.0617409363665366					residual scatter point
gene_point	ENSG00000115808	STRN	0.03484655535055271	0.0693299639944058					residual scatter point
gene_point	ENSG00000114767	RRP9	0.03704517912741641	-0.301250163857766					residual scatter point
gene_point	ENSG00000105127	AKAP8	0.18557586886366523	0.4473997725838057					residual scatter point
gene_point	ENSG00000101365	IDH3B	0.22903527402783547	0.0951526119207031					residual scatter point
gene_point	ENSG00000128595	CALU	0.2123479125595767	0.2218487084574185					residual scatter point
gene_point	ENSG00000164176	EDIL3	0.9149392969537278	-0.3925535032921381					residual scatter point
gene_point	ENSG00000168710	AHCYL1	0.10150435553306167	0.3677551640046168					residual scatter point
gene_point	ENSG00000129250	KIF1C	-1.4303031817333018	-0.1375845249124658					residual scatter point
gene_point	ENSG00000168653	NDUFS5	-0.065239744315021	0.1978291245234054					residual scatter point
gene_point	ENSG00000156973	PDE6D	-0.5526104178667447	-0.3590805480138996					residual scatter point
gene_point	ENSG00000164754	RAD21	0.4329045967453805	-0.0500124194263484					residual scatter point
gene_point	ENSG00000198074	AKR1B10	-0.18592332047477408	0.5942978676198116					residual scatter point
gene_point	ENSG00000126953	TIMM8A	-0.3254210852563342	0.2706191942924931					residual scatter point
gene_point	ENSG00000077157	PPP1R12B	0.005798862556813805	-1.1357429812782822					residual scatter point
gene_point	ENSG00000180182	MED14	0.04312297122044215	-0.1627120835579703					residual scatter point
gene_point	ENSG00000129194	SOX15	0.7210782916365046	-0.1661990777172519					residual scatter point
gene_point	ENSG00000141127	PRPSAP2	-0.13075143610653978	-0.1480519337728374					residual scatter point
gene_point	ENSG00000153147	SMARCA5	0.45780874946080785	-0.1696346482957231					residual scatter point
gene_point	ENSG00000008294	SPAG9	0.28501856187942043	0.0776212189991305					residual scatter point
gene_point	ENSG00000142207	URB1	0.17046360138129296	-0.2760132559197252					residual scatter point
gene_point	ENSG00000021776	AQR	0.08475629985907995	-0.1495427424808042					residual scatter point
gene_point	ENSG00000198836	OPA1	0.4318175863920429	-0.085463444742615					residual scatter point
gene_point	ENSG00000160294	MCM3AP	-0.28307427867439033	-0.1795638470294189					residual scatter point
gene_point	ENSG00000054523	KIF1B	0.14700277622117766	-0.2474535347880042					residual scatter point
gene_point	ENSG00000004487	KDM1A	0.07344569459313144	-0.2203387562352396					residual scatter point
gene_point	ENSG00000136111	TBC1D4	0.2611931650338312	0.1710967860254051					residual scatter point
gene_point	ENSG00000164930	FZD6	-0.0716979567242589	-0.8834754226164261					residual scatter point
gene_point	ENSG00000118898	PPL	-0.4437625577650798	0.2717713494964862					residual scatter point
gene_point	ENSG00000149573	MPZL2	0.3637205391446382	0.8957799504810513					residual scatter point
gene_point	ENSG00000068366	ACSL4	0.5189815913757803	0.0773067444484993					residual scatter point
gene_point	ENSG00000112335	SNX3	-0.4817088382562441	0.1359955602238862					residual scatter point
gene_point	ENSG00000120896	SORBS3	-0.43626040617816253	-0.1958131520797472					residual scatter point
gene_point	ENSG00000165525	NEMF	0.4010222252208834	-0.4181066460782858					residual scatter point
gene_point	ENSG00000112699	GMDS	-0.09151887361225058	-0.0903117637455537					residual scatter point
gene_point	ENSG00000129315	CCNT1	0.45553710705481765	-0.10230330732489					residual scatter point
gene_point	ENSG00000106397	PLOD3	0.2092792186967626	0.0261485344445162					residual scatter point
gene_point	ENSG00000135930	EIF4E2	-0.4008426026785643	-0.1239731736202891					residual scatter point
gene_point	ENSG00000131504	DIAPH1	0.13957582311556843	-0.2737964589396071					residual scatter point
gene_point	ENSG00000117472	TSPAN1	0.4476115828855721	-0.5865226623141755					residual scatter point
gene_point	ENSG00000180104	EXOC3	-0.39318270501368735	-0.0460680520476941					residual scatter point
gene_point	ENSG00000105355	PLIN3	0.171736330947298	-0.2938730455333918					residual scatter point
gene_point	ENSG00000118596	SLC16A7	0.7877542487832185	0.1721157912963988					residual scatter point
gene_point	ENSG00000185238	PRMT3	-0.023605915546699274	0.1725090448729656					residual scatter point
gene_point	ENSG00000025800	KPNA6	0.2503563678905615	0.1959925995000411					residual scatter point
gene_point	ENSG00000109814	UGDH	0.12848571721372254	0.2464437826986696					residual scatter point
gene_point	ENSG00000198561	CTNND1	0.33373974689953617	-0.0432233385311633					residual scatter point
gene_point	ENSG00000116237	ICMT	-0.6726553457238564	-0.4417493013297413					residual scatter point
gene_point	ENSG00000205302	SNX2	-0.058717244574337635	-0.0409262527192417					residual scatter point
gene_point	ENSG00000000419	DPM1	-0.013721936792885955	-0.0167742375485318					residual scatter point
gene_point	ENSG00000138768	USO1	0.49572873629340575	0.0582081223007868					residual scatter point
gene_point	ENSG00000120333	MRPS14	0.12098572558008375	0.0161621915549368					residual scatter point
gene_point	ENSG00000100284	TOM1	-0.15262181870950522	-0.575571188765224					residual scatter point
gene_point	ENSG00000123836	PFKFB2	0.010242694181951837	-0.0885885702976487					residual scatter point
gene_point	ENSG00000101997	CCDC22	0.02276747339446014	0.115526489423452					residual scatter point
gene_point	ENSG00000130826	DKC1	0.15869262234570902	-0.0085942439202852					residual scatter point
gene_point	ENSG00000158417	EIF5B	0.5054205376697817	0.0336787199425892					residual scatter point
gene_point	ENSG00000107223	EDF1	-0.1512184613914753	-0.198864163119552					residual scatter point
gene_point	ENSG00000069345	DNAJA2	0.16048948649269912	0.0975216840825368					residual scatter point
gene_point	ENSG00000141867	BRD4	-0.22745978241836523	-0.3321924196403181					residual scatter point
gene_point	ENSG00000113068	PFDN1	0.048739756174698556	-0.0569159579188998					residual scatter point
gene_point	ENSG00000171865	RNASEH1	-0.45458285475326254	1.4639827879609228					residual scatter point
gene_point	ENSG00000104320	NBN	0.18329731206228317	-0.1828540148279103					residual scatter point
gene_point	ENSG00000140939	NOL3	0.15050203467630166	-0.2898324995086305					residual scatter point
gene_point	ENSG00000111880	RNGTT	0.2823976456800734	-0.0813717250846348					residual scatter point
gene_point	ENSG00000131269	ABCB7	0.3410562326987625	-0.0721216101792912					residual scatter point
gene_point	ENSG00000266028	SRGAP2	-0.23706189027513475	-0.5980370047834711					residual scatter point
gene_point	ENSG00000076356	PLXNA2	-0.16572147170692006	-0.1388037609939729					residual scatter point
gene_point	ENSG00000198929	NOS1AP	-0.5252754137310591	-0.6993593573941705					residual scatter point
gene_point	ENSG00000071127	WDR1	-0.010842926871566294	0.1826341596683853					residual scatter point
gene_point	ENSG00000102921	N4BP1	-0.5025353953402624	-0.5527765458344192					residual scatter point
gene_point	ENSG00000134318	ROCK2	0.44228000878722334	-0.1851987199930818					residual scatter point
gene_point	ENSG00000163539	CLASP2	0.09324087379696183	0.8933722027921593					residual scatter point
gene_point	ENSG00000085719	CPNE3	0.43771241916171866	-0.0846020610326263					residual scatter point
gene_point	ENSG00000175224	ATG13	0.13161009281491276	0.6724447140640901					residual scatter point
gene_point	ENSG00000130787	HIP1R	-0.21845970144785287	-0.1607430097434807					residual scatter point
gene_point	ENSG00000103549	RNF40	-0.2838926621821801	0.0397148933307036					residual scatter point
gene_point	ENSG00000197724	PHF2	-0.6639533568254259	-0.4097374222480887					residual scatter point
gene_point	ENSG00000058673	ZC3H11A	0.9691564223659561	0.0199917215415439					residual scatter point
gene_point	ENSG00000132361	CLUH	-0.07969951707396986	-0.1103930690216898					residual scatter point
gene_point	ENSG00000196428	TSC22D2	0.5472212807591981	0.1361114026578551					residual scatter point
gene_point	ENSG00000138246	DNAJC13	0.09534125382734815	-0.0935064275955994					residual scatter point
gene_point	ENSG00000132466	ANKRD17	0.20972218192434647	0.0093745997209939					residual scatter point
gene_point	ENSG00000105993	DNAJB6	0.29670175620716255	0.382368818386313					residual scatter point
gene_point	ENSG00000088682	COQ9	-0.17768875111443957	-0.4598891375265417					residual scatter point
gene_point	ENSG00000006625	GGCT	-0.3034509602132964	-0.0480318134060446					residual scatter point
gene_point	ENSG00000115286	NDUFS7	0.10821696597117092	0.0420616074140163					residual scatter point
gene_point	ENSG00000158864	NDUFS2	0.09852436721009847	-0.0087069490404161					residual scatter point
gene_point	ENSG00000109917	ZPR1	-0.5151168496485559	-0.0233202941182266					residual scatter point
gene_point	ENSG00000072571	HMMR	0.29996020137136337	-0.1278060455569658					residual scatter point
gene_point	ENSG00000249915	PDCD6	-0.13665232489336665	0.0868856611202808					residual scatter point
gene_point	ENSG00000171530	TBCA	-0.19406518205359907	0.018814688985806					residual scatter point
gene_point	ENSG00000136888	ATP6V1G1	-0.11959004503506857	0.0865938024465755					residual scatter point
gene_point	ENSG00000119541	VPS4B	0.38797652049847964	0.1367536025424378					residual scatter point
gene_point	ENSG00000129255	MPDU1	0.0782300532842864	-0.5048813333236968					residual scatter point
gene_point	ENSG00000131171	SH3BGRL	0.3780138486663642	-0.1871898067147093					residual scatter point
gene_point	ENSG00000136068	FLNB	-0.15082539257366917	0.1956237744598041					residual scatter point
gene_point	ENSG00000141027	NCOR1	-0.08944266858984809	-0.0402958606578067					residual scatter point
gene_point	ENSG00000145494	NDUFS6	-0.08256795035295073	-0.1019531639600828					residual scatter point
gene_point	ENSG00000062485	CS	0.2984152914127583	0.0433004760164088					residual scatter point
gene_point	ENSG00000091640	SPAG7	0.08534521741814	0.0549371631399786					residual scatter point
gene_point	ENSG00000243147	MRPL33	-0.23933705733130622	-0.4776184161359325					residual scatter point
gene_point	ENSG00000265808	SEC22B	0.16368722250867135	-0.1464679853754091					residual scatter point
gene_point	ENSG00000196504	PRPF40A	0.6243037529270428	-0.0013511885792176					residual scatter point
gene_point	ENSG00000147526	TACC1	0.10782492704782783	0.0649294350098887					residual scatter point
gene_point	ENSG00000128654	MTX2	-0.15851247757632456	0.1484951460314967					residual scatter point
gene_point	ENSG00000122958	VPS26A	0.35371373968695	-0.1618147411067987					residual scatter point
gene_point	ENSG00000183648	NDUFB1	0.032505109390657094	-0.175793045965829					residual scatter point
gene_point	ENSG00000105819	PMPCB	0.21818026622038544	0.2363533102097257					residual scatter point
gene_point	ENSG00000164105	SAP30	0.04262251324237204	0.1553406723989283					residual scatter point
gene_point	ENSG00000008838	MED24	-0.1142915220518742	-0.1426116418597196					residual scatter point
gene_point	ENSG00000164985	PSIP1	0.28154781641582377	-0.4006099326422863					residual scatter point
gene_point	ENSG00000107566	ERLIN1	-0.10534693002073882	-0.1048732231211069					residual scatter point
gene_point	ENSG00000213619	NDUFS3	0.2467872843210476	0.0497156343839471					residual scatter point
gene_point	ENSG00000188529	SRSF10	-0.051908826138207076	0.1785321870059206					residual scatter point
gene_point	ENSG00000230989	HSBP1	0.09501492869371475	-0.1350866164504278					residual scatter point
gene_point	ENSG00000198721	ECI2	-0.053645481131890105	-0.0345348185206972					residual scatter point
gene_point	ENSG00000074266	EED	0.03412782452564844	-0.0605808483129806					residual scatter point
gene_point	ENSG00000175334	BANF1	-0.0443245037381407	0.1994598526540727					residual scatter point
gene_point	ENSG00000115524	SF3B1	0.4689915763569672	-0.2270099955139848					residual scatter point
gene_point	ENSG00000009307	CSDE1	-0.0623067992856598	0.0006081078019946					residual scatter point
gene_point	ENSG00000180228	PRKRA	-0.4475207109020355	0.2087964454580557					residual scatter point
gene_point	ENSG00000100784	RPS6KA5	0.18818392819227603	-0.19782257692186					residual scatter point
gene_point	ENSG00000005810	MYCBP2	0.13717969018014334	-0.3523578879077167					residual scatter point
gene_point	ENSG00000107833	NPM3	0.16002813887169265	0.1112441891630382					residual scatter point
gene_point	ENSG00000120992	LYPLA1	-0.17146500121336233	0.0616270657215807					residual scatter point
gene_point	ENSG00000132591	ERAL1	-0.12367756052998546	0.0496003175355816					residual scatter point
gene_point	ENSG00000166396	SERPINB7	0.4786202601873719	-2.4504629449446593					residual scatter point
gene_point	ENSG00000144028	SNRNP200	0.32049685790683186	-0.1125120386192115					residual scatter point
gene_point	ENSG00000143155	TIPRL	-0.2224025636111597	0.0309061556576111					residual scatter point
gene_point	ENSG00000141198	TOM1L1	-0.006735394199976999	-0.3026117404809199					residual scatter point
gene_point	ENSG00000162302	RPS6KA4	-0.22867330914840092	-0.2608920727235713					residual scatter point
gene_point	ENSG00000138032	PPM1B	0.12366228838533705	0.1316599399566094					residual scatter point
gene_point	ENSG00000105963	ADAP1	-0.6822211230211978	0.0419573988009958					residual scatter point
gene_point	ENSG00000120800	UTP20	0.3692105148204994	-0.2297647907924016					residual scatter point
gene_point	ENSG00000113569	NUP155	0.04662465774093735	-0.0458686928202958					residual scatter point
gene_point	ENSG00000198554	WDHD1	0.2872758243253995	-0.3146746631085797					residual scatter point
gene_point	ENSG00000170275	CRTAP	-0.29342320358123836	-0.47918695895906					residual scatter point
gene_point	ENSG00000104889	RNASEH2A	0.04326821164923786	-0.1022909841515904					residual scatter point
gene_point	ENSG00000172336	POP7	-0.008055197258426627	0.0988112219379075					residual scatter point
gene_point	ENSG00000130811	EIF3G	-0.06708974284049152	-0.00289336332618					residual scatter point
gene_point	ENSG00000104131	EIF3J	0.06093207758940401	-0.0439753878246378					residual scatter point
gene_point	ENSG00000159231	CBR3	-0.3416915694641206	-0.1385317693064998					residual scatter point
gene_point	ENSG00000101843	PSMD10	0.2351807491121061	0.1508824157737365					residual scatter point
gene_point	ENSG00000213983	AP1G2	0.20463278666501064	-0.0660691336643708					residual scatter point
gene_point	ENSG00000084073	ZMPSTE24	0.131309915214744	0.0466923033729322					residual scatter point
gene_point	ENSG00000138413	IDH1	0.41169884837172366	0.0302664804123367					residual scatter point
gene_point	ENSG00000059691	GATB	0.02014589192257854	0.1266791191776768					residual scatter point
gene_point	ENSG00000133028	SCO1	0.07617943345661808	0.0278742298137046					residual scatter point
gene_point	ENSG00000089050	RBBP9	0.12636074561737343	-1.1653396174627275					residual scatter point
gene_point	ENSG00000115145	STAM2	0.0018743399164625751	-0.798633594566363					residual scatter point
gene_point	ENSG00000090061	CCNK	-0.1908270008061712	-0.0831471610237279					residual scatter point
gene_point	ENSG00000162496	DHRS3	0.17931690291832125	-0.204329520009697					residual scatter point
gene_point	ENSG00000144746	ARL6IP5	0.28944928704997497	-0.3663866651159395					residual scatter point
gene_point	ENSG00000116752	BCAS2	0.06155942528661121	0.0737095672819592					residual scatter point
gene_point	ENSG00000137100	DCTN3	-0.07490525089680727	1.3280420489136109					residual scatter point
gene_point	ENSG00000126698	DNAJC8	0.13648851916084023	0.0481870846498146					residual scatter point
gene_point	ENSG00000119953	SMNDC1	0.30741103989377583	0.019856272586292					residual scatter point
gene_point	ENSG00000038382	TRIO	-0.714522852965962	-0.1498397637362956					residual scatter point
gene_point	ENSG00000108582	CPD	0.28230146121668975	-0.4759822820561989					residual scatter point
gene_point	ENSG00000108010	GLRX3	-0.005971008985099585	0.0594440838833918					residual scatter point
gene_point	ENSG00000171490	RSL1D1	0.10980499449215564	0.0462627395209835					residual scatter point
gene_point	ENSG00000143412	ANXA9	0.806696219776994	-0.319120638284776					residual scatter point
gene_point	ENSG00000166855	CLPX	0.20753785235967648	-0.0830205707415316					residual scatter point
gene_point	ENSG00000100003	SEC14L2	-0.1148955447102885	-0.2221227114135313					residual scatter point
gene_point	ENSG00000173267	SNCG	-0.14051743162152663	0.1359835802066484					residual scatter point
gene_point	ENSG00000144021	CIAO1	-0.013908043952654686	0.2369877445486032					residual scatter point
gene_point	ENSG00000107372	ZFAND5	0.2256094522918366	-0.6180999974873824					residual scatter point
gene_point	ENSG00000147509	RGS20	-0.1601260052076131	-0.4420870322858476					residual scatter point
gene_point	ENSG00000174780	SRP72	0.05016099202859302	0.0312956160556296					residual scatter point
gene_point	ENSG00000153904	DDAH1	0.14939418624540557	0.5553644761513041					residual scatter point
gene_point	ENSG00000108469	RECQL5	-0.05673538553041868	0.0579838548758715					residual scatter point
gene_point	ENSG00000105176	URI1	-0.6223916658908172	-0.1207745519760088					residual scatter point
gene_point	ENSG00000149480	MTA2	0.04590221066108574	-0.0964512099458332					residual scatter point
gene_point	ENSG00000072786	STK10	-0.388263983135714	-0.2248521384458683					residual scatter point
gene_point	ENSG00000007516	BAIAP3	-0.21366203056629118	0.0577526629192739					residual scatter point
gene_point	ENSG00000176658	MYO1D	-0.26651582404885	-0.2195806974563616					residual scatter point
gene_point	ENSG00000150961	SEC24D	0.41230526820416535	-0.2187831082308253					residual scatter point
gene_point	ENSG00000014123	UFL1	0.2409934328266894	-0.1306833275872208					residual scatter point
gene_point	ENSG00000106443	PHF14	0.44767133246336466	-0.0633262479017808					residual scatter point
gene_point	ENSG00000163960	UBXN7	0.10304443598851062	-0.0952170456565681					residual scatter point
gene_point	ENSG00000164828	SUN1	0.3323898956871876	-0.4337968417832485					residual scatter point
gene_point	ENSG00000147475	ERLIN2	0.46251813922417406	0.1395272483298626					residual scatter point
gene_point	ENSG00000101161	PRPF6	0.11402971137024678	-0.089440862059444					residual scatter point
gene_point	ENSG00000075539	FRYL	0.5768598447008271	0.0190144435727432					residual scatter point
gene_point	ENSG00000102908	NFAT5	1.5021730048923747	0.7216420149907066					residual scatter point
gene_point	ENSG00000149218	ENDOD1	-0.6845148199317781	-0.2365756914022263					residual scatter point
gene_point	ENSG00000115419	GLS	0.44952561870656604	1.5277864083649					residual scatter point
gene_point	ENSG00000135108	FBXO21	0.13630998455634333	-0.1295448907312479					residual scatter point
gene_point	ENSG00000172046	USP19	-0.05464579837966363	-0.2988694034706327					residual scatter point
gene_point	ENSG00000138674	SEC31A	0.267131864389805	-0.0423766443723536					residual scatter point
gene_point	ENSG00000186834	HEXIM1	0.02076779918357716	0.2381231996068784					residual scatter point
gene_point	ENSG00000174851	YIF1A	-0.2714687788237116	-0.3467929802666774					residual scatter point
gene_point	ENSG00000104517	UBR5	0.2726512339515139	-0.230957101740973					residual scatter point
gene_point	ENSG00000106351	AGFG2	-0.13623943318656817	1.2864485214102557					residual scatter point
gene_point	ENSG00000156304	SCAF4	0.3213218476097538	-0.1349567850597726					residual scatter point
gene_point	ENSG00000165264	NDUFB6	0.03591246443308793	-0.0601091387863021					residual scatter point
gene_point	ENSG00000116688	MFN2	-0.13381610170687405	-0.1805930973260174					residual scatter point
gene_point	ENSG00000130939	UBE4B	-0.056289182158215836	-0.4133412482541487					residual scatter point
gene_point	ENSG00000162300	ZFPL1	-0.2509347988078152	-0.4545070095753356					residual scatter point
gene_point	ENSG00000065518	NDUFB4	0.07445114207573261	-0.1688734876316289					residual scatter point
gene_point	ENSG00000166136	NDUFB8	0.04804479453145627	-0.1679165253420436					residual scatter point
gene_point	ENSG00000090266	NDUFB2	-0.26656220983680895	1.4697405985564505					residual scatter point
gene_point	ENSG00000267855	NDUFA7	-0.09101622601570403	0.7719954603334251					residual scatter point
gene_point	ENSG00000133318	RTN3	0.8460948800730994	-0.1049421231282536					residual scatter point
gene_point	ENSG00000168924	LETM1	0.06323582178860236	-0.0519178323515738					residual scatter point
gene_point	ENSG00000132485	ZRANB2	0.20029979675353277	2.741005908760588					residual scatter point
gene_point	ENSG00000114520	SNX4	0.003458787127390839	0.1415404666367337					residual scatter point
gene_point	ENSG00000108848	LUC7L3	0.5754844515630811	0.2913768994540611					residual scatter point
gene_point	ENSG00000112984	KIF20A	0.13820380985116978	-0.5909488393001538					residual scatter point
gene_point	ENSG00000090889	KIF4A	0.0510388811383706	-0.2529914678031382					residual scatter point
gene_point	ENSG00000108587	GOSR1	-0.11120147795781998	-0.0391852224602224					residual scatter point
gene_point	ENSG00000124164	VAPB	0.08201631818573857	-0.0447514811514722					residual scatter point
gene_point	ENSG00000143553	SNAPIN	-0.2781770608568829	-0.1745495970016826					residual scatter point
gene_point	ENSG00000197965	MPZL1	-0.04045094027247176	-0.8617181169282961					residual scatter point
gene_point	ENSG00000151366	NDUFC2	-0.10483612463423181	-0.1033527955658932					residual scatter point
gene_point	ENSG00000130414	NDUFA10	0.18626319274093436	-0.0281781800018983					residual scatter point
gene_point	ENSG00000130313	PGLS	-0.07484824628926297	0.0695368593334997					residual scatter point
gene_point	ENSG00000136824	SMC2	0.612058187725738	-0.0419984873985193					residual scatter point
gene_point	ENSG00000197548	ATG7	0.01237048531372259	-0.0582041618957642					residual scatter point
gene_point	ENSG00000138162	TACC2	-0.07717864008766279	0.5547047768026534					residual scatter point
gene_point	ENSG00000221926	TRIM16	-0.1533297189528937	-0.1159238875150592					residual scatter point
gene_point	ENSG00000145982	FARS2	-0.03551543550024676	-0.0726092705073391					residual scatter point
gene_point	ENSG00000178951	ZBTB7A	0.018160920019522075	-0.3664248010333288					residual scatter point
gene_point	ENSG00000011009	LYPLA2	-0.18517820929947865	-0.0133399296633349					residual scatter point
gene_point	ENSG00000205339	IPO7	0.3332888523618952	-0.0245823261962634					residual scatter point
gene_point	ENSG00000177479	ARIH2	-0.41080947521334904	-0.177814499549413					residual scatter point
gene_point	ENSG00000145779	TNFAIP8	-0.3066129209689108	-0.386833027988759					residual scatter point
gene_point	ENSG00000013375	PGM3	0.5658562833625613	0.1216907037977392					residual scatter point
gene_point	ENSG00000124217	MOCS3	-0.07709197258329725	0.1957859515425433					residual scatter point
gene_point	ENSG00000169217	CD2BP2	-0.04840279947541748	0.1685712240856993					residual scatter point
gene_point	ENSG00000197321	SVIL	-0.2745184825160368	-0.2110337848630088					residual scatter point
gene_point	ENSG00000156735	BAG4	-0.02024148766655942	-0.5009762912018942					residual scatter point
gene_point	ENSG00000100591	AHSA1	-0.0711604796291222	-0.0855554869308861					residual scatter point
gene_point	ENSG00000183527	PSMG1	-0.12532437277942476	0.1150359810833805					residual scatter point
gene_point	ENSG00000166224	SGPL1	-0.4372770953201411	-0.3361389375498582					residual scatter point
gene_point	ENSG00000164346	NSA2	-0.11255289767012071	0.2872786348109422					residual scatter point
gene_point	ENSG00000138802	SEC24B	-0.03680006298100846	-0.203722528005894					residual scatter point
gene_point	ENSG00000183741	CBX6	-0.22898416322759196	-1.094768844835814					residual scatter point
gene_point	ENSG00000111802	TDP2	-0.2517176467206711	-0.1380190404589356					residual scatter point
gene_point	ENSG00000105755	ETHE1	0.02941848194202068	0.093280098216173					residual scatter point
gene_point	ENSG00000123983	ACSL3	0.35246231054790317	-0.2250206396797622					residual scatter point
gene_point	ENSG00000068654	POLR1A	0.08449964334567009	0.0534251193464143					residual scatter point
gene_point	ENSG00000080802	CNOT4	0.43723615766048995	0.7465894190230333					residual scatter point
gene_point	ENSG00000124356	STAMBP	0.020611060634564415	0.0309264699319804					residual scatter point
gene_point	ENSG00000160917	CPSF4	-1.113730230736266	-0.0738392162320344					residual scatter point
gene_point	ENSG00000101290	CDS2	-0.19423880747541522	-0.210888252721725					residual scatter point
gene_point	ENSG00000099940	SNAP29	-0.12092988535245007	-0.3182714651068501					residual scatter point
gene_point	ENSG00000172939	OXSR1	0.21855760923529888	0.112383342107492					residual scatter point
gene_point	ENSG00000152904	GGPS1	0.3111253358066406	0.2282357272384807					residual scatter point
gene_point	ENSG00000164070	HSPA4L	0.5948678535038017	-0.0393294179342333					residual scatter point
gene_point	ENSG00000119314	PTBP3	0.11056753055141755	0.0924509627778817					residual scatter point
gene_point	ENSG00000128534	LSM8	-0.3609903752237279	-0.1685443102208985					residual scatter point
gene_point	ENSG00000196961	AP2A1	-0.47747597135666375	-0.1581313731903897					residual scatter point
gene_point	ENSG00000011451	WIZ	-0.44969106420424243	-0.1647229523684679					residual scatter point
gene_point	ENSG00000124214	STAU1	-0.10101554684030081	-0.27292409434855					residual scatter point
gene_point	ENSG00000112208	BAG2	-0.28708312642845146	-0.0629923151393825					residual scatter point
gene_point	ENSG00000151929	BAG3	0.419122520321622	-0.0450285983972591					residual scatter point
gene_point	ENSG00000071054	MAP4K4	-1.0058353781574996	-0.05970474950613					residual scatter point
gene_point	ENSG00000205758	CRYZL1	0.08714952039587211	-0.1085193704945783					residual scatter point
gene_point	ENSG00000156709	AIFM1	0.1941448514430471	0.0755698593655083					residual scatter point
gene_point	ENSG00000163347	CLDN1	0.7365882202021969	0.5373945450108408					residual scatter point
gene_point	ENSG00000125746	EML2	0.5168042299145805	0.1327662521744201					residual scatter point
gene_point	ENSG00000162813	BPNT1	0.20518568506061083	0.1119108664413204					residual scatter point
gene_point	ENSG00000117862	TXNDC12	0.08388147476482008	-0.0735394412879877					residual scatter point
gene_point	ENSG00000117614	SYF2	-0.15175525904461698	0.0170795959789948					residual scatter point
gene_point	ENSG00000272325	NUDT3	-0.7963711669168219	-0.228072599966989					residual scatter point
gene_point	ENSG00000142867	BCL10	0.35185104410055235	0.032140064882526					residual scatter point
gene_point	ENSG00000104853	CLPTM1	-0.3121903278238979	-0.3121658372156304					residual scatter point
gene_point	ENSG00000164172	MOCS2	0.2743292941324155	-0.086124825413572					residual scatter point
gene_point	ENSG00000130204	TOMM40	-0.24474214893644983	0.0015143452657007					residual scatter point
gene_point	ENSG00000130669	PAK4	-0.6735344918782838	-0.3228569716131595					residual scatter point
gene_point	ENSG00000136518	ACTL6A	0.03055870392067675	-0.0165117480177876					residual scatter point
gene_point	ENSG00000166347	CYB5A	0.060320346283954884	0.3029319752791792					residual scatter point
gene_point	ENSG00000148672	GLUD1	0.18110215713072034	0.042208955782268					residual scatter point
gene_point	ENSG00000228716	DHFR	-0.19423006618833974	-0.4578667958768818					residual scatter point
gene_point	ENSG00000100243	CYB5R3	-0.09942172746435032	-0.3227708426677189					residual scatter point
gene_point	ENSG00000104687	GSR	-0.3256189036509046	0.0826723272436282					residual scatter point
gene_point	ENSG00000142168	SOD1	0.015112531653045547	0.1963637604681132					residual scatter point
gene_point	ENSG00000165704	HPRT1	0.1305653301056188	-0.0414910890035464					residual scatter point
gene_point	ENSG00000125166	GOT2	0.340357743207496	0.1068698124622642					residual scatter point
gene_point	ENSG00000097007	ABL1	-0.6922037731388828	0.3995242435168702					residual scatter point
gene_point	ENSG00000146648	EGFR	-0.04580451525858194	-0.2184242809046495					residual scatter point
gene_point	ENSG00000102144	PGK1	0.44552399201469783	0.0942183845074033					residual scatter point
gene_point	ENSG00000106992	AK1	-0.24051560047912013	0.1097612640495739					residual scatter point
gene_point	ENSG00000104368	PLAT	0.2748087916887203	0.5904736963331523					residual scatter point
gene_point	ENSG00000104267	CA2	0.36671011538201026	0.1396849615442903					residual scatter point
gene_point	ENSG00000130707	ASS1	0.012052801342386898	0.1776632346967694					residual scatter point
gene_point	ENSG00000089127	OAS1	0.022788403592573614	0.7566913283597074					residual scatter point
gene_point	ENSG00000125730	C3	0.11004639025078178	-0.081466995244444					residual scatter point
gene_point	ENSG00000101439	CST3	0.06182702469508322	0.4391478485722402					residual scatter point
gene_point	ENSG00000133703	KRAS	0.06509724515191895	-0.037772492602965					residual scatter point
gene_point	ENSG00000130164	LDLR	0.3445313764186507	0.1077904336565005					residual scatter point
gene_point	ENSG00000186847	KRT14	0.4576096049432513	0.2152342021644528					residual scatter point
gene_point	ENSG00000205420	KRT6A	0.3318220940533586	0.0660412412116357					residual scatter point
gene_point	ENSG00000160789	LMNA	0.38336422639365936	0.1571012324875589					residual scatter point
gene_point	ENSG00000197971	MBP	0.27813675008749034	0.4809420456830402					residual scatter point
gene_point	ENSG00000115414	FN1	0.11006488294010708	0.2508760933614873					residual scatter point
gene_point	ENSG00000072274	TFRC	0.4275207418733922	0.018009871939558					residual scatter point
gene_point	ENSG00000167996	FTH1	-0.11966360863120828	0.3728818828594527					residual scatter point
gene_point	ENSG00000125148	MT2A	-0.23012307877934945	-0.1089203428558178					residual scatter point
gene_point	ENSG00000149925	ALDOA	0.2010179730154315	-0.0312661448396944					residual scatter point
gene_point	ENSG00000160213	CSTB	0.0007043753388707163	-0.0509733170662229					residual scatter point
gene_point	ENSG00000135046	ANXA1	0.4360624444889307	0.0958884722156625					residual scatter point
gene_point	ENSG00000113580	NR3C1	-0.07867060781360669	-0.6014359310243051					residual scatter point
gene_point	ENSG00000171867	PRNP	0.19385799019698147	-0.1902648670268618					residual scatter point
gene_point	ENSG00000291237	SOD2	0.3693316148463083	0.1862572191115923					residual scatter point
gene_point	ENSG00000065154	OAT	0.41223454892830885	0.3998949079256277					residual scatter point
gene_point	ENSG00000167900	TK1	0.27519983593357134	-0.2450680170466483					residual scatter point
gene_point	ENSG00000104833	TUBB4A	-0.24935099444423736	0.1984403700075354					residual scatter point
gene_point	ENSG00000111640	GAPDH	0.13689185856448038	0.1095268744959696					residual scatter point
gene_point	ENSG00000141736	ERBB2	-0.2594144670176953	0.5304521770960307					residual scatter point
gene_point	ENSG00000126247	CAPNS1	0.0950060971448271	0.0449625809267537					residual scatter point
gene_point	ENSG00000141510	TP53	0.10172694023942444	-0.277223577044122					residual scatter point
gene_point	ENSG00000169715	MT1E	-0.04062690313914887	0.2839362832284102					residual scatter point
gene_point	ENSG00000106211	HSPB1	0.21150000495643567	0.051555789314591					residual scatter point
gene_point	ENSG00000163902	RPN1	0.1486792051566863	-0.1006795482539608					residual scatter point
gene_point	ENSG00000114353	GNAI2	-0.3574676875440065	-0.2735688491387122					residual scatter point
gene_point	ENSG00000163399	ATP1A1	0.12221905545711897	0.088727167203892					residual scatter point
gene_point	ENSG00000143153	ATP1B1	0.4846168109820863	0.3028818453251567					residual scatter point
gene_point	ENSG00000142192	APP	0.1873106772703121	0.8462250519598804					residual scatter point
gene_point	ENSG00000111275	ALDH2	0.1715159159284558	0.0595795707911968					residual scatter point
gene_point	ENSG00000143546	S100A8	0.05691462554123172	-0.6013380078767057					residual scatter point
gene_point	ENSG00000005022	SLC25A5	0.24284283316253696	-0.0099582245647376					residual scatter point
gene_point	ENSG00000175198	PCCA	0.25055981168305325	-0.1368760109907434					residual scatter point
gene_point	ENSG00000114054	PCCB	0.20167109861267016	-0.1570745737304797					residual scatter point
gene_point	ENSG00000134001	EIF2S1	0.42262251244092564	0.1066740851001952					residual scatter point
gene_point	ENSG00000198830	HMGN2	0.3881620392257028	0.6163458052995718					residual scatter point
gene_point	ENSG00000090339	ICAM1	0.33439878577602533	0.0059571843685262					residual scatter point
gene_point	ENSG00000137818	RPLP1	-0.38520009366744923	0.2380107833284022					residual scatter point
gene_point	ENSG00000177600	RPLP2	-0.4324263162472022	0.0196663594768544					residual scatter point
gene_point	ENSG00000089157	RPLP0	-0.3480017664921623	0.0037216183731274					residual scatter point
gene_point	ENSG00000138385	SSB	0.2804688593758818	-0.0305399956987955					residual scatter point
gene_point	ENSG00000150093	ITGB1	0.03204871343441398	-0.0447674991566522					residual scatter point
gene_point	ENSG00000111057	KRT18	0.2283859540834977	0.382835394258219					residual scatter point
gene_point	ENSG00000170421	KRT8	0.3584190827133067	0.1924511141298666					residual scatter point
gene_point	ENSG00000126088	UROD	0.37168966021702143	-0.0755843807157212					residual scatter point
gene_point	ENSG00000102393	GLA	0.33993688728328053	0.1476859765476916					residual scatter point
gene_point	ENSG00000148180	GSN	0.3361493782424228	0.3525737023290354					residual scatter point
gene_point	ENSG00000139687	RB1	0.12459983274395053	0.0964468596488963					residual scatter point
gene_point	ENSG00000187514	PTMA	0.12926093464759736	-0.3006722886277906					residual scatter point
gene_point	ENSG00000170312	CDK1	0.1019771331164384	0.0309744251634604					residual scatter point
gene_point	ENSG00000163220	S100A9	0.13535069747511896	-0.3788250999732661					residual scatter point
gene_point	ENSG00000197956	S100A6	0.17657808712149087	0.683231829627573					residual scatter point
gene_point	ENSG00000151247	EIF4E	0.008777714280443799	0.2927516343261516					residual scatter point
gene_point	ENSG00000074800	ENO1	0.4585399729937888	0.1718696925839111					residual scatter point
gene_point	ENSG00000100504	PYGL	0.12451118801823294	-0.1160666798979583					residual scatter point
gene_point	ENSG00000181163	NPM1	0.42533576877580226	0.0723152407910276					residual scatter point
gene_point	ENSG00000143549	TPM3	-0.11540296780892978	0.4470766395962791					residual scatter point
gene_point	ENSG00000138448	ITGAV	0.46440887840347866	0.4360060082167614					residual scatter point
gene_point	ENSG00000213614	HEXA	0.11505821519215542	-0.0914402299991721					residual scatter point
gene_point	ENSG00000143819	EPHX1	0.02453844081748413	0.2141016776748081					residual scatter point
gene_point	ENSG00000155368	DBI	-0.17640730335817967	0.1031448931186673					residual scatter point
gene_point	ENSG00000111716	LDHB	0.27217754702489866	-0.0532150737403149					residual scatter point
gene_point	ENSG00000125817	CENPB	-0.2671521569091995	-0.0139809922752078					residual scatter point
gene_point	ENSG00000233276	GPX1	0.055631876648008394	0.2094732704708803					residual scatter point
gene_point	ENSG00000178726	THBD	0.011389607117695544	-0.1776816676391668					residual scatter point
gene_point	ENSG00000185624	P4HB	0.015737560734225275	0.1363053760368693					residual scatter point
gene_point	ENSG00000119640	ACYP1	-0.2780584276711002	-0.5209662312602301					residual scatter point
gene_point	ENSG00000117984	CTSD	0.14086677107665713	0.0920753926054267					residual scatter point
gene_point	ENSG00000182718	ANXA2	0.033202746426036656	0.008022373816221					residual scatter point
gene_point	ENSG00000014216	CAPN1	0.015568975459724133	-0.1068289249905021					residual scatter point
gene_point	ENSG00000163207	IVL	-0.05022452968411699	0.1615292750583137					residual scatter point
gene_point	ENSG00000169252	ADRB2	0.684211873088751	0.1056247891249739					residual scatter point
gene_point	ENSG00000197746	PSAP	0.2873504731135393	0.0591755060119076					residual scatter point
gene_point	ENSG00000049860	HEXB	-0.14673906935568165	-0.2641507318380611					residual scatter point
gene_point	ENSG00000135047	CTSL	0.22985094063846656	0.1670532635774435					residual scatter point
gene_point	ENSG00000108518	PFN1	-0.12138123431618508	0.1192458346789635					residual scatter point
gene_point	ENSG00000198931	APRT	0.1245904513265022	0.0168716742707211					residual scatter point
gene_point	ENSG00000080824	HSP90AA1	0.4594614436804902	0.0415231839902752					residual scatter point
gene_point	ENSG00000092199	HNRNPC	0.2502286343897433	0.0166457599062148					residual scatter point
gene_point	ENSG00000173660	UQCRH	0.11336235590737986	0.3276371270738138					residual scatter point
gene_point	ENSG00000091136	LAMB1	0.3121170980689069	-0.1240492823321623					residual scatter point
gene_point	ENSG00000176105	YES1	-0.3379410438111151	-0.0810316317520047					residual scatter point
gene_point	ENSG00000254087	LYN	-0.13715172822123958	-0.2625452297443473					residual scatter point
gene_point	ENSG00000091483	FH	0.04284138657844899	0.0569668456863965					residual scatter point
gene_point	ENSG00000137801	THBS1	0.31963828243961523	-0.5116359192089703					residual scatter point
gene_point	ENSG00000185591	SP1	0.12118171775164642	-0.4891108072797845					residual scatter point
gene_point	ENSG00000140443	IGF1R	-0.5854352994414252	-0.1741701791533714					residual scatter point
gene_point	ENSG00000155366	RHOC	-0.10885965429543665	-0.246831011146817					residual scatter point
gene_point	ENSG00000064300	NGFR	-0.2870403015365145	-0.328325920727746					residual scatter point
gene_point	ENSG00000196352	CD55	0.32091920751142733	0.4267282568047932					residual scatter point
gene_point	ENSG00000168003	SLC3A2	0.0784188790339003	-0.3865251800385572					residual scatter point
gene_point	ENSG00000152556	PFKM	0.3511635856446885	-0.001517429261252					residual scatter point
gene_point	ENSG00000096384	HSP90AB1	0.3202613417046305	0.0082120506407576					residual scatter point
gene_point	ENSG00000256269	HMBS	-0.4808793171480562	0.0778001854875505					residual scatter point
gene_point	ENSG00000131828	PDHA1	0.15124599838082115	0.0541978389379131					residual scatter point
gene_point	ENSG00000134871	COL4A2	0.09040863798096938	-0.2119036362023543					residual scatter point
gene_point	ENSG00000179091	CYC1	0.009231808351083087	-0.0937190331133308					residual scatter point
gene_point	ENSG00000125870	SNRPB2	0.09583186707132185	-0.1800852076858419					residual scatter point
gene_point	ENSG00000105976	MET	0.015589378944999566	-0.5146366412123058					residual scatter point
gene_point	ENSG00000104852	SNRNP70	-0.32268764230803887	-0.1253275698851474					residual scatter point
gene_point	ENSG00000161638	ITGA5	-0.05900211083406662	-0.0120951968418374					residual scatter point
gene_point	ENSG00000141905	NFIC	0.04531742409765306	-0.0567377876053178					residual scatter point
gene_point	ENSG00000171345	KRT19	0.30789222498754476	0.0069462860806588					residual scatter point
gene_point	ENSG00000135480	KRT7	-0.02901899496271576	0.2159570065840661					residual scatter point
gene_point	ENSG00000065135	GNAI3	0.21045460692120682	-0.0683362324769909					residual scatter point
gene_point	ENSG00000164111	ANXA5	0.11504304379869701	0.135051179507819					residual scatter point
gene_point	ENSG00000186832	KRT16	0.023280051735690335	0.5280268881147236					residual scatter point
gene_point	ENSG00000101846	STS	-0.4720057451857876	-0.0916886773751564					residual scatter point
gene_point	ENSG00000168028	RPSA	-0.42754453038533397	0.0742998119590403					residual scatter point
gene_point	ENSG00000135404	CD63	0.08588109802582869	-0.3269774339427265					residual scatter point
gene_point	ENSG00000114686	MRPL3	-0.024665148043408573	-0.060441358195014					residual scatter point
gene_point	ENSG00000077312	SNRPA	0.14905707479412028	0.1473161123426045					residual scatter point
gene_point	ENSG00000111674	ENO2	0.26965975143723675	0.2088697297289758					residual scatter point
gene_point	ENSG00000060971	ACAA1	-0.08866968943300102	0.1197469624059088					residual scatter point
gene_point	ENSG00000153037	SRP19	-0.32297720001297603	-0.1292210388928936					residual scatter point
gene_point	ENSG00000084207	GSTP1	0.13114605092703358	0.0563155749814683					residual scatter point
gene_point	ENSG00000124562	SNRPC	-0.07704744927829932	-0.0503723901202697					residual scatter point
gene_point	ENSG00000100097	LGALS1	0.0315652180608762	0.1235487053036514					residual scatter point
gene_point	ENSG00000151552	QDPR	-0.1371118379562108	-0.0204223428259808					residual scatter point
gene_point	ENSG00000189403	HMGB1	0.2692886098606606	0.0071338432120526					residual scatter point
gene_point	ENSG00000140416	TPM1	-0.5289941103916789	0.0163611296741024					residual scatter point
gene_point	ENSG00000122705	CLTA	0.05682175683347543	0.0903230470202522					residual scatter point
gene_point	ENSG00000175416	CLTB	-0.3688699108867826	0.1466150231831022					residual scatter point
gene_point	ENSG00000196975	ANXA4	0.06899089677680881	0.0285966163590813					residual scatter point
gene_point	ENSG00000173786	CNP	-0.09681716842741805	-0.0111853853736505					residual scatter point
gene_point	ENSG00000091140	DLD	0.19663809014267314	0.1959285676902133					residual scatter point
gene_point	ENSG00000135486	HNRNPA1	-0.020434131173658443	-0.1271694146760964					residual scatter point
gene_point	ENSG00000131876	SNRPA1	-0.20379434209632435	-0.1264152016446438					residual scatter point
gene_point	ENSG00000103811	CTSH	-0.020833244869294054	0.2556619298540497					residual scatter point
gene_point	ENSG00000164919	COX6C	0.04645581331237819	-0.2002728562953102					residual scatter point
gene_point	ENSG00000184292	TACSTD2	0.7175627574877861	0.469140058070618					residual scatter point
gene_point	ENSG00000143799	PARP1	0.03564147841818047	-0.1866742936935956					residual scatter point
gene_point	ENSG00000119922	IFIT2	-0.1826304612371077	-0.1463143595448244					residual scatter point
gene_point	ENSG00000185745	IFIT1	0.6414660632105567	0.0342844495232235					residual scatter point
gene_point	ENSG00000111144	LTA4H	0.2763487621895593	0.0279925090916712					residual scatter point
gene_point	ENSG00000109107	ALDOC	0.1981462630424271	-0.2730496112449572					residual scatter point
gene_point	ENSG00000255529	POLR2M	-0.3144644444817786	0.2148331491766679					residual scatter point
gene_point	ENSG00000168802	CHTF8	-0.5321404321311718	0.8362855742255775					residual scatter point
gene_point	ENSG00000109113	RAB34	-0.2470218556316674	-0.9811925306074656					residual scatter point
gene_point	ENSG00000134339	SAA1	0.22613486928944948	-0.6010037319683299					residual scatter point
gene_point	ENSG00000225830	ERCC6	0.04572696415762523	-0.5167007861251705					residual scatter point
gene_point	ENSG00000186184	POLR1D	-0.5186729389842837	0.0972776384129581					residual scatter point
gene_point	ENSG00000176340	COX8A	-0.011594476425445532	-0.2179295186870185					residual scatter point
gene_point	ENSG00000126458	RRAS	-0.3584690614069539	-0.1195530097190484					residual scatter point
gene_point	ENSG00000078061	ARAF	-0.8364659093021628	-0.197463053635305					residual scatter point
gene_point	ENSG00000150768	DLAT	0.23167462126846985	0.0370288552242641					residual scatter point
gene_point	ENSG00000136810	TXN	0.0003229229753941576	0.3725646031828447					residual scatter point
gene_point	ENSG00000064601	CTSA	0.03116305431447658	-0.1675619499099792					residual scatter point
gene_point	ENSG00000108946	PRKAR1A	0.22630094343381574	0.0436897833875811					residual scatter point
gene_point	ENSG00000139684	ESD	0.15995406010481716	0.1080276472320989					residual scatter point
gene_point	ENSG00000144381	HSPD1	0.1555119217222198	0.2758732795312788					residual scatter point
gene_point	ENSG00000120885	CLU	0.15503763057381909	-0.3585341667512196					residual scatter point
gene_point	ENSG00000044574	HSPA5	0.44403166141102357	0.1460990507949091					residual scatter point
gene_point	ENSG00000135862	LAMC1	-0.05871265000893017	-0.0170938033937844					residual scatter point
gene_point	ENSG00000109971	HSPA8	-0.10517190682181021	0.1064831295251131					residual scatter point
gene_point	ENSG00000117394	SLC2A1	0.37587560018604904	0.2573822880178795					residual scatter point
gene_point	ENSG00000114491	UMPS	-0.1914135522370306	0.0471664677010252					residual scatter point
gene_point	ENSG00000168291	PDHB	0.14309065384005282	0.1739073379229481					residual scatter point
gene_point	ENSG00000137992	DBT	0.34036508392069653	-0.0464637464446333					residual scatter point
gene_point	ENSG00000100994	PYGB	0.11092393362985523	0.0834172115474451					residual scatter point
gene_point	ENSG00000006451	RALA	0.12648402513806495	-0.1434915602742847					residual scatter point
gene_point	ENSG00000144118	RALB	-0.27982716293641535	-0.217942708858196					residual scatter point
gene_point	ENSG00000186716	BCR	-1.0896884566760496	-0.4206099584340972					residual scatter point
gene_point	ENSG00000185896	LAMP1	0.1707690866254647	-0.095304366497757					residual scatter point
gene_point	ENSG00000117054	ACADM	0.3276704403917896	0.0885206048774875					residual scatter point
gene_point	ENSG00000198900	TOP1	0.4779407014200474	-0.1770025343715104					residual scatter point
gene_point	ENSG00000131747	TOP2A	0.2840290217419119	-0.2769329258328206					residual scatter point
gene_point	ENSG00000160211	G6PD	0.19058002410571245	0.2136662385703118					residual scatter point
gene_point	ENSG00000102178	UBL4A	-0.4928525570052553	0.1397254968053722					residual scatter point
gene_point	ENSG00000173153	ESRRA	-1.0747007022877717	-0.3593390530307534					residual scatter point
gene_point	ENSG00000173599	PC	0.24311101659569195	0.1979528847648524					residual scatter point
gene_point	ENSG00000100714	MTHFD1	0.2513382404751614	0.0572280567954379					residual scatter point
gene_point	ENSG00000197081	IGF2R	0.060370325617899456	-0.83015041406113					residual scatter point
gene_point	ENSG00000197894	ADH5	0.12170308926793091	0.1600710796264728					residual scatter point
gene_point	ENSG00000135446	CDK4	-0.24967236141651758	-0.3311681245973012					residual scatter point
gene_point	ENSG00000101911	PRPS2	0.10189367709051916	0.1418365574127271					residual scatter point
gene_point	ENSG00000070756	PABPC1	-0.7879489051950335	-0.0464433534958246					residual scatter point
gene_point	ENSG00000132646	PCNA	0.44180939729179924	-0.0069990959918513					residual scatter point
gene_point	ENSG00000111775	COX6A1	-0.07873350383589711	0.1607214275422279					residual scatter point
gene_point	ENSG00000151729	SLC25A4	-0.28206653080539423	-0.187982568456352					residual scatter point
gene_point	ENSG00000178035	IMPDH2	0.16826239013750355	0.2196116786943847					residual scatter point
gene_point	ENSG00000047410	TPR	0.6491219261575362	0.1047500630494582					residual scatter point
gene_point	ENSG00000166165	CKB	-0.0883454214890656	-0.4037029293770295					residual scatter point
gene_point	ENSG00000138772	ANXA3	0.11043194662419603	0.2101947579853025					residual scatter point
gene_point	ENSG00000223572	CKMT1A	1.1106437259797877	-0.0074946068629984					residual scatter point
gene_point	ENSG00000248098	BCKDHA	0.21664731314367308	-0.1493848247562432					residual scatter point
gene_point	ENSG00000072110	ACTN1	0.17949305470382032	0.0628833443962264					residual scatter point
gene_point	ENSG00000039068	CDH1	-0.038102769949901916	-0.2862402989608412					residual scatter point
gene_point	ENSG00000124299	PEPD	0.04143809038697688	0.063087872930069					residual scatter point
gene_point	ENSG00000196419	XRCC6	0.25125103305441143	-0.1280822582352918					residual scatter point
gene_point	ENSG00000079246	XRCC5	0.29795651612362517	0.0977761324931698					residual scatter point
gene_point	ENSG00000076248	UNG	0.12349458555163373	-0.2331155162331253					residual scatter point
gene_point	ENSG00000131143	COX4I1	-0.013189499489291379	-0.0407780160615267					residual scatter point
gene_point	ENSG00000185885	IFITM1	0.45900648089837204	-0.5720714015641661					residual scatter point
gene_point	ENSG00000005893	LAMP2	0.48315760833169724	-0.1759645642742136					residual scatter point
gene_point	ENSG00000167658	EEF2	0.10277045492334691	0.0691276732484205					residual scatter point
gene_point	ENSG00000186395	KRT10	-0.35443359516709305	0.7606148482166333					residual scatter point
gene_point	ENSG00000186081	KRT5	0.31098809490536417	-0.0462929191801073					residual scatter point
gene_point	ENSG00000155660	PDIA4	-0.003781805599155641	0.0172113516976395					residual scatter point
gene_point	ENSG00000122884	P4HA1	0.17394156055564608	-0.1993365629078525					residual scatter point
gene_point	ENSG00000079385	CEACAM1	-0.4797037275400061	-0.0569696870276317					residual scatter point
gene_point	ENSG00000133112	TPT1	-0.4267855389586208	0.0977586242778123					residual scatter point
gene_point	ENSG00000148218	ALAD	-0.08322121279975729	0.0342785595306622					residual scatter point
gene_point	ENSG00000117525	F3	0.32292675723353426	0.6407112754030866					residual scatter point
gene_point	ENSG00000102024	PLS3	0.4222685548479968	0.0984853304443511					residual scatter point
gene_point	ENSG00000164062	APEH	0.1690938445476701	0.0290233953457672					residual scatter point
gene_point	ENSG00000140374	ETFA	-0.08693328015470331	0.2352523938112547					residual scatter point
gene_point	ENSG00000104812	GYS1	0.22810508531702145	-0.0236962371202409					residual scatter point
gene_point	ENSG00000114302	PRKAR2A	-0.26224033991748064	-0.0354475979451756					residual scatter point
gene_point	ENSG00000188342	GTF2F2	0.11310806621971714	0.0807350484910998					residual scatter point
gene_point	ENSG00000085063	CD59	0.11841908896390627	0.3598111812296203					residual scatter point
gene_point	ENSG00000065911	MTHFD2	0.2056206641883247	0.4111971601466084					residual scatter point
gene_point	ENSG00000130175	PRKCSH	0.2272221639195525	0.2484022486549086					residual scatter point
gene_point	ENSG00000160752	FDPS	0.16506463095260157	-0.2044962610999725					residual scatter point
gene_point	ENSG00000112695	COX7A2	0.021423536989584768	0.1156443018420638					residual scatter point
gene_point	ENSG00000117448	AKR1A1	0.11522188095943048	0.035482434072847					residual scatter point
gene_point	ENSG00000067225	PKM	0.3392845029155649	0.1596059664761426					residual scatter point
gene_point	ENSG00000166598	HSP90B1	0.24646004760894855	0.1137338328670267					residual scatter point
gene_point	ENSG00000134057	CCNB1	0.1895579782208272	-0.2251344851158023					residual scatter point
gene_point	ENSG00000196465	MYL6B	-0.7003107297388577	0.3777319582369323					residual scatter point
gene_point	ENSG00000119912	IDE	0.43583335107688137	0.0555801898779897					residual scatter point
gene_point	ENSG00000126267	COX6B1	-0.06931030927766141	0.1454919892223145					residual scatter point
gene_point	ENSG00000143190	POU2F1	0.33783110167076313	0.0171528430627603					residual scatter point
gene_point	ENSG00000173801	JUP	0.347436982001327	-0.1241799763111224					residual scatter point
gene_point	ENSG00000156467	UQCRB	0.09733726402436427	0.1409982962433815					residual scatter point
gene_point	ENSG00000135821	GLUL	0.4543290870813226	0.0878973684058266					residual scatter point
gene_point	ENSG00000085662	AKR1B1	0.3723552249518052	1.6645819217602025					residual scatter point
gene_point	ENSG00000073008	PVR	0.0029213229919605177	-0.0625576038255459					residual scatter point
gene_point	ENSG00000128340	RAC2	-0.28185212921031294	-0.2451260855974197					residual scatter point
gene_point	ENSG00000103342	GSPT1	0.3605729417092667	0.4012087801394095					residual scatter point
gene_point	ENSG00000027697	IFNGR1	0.16787726062594777	-0.3532770635831355					residual scatter point
gene_point	ENSG00000092820	EZR	0.4031366661548227	0.0407408404437639					residual scatter point
gene_point	ENSG00000115966	ATF2	0.2634543190310711	-0.8473457598590546					residual scatter point
gene_point	ENSG00000118939	UCHL3	-0.1337582776091081	0.0839107595504664					residual scatter point
gene_point	ENSG00000075426	FOSL2	0.5278311170791499	0.2483674908790192					residual scatter point
gene_point	ENSG00000117335	CD46	0.42233543068897444	-0.1019961768534436					residual scatter point
gene_point	ENSG00000181019	NQO1	0.09774460442454536	0.1445200691171102					residual scatter point
gene_point	ENSG00000135677	GNS	0.1656653814510681	-0.351064808680519					residual scatter point
gene_point	ENSG00000096696	DSP	0.043141308006046264	-0.1740131283780535					residual scatter point
gene_point	ENSG00000117748	RPA2	-0.07936811383015754	0.0384284573656152					residual scatter point
gene_point	ENSG00000185499	MUC1	-0.6842367853183814	0.5294094581722302					residual scatter point
gene_point	ENSG00000127184	COX7C	-0.03350209921785724	0.0777628261379135					residual scatter point
gene_point	ENSG00000026508	CD44	0.3244212360674772	-0.1347686003675541					residual scatter point
gene_point	ENSG00000124588	NQO2	-0.26222355833489686	-0.1839996048938186					residual scatter point
gene_point	ENSG00000132470	ITGB4	-0.09175501080459467	-0.020687815855787					residual scatter point
gene_point	ENSG00000159228	CBR1	-0.10615613097679683	-0.0148271584745387					residual scatter point
gene_point	ENSG00000118260	CREB1	0.2192105265437675	-0.1771861439204798					residual scatter point
gene_point	ENSG00000170266	GLB1	-0.0247181919329007	-0.1458293225273905					residual scatter point
gene_point	ENSG00000158092	NCK1	0.08255354458427183	-0.0545677007031191					residual scatter point
gene_point	ENSG00000127948	POR	0.23684540113128633	0.0668590432562901					residual scatter point
gene_point	ENSG00000170430	MGMT	0.126730335314863	-0.0067621675999589					residual scatter point
gene_point	ENSG00000174437	ATP2A2	0.21301296540035064	-0.1798571572446938					residual scatter point
gene_point	ENSG00000117632	STMN1	0.23581125218318633	0.0170611996066938					residual scatter point
gene_point	ENSG00000060138	YBX3	-1.0332890472799763	-0.13414269104533					residual scatter point
gene_point	ENSG00000106261	ZKSCAN1	-0.355024108160382	-0.4529498623816916					residual scatter point
gene_point	ENSG00000173110	HSPA6	4.864845142185038	-0.8271504220789865					residual scatter point
gene_point	ENSG00000137309	HMGA1	-0.028761957306170205	-0.3965011409660093					residual scatter point
gene_point	ENSG00000178307	TMEM11	-0.07883003865881832	0.3827493908462394					residual scatter point
gene_point	ENSG00000120053	GOT1	0.33137582042526925	0.1175513881241272					residual scatter point
gene_point	ENSG00000171223	JUNB	0.6910636164646289	-0.2709282556493289					residual scatter point
gene_point	ENSG00000164171	ITGA2	0.6199033310635	-0.0591440901630448					residual scatter point
gene_point	ENSG00000108312	UBTF	-0.4155398243876025	-0.0552889687294957					residual scatter point
gene_point	ENSG00000130522	JUND	-1.167375699069052	-0.2305775178799347					residual scatter point
gene_point	ENSG00000099795	NDUFB7	-0.30909701408983115	-0.2253365393763431					residual scatter point
gene_point	ENSG00000162909	CAPN2	-0.23027472990170628	0.0842967167455484					residual scatter point
gene_point	ENSG00000175354	PTPN2	-0.21137728423243737	-0.2973573139056995					residual scatter point
gene_point	ENSG00000171793	CTPS1	0.14000234137179313	0.1329480333876418					residual scatter point
gene_point	ENSG00000108654	DDX5	0.5254219193715256	0.1632702390913394					residual scatter point
gene_point	ENSG00000141959	PFKL	-0.07416355034078709	-0.1423919792711139					residual scatter point
gene_point	ENSG00000196743	GM2A	0.3612254431357999	0.3052182214408674					residual scatter point
gene_point	ENSG00000131981	LGALS3	0.052291814219975696	-0.0440270626352301					residual scatter point
gene_point	ENSG00000146674	IGFBP3	0.9617187361024642	-0.3209044516872836					residual scatter point
gene_point	ENSG00000165916	PSMC3	0.16982412823299475	0.1499198391962934					residual scatter point
gene_point	ENSG00000120438	TCP1	-0.16041717931389998	0.1522531054169356					residual scatter point
gene_point	ENSG00000196396	PTPN1	0.10185265404570551	-0.0638168903819114					residual scatter point
gene_point	ENSG00000182899	RPL35A	-0.07316907396514771	0.0439827232881917					residual scatter point
gene_point	ENSG00000082781	ITGB5	-0.4070996586708381	0.1088863784763525					residual scatter point
gene_point	ENSG00000168374	ARF4	0.22245629544736523	-0.0012893989451114					residual scatter point
gene_point	ENSG00000147604	RPL7	0.48640613288391177	0.0867387628411293					residual scatter point
gene_point	ENSG00000035403	VCL	0.2410249949345612	-0.0113167421022382					residual scatter point
gene_point	ENSG00000171428	NAT1	-0.23509826776787668	0.1395815229141312					residual scatter point
gene_point	ENSG00000136689	IL1RN	-0.911457644661797	0.684534332927182					residual scatter point
gene_point	ENSG00000115221	ITGB6	-0.9379506032065796	0.0746794430696162					residual scatter point
gene_point	ENSG00000159140	SON	0.1620496760739148	0.1616038967286819					residual scatter point
gene_point	ENSG00000265681	RPL17	-0.5891329865551047	0.137674142730475					residual scatter point
gene_point	ENSG00000171314	PGAM1	1.1231149618079936	0.0186226899774801					residual scatter point
gene_point	ENSG00000180198	RCC1	-0.2512480211150374	-0.1105427879542659					residual scatter point
gene_point	ENSG00000115884	SDC1	0.14046640699816024	-0.5684100502041929					residual scatter point
gene_point	ENSG00000105486	LIG1	0.30640867607610534	-0.2075082231227512					residual scatter point
gene_point	ENSG00000073050	XRCC1	-0.33314173006225034	0.186651673643329					residual scatter point
gene_point	ENSG00000171346	KRT15	0.09330102068507976	-0.1148133080174851					residual scatter point
gene_point	ENSG00000170558	CDH2	0.20421668153866623	-0.0970204051045797					residual scatter point
gene_point	ENSG00000116815	CD58	0.08516648238749233	-0.1543803270701609					residual scatter point
gene_point	ENSG00000156515	HK1	0.18632152647336653	-0.0218396884102105					residual scatter point
gene_point	ENSG00000102978	POLR2C	0.00492547804405391	0.0932768802106309					residual scatter point
gene_point	ENSG00000099817	POLR2E	-0.053122983496413645	0.0749275810314706					residual scatter point
gene_point	ENSG00000178127	NDUFV2	-0.08017687151708308	0.1001238657846954					residual scatter point
gene_point	ENSG00000163161	ERCC3	0.37502085693951853	-0.5022230702259183					residual scatter point
gene_point	ENSG00000132109	TRIM21	-0.28989030714316666	0.2053122157092204					residual scatter point
gene_point	ENSG00000055332	EIF2AK2	0.045364799930634025	0.0636228749923262					residual scatter point
gene_point	ENSG00000116649	SRM	-1.0371683098177087	-0.0424077839984917					residual scatter point
gene_point	ENSG00000090020	SLC9A1	-0.10061310242131793	-0.1278759783581851					residual scatter point
gene_point	ENSG00000070770	CSNK2A2	-0.18884651614184866	-0.0548190361361697					residual scatter point
gene_point	ENSG00000186350	RXRA	-1.0825025639032746	-0.285782165390593					residual scatter point
gene_point	ENSG00000109320	NFKB1	-0.038241663071718224	0.009906310577481					residual scatter point
gene_point	ENSG00000025708	TYMP	-0.35138013221591036	-0.1423885911538036					residual scatter point
gene_point	ENSG00000070961	ATP2B1	0.20771725342137076	-0.2001424129909885					residual scatter point
gene_point	ENSG00000125977	EIF2S2	0.23743194046564528	0.0058816754198254					residual scatter point
gene_point	ENSG00000138279	ANXA7	0.12842086252306603	0.0620781495500786					residual scatter point
gene_point	ENSG00000145741	BTF3	-0.03588240949565147	0.2542026073705727					residual scatter point
gene_point	ENSG00000144566	RAB5A	0.09485359655498016	-0.1931633134450692					residual scatter point
gene_point	ENSG00000175582	RAB6A	0.3018321654895425	-0.1841169725779892					residual scatter point
gene_point	ENSG00000003056	M6PR	-0.04457966910009675	0.0352648759966669					residual scatter point
gene_point	ENSG00000178741	COX5A	-0.07221226122810143	0.1284675490903879					residual scatter point
gene_point	ENSG00000113368	LMNB1	0.21346601616970923	0.1205865009994298					residual scatter point
gene_point	ENSG00000106348	IMPDH1	-0.2897851228653149	0.0129619651547656					residual scatter point
gene_point	ENSG00000145715	RASA1	-0.24488575298288245	-0.2971368817968347					residual scatter point
gene_point	ENSG00000159335	PTMS	-0.21139672976643667	0.1032368580842941					residual scatter point
gene_point	ENSG00000134202	GSTM3	-0.09335149139958387	0.0040136155487857					residual scatter point
gene_point	ENSG00000147416	ATP6V1B2	0.2949903092461853	0.0731460003011079					residual scatter point
gene_point	ENSG00000155097	ATP6V1C1	-0.027712763094060427	-0.0997957165658185					residual scatter point
gene_point	ENSG00000159176	CSRP1	0.08234010580997417	0.165421993893446					residual scatter point
gene_point	ENSG00000196924	FLNA	0.11939408080865885	0.1219836912778618					residual scatter point
gene_point	ENSG00000196712	NF1	0.1997442562427907	-0.6318128132135232					residual scatter point
gene_point	ENSG00000189221	MAOA	0.08330264530227721	-0.0753620522817328					residual scatter point
gene_point	ENSG00000122729	ACO1	0.24501090102957665	-0.0413680229857291					residual scatter point
gene_point	ENSG00000049130	KITLG	0.7388239510712679	0.1595695469928557					residual scatter point
gene_point	ENSG00000135318	NT5E	0.3339160867545401	-0.4333213290882618					residual scatter point
gene_point	ENSG00000110492	MDK	-0.05970281698308355	-2.068083534623975					residual scatter point
gene_point	ENSG00000213585	VDAC1	0.03277144761349715	0.1038341702132186					residual scatter point
gene_point	ENSG00000117118	SDHB	-0.01510437802005743	0.1287689541238919					residual scatter point
gene_point	ENSG00000010278	CD9	0.3330938088965891	-0.2494435640664107					residual scatter point
gene_point	ENSG00000083123	BCKDHB	0.2658333577679529	0.1522808061832847					residual scatter point
gene_point	ENSG00000093010	COMT	-0.059086005819691034	0.1146072239002897					residual scatter point
gene_point	ENSG00000110048	OSBP	0.2692535568545967	-0.107064075617945					residual scatter point
gene_point	ENSG00000120265	PCMT1	0.16850303220026847	0.1420994355225708					residual scatter point
gene_point	ENSG00000062038	CDH3	0.17802341307888375	-0.3834651934227118					residual scatter point
gene_point	ENSG00000128050	PAICS	0.22405720675264554	0.0127589277643878					residual scatter point
gene_point	ENSG00000116171	SCP2	0.13883141796924553	0.3228296059844346					residual scatter point
gene_point	ENSG00000130985	UBA1	0.336116431673515	0.0476123614111863					residual scatter point
gene_point	ENSG00000243678	NME2	-0.13963155193147747	-0.0319026011082357					residual scatter point
gene_point	ENSG00000161513	FDXR	0.09910806749932818	-0.0308274278654501					residual scatter point
gene_point	ENSG00000122566	HNRNPA2B1	0.25878478853959574	0.1791572642546519					residual scatter point
gene_point	ENSG00000110395	CBL	0.23578809363672565	-0.2984570362274343					residual scatter point
gene_point	ENSG00000140740	UQCRC2	0.1623835897517965	0.0665191184310991					residual scatter point
gene_point	ENSG00000066926	FECH	-0.14620920334443901	0.0275657386179695					residual scatter point
gene_point	ENSG00000136936	XPA	-0.4472051253328394	-0.2893887934990999					residual scatter point
gene_point	ENSG00000187735	TCEA1	0.27293327976917414	-0.1427802380870453					residual scatter point
gene_point	ENSG00000091409	ITGA6	0.1265344085597686	0.1893477225731743					residual scatter point
gene_point	ENSG00000116560	SFPQ	0.3652192509020302	0.0649888843710364					residual scatter point
gene_point	ENSG00000131462	TUBG1	-0.11739682407763621	0.0437047543272868					residual scatter point
gene_point	ENSG00000166794	PPIB	0.1846902680015921	0.0255700713953004					residual scatter point
gene_point	ENSG00000082212	ME2	-0.39121185539387027	-0.0514583646336888					residual scatter point
gene_point	ENSG00000149273	RPS3	-0.025223289199061805	0.0021298314917288					residual scatter point
gene_point	ENSG00000067066	SP100	-0.0021499815491395104	0.0671503809874707					residual scatter point
gene_point	ENSG00000101444	AHCY	0.07110467937448833	0.0497170699185005					residual scatter point
gene_point	ENSG00000172757	CFL1	0.2293160109161259	0.3004517574694212					residual scatter point
gene_point	ENSG00000063046	EIF4B	0.1445942143042807	0.0018766220826691					residual scatter point
gene_point	ENSG00000058668	ATP2B4	0.2095596028671547	-0.2343374711851638					residual scatter point
gene_point	ENSG00000065357	DGKA	0.011949736601438582	0.0117444635905599					residual scatter point
gene_point	ENSG00000157184	CPT2	-0.4418549229304334	-0.1641425071407489					residual scatter point
gene_point	ENSG00000168393	DTYMK	-0.11905762477061464	0.0805007009869669					residual scatter point
gene_point	ENSG00000167325	RRM1	0.21816711825429977	-0.6866137342640286					residual scatter point
gene_point	ENSG00000167779	IGFBP6	0.0904787573953797	2.012657317723857					residual scatter point
gene_point	ENSG00000143727	ACP1	-0.1953162790198043	0.0185927833749133					residual scatter point
gene_point	ENSG00000075239	ACAT1	0.11549966008336215	0.1369222321690451					residual scatter point
gene_point	ENSG00000101335	MYL9	-0.6371149438403656	-0.041199116225691					residual scatter point
gene_point	ENSG00000123374	CDK2	0.2537972949209686	0.1982266424620107					residual scatter point
gene_point	ENSG00000112118	MCM3	0.3458342797775687	-0.104610099655197					residual scatter point
gene_point	ENSG00000128309	MPST	-0.48052496816248436	0.2414663201533926					residual scatter point
gene_point	ENSG00000112306	RPS12	-1.1463699364973323	0.1186564080625736					residual scatter point
gene_point	ENSG00000100811	YY1	-0.010110206306478187	-0.1855966463194107					residual scatter point
gene_point	ENSG00000132002	DNAJB1	0.45477486755777274	0.0946199895848245					residual scatter point
gene_point	ENSG00000135924	DNAJB2	-0.12423378673533436	0.3904121816036916					residual scatter point
gene_point	ENSG00000129084	PSMA1	0.08342043305849647	0.0528624751316044					residual scatter point
gene_point	ENSG00000106588	PSMA2	0.2238208565746688	-0.0226677655966867					residual scatter point
gene_point	ENSG00000100567	PSMA3	0.17284540584187308	0.1742801389431605					residual scatter point
gene_point	ENSG00000041357	PSMA4	0.17321623839678377	0.1235898816733183					residual scatter point
gene_point	ENSG00000005884	ITGA3	-0.05125220093749028	-0.0683352137951054					residual scatter point
gene_point	ENSG00000147065	MSN	0.41477352688583374	-0.0056815804557679					residual scatter point
gene_point	ENSG00000070159	PTPN3	-0.5624791726923761	-0.0149720947719629					residual scatter point
gene_point	ENSG00000110367	DDX6	0.5902718385442072	-0.2425924625338922					residual scatter point
gene_point	ENSG00000130816	DNMT1	0.3112437562971188	-0.5105975916667553					residual scatter point
gene_point	ENSG00000063244	U2AF2	0.19066829162088433	0.0471018376233516					residual scatter point
gene_point	ENSG00000167526	RPL13	-0.14131717199130323	0.2738241990338323					residual scatter point
gene_point	ENSG00000128928	IVD	0.405717260869716	-0.034423167463359					residual scatter point
gene_point	ENSG00000196154	S100A4	0.12331949695389555	1.3257730948056086					residual scatter point
gene_point	ENSG00000131446	MGAT1	-0.39134853971111705	-0.667396092139283					residual scatter point
gene_point	ENSG00000164104	HMGB2	0.04616801436135032	0.0092221976696293					residual scatter point
gene_point	ENSG00000011304	PTBP1	0.37482992214506483	0.0366207507778035					residual scatter point
gene_point	ENSG00000254772	EEF1G	-0.01167426057924803	0.0441357006183977					residual scatter point
gene_point	ENSG00000173486	FKBP2	-0.1970439946657247	0.2794668893647483					residual scatter point
gene_point	ENSG00000162433	AK4	0.25144464003456607	0.1009939114522175					residual scatter point
gene_point	ENSG00000134308	YWHAQ	0.07217116221380149	0.0857994018890622					residual scatter point
gene_point	ENSG00000102882	MAPK3	-0.3234743725773607	0.1453519779414342					residual scatter point
gene_point	ENSG00000075413	MARK3	-0.502617737004249	0.0013331912498486					residual scatter point
gene_point	ENSG00000185883	ATP6V0C	0.2017232819447174	-0.1614809414220666					residual scatter point
gene_point	ENSG00000143437	ARNT	-0.31425765333496225	-0.2805148467203686					residual scatter point
gene_point	ENSG00000147403	RPL10	-0.35760562358030556	0.0901231100764761					residual scatter point
gene_point	ENSG00000132383	RPA1	0.1479835359084284	-0.0852888953356227					residual scatter point
gene_point	ENSG00000156136	DCK	0.048988793887144555	-0.2280930434612464					residual scatter point
gene_point	ENSG00000084774	CAD	-0.15697057975719547	0.0142370150221857					residual scatter point
gene_point	ENSG00000179218	CALR	0.1237230490398491	0.0889605943707323					residual scatter point
gene_point	ENSG00000047849	MAP4	0.16488989805806603	-0.3873997483636451					residual scatter point
gene_point	ENSG00000143106	PSMA5	0.13179453113885925	0.0907340309955238					residual scatter point
gene_point	ENSG00000159377	PSMB4	0.1234344794700245	-0.0719182506340843					residual scatter point
gene_point	ENSG00000142507	PSMB6	0.011568986591613928	0.0749923479296263					residual scatter point
gene_point	ENSG00000100804	PSMB5	0.2604632768590224	-0.00726079558018					residual scatter point
gene_point	ENSG00000117528	ABCD3	0.0794680117881971	-0.0496943193879637					residual scatter point
gene_point	ENSG00000062822	POLD1	-0.07639147881580738	-0.1656473015521058					residual scatter point
gene_point	ENSG00000187079	TEAD1	0.4772828380713402	0.2829406886610304					residual scatter point
gene_point	ENSG00000102038	SMARCA1	0.45752399433535995	-0.2335232474306785					residual scatter point
gene_point	ENSG00000100030	MAPK1	-0.0033815323039761286	-0.0733010512203797					residual scatter point
gene_point	ENSG00000134899	ERCC5	0.7469923954439806	-0.2580812881269221					residual scatter point
gene_point	ENSG00000030582	GRN	0.3021392739585808	0.200538721817125					residual scatter point
gene_point	ENSG00000002549	LAP3	0.22135601768378094	0.0939306923108489					residual scatter point
gene_point	ENSG00000196754	S100A2	0.05193915368850388	0.3052046720447414					residual scatter point
gene_point	ENSG00000153767	GTF2E1	0.12693976924629058	0.051955922924769					residual scatter point
gene_point	ENSG00000197265	GTF2E2	-0.5228579141074206	-0.420935812831452					residual scatter point
gene_point	ENSG00000134900	TPP2	0.43694177446958804	0.0418640845761473					residual scatter point
gene_point	ENSG00000133731	IMPA1	0.236605131061766	0.1078526261623267					residual scatter point
gene_point	ENSG00000133216	EPHB2	-0.46043301742674475	-0.4707097075572868					residual scatter point
gene_point	ENSG00000111679	PTPN6	-0.2248996531383513	-0.0987501229846863					residual scatter point
gene_point	ENSG00000160691	SHC1	0.04678939593027087	-0.4574220747112232					residual scatter point
gene_point	ENSG00000103152	MPG	-0.42023396917203626	-0.1605047329193301					residual scatter point
gene_point	ENSG00000143320	CRABP2	0.21844750330256824	-0.1762858541208629					residual scatter point
gene_point	ENSG00000163931	TKT	0.2595940938111998	0.2558325226429971					residual scatter point
gene_point	ENSG00000137752	CASP1	0.1265609731910668	-0.0823219380664745					residual scatter point
gene_point	ENSG00000153250	RBMS1	0.3943454809528977	0.2231073480532579					residual scatter point
gene_point	ENSG00000140464	PML	-0.050151009926547585	0.0350993448460386					residual scatter point
gene_point	ENSG00000277443	MARCKS	0.6551854333848971	0.0868231311036744					residual scatter point
gene_point	ENSG00000088256	GNA11	-0.387805411283818	-0.2018353009494831					residual scatter point
gene_point	ENSG00000159423	ALDH4A1	0.2912484464288279	0.161600978853837					residual scatter point
gene_point	ENSG00000089248	ERP29	0.29802785170552537	0.1284528177688706					residual scatter point
gene_point	ENSG00000117592	PRDX6	0.06871547111601989	0.0516018169877341					residual scatter point
gene_point	ENSG00000090013	BLVRB	0.0034203508685894113	-0.0616621289971597					residual scatter point
gene_point	ENSG00000126432	PRDX5	-0.04887395281159071	0.0841620428047811					residual scatter point
gene_point	ENSG00000165672	PRDX3	0.10277861383682821	0.2311417126764006					residual scatter point
gene_point	ENSG00000197958	RPL12	-0.6564118726415286	0.0660335108253313					residual scatter point
gene_point	ENSG00000127884	ECHS1	0.19475228997310884	0.1789939360037422					residual scatter point
gene_point	ENSG00000162368	CMPK1	-0.09392981802705266	0.0361442058268366					residual scatter point
gene_point	ENSG00000089220	PEBP1	0.06691070296876594	-0.0634065305222222					residual scatter point
gene_point	ENSG00000167004	PDIA3	0.15290292484563617	0.1176428403415243					residual scatter point
gene_point	ENSG00000105568	PPP2R1A	0.061331443708005806	0.0950819150754007					residual scatter point
gene_point	ENSG00000137713	PPP2R1B	0.18489982210647998	-0.2248594603784628					residual scatter point
gene_point	ENSG00000004897	CDC27	0.2138590830050039	-0.2226668392861128					residual scatter point
gene_point	ENSG00000108179	PPIF	0.17210013058059057	0.2095484871327713					residual scatter point
gene_point	ENSG00000136448	NMT1	0.04288042572210902	-0.0561515844543194					residual scatter point
gene_point	ENSG00000163956	LRPAP1	0.2727387070680727	0.1041070039198679					residual scatter point
gene_point	ENSG00000100300	TSPO	0.04569109500429336	-0.3177476866262232					residual scatter point
gene_point	ENSG00000239900	ADSL	-0.054962924750562255	0.0202273520594431					residual scatter point
gene_point	ENSG00000130779	CLIP1	-0.19582199609374096	-0.033283144840233					residual scatter point
gene_point	ENSG00000075142	SRI	0.05628033034627807	0.3042591469542017					residual scatter point
gene_point	ENSG00000060558	GNA15	-0.7392249170055056	0.008547314401472					residual scatter point
gene_point	ENSG00000021355	SERPINB1	-0.008963749675805557	-0.0684001533302804					residual scatter point
gene_point	ENSG00000139514	SLC7A1	0.1888044378945061	-0.095490498450637					residual scatter point
gene_point	ENSG00000137124	ALDH1B1	-0.07899150681245615	0.1972732361245199					residual scatter point
gene_point	ENSG00000108602	ALDH3A1	0.32585339577094	-0.221980787138122					residual scatter point
gene_point	ENSG00000047315	POLR2B	0.2245742290038229	-0.1411963332057482					residual scatter point
gene_point	ENSG00000073578	SDHA	0.19748712618838332	0.0992773738561894					residual scatter point
gene_point	ENSG00000102879	CORO1A	0.1862949172268253	-0.0323261877074347					residual scatter point
gene_point	ENSG00000203879	GDI1	-0.24116289760439857	0.0354574356367791					residual scatter point
gene_point	ENSG00000168906	MAT2A	0.4232879077398011	0.1658672137888075					residual scatter point
gene_point	ENSG00000188191	PRKAR1B	-0.3177036255289856	-0.0342714231827603					residual scatter point
gene_point	ENSG00000021826	CPS1	0.08770994522183753	-0.3249383396156808					residual scatter point
gene_point	ENSG00000171848	RRM2	0.36798099171165377	-0.1196951345311401					residual scatter point
gene_point	ENSG00000124145	SDC4	0.17474645485827162	-0.3475683932688866					residual scatter point
gene_point	ENSG00000116001	TIA1	0.35098398149620497	-0.200305203212789					residual scatter point
gene_point	ENSG00000086061	DNAJA1	0.20779946057070464	0.3898634455658545					residual scatter point
gene_point	ENSG00000142208	AKT1	-1.0429200478893126	1.306965717195537					residual scatter point
gene_point	ENSG00000010256	UQCRC1	0.20209812364039645	0.1564990125224028					residual scatter point
gene_point	ENSG00000106049	HIBADH	-0.006841842103922177	0.0315168631596129					residual scatter point
gene_point	ENSG00000138363	ATIC	0.27344278817693884	0.0414461338391589					residual scatter point
gene_point	ENSG00000096746	HNRNPH3	0.16259641940981223	0.14467358717717					residual scatter point
gene_point	ENSG00000166913	YWHAB	0.2541679296490918	0.8799872697192725					residual scatter point
gene_point	ENSG00000175793	SFN	0.3213664714512321	0.1889556826434564					residual scatter point
gene_point	ENSG00000168439	STIP1	0.03948439417537036	0.0644396667564279					residual scatter point
gene_point	ENSG00000163191	S100A11	0.006325371915134326	0.2710497086718249					residual scatter point
gene_point	ENSG00000167815	PRDX2	0.2139801737750034	0.1946757647599071					residual scatter point
gene_point	ENSG00000141480	ARRB2	-0.4391998349663398	-0.8295924048910805					residual scatter point
gene_point	ENSG00000158825	CDA	0.13443916901069786	0.6276256294175404					residual scatter point
gene_point	ENSG00000129187	DCTD	-0.37347102161383383	0.0839823174739962					residual scatter point
gene_point	ENSG00000120690	ELF1	0.12997597347506962	-0.1846295415036571					residual scatter point
gene_point	ENSG00000134757	DSG3	0.5202232248817111	-0.5509641287214961					residual scatter point
gene_point	ENSG00000116761	CTH	0.8285155686912831	1.0318051962326926					residual scatter point
gene_point	ENSG00000163682	RPL9	0.07539203199687972	0.2767673419343488					residual scatter point
gene_point	ENSG00000125726	CD70	0.20792542980238893	0.2300931359403932					residual scatter point
gene_point	ENSG00000170759	KIF5B	0.14233894144507836	-0.0249739049296344					residual scatter point
gene_point	ENSG00000101811	CSTF2	0.24508507752512076	0.0073379522487364					residual scatter point
gene_point	ENSG00000128951	DUT	0.22450399201083446	0.1190911884512075					residual scatter point
gene_point	ENSG00000123975	CKS2	-0.09018241267303168	0.251332276457143					residual scatter point
gene_point	ENSG00000104738	MCM4	0.250761063514196	-0.0278434841181223					residual scatter point
gene_point	ENSG00000100297	MCM5	0.2015731976097463	-0.1922456810707089					residual scatter point
gene_point	ENSG00000166508	MCM7	0.2937365340689751	-0.0381212133237376					residual scatter point
gene_point	ENSG00000182199	SHMT2	0.2390109641610022	0.1311250886056392					residual scatter point
gene_point	ENSG00000120915	EPHX2	-0.4890934513738858	-0.0989578038675382					residual scatter point
gene_point	ENSG00000170606	HSPA4	0.29864812964458043	0.0929788444435786					residual scatter point
gene_point	ENSG00000178802	MPI	-0.04052148255744001	0.0917464652678425					residual scatter point
gene_point	ENSG00000063660	GPC1	-0.04402559384049498	-0.5049098221262227					residual scatter point
gene_point	ENSG00000044115	CTNNA1	0.3507645780748271	-0.1257972923931589					residual scatter point
gene_point	ENSG00000168036	CTNNB1	0.4287554915402262	-0.0413492925512066					residual scatter point
gene_point	ENSG00000124570	SERPINB6	-0.15244700418894275	-0.0240729846672813					residual scatter point
gene_point	ENSG00000137710	RDX	0.2957648951487667	-0.0181502563566979					residual scatter point
gene_point	ENSG00000106399	RPA3	0.00880858744490326	0.0160639791217569					residual scatter point
gene_point	ENSG00000163918	RFC4	-0.04108247615772592	0.0366092560501449					residual scatter point
gene_point	ENSG00000049541	RFC2	0.061280665113176064	-0.086689992138222					residual scatter point
gene_point	ENSG00000035928	RFC1	0.3855038297423814	-0.1385272900168352					residual scatter point
gene_point	ENSG00000116251	RPL22	-0.3890103472128089	-0.0498569615559425					residual scatter point
gene_point	ENSG00000125651	GTF2F1	-0.002560370987066518	-0.0468648008215062					residual scatter point
gene_point	ENSG00000116096	SPR	0.20706204743265724	0.0959202910142629					residual scatter point
gene_point	ENSG00000162688	AGL	0.49684201506674114	-0.1752027872970636					residual scatter point
gene_point	ENSG00000100345	MYH9	0.01569068086799405	0.0403898820080605					residual scatter point
gene_point	ENSG00000133026	MYH10	0.28116824080928754	0.11588468205235					residual scatter point
gene_point	ENSG00000184432	COPB2	0.3202215163562349	0.1049822619700577					residual scatter point
gene_point	ENSG00000087274	ADD1	-0.1112503420227233	-0.1226894426240932					residual scatter point
gene_point	ENSG00000172270	BSG	0.2950754834776636	0.0322060141787439					residual scatter point
gene_point	ENSG00000089280	FUS	0.07918724679062908	-0.1393007987552508					residual scatter point
gene_point	ENSG00000126883	NUP214	0.024272224520564933	-0.0974762356486032					residual scatter point
gene_point	ENSG00000124795	DEK	0.27633439490609224	0.1808889201255894					residual scatter point
gene_point	ENSG00000100614	PPM1A	0.0637532164968665	-0.0739868282779898					residual scatter point
gene_point	ENSG00000106546	AHR	0.6319071850860262	-0.605329174308423					residual scatter point
gene_point	ENSG00000117305	HMGCL	-0.08437437416825351	-0.0818141731123525					residual scatter point
gene_point	ENSG00000161057	PSMC2	0.13862404160722924	0.035609605481337					residual scatter point
gene_point	ENSG00000213465	ARL2	-0.2007939691428512	-0.114113566787882					residual scatter point
gene_point	ENSG00000138175	ARL3	-0.07464574255791817	0.0808094712602987					residual scatter point
gene_point	ENSG00000126934	MAP2K2	-0.3430010307542195	-0.0254082933827106					residual scatter point
gene_point	ENSG00000131100	ATP6V1E1	0.2373584648201906	0.0075751827953638					residual scatter point
gene_point	ENSG00000080819	CPOX	0.020711732800483815	0.1729403085652876					residual scatter point
gene_point	ENSG00000174444	RPL4	-0.23019312574463324	0.0973676317762226					residual scatter point
gene_point	ENSG00000106268	NUDT1	-0.007276937431270392	-0.2336208093114926					residual scatter point
gene_point	ENSG00000196365	LONP1	0.15065817234610288	-0.0675302236367692					residual scatter point
gene_point	ENSG00000079739	PGM1	0.04905780156029649	0.0084203951635686					residual scatter point
gene_point	ENSG00000186298	PPP1CC	-0.296779893097043	-0.0281863276071305					residual scatter point
gene_point	ENSG00000106799	TGFBR1	-0.3209668201464385	0.5848726486784717					residual scatter point
gene_point	ENSG00000206075	SERPINB5	0.3485947363679145	0.237602426567463					residual scatter point
gene_point	ENSG00000119689	DLST	0.0013339646283322126	0.0441270891027585					residual scatter point
gene_point	ENSG00000167468	GPX4	-0.44071480046841244	0.0313644919667766					residual scatter point
gene_point	ENSG00000140319	SRP14	-0.19077168482350476	-0.1854615813374458					residual scatter point
gene_point	ENSG00000213024	NUP62	0.11154412030418154	0.137390789390114					residual scatter point
gene_point	ENSG00000158710	TAGLN2	0.190888086490279	0.0397216391148731					residual scatter point
gene_point	ENSG00000177156	TALDO1	0.1340742561682291	0.1997161389995518					residual scatter point
gene_point	ENSG00000145335	SNCA	0.06130721331056288	-0.2453721656230723					residual scatter point
gene_point	ENSG00000105379	ETFB	-0.01553744552841596	0.0314973616926153					residual scatter point
gene_point	ENSG00000147274	RBMX	0.351530513209923	-0.1067802101196733					residual scatter point
gene_point	ENSG00000121058	COIL	-1.431241230495185	-0.3954485996897006					residual scatter point
gene_point	ENSG00000115486	GGCX	0.1136435223407132	-0.364886668431911					residual scatter point
gene_point	ENSG00000107798	LIPA	0.24715614934628494	-0.2420259852679116					residual scatter point
gene_point	ENSG00000114573	ATP6V1A	0.4943867707610164	0.2238298128926423					residual scatter point
gene_point	ENSG00000113013	HSPA9	0.3229906276346058	0.1566726544680357					residual scatter point
gene_point	ENSG00000105372	RPS19	-0.17336130392032217	-0.0134145476401812					residual scatter point
gene_point	ENSG00000100316	RPL3	-0.08322722764187901	0.1728486184064621					residual scatter point
gene_point	ENSG00000115204	MPV17	0.21142661312452055	-0.3041711462854515					residual scatter point
gene_point	ENSG00000244038	DDOST	0.038868293753877736	-0.0299363063009323					residual scatter point
gene_point	ENSG00000140350	ANP32A	0.281104372906697	0.1843829582348597					residual scatter point
gene_point	ENSG00000168496	FEN1	0.2741429670777653	0.0037562999286251					residual scatter point
gene_point	ENSG00000257923	CUX1	0.04086318238151862	-0.2901793637436238					residual scatter point
gene_point	ENSG00000042493	CAPG	0.22125379201013112	0.2670238145602397					residual scatter point
gene_point	ENSG00000084652	TXLNA	0.06731804728697327	-0.1219340043986214					residual scatter point
gene_point	ENSG00000146731	CCT6A	0.2267958548473883	0.1159447407080307					residual scatter point
gene_point	ENSG00000166741	NNMT	0.08722470616538527	-0.0574451687381341					residual scatter point
gene_point	ENSG00000205220	PSMB10	0.1245314071632248	-0.0799604158935167					residual scatter point
gene_point	ENSG00000185630	PBX1	-0.13729333175940314	-0.7172877509084401					residual scatter point
gene_point	ENSG00000142541	RPL13A	0.1105375741149679	0.0999594210116505					residual scatter point
gene_point	ENSG00000120805	ARL1	0.09085919657558382	-0.1415522708543299					residual scatter point
gene_point	ENSG00000076242	MLH1	0.32497577155677143	1.7186262643658663					residual scatter point
gene_point	ENSG00000168610	STAT3	0.18645703474682573	-1.7152396346487233					residual scatter point
gene_point	ENSG00000138592	USP8	0.3806735364188333	-0.0604799524400014					residual scatter point
gene_point	ENSG00000162735	PEX19	0.09270964920024215	-0.1361785183896913					residual scatter point
gene_point	ENSG00000014641	MDH1	0.23750248263871457	-0.0236088034024852					residual scatter point
gene_point	ENSG00000146701	MDH2	0.18692883219020112	0.2253439114939581					residual scatter point
gene_point	ENSG00000111445	RFC5	0.03823887913632265	-0.1540498069748324					residual scatter point
gene_point	ENSG00000133119	RFC3	0.18140587281046788	-0.0508462918239978					residual scatter point
gene_point	ENSG00000084754	HADHA	0.2487508734763977	0.0106216725693215					residual scatter point
gene_point	ENSG00000130741	EIF2S3	0.12444135853937753	0.0459180350369763					residual scatter point
gene_point	ENSG00000125968	ID1	0.3510608739825457	-0.9629641901434116					residual scatter point
gene_point	ENSG00000139083	ETV6	-0.36511529786867414	-0.1350508475565917					residual scatter point
gene_point	ENSG00000143486	EIF2D	-0.7043077745637587	-0.2882987501455432					residual scatter point
gene_point	ENSG00000106245	BUD31	-0.09345614187571682	0.083743472370223					residual scatter point
gene_point	ENSG00000102030	NAA10	-0.5387143935598679	0.0792990323340667					residual scatter point
gene_point	ENSG00000126012	KDM5C	-0.05312501201200623	0.4047388334469328					residual scatter point
gene_point	ENSG00000184203	PPP1R2	0.06382390273018781	0.1873135576302971					residual scatter point
gene_point	ENSG00000103653	CSK	-0.5579108696779758	0.0919734603066508					residual scatter point
gene_point	ENSG00000173812	EIF1	0.12297335479047478	-0.0465315996675173					residual scatter point
gene_point	ENSG00000163558	PRKCI	-0.1185490591409406	0.1620328333364753					residual scatter point
gene_point	ENSG00000167969	ECI1	0.10110928462413787	-0.016423657576631					residual scatter point
gene_point	ENSG00000120802	TMPO	0.1831603117373364	-0.1941026488858135					residual scatter point
gene_point	ENSG00000115415	STAT1	0.14001545871157242	-0.1714250001850743					residual scatter point
gene_point	ENSG00000166888	STAT6	-0.0694869719118787	-0.4803298232963282					residual scatter point
gene_point	ENSG00000196139	AKR1C3	0.4641561796503031	0.825815125831312					residual scatter point
gene_point	ENSG00000198793	MTOR	-0.20123280137455188	-0.1239746917729576					residual scatter point
gene_point	ENSG00000085832	EPS15	0.05262423413668268	0.4334861689529496					residual scatter point
gene_point	ENSG00000164305	CASP3	0.42232137648614854	0.0597861191273736					residual scatter point
gene_point	ENSG00000177954	RPS27	-0.2899092537148537	-0.3214170299395569					residual scatter point
gene_point	ENSG00000198265	HELZ	0.2720006362548801	0.0518863765086106					residual scatter point
gene_point	ENSG00000151503	NCAPD3	0.13289409693455856	-0.3291854837603782					residual scatter point
gene_point	ENSG00000188739	RBM34	-0.2697837524143918	-0.3047655620369358					residual scatter point
gene_point	ENSG00000138095	LRPPRC	0.12001489268178638	-0.1409507444798379					residual scatter point
gene_point	ENSG00000136942	RPL35	-0.09049404878468059	0.0906147670472741					residual scatter point
gene_point	ENSG00000147883	CDKN2B	0.5688232417522041	0.6403493766233641					residual scatter point
gene_point	ENSG00000197386	HTT	0.029127039785029327	-0.243561329413481					residual scatter point
gene_point	ENSG00000117298	ECE1	0.09002669539239339	0.2332173919937545					residual scatter point
gene_point	ENSG00000079215	SLC1A3	0.4587855972142706	0.0166033558236406					residual scatter point
gene_point	ENSG00000115902	SLC1A4	0.3495434992559997	-0.2203060207634681					residual scatter point
gene_point	ENSG00000007168	PAFAH1B1	0.4797784555377385	-0.0311447734840513					residual scatter point
gene_point	ENSG00000015479	MATR3	0.050561714137434655	0.1920226388209798					residual scatter point
gene_point	ENSG00000095002	MSH2	0.42887040710331414	0.0275251346141054					residual scatter point
gene_point	ENSG00000115159	GPD2	0.24635755110531946	-0.0306029752451415					residual scatter point
gene_point	ENSG00000124783	SSR1	0.3776117997825131	-0.147189939817121					residual scatter point
gene_point	ENSG00000006534	ALDH3B1	0.000585227365070537	-0.2914189850015276					residual scatter point
gene_point	ENSG00000165025	SYK	-0.5456818354920766	-0.1457137745239585					residual scatter point
gene_point	ENSG00000099901	RANBP1	-0.03682197954649219	0.0290419876679699					residual scatter point
gene_point	ENSG00000105835	NAMPT	0.40902411896496227	0.0815413496993961					residual scatter point
gene_point	ENSG00000123297	TSFM	0.13457797071035693	0.0925057369917254					residual scatter point
gene_point	ENSG00000168938	PPIC	-0.10954663402600434	-0.0280400408771761					residual scatter point
gene_point	ENSG00000165637	VDAC2	-0.08828439999474702	0.0858015727649217					residual scatter point
gene_point	ENSG00000196177	ACADSB	0.1491732536933325	0.1250885995213639					residual scatter point
gene_point	ENSG00000094916	CBX5	0.44460526803240463	0.1213716674037179					residual scatter point
gene_point	ENSG00000111667	USP5	0.16438941589945302	0.1132873306018389					residual scatter point
gene_point	ENSG00000065559	MAP2K4	-0.004099209467155862	-0.0801657092307834					residual scatter point
gene_point	ENSG00000148773	MKI67	0.15689985288600716	-0.6755868403940948					residual scatter point
gene_point	ENSG00000100401	RANGAP1	0.057443559218514184	0.1528072943614056					residual scatter point
gene_point	ENSG00000004700	RECQL	0.6098220763172881	-0.0692998925153887					residual scatter point
gene_point	ENSG00000111641	NOP2	0.17679169707292441	0.0077970207551061					residual scatter point
gene_point	ENSG00000085224	ATRX	0.45127237413212407	0.2264526932553998					residual scatter point
gene_point	ENSG00000167193	CRK	-0.26836142439223526	0.083518252072654					residual scatter point
gene_point	ENSG00000099942	CRKL	0.6004922264325976	0.0008973500913924					residual scatter point
gene_point	ENSG00000085760	MTIF2	-0.30965672077309975	0.2278213987371486					residual scatter point
gene_point	ENSG00000111276	CDKN1B	0.5372339461514546	-0.903377591538991					residual scatter point
gene_point	ENSG00000034152	MAP2K3	-0.3879244822828414	0.0180183051185416					residual scatter point
gene_point	ENSG00000185515	BRCC3	0.25556959122924094	0.0854010941148146					residual scatter point
gene_point	ENSG00000166441	RPL27A	-0.037676002890161486	0.1603713817698135					residual scatter point
gene_point	ENSG00000122406	RPL5	-0.09068781570674078	-0.034039108872971					residual scatter point
gene_point	ENSG00000122026	RPL21	-0.4787869483140452	0.1397042694099575					residual scatter point
gene_point	ENSG00000108107	RPL28	-0.21360211177746757	0.11232085821376					residual scatter point
gene_point	ENSG00000083845	RPS5	0.010949590404477794	-0.0031828056243163					residual scatter point
gene_point	ENSG00000124614	RPS10	0.07894845108355875	-0.1329648340443405					residual scatter point
gene_point	ENSG00000113552	GNPDA1	-0.08812389811462415	-0.0167109300305803					residual scatter point
gene_point	ENSG00000069869	NEDD4	0.8362740228868553	-0.1064735104702734					residual scatter point
gene_point	ENSG00000137693	YAP1	0.12204619306938547	-0.1564683196726264					residual scatter point
gene_point	ENSG00000152818	UTRN	0.23512349194902998	-0.0136627344224145					residual scatter point
gene_point	ENSG00000140575	IQGAP1	0.25469714326869514	-0.1579778157750198					residual scatter point
gene_point	ENSG00000163754	GYG1	-0.10270278483425696	-0.145914415784496					residual scatter point
gene_point	ENSG00000134910	STT3A	0.20155889434405813	-0.1202098173112489					residual scatter point
gene_point	ENSG00000183155	RABIF	0.12015550134642122	0.2230740234734689					residual scatter point
gene_point	ENSG00000198898	CAPZA2	-0.2859111570403928	0.1165089222448401					residual scatter point
gene_point	ENSG00000077549	CAPZB	0.02934106149446203	0.0781210579469338					residual scatter point
gene_point	ENSG00000173674	EIF1AX	0.4408861807758424	0.0347069221560527					residual scatter point
gene_point	ENSG00000184254	ALDH1A3	0.17343226032692097	0.2942147662453287					residual scatter point
gene_point	ENSG00000162244	RPL29	-0.1488276541785909	0.2695050524280589					residual scatter point
gene_point	ENSG00000169021	UQCRFS1	0.0555864318845042	0.0159527573820632					residual scatter point
gene_point	ENSG00000169756	LIMS1	0.2433179889187312	0.3825614621515818					residual scatter point
gene_point	ENSG00000085377	PREP	0.11817366431205817	0.0574465765931577					residual scatter point
gene_point	ENSG00000065833	ME1	0.01103487129530778	0.0248697967091686					residual scatter point
gene_point	ENSG00000136381	IREB2	0.1142648175854537	-0.5049759429449292					residual scatter point
gene_point	ENSG00000150867	PIP4K2A	-0.7454169287367066	-0.1921266182548073					residual scatter point
gene_point	ENSG00000095139	ARCN1	0.28314469704100387	0.0067933572659164					residual scatter point
gene_point	ENSG00000001084	GCLC	-0.06670822588149097	0.0828688614896719					residual scatter point
gene_point	ENSG00000023909	GCLM	0.2712279219595363	0.0886043717522255					residual scatter point
gene_point	ENSG00000177697	CD151	0.10577772258143675	-0.3224108193910808					residual scatter point
gene_point	ENSG00000099341	PSMD8	0.15428219283278485	0.1149337943014643					residual scatter point
gene_point	ENSG00000100983	GSS	0.22496605032478606	-0.0357031837467261					residual scatter point
gene_point	ENSG00000150753	CCT5	0.29310043029699717	0.1533619513337996					residual scatter point
gene_point	ENSG00000109255	NMU	-0.2355857263293864	0.0617965881558895					residual scatter point
gene_point	ENSG00000155304	HSPA13	0.6703639226145122	0.264427915304477					residual scatter point
gene_point	ENSG00000113712	CSNK1A1	0.15249286320581562	-0.1234675320837723					residual scatter point
gene_point	ENSG00000141551	CSNK1D	-0.11548748942562326	-0.1799588864529795					residual scatter point
gene_point	ENSG00000182054	IDH2	-0.2992205007606832	-0.1850561838088431					residual scatter point
gene_point	ENSG00000180957	PITPNB	0.19823333093345313	0.0124142789746599					residual scatter point
gene_point	ENSG00000123146	ADGRE5	0.10768747076867066	0.0385998583274975					residual scatter point
gene_point	ENSG00000106628	POLD2	-0.2060810644083992	-0.1214001636979453					residual scatter point
gene_point	ENSG00000175130	MARCKSL1	-0.07049164955728553	-0.3047220962018802					residual scatter point
gene_point	ENSG00000089159	PXN	-0.2146428121312929	0.0333736187588336					residual scatter point
gene_point	ENSG00000164615	CAMLG	0.10770543633440433	-0.2903067627765363					residual scatter point
gene_point	ENSG00000143149	ALDH9A1	0.2343917465559932	0.0579578925060886					residual scatter point
gene_point	ENSG00000109475	RPL34	-0.2756735876257549	0.5223438358550077					residual scatter point
gene_point	ENSG00000153574	RPIA	-0.2819314834635045	0.1423593656473194					residual scatter point
gene_point	ENSG00000074695	LMAN1	0.38451470911588953	-0.0594355920500042					residual scatter point
gene_point	ENSG00000132780	NASP	0.3698136450825093	0.1476285577510871					residual scatter point
gene_point	ENSG00000169710	FASN	0.07719209127646609	-0.0129368657395509					residual scatter point
gene_point	ENSG00000168522	FNTA	-0.5806385292013293	-0.0642984315051879					residual scatter point
gene_point	ENSG00000095059	DHPS	-0.007178400743926949	0.283336631737999					residual scatter point
gene_point	ENSG00000163468	CCT3	0.30794380399843413	0.0171704888109935					residual scatter point
gene_point	ENSG00000115364	MRPL19	0.04925715086498854	-0.0305180978516013					residual scatter point
gene_point	ENSG00000137486	ARRB1	-0.7364446804376199	0.3675996698540782					residual scatter point
gene_point	ENSG00000178952	TUFM	-0.0395585882893624	0.164988447767012					residual scatter point
gene_point	ENSG00000164904	ALDH7A1	0.27191717300341434	-0.0326130476409645					residual scatter point
gene_point	ENSG00000151689	INPP1	-0.7472833725509811	0.1636656764954729					residual scatter point
gene_point	ENSG00000117724	CENPF	0.6766255665931032	-0.1842446743310297					residual scatter point
gene_point	ENSG00000143742	SRP9	0.05489645323641415	-0.1209194683529197					residual scatter point
gene_point	ENSG00000077721	UBE2A	0.20336522516963754	-0.0256269357909992					residual scatter point
gene_point	ENSG00000161217	PCYT1A	-0.0745713221801571	0.1464608783220065					residual scatter point
gene_point	ENSG00000112855	HARS2	0.009507899135991094	0.0066939080580965					residual scatter point
gene_point	ENSG00000100034	PPM1F	-0.025267378797389127	0.2269129057499306					residual scatter point
gene_point	ENSG00000102974	CTCF	0.13176755324924705	-1.069029627721665					residual scatter point
gene_point	ENSG00000221869	CEBPD	0.40239747789743974	0.2863492378828169					residual scatter point
gene_point	ENSG00000126067	PSMB2	0.1456809549101193	-0.0266394114191435					residual scatter point
gene_point	ENSG00000073111	MCM2	0.3006716547066022	-0.0739488114056854					residual scatter point
gene_point	ENSG00000072778	ACADVL	0.051901231112210344	0.1075223173444044					residual scatter point
gene_point	ENSG00000119596	YLPM1	0.007334032557756831	0.1709973928581405					residual scatter point
gene_point	ENSG00000170348	TMED10	0.3107520972083344	0.004956455394069					residual scatter point
gene_point	ENSG00000119707	RBM25	0.5781969828946409	-0.1164434294388883					residual scatter point
gene_point	ENSG00000133961	NUMB	0.3759580784418505	0.2964414753277609					residual scatter point
gene_point	ENSG00000080815	PSEN1	0.07088908278294015	-0.5980800257838812					residual scatter point
gene_point	ENSG00000119718	EIF2B2	0.05000254330599216	0.1371424955664295					residual scatter point
gene_point	ENSG00000169567	HINT1	0.01716072826929138	0.347198545977033					residual scatter point
gene_point	ENSG00000124789	NUP153	0.38095342486619554	-0.1663708034505511					residual scatter point
gene_point	ENSG00000153201	RANBP2	0.7069522480658459	0.0434886153308262					residual scatter point
gene_point	ENSG00000103197	TSC2	-0.3241917250766946	0.1702530565944826					residual scatter point
gene_point	ENSG00000167792	NDUFV1	0.03121430317797133	0.0368550805532947					residual scatter point
gene_point	ENSG00000105723	GSK3A	-0.65842283479545	-0.6058828668918128					residual scatter point
gene_point	ENSG00000082701	GSK3B	0.1263455001677532	-0.1854803604812183					residual scatter point
gene_point	ENSG00000076685	NT5C2	0.2712836592938977	0.212045066683622					residual scatter point
gene_point	ENSG00000086475	SEPHS1	-0.32151823011675823	0.0684426760835918					residual scatter point
gene_point	ENSG00000163655	GMPS	-0.09036869493964894	-0.0275768283451469					residual scatter point
gene_point	ENSG00000005156	LIG3	0.07135493050404536	-0.113718938114296					residual scatter point
gene_point	ENSG00000156052	GNAQ	-0.18515580402503404	-0.3223044399606323					residual scatter point
gene_point	ENSG00000166411	IDH3A	0.10889406655294934	0.1619384892193167					residual scatter point
gene_point	ENSG00000213145	CRIP1	0.4024308922502109	-0.2428508540236365					residual scatter point
gene_point	ENSG00000157227	MMP14	0.16635443443095319	0.0954986936374524					residual scatter point
gene_point	ENSG00000143224	PPOX	-0.08305499496299862	-0.0385530009339518					residual scatter point
gene_point	ENSG00000057608	GDI2	0.07171718905858557	-0.0593335397656176					residual scatter point
gene_point	ENSG00000102119	EMD	-0.317278396429185	-0.3584601980968536					residual scatter point
gene_point	ENSG00000110090	CPT1A	0.2869618952932747	-0.1853242943940145					residual scatter point
gene_point	ENSG00000166401	SERPINB8	-0.034182748725325285	0.1165967283625448					residual scatter point
gene_point	ENSG00000149257	SERPINH1	0.1639794007211992	0.1422513933154441					residual scatter point
gene_point	ENSG00000131435	PDLIM4	-0.3197349994477078	0.0125581103140604					residual scatter point
gene_point	ENSG00000100380	ST13	0.038755112038339534	0.212195087980799					residual scatter point
gene_point	ENSG00000125753	VASP	-0.16224228987182618	0.0725443482804735					residual scatter point
gene_point	ENSG00000079805	DNM2	-0.32314003566088845	-0.0697481505435746					residual scatter point
gene_point	ENSG00000111142	METAP2	0.16140214239203377	-0.1587827885095087					residual scatter point
gene_point	ENSG00000164978	NUDT2	0.08883087142301554	0.1991073705068267					residual scatter point
gene_point	ENSG00000184445	KNTC1	0.2342028363817617	-0.045297428381831					residual scatter point
gene_point	ENSG00000136807	CDK9	-0.10939690851967576	-0.7135337853870549					residual scatter point
gene_point	ENSG00000198589	LRBA	0.07999295244010896	-0.0293027160010463					residual scatter point
gene_point	ENSG00000187244	BCAM	-0.037190674695707415	-0.1235106772546217					residual scatter point
gene_point	ENSG00000131238	PPT1	0.20197130612858782	0.0556296005003886					residual scatter point
gene_point	ENSG00000188846	RPL14	-0.099859266820568	0.2399229279768739					residual scatter point
gene_point	ENSG00000115484	CCT4	0.15385831144646922	0.0820186267350457					residual scatter point
gene_point	ENSG00000122359	ANXA11	-0.15913333412706454	-0.0205508878842159					residual scatter point
gene_point	ENSG00000090060	PAPOLA	-0.38316702280885356	-0.309309289591031					residual scatter point
gene_point	ENSG00000114416	FXR1	0.1079401991883099	1.2923215069422156					residual scatter point
gene_point	ENSG00000129245	FXR2	0.04314877324503785	0.0768217752501847					residual scatter point
gene_point	ENSG00000108774	RAB5C	0.036707240883742165	-0.104740771016587					residual scatter point
gene_point	ENSG00000075785	RAB7A	0.14086755923176886	-0.2614309059321478					residual scatter point
gene_point	ENSG00000143545	RAB13	-0.3058295873505765	-0.5557486129240203					residual scatter point
gene_point	ENSG00000132676	DAP3	0.11912173770490109	0.0034125043923083					residual scatter point
gene_point	ENSG00000108861	DUSP3	-0.3352552484625796	0.0823575375309531					residual scatter point
gene_point	ENSG00000127616	SMARCA4	0.026859691731291963	-0.3356938094834838					residual scatter point
gene_point	ENSG00000067829	IDH3G	0.16986382554001128	-0.0136813790900625					residual scatter point
gene_point	ENSG00000108479	GALK1	0.2071754566254364	0.0803071133222346					residual scatter point
gene_point	ENSG00000180879	SSR4	0.0657893922115162	0.2358838602807651					residual scatter point
gene_point	ENSG00000185825	BCAP31	0.2580855253297015	-0.033091989476734					residual scatter point
gene_point	ENSG00000137364	TPMT	0.15625600027593783	-0.2641173923210669					residual scatter point
gene_point	ENSG00000169057	MECP2	0.21502735216405566	-0.1235910747324631					residual scatter point
gene_point	ENSG00000172534	HCFC1	-0.34148615792844156	-0.3069795292805821					residual scatter point
gene_point	ENSG00000184216	IRAK1	-1.7764920140392508	-0.121168440176735					residual scatter point
gene_point	ENSG00000105971	CAV2	-0.20880444141207685	0.1328527727292794					residual scatter point
gene_point	ENSG00000072210	ALDH3A2	-0.08709786566649892	-0.0832627784406447					residual scatter point
gene_point	ENSG00000133835	HSD17B4	0.3159255183545386	0.1537590006206386					residual scatter point
gene_point	ENSG00000103035	PSMD7	0.033717591356688496	0.2272939222954519					residual scatter point
gene_point	ENSG00000173757	STAT5B	-0.3917485507037073	-0.1694936853828945					residual scatter point
gene_point	ENSG00000177189	RPS6KA3	0.21040410794267198	-0.0345057501395942					residual scatter point
gene_point	ENSG00000143321	HDGF	-0.29788564847944626	0.0420236469171833					residual scatter point
gene_point	ENSG00000134480	CCNH	0.001173873120861502	-0.487513723463163					residual scatter point
gene_point	ENSG00000119421	NDUFA8	-0.057906059909568236	0.2173798349890958					residual scatter point
gene_point	ENSG00000170144	HNRNPA3	0.0465894534553202	0.1848220979785715					residual scatter point
gene_point	ENSG00000142657	PGD	0.12791058027096802	0.0108335679255695					residual scatter point
gene_point	ENSG00000099783	HNRNPM	0.3531303358296709	0.0423058654716292					residual scatter point
gene_point	ENSG00000182481	KPNA2	0.32860779035121834	-0.0202399484412012					residual scatter point
gene_point	ENSG00000114030	KPNA1	0.2514392421186218	0.1904342127596869					residual scatter point
gene_point	ENSG00000114503	NCBP2	0.028360960236385357	0.221508737547758					residual scatter point
gene_point	ENSG00000138698	RAP1GDS1	-0.17011351496765403	0.0207785041782813					residual scatter point
gene_point	ENSG00000163882	POLR2H	0.035927361262434565	0.0224416322902811					residual scatter point
gene_point	ENSG00000141522	ARHGDIA	0.028332256915019227	0.104727219123216					residual scatter point
gene_point	ENSG00000111348	ARHGDIB	0.0758105553231852	0.099277170288559					residual scatter point
gene_point	ENSG00000173744	AGFG1	-0.1361712954984207	0.0027434370609498					residual scatter point
gene_point	ENSG00000169813	HNRNPF	0.2785214541692948	0.1174310938586877					residual scatter point
gene_point	ENSG00000170581	STAT2	0.4315775010052296	-0.3828614234970171					residual scatter point
gene_point	ENSG00000116062	MSH6	0.45498957925819333	-0.0189808762685714					residual scatter point
gene_point	ENSG00000138160	KIF11	0.4959459968422775	-0.1237081852127026					residual scatter point
gene_point	ENSG00000160293	VAV2	-0.5177616200271836	-0.2843629955830042					residual scatter point
gene_point	ENSG00000166478	ZNF143	0.41187527898702614	0.0564716724189668					residual scatter point
gene_point	ENSG00000102172	SMS	0.19274243096380822	0.0534074808899625					residual scatter point
gene_point	ENSG00000159399	HK2	0.2650379206800542	-0.1156481410529117					residual scatter point
gene_point	ENSG00000184349	EFNA5	0.3562220179529015	-0.2899145360295989					residual scatter point
gene_point	ENSG00000262814	MRPL12	-0.30175971853184963	0.1192863101693042					residual scatter point
gene_point	ENSG00000172009	THOP1	-0.3265685203024344	0.0236150791803169					residual scatter point
gene_point	ENSG00000151632	AKR1C2	0.5285260591680289	1.3792056093788858					residual scatter point
gene_point	ENSG00000116489	CAPZA1	-0.010787120213311185	0.1187724156146039					residual scatter point
gene_point	ENSG00000149948	HMGA2	0.8169373416893214	-0.4561236651945481					residual scatter point
gene_point	ENSG00000182809	CRIP2	-0.02942274209905338	-0.184347704177906					residual scatter point
gene_point	ENSG00000110713	NUP98	0.06934518237179485	0.0513984636906315					residual scatter point
gene_point	ENSG00000106605	BLVRA	0.018604251375944805	0.0235180319449739					residual scatter point
gene_point	ENSG00000100075	SLC25A1	-0.40026071995841883	-0.3938467429861241					residual scatter point
gene_point	ENSG00000011485	PPP5C	-0.01762544665313187	-0.0116272680742781					residual scatter point
gene_point	ENSG00000166851	PLK1	0.0665029680484363	-0.4733915859744826					residual scatter point
gene_point	ENSG00000196730	DAPK1	-0.6528057202786045	0.5605002590167807					residual scatter point
gene_point	ENSG00000132254	ARFIP2	-0.4162920277974216	0.2574389030145312					residual scatter point
gene_point	ENSG00000164144	ARFIP1	0.159908261506083	0.0026287953734751					residual scatter point
gene_point	ENSG00000103274	NUBP1	-0.21151985951944569	0.1381176781183093					residual scatter point
gene_point	ENSG00000131473	ACLY	0.13447438611483167	0.1216155500056679					residual scatter point
gene_point	ENSG00000164024	METAP1	0.11416465124734457	0.1257334961639031					residual scatter point
gene_point	ENSG00000163541	SUCLG1	0.012754164335071594	0.4464425439481125					residual scatter point
gene_point	ENSG00000167508	MVD	0.05195843173878584	-0.0988535701537003					residual scatter point
gene_point	ENSG00000137955	RABGGTB	0.1604570052592352	0.1459262456175256					residual scatter point
gene_point	ENSG00000129083	COPB1	0.3049957271074894	0.0576926197863301					residual scatter point
gene_point	ENSG00000122218	COPA	0.19305632021025138	-0.0951310586728837					residual scatter point
gene_point	ENSG00000109861	CTSC	0.2783338877316959	-0.3693256411579426					residual scatter point
gene_point	ENSG00000070371	CLTCL1	0.11705940330949041	0.0033046597474317					residual scatter point
gene_point	ENSG00000042753	AP2S1	-0.17625105347458117	1.0128236184296					residual scatter point
gene_point	ENSG00000004961	HCCS	0.20593892656733187	0.5835700163315352					residual scatter point
gene_point	ENSG00000183255	PTTG1IP	0.04987387284947864	0.5244684118168017					residual scatter point
gene_point	ENSG00000182149	IST1	0.30264780646453293	-0.0331886204071274					residual scatter point
gene_point	ENSG00000176986	SEC24C	0.18850479092339995	-0.1715919874392142					residual scatter point
gene_point	ENSG00000113387	SUB1	0.12084772221519413	0.0457115753278749					residual scatter point
gene_point	ENSG00000140521	POLG	0.15020885509915688	-0.129243635802597					residual scatter point
gene_point	ENSG00000074201	CLNS1A	0.04710198131238913	0.0683617115901213					residual scatter point
gene_point	ENSG00000066427	ATXN3	-0.11896178559294401	-0.3411335891683063					residual scatter point
gene_point	ENSG00000101557	USP14	0.12786074968947148	-0.0266124229773758					residual scatter point
gene_point	ENSG00000181929	PRKAG1	-0.11041129187072839	0.0795676292877161					residual scatter point
gene_point	ENSG00000126803	HSPA2	0.2815676441991599	0.8876178676266235					residual scatter point
gene_point	ENSG00000069849	ATP1B3	0.08144546140747466	-0.052009032716203					residual scatter point
gene_point	ENSG00000179262	RAD23A	-0.4319814489307067	0.1177161967487698					residual scatter point
gene_point	ENSG00000119318	RAD23B	-0.13089689906717614	-0.106417100993525					residual scatter point
gene_point	ENSG00000196411	EPHB4	-1.1435176124134872	-0.3642955491279327					residual scatter point
gene_point	ENSG00000004455	AK2	0.007492522468241086	0.071765852309813					residual scatter point
gene_point	ENSG00000059573	ALDH18A1	0.14623777499360985	0.1628663518571933					residual scatter point
gene_point	ENSG00000105402	NAPA	-0.08131960938997013	0.0074071098994465					residual scatter point
gene_point	ENSG00000100664	EIF5	0.47855820634710977	0.0442744540225952					residual scatter point
gene_point	ENSG00000064651	SLC12A2	0.050841257573702676	0.1884671018158528					residual scatter point
gene_point	ENSG00000159352	PSMD4	0.28497734728323454	0.0730050370017494					residual scatter point
gene_point	ENSG00000108591	DRG2	0.16784126546894637	0.0614322994024831					residual scatter point
gene_point	ENSG00000124207	CSE1L	0.2817486359113448	-0.0980114343544258					residual scatter point
gene_point	ENSG00000139644	TMBIM6	0.22611822377376267	-0.3236529600341633					residual scatter point
gene_point	ENSG00000165280	VCP	0.3695363516700273	0.1960149850128019					residual scatter point
gene_point	ENSG00000140259	MFAP1	0.48038397169764246	-0.0483827965091521					residual scatter point
gene_point	ENSG00000138029	HADHB	0.28161908520341017	-0.0395996026416263					residual scatter point
gene_point	ENSG00000145050	MANF	-0.024616675881800276	0.0093273702062859					residual scatter point
gene_point	ENSG00000187109	NAP1L1	0.09295708121194046	0.1633621121535178					residual scatter point
gene_point	ENSG00000165806	CASP7	-0.1966177293526455	-0.0654341559299069					residual scatter point
gene_point	ENSG00000138794	CASP6	-0.2505850371713768	-0.1999710785091508					residual scatter point
gene_point	ENSG00000156110	ADK	-0.04945977220237299	0.0882028241018915					residual scatter point
gene_point	ENSG00000160710	ADAR	-0.1132186258487315	-0.090195294517926					residual scatter point
gene_point	ENSG00000172037	LAMB2	0.21201860987710486	-0.0466874284557441					residual scatter point
gene_point	ENSG00000140945	CDH13	-0.05253909805218812	0.2264406157046643					residual scatter point
gene_point	ENSG00000076554	TPD52	-0.024953585372011214	0.1269716020074689					residual scatter point
gene_point	ENSG00000157020	SEC13	0.1190837203539028	0.0869101148547599					residual scatter point
gene_point	ENSG00000100138	SNU13	0.0840953306793597	0.1961362674780069					residual scatter point
gene_point	ENSG00000141279	NPEPPS	0.23831335849951032	0.1470927221783995					residual scatter point
gene_point	ENSG00000083720	OXCT1	0.21528731175626756	0.0242126061277154					residual scatter point
gene_point	ENSG00000106263	EIF3B	0.055410785127495255	0.0205006408066417					residual scatter point
gene_point	ENSG00000015475	BID	-0.08898385680841936	0.0505827243087182					residual scatter point
gene_point	ENSG00000160194	NDUFV3	-0.09162639727661914	-0.0245400615112281					residual scatter point
gene_point	ENSG00000160214	RRP1	-0.016993872225480322	-0.0836018363789463					residual scatter point
gene_point	ENSG00000128989	ARPP19	0.016585425941288007	-0.1296882941234969					residual scatter point
gene_point	ENSG00000182712	CMC4	-0.14590694902446896	-0.281603625918402					residual scatter point
gene_point	ENSG00000242372	EIF6	0.18517390599230174	0.1952553931038636					residual scatter point
gene_point	ENSG00000175029	CTBP2	-0.2540572818363215	0.0058902075460309					residual scatter point
gene_point	ENSG00000132196	HSD17B7	0.09102970296539042	-0.1552377394043311					residual scatter point
gene_point	ENSG00000050820	BCAR1	-0.2731123229891092	0.2341550826669518					residual scatter point
gene_point	ENSG00000136874	STX17	-0.12107280619896021	0.0265715847862111					residual scatter point
gene_point	ENSG00000160193	WDR4	0.15082791573665622	0.0281153754297101					residual scatter point
gene_point	ENSG00000109133	TMEM33	0.47098328766596065	-0.0449210751102882					residual scatter point
gene_point	ENSG00000213463	SYNJ2BP	-0.08836104821440016	-0.1063525678699193					residual scatter point
gene_point	ENSG00000179409	GEMIN4	0.10497503576199868	0.1724935567913021					residual scatter point
gene_point	ENSG00000123892	RAB38	-0.27136759491905854	-0.7761782361505851					residual scatter point
gene_point	ENSG00000111581	NUP107	0.20410602600850491	0.0679386481279777					residual scatter point
gene_point	ENSG00000261150	EPPK1	-0.2714784999443295	0.2223679768915047					residual scatter point
gene_point	ENSG00000241553	ARPC4	0.04254605577128015	0.0496341490585052					residual scatter point
gene_point	ENSG00000130165	ELOF1	-0.48144591940881826	0.3685200737252234					residual scatter point
gene_point	ENSG00000110651	CD81	0.07990952073596364	-0.5229697732244816					residual scatter point
gene_point	ENSG00000132432	SEC61G	0.30648845298188143	-0.1791494977036478					residual scatter point
gene_point	ENSG00000111669	TPI1	0.14138589274073093	0.1997087806933564					residual scatter point
gene_point	ENSG00000104408	EIF3E	0.24700919646065286	-0.0457843139279248					residual scatter point
gene_point	ENSG00000106803	SEC61B	0.07443239061621892	0.1239117841256955					residual scatter point
gene_point	ENSG00000149923	PPP4C	-0.16353815864746882	-0.1001033894028751					residual scatter point
gene_point	ENSG00000034713	GABARAPL2	0.14721899482344553	0.6330593526013786					residual scatter point
gene_point	ENSG00000125995	ROMO1	0.12146807047841346	-0.467015603051081					residual scatter point
gene_point	ENSG00000184787	UBE2G2	0.018386873917281638	0.0986434907382953					residual scatter point
gene_point	ENSG00000092841	MYL6	0.17856024647577212	0.3751610164901109					residual scatter point
gene_point	ENSG00000075624	ACTB	0.10172677747837205	0.2744866718049437					residual scatter point
gene_point	ENSG00000008988	RPS20	-0.09471949524327483	0.1072684755424369					residual scatter point
gene_point	ENSG00000147224	PRPS1	0.07273616241147127	0.0842608360526497					residual scatter point
gene_point	ENSG00000100902	PSMA6	-0.0639454632274419	0.1332962302994573					residual scatter point
gene_point	ENSG00000197747	S100A10	0.11624761951705886	0.1543629579958825					residual scatter point
gene_point	ENSG00000070831	CDC42	0.4140388442870831	-0.0687808722496541					residual scatter point
gene_point	ENSG00000125868	DSTN	0.12006142763307337	0.3219450427867123					residual scatter point
gene_point	ENSG00000197045	GMFB	0.03419996721319199	-0.2228122538386365					residual scatter point
gene_point	ENSG00000167461	RAB8A	0.07841297987815332	-0.3558347179349717					residual scatter point
gene_point	ENSG00000129128	SPCS3	0.2570542880271279	-0.0004887409560492					residual scatter point
gene_point	ENSG00000100883	SRP54	0.25281552036828603	-0.0351521164427524					residual scatter point
gene_point	ENSG00000104388	RAB2A	0.14638851415494764	-0.1362137634404803					residual scatter point
gene_point	ENSG00000111540	RAB5B	-0.3261215666993457	-0.1942395332364377					residual scatter point
gene_point	ENSG00000173207	CKS1B	-0.5333988286477727	-0.1891020637928697					residual scatter point
gene_point	ENSG00000084733	RAB10	0.3735247802548105	-0.0516448056332201					residual scatter point
gene_point	ENSG00000130725	UBE2M	0.09126427854088948	0.1291753215046185					residual scatter point
gene_point	ENSG00000078140	UBE2K	0.2531817472976022	0.1553350680730538					residual scatter point
gene_point	ENSG00000177889	UBE2N	-0.21646111653253897	-0.0589273837527599					residual scatter point
gene_point	ENSG00000119396	RAB14	0.30761103180456434	-0.0786833935126836					residual scatter point
gene_point	ENSG00000115091	ACTR3	0.26805521322770864	-0.0061528224231039					residual scatter point
gene_point	ENSG00000138071	ACTR2	0.29704554464114014	-0.0619502111104779					residual scatter point
gene_point	ENSG00000138107	ACTR1A	0.11939113724551143	0.1114879155581896					residual scatter point
gene_point	ENSG00000134825	TMEM258	-0.013566174767936784	-0.4151712007512067					residual scatter point
gene_point	ENSG00000166200	COPS2	0.30779453102324794	0.0893112065701977					residual scatter point
gene_point	ENSG00000134287	ARF3	0.17385601762822758	-0.2762676815840237					residual scatter point
gene_point	ENSG00000164163	ABCE1	0.3324846376812453	-0.0036194434097112					residual scatter point
gene_point	ENSG00000127314	RAP1B	-0.042214234885105534	-0.163256286563783					residual scatter point
gene_point	ENSG00000181467	RAP2B	-0.05904910262667584	-0.2184658412440541					residual scatter point
gene_point	ENSG00000125952	MAX	0.1357786411105259	0.1131321947266172					residual scatter point
gene_point	ENSG00000161970	RPL26	-0.3077844612542742	0.092769472997503					residual scatter point
gene_point	ENSG00000131467	PSME3	0.09988784123519484	0.1129039043528727					residual scatter point
gene_point	ENSG00000174748	RPL15	0.1739349642699909	0.1134387998829389					residual scatter point
gene_point	ENSG00000162385	MAGOH	-0.1394445225760091	0.0568453018440351					residual scatter point
gene_point	ENSG00000131469	RPL27	-0.37901701461143456	0.0233881931658821					residual scatter point
gene_point	ENSG00000159720	ATP6V0D1	0.16469166908011093	0.9369402287730696					residual scatter point
gene_point	ENSG00000166228	PCBD1	-0.1346183946532411	-0.0265282905163246					residual scatter point
gene_point	ENSG00000197756	RPL37A	-0.10974453219488606	1.8851035945133745					residual scatter point
gene_point	ENSG00000067560	RHOA	0.1588366016496936	-0.1598427695077973					residual scatter point
gene_point	ENSG00000115541	HSPE1	-0.01915805495481515	0.2009440991554463					residual scatter point
gene_point	ENSG00000058262	SEC61A1	0.13933813444760265	-0.2455176212950576					residual scatter point
gene_point	ENSG00000155959	VBP1	0.07475029452072707	0.1272440990464716					residual scatter point
gene_point	ENSG00000129562	DAD1	0.11087827703672071	-0.1780776005282227					residual scatter point
gene_point	ENSG00000119655	NPC2	-0.0361880806613647	-0.0275966169578225					residual scatter point
gene_point	ENSG00000111481	COPZ1	0.11097142907319829	0.0140036879909075					residual scatter point
gene_point	ENSG00000120686	UFM1	0.19714103367480654	0.0335230487016815					residual scatter point
gene_point	ENSG00000136485	DCAF7	0.4312776704255269	-0.1165796926341684					residual scatter point
gene_point	ENSG00000196363	WDR5	-0.7640704268769662	-0.0015518448925107					residual scatter point
gene_point	ENSG00000106367	AP1S1	0.005163162946057731	-0.2258665821404832					residual scatter point
gene_point	ENSG00000102898	NUTF2	-0.06672004909503298	0.1987994390609273					residual scatter point
gene_point	ENSG00000165119	HNRNPK	0.5134361325987513	0.1008715734055236					residual scatter point
gene_point	ENSG00000170027	YWHAG	0.1781833813422366	0.1020532363812449					residual scatter point
gene_point	ENSG00000133818	RRAS2	-0.03429522441043853	0.094148702580302					residual scatter point
gene_point	ENSG00000134809	TIMM10	0.02022706016493987	-0.0138407945946923					residual scatter point
gene_point	ENSG00000171863	RPS7	0.20485918186579055	-0.0120377540061547					residual scatter point
gene_point	ENSG00000172531	PPP1CA	-0.18585240214823512	-0.088239509881177					residual scatter point
gene_point	ENSG00000213639	PPP1CB	-0.14872183343055623	-0.0616450880549628					residual scatter point
gene_point	ENSG00000100764	PSMC1	-0.1741160979093853	-0.173768692634372					residual scatter point
gene_point	ENSG00000087191	PSMC5	0.14120929213328542	0.0467494647757718					residual scatter point
gene_point	ENSG00000142937	RPS8	-0.09363146781140852	0.1041754515415789					residual scatter point
gene_point	ENSG00000134419	RPS15A	-0.372699411075394	-0.017364239240333					residual scatter point
gene_point	ENSG00000105193	RPS16	-0.044311848291196165	-0.0318893296663844					residual scatter point
gene_point	ENSG00000132388	UBE2G1	0.1510059134248235	-0.761152501889276					residual scatter point
gene_point	ENSG00000186591	UBE2H	0.49143057019879843	-0.0450355364002987					residual scatter point
gene_point	ENSG00000164587	RPS14	-0.07947813161173822	-0.1217083548253299					residual scatter point
gene_point	ENSG00000186468	RPS23	-0.19433488054655718	-0.0307270516576672					residual scatter point
gene_point	ENSG00000213741	RPS29	-0.14154445395251122	0.0035142075700775					residual scatter point
gene_point	ENSG00000110700	RPS13	-0.39197313425089325	0.0099115394315809					residual scatter point
gene_point	ENSG00000142534	RPS11	-0.12279858932700954	0.2624402411282283					residual scatter point
gene_point	ENSG00000182004	SNRPE	0.09474742589394936	-0.0569701920600671					residual scatter point
gene_point	ENSG00000139343	SNRPF	-0.03574195192148921	0.3008725681684829					residual scatter point
gene_point	ENSG00000170860	LSM3	0.16445848297699955	0.0515670906306198					residual scatter point
gene_point	ENSG00000164167	LSM6	-0.02286585393870931	0.2763909160522697					residual scatter point
gene_point	ENSG00000167088	SNRPD1	-0.19276367557674268	-0.0158691447936369					residual scatter point
gene_point	ENSG00000125743	SNRPD2	-0.017440024462942405	-0.1108527445423952					residual scatter point
gene_point	ENSG00000100028	SNRPD3	0.03439025936054757	-0.1840475563194772					residual scatter point
gene_point	ENSG00000205542	TMSB4X	0.6231567678226684	-0.0397102041405688					residual scatter point
gene_point	ENSG00000165527	ARF6	0.24550478437625706	-0.1463983452492705					residual scatter point
gene_point	ENSG00000100519	PSMC6	0.12868564483264228	0.0811266078837071					residual scatter point
gene_point	ENSG00000168002	POLR2G	0.05640463359276246	-0.1949547987734288					residual scatter point
gene_point	ENSG00000103769	RAB11A	0.15547663846696985	0.5846069553415258					residual scatter point
gene_point	ENSG00000120705	ETF1	-0.005242750792903907	-0.0177494151149382					residual scatter point
gene_point	ENSG00000169714	CNBP	0.3481749320000244	-0.1550507209579699					residual scatter point
gene_point	ENSG00000119801	YPEL5	0.6302174141176575	-0.4044287736537928					residual scatter point
gene_point	ENSG00000198034	RPS4X	-0.17792704047797261	-0.0718203370639187					residual scatter point
gene_point	ENSG00000198242	RPL23A	0.008274948566500795	0.152173121954906					residual scatter point
gene_point	ENSG00000137154	RPS6	-0.19762133280886823	0.0893982280891947					residual scatter point
gene_point	ENSG00000163032	VSNL1	-0.37309942692796627	0.1580351079495585					residual scatter point
gene_point	ENSG00000138069	RAB1A	0.09392807920267227	-0.1242055687611731					residual scatter point
gene_point	ENSG00000132341	RAN	0.1346212614201962	0.090920961069699					residual scatter point
gene_point	ENSG00000125691	RPL23	-0.22192457505564048	-0.0167626304288504					residual scatter point
gene_point	ENSG00000116473	RAP1A	-0.06041456516535809	-0.2500075217478574					residual scatter point
gene_point	ENSG00000115268	RPS15	0.17538702027703673	-0.0165208178468283					residual scatter point
gene_point	ENSG00000138326	RPS24	-0.27644714334718334	-0.0150622573588954					residual scatter point
gene_point	ENSG00000197728	RPS26	0.011399500369558502	0.1149611031442319					residual scatter point
gene_point	ENSG00000233927	RPS28	-0.7883816832000001	-0.006798520988525					residual scatter point
gene_point	ENSG00000149806	FAU	0.15451288266517393	0.1594047466244781					residual scatter point
gene_point	ENSG00000078369	GNB1	-0.29962414628503814	0.1585474645413107					residual scatter point
gene_point	ENSG00000100387	RBX1	0.1704339102038557	0.1471300398222652					residual scatter point
gene_point	ENSG00000172354	GNB2	-0.0034825278787821157	0.1022614046745644					residual scatter point
gene_point	ENSG00000156482	RPL30	-0.41753024712305054	0.0457158293243047					residual scatter point
gene_point	ENSG00000071082	RPL31	-0.1841463667848959	-0.2391709712778329					residual scatter point
gene_point	ENSG00000198755	RPL10A	-0.07466484358956499	0.0083573150731872					residual scatter point
gene_point	ENSG00000144713	RPL32	-0.5467390259922781	0.1151208228826732					residual scatter point
gene_point	ENSG00000142676	RPL11	-0.2586747002544739	0.1951095958730562					residual scatter point
gene_point	ENSG00000161016	RPL8	-0.08859150851427006	0.0833482303865871					residual scatter point
gene_point	ENSG00000196262	PPIA	-0.03005840555459166	0.1536894806897031					residual scatter point
gene_point	ENSG00000088832	FKBP1A	0.17190847653312002	0.0425780905335386					residual scatter point
gene_point	ENSG00000143947	RPS27A	-0.2781725156393502	-0.0489776008888398					residual scatter point
gene_point	ENSG00000177885	GRB2	0.3045167557281452	-0.0179905346604769					residual scatter point
gene_point	ENSG00000136527	TRA2B	0.03210565082697932	0.2685472931995889					residual scatter point
gene_point	ENSG00000136238	RAC1	-0.024298813433657196	-0.0203897138218422					residual scatter point
gene_point	ENSG00000006125	AP2B1	0.20216282952938774	0.0923481202523497					residual scatter point
gene_point	ENSG00000220205	VAMP2	-0.49770255638349364	-0.1345890207639044					residual scatter point
gene_point	ENSG00000087460	GNAS	-0.7346777436045396	-0.2034636176329591					residual scatter point
gene_point	ENSG00000127955	GNAI1	0.6090517098431976	0.4523959510004118					residual scatter point
gene_point	ENSG00000164924	YWHAZ	0.7380084895957981	0.0979228556008635					residual scatter point
gene_point	ENSG00000221914	PPP2R2A	0.13324104851965973	-0.045689624654372					residual scatter point
gene_point	ENSG00000116030	SUMO1	0.28434911494063203	0.5149851346483274					residual scatter point
gene_point	ENSG00000088986	DYNLL1	-0.08853049748777364	-0.1625833027420249					residual scatter point
gene_point	ENSG00000146425	DYNLT1	0.19433354340744902	-0.0717544199142636					residual scatter point
gene_point	ENSG00000172809	RPL38	-0.32325507663726605	0.0047277575543454					residual scatter point
gene_point	ENSG00000113558	SKP1	0.08108664329963688	0.0785029920489464					residual scatter point
gene_point	ENSG00000171858	RPS21	-0.16659165389563885	0.4289616773515803					residual scatter point
gene_point	ENSG00000213246	SUPT4H1	-0.11053850969742163	0.3823731806342003					residual scatter point
gene_point	ENSG00000103275	UBE2I	-0.2655774143974634	-0.2212904263221062					residual scatter point
gene_point	ENSG00000034510	TMSB10	0.03268172933203739	-0.3317405336139956					residual scatter point
gene_point	ENSG00000113575	PPP2CA	0.15088740905692882	0.0312333162404385					residual scatter point
gene_point	ENSG00000065978	YBX1	-2.4695222336923726	-0.212814960221273					residual scatter point
gene_point	ENSG00000140612	SEC11A	-0.0199428817348985	-0.0236926253743021					residual scatter point
gene_point	ENSG00000167460	TPM4	-0.15350427848234965	-0.8105028685673688					residual scatter point
gene_point	ENSG00000185651	UBE2L3	-0.02934362521641512	0.0626302290376976					residual scatter point
gene_point	ENSG00000156508	EEF1A1	-0.4046067093163744	0.2001682261919768					residual scatter point
gene_point	ENSG00000123416	TUBA1B	0.4816887084082676	0.2578562892019818					residual scatter point
gene_point	ENSG00000127824	TUBA4A	0.14222727164256255	0.2512837975021362					residual scatter point
gene_point	ENSG00000188229	TUBB4B	0.3665105787710514	0.2578053658006531					residual scatter point
gene_point	ENSG00000101266	CSNK2A1	0.28705562054990313	-0.025450617576002					residual scatter point
gene_point	ENSG00000168092	PAFAH1B2	0.20387055445501173	0.1039897176092807					residual scatter point
gene_point	ENSG00000087269	NOP14	0.007917570890848817	-0.2058873761953865					residual scatter point
gene_point	ENSG00000089289	IGBP1	-0.2685756906711697	0.0991392446616288					residual scatter point
gene_point	ENSG00000146733	PSPH	-0.2043798409181783	-0.1288682732864288					residual scatter point
gene_point	ENSG00000110321	EIF4G2	0.22122432249748814	-0.062485228503359					residual scatter point
gene_point	ENSG00000148688	RPP30	0.12126107602384117	-0.0522566799005623					residual scatter point
gene_point	ENSG00000263001	GTF2I	-0.0024762140397302235	-0.1283161400948422					residual scatter point
gene_point	ENSG00000135250	SRPK2	-0.27545120128324896	-0.0447417194893819					residual scatter point
gene_point	ENSG00000166226	CCT2	0.380820888081758	0.1450145709130481					residual scatter point
gene_point	ENSG00000101146	RAE1	0.19826303865095535	0.0313895492426539					residual scatter point
gene_point	ENSG00000148834	GSTO1	0.006620099179075856	0.0312451720222242					residual scatter point
gene_point	ENSG00000101384	JAG1	0.4099412111307324	-0.8617860118688458					residual scatter point
gene_point	ENSG00000253729	PRKDC	0.16838021256283658	-0.2450754155689125					residual scatter point
gene_point	ENSG00000151694	ADAM17	0.2842228690516414	-0.0272119412232427					residual scatter point
gene_point	ENSG00000163435	ELF3	1.2573102060242036	0.1747744262109698					residual scatter point
gene_point	ENSG00000166963	MAP1A	0.40667806861963934	-0.0399735010414872					residual scatter point
gene_point	ENSG00000148346	LCN2	-0.35172099369251786	-0.281420881271611					residual scatter point
gene_point	ENSG00000068079	IFI35	0.1969718784676049	-0.090996453887989					residual scatter point
gene_point	ENSG00000187193	MT1X	0.31219468276033646	-0.1084744651816862					residual scatter point
gene_point	ENSG00000070081	NUCB2	0.43302687870893636	-0.0459452782737344					residual scatter point
gene_point	ENSG00000183044	ABAT	-0.7521326199182028	0.093711784322453					residual scatter point
gene_point	ENSG00000176788	BASP1	0.2303831366246898	-0.5915059421926507					residual scatter point
gene_point	ENSG00000175110	MRPS22	0.09945647928455684	0.1308425345905846					residual scatter point
gene_point	ENSG00000131368	MRPS25	-0.11730673228990028	-0.1822578529610794					residual scatter point
gene_point	ENSG00000048544	MRPS10	-0.10501699866266012	-0.3895423751439857					residual scatter point
gene_point	ENSG00000061794	MRPS35	-0.12605736289229602	-0.1843248429298718					residual scatter point
gene_point	ENSG00000144029	MRPS5	-0.04855918440211218	-0.2382119719570958					residual scatter point
gene_point	ENSG00000181991	MRPS11	-0.043239998621727296	-0.0560093184311902					residual scatter point
gene_point	ENSG00000116898	MRPS15	-0.450438823955413	0.154106165638872					residual scatter point
gene_point	ENSG00000266472	MRPS21	-0.1214039280761393	-0.0497188906100483					residual scatter point
gene_point	ENSG00000074071	MRPS34	-0.11483698090987296	-0.1837709881098241					residual scatter point
gene_point	ENSG00000243927	MRPS6	0.1862893365910474	0.605817696315432					residual scatter point
gene_point	ENSG00000135972	MRPS9	0.19494596325283986	0.0444563385321359					residual scatter point
gene_point	ENSG00000198157	HMGN5	0.5857044884019267	-0.0707239400397448					residual scatter point
gene_point	ENSG00000205323	SARNP	0.006233354005334202	0.2125484636849073					residual scatter point
gene_point	ENSG00000168434	COG7	0.12276745126971865	-0.1043733567221778					residual scatter point
gene_point	ENSG00000114391	RPL24	0.07791320699830512	0.1389288058707585					residual scatter point
gene_point	ENSG00000108468	CBX1	-0.1870750278616925	-0.0970778428860583					residual scatter point
gene_point	ENSG00000166949	SMAD3	0.08691789723831833	0.0827571051406224					residual scatter point
gene_point	ENSG00000143761	ARF1	0.08597700104954309	-0.3880884929095884					residual scatter point
gene_point	ENSG00000004059	ARF5	-0.2842070076799756	-0.5637947177989293					residual scatter point
gene_point	ENSG00000100632	ERH	-0.013939821866259083	0.0055318278263705					residual scatter point
gene_point	ENSG00000177105	RHOG	-0.27887538356061325	-0.2843518287014888					residual scatter point
gene_point	ENSG00000108298	RPL19	-0.21257369043642235	0.177654284643701					residual scatter point
gene_point	ENSG00000112081	SRSF3	0.18183235609745835	0.016734732960888					residual scatter point
gene_point	ENSG00000164916	FOXK1	0.10314752029629629	0.1479341369267466					residual scatter point
gene_point	ENSG00000142798	HSPG2	0.0969726350206242	-0.3860081622509987					residual scatter point
gene_point	ENSG00000090776	EFNB1	0.18306248745503606	0.0022741885101389					residual scatter point
gene_point	ENSG00000182872	RBM10	-0.030782060772411635	-0.1649896051944992					residual scatter point
gene_point	ENSG00000102317	RBM3	0.19400787675800238	-0.2260441857357449					residual scatter point
gene_point	ENSG00000017260	ATP2C1	-0.004296824168159408	-0.3990490519810805					residual scatter point
gene_point	ENSG00000172115	CYCS	0.45801717756528526	0.2827129122862182					residual scatter point
gene_point	ENSG00000108064	TFAM	0.5233097221577768	-0.0152677140279919					residual scatter point
gene_point	ENSG00000174238	PITPNA	-0.42991249927919095	-0.1062949214923136					residual scatter point
gene_point	ENSG00000075415	SLC25A3	0.16765606072175396	-0.1716802664787309					residual scatter point
gene_point	ENSG00000115677	HDLBP	-0.04134057487822787	-0.1442354925922053					residual scatter point
gene_point	ENSG00000137947	GTF2B	0.0701317988702427	0.0459896284470886					residual scatter point
gene_point	ENSG00000105810	CDK6	0.6384072101299056	-0.1468225106922993					residual scatter point
gene_point	ENSG00000164885	CDK5	-0.1808893706477049	-0.1762871671006856					residual scatter point
gene_point	ENSG00000185129	PURA	0.6139116932796382	0.0083557745210036					residual scatter point
gene_point	ENSG00000141367	CLTC	0.33518340276142977	0.0043873069440927					residual scatter point
gene_point	ENSG00000077150	NFKB2	-0.22995651240215814	0.019784958527925					residual scatter point
gene_point	ENSG00000100442	FKBP3	-0.0180643159759436	-0.1058209753786023					residual scatter point
gene_point	ENSG00000129625	REEP5	0.012529362514123059	-0.6007957825928294					residual scatter point
gene_point	ENSG00000140263	SORD	0.012343669825503056	0.0487745589983674					residual scatter point
gene_point	ENSG00000153187	HNRNPU	0.3144463119314195	0.1581605548694504					residual scatter point
gene_point	ENSG00000160201	U2AF1	1.140846402899272	0.2338555536893984					residual scatter point
gene_point	ENSG00000115306	SPTBN1	-0.06233958943958644	-0.0692138001701785					residual scatter point
gene_point	ENSG00000151923	TIAL1	0.5057671816799021	0.0531024336696184					residual scatter point
gene_point	ENSG00000119335	SET	0.171374136627924	-0.0542131985246108					residual scatter point
gene_point	ENSG00000161547	SRSF2	0.2418728117575733	0.014175603708562					residual scatter point
gene_point	ENSG00000159216	RUNX1	-0.10346997451511486	0.0748724074712647					residual scatter point
gene_point	ENSG00000116337	AMPD2	0.014905090587382288	0.3279405937125759					residual scatter point
gene_point	ENSG00000164687	FABP5	1.0735267830885196	0.1122796619608621					residual scatter point
gene_point	ENSG00000131236	CAP1	0.28794303995981196	0.0773424147225476					residual scatter point
gene_point	ENSG00000112972	HMGCS1	0.2643663838864449	-0.2699446907048646					residual scatter point
gene_point	ENSG00000142089	IFITM3	0.08642800865769734	-1.0121025199445413					residual scatter point
gene_point	ENSG00000103257	SLC7A5	-0.3483588941720476	-0.5819083225232831					residual scatter point
gene_point	ENSG00000117505	DR1	-0.036405067095038435	-0.0300386317465353					residual scatter point
gene_point	ENSG00000090447	TFAP4	-0.4109768577088781	-0.8736444298031358					residual scatter point
gene_point	ENSG00000171824	EXOSC10	-0.08799137194234181	-0.0592278076001981					residual scatter point
gene_point	ENSG00000164164	OTUD4	-0.3836360189226111	-0.2723674482369613					residual scatter point
gene_point	ENSG00000067057	PFKP	0.09847754325674857	0.0096234626571565					residual scatter point
gene_point	ENSG00000182944	EWSR1	0.2523004832017945	-0.1268840055031859					residual scatter point
gene_point	ENSG00000149782	PLCB3	-0.6382358678421519	-0.3467603408371253					residual scatter point
gene_point	ENSG00000167182	SP2	0.162081079795938	0.1796417533599754					residual scatter point
gene_point	ENSG00000102967	DHODH	0.00025804828237790955	-0.15250284655853					residual scatter point
gene_point	ENSG00000105953	OGDH	0.19488517617493986	0.0303932357388028					residual scatter point
gene_point	ENSG00000137807	KIF23	0.1797822157997651	-0.1065243437986254					residual scatter point
gene_point	ENSG00000119711	ALDH6A1	0.3081586791138198	-0.1884428162780906					residual scatter point
gene_point	ENSG00000134755	DSC2	0.07261941986597154	-0.5778245627797496					residual scatter point
gene_point	ENSG00000105640	RPL18A	0.09920339754604757	0.1380738767769926					residual scatter point
gene_point	ENSG00000169032	MAP2K1	0.21105249461802178	0.1731287702504147					residual scatter point
gene_point	ENSG00000004478	FKBP4	0.016039415690697334	0.0142416073862534					residual scatter point
gene_point	ENSG00000083444	PLOD1	-0.07913208609164718	-0.2452648023056625					residual scatter point
gene_point	ENSG00000104805	NUCB1	0.23707218105809008	0.1724708034157274					residual scatter point
gene_point	ENSG00000089009	RPL6	0.11769753974567171	0.1093390719788764					residual scatter point
gene_point	ENSG00000077097	TOP2B	0.1968943744461546	-0.4767017132129147					residual scatter point
gene_point	ENSG00000108528	SLC25A11	-0.13086774995485037	0.0606748614235392					residual scatter point
gene_point	ENSG00000151914	DST	0.08280755175084847	0.1150142891154892					residual scatter point
gene_point	ENSG00000105974	CAV1	0.19825532436041376	0.0487882036720215					residual scatter point
gene_point	ENSG00000243989	ACY1	-1.5502829166243872	0.033825961299108					residual scatter point
gene_point	ENSG00000118058	KMT2A	0.0828872095575745	0.0222059181229195					residual scatter point
gene_point	ENSG00000185215	TNFAIP2	-0.08742497111405347	-0.230215974825839					residual scatter point
gene_point	ENSG00000176619	LMNB2	-0.35806703598660705	0.0708379014937286					residual scatter point
gene_point	ENSG00000110921	MVK	-0.06557525318857571	-0.0441277934935584					residual scatter point
gene_point	ENSG00000173039	RELA	-0.22390137716568476	0.0395753004025216					residual scatter point
gene_point	ENSG00000162191	UBXN1	-0.13874233364755725	0.0571153847394398					residual scatter point
gene_point	ENSG00000114480	GBE1	0.09998471364230874	-0.1487302286056362					residual scatter point
gene_point	ENSG00000114867	EIF4G1	0.24015555077211737	-0.1810955233436395					residual scatter point
gene_point	ENSG00000165240	ATP7A	0.2640287961138629	-0.2918766441705269					residual scatter point
gene_point	ENSG00000128422	KRT17	0.389334112144879	0.2353024450993324					residual scatter point
gene_point	ENSG00000196781	TLE1	0.2896899530808523	-0.0618225388682684					residual scatter point
gene_point	ENSG00000140332	TLE3	0.23896141822091266	-1.0833346693883303					residual scatter point
gene_point	ENSG00000124767	GLO1	-0.00156092341532299	0.095849587454289					residual scatter point
gene_point	ENSG00000187134	AKR1C1	0.413436233569519	1.2548969564640942					residual scatter point
gene_point	ENSG00000162924	REL	0.16809463096165134	-0.2549823798917039					residual scatter point
gene_point	ENSG00000128245	YWHAH	-0.19479086371871346	0.030488109860002					residual scatter point
gene_point	ENSG00000102007	PLP2	0.036227011632511325	0.2357669857347346					residual scatter point
gene_point	ENSG00000101138	CSTF1	-0.053634856295792455	0.040154616652515					residual scatter point
gene_point	ENSG00000114062	UBE3A	-0.02321106029521594	-0.1731075439585296					residual scatter point
gene_point	ENSG00000127947	PTPN12	-0.7597541184486363	0.1161170571097827					residual scatter point
gene_point	ENSG00000169398	PTK2	-0.486981050739139	-0.1358536092072029					residual scatter point
gene_point	ENSG00000116754	SRSF11	0.3540586084420482	0.1988330241944496					residual scatter point
gene_point	ENSG00000101210	EEF1A2	0.10276900263731947	0.0208546746063724					residual scatter point
gene_point	ENSG00000122786	CALD1	0.30580817926124576	0.1863961636010742					residual scatter point
gene_point	ENSG00000136877	FPGS	-0.1382806580988744	-0.258706569854894					residual scatter point
gene_point	ENSG00000137770	CTDSPL2	0.3282876728409807	-0.665442577658494					residual scatter point
gene_point	ENSG00000179295	PTPN11	-0.30913205778935515	0.0668882274797049					residual scatter point
gene_point	ENSG00000119537	KDSR	-0.11323108543417586	-0.6589932268237071					residual scatter point
gene_point	ENSG00000128059	PPAT	0.37477778639157117	0.0331453767302356					residual scatter point
gene_point	ENSG00000198380	GFPT1	0.4436038075208872	0.0442667734900865					residual scatter point
gene_point	ENSG00000123737	EXOSC9	0.04850697622986935	-0.0784721673168142					residual scatter point
gene_point	ENSG00000084234	APLP2	0.12897783057571305	0.4829514067659453					residual scatter point
gene_point	ENSG00000051180	RAD51	0.07767422269676555	-0.3717465372021529					residual scatter point
gene_point	ENSG00000102081	FMR1	0.059597722568806785	-0.2547356535049871					residual scatter point
gene_point	ENSG00000117450	PRDX1	0.3059531877289058	0.3607900760451343					residual scatter point
gene_point	ENSG00000063177	RPL18	0.016403204439338126	0.2011492104630399					residual scatter point
gene_point	ENSG00000108561	C1QBP	0.1877731780009162	0.1833357544852205					residual scatter point
gene_point	ENSG00000136026	CKAP4	-0.08663584916604045	-0.1839117691314058					residual scatter point
gene_point	ENSG00000104450	SPAG1	-0.321301196751134	-0.0722348980547309					residual scatter point
gene_point	ENSG00000121774	KHDRBS1	0.31407105432123605	-0.235039882493929					residual scatter point
gene_point	ENSG00000087088	BAX	-0.34032299941182226	-0.1190403595754112					residual scatter point
gene_point	ENSG00000171552	BCL2L1	-0.5831254704451108	0.5169872387903212					residual scatter point
gene_point	ENSG00000177084	POLE	0.29399068784004445	-0.268789528412821					residual scatter point
gene_point	ENSG00000126214	KLC1	-0.13862316921192036	0.1426388908254878					residual scatter point
gene_point	ENSG00000115904	SOS1	-0.4452601390544179	-1.2035939512901397					residual scatter point
gene_point	ENSG00000123384	LRP1	0.6022867669315001	0.0245919131951595					residual scatter point
gene_point	ENSG00000136450	SRSF1	0.2517217200356683	0.0449691136609011					residual scatter point
gene_point	ENSG00000175220	ARHGAP1	0.06493794697455742	-0.1121944450322232					residual scatter point
gene_point	ENSG00000116350	SRSF4	-0.09250749525232482	0.3090070296952234					residual scatter point
gene_point	ENSG00000156453	PCDH1	-0.1201661363285591	-0.0666276413599007					residual scatter point
gene_point	ENSG00000138814	PPP3CA	0.4074481909953318	-0.105341850905539					residual scatter point
gene_point	ENSG00000135829	DHX9	-0.01937816270780046	0.0039101409499764					residual scatter point
gene_point	ENSG00000116791	CRYZ	0.20100948061150145	0.0933994861274811					residual scatter point
gene_point	ENSG00000090615	GOLGA3	-0.6267442400335486	-0.0736777368883512					residual scatter point
gene_point	ENSG00000167110	GOLGA2	0.15424297950725718	0.1136501073401063					residual scatter point
gene_point	ENSG00000108679	LGALS3BP	0.20023513547299593	-0.037567602043282					residual scatter point
gene_point	ENSG00000113790	EHHADH	0.31238398780676613	0.0180942905200929					residual scatter point
gene_point	ENSG00000196776	CD47	-0.06540617791380011	-0.0355781193776003					residual scatter point
gene_point	ENSG00000171497	PPID	-0.03129876804826782	0.1730735825639087					residual scatter point
gene_point	ENSG00000149136	SSRP1	-0.20653319599494596	0.0067827282629906					residual scatter point
gene_point	ENSG00000134278	SPIRE1	-0.5384484469753026	1.025715507936873					residual scatter point
gene_point	ENSG00000166750	SLFN5	0.07119151533106782	-0.105634921463082					residual scatter point
gene_point	ENSG00000103043	VAC14	-0.16690679416005924	-0.0826402981852929					residual scatter point
gene_point	ENSG00000037474	NSUN2	-0.05357752646526341	0.0492683248938163					residual scatter point
gene_point	ENSG00000162521	RBBP4	0.33267241604289455	0.0684223347843691					residual scatter point
gene_point	ENSG00000136937	NCBP1	0.2316380756624656	-0.1377855563267864					residual scatter point
gene_point	ENSG00000124942	AHNAK	0.22250165958934762	-0.1056165779689699					residual scatter point
gene_point	ENSG00000133138	TBC1D8B	0.023440435676668925	1.5881131845113572					residual scatter point
gene_point	ENSG00000187522	HSPA14	-0.0637003847162472	0.0824475631037735					residual scatter point
gene_point	ENSG00000185504	FAAP100	-0.7233839890541659	1.2089036783127725					residual scatter point
gene_point	ENSG00000188186	LAMTOR4	-0.0398341205118323	-0.0404244978494254					residual scatter point
gene_point	ENSG00000143641	GALNT2	-0.08677937181643455	-0.4012112459987591					residual scatter point
gene_point	ENSG00000100280	AP1B1	0.02870053837864095	0.0264703677098516					residual scatter point
gene_point	ENSG00000165688	PMPCA	0.20818169608399856	0.1008296046782071					residual scatter point
gene_point	ENSG00000136193	SCRN1	-0.1075692641714268	0.2527236645876805					residual scatter point
gene_point	ENSG00000030066	NUP160	0.14129865571415057	-0.0993182433843742					residual scatter point
gene_point	ENSG00000077235	GTF3C1	0.0976796252136883	-0.2079355334470705					residual scatter point
gene_point	ENSG00000151239	TWF1	0.14574102001419975	-0.0946775663165695					residual scatter point
gene_point	ENSG00000198363	ASPH	-0.3321606933118413	-0.3036260628269964					residual scatter point
gene_point	ENSG00000135457	TFCP2	-0.3072339561699893	-0.0630323073682923					residual scatter point
gene_point	ENSG00000170776	AKAP13	0.3817164652832668	-0.1247420219190402					residual scatter point
gene_point	ENSG00000115380	EFEMP1	0.09872278913345828	-0.0553175515033057					residual scatter point
gene_point	ENSG00000117399	CDC20	0.2070608025978854	-0.5927252539903325					residual scatter point
gene_point	ENSG00000103496	STX4	-0.26785362765908727	-0.2389114738573639					residual scatter point
gene_point	ENSG00000132463	GRSF1	-0.07762426474259984	0.0885466621355224					residual scatter point
gene_point	ENSG00000162599	NFIA	0.10033052002341271	-0.9581044203755074					residual scatter point
gene_point	ENSG00000170004	CHD3	-0.4876305660534671	-0.0919964631027365					residual scatter point
gene_point	ENSG00000183431	SF3A3	0.14119989162909088	0.08485009734353					residual scatter point
gene_point	ENSG00000067369	TP53BP1	0.19310418691721856	0.1014798573331106					residual scatter point
gene_point	ENSG00000126062	TMEM115	0.2692217754094065	-0.3812385203696475					residual scatter point
gene_point	ENSG00000164022	AIMP1	0.4117123594288078	0.0690049226347113					residual scatter point
gene_point	ENSG00000143621	ILF2	0.10191286807240157	0.0395839671282303					residual scatter point
gene_point	ENSG00000129351	ILF3	-0.07765532771307751	-0.0255611915831188					residual scatter point
gene_point	ENSG00000169223	LMAN2	-0.5047729727309741	-0.35449626626162					residual scatter point
gene_point	ENSG00000107105	ELAVL2	-1.0426262022894368	-0.175077095041086					residual scatter point
gene_point	ENSG00000151491	EPS8	-0.30322180599996257	-0.6086453543788917					residual scatter point
gene_point	ENSG00000126602	TRAP1	0.17126910337246878	-0.0616773069450466					residual scatter point
gene_point	ENSG00000127191	TRAF2	-0.38751662780710117	-0.0178468370442388					residual scatter point
gene_point	ENSG00000075711	DLG1	-0.06808258109742171	-0.0865965285085295					residual scatter point
gene_point	ENSG00000166337	TAF10	-0.9263239099490284	-0.3069869829613338					residual scatter point
gene_point	ENSG00000157483	MYO1E	0.22419075775309472	0.0755916621198125					residual scatter point
gene_point	ENSG00000117751	PPP1R8	-0.29952734486449906	-0.0229369982759237					residual scatter point
gene_point	ENSG00000184007	PTP4A2	0.19734650856129793	-0.4421175170219467					residual scatter point
gene_point	ENSG00000113734	BNIP1	-0.21424428660128492	-0.1115840396458498					residual scatter point
gene_point	ENSG00000176102	CSTF3	0.14904455215314594	-0.1003934682211209					residual scatter point
gene_point	ENSG00000100852	ARHGAP5	-0.19448811108144382	-0.4386049534490546					residual scatter point
gene_point	ENSG00000196792	STRN3	0.058148125954251687	-0.0544311113919135					residual scatter point
gene_point	ENSG00000130177	CDC16	-0.37701284965915605	-0.3606809718705026					residual scatter point
gene_point	ENSG00000101109	STK4	0.03822574180383159	-0.1529086931941101					residual scatter point
gene_point	ENSG00000119401	TRIM32	0.07191283959702277	0.0503873299381911					residual scatter point
gene_point	ENSG00000068120	COASY	-0.0675716111397037	-0.0351470426342075					residual scatter point
gene_point	ENSG00000086504	MRPL28	0.11443240213884798	0.2557431460770552					residual scatter point
gene_point	ENSG00000169727	GPS1	-0.02933807707081368	-0.0186727067211727					residual scatter point
gene_point	ENSG00000114316	USP4	0.1699855950643031	0.6041369749521923					residual scatter point
gene_point	ENSG00000159259	CHAF1B	-0.018736461728460135	-0.3773036083069474					residual scatter point
gene_point	ENSG00000162366	PDZK1IP1	-0.9731269885141625	-7.501194223902094					residual scatter point
gene_point	ENSG00000113141	IK	-0.08344369580934287	0.1026340311463229					residual scatter point
gene_point	ENSG00000099810	MTAP	0.2009969093734284	0.2222202554618135					residual scatter point
gene_point	ENSG00000132356	PRKAA1	0.1174931694489914	-0.0555012607617548					residual scatter point
gene_point	ENSG00000145191	EIF2B5	0.05757046700756109	0.0820053661702289					residual scatter point
gene_point	ENSG00000120948	TARDBP	0.04692169366608448	0.0725451290906917					residual scatter point
gene_point	ENSG00000177733	HNRNPA0	0.300899517213382	0.080246340085857					residual scatter point
gene_point	ENSG00000149269	PAK1	-0.5711572923708037	-0.1015942297282954					residual scatter point
gene_point	ENSG00000106305	AIMP2	-0.24788384871731478	-0.007261992644004					residual scatter point
gene_point	ENSG00000168040	FADD	-0.13878156936346409	-0.0925189933068395					residual scatter point
gene_point	ENSG00000123131	PRDX4	-0.049501642066676066	0.2326392084064217					residual scatter point
gene_point	ENSG00000180370	PAK2	0.2226010129188003	0.1604613900092424					residual scatter point
gene_point	ENSG00000122565	CBX3	0.13424829485193304	0.0903192919648319					residual scatter point
gene_point	ENSG00000162236	STX5	0.06513143267456527	-0.2898067020752961					residual scatter point
gene_point	ENSG00000175166	PSMD2	0.19050343858529525	0.0895923890109244					residual scatter point
gene_point	ENSG00000178105	DDX10	0.2334732184770688	0.1620015814978259					residual scatter point
gene_point	ENSG00000102580	DNAJC3	0.1971795829582589	0.1198307445262312					residual scatter point
gene_point	ENSG00000103024	NME3	0.30144366092823416	-0.1496633760429553					residual scatter point
gene_point	ENSG00000111786	SRSF9	-0.2617241242465898	0.0354606922635341					residual scatter point
gene_point	ENSG00000100650	SRSF5	-0.07694069984835339	0.0302136231505052					residual scatter point
gene_point	ENSG00000124193	SRSF6	0.23630080889128174	0.6178453223231344					residual scatter point
gene_point	ENSG00000130726	TRIM28	0.26748090021601806	0.0627318140917729					residual scatter point
gene_point	ENSG00000145907	G3BP1	0.2419706064942519	0.0980491139681767					residual scatter point
gene_point	ENSG00000123609	NMI	0.08288587499482114	-0.1595399094176599					residual scatter point
gene_point	ENSG00000112655	PTK7	-0.2791303691781144	-0.1440049691461595					residual scatter point
gene_point	ENSG00000090621	PABPC4	-0.8026736963818635	0.0508399831323984					residual scatter point
gene_point	ENSG00000152778	IFIT5	-0.4847623296581911	-0.2213508063401033					residual scatter point
gene_point	ENSG00000182979	MTA1	-1.3331895923138124	-0.2504409056730772					residual scatter point
gene_point	ENSG00000105426	PTPRS	-0.7643688965337002	-0.2160234339269493					residual scatter point
gene_point	ENSG00000084623	EIF3I	0.145235725975997	0.1202764880976907					residual scatter point
gene_point	ENSG00000100023	PPIL2	0.1001473358988136	-0.1801813424708953					residual scatter point
gene_point	ENSG00000078304	PPP2R5C	-0.2836925509410857	-0.3119505513226599					residual scatter point
gene_point	ENSG00000159692	CTBP1	-0.7555996606976803	0.0280052956446787					residual scatter point
gene_point	ENSG00000075651	PLD1	-0.07704590185389734	-0.5231319147501754					residual scatter point
gene_point	ENSG00000244687	UBE2V1	-0.8132013496753847	-0.0539787808969158					residual scatter point
gene_point	ENSG00000149792	MRPL49	0.18013391986268196	0.0854244464130822					residual scatter point
gene_point	ENSG00000115942	ORC2	0.19906541578640785	-0.2475000917254792					residual scatter point
gene_point	ENSG00000166333	ILK	-0.02770887433053776	0.0550684686003748					residual scatter point
gene_point	ENSG00000112992	NNT	0.057311511069512044	-0.2295035854212592					residual scatter point
gene_point	ENSG00000152422	XRCC4	0.12987294492901494	-0.0957674680064517					residual scatter point
gene_point	ENSG00000138398	PPIG	0.21681374029716743	0.1530653300893369					residual scatter point
gene_point	ENSG00000070814	TCOF1	-0.007633446663048105	0.0460940409826839					residual scatter point
gene_point	ENSG00000087365	SF3B2	0.19299869937421124	-0.0589311904769402					residual scatter point
gene_point	ENSG00000135506	OS9	0.1903335115280067	0.5462201224085259					residual scatter point
gene_point	ENSG00000144674	GOLGA4	-0.3655721942399305	0.2472884981807368					residual scatter point
gene_point	ENSG00000106244	PDAP1	-0.08750080868304327	-0.1074446248335831					residual scatter point
gene_point	ENSG00000099203	TMED1	-0.1494617096024308	-0.1369482635156806					residual scatter point
gene_point	ENSG00000096060	FKBP5	-0.22435004403338032	-0.3395327352921526					residual scatter point
gene_point	ENSG00000099331	MYO9B	-0.699352113965041	-0.5515217672485804					residual scatter point
gene_point	ENSG00000141646	SMAD4	0.3794071375037825	0.5169534135480234					residual scatter point
gene_point	ENSG00000073921	PICALM	0.01832577386848655	0.0003077176091359					residual scatter point
gene_point	ENSG00000152944	MED21	-0.12545268172512325	0.0863507897268078					residual scatter point
gene_point	ENSG00000173171	MTX1	-0.09089914464473096	-0.0884011103536508					residual scatter point
gene_point	ENSG00000138386	NAB1	-0.20572714029505373	-0.4515505477457697					residual scatter point
gene_point	ENSG00000258947	TUBB3	0.19878579168964544	0.1057261832501659					residual scatter point
gene_point	ENSG00000104763	ASAH1	0.0026107049395623916	-0.1943709907497073					residual scatter point
gene_point	ENSG00000127445	PIN1	0.027413775283315844	0.0883286048943361					residual scatter point
gene_point	ENSG00000175054	ATR	0.5164752964594561	0.2775480824628822					residual scatter point
gene_point	ENSG00000187840	EIF4EBP1	-0.14581841647619895	-0.315315204162033					residual scatter point
gene_point	ENSG00000137275	RIPK1	0.13414996021160416	0.0802343050122651					residual scatter point
gene_point	ENSG00000116478	HDAC1	0.0670452436111223	-0.0794635907232361					residual scatter point
gene_point	ENSG00000148660	CAMK2G	-0.39717867001873913	-0.0291272370381854					residual scatter point
gene_point	ENSG00000175203	DCTN2	-0.029948263022780586	0.1481074106744664					residual scatter point
gene_point	ENSG00000159593	NAE1	-0.10998896540743058	0.0077215683882485					residual scatter point
gene_point	ENSG00000100603	SNW1	0.18429847352562134	-0.1566809261772093					residual scatter point
gene_point	ENSG00000167323	STIM1	-0.32486646224044596	-0.394244491196293					residual scatter point
gene_point	ENSG00000164548	TRA2A	0.027906400307941007	0.3427032668532135					residual scatter point
gene_point	ENSG00000028528	SNX1	0.15212278530177303	0.1866084237778018					residual scatter point
gene_point	ENSG00000111615	KRR1	0.3864645900530165	0.8240713182238792					residual scatter point
gene_point	ENSG00000136045	PWP1	0.05679580625978293	0.1597897883286272					residual scatter point
gene_point	ENSG00000063601	MTMR1	-0.06399163106902886	0.0417618474361951					residual scatter point
gene_point	ENSG00000055130	CUL1	-0.22317323445229403	-0.0636760503214404					residual scatter point
gene_point	ENSG00000108094	CUL2	0.3594864342465639	-0.0008268836135485					residual scatter point
gene_point	ENSG00000036257	CUL3	0.13192399854247255	-0.1181324586564152					residual scatter point
gene_point	ENSG00000139842	CUL4A	-0.15560265778660326	-0.1436198673661977					residual scatter point
gene_point	ENSG00000158290	CUL4B	0.6332221521131748	-0.0613204489202061					residual scatter point
gene_point	ENSG00000143514	TP53BP2	0.3915910497467694	-0.7269100016499657					residual scatter point
gene_point	ENSG00000118508	RAB32	-0.3597341388481371	-0.0763033560918202					residual scatter point
gene_point	ENSG00000174791	RIN1	-0.5728898685967916	-0.5001873790318179					residual scatter point
gene_point	ENSG00000127837	AAMP	0.09902416436504458	0.2648026223832787					residual scatter point
gene_point	ENSG00000100601	ALKBH1	0.22362186341378992	-0.1467020732963249					residual scatter point
gene_point	ENSG00000115275	MOGS	-0.29586172648264414	-0.1815478346962038					residual scatter point
gene_point	ENSG00000170017	ALCAM	0.6088098732733024	0.2210849788466795					residual scatter point
gene_point	ENSG00000196878	LAMB3	0.5950997449071632	0.1914808451494458					residual scatter point
gene_point	ENSG00000058085	LAMC2	-0.07623204966538447	0.1793832065275431					residual scatter point
gene_point	ENSG00000197694	SPTAN1	0.27442047848664963	-0.0201324228014456					residual scatter point
gene_point	ENSG00000134697	GNL2	0.2861601943481031	0.2039097948957078					residual scatter point
gene_point	ENSG00000148090	AUH	0.03897823186923767	0.2627291968190839					residual scatter point
gene_point	ENSG00000081277	PKP1	0.0011317667386733232	-0.5877360444532229					residual scatter point
gene_point	ENSG00000108578	BLMH	0.19805604938731106	0.1173038570594329					residual scatter point
gene_point	ENSG00000130713	EXOSC2	0.02375245547520588	0.035155082286451					residual scatter point
gene_point	ENSG00000137267	TUBB2A	0.03714421639707566	0.2929846348783123					residual scatter point
gene_point	ENSG00000102554	KLF5	0.7103862347944299	0.2427000872366527					residual scatter point
gene_point	ENSG00000112578	BYSL	0.24100924853378036	-0.1053358933611257					residual scatter point
gene_point	ENSG00000067064	IDI1	0.3531973235192988	0.0745805445773832					residual scatter point
gene_point	ENSG00000067955	CBFB	0.06300332680564669	-0.5240450002455042					residual scatter point
gene_point	ENSG00000066136	NFYC	0.20959643894739616	0.0370782903115376					residual scatter point
gene_point	ENSG00000065883	CDK13	0.14705003257660065	-0.0932217677463569					residual scatter point
gene_point	ENSG00000175216	CKAP5	-0.0009003816331689396	-0.242935860294601					residual scatter point
gene_point	ENSG00000099622	CIRBP	-0.06838668796171658	-0.110223995662956					residual scatter point
gene_point	ENSG00000103187	COTL1	-0.4794427318055652	0.0529948775233961					residual scatter point
gene_point	ENSG00000138495	COX17	-0.188814248524515	0.0407521159695889					residual scatter point
gene_point	ENSG00000138668	HNRNPD	0.14815850028051403	0.0632472224469147					residual scatter point
gene_point	ENSG00000150782	IL18	0.2449900003544475	0.3647458658812503					residual scatter point
gene_point	ENSG00000173402	DAG1	-0.08596024820581702	0.0832069306457015					residual scatter point
gene_point	ENSG00000136451	VEZF1	-0.4779776957136528	-1.153644195642764					residual scatter point
gene_point	ENSG00000046604	DSG2	0.2638995560459138	-0.1711425658011016					residual scatter point
gene_point	ENSG00000137699	TRIM29	0.09833205386480875	0.4220357579436289					residual scatter point
gene_point	ENSG00000144560	VGLL4	-0.18476448265499001	-0.5858147972826746					residual scatter point
gene_point	ENSG00000261236	BOP1	-0.04691650442805412	0.109741545241885					residual scatter point
gene_point	ENSG00000106785	TRIM14	-0.22104177851374174	-0.4763569240100445					residual scatter point
gene_point	ENSG00000079999	KEAP1	-0.06815191853346053	-0.0292418450033675					residual scatter point
gene_point	ENSG00000135763	URB2	-0.5748174907387777	-0.2635039084997235					residual scatter point
gene_point	ENSG00000130254	SAFB2	0.2037862272242264	0.2439060591418709					residual scatter point
gene_point	ENSG00000107581	EIF3A	0.39439559967118254	0.0434158614284605					residual scatter point
gene_point	ENSG00000102606	ARHGEF7	0.03173649438750242	-0.1407414446427637					residual scatter point
gene_point	ENSG00000132294	EFR3A	-0.6398614681526602	-1.3137216068282438					residual scatter point
gene_point	ENSG00000143569	UBAP2L	0.029150589271102617	-0.2142781451332851					residual scatter point
gene_point	ENSG00000139436	GIT2	-0.05322281693900044	0.1564860136602597					residual scatter point
gene_point	ENSG00000110917	MLEC	-0.1907600144614514	-0.3756696006299513					residual scatter point
gene_point	ENSG00000100304	TTLL12	-0.2243876832601078	0.0337075506650137					residual scatter point
gene_point	ENSG00000014138	POLA2	0.014556790170061479	0.3932626995664012					residual scatter point
gene_point	ENSG00000150760	DOCK1	-0.26005405412285854	-0.8322281509450615					residual scatter point
gene_point	ENSG00000198176	TFDP1	-0.9718865942239138	-0.2373501178330066					residual scatter point
gene_point	ENSG00000115641	FHL2	0.05720252901476641	0.3669863155613377					residual scatter point
gene_point	ENSG00000113657	DPYSL3	0.2854459480516081	0.3005689684450736					residual scatter point
gene_point	ENSG00000204843	DCTN1	0.031092689159301246	0.1362963161705792					residual scatter point
gene_point	ENSG00000197102	DYNC1H1	0.011169603221389351	-0.1451123580786841					residual scatter point
gene_point	ENSG00000111361	EIF2B1	-0.16178212320399157	-0.127362917246355					residual scatter point
gene_point	ENSG00000156976	EIF4A2	0.4688221077600101	0.2630283548411611					residual scatter point
gene_point	ENSG00000167136	ENDOG	0.028480593112586716	-0.0730828295889747					residual scatter point
gene_point	ENSG00000132589	FLOT2	-0.3779179632784755	-0.1377972197926986					residual scatter point
gene_point	ENSG00000117906	RCN2	-0.4305235158800307	0.0386847697970793					residual scatter point
gene_point	ENSG00000121060	TRIM25	0.22573815750843618	-0.2587233670837214					residual scatter point
gene_point	ENSG00000120899	PTK2B	0.03000657299885933	-0.1709431188226151					residual scatter point
gene_point	ENSG00000105701	FKBP8	-1.0940250078672886	-0.4586580618981308					residual scatter point
gene_point	ENSG00000120063	GNA13	0.14272151760622126	-0.2125781008283169					residual scatter point
gene_point	ENSG00000117308	GALE	0.16387198421768565	-0.028720591154574					residual scatter point
gene_point	ENSG00000115339	GALNT3	0.13093963617011567	-0.1719390537033724					residual scatter point
gene_point	ENSG00000135387	CAPRIN1	0.15863280377387623	-0.091461929761472					residual scatter point
gene_point	ENSG00000141738	GRB7	0.3464212728385274	0.1083734228281976					residual scatter point
gene_point	ENSG00000131051	RBM39	0.4890787486938514	0.199459607637511					residual scatter point
gene_point	ENSG00000137440	FGFBP1	0.41336605015903116	-0.1510681566251577					residual scatter point
gene_point	ENSG00000083857	FAT1	0.5010511659436534	0.7543159062725469					residual scatter point
gene_point	ENSG00000071794	HLTF	0.42951550896844104	-0.2225937801034732					residual scatter point
gene_point	ENSG00000104549	SQLE	0.46584246431886633	-0.2758920196200627					residual scatter point
gene_point	ENSG00000065485	PDIA5	-0.20989939360789478	-0.0005061214766506					residual scatter point
gene_point	ENSG00000161542	PRPSAP1	-0.28164351939051546	-0.0699794693202591					residual scatter point
gene_point	ENSG00000067596	DHX8	0.22265357278201917	0.0760266004465552					residual scatter point
gene_point	ENSG00000076003	MCM6	0.30479540903164337	-0.0735022714970909					residual scatter point
gene_point	ENSG00000096433	ITPR3	-0.6732118102938495	-0.54619803069202					residual scatter point
gene_point	ENSG00000134762	DSC3	0.4423674902265196	-0.5987508940211868					residual scatter point
gene_point	ENSG00000120756	PLS1	0.21580094638367892	0.1885372585939535					residual scatter point
gene_point	ENSG00000126456	IRF3	-0.04670692673218128	-0.212048784477286					residual scatter point
gene_point	ENSG00000196976	LAGE3	-0.13072361266873328	0.0665156832466244					residual scatter point
gene_point	ENSG00000153827	TRIP12	0.1704979236434243	-0.262063111602					residual scatter point
gene_point	ENSG00000134644	PUM1	0.2906197108094123	0.0495437852684474					residual scatter point
gene_point	ENSG00000113282	CLINT1	0.01236479079430658	-0.1160212047453228					residual scatter point
gene_point	ENSG00000072501	SMC1A	0.18990720571579522	-0.0599938546521237					residual scatter point
gene_point	ENSG00000160208	RRP1B	-0.11131997909025479	-0.1221662676553201					residual scatter point
gene_point	ENSG00000148843	PDCD11	-0.12247307931559903	-0.1763871082679564					residual scatter point
gene_point	ENSG00000101003	GINS1	0.0728340735268439	0.0357060917943545					residual scatter point
gene_point	ENSG00000165733	BMS1	0.30932368477461214	0.0604316121626311					residual scatter point
gene_point	ENSG00000103194	USP10	-0.17832092808936084	-0.092125548412298					residual scatter point
gene_point	ENSG00000089597	GANAB	0.2622230005248131	0.1781346585482808					residual scatter point
gene_point	ENSG00000112640	PPP2R5D	-0.29121434813303293	-0.1924127651587035					residual scatter point
gene_point	ENSG00000143815	LBR	0.08207093385062592	-0.1840372528666876					residual scatter point
gene_point	ENSG00000135775	COG2	-0.14140717643858924	-0.1991097260206764					residual scatter point
gene_point	ENSG00000013364	MVP	0.3312963661901063	-0.1055848954160474					residual scatter point
gene_point	ENSG00000173230	GOLGB1	0.4462249143557766	0.2596495348835788					residual scatter point
gene_point	ENSG00000139977	NAA30	-0.23891599501930894	-0.326235067155638					residual scatter point
gene_point	ENSG00000089356	FXYD3	1.5270534529754072	0.1647754943889623					residual scatter point
gene_point	ENSG00000079616	KIF22	0.17881803593405282	-0.3341772906042788					residual scatter point
gene_point	ENSG00000111642	CHD4	0.14292117538868318	-0.2400631540131144					residual scatter point
gene_point	ENSG00000002834	LASP1	0.03280734556079318	0.0210836360413431					residual scatter point
gene_point	ENSG00000106853	PTGR1	0.22004103721127677	0.2121110759970328					residual scatter point
gene_point	ENSG00000175550	DRAP1	-0.19051382203467804	-0.002442015337543					residual scatter point
gene_point	ENSG00000175787	ZNF169	-0.7432032813332395	0.3988681564347072					residual scatter point
gene_point	ENSG00000075292	ZNF638	0.1777067871334072	-0.107950225364874					residual scatter point
gene_point	ENSG00000108424	KPNB1	0.26446484510676677	0.0351582498304843					residual scatter point
gene_point	ENSG00000166197	NOLC1	0.2942477055918428	-0.0507522539868574					residual scatter point
gene_point	ENSG00000137497	NUMA1	0.1300517839885357	-0.0839510894101351					residual scatter point
gene_point	ENSG00000068878	PSME4	-0.03315329337132314	-0.4550339431552146					residual scatter point
gene_point	ENSG00000163681	SLMAP	-0.4332161037306233	-0.4462970250336564					residual scatter point
gene_point	ENSG00000165219	GAPVD1	0.47905589702749396	0.0781313310266149					residual scatter point
gene_point	ENSG00000111300	NAA25	0.35127406075656487	-0.0256872115675292					residual scatter point
gene_point	ENSG00000121152	NCAPH	0.14247900935081426	0.1360267135631723					residual scatter point
gene_point	ENSG00000118363	SPCS2	0.20887547179576144	-0.1963787054196473					residual scatter point
gene_point	ENSG00000104412	EMC2	0.359428884967789	-0.0639727541145305					residual scatter point
gene_point	ENSG00000146457	WTAP	0.10089026845652421	-0.5525826140538843					residual scatter point
gene_point	ENSG00000163636	PSMD6	0.12156169766262459	0.0964425210933086					residual scatter point
gene_point	ENSG00000123562	MORF4L2	0.04124784562147532	-0.4190027291195335					residual scatter point
gene_point	ENSG00000075856	SART3	-0.14192170463652176	0.0265126549740593					residual scatter point
gene_point	ENSG00000010292	NCAPD2	-0.008442168065354312	-0.0254599209928265					residual scatter point
gene_point	ENSG00000178691	SUZ12	0.1420819020886888	-0.1538788599782989					residual scatter point
gene_point	ENSG00000075914	EXOSC7	0.0025799309336211537	-0.0529077084655611					residual scatter point
gene_point	ENSG00000145901	TNIP1	-0.1592005137016042	-0.3812628530260085					residual scatter point
gene_point	ENSG00000108883	EFTUD2	0.24786461091122372	0.0076897218142626					residual scatter point
gene_point	ENSG00000115234	SNX17	-0.24433808559394035	0.0238497114209224					residual scatter point
gene_point	ENSG00000170540	ARL6IP1	0.324394012099524	0.8615520347189864					residual scatter point
gene_point	ENSG00000115839	RAB3GAP1	0.28924250113715716	0.0144104723433144					residual scatter point
gene_point	ENSG00000179041	RRS1	0.023196624832179547	0.1798666877401018					residual scatter point
gene_point	ENSG00000077514	POLD3	0.029072370751078602	-0.2079684283347909					residual scatter point
gene_point	ENSG00000106682	EIF4H	0.21246324520726262	-0.0616315463922489					residual scatter point
gene_point	ENSG00000114331	ACAP2	0.1977946941617328	0.0315352888794286					residual scatter point
gene_point	ENSG00000118193	KIF14	0.4471340002212737	-0.3119174746142263					residual scatter point
gene_point	ENSG00000169925	BRD3	-0.6157972315376585	-0.4180312099015744					residual scatter point
gene_point	ENSG00000163811	WDR43	0.22774481515723038	0.0192613940672643					residual scatter point
gene_point	ENSG00000161533	ACOX1	0.23469911105287433	-0.1743067204348065					residual scatter point
gene_point	ENSG00000102189	EEA1	0.5180400080746034	0.0528593623988324					residual scatter point
gene_point	ENSG00000143870	PDIA6	0.20269613118523505	0.1266695791274088					residual scatter point
gene_point	ENSG00000079462	PAFAH1B3	-0.12008158898412155	0.0463208394423908					residual scatter point
gene_point	ENSG00000162734	PEA15	-0.41427684885959193	0.0176652839739688					residual scatter point
gene_point	ENSG00000147155	EBP	0.17742304630618227	-0.1522769958644296					residual scatter point
gene_point	ENSG00000163344	PMVK	-0.24883722320315377	-0.0763385659386628					residual scatter point
gene_point	ENSG00000178209	PLEC	-0.17818318103367448	0.255713538392051					residual scatter point
gene_point	ENSG00000078674	PCM1	0.2738525381168202	-0.0800513646562599					residual scatter point
gene_point	ENSG00000105854	PON2	-0.13123708384943822	-0.1936827798849947					residual scatter point
gene_point	ENSG00000180817	PPA1	-0.15888791161549937	0.1821997296446795					residual scatter point
gene_point	ENSG00000110958	PTGES3	0.38146085106626326	0.195627254070736					residual scatter point
gene_point	ENSG00000112079	STK38	-0.3112319204373848	0.0651755346586071					residual scatter point
gene_point	ENSG00000147140	NONO	0.20940146010080615	0.083970898719631					residual scatter point
gene_point	ENSG00000241945	PWP2	0.059643510005375155	0.0377602018024703					residual scatter point
gene_point	ENSG00000029725	RABEP1	-0.6515344498054367	-0.5354309973955047					residual scatter point
gene_point	ENSG00000111737	RAB35	-0.03161725197790477	0.1968330878341699					residual scatter point
gene_point	ENSG00000205937	RNPS1	-0.19002705044421953	0.1696951950629923					residual scatter point
gene_point	ENSG00000117222	RBBP5	0.20333457863111892	-0.0568539265971033					residual scatter point
gene_point	ENSG00000049449	RCN1	-0.1238639020198471	0.0653799940846227					residual scatter point
gene_point	ENSG00000017797	RALBP1	-0.4916680338162531	-0.0693772482476493					residual scatter point
gene_point	ENSG00000131899	LLGL1	-0.2487097401047288	-0.2207316007128987					residual scatter point
gene_point	ENSG00000132128	LRRC41	-0.38141002450212175	0.2242841519686287					residual scatter point
gene_point	ENSG00000086598	TMED2	-0.5126162124676044	-0.2638527029058295					residual scatter point
gene_point	ENSG00000169564	PCBP1	0.18657118610099305	0.2046177701585314					residual scatter point
gene_point	ENSG00000197111	PCBP2	-0.11850058091430521	0.0881936918528154					residual scatter point
gene_point	ENSG00000106615	RHEB	0.16824738242967374	-0.1403528410082373					residual scatter point
gene_point	ENSG00000009335	UBE3C	-0.3841661012989057	-0.4215011987507164					residual scatter point
gene_point	ENSG00000173726	TOMM20	-0.07425378673389013	-0.1278403240947092					residual scatter point
gene_point	ENSG00000116133	DHCR24	-0.0439183692812668	-0.3574589864836817					residual scatter point
gene_point	ENSG00000189091	SF3B3	0.12256188187039317	-0.0522720883607306					residual scatter point
gene_point	ENSG00000126787	DLGAP5	0.3506168953088209	-0.5871421795095326					residual scatter point
gene_point	ENSG00000148484	RSU1	0.09116954764306923	0.1801845316312871					residual scatter point
gene_point	ENSG00000117519	CNN3	0.1767754543658483	-0.119094066835288					residual scatter point
gene_point	ENSG00000160633	SAFB	0.21592904294332754	0.2105445280536493					residual scatter point
gene_point	ENSG00000143368	SF3B4	0.21013001528711556	-0.228060585704398					residual scatter point
gene_point	ENSG00000104897	SF3A2	0.09629834686875793	0.0944961514442752					residual scatter point
gene_point	ENSG00000076067	RBMS2	0.36868548168249327	0.1429743724460372					residual scatter point
gene_point	ENSG00000115685	PPP1R7	-0.12110277340817732	0.0697295979417909					residual scatter point
gene_point	ENSG00000100934	SEC23A	-0.09059626609335189	-0.1017832559206652					residual scatter point
gene_point	ENSG00000101310	SEC23B	0.1705539556363399	-0.0592215263735447					residual scatter point
gene_point	ENSG00000099995	SF3A1	0.13910942580075525	0.0196544076376099					residual scatter point
gene_point	ENSG00000148835	TAF5	0.39129549622217674	-0.0656757335225837					residual scatter point
gene_point	ENSG00000132604	TERF2	-0.38565721281688903	-0.1175391877273224					residual scatter point
gene_point	ENSG00000166974	MAPRE2	-0.015455285330238516	0.2737055965073693					residual scatter point
gene_point	ENSG00000120708	TGFBI	0.13050928841782855	-0.4580654553374721					residual scatter point
gene_point	ENSG00000102871	TRADD	-0.6774249473443341	0.0230562072751325					residual scatter point
gene_point	ENSG00000067167	TRAM1	0.09811841098555196	-0.1770798364293515					residual scatter point
gene_point	ENSG00000211460	TSN	-0.07017660846509371	-0.0394627618334695					residual scatter point
gene_point	ENSG00000168066	SF1	0.15259110726658465	-0.1074473097181183					residual scatter point
gene_point	ENSG00000125733	TRIP10	0.0992548842072154	0.0438381234474931					residual scatter point
gene_point	ENSG00000100815	TRIP11	0.5894229305383586	0.1059409303308491					residual scatter point
gene_point	ENSG00000071539	TRIP13	-0.31316231802865463	-0.0826341535864898					residual scatter point
gene_point	ENSG00000135114	OASL	0.3453774963203649	-0.24425408194557					residual scatter point
gene_point	ENSG00000125686	MED1	-0.16145592405598524	-0.1112656742426452					residual scatter point
gene_point	ENSG00000103671	TRIP4	0.1189949086382886	-0.2196044305895714					residual scatter point
gene_point	ENSG00000087077	TRIP6	0.08172322663005757	0.1825488679923204					residual scatter point
gene_point	ENSG00000101367	MAPRE1	0.11454692048193582	0.1426649452440997					residual scatter point
gene_point	ENSG00000102804	TSC22D1	0.5660781524034013	0.3362028701423867					residual scatter point
gene_point	ENSG00000066044	ELAVL1	0.029065075664717832	-0.0529376688333442					residual scatter point
gene_point	ENSG00000105281	SLC1A5	0.4335321177495416	-0.2424869374661256					residual scatter point
gene_point	ENSG00000089693	MLF2	0.003845376638366871	0.2876711791367103					residual scatter point
gene_point	ENSG00000025772	TOMM34	0.005634185902250677	-0.0136392161179443					residual scatter point
gene_point	ENSG00000175387	SMAD2	-0.13798792417082995	-0.3325850135690054					residual scatter point
gene_point	ENSG00000052802	MSMO1	0.09692883260396745	0.6873736471153169					residual scatter point
gene_point	ENSG00000205726	ITSN1	0.05080171432756546	4.462235775287117					residual scatter point
gene_point	ENSG00000284770	TBCE	0.2422304694914338	-0.1307552004589816					residual scatter point
gene_point	ENSG00000124659	TBCC	0.43468159231645725	0.1957298181874147					residual scatter point
gene_point	ENSG00000169139	UBE2V2	-0.05943998224138233	0.0029095038619111					residual scatter point
gene_point	ENSG00000076944	STXBP2	0.0049977274771873526	-0.0020819169749444					residual scatter point
gene_point	ENSG00000049245	VAMP3	-0.06981162921339054	-0.44045199110883					residual scatter point
gene_point	ENSG00000148671	ADIRF	0.07222887096093356	0.2788359346748059					residual scatter point
gene_point	ENSG00000071553	ATP6AP1	0.17635682695611343	-0.4857025507184822					residual scatter point
gene_point	ENSG00000185236	RAB11B	-0.02654775936428372	-0.0677690540819639					residual scatter point
gene_point	ENSG00000106462	EZH2	-0.1525450507125439	-0.0885077081255989					residual scatter point
gene_point	ENSG00000171503	ETFDH	0.036330660028166234	0.1719655361785914					residual scatter point
gene_point	ENSG00000130706	ADRM1	0.07238101293843924	0.0818107734061364					residual scatter point
gene_point	ENSG00000108091	CCDC6	-0.2030653212081515	0.042481330574617					residual scatter point
gene_point	ENSG00000117143	UAP1	0.6208614013802763	0.0877974559521526					residual scatter point
gene_point	ENSG00000205250	E2F4	-1.230612155699014	0.0260628138420173					residual scatter point
gene_point	ENSG00000163453	IGFBP7	0.04682555929496335	-1.1225669617153606					residual scatter point
gene_point	ENSG00000112769	LAMA4	0.6818023381452146	0.9777056537697746					residual scatter point
gene_point	ENSG00000095261	PSMD5	-0.06631358327306225	0.0497817611514719					residual scatter point
gene_point	ENSG00000065243	PKN2	0.08516878926602633	-0.0735176042792957					residual scatter point
gene_point	ENSG00000175183	CSRP2	0.26520857461084024	0.0467075576711408					residual scatter point
gene_point	ENSG00000167986	DDB1	0.2980566901675123	0.0033215820310736					residual scatter point
gene_point	ENSG00000154001	PPP2R5E	0.29292843623006426	0.1444961086629455					residual scatter point
gene_point	ENSG00000112062	MAPK14	0.09820387115858215	-0.1774534917612875					residual scatter point
gene_point	ENSG00000105401	CDC37	-0.09039766932786253	-0.0090929443749132					residual scatter point
gene_point	ENSG00000092964	DPYSL2	0.4096541416974986	0.0685083173792335					residual scatter point
gene_point	ENSG00000008282	SYPL1	0.3014221134429327	-0.1953134926405937					residual scatter point
gene_point	ENSG00000102054	RBBP7	0.29256577580759	0.087420255334031					residual scatter point
gene_point	ENSG00000138764	CCNG2	-0.8617139525587164	0.283732498087808					residual scatter point
gene_point	ENSG00000165060	FXN	-0.053127901480668704	0.2218027966224767					residual scatter point
gene_point	ENSG00000030110	BAK1	-0.08318041490357442	-0.1911987643635804					residual scatter point
gene_point	ENSG00000124733	MEA1	-0.3096114886897625	0.2785239956953234					residual scatter point
gene_point	ENSG00000115875	SRSF7	-0.024596599459185242	0.1015303577279098					residual scatter point
gene_point	ENSG00000111605	CPSF6	-0.05062733031080771	0.0757343407094239					residual scatter point
gene_point	ENSG00000052344	PRSS8	-0.27630100246638944	-0.6292547209118062					residual scatter point
gene_point	ENSG00000075618	FSCN1	-0.0035205826418309716	0.0303037024019374					residual scatter point
gene_point	ENSG00000163565	IFI16	0.4311045423548839	-0.2345207519081071					residual scatter point
gene_point	ENSG00000104325	DECR1	-0.0025681059328262756	0.0648569808352306					residual scatter point
gene_point	ENSG00000112893	MAN2A1	0.23234049751996977	-0.3778416306014751					residual scatter point
gene_point	ENSG00000128609	NDUFA5	0.24187617422137248	0.0813053566456929					residual scatter point
gene_point	ENSG00000125656	CLPP	-0.24609730353267414	0.0613075476608457					residual scatter point
gene_point	ENSG00000128311	TST	0.04885509373500449	-0.0934275714532688					residual scatter point
gene_point	ENSG00000108106	UBE2S	0.08888131324680615	-0.1892176135294363					residual scatter point
gene_point	ENSG00000143774	GUK1	-1.1136657807467745	-0.0446181591185741					residual scatter point
gene_point	ENSG00000063854	HAGH	-0.4604046456847413	0.5975198200295999					residual scatter point
gene_point	ENSG00000053747	LAMA3	0.0818913829080232	0.2756181238563684					residual scatter point
gene_point	ENSG00000139180	NDUFA9	0.2567862450704583	-0.1420565975268601					residual scatter point
gene_point	ENSG00000183696	UPP1	-0.03257619139998835	-0.0866223177093434					residual scatter point
gene_point	ENSG00000138796	HADH	0.10340361836707083	0.1036259127271534					residual scatter point
gene_point	ENSG00000001630	CYP51A1	0.41381614054741533	-0.604332459063901					residual scatter point
gene_point	ENSG00000169764	UGP2	0.04418382465950549	0.1127045206932066					residual scatter point
gene_point	ENSG00000128524	ATP6V1F	-0.32940286284709824	0.2863384258801567					residual scatter point
gene_point	ENSG00000170525	PFKFB3	0.6218491311514034	6.153408152466543					residual scatter point
gene_point	ENSG00000174607	UGT8	0.9834089342674914	-0.8651799094757564					residual scatter point
gene_point	ENSG00000198431	TXNRD1	0.1928874794669727	0.243185542227728					residual scatter point
gene_point	ENSG00000111907	TPD52L1	-0.30431726680099475	0.1605670883270491					residual scatter point
gene_point	ENSG00000132305	IMMT	0.10035507887862516	0.1294454114362508					residual scatter point
gene_point	ENSG00000103550	KNOP1	-0.24459352732521178	-1.1537456624699214					residual scatter point
gene_point	ENSG00000214753	HNRNPUL2	0.21469656332200016	0.1929863997388636					residual scatter point
gene_point	ENSG00000203485	INF2	-0.2890060355243495	-0.1189977584748938					residual scatter point
gene_point	ENSG00000121892	PDS5A	-0.054506839786496224	-0.3012129249591062					residual scatter point
gene_point	ENSG00000115977	AAK1	-0.30199801060686193	-0.3068023919283753					residual scatter point
gene_point	ENSG00000186871	ERCC6L	0.2858240605566196	-0.0027881688156554					residual scatter point
gene_point	ENSG00000167721	TSR1	0.01985109725905894	0.0240325765086382					residual scatter point
gene_point	ENSG00000156521	TYSND1	-0.042442559535531915	-0.3801339769050411					residual scatter point
gene_point	ENSG00000134330	IAH1	-0.15215022522858634	0.0461366801657021					residual scatter point
gene_point	ENSG00000253710	ALG11	-0.10712542472868036	-0.2222916011839206					residual scatter point
gene_point	ENSG00000198218	QRICH1	0.18970597252906807	-0.3035928276939437					residual scatter point
gene_point	ENSG00000122692	SMU1	0.2501770192583735	0.0603187065387516					residual scatter point
gene_point	ENSG00000134775	FHOD3	-0.675048573255187	-1.2050862812286385					residual scatter point
gene_point	ENSG00000010704	HFE	0.5532178610855398	-0.2762146740317881					residual scatter point
gene_point	ENSG00000124831	LRRFIP1	-0.05805577310873153	0.1946734993587071					residual scatter point
gene_point	ENSG00000126814	TRMT5	-0.41407015733150554	-0.0560646424473603					residual scatter point
gene_point	ENSG00000149499	EML3	-0.2850854775795395	-0.4572425863504143					residual scatter point
gene_point	ENSG00000116871	MAP7D1	-0.06486466692360116	-0.6000961123571393					residual scatter point
gene_point	ENSG00000149476	TKFC	-0.0008511752222700453	-0.1287719522369173					residual scatter point
gene_point	ENSG00000161654	LSM12	-0.7989062265133082	0.2926553446305995					residual scatter point
gene_point	ENSG00000196642	RABL6	-1.4852288991733011	-0.2506359217700549					residual scatter point
gene_point	ENSG00000160131	VMA21	0.02244537935135111	-0.3533542915897421					residual scatter point
gene_point	ENSG00000105197	TIMM50	0.22519684406861107	-0.2774705898481606					residual scatter point
gene_point	ENSG00000173193	PARP14	0.5950710709759706	0.0046253460755529					residual scatter point
gene_point	ENSG00000140632	GLYR1	0.031066036641246575	-0.0942940202178945					residual scatter point
gene_point	ENSG00000107036	RIC1	-1.1982846297328398	1.1265295601748306					residual scatter point
gene_point	ENSG00000151502	VPS26B	-0.7959008231269329	-0.0961929384403106					residual scatter point
gene_point	ENSG00000174720	LARP7	0.23166899938654106	-0.0865202135546283					residual scatter point
gene_point	ENSG00000152620	NADK2	-0.28848533785545877	-0.02110023209746					residual scatter point
gene_point	ENSG00000176715	ACSF3	-0.24651676204949974	-0.0381154762088513					residual scatter point
gene_point	ENSG00000169221	TBC1D10B	-0.5986707113442151	-0.0988729592576547					residual scatter point
gene_point	ENSG00000176058	TPRN	-0.10433304875746618	0.4826922460799423					residual scatter point
gene_point	ENSG00000177119	ANO6	0.18363248162632462	-0.1948755877442138					residual scatter point
gene_point	ENSG00000168386	FILIP1L	0.6043997029267265	2.7112210183586907					residual scatter point
gene_point	ENSG00000111639	MRPL51	-0.1720324841470982	0.3826689269888366					residual scatter point
gene_point	ENSG00000182087	TMEM259	-0.8247275383344472	-0.2621699738136556					residual scatter point
gene_point	ENSG00000150593	PDCD4	0.39699418761137195	-0.0959694982136767					residual scatter point
gene_point	ENSG00000075420	FNDC3B	0.0069850382951277545	-0.1628004288086746					residual scatter point
gene_point	ENSG00000138180	CEP55	0.006020303508069508	-0.9680924371770256					residual scatter point
gene_point	ENSG00000123353	ORMDL2	0.07566619034011778	-0.0184909370493819					residual scatter point
gene_point	ENSG00000178685	PARP10	-0.06385332932428694	0.0218481814927677					residual scatter point
gene_point	ENSG00000149084	HSD17B12	0.2815735323776134	-0.2263066344731825					residual scatter point
gene_point	ENSG00000119392	GLE1	-0.029580430437612944	0.1276566313387714					residual scatter point
gene_point	ENSG00000168883	USP39	0.1657996900751874	-0.3135971362000802					residual scatter point
gene_point	ENSG00000147592	LACTB2	-0.008238123121234953	-0.0442688912147311					residual scatter point
gene_point	ENSG00000198142	SOWAHC	0.1524849738716802	-0.6952752290464748					residual scatter point
gene_point	ENSG00000082438	COBLL1	0.016755910584654837	0.2376352285276901					residual scatter point
gene_point	ENSG00000169067	ACTBL2	0.4984266214508041	-0.0073123872291063					residual scatter point
gene_point	ENSG00000125633	CCDC93	0.5023131573572612	-0.1547037672694742					residual scatter point
gene_point	ENSG00000186767	SPIN4	0.046007295814311844	1.672013005223949					residual scatter point
gene_point	ENSG00000145247	OCIAD2	-0.12247068291868723	-0.1180377863786681					residual scatter point
gene_point	ENSG00000162664	ZNF326	0.19536086530455676	0.1209104350691809					residual scatter point
gene_point	ENSG00000146909	NOM1	0.13867683609735082	-0.3046896834505528					residual scatter point
gene_point	ENSG00000188026	RILPL1	-0.6233459698445101	-0.7239817981243295					residual scatter point
gene_point	ENSG00000148634	HERC4	0.12403768673206925	0.0935357516541657					residual scatter point
gene_point	ENSG00000110075	PPP6R3	0.2734623386458782	0.2762314228506746					residual scatter point
gene_point	ENSG00000110871	COQ5	-0.050212903406810984	-0.0384692073525627					residual scatter point
gene_point	ENSG00000128463	EMC4	0.10453994356518131	0.2477731575156347					residual scatter point
gene_point	ENSG00000185164	NOMO2	-0.3727576988358763	0.024775151902638					residual scatter point
gene_point	ENSG00000103356	EARS2	0.11535399044236637	-0.1188545514384387					residual scatter point
gene_point	ENSG00000154305	MIA3	0.41728437832451165	-0.1953441198868226					residual scatter point
gene_point	ENSG00000107959	PITRM1	0.1267674098307517	0.0086115676207363					residual scatter point
gene_point	ENSG00000180822	PSMG4	-0.5096282449152274	-0.124785692199147					residual scatter point
gene_point	ENSG00000131725	WDR44	0.22988102494011312	0.3779581626321793					residual scatter point
gene_point	ENSG00000288701	PRRC2B	0.4042502355745119	-0.2367331847970941					residual scatter point
gene_point	ENSG00000137221	TJAP1	0.02717561583920103	0.5667149326681766					residual scatter point
gene_point	ENSG00000052749	RRP12	0.1160057695705834	-0.1987994141810283					residual scatter point
gene_point	ENSG00000168275	COA6	-0.19526829126976805	0.1449976886282193					residual scatter point
gene_point	ENSG00000143337	TOR1AIP1	-0.00469053037832165	-0.0720242372808925					residual scatter point
gene_point	ENSG00000124608	AARS2	-0.07678275160373194	-0.0094710506454163					residual scatter point
gene_point	ENSG00000160404	TOR2A	-0.5217684676372703	0.0403700324943141					residual scatter point
gene_point	ENSG00000126226	PCID2	-0.013096361356880193	-0.4534188142363877					residual scatter point
gene_point	ENSG00000205413	SAMD9	0.6791416684311268	-0.2739219049777865					residual scatter point
gene_point	ENSG00000128487	SPECC1	-0.20682120896937334	0.2790722891332677					residual scatter point
gene_point	ENSG00000179134	SAMD4B	-0.2122484166292206	-0.0132146039563156					residual scatter point
gene_point	ENSG00000067334	DNTTIP2	0.47562064763539014	-0.1589232520642873					residual scatter point
gene_point	ENSG00000203667	COX20	-0.30286762650062293	-0.1216558358769717					residual scatter point
gene_point	ENSG00000223496	EXOSC6	0.03536304769972243	-0.192536567421147					residual scatter point
gene_point	ENSG00000095319	NUP188	0.20184118555885291	0.0520816809351352					residual scatter point
gene_point	ENSG00000127483	HP1BP3	0.024867479347286753	-0.3242365614426177					residual scatter point
gene_point	ENSG00000162408	NOL9	0.13364412750200608	0.0402814115833081					residual scatter point
gene_point	ENSG00000188112	C6orf132	0.056927641491473335	0.0581804113210751					residual scatter point
gene_point	ENSG00000162779	AXDND1	-1.2792605175235818	0.1696785851626181					residual scatter point
gene_point	ENSG00000119321	FKBP15	-0.04776253925895746	-0.0672629349249263					residual scatter point
gene_point	ENSG00000123200	ZC3H13	0.07948013279211719	0.2463471878342247					residual scatter point
gene_point	ENSG00000150054	MPP7	-1.0437019346694183	-0.0328202527424927					residual scatter point
gene_point	ENSG00000121931	LRIF1	-0.3931922609048423	-0.0706375416384794					residual scatter point
gene_point	ENSG00000126107	HECTD3	-0.21548762656468795	-0.0227536712948239					residual scatter point
gene_point	ENSG00000127481	UBR4	0.1920782163059333	-0.1363902465660231					residual scatter point
gene_point	ENSG00000120549	KIAA1217	-0.30077251413057754	-0.524061246911586					residual scatter point
gene_point	ENSG00000107863	ARHGAP21	-0.008621030680246805	-0.716868312521779					residual scatter point
gene_point	ENSG00000130559	CAMSAP1	-0.4656159976323325	-0.1792631303347054					residual scatter point
gene_point	ENSG00000112651	MRPL2	0.009434879322550577	0.0512925969320789					residual scatter point
gene_point	ENSG00000137073	UBAP2	-0.05429435181709917	-0.1629686896808575					residual scatter point
gene_point	ENSG00000107897	ACBD5	0.11713399056708912	-0.2865169479429799					residual scatter point
gene_point	ENSG00000139746	RBM26	0.7508009505870366	0.0429893965062682					residual scatter point
gene_point	ENSG00000116729	WLS	0.042291675173123044	-0.2970626414323831					residual scatter point
gene_point	ENSG00000132716	DCAF8	-0.40995768492185214	-0.0894285773534289					residual scatter point
gene_point	ENSG00000136104	RNASEH2B	-0.20018432321190563	-0.490162090966864					residual scatter point
gene_point	ENSG00000135870	RC3H1	-0.24395917482991508	-0.2990183464300564					residual scatter point
gene_point	ENSG00000197312	DDI2	-0.13119474642766438	-0.0009483603943252					residual scatter point
gene_point	ENSG00000101247	NDUFAF5	-0.17681441281192325	0.3901113857374856					residual scatter point
gene_point	ENSG00000178425	NT5DC1	0.31244147861716975	-0.061787429950904					residual scatter point
gene_point	ENSG00000126705	AHDC1	-0.2552622934181892	-0.6243784296951933					residual scatter point
gene_point	ENSG00000058453	CROCC	0.01249960100049985	0.1504148863247536					residual scatter point
gene_point	ENSG00000186687	LYRM7	0.41112198984939285	0.1738562435714072					residual scatter point
gene_point	ENSG00000161671	EMC10	0.04037689101852926	-0.0707700077315713					residual scatter point
gene_point	ENSG00000080345	RIF1	0.5834928722106653	-0.4312606071951119					residual scatter point
gene_point	ENSG00000163125	RPRD2	-0.2621174998276061	-0.3245025775947425					residual scatter point
gene_point	ENSG00000264230	ANXA8L1	0.0600696168703998	-0.0518828661189942					residual scatter point
gene_point	ENSG00000134186	PRPF38B	0.5242918806114734	0.2960977219785903					residual scatter point
gene_point	ENSG00000155827	RNF20	-0.21589302247580905	0.066060299427022					residual scatter point
gene_point	ENSG00000178104	PDE4DIP	-0.021265604138205774	0.8915261537133592					residual scatter point
gene_point	ENSG00000171467	ZNF318	-0.8880235846534829	-0.2315274133105429					residual scatter point
gene_point	ENSG00000145996	CDKAL1	0.0572953964525736	-0.786227244655068					residual scatter point
gene_point	ENSG00000162819	BROX	0.12613959076842768	-0.1316666412923801					residual scatter point
gene_point	ENSG00000136848	DAB2IP	-1.3167868697909677	-0.4212085324637922					residual scatter point
gene_point	ENSG00000143353	LYPLAL1	0.016929800799443326	-0.1675848670895305					residual scatter point
gene_point	ENSG00000137145	DENND4C	0.24923741517628203	-0.1853643272275391					residual scatter point
gene_point	ENSG00000139793	MBNL2	0.5655085109957256	-0.3350590660039501					residual scatter point
gene_point	ENSG00000180776	ZDHHC20	0.09443944366082369	-0.8454235861284296					residual scatter point
gene_point	ENSG00000103855	CD276	-0.16897896282278357	-0.1839292333754727					residual scatter point
gene_point	ENSG00000173821	RNF213	0.18286907666586708	-0.2590365535275865					residual scatter point
gene_point	ENSG00000197256	KANK2	-0.19897871954309077	0.2250320386232935					residual scatter point
gene_point	ENSG00000176853	FAM91A1	-0.18285674841962474	-0.0126867963291346					residual scatter point
gene_point	ENSG00000130479	MAP1S	0.07317198942423103	-0.1674247425063377					residual scatter point
gene_point	ENSG00000182196	ARL6IP4	-1.0784117249776268	-0.3451307145542817					residual scatter point
gene_point	ENSG00000016864	GLT8D1	-0.27743005041084035	-0.2648511868558909					residual scatter point
gene_point	ENSG00000136205	TNS3	-0.07621472405336777	0.1825934728461646					residual scatter point
gene_point	ENSG00000179119	SPTY2D1	0.9388658547298421	-0.099320443353907					residual scatter point
gene_point	ENSG00000176055	MBLAC2	-0.07479732957812524	0.003355681514801					residual scatter point
gene_point	ENSG00000164187	LMBRD2	0.4821409825850193	-0.3470252760957866					residual scatter point
gene_point	ENSG00000080200	CRYBG3	0.5537928590598213	0.5198140988000031					residual scatter point
gene_point	ENSG00000184661	CDCA2	0.060900297320967745	-0.1765493971062994					residual scatter point
gene_point	ENSG00000095485	CWF19L1	0.12960066458023886	0.0644437872801724					residual scatter point
gene_point	ENSG00000184743	ATL3	0.3341015401757013	-0.1251298392152975					residual scatter point
gene_point	ENSG00000146223	RPL7L1	-0.5863005305658646	0.0183194124457912					residual scatter point
gene_point	ENSG00000005194	CIAPIN1	0.11310139692573801	0.1818188932576596					residual scatter point
gene_point	ENSG00000135632	SMYD5	-0.2887366290413559	-0.0468621562275952					residual scatter point
gene_point	ENSG00000264522	OTUD7B	0.0857141172597558	0.1638125056963648					residual scatter point
gene_point	ENSG00000163634	THOC7	-0.02582258768014048	0.1220152463199824					residual scatter point
gene_point	ENSG00000172890	NADSYN1	-0.03575274334111464	-0.169349873871667					residual scatter point
gene_point	ENSG00000134759	ELP2	0.43197199752157456	-0.0970768374955781					residual scatter point
gene_point	ENSG00000149357	LAMTOR1	-1.136680625075861	-0.2027785589171316					residual scatter point
gene_point	ENSG00000109016	DHRS7B	0.11654050715228495	-0.0014164233646702					residual scatter point
gene_point	ENSG00000247596	TWF2	0.044883977413840925	-0.0592174102460703					residual scatter point
gene_point	ENSG00000100796	PPP4R3A	-0.11364450563105627	0.1536205481531638					residual scatter point
gene_point	ENSG00000198146	ZNF770	-0.02694573661544719	-0.9048766308393468					residual scatter point
gene_point	ENSG00000101544	ADNP2	-0.5467885259165782	0.5098872393808698					residual scatter point
gene_point	ENSG00000143751	SDE2	0.607051775112015	-0.0364012276788319					residual scatter point
gene_point	ENSG00000111271	ACAD10	0.12981822913674224	0.05796567913635					residual scatter point
gene_point	ENSG00000167767	KRT80	-0.32054561883371235	0.3377923211246134					residual scatter point
gene_point	ENSG00000164190	NIPBL	0.554019884669728	-0.3779347127871091					residual scatter point
gene_point	ENSG00000174840	PDE12	-0.01972721692470647	-0.067299869961662					residual scatter point
gene_point	ENSG00000119777	TMEM214	-0.06270172577002614	-0.2112522007630879					residual scatter point
gene_point	ENSG00000198130	HIBCH	0.2403788705487782	0.1434437139989164					residual scatter point
gene_point	ENSG00000105676	ARMC6	-0.05918806777930521	-0.0005286124867964					residual scatter point
gene_point	ENSG00000129696	TTI2	0.08731524353536324	1.8799999710277575					residual scatter point
gene_point	ENSG00000173272	MZT2A	-0.683479478885914	-0.1129276942571806					residual scatter point
gene_point	ENSG00000033030	ZCCHC8	0.11332125907421486	-0.0867009915538297					residual scatter point
gene_point	ENSG00000163214	DHX57	0.06397386448971709	-0.6366163039268997					residual scatter point
gene_point	ENSG00000111684	LPCAT3	-0.24247030309173112	0.1622489552775281					residual scatter point
gene_point	ENSG00000134371	CDC73	0.163240384491288	0.0449065838632058					residual scatter point
gene_point	ENSG00000138439	FAM117B	-0.2355755593255951	0.90563440971348					residual scatter point
gene_point	ENSG00000180992	MRPL14	-0.2833461754970179	0.040356945367332					residual scatter point
gene_point	ENSG00000167114	SLC27A4	-0.450876044990902	-0.1126137902916752					residual scatter point
gene_point	ENSG00000073350	LLGL2	-0.9114506818096744	-0.8432957473389795					residual scatter point
gene_point	ENSG00000165055	METTL2B	0.39235360741495284	0.9056265518600846					residual scatter point
gene_point	ENSG00000213563	C8orf82	-0.44873284270251257	-0.0169913648465538					residual scatter point
gene_point	ENSG00000038358	EDC4	0.25076960249950836	0.2082287014915849					residual scatter point
gene_point	ENSG00000130695	CEP85	0.21072187256000408	0.0937922381688256					residual scatter point
gene_point	ENSG00000136021	SCYL2	0.02580657003572409	-0.2142868422716848					residual scatter point
gene_point	ENSG00000018699	TTC27	0.19245692905741682	-0.0798496876076697					residual scatter point
gene_point	ENSG00000183605	SFXN4	-0.5996882941385717	-0.2329583710011302					residual scatter point
gene_point	ENSG00000158158	CNNM4	-0.15356443356601868	-0.3161970520410939					residual scatter point
gene_point	ENSG00000170322	NFRKB	0.1025603941195821	-0.201658217308573					residual scatter point
gene_point	ENSG00000180185	FAHD1	-0.05212666149367584	0.0233906775496919					residual scatter point
gene_point	ENSG00000104892	KLC3	-0.14077039783030543	0.078891514738963					residual scatter point
gene_point	ENSG00000163584	RPL22L1	-0.03637965006622401	0.246633434615946					residual scatter point
gene_point	ENSG00000091542	ALKBH5	-0.5589962770832168	-0.1105055598336868					residual scatter point
gene_point	ENSG00000185085	INTS5	-0.3951099016887947	-0.0113767357972829					residual scatter point
gene_point	ENSG00000165434	PGM2L1	0.825627074396567	0.5192608381435697					residual scatter point
gene_point	ENSG00000198730	CTR9	0.2000214077837688	0.0115568354125663					residual scatter point
gene_point	ENSG00000117593	DARS2	0.19645285094518689	-0.033402416384753					residual scatter point
gene_point	ENSG00000144959	NCEH1	0.15007378850963937	0.1637223506870988					residual scatter point
gene_point	ENSG00000141569	TRIM65	-0.10928018559871233	-0.4226824791029013					residual scatter point
gene_point	ENSG00000106009	BRAT1	0.004442456900822345	-0.0258960887857142					residual scatter point
gene_point	ENSG00000103091	WDR59	-0.5584376222911974	-0.5527101654400628					residual scatter point
gene_point	ENSG00000100722	ZC3H14	-0.22657487520999606	0.0320504050433214					residual scatter point
gene_point	ENSG00000155506	LARP1	-0.3255951730352168	-0.2596294360816458					residual scatter point
gene_point	ENSG00000156802	ATAD2	0.5240074191432041	-0.510675914529962					residual scatter point
gene_point	ENSG00000014824	SLC30A9	-0.0020874784042116123	-0.0860673350856409					residual scatter point
gene_point	ENSG00000189114	BLOC1S3	-0.5657507768283607	0.0419320915002998					residual scatter point
gene_point	ENSG00000164327	RICTOR	0.6921057287675663	-0.0228378817284067					residual scatter point
gene_point	ENSG00000133316	WDR74	0.012583754388009225	-0.1374055574415216					residual scatter point
gene_point	ENSG00000177674	AGTRAP	-0.17394805082399784	-0.3916645354427963					residual scatter point
gene_point	ENSG00000120254	MTHFD1L	-0.23774950541971063	0.1969430761900241					residual scatter point
gene_point	ENSG00000167522	ANKRD11	-0.3152997535148555	-0.88514614897956					residual scatter point
gene_point	ENSG00000119844	AFTPH	-0.2562751365623796	0.0006939504119287					residual scatter point
gene_point	ENSG00000145216	FIP1L1	0.2041879197308905	-0.2967895801025051					residual scatter point
gene_point	ENSG00000105518	TMEM205	-0.07623303627619293	-0.1673843056425603					residual scatter point
gene_point	ENSG00000148356	LRSAM1	0.2447877763426684	-0.1017433599050861					residual scatter point
gene_point	ENSG00000172954	LCLAT1	0.1591550169651248	-0.1924869573542196					residual scatter point
gene_point	ENSG00000153015	CWC27	0.003875877485499127	-0.0609604149874734					residual scatter point
gene_point	ENSG00000120594	PLXDC2	0.1822109180477815	0.3607304027219644					residual scatter point
gene_point	ENSG00000184164	CRELD2	-0.3414329789950157	6.05440175600311					residual scatter point
gene_point	ENSG00000164091	WDR82	0.24733709932761072	0.1313364031804234					residual scatter point
gene_point	ENSG00000155008	APOOL	0.3583410674483013	0.0672909221880075					residual scatter point
gene_point	ENSG00000171681	ATF7IP	0.37454942929228324	-0.1883504272192677					residual scatter point
gene_point	ENSG00000141084	RANBP10	-0.0486000416476568	-0.3961709782776133					residual scatter point
gene_point	ENSG00000186104	CYP2R1	-0.1944520657167389	-0.1310773109328771					residual scatter point
gene_point	ENSG00000175115	PACS1	-1.1944705562172917	-0.5028585828321148					residual scatter point
gene_point	ENSG00000133030	MPRIP	-1.1474532886398479	0.1352535503523491					residual scatter point
gene_point	ENSG00000156675	RAB11FIP1	0.32333955203240883	0.9449738233347488					residual scatter point
gene_point	ENSG00000203995	ZYG11A	0.1917637310326652	0.3554937428224676					residual scatter point
gene_point	ENSG00000107554	DNMBP	0.1417950830154398	0.5494990700496345					residual scatter point
gene_point	ENSG00000187676	B3GLCT	-0.5441058924356836	0.0511918796554056					residual scatter point
gene_point	ENSG00000204120	GIGYF2	-0.6962645311144344	-0.0528773612510313					residual scatter point
gene_point	ENSG00000156535	CD109	0.3095061153705878	-0.1760546783220533					residual scatter point
gene_point	ENSG00000119471	HSDL2	0.34284236979009325	0.0020134341494859					residual scatter point
gene_point	ENSG00000172292	CERS6	0.06676234277650617	-0.2347514364637852					residual scatter point
gene_point	ENSG00000139154	AEBP2	-0.06653576047004128	0.0953158228185486					residual scatter point
gene_point	ENSG00000170448	NFXL1	-0.4758333707626733	-0.159569555827387					residual scatter point
gene_point	ENSG00000165661	QSOX2	0.25887329130177295	-0.0174415731363666					residual scatter point
gene_point	ENSG00000080603	SRCAP	0.10975092886854426	-0.1431593920163685					residual scatter point
gene_point	ENSG00000197982	C1orf122	-0.2880298088710858	-0.2094039223993693					residual scatter point
gene_point	ENSG00000151690	MFSD6	-0.4320388177792084	-0.6745639467383917					residual scatter point
gene_point	ENSG00000104880	ARHGEF18	-0.27541504907683395	-0.1814423536222289					residual scatter point
gene_point	ENSG00000145685	LHFPL2	-0.33514198528548894	0.1616326949795983					residual scatter point
gene_point	ENSG00000175662	TOM1L2	-0.5734207321607736	-0.0195398701351372					residual scatter point
gene_point	ENSG00000157212	PAXIP1	-0.4845204706583082	-0.1345790492322969					residual scatter point
gene_point	ENSG00000143797	MBOAT2	-0.7200295875246112	0.7539805155602206					residual scatter point
gene_point	ENSG00000139324	TMTC3	0.16578079434585685	-0.2873452686010473					residual scatter point
gene_point	ENSG00000129003	VPS13C	0.7583094401933825	-0.4290505197224874					residual scatter point
gene_point	ENSG00000173166	RAPH1	0.14811822926424728	-0.7731640369953983					residual scatter point
gene_point	ENSG00000166130	IKBIP	0.22584483985275206	0.2110750801837753					residual scatter point
gene_point	ENSG00000151725	CENPU	0.07588889918451669	0.833858779500753					residual scatter point
gene_point	ENSG00000161813	LARP4	0.44269899336266727	0.0182257835527543					residual scatter point
gene_point	ENSG00000104973	MED25	-0.06524650129924177	0.1216370206764096					residual scatter point
gene_point	ENSG00000185088	RPS27L	-0.07700634792143912	-0.1578447912802438					residual scatter point
gene_point	ENSG00000109111	SUPT6H	0.11714834004234968	-0.0447046673124109					residual scatter point
gene_point	ENSG00000197157	SND1	0.18184848016949962	-0.0592981562937247					residual scatter point
gene_point	ENSG00000072518	MARK2	-0.2697286105700595	-0.0748934626680615					residual scatter point
gene_point	ENSG00000014919	COX15	0.22035622674977506	-0.1753470188267432					residual scatter point
gene_point	ENSG00000145833	DDX46	0.3970072786267191	0.1687059633542844					residual scatter point
gene_point	ENSG00000174173	TRMT10C	0.05949868073057285	-0.0867910598278385					residual scatter point
gene_point	ENSG00000082153	BZW1	0.15076611652142802	0.2287911557610193					residual scatter point
gene_point	ENSG00000132153	DHX30	0.018098698977471683	-0.0738660077529065					residual scatter point
gene_point	ENSG00000149100	EIF3M	-0.20301133313993003	-0.0019282243296103					residual scatter point
gene_point	ENSG00000162396	PARS2	-1.4566004375788015	-0.6496178887004547					residual scatter point
gene_point	ENSG00000111011	RSRC2	0.27143982695279495	-0.0193912732542642					residual scatter point
gene_point	ENSG00000003509	NDUFAF7	-0.17476619420365086	0.2220172277639491					residual scatter point
gene_point	ENSG00000239857	GET4	-0.013515464242568997	-0.0117992167282388					residual scatter point
gene_point	ENSG00000168090	COPS6	0.0719682580275407	0.0844435798488483					residual scatter point
gene_point	ENSG00000087253	LPCAT2	0.14841856097290823	-0.1605632234824163					residual scatter point
gene_point	ENSG00000090316	MAEA	0.08507523289677726	0.0285447872459858					residual scatter point
gene_point	ENSG00000089876	DHX32	-0.150922327147325	-0.6308772451052231					residual scatter point
gene_point	ENSG00000160551	TAOK1	0.5555295312970359	0.1477188521071326					residual scatter point
gene_point	ENSG00000215251	FASTKD5	-0.06207811003581698	0.1203680610936892					residual scatter point
gene_point	ENSG00000120733	KDM3B	-0.07897633477709891	-0.0260147262767276					residual scatter point
gene_point	ENSG00000153936	HS2ST1	0.18013169855827604	-0.2121336535225353					residual scatter point
gene_point	ENSG00000243156	MICAL3	-0.31213461720322366	-0.4448527976107499					residual scatter point
gene_point	ENSG00000100410	PHF5A	-0.058159988444876284	0.2738836123887225					residual scatter point
gene_point	ENSG00000099219	ERMP1	0.1169693952226328	-0.4083082466390202					residual scatter point
gene_point	ENSG00000169258	GPRIN1	-0.6959515057203765	-0.6762873610194777					residual scatter point
gene_point	ENSG00000121486	TRMT1L	0.07249468922604085	0.3795904640814722					residual scatter point
gene_point	ENSG00000105939	ZC3HAV1	0.3465488081396523	0.0581558698070097					residual scatter point
gene_point	ENSG00000197345	MRPL21	-0.16443988912384147	-0.02186286405718					residual scatter point
gene_point	ENSG00000138750	NUP54	0.02225356907711199	0.0757178376956879					residual scatter point
gene_point	ENSG00000198925	ATG9A	0.04096215474714543	-0.0980955228203654					residual scatter point
gene_point	ENSG00000143442	POGZ	0.07233453649349278	-0.1205029945279534					residual scatter point
gene_point	ENSG00000108256	NUFIP2	1.2331986190890054	-0.1168338052281612					residual scatter point
gene_point	ENSG00000088888	MAVS	-0.5280737169448106	-0.3475015738029032					residual scatter point
gene_point	ENSG00000074054	CLASP1	0.09479815731550217	-0.0897815423248857					residual scatter point
gene_point	ENSG00000067248	DHX29	0.43884520550587813	-0.3554438258217711					residual scatter point
gene_point	ENSG00000197324	LRP10	-0.04020384300721225	-0.185287843172718					residual scatter point
gene_point	ENSG00000066651	TRMT11	0.10199169609745648	0.0303735473246433					residual scatter point
gene_point	ENSG00000155393	HEATR3	-0.485673756232972	-0.1588054920133892					residual scatter point
gene_point	ENSG00000139116	KIF21A	0.27369572993173386	-0.1072698577228159					residual scatter point
gene_point	ENSG00000169738	DCXR	0.03111062092378969	0.0893089318460056					residual scatter point
gene_point	ENSG00000147533	GOLGA7	-0.3184398071566645	-0.449382607132188					residual scatter point
gene_point	ENSG00000108557	RAI1	-0.22249104534991004	-0.6496091141362346					residual scatter point
gene_point	ENSG00000062650	WAPL	0.39421106374301673	0.0927493082335999					residual scatter point
gene_point	ENSG00000168264	IRF2BP2	0.17412158131880884	-0.5096690192702624					residual scatter point
gene_point	ENSG00000122257	RBBP6	0.6960827525755384	-0.0736552329189326					residual scatter point
gene_point	ENSG00000136933	RABEPK	-0.4312216772128147	-0.3528030973503639					residual scatter point
gene_point	ENSG00000122085	MTERF4	-0.2161053195660756	0.0527624914022517					residual scatter point
gene_point	ENSG00000086758	HUWE1	-0.11434180229653045	-0.0751251339676528					residual scatter point
gene_point	ENSG00000185728	YTHDF3	0.6360589149313647	-0.1412791204851871					residual scatter point
gene_point	ENSG00000142544	CTU1	-0.11247761322744498	-0.0587994816517802					residual scatter point
gene_point	ENSG00000162910	MRPL55	-0.10130083230352388	-0.0157762278184385					residual scatter point
gene_point	ENSG00000158604	TMED4	0.06416437012392019	-0.1015127517124199					residual scatter point
gene_point	ENSG00000159111	MRPL10	-0.432973643377442	-0.3703640989336101					residual scatter point
gene_point	ENSG00000166582	CENPV	-0.37523596912869733	-0.1841983909304154					residual scatter point
gene_point	ENSG00000160445	ZER1	-0.8528342633342287	0.2306891026131943					residual scatter point
gene_point	ENSG00000185475	TMEM179B	-0.14250037725382803	-0.2825406591062744					residual scatter point
gene_point	ENSG00000109586	GALNT7	0.21977437208177036	0.0613271767022673					residual scatter point
gene_point	ENSG00000144824	PHLDB2	-0.24387289032249576	-0.0729869995542031					residual scatter point
gene_point	ENSG00000112414	ADGRG6	0.28158907680658274	0.0177691914430013					residual scatter point
gene_point	ENSG00000182512	GLRX5	-0.24328092258468356	0.4824539625517161					residual scatter point
gene_point	ENSG00000166889	PATL1	0.26923434711035854	-0.5266847846490474					residual scatter point
gene_point	ENSG00000142002	DPP9	-0.2992969159918941	-0.1158419148843172					residual scatter point
gene_point	ENSG00000162298	SYVN1	0.0763046911434497	0.3224285883142936					residual scatter point
gene_point	ENSG00000172590	MRPL52	-0.002205119207362105	0.18660334676429					residual scatter point
gene_point	ENSG00000183576	SETD3	-0.6372347299867891	0.1045182543648977					residual scatter point
gene_point	ENSG00000184227	ACOT1	0.10135962394643017	0.0564371723009529					residual scatter point
gene_point	ENSG00000165898	ISCA2	-0.0725182921047407	0.1740235521291104					residual scatter point
gene_point	ENSG00000100836	PABPN1	-0.31522084135465367	0.1397349409380197					residual scatter point
gene_point	ENSG00000165819	METTL3	-0.246544413256707	0.1438173942092504					residual scatter point
gene_point	ENSG00000163939	PBRM1	0.14594854149915854	-0.2958651957730573					residual scatter point
gene_point	ENSG00000147649	MTDH	-0.12369090706933036	-0.2876634822092576					residual scatter point
gene_point	ENSG00000126777	KTN1	-0.21886116411985343	-0.3147895454336264					residual scatter point
gene_point	ENSG00000070366	SMG6	-0.20791913384695032	-0.4604656440862715					residual scatter point
gene_point	ENSG00000019144	PHLDB1	-0.5843369221201394	-0.2918425857844298					residual scatter point
gene_point	ENSG00000090686	USP48	0.07458765864077901	-0.0819544284136952					residual scatter point
gene_point	ENSG00000081760	AACS	0.21868722927071083	-0.3212799377698339					residual scatter point
gene_point	ENSG00000169641	LUZP1	0.1980920160043001	0.0819134345265482					residual scatter point
gene_point	ENSG00000183684	ALYREF	0.20093224020361256	-0.118763729369185					residual scatter point
gene_point	ENSG00000158545	ZC3H18	0.02133013164895259	0.0792906506799226					residual scatter point
gene_point	ENSG00000111530	CAND1	0.20298267023908903	0.0066437248062598					residual scatter point
gene_point	ENSG00000168172	HOOK3	0.4044373922082147	-6.064654454186756					residual scatter point
gene_point	ENSG00000131652	THOC6	-0.2685187787518347	0.1416580510593981					residual scatter point
gene_point	ENSG00000127804	METTL16	-0.07508693099131447	-0.2237532219965494					residual scatter point
gene_point	ENSG00000110841	PPFIBP1	-0.07515996545452786	-0.4361684845292863					residual scatter point
gene_point	ENSG00000137274	BPHL	0.0817348788713419	-0.0655287160763578					residual scatter point
gene_point	ENSG00000091732	ZC3HC1	0.07929273125933367	0.040488722105163					residual scatter point
gene_point	ENSG00000131778	CHD1L	-0.2778992964022673	-0.4055114688991317					residual scatter point
gene_point	ENSG00000184162	NR2C2AP	-0.25339904123397994	0.1763782900625585					residual scatter point
gene_point	ENSG00000147419	CCDC25	-0.23879061632436532	-0.898376685010799					residual scatter point
gene_point	ENSG00000187051	RPS19BP1	-0.75207445522312	0.0256280805422903					residual scatter point
gene_point	ENSG00000170471	RALGAPB	-0.028271509464364825	-0.1680022893749111					residual scatter point
gene_point	ENSG00000105699	LSR	-0.06205587554658723	-0.25705003747224					residual scatter point
gene_point	ENSG00000142453	CARM1	-0.44640367068404607	-0.0255383991643611					residual scatter point
gene_point	ENSG00000158793	NIT1	-0.08273035136948859	0.1404447900017018					residual scatter point
gene_point	ENSG00000146918	NCAPG2	0.23289346018266607	-1.4174961857062929					residual scatter point
gene_point	ENSG00000138081	FBXO11	0.3375933359545892	-0.4059875035677436					residual scatter point
gene_point	ENSG00000198231	DDX42	-0.31957367557134336	-0.1593919091438813					residual scatter point
gene_point	ENSG00000123352	SPATS2	-0.1920755091240055	0.4246599241881306					residual scatter point
gene_point	ENSG00000151893	CACUL1	-0.17685377782960868	-0.1564367784142053					residual scatter point
gene_point	ENSG00000164818	DNAAF5	0.11685343261094466	-0.1273138844586974					residual scatter point
gene_point	ENSG00000187024	PTRH1	0.02776759782139286	0.1246126968276826					residual scatter point
gene_point	ENSG00000117758	STX12	-0.2109226089746472	-0.1392844959574084					residual scatter point
gene_point	ENSG00000198720	ANKRD13B	-1.3488070215502044	1.2607410335053988					residual scatter point
gene_point	ENSG00000167130	DOLPP1	0.1720162634118101	-0.508153744483721					residual scatter point
gene_point	ENSG00000167491	GATAD2A	-0.44759518940229776	-0.1730972590200465					residual scatter point
gene_point	ENSG00000170604	IRF2BP1	0.05033105427410045	-0.1274964459014569					residual scatter point
gene_point	ENSG00000082805	ERC1	0.17895439219143222	-0.0515920110349767					residual scatter point
gene_point	ENSG00000177054	ZDHHC13	-0.27657903062581657	-0.7168942671829512					residual scatter point
gene_point	ENSG00000114098	ARMC8	-0.050331993222270666	-0.0270777693515391					residual scatter point
gene_point	ENSG00000128394	APOBEC3F	0.21142388405539453	-0.0086642259718772					residual scatter point
gene_point	ENSG00000105223	PLD3	0.0620646775499043	-0.291758928560025					residual scatter point
gene_point	ENSG00000179630	LACC1	0.37300859902965866	-0.0409354368476471					residual scatter point
gene_point	ENSG00000185567	AHNAK2	-0.012802744733659083	-0.1110660737165645					residual scatter point
gene_point	ENSG00000090530	P3H2	0.2585494754500457	-0.7431536798237648					residual scatter point
gene_point	ENSG00000152492	CCDC50	-0.010962497902728241	-0.217118330427958					residual scatter point
gene_point	ENSG00000100294	MCAT	-0.03746960000925059	-0.0576718552799171					residual scatter point
gene_point	ENSG00000099812	MISP	0.3865956782376049	0.4087387285358588					residual scatter point
gene_point	ENSG00000182504	CEP97	0.4323199025484662	0.0014713420221674					residual scatter point
gene_point	ENSG00000115368	WDR75	0.20169828010555824	-0.1022214560417609					residual scatter point
gene_point	ENSG00000171109	MFN1	-0.03256257074322455	-0.07933321055107					residual scatter point
gene_point	ENSG00000129353	SLC44A2	-0.20749030883108743	0.0076885293775568					residual scatter point
gene_point	ENSG00000148841	ITPRIP	0.19840884048238094	0.1366801366263814					residual scatter point
gene_point	ENSG00000085449	WDFY1	0.2080253964742947	-0.4706748484315923					residual scatter point
gene_point	ENSG00000197712	FAM114A1	-0.16607960686866266	0.0635199033523754					residual scatter point
gene_point	ENSG00000135968	GCC2	0.5306578638099405	0.4045127413793707					residual scatter point
gene_point	ENSG00000156531	PHF6	0.21473429976609357	-0.1071477641330531					residual scatter point
gene_point	ENSG00000136802	LRRC8A	-0.7208794728043015	-0.0660437063008245					residual scatter point
gene_point	ENSG00000137573	SULF1	0.32733273463940127	12.28929846432121					residual scatter point
gene_point	ENSG00000159459	UBR1	0.39146504795461823	0.0376428023598567					residual scatter point
gene_point	ENSG00000024048	UBR2	-0.12699668251601237	0.0675785715994656					residual scatter point
gene_point	ENSG00000085872	CHERP	0.11868838977556406	0.2164659234056465					residual scatter point
gene_point	ENSG00000131503	ANKHD1	0.3885201881454341	-0.0234199121246483					residual scatter point
gene_point	ENSG00000105705	SUGP1	0.14886254857311793	-0.3214713642092093					residual scatter point
gene_point	ENSG00000064607	SUGP2	-0.140999275939164	-0.1554318582899174					residual scatter point
gene_point	ENSG00000060339	CCAR1	0.4088698480974686	0.0178219609067973					residual scatter point
gene_point	ENSG00000077232	DNAJC10	-0.13613779742189003	-0.0144718044181111					residual scatter point
gene_point	ENSG00000101158	NELFCD	-0.06226058451441818	0.0121171467963741					residual scatter point
gene_point	ENSG00000140983	RHOT2	-0.25670101667479694	-0.1611674066433082					residual scatter point
gene_point	ENSG00000126858	RHOT1	-0.77852831465457	-0.2993247882186232					residual scatter point
gene_point	ENSG00000182154	MRPL41	-0.318224129756844	0.1077937637663168					residual scatter point
gene_point	ENSG00000133114	GPALPP1	0.09287925349831472	0.5678759495728194					residual scatter point
gene_point	ENSG00000138496	PARP9	0.1227131663534688	-0.0009997513320456					residual scatter point
gene_point	ENSG00000183808	RBM12B	-0.7766091009173977	0.2442699475946135					residual scatter point
gene_point	ENSG00000032444	PNPLA6	-0.45036435895145843	0.4038312298351059					residual scatter point
gene_point	ENSG00000198887	SMC5	0.7168691207156288	-0.0078947233827513					residual scatter point
gene_point	ENSG00000137628	DDX60	0.4377071097633196	-0.5737951269282835					residual scatter point
gene_point	ENSG00000150990	DHX37	-0.02690735914657852	-0.2400101116528858					residual scatter point
gene_point	ENSG00000166025	AMOTL1	0.07528888368316217	0.1015548807927047					residual scatter point
gene_point	ENSG00000161847	RAVER1	0.2431154671145459	-0.0865418153917225					residual scatter point
gene_point	ENSG00000108592	FTSJ3	0.1323114869962783	0.0170605539902517					residual scatter point
gene_point	ENSG00000169607	CKAP2L	0.2743498275352521	-0.4074295170585493					residual scatter point
gene_point	ENSG00000133226	SRRM1	0.1855613114377733	-0.2166592902254045					residual scatter point
gene_point	ENSG00000144535	DIS3L2	0.1700723225664959	0.1030606000628822					residual scatter point
gene_point	ENSG00000156502	SUPV3L1	-0.15579222080927088	-0.1997475084593816					residual scatter point
gene_point	ENSG00000189369	GSPT2	1.9558534345006229	0.1111472263133386					residual scatter point
gene_point	ENSG00000116903	EXOC8	-0.15822821615396254	-0.0698771220285152					residual scatter point
gene_point	ENSG00000132274	TRIM22	0.12032109843240149	0.0049911476040236					residual scatter point
gene_point	ENSG00000116685	KIAA2013	-0.5613124611877214	-0.7563532504924648					residual scatter point
gene_point	ENSG00000165487	MICU2	0.27378758386749774	-0.0590833132417749					residual scatter point
gene_point	ENSG00000163961	RNF168	-0.2557348690310724	-0.1816234970506265					residual scatter point
gene_point	ENSG00000099899	TRMT2A	-0.29846643075352375	-0.3596730530515266					residual scatter point
gene_point	ENSG00000166133	RPUSD2	0.22990166653900268	-0.0412689850706868					residual scatter point
gene_point	ENSG00000161618	ALDH16A1	0.18466120730933655	-0.0382010989168541					residual scatter point
gene_point	ENSG00000141456	PELP1	0.056030827113693796	0.0853914997622133					residual scatter point
gene_point	ENSG00000136754	ABI1	0.3131150602157742	-0.0479428122104756					residual scatter point
gene_point	ENSG00000121039	RDH10	0.440465781335426	-0.5501423216780452					residual scatter point
gene_point	ENSG00000131746	TNS4	0.1291402965702137	-0.2350059327662208					residual scatter point
gene_point	ENSG00000166997	CNPY4	0.3980940593265673	-0.0071839486500682					residual scatter point
gene_point	ENSG00000172057	ORMDL3	-0.15666611577749162	-0.2954644851485781					residual scatter point
gene_point	ENSG00000158941	CCAR2	0.1339700106512014	0.0942668826516524					residual scatter point
gene_point	ENSG00000164182	NDUFAF2	0.014108944921285838	0.0583988815495111					residual scatter point
gene_point	ENSG00000102900	NUP93	0.19217315059916945	0.0145800799899085					residual scatter point
gene_point	ENSG00000143373	ZNF687	-0.13219410099140694	-0.1136194066154221					residual scatter point
gene_point	ENSG00000137200	CMTR1	0.0979147692337386	-0.029886023060218					residual scatter point
gene_point	ENSG00000130764	LRRC47	-0.0024001126417401153	0.0189300222903767					residual scatter point
gene_point	ENSG00000164880	INTS1	-0.16613260693860007	-0.192909614481227					residual scatter point
gene_point	ENSG00000100997	ABHD12	-0.7079109572575683	-0.4558364289602963					residual scatter point
gene_point	ENSG00000104859	CLASRP	-0.38614770899209294	0.0998264418997738					residual scatter point
gene_point	ENSG00000152642	GPD1L	0.36968574585007036	0.0379952519308481					residual scatter point
gene_point	ENSG00000112249	ASCC3	0.6530986864360221	-0.1098247877007594					residual scatter point
gene_point	ENSG00000173442	EHBP1L1	-0.25949319864585724	-0.1541582504390852					residual scatter point
gene_point	ENSG00000161714	PLCD3	-0.6915135917570083	-0.2311348199508955					residual scatter point
gene_point	ENSG00000100139	MICALL1	-1.4146510208494216	-0.0083311342951688					residual scatter point
gene_point	ENSG00000101972	STAG2	0.8055971510015978	-0.1373081455927121					residual scatter point
gene_point	ENSG00000141503	MINK1	-0.9461108914932695	-0.1209076463150324					residual scatter point
gene_point	ENSG00000175768	TOMM5	-0.3461015385063996	-0.0194141489358798					residual scatter point
gene_point	ENSG00000184508	HDDC3	-0.3151170361377118	-0.2832114753459827					residual scatter point
gene_point	ENSG00000163528	CHCHD4	-0.7204456022849942	0.1962011824601113					residual scatter point
gene_point	ENSG00000145439	CBR4	0.3742893481221864	-0.2010049767419612					residual scatter point
gene_point	ENSG00000169446	MMGT1	0.20713213113787088	-0.0131117474077626					residual scatter point
gene_point	ENSG00000169129	AFAP1L2	0.19563580161202393	0.0328848955378049					residual scatter point
gene_point	ENSG00000087263	OGFOD1	0.04094706822324798	-0.0798414827964979					residual scatter point
gene_point	ENSG00000068784	SRBD1	0.21110087766056068	-0.3067351608057436					residual scatter point
gene_point	ENSG00000142784	WDTC1	-0.9187974810666534	0.080156802471194					residual scatter point
gene_point	ENSG00000101882	NKAP	-0.06858753159448755	0.2327531841631511					residual scatter point
gene_point	ENSG00000197070	ARRDC1	-0.48739071215415686	0.141990568617583					residual scatter point
gene_point	ENSG00000145354	CISD2	-0.07020332826085099	-0.2277654007545102					residual scatter point
gene_point	ENSG00000164967	RPP25L	-0.40239150822404735	0.2421534710518535					residual scatter point
gene_point	ENSG00000162222	TTC9C	0.05517808493283999	0.5657378257903503					residual scatter point
gene_point	ENSG00000136897	MRPL50	-0.244856063416249	0.0926619861961519					residual scatter point
gene_point	ENSG00000149532	CPSF7	-0.2888704880156406	0.0013065970245911					residual scatter point
gene_point	ENSG00000149182	ARFGAP2	0.060851775137324725	-0.1918285898815668					residual scatter point
gene_point	ENSG00000163463	KRTCAP2	-0.11212166209673843	-0.1044168056816889					residual scatter point
gene_point	ENSG00000162642	C1orf52	0.299484802230381	-0.213623102811276					residual scatter point
gene_point	ENSG00000010165	METTL13	-0.04548827432019509	0.0484098655055333					residual scatter point
gene_point	ENSG00000101199	ARFGAP1	-0.22780256748954147	-0.100286706390829					residual scatter point
gene_point	ENSG00000127463	EMC1	0.29708192747842155	-0.0263946185802268					residual scatter point
gene_point	ENSG00000006712	PAF1	0.3488235604690562	0.1555148297371289					residual scatter point
gene_point	ENSG00000154380	ENAH	0.05564420824319105	-0.1143645285798165					residual scatter point
gene_point	ENSG00000152133	GPATCH11	0.5059287858650293	0.1575884638002254					residual scatter point
gene_point	ENSG00000055950	MRPL43	0.04273107007494781	0.0332438770835956					residual scatter point
gene_point	ENSG00000138303	ASCC1	0.15281022365635297	0.1230531712606559					residual scatter point
gene_point	ENSG00000172530	BANP	-0.8339106558523726	0.3257869183859654					residual scatter point
gene_point	ENSG00000175376	EIF1AD	0.5873326725771065	-0.6499737040445677					residual scatter point
gene_point	ENSG00000129347	KRI1	-0.02685385317697042	-0.1959127003283054					residual scatter point
gene_point	ENSG00000134748	PRPF38A	-0.04139432851871226	0.0001606596513994					residual scatter point
gene_point	ENSG00000196865	NHLRC2	0.31884452013570513	-0.017917609090805					residual scatter point
gene_point	ENSG00000134802	SLC43A3	0.1600987513482292	-0.0840382756851916					residual scatter point
gene_point	ENSG00000130309	COLGALT1	-0.3132053945203488	-0.086160356875812					residual scatter point
gene_point	ENSG00000129103	SUMF2	0.2332532190569312	-0.2094390412883235					residual scatter point
gene_point	ENSG00000144455	SUMF1	-0.08945363352638266	-0.2278257530424596					residual scatter point
gene_point	ENSG00000163389	POGLUT1	0.26577374110561686	0.1083362907508096					residual scatter point
gene_point	ENSG00000134882	UBAC2	-0.3725068506817863	-0.0536210439995485					residual scatter point
gene_point	ENSG00000239264	TXNDC5	-0.28428615952277364	0.193058642969035					residual scatter point
gene_point	ENSG00000161888	SPC24	-0.06459184362581769	0.7867145002265019					residual scatter point
gene_point	ENSG00000138138	ATAD1	0.1951509858972145	-0.2615172217773107					residual scatter point
gene_point	ENSG00000143653	SCCPDH	0.014897074841753566	-0.1523461363044589					residual scatter point
gene_point	ENSG00000142864	SERBP1	0.06426549335382227	-0.2069519386704001					residual scatter point
gene_point	ENSG00000161904	LEMD2	-0.06439121104598639	-0.0847011308941176					residual scatter point
gene_point	ENSG00000084092	NOA1	-0.32021476193702697	0.3273441918545359					residual scatter point
gene_point	ENSG00000176953	NFATC2IP	0.1896293197926775	0.0723615216682631					residual scatter point
gene_point	ENSG00000139629	GALNT6	-0.13348667856890878	-0.6050090941272757					residual scatter point
gene_point	ENSG00000090857	PDPR	0.10776583313413032	0.0351638562883529					residual scatter point
gene_point	ENSG00000167447	SMG8	0.004186733215095995	-0.5175820390893779					residual scatter point
gene_point	ENSG00000108100	CCNY	-1.195590434517424	-0.0236007181572102					residual scatter point
gene_point	ENSG00000168175	MAPK1IP1L	0.4503160993000052	0.4286311811581349					residual scatter point
gene_point	ENSG00000215440	NPEPL1	-0.5903727336543025	-0.0348807734770559					residual scatter point
gene_point	ENSG00000115504	EHBP1	-0.1635647644183344	-0.0940903804288861					residual scatter point
gene_point	ENSG00000168763	CNNM3	0.2897245834559077	-0.4684691506827523					residual scatter point
gene_point	ENSG00000156026	MCU	0.16134779754860987	-0.0914570689071716					residual scatter point
gene_point	ENSG00000078142	PIK3C3	0.39884252655730773	0.1237750707041875					residual scatter point
gene_point	ENSG00000129460	NGDN	0.1576135256259149	-0.3485281406270388					residual scatter point
gene_point	ENSG00000162695	SLC30A7	0.19701072948053996	0.01979055055806					residual scatter point
gene_point	ENSG00000134369	NAV1	-0.2274095270751249	-0.6212369777521012					residual scatter point
gene_point	ENSG00000134283	PPHLN1	-0.10823766717149039	0.5331892028489733					residual scatter point
gene_point	ENSG00000155975	VPS37A	-0.02582368064633145	0.4028464758438446					residual scatter point
gene_point	ENSG00000167196	FBXO22	-0.07201147691942192	-0.0130118258075739					residual scatter point
gene_point	ENSG00000122515	ZMIZ2	-1.186828672056862	-0.3010775441354028					residual scatter point
gene_point	ENSG00000038219	BOD1L1	0.77231093531107	-0.6428771901156018					residual scatter point
gene_point	ENSG00000160688	FLAD1	-0.5989325420845256	0.2075294116439145					residual scatter point
gene_point	ENSG00000120253	NUP43	0.30732268435914467	0.2086363887283369					residual scatter point
gene_point	ENSG00000075188	NUP37	0.16018169085388867	0.2207167156180709					residual scatter point
gene_point	ENSG00000163002	NUP35	0.191277515106397	0.2576565933204477					residual scatter point
gene_point	ENSG00000013588	GPRC5A	0.5272613889412922	-0.5158277379787428					residual scatter point
gene_point	ENSG00000169905	TOR1AIP2	0.07375421153218295	-0.0659175254409483					residual scatter point
gene_point	ENSG00000215845	TSTD1	-0.5638118569743149	0.0213144523419686					residual scatter point
gene_point	ENSG00000151151	IPMK	0.24739487256817227	0.136814806813696					residual scatter point
gene_point	ENSG00000106077	ABHD11	0.24013384062250123	0.1044765016119093					residual scatter point
gene_point	ENSG00000111726	CMAS	-0.15040781170083647	-0.0401246009345435					residual scatter point
gene_point	ENSG00000108219	TSPAN14	-0.10830692928653886	-0.2196693708465478					residual scatter point
gene_point	ENSG00000119787	ATL2	0.20925991113020453	-0.3085570722187256					residual scatter point
gene_point	ENSG00000139350	NEDD1	0.10270474511456879	0.0584172352519658					residual scatter point
gene_point	ENSG00000125676	THOC2	0.3665522386668993	-0.1972990647886803					residual scatter point
gene_point	ENSG00000134987	WDR36	0.35413339552776857	-0.1026756706310045					residual scatter point
gene_point	ENSG00000163877	SNIP1	0.36995505183238936	-0.3568055503840632					residual scatter point
gene_point	ENSG00000179271	GADD45GIP1	-0.03413768925902205	-0.1053418894838031					residual scatter point
gene_point	ENSG00000114742	WDR48	0.31961107599157007	0.2732660517335379					residual scatter point
gene_point	ENSG00000138190	EXOC6	0.24014265690451447	-0.4517590412266532					residual scatter point
gene_point	ENSG00000168303	MPLKIP	0.14710985835874427	0.145329748605258					residual scatter point
gene_point	ENSG00000139613	SMARCC2	-0.11860347697047227	-0.0240942446494329					residual scatter point
gene_point	ENSG00000182446	NPLOC4	-0.4626379165857364	0.1501260576267924					residual scatter point
gene_point	ENSG00000073605	GSDMB	1.0737457120680933	0.2062168393048846					residual scatter point
gene_point	ENSG00000006282	SPATA20	-0.9867064853169011	-0.6349001234592375					residual scatter point
gene_point	ENSG00000151413	NUBPL	0.22547678128882173	-0.1500380316365124					residual scatter point
gene_point	ENSG00000157593	SLC35B2	-0.6459748648382365	-0.1891474231681513					residual scatter point
gene_point	ENSG00000104731	KLHDC4	-0.0010369521383675334	-0.1431885673928175					residual scatter point
gene_point	ENSG00000144744	UBA3	-0.007246538432264943	0.1290667132768703					residual scatter point
gene_point	ENSG00000139168	ZCRB1	-0.6456630379005951	0.6412656668536041					residual scatter point
gene_point	ENSG00000166908	PIP4K2C	0.229394044888684	0.0487284688470275					residual scatter point
gene_point	ENSG00000121749	TBC1D15	0.8249225603898922	0.1635600363117006					residual scatter point
gene_point	ENSG00000072042	RDH11	-0.06397931928331871	-0.1700807810868845					residual scatter point
gene_point	ENSG00000185414	MRPL30	0.035747154540037185	-0.4801074424003566					residual scatter point
gene_point	ENSG00000125458	NT5C	-0.2790521930925819	0.0222388316818182					residual scatter point
gene_point	ENSG00000163527	STT3B	-0.01963328606351769	-0.3488559742888242					residual scatter point
gene_point	ENSG00000138035	PNPT1	0.010437544684005512	-0.0150421531125424					residual scatter point
gene_point	ENSG00000138600	SPPL2A	-0.429244231018417	-0.3246928014753862					residual scatter point
gene_point	ENSG00000101294	HM13	0.15113385106561683	-0.2091382488792099					residual scatter point
gene_point	ENSG00000185963	BICD2	-0.1557775879931707	-0.1089559328179063					residual scatter point
gene_point	ENSG00000119638	NEK9	0.057348730592997915	-0.1488986179430291					residual scatter point
gene_point	ENSG00000124177	CHD6	0.05237136557954869	0.1344332868075284					residual scatter point
gene_point	ENSG00000166123	GPT2	-0.136105497438186	0.2965578827386608					residual scatter point
gene_point	ENSG00000163840	DTX3L	-0.13622188955516767	-0.0396178521931318					residual scatter point
gene_point	ENSG00000123064	DDX54	-0.01005656766538654	0.0144556583418804					residual scatter point
gene_point	ENSG00000113460	BRIX1	-0.02895274551729471	-0.0330497826631273					residual scatter point
gene_point	ENSG00000172922	RNASEH2C	-0.17097946036376732	-0.1744103505795351					residual scatter point
gene_point	ENSG00000151414	NEK7	-0.3242164879071592	0.1310745846763747					residual scatter point
gene_point	ENSG00000023287	RB1CC1	-0.11075926396488749	-0.3287986419916748					residual scatter point
gene_point	ENSG00000172830	SSH3	0.021063424772838152	-0.1066819516389259					residual scatter point
gene_point	ENSG00000125821	DTD1	-0.09367443508691739	-0.2549989494346789					residual scatter point
gene_point	ENSG00000164338	UTP15	0.23474303309188116	-0.2165614741195973					residual scatter point
gene_point	ENSG00000132182	NUP210	0.9317427235238873	-0.2750205652476545					residual scatter point
gene_point	ENSG00000082516	GEMIN5	0.15598595068091248	-0.0978475174913491					residual scatter point
gene_point	ENSG00000165801	ARHGEF40	-1.1574579032156964	0.0505091713835241					residual scatter point
gene_point	ENSG00000158987	RAPGEF6	0.5204199844452274	-1.1772595598747255					residual scatter point
gene_point	ENSG00000148498	PARD3	-0.23603567060453126	0.3730696817068235					residual scatter point
gene_point	ENSG00000154845	PPP4R1	-0.09284657819136935	0.2269217544212445					residual scatter point
gene_point	ENSG00000138771	SHROOM3	-0.283042831645544	0.5283970642086437					residual scatter point
gene_point	ENSG00000171475	WIPF2	-0.07591135560383955	-0.1394947627739178					residual scatter point
gene_point	ENSG00000173145	NOC3L	0.25121174087935244	-0.437243209030667					residual scatter point
gene_point	ENSG00000166685	COG1	-0.04656849672429786	-0.0698637493133524					residual scatter point
gene_point	ENSG00000065548	ZC3H15	0.07302514039719323	0.0224411808594986					residual scatter point
gene_point	ENSG00000131013	PPIL4	0.19875925098354003	-0.0446360353472812					residual scatter point
gene_point	ENSG00000115207	GTF3C2	-0.11761366406886706	-0.3801859487310146					residual scatter point
gene_point	ENSG00000054611	TBC1D22A	0.10097677966139947	-0.3218070340078913					residual scatter point
gene_point	ENSG00000129472	RAB2B	-0.4174264974432811	-0.3096052747615854					residual scatter point
gene_point	ENSG00000160799	CCDC12	0.009005313383215117	0.031332277579585					residual scatter point
gene_point	ENSG00000104881	PPP1R13L	0.006501585062051118	-0.1854892724038919					residual scatter point
gene_point	ENSG00000151135	TMEM263	0.16419961403772404	-0.041701183499093					residual scatter point
gene_point	ENSG00000061273	HDAC7	-0.5573623833674758	-0.2035474846027014					residual scatter point
gene_point	ENSG00000110536	PTPMT1	-0.7788677421436554	-0.1382185734873822					residual scatter point
gene_point	ENSG00000069248	NUP133	0.22541637938112657	0.0415284501358037					residual scatter point
gene_point	ENSG00000170248	PDCD6IP	0.3405155176903602	0.0003726931976935					residual scatter point
gene_point	ENSG00000144136	SLC20A1	-0.566975775536438	0.8131331753532596					residual scatter point
gene_point	ENSG00000162458	FBLIM1	-0.27802436044266826	0.6971643199091346					residual scatter point
gene_point	ENSG00000105298	CACTIN	-0.30156075717516284	0.0069860358433633					residual scatter point
gene_point	ENSG00000254999	BRK1	0.07115630899485642	-0.0259620843215344					residual scatter point
gene_point	ENSG00000017483	SLC38A5	-1.1049476071591446	0.82650584404902					residual scatter point
gene_point	ENSG00000147457	CHMP7	-0.5279024520508424	0.1515185380089256					residual scatter point
gene_point	ENSG00000130193	THEM6	-0.3333993994220171	0.0462260784799113					residual scatter point
gene_point	ENSG00000090971	NAT14	-0.39272916834673527	0.1286189856439961					residual scatter point
gene_point	ENSG00000139289	PHLDA1	-0.19540517805240176	0.2632191504825307					residual scatter point
gene_point	ENSG00000173548	SNX33	-0.718267515992596	0.9615273519589352					residual scatter point
gene_point	ENSG00000167799	NUDT8	0.08613149211680576	-0.2083142893741136					residual scatter point
gene_point	ENSG00000158411	MITD1	-0.26057386647508524	-0.8329230644590382					residual scatter point
gene_point	ENSG00000127586	CHTF18	0.23748779989667967	-0.2299379325933515					residual scatter point
gene_point	ENSG00000166477	LEO1	-0.00413673255617264	0.2473734106318925					residual scatter point
gene_point	ENSG00000170584	NUDCD2	-0.2813425549711671	0.1053000637931589					residual scatter point
gene_point	ENSG00000029639	TFB1M	-0.35190378295702984	0.1012235913539143					residual scatter point
gene_point	ENSG00000118007	STAG1	0.042661557774427206	0.0055998353151167					residual scatter point
gene_point	ENSG00000092108	SCFD1	0.061447784979859865	-0.0111184069012537					residual scatter point
gene_point	ENSG00000143889	HNRNPLL	-0.013612460285054894	0.2152883023665701					residual scatter point
gene_point	ENSG00000164332	UBLCP1	0.22069293175702082	-0.0029724411059675					residual scatter point
gene_point	ENSG00000081154	PCNP	0.3297622403804654	0.4209842553023186					residual scatter point
gene_point	ENSG00000176422	SPRYD4	0.1101255023533353	0.0989106465620146					residual scatter point
gene_point	ENSG00000136153	LMO7	-0.8591671639457386	0.1624720560964405					residual scatter point
gene_point	ENSG00000070214	SLC44A1	-0.08456669111052553	-0.310174671537311					residual scatter point
gene_point	ENSG00000136108	CKAP2	0.33867002756654	-0.5004336297647836					residual scatter point
gene_point	ENSG00000168488	ATXN2L	0.18199520158223725	0.0841856969799934					residual scatter point
gene_point	ENSG00000146247	PHIP	0.5720444608471931	-0.4679375716537617					residual scatter point
gene_point	ENSG00000188986	NELFB	-0.4350872957298938	-0.1632123415697783					residual scatter point
gene_point	ENSG00000129116	PALLD	0.341339058440405	0.4277624010865892					residual scatter point
gene_point	ENSG00000153914	SREK1	0.6701322787135733	0.2064978707503044					residual scatter point
gene_point	ENSG00000177303	CASKIN2	-0.1349142547243893	-0.0887638487788162					residual scatter point
gene_point	ENSG00000164053	ATRIP	-0.4836854587779861	0.8269938884971939					residual scatter point
gene_point	ENSG00000121390	PSPC1	0.4043287402894712	0.125019377430867					residual scatter point
gene_point	ENSG00000054654	SYNE2	0.42426831367799545	0.2589777981997194					residual scatter point
gene_point	ENSG00000162390	ACOT11	0.4375614260208163	-0.0906048032814013					residual scatter point
gene_point	ENSG00000213551	DNAJC9	0.16362877969428036	-0.0248711382814903					residual scatter point
gene_point	ENSG00000184992	BRI3BP	-0.5707435015797866	0.0245323305118816					residual scatter point
gene_point	ENSG00000176946	THAP4	-0.957222974986367	-0.833138955355313					residual scatter point
gene_point	ENSG00000132792	CTNNBL1	0.12399067011170167	0.1233840290397694					residual scatter point
gene_point	ENSG00000153207	AHCTF1	0.6361287290789478	-0.2142106083845867					residual scatter point
gene_point	ENSG00000155657	TTN	0.7324545831247383	0.0581736982943024					residual scatter point
gene_point	ENSG00000262664	OVCA2	-0.9043776735424779	-0.0047484809060733					residual scatter point
gene_point	ENSG00000167378	IRGQ	-0.011362323076186343	0.205722103772068					residual scatter point
gene_point	ENSG00000134574	DDB2	0.14544298032710531	-0.4319370278474252					residual scatter point
gene_point	ENSG00000079785	DDX1	0.1479790969651988	-0.005080306995854					residual scatter point
gene_point	ENSG00000196937	FAM3C	0.3105128360889731	-0.3934128618536299					residual scatter point
gene_point	ENSG00000132141	CCT6B	0.1193554912819338	-0.1021896108266773					residual scatter point
gene_point	ENSG00000125818	PSMF1	0.07583281226256117	-0.1113880356385905					residual scatter point
gene_point	ENSG00000103064	SLC7A6	-0.1321641857997131	0.1917520089925855					residual scatter point
gene_point	ENSG00000107862	GBF1	0.17503615181266402	-0.2071620207662192					residual scatter point
gene_point	ENSG00000162736	NCSTN	0.15306063465711917	-0.3105386342593306					residual scatter point
gene_point	ENSG00000101337	TM9SF4	0.29221686191419005	-0.2088310183895529					residual scatter point
gene_point	ENSG00000113048	MRPS27	0.10675185708294538	-0.1529372702926501					residual scatter point
gene_point	ENSG00000054965	FAM168A	-0.20727873174491396	-0.1922154020108522					residual scatter point
gene_point	ENSG00000177879	AP3S1	-0.6919672666407837	-0.1477186982924934					residual scatter point
gene_point	ENSG00000144224	UBXN4	0.19044129726228393	-0.3449811595691496					residual scatter point
gene_point	ENSG00000118482	PHF3	-0.058461062638605954	-0.5984275457629984					residual scatter point
gene_point	ENSG00000104419	NDRG1	0.31891950240511713	-0.4368629597279572					residual scatter point
gene_point	ENSG00000120694	HSPH1	0.5943995741084467	0.3051314627770409					residual scatter point
gene_point	ENSG00000123684	LPGAT1	-0.6915711257009963	-0.5287782373686696					residual scatter point
gene_point	ENSG00000166716	ZNF592	-0.07860844712318185	-0.6675525201589885					residual scatter point
gene_point	ENSG00000196535	MYO18A	-0.05615613650918172	0.0782353411868683					residual scatter point
gene_point	ENSG00000107929	LARP4B	0.1651423750205796	0.0046895520508805					residual scatter point
gene_point	ENSG00000089154	GCN1	-0.11711418830879258	-0.0592402673392449					residual scatter point
gene_point	ENSG00000140829	DHX38	-0.019356572922920923	0.0427096752927766					residual scatter point
gene_point	ENSG00000155561	NUP205	0.14783842616426965	-0.0862579874373103					residual scatter point
gene_point	ENSG00000064999	ANKS1A	-0.20434304567632777	2.208303616087983					residual scatter point
gene_point	ENSG00000130508	PXDN	-0.28312992036807955	-0.643263171317022					residual scatter point
gene_point	ENSG00000142892	PIGK	0.3309659786949082	-0.266692665580841					residual scatter point
gene_point	ENSG00000102738	MRPS31	0.018160864044829694	-0.1403733111744536					residual scatter point
gene_point	ENSG00000121057	AKAP1	-0.12073156895902665	-0.2863978004269789					residual scatter point
gene_point	ENSG00000136938	ANP32B	-0.07571363558927437	-0.0278819687096429					residual scatter point
gene_point	ENSG00000143294	PRCC	0.09567145489503348	0.1107546219207513					residual scatter point
gene_point	ENSG00000114354	TFG	0.16155535108868208	-0.091435151022889					residual scatter point
gene_point	ENSG00000241685	ARPC1A	-0.16021172562777078	-0.014041188436586					residual scatter point
gene_point	ENSG00000124782	RREB1	-0.5325707250373198	-0.8602029174981904					residual scatter point
gene_point	ENSG00000196591	HDAC2	0.2290617626438365	-0.1539824085146506					residual scatter point
gene_point	ENSG00000136738	STAM	0.09659677715482472	-0.1998211102857787					residual scatter point
gene_point	ENSG00000133884	DPF2	0.08431271134228524	-0.0481779404931259					residual scatter point
gene_point	ENSG00000005339	CREBBP	-0.24147040220840277	-0.5520516965674229					residual scatter point
gene_point	ENSG00000082458	DLG3	-0.3661528180967497	-0.0556442078560586					residual scatter point
gene_point	ENSG00000125755	SYMPK	-0.45234708172340315	-0.1219358316082654					residual scatter point
gene_point	ENSG00000136935	GOLGA1	-0.11307024354502945	0.3040676328124085					residual scatter point
gene_point	ENSG00000167880	EVPL	-0.16729654375710915	-0.0003121481400825					residual scatter point
gene_point	ENSG00000137563	GGH	-0.02125865404793656	0.2085348699497355					residual scatter point
gene_point	ENSG00000100201	DDX17	0.2495990116133907	0.012083688521649					residual scatter point
gene_point	ENSG00000113522	RAD50	0.5225905527733397	0.0465739786364736					residual scatter point
gene_point	ENSG00000149187	CELF1	0.31332468072107555	-0.1454639224494975					residual scatter point
gene_point	ENSG00000134996	OSTF1	-0.11195676412854236	-0.0169088658354716					residual scatter point
gene_point	ENSG00000076928	ARHGEF1	-0.11356698682971973	-0.0077631296074187					residual scatter point
gene_point	ENSG00000090863	GLG1	0.26978169860821866	-0.5679460441486412					residual scatter point
gene_point	ENSG00000005007	UPF1	0.3466800500621626	0.0065705439998353					residual scatter point
gene_point	ENSG00000121022	COPS5	-0.15728287876584685	0.0031838099084708					residual scatter point
gene_point	ENSG00000108604	SMARCD2	-0.22680328844545639	-0.0110084503829561					residual scatter point
gene_point	ENSG00000166128	RAB8B	0.11033900112918149	0.1492397311715017					residual scatter point
gene_point	ENSG00000088247	KHSRP	-0.02846705798149568	-0.0225944830223276					residual scatter point
gene_point	ENSG00000105607	GCDH	0.08712531403488111	-0.0536880619921262					residual scatter point
gene_point	ENSG00000162928	PEX13	-0.32405031572419274	-0.3546773152950031					residual scatter point
gene_point	ENSG00000083312	TNPO1	0.47926439870114	0.1702297713149043					residual scatter point
gene_point	ENSG00000116584	ARHGEF2	-0.2964813753592277	-0.1389007271798927					residual scatter point
gene_point	ENSG00000126749	EMG1	-0.13635329017111697	0.0196438170422901					residual scatter point
gene_point	ENSG00000124486	USP9X	0.18863665896542675	-0.0906636243820209					residual scatter point
gene_point	ENSG00000187555	USP7	-0.015187542149369987	0.014885931828104					residual scatter point
gene_point	ENSG00000166266	CUL5	0.4512053657711	0.0412606527662067					residual scatter point
gene_point	ENSG00000033627	ATP6V0A1	0.21914996455400723	-0.2798677548428667					residual scatter point
gene_point	ENSG00000145012	LPP	0.6546254860364364	0.1232540733076952					residual scatter point
gene_point	ENSG00000184634	MED12	0.14165081660739537	-0.2552636458216373					residual scatter point
gene_point	ENSG00000227500	SCAMP4	0.15312194384312205	0.30844304087503					residual scatter point
gene_point	ENSG00000196507	TCEAL3	-0.6119450074965016	0.0133127754301476					residual scatter point
gene_point	ENSG00000073584	SMARCE1	-0.1356197831965384	-0.060690727372247					residual scatter point
gene_point	ENSG00000074842	MYDGF	0.1633645711101117	0.2428923763489372					residual scatter point
gene_point	ENSG00000147676	MAL2	-0.5762391759722475	-0.2712501619226017					residual scatter point
gene_point	ENSG00000145817	YIPF5	0.1416991774151595	1.239069615955847					residual scatter point
gene_point	ENSG00000124155	PIGT	-0.437393507075548	-0.4798411148966721					residual scatter point
gene_point	ENSG00000173545	ZNF622	0.2773739255129114	0.3162476856311969					residual scatter point
gene_point	ENSG00000164347	GFM2	0.12651123195548825	0.3750893955334504					residual scatter point
gene_point	ENSG00000128789	PSMG2	-0.1848405201687584	0.5616820123891735					residual scatter point
gene_point	ENSG00000125912	NCLN	-0.3873577996616694	-0.1065634280474903					residual scatter point
gene_point	ENSG00000135926	TMBIM1	-0.097762134395015	-0.7189187916563675					residual scatter point
gene_point	ENSG00000113719	ERGIC1	-0.8505935147888994	-0.060250695680672					residual scatter point
gene_point	ENSG00000130299	GTPBP3	-0.16341724121226556	0.1014025152143407					residual scatter point
gene_point	ENSG00000136270	TBRG4	0.189194932139745	-0.1120835795035049					residual scatter point
gene_point	ENSG00000114023	FAM162A	0.10849294056690484	0.1148646446508578					residual scatter point
gene_point	ENSG00000108588	CCDC47	0.31719119089385267	-0.1616922587547407					residual scatter point
gene_point	ENSG00000143314	MRPL24	0.00856844295698253	-0.0107556985925505					residual scatter point
gene_point	ENSG00000169895	SYAP1	0.060712950227058006	0.6580203531254636					residual scatter point
gene_point	ENSG00000131558	EXOC4	0.2549136966308216	-0.1363482546758447					residual scatter point
gene_point	ENSG00000063241	ISOC2	-0.31382371570290823	0.0282876052366845					residual scatter point
gene_point	ENSG00000073712	FERMT2	0.27473457457974204	-0.0166402187942296					residual scatter point
gene_point	ENSG00000162613	FUBP1	0.3258399624691884	0.0553211765184009					residual scatter point
gene_point	ENSG00000108829	LRRC59	0.029097830359527233	-0.3051405898706711					residual scatter point
gene_point	ENSG00000197713	RPE	-0.0032992591824011624	0.1161654431969019					residual scatter point
gene_point	ENSG00000139719	VPS33A	0.042504475516768725	-0.4880305772485354					residual scatter point
gene_point	ENSG00000120699	EXOSC8	0.08362395609202578	0.7131359627936611					residual scatter point
gene_point	ENSG00000204673	AKT1S1	-0.20084584652977028	-0.0940446248841055					residual scatter point
gene_point	ENSG00000214736	TOMM6	0.008555781212776864	0.1568038647224874					residual scatter point
gene_point	ENSG00000101187	SLCO4A1	-0.1930262698774179	1.3458747837019462					residual scatter point
gene_point	ENSG00000163481	RNF25	-0.13402240932489073	0.0299776315876307					residual scatter point
gene_point	ENSG00000186063	AIDA	-0.9652535271248305	-0.1456999378989589					residual scatter point
gene_point	ENSG00000102890	ELMO3	-0.06390878377455614	-0.2258230267855232					residual scatter point
gene_point	ENSG00000143862	ARL8A	-0.3430875294890837	-0.4353979655926068					residual scatter point
gene_point	ENSG00000154124	OTULIN	-0.29767734749289815	-0.095144976822425					residual scatter point
gene_point	ENSG00000172586	CHCHD1	-0.17670509161859735	-0.1383289903927931					residual scatter point
gene_point	ENSG00000113593	PPWD1	0.28155229928873515	-0.0536933656663265					residual scatter point
gene_point	ENSG00000164366	CCDC127	-0.029023984438173445	0.0373950367185393					residual scatter point
gene_point	ENSG00000165983	PTER	0.08007493366279184	-0.3846184733225311					residual scatter point
gene_point	ENSG00000142634	EFHD2	-0.25504203344187953	0.024626179900796					residual scatter point
gene_point	ENSG00000143891	GALM	-0.1356169822791739	-0.1156802914041286					residual scatter point
gene_point	ENSG00000143811	PYCR2	0.1430471049171031	0.0710013405723373					residual scatter point
gene_point	ENSG00000110063	DCPS	-0.06794324618356987	0.0351124412405248					residual scatter point
gene_point	ENSG00000173457	PPP1R14B	-1.2863341551620575	-0.1167559144991656					residual scatter point
gene_point	ENSG00000138785	INTS12	-0.5141019221798944	-0.4642495939651052					residual scatter point
gene_point	ENSG00000117481	NSUN4	-0.47932718033267263	-0.3405681711775941					residual scatter point
gene_point	ENSG00000167107	ACSF2	0.16719549088031288	0.0517023220585421					residual scatter point
gene_point	ENSG00000066583	ISOC1	-0.03490287100531775	0.0602152649800196					residual scatter point
gene_point	ENSG00000160606	TLCD1	-1.2728552169903864	-0.4700719603005669					residual scatter point
gene_point	ENSG00000113194	FAF2	0.19437234779480156	-0.1258927413440709					residual scatter point
gene_point	ENSG00000007080	CCDC124	-0.0880271701868594	-0.1614103596593956					residual scatter point
gene_point	ENSG00000110074	FOXRED1	0.13832698211838285	0.2482439202637394					residual scatter point
gene_point	ENSG00000123240	OPTN	-0.5406864306358572	0.0454612918435088					residual scatter point
gene_point	ENSG00000161203	AP2M1	-0.5004331007424088	0.0125520965971226					residual scatter point
gene_point	ENSG00000178695	KCTD12	0.3626847267905874	0.379038443589625					residual scatter point
gene_point	ENSG00000169251	NMD3	-0.08163078797696821	0.0152134504211289					residual scatter point
gene_point	ENSG00000135597	REPS1	-0.19079723558926373	0.0493793540534071					residual scatter point
gene_point	ENSG00000205981	DNAJC19	-0.3652784419419031	-0.0981196494472058					residual scatter point
gene_point	ENSG00000176623	RMDN1	0.130901888852656	-0.1651818400522202					residual scatter point
gene_point	ENSG00000198585	NUDT16	-0.19249487045070124	0.0754161320606812					residual scatter point
gene_point	ENSG00000153944	MSI2	-0.34430872547707114	-0.5078597973995418					residual scatter point
gene_point	ENSG00000060688	SNRNP40	0.222075337640435	0.0585378310612334					residual scatter point
gene_point	ENSG00000204316	MRPL38	-0.146047396275551	-0.0039133209474506					residual scatter point
gene_point	ENSG00000148187	MRRF	-0.12463053118138279	0.0603741513912545					residual scatter point
gene_point	ENSG00000175643	RMI2	-0.03387224266755484	0.0652117320623961					residual scatter point
gene_point	ENSG00000213516	RBMXL1	0.3619935969939616	0.6625944334001179					residual scatter point
gene_point	ENSG00000109911	ELP4	0.17693514896142387	0.6266579701192398					residual scatter point
gene_point	ENSG00000095066	HOOK2	-0.5522917647348945	-0.2706319388538425					residual scatter point
gene_point	ENSG00000085415	SEH1L	-0.0652029863376147	-0.0451029480305216					residual scatter point
gene_point	ENSG00000156928	MALSU1	-0.51038263965465	0.1280310269519233					residual scatter point
gene_point	ENSG00000133142	TCEAL4	-0.09080358769811972	0.2817501352740805					residual scatter point
gene_point	ENSG00000100522	GNPNAT1	-0.42299679486791797	-0.0971022316541194					residual scatter point
gene_point	ENSG00000062582	MRPS24	-2.896452378042748	-0.0908578813311464					residual scatter point
gene_point	ENSG00000204822	MRPL53	-0.1065771723512528	0.2299671109222423					residual scatter point
gene_point	ENSG00000071626	DAZAP1	-0.5546301982609889	0.1302047644617161					residual scatter point
gene_point	ENSG00000166788	SAAL1	-0.17593850484304632	-0.013989526297351					residual scatter point
gene_point	ENSG00000164051	CCDC51	0.4491024743624247	-0.0708788108725393					residual scatter point
gene_point	ENSG00000184863	RBM33	0.057553190827998923	0.126596426888442					residual scatter point
gene_point	ENSG00000198498	TMA16	-0.18346226921272446	-0.1773318286034495					residual scatter point
gene_point	ENSG00000141971	MVB12A	-0.05818036918248884	-0.1664316756747723					residual scatter point
gene_point	ENSG00000132300	PTCD3	0.353692052083351	-0.022825030708752					residual scatter point
gene_point	ENSG00000139428	MMAB	-0.3161152668904292	-0.0403071182272363					residual scatter point
gene_point	ENSG00000179151	EDC3	0.16450398229908283	0.1144635625486696					residual scatter point
gene_point	ENSG00000100100	PIK3IP1	-0.4720905848456771	-0.4891436124204844					residual scatter point
gene_point	ENSG00000146670	CDCA5	-0.1464397512261966	0.5276817755693237					residual scatter point
gene_point	ENSG00000264364	DYNLL2	-0.05354138419306492	-0.3837523271669276					residual scatter point
gene_point	ENSG00000140006	WDR89	0.060548836578339316	-0.0987383539165609					residual scatter point
gene_point	ENSG00000140848	CPNE2	-0.9654210721800607	-0.185600312292685					residual scatter point
gene_point	ENSG00000188643	S100A16	-0.18447757635012713	0.0771788830868764					residual scatter point
gene_point	ENSG00000141295	SCRN2	0.09577133583311861	0.1501782004959224					residual scatter point
gene_point	ENSG00000079134	THOC1	-0.0959620194281488	0.0101091441690144					residual scatter point
gene_point	ENSG00000167770	OTUB1	0.055219215978540626	0.0039846278821009					residual scatter point
gene_point	ENSG00000166166	TRMT61A	-0.17833426911022476	-0.0574385239462387					residual scatter point
gene_point	ENSG00000183624	HMCES	0.037408431378413876	0.0419526770264653					residual scatter point
gene_point	ENSG00000176108	CHMP6	0.030803317692081333	0.0070919747714821					residual scatter point
gene_point	ENSG00000169299	PGM2	0.38694774786715025	-0.0991128499784181					residual scatter point
gene_point	ENSG00000136718	IMP4	-0.1560989571563185	-0.0367494101069354					residual scatter point
gene_point	ENSG00000159479	MED8	-0.16482723059577825	-0.2475867369223579					residual scatter point
gene_point	ENSG00000141994	DUS3L	0.2113707590815484	-0.3451551170704459					residual scatter point
gene_point	ENSG00000135521	LTV1	-0.10957136119916067	-0.3622251480043719					residual scatter point
gene_point	ENSG00000175581	MRPL48	0.11823295670583028	-0.1138197079634686					residual scatter point
gene_point	ENSG00000062716	VMP1	0.16598122890779007	0.1363799702023875					residual scatter point
gene_point	ENSG00000241360	PDXP	-1.0805789355580129	-0.1036137930947127					residual scatter point
gene_point	ENSG00000178999	AURKB	-0.12201574050118241	-0.1866257140663556					residual scatter point
gene_point	ENSG00000043093	DCUN1D1	0.34643896707052035	0.044495678865335					residual scatter point
gene_point	ENSG00000132773	TOE1	-0.5252332698692475	-0.1588591027204824					residual scatter point
gene_point	ENSG00000124228	DDX27	0.0927826598346323	0.1101344968823667					residual scatter point
gene_point	ENSG00000149089	APIP	-0.10258367621794076	0.1145511565853709					residual scatter point
gene_point	ENSG00000114544	SLC41A3	0.012860563010206993	-0.1077346255181357					residual scatter point
gene_point	ENSG00000146858	ZC3HAV1L	-1.1869220158250637	-0.2467050469741032					residual scatter point
gene_point	ENSG00000160949	TONSL	0.17407499601265136	0.1190627138843822					residual scatter point
gene_point	ENSG00000163110	PDLIM5	0.47309340759546337	0.1700771573438118					residual scatter point
gene_point	ENSG00000197930	ERO1A	0.14577796418746367	-0.027933477953745					residual scatter point
gene_point	ENSG00000158467	AHCYL2	0.21039014376343362	-0.3737972922652126					residual scatter point
gene_point	ENSG00000115255	REEP6	-0.06181094950466731	-0.5273350382330868					residual scatter point
gene_point	ENSG00000247077	PGAM5	-0.23323586739011445	0.0105287992991236					residual scatter point
gene_point	ENSG00000149262	INTS4	0.40252464361525153	-0.2098168617092248					residual scatter point
gene_point	ENSG00000198171	DDRGK1	0.219634596175377	-0.624248289260553					residual scatter point
gene_point	ENSG00000181192	DHTKD1	0.17528650725955447	-0.4840901535573394					residual scatter point
gene_point	ENSG00000107164	FUBP3	-0.013524161944805775	0.1424020627910636					residual scatter point
gene_point	ENSG00000134453	RBM17	-0.6420239387666318	0.074682462860057					residual scatter point
gene_point	ENSG00000257591	ZNF625	0.5029662049495416	-0.6566479351645729					residual scatter point
gene_point	ENSG00000172340	SUCLG2	0.17786753795397336	0.0376352512189654					residual scatter point
gene_point	ENSG00000129474	AJUBA	0.28623370398332815	0.1259616960040013					residual scatter point
gene_point	ENSG00000144591	GMPPA	0.08054339878466388	-0.0444892077014351					residual scatter point
gene_point	ENSG00000114779	ABHD14B	0.10512141141624542	-0.0197939827693147					residual scatter point
gene_point	ENSG00000177425	PAWR	0.1920819537568048	0.2808847723860133					residual scatter point
gene_point	ENSG00000174891	RSRC1	0.04991180347134068	0.00279141052488					residual scatter point
gene_point	ENSG00000051596	THOC3	-0.26151694681963217	0.093461089274129					residual scatter point
gene_point	ENSG00000136152	COG3	-0.010120193264170657	0.4865766913257072					residual scatter point
gene_point	ENSG00000108465	CDK5RAP3	0.29626259876654354	-0.3815201891908408					residual scatter point
gene_point	ENSG00000004766	VPS50	0.33603790994469535	0.0585762096359108					residual scatter point
gene_point	ENSG00000175073	VCPIP1	0.3766791557513304	-0.0785794052863408					residual scatter point
gene_point	ENSG00000166479	TMX3	0.36219872376328893	-0.0670412343676467					residual scatter point
gene_point	ENSG00000198824	CHAMP1	-0.44652887553129794	0.0744148655222449					residual scatter point
gene_point	ENSG00000186660	ZFP91	0.2962035170576005	-0.4694213152922586					residual scatter point
gene_point	ENSG00000165959	CLMN	-0.3184293197471064	0.3104981716802779					residual scatter point
gene_point	ENSG00000120913	PDLIM2	-0.5542210383230786	0.1110141701914724					residual scatter point
gene_point	ENSG00000134717	BTF3L4	0.3904644148985001	0.0435924826409426					residual scatter point
gene_point	ENSG00000166140	ZFYVE19	-0.5188287162629099	0.3914068933709984					residual scatter point
gene_point	ENSG00000127526	SLC35E1	-0.348303618568514	-0.1978241021273845					residual scatter point
gene_point	ENSG00000170242	USP47	0.19575133690158572	-0.0527263381868294					residual scatter point
gene_point	ENSG00000168078	PBK	0.15193815732640245	-0.2390191801650658					residual scatter point
gene_point	ENSG00000165997	ARL5B	0.5949576274222339	0.3466717025945964					residual scatter point
gene_point	ENSG00000142186	SCYL1	-0.380705893184655	-0.0705135969509385					residual scatter point
gene_point	ENSG00000112685	EXOC2	-0.06350713002835123	-0.0143910711609791					residual scatter point
gene_point	ENSG00000133313	CNDP2	0.20498084630954916	0.0075564438768651					residual scatter point
gene_point	ENSG00000056097	ZFR	0.43198202044209155	-0.0885848950573766					residual scatter point
gene_point	ENSG00000183495	EP400	0.27298973504583324	-0.4984180842773753					residual scatter point
gene_point	ENSG00000143376	SNX27	-0.16647256931594978	-0.0310504259908341					residual scatter point
gene_point	ENSG00000096872	IFT74	0.3766581706320636	0.1216428663657396					residual scatter point
gene_point	ENSG00000132481	TRIM47	0.057566082286894735	-0.0953263782618094					residual scatter point
gene_point	ENSG00000166192	SENP8	-0.33278786933845517	0.1500141675404656					residual scatter point
gene_point	ENSG00000164244	PRRC1	0.23192609033629613	-0.0166147333754089					residual scatter point
gene_point	ENSG00000156831	NSMCE2	-0.028595264338537485	-0.1932209217675602					residual scatter point
gene_point	ENSG00000180329	CCDC43	-0.06233967974530613	0.3760755981294466					residual scatter point
gene_point	ENSG00000213380	COG8	-0.38718392075051344	0.0496773611689853					residual scatter point
gene_point	ENSG00000116641	DOCK7	0.40098818241105966	0.0445004592317914					residual scatter point
gene_point	ENSG00000198783	ZNF830	0.12183453659658006	0.0603375850177272					residual scatter point
gene_point	ENSG00000139926	FRMD6	0.4265688923811881	-0.0834999337646369					residual scatter point
gene_point	ENSG00000076351	SLC46A1	-0.08558164782402278	0.2280255657337928					residual scatter point
gene_point	ENSG00000130305	NSUN5	-0.09802887025978418	-0.2039437438034426					residual scatter point
gene_point	ENSG00000141425	RPRD1A	-0.21610921676199302	-0.1924878710401039					residual scatter point
gene_point	ENSG00000133612	AGAP3	-0.9056144249221951	-0.2015002331319522					residual scatter point
gene_point	ENSG00000186635	ARAP1	-0.09507521769892513	-0.039209725277594					residual scatter point
gene_point	ENSG00000198700	IPO9	0.2186875089018936	-0.0370062750925157					residual scatter point
gene_point	ENSG00000152056	AP1S3	-0.023545389644769016	-0.0356612660104502					residual scatter point
gene_point	ENSG00000057019	DCBLD2	-0.1584171613404528	-0.1374264498283377					residual scatter point
gene_point	ENSG00000239306	RBM14	0.16347828265928302	-0.0122998735250874					residual scatter point
gene_point	ENSG00000161642	ZNF385A	-0.006147868655485722	-0.053372758892177					residual scatter point
gene_point	ENSG00000049759	NEDD4L	0.5366151375787251	-0.0724131781899082					residual scatter point
gene_point	ENSG00000112531	QKI	0.2599967081901485	0.0093190114173005					residual scatter point
gene_point	ENSG00000091127	PUS7	-0.023154196174660524	-0.1662757823082543					residual scatter point
gene_point	ENSG00000072756	TRNT1	-0.07311204089618573	0.1451539880963537					residual scatter point
gene_point	ENSG00000134294	SLC38A2	0.7866416460662742	2.901024235396463					residual scatter point
gene_point	ENSG00000122068	FYTTD1	-0.1405901177305687	-0.6749519797664121					residual scatter point
gene_point	ENSG00000172171	TEFM	-0.24692287869842988	-0.6360076358298397					residual scatter point
gene_point	ENSG00000069329	VPS35	0.14587632247726015	-0.0299575350819765					residual scatter point
gene_point	ENSG00000146676	PURB	0.015844785569108844	0.5894117410951694					residual scatter point
gene_point	ENSG00000160877	NACC1	-1.0623197117621697	-0.4157383665180365					residual scatter point
gene_point	ENSG00000178996	SNX18	-0.3287871692549248	0.1780921366500205					residual scatter point
gene_point	ENSG00000087206	UIMC1	-0.04257897232546934	-0.2963143008764799					residual scatter point
gene_point	ENSG00000197969	VPS13A	0.7145639280512427	-0.2061645384527608					residual scatter point
gene_point	ENSG00000168827	GFM1	0.15724314074721207	0.1349760514375937					residual scatter point
gene_point	ENSG00000087502	ERGIC2	-0.007110096844179958	-0.1732667536720473					residual scatter point
gene_point	ENSG00000078070	MCCC1	0.21944032601309832	-0.1153010358002006					residual scatter point
gene_point	ENSG00000137574	TGS1	0.08033835581012327	0.0237453485329925					residual scatter point
gene_point	ENSG00000120526	NUDCD1	0.2602324394473997	0.1169882772977146					residual scatter point
gene_point	ENSG00000128159	TUBGCP6	-0.11887992391615962	-0.3762574662039188					residual scatter point
gene_point	ENSG00000048028	USP28	-0.5287771110094996	-0.488034148576304					residual scatter point
gene_point	ENSG00000172315	TP53RK	0.61503300210767	-0.2273682091759603					residual scatter point
gene_point	ENSG00000087111	PIGS	-0.13594158577088275	-0.2878505516159073					residual scatter point
gene_point	ENSG00000124535	WRNIP1	-0.26916623724061717	-0.0397328719771401					residual scatter point
gene_point	ENSG00000121940	CLCC1	0.42952220670963803	-0.6046933540109531					residual scatter point
gene_point	ENSG00000179820	MYADM	0.41292533411987165	-0.3258539343043942					residual scatter point
gene_point	ENSG00000166289	PLEKHF1	0.3133894205478556	0.2184063816344768					residual scatter point
gene_point	ENSG00000108819	PPP1R9B	-1.2261891711445998	0.8768726682163805					residual scatter point
gene_point	ENSG00000096063	SRPK1	-0.015904880030746006	-0.3035586925789655					residual scatter point
gene_point	ENSG00000163029	SMC6	0.042663041796343226	-0.2306644856155166					residual scatter point
gene_point	ENSG00000165209	STRBP	-0.2833175579047261	-0.1121222109573345					residual scatter point
gene_point	ENSG00000146842	TMEM209	0.2885150999381103	-0.2628327397166323					residual scatter point
gene_point	ENSG00000163166	IWS1	0.07218649127687007	0.0838671858119894					residual scatter point
gene_point	ENSG00000169375	SIN3A	-0.13158783800539725	-0.1943361408558317					residual scatter point
gene_point	ENSG00000117859	OSBPL9	0.1997144036179884	0.2980645815457627					residual scatter point
gene_point	ENSG00000181915	ADO	-0.7902228656776136	0.4000237022327173					residual scatter point
gene_point	ENSG00000187742	SECISBP2	-0.7490956518715823	-1.1393987248635362					residual scatter point
gene_point	ENSG00000048649	RSF1	0.376402074674251	-0.0688722687376461					residual scatter point
gene_point	ENSG00000162775	RBM15	0.18331023727161677	0.067458340834996					residual scatter point
gene_point	ENSG00000039650	PNKP	-0.08255254410488772	0.1783386821926313					residual scatter point
gene_point	ENSG00000155229	MMS19	0.17066640090520033	-0.1540463315202309					residual scatter point
gene_point	ENSG00000276043	UHRF1	0.1360633066973752	-0.2899434581978184					residual scatter point
gene_point	ENSG00000136758	YME1L1	0.118654197954172	-0.7581660575985243					residual scatter point
gene_point	ENSG00000137824	RMDN3	-0.1364489900506935	-0.1468384969156986					residual scatter point
gene_point	ENSG00000105254	TBCB	-0.1944298016794503	-0.1049979310962641					residual scatter point
gene_point	ENSG00000136930	PSMB7	0.12801517944019952	0.238468143632609					residual scatter point
gene_point	ENSG00000064666	CNN2	0.07723563575233966	-0.0420953674912141					residual scatter point
gene_point	ENSG00000185813	PCYT2	-0.3480376532194228	0.0235651155365417					residual scatter point
gene_point	ENSG00000096401	CDC5L	0.3772147185286293	-0.1669931428365458					residual scatter point
gene_point	ENSG00000173692	PSMD1	0.22437157328117868	0.0705411006333349					residual scatter point
gene_point	ENSG00000132581	SDF2	0.29094040389208076	0.1953003479123261					residual scatter point
gene_point	ENSG00000116288	PARK7	-0.09732108637214384	0.1074515643834246					residual scatter point
gene_point	ENSG00000158161	EYA3	0.18201863416946357	-0.2029460257601467					residual scatter point
gene_point	ENSG00000108828	VAT1	0.12667248557888255	0.0343379492554483					residual scatter point
gene_point	ENSG00000100600	LGMN	0.14360721969439916	-1.1350301633082829					residual scatter point
gene_point	ENSG00000147872	PLIN2	0.08742842963537673	-0.1010964695648581					residual scatter point
gene_point	ENSG00000105821	DNAJC2	0.541193359631438	-0.1398829596279469					residual scatter point
gene_point	ENSG00000196199	MPHOSPH8	0.10619477848852577	-0.0600092258239133					residual scatter point
gene_point	ENSG00000108559	NUP88	0.0857615123835038	-0.00691189478907					residual scatter point
gene_point	ENSG00000144283	PKP4	-1.255784767703552	-0.1191393076914177					residual scatter point
gene_point	ENSG00000196455	PIK3R4	0.06277391644472702	-0.2388679192333764					residual scatter point
gene_point	ENSG00000104356	POP1	0.20311092279205023	-0.280033648353676					residual scatter point
gene_point	ENSG00000157514	TSC22D3	0.2762230064689889	0.1596911477513813					residual scatter point
gene_point	ENSG00000189171	S100A13	0.09236783933038789	-0.2398815281293878					residual scatter point
gene_point	ENSG00000139218	SCAF11	0.42865097371374683	-0.0962741635532022					residual scatter point
gene_point	ENSG00000134375	TIMM17A	0.02270960135763321	0.5230855666566221					residual scatter point
gene_point	ENSG00000116918	TSNAX	0.09220675693850588	0.0251262427051521					residual scatter point
gene_point	ENSG00000113312	TTC1	-0.3082748536091056	-0.1070634656022164					residual scatter point
gene_point	ENSG00000168259	DNAJC7	0.07642411032435392	0.1831826892960002					residual scatter point
gene_point	ENSG00000111665	CDCA3	-0.1171237792322575	-0.5011943963839673					residual scatter point
gene_point	ENSG00000111678	C12orf57	0.03134319572518707	-1.1245726817524917					residual scatter point
gene_point	ENSG00000215021	PHB2	-0.24359385475680428	0.0349006024712146					residual scatter point
gene_point	ENSG00000198612	COPS8	-0.11321214077547014	0.044925744218208					residual scatter point
gene_point	ENSG00000143252	SDHC	0.44677889691539363	0.0824558055731774					residual scatter point
gene_point	ENSG00000187446	CHP1	-0.06320882384325244	0.1047051728011574					residual scatter point
gene_point	ENSG00000142945	KIF2C	0.17233340966031177	-0.1124043914716281					residual scatter point
gene_point	ENSG00000204842	ATXN2	-0.060156980650484304	-0.116162119090589					residual scatter point
gene_point	ENSG00000116984	MTR	0.3520078299829426	0.0103370279787498					residual scatter point
gene_point	ENSG00000072506	HSD17B10	0.17941106710658705	0.1529279297772348					residual scatter point
gene_point	ENSG00000111799	COL12A1	0.2107193459807033	-0.2571499889630182					residual scatter point
gene_point	ENSG00000197451	HNRNPAB	0.194048903543933	0.0466302438576207					residual scatter point
gene_point	ENSG00000085871	MGST2	0.04775698907410647	-0.2992159233227056					residual scatter point
gene_point	ENSG00000134265	NAPG	-0.30210839257935285	0.2436318189330553					residual scatter point
gene_point	ENSG00000143398	PIP5K1A	0.36727291374911863	1.9499022374563797					residual scatter point
gene_point	ENSG00000100348	TXN2	-0.1439619577746159	0.1194207837522682					residual scatter point
gene_point	ENSG00000027001	MIPEP	0.18514843480134596	0.0459643001348197					residual scatter point
gene_point	ENSG00000100412	ACO2	0.15662133278849805	0.0461302017753695					residual scatter point
gene_point	ENSG00000125304	TM9SF2	0.18937570004410142	-0.3386008455979876					residual scatter point
gene_point	ENSG00000112759	SLC29A1	-0.24615522739885087	0.3699225260981293					residual scatter point
gene_point	ENSG00000074319	TSG101	-0.13125256294529614	-0.0828979689390081					residual scatter point
gene_point	ENSG00000185043	CIB1	-0.15658734663653062	0.0986207125898861					residual scatter point
gene_point	ENSG00000214078	CPNE1	0.08395639578353692	0.1762676697614367					residual scatter point
gene_point	ENSG00000135624	CCT7	0.18633596704310462	0.2276120576074483					residual scatter point
gene_point	ENSG00000172936	MYD88	-0.616269565200339	0.089159901005722					residual scatter point
gene_point	ENSG00000117395	EBNA1BP2	-0.033508355221943426	0.0882952482925389					residual scatter point
gene_point	ENSG00000126457	PRMT1	0.03713811593437072	0.1513212085777908					residual scatter point
gene_point	ENSG00000130829	DUSP9	-0.3725537601301715	-1.4419816093634843					residual scatter point
gene_point	ENSG00000057294	PKP2	0.5360173753636255	-0.0538574497508079					residual scatter point
gene_point	ENSG00000141985	SH3GL1	-0.45080360244845197	-0.075979530417154					residual scatter point
gene_point	ENSG00000100749	VRK1	-0.15249620353854687	-0.0164416188465246					residual scatter point
gene_point	ENSG00000127914	AKAP9	-0.31843667946974175	-0.2480317158590352					residual scatter point
gene_point	ENSG00000184117	NIPSNAP1	0.1240470331556508	0.0468077400825457					residual scatter point
gene_point	ENSG00000073737	DHRS9	-0.24418426564953194	0.4893189101565856					residual scatter point
gene_point	ENSG00000109805	NCAPG	0.43048974040761095	-0.132540235326914					residual scatter point
gene_point	ENSG00000136950	ARPC5L	-0.37611393365605456	0.0117142670406451					residual scatter point
gene_point	ENSG00000107745	MICU1	0.1494060107178264	-0.5103251710487982					residual scatter point
gene_point	ENSG00000173914	RBM4B	-0.1821447026281265	-0.1749625342441945					residual scatter point
gene_point	ENSG00000139579	NABP2	-0.7999332592073723	-0.5847142336853857					residual scatter point
gene_point	ENSG00000107625	DDX50	-0.2147772988291759	-0.0301735161747274					residual scatter point
gene_point	ENSG00000130312	MRPL34	-0.0410419539228923	-0.26597083962913					residual scatter point
gene_point	ENSG00000006744	ELAC2	-0.02290542413112387	0.1138993258582807					residual scatter point
gene_point	ENSG00000105447	GRWD1	0.014261617758013823	0.1442679579608423					residual scatter point
gene_point	ENSG00000133315	MACROD1	0.3808146411203627	-0.1418587965632447					residual scatter point
gene_point	ENSG00000141002	TCF25	-0.07963803421501742	-0.1370385777792151					residual scatter point
gene_point	ENSG00000184220	CMSS1	-0.07986984688780963	-0.1209930048850544					residual scatter point
gene_point	ENSG00000130159	ECSIT	-0.40170042956302515	0.0070861589551167					residual scatter point
gene_point	ENSG00000116455	WDR77	0.17581390575614791	0.1494908817473295					residual scatter point
gene_point	ENSG00000167397	VKORC1	-0.14457244944693556	-0.4282649738594344					residual scatter point
gene_point	ENSG00000173141	MRPL57	-0.22519200595225536	-0.0175302041260998					residual scatter point
gene_point	ENSG00000167553	TUBA1C	0.5653884409396954	0.2016711872675358					residual scatter point
gene_point	ENSG00000128335	APOL2	-0.06713805138261719	0.7198916356214902					residual scatter point
gene_point	ENSG00000132382	MYBBP1A	0.12130596037872907	-0.2158122069302877					residual scatter point
gene_point	ENSG00000101311	FERMT1	-0.25008341205080603	-0.3195196908954649					residual scatter point
gene_point	ENSG00000125871	MGME1	0.35012433800883747	0.1305600176952452					residual scatter point
gene_point	ENSG00000172725	CORO1B	0.03229514674831557	0.1662193169575623					residual scatter point
gene_point	ENSG00000129235	TXNDC17	-0.09438662729052344	0.1774535597557367					residual scatter point
gene_point	ENSG00000137656	BUD13	-0.38278575169747886	0.3187365189394011					residual scatter point
gene_point	ENSG00000131475	VPS25	0.05961895674537833	-0.2578623879438897					residual scatter point
gene_point	ENSG00000125731	SH2D3A	-0.6914057680188135	0.0426985343065293					residual scatter point
gene_point	ENSG00000078808	SDF4	-0.21364971240439468	-0.2018079100498582					residual scatter point
gene_point	ENSG00000263465	SRSF8	0.0855711272255072	0.1943604185848144					residual scatter point
gene_point	ENSG00000126249	PDCD2L	-0.36569592285286057	-0.0451072580966851					residual scatter point
gene_point	ENSG00000175575	PAAF1	-0.0735589339715006	-0.4244973460545189					residual scatter point
gene_point	ENSG00000159685	CHCHD6	-0.3868826098756061	0.2226811363637644					residual scatter point
gene_point	ENSG00000159322	ADPGK	-0.20128056620900475	0.0852656283110171					residual scatter point
gene_point	ENSG00000137288	UQCC2	-0.184529455076232	0.0894522543584912					residual scatter point
gene_point	ENSG00000147536	GINS4	0.3393686497181554	0.1570191505168132					residual scatter point
gene_point	ENSG00000152684	PELO	0.40936976379669665	0.1229388379877143					residual scatter point
gene_point	ENSG00000181938	GINS3	0.01496844310763365	-0.0798091948418324					residual scatter point
gene_point	ENSG00000169871	TRIM56	-0.16061900207240742	0.0076229512758025					residual scatter point
gene_point	ENSG00000023318	ERP44	0.11402112460236977	0.2001029443345352					residual scatter point
gene_point	ENSG00000079257	LXN	-0.4829092748022743	-0.0448238564735916					residual scatter point
gene_point	ENSG00000115761	NOL10	-0.06587387251837024	-0.1746970109124852					residual scatter point
gene_point	ENSG00000135778	NTPCR	-0.011171685434760575	0.0931958937466603					residual scatter point
gene_point	ENSG00000136463	TACO1	-0.14157085149889048	0.0471766192626645					residual scatter point
gene_point	ENSG00000119431	HDHD3	-1.4387284693311502	0.0821425394704071					residual scatter point
gene_point	ENSG00000130640	TUBGCP2	0.13582796313654652	-0.0594054905921268					residual scatter point
gene_point	ENSG00000139641	ESYT1	0.2922531162881604	-0.1471675688401461					residual scatter point
gene_point	ENSG00000130560	UBAC1	-0.7994499609601904	0.1189559885027193					residual scatter point
gene_point	ENSG00000119820	YIPF4	-0.12638970262440147	-0.2550256563167643					residual scatter point
gene_point	ENSG00000114993	RTKN	-0.2857673742022916	-0.0246984853682583					residual scatter point
gene_point	ENSG00000125611	CHCHD5	-0.014729335696828272	-0.2112699526646508					residual scatter point
gene_point	ENSG00000137161	CNPY3	-0.06584062765715376	0.2452140812464129					residual scatter point
gene_point	ENSG00000033011	ALG1	0.0977195523285054	-0.3422239480159881					residual scatter point
gene_point	ENSG00000132376	INPP5K	-0.554339869486429	-0.0868200209316878					residual scatter point
gene_point	ENSG00000157778	PSMG3	-0.3982686111263551	0.0094514583199654					residual scatter point
gene_point	ENSG00000138663	COPS4	0.149168744472051	0.0546725046751568					residual scatter point
gene_point	ENSG00000101191	DIDO1	0.07850252220912168	-0.3264249909859487					residual scatter point
gene_point	ENSG00000057935	MTA3	-0.12371207289894284	-0.1868596978654402					residual scatter point
gene_point	ENSG00000126254	RBM42	0.12428268379192468	-0.0751058122511523					residual scatter point
gene_point	ENSG00000166847	DCTN5	-0.06383505496516131	-0.0748430462551486					residual scatter point
gene_point	ENSG00000197771	MCMBP	0.018172392556225964	-0.2351260912584294					residual scatter point
gene_point	ENSG00000137692	DCUN1D5	-0.15568290186134293	-0.3305823177060301					residual scatter point
gene_point	ENSG00000143401	ANP32E	0.3195623017193397	0.0800393823926413					residual scatter point
gene_point	ENSG00000137269	LRRC1	-0.049151597417486745	0.0642807804061291					residual scatter point
gene_point	ENSG00000155252	PI4K2A	0.0720717007707482	0.0042226774771805					residual scatter point
gene_point	ENSG00000170876	TMEM43	0.0911216657138388	-0.0701080959386679					residual scatter point
gene_point	ENSG00000235173	HGH1	0.07130212659699055	0.0589787034083784					residual scatter point
gene_point	ENSG00000100258	LMF2	-0.019113195075374623	-0.6929582046651266					residual scatter point
gene_point	ENSG00000178057	NDUFAF3	-0.00314889795633827	0.1655307857871832					residual scatter point
gene_point	ENSG00000138092	CENPO	0.01670836327646358	-0.1877191331935694					residual scatter point
gene_point	ENSG00000129932	DOHH	-0.13843542825490054	0.0201792047144842					residual scatter point
gene_point	ENSG00000135070	ISCA1	-0.3554334270032991	-0.3645250468640366					residual scatter point
gene_point	ENSG00000176014	TUBB6	-0.1754266933960017	0.0450867249219726					residual scatter point
gene_point	ENSG00000105323	HNRNPUL1	-0.31879006861710124	-0.1112763434126549					residual scatter point
gene_point	ENSG00000170791	CHCHD7	-0.15750923603281936	0.5834905399536794					residual scatter point
gene_point	ENSG00000114209	PDCD10	0.01656039329545647	-0.0456916421619695					residual scatter point
gene_point	ENSG00000136986	DERL1	0.1958654001931514	-0.1161918588460331					residual scatter point
gene_point	ENSG00000109854	HTATIP2	0.12597565741529884	0.074822214414457					residual scatter point
gene_point	ENSG00000174243	DDX23	-0.10024002670082222	-0.0219824871525062					residual scatter point
gene_point	ENSG00000141499	WRAP53	0.26013041341316695	0.3401408917955741					residual scatter point
gene_point	ENSG00000184831	APOO	0.05476931800809731	0.0026732939062092					residual scatter point
gene_point	ENSG00000164039	BDH2	0.17432173975461548	0.0751288547712292					residual scatter point
gene_point	ENSG00000037757	MRI1	0.019558892137886995	-0.0496356419266792					residual scatter point
gene_point	ENSG00000065268	WDR18	0.17406839246078948	0.0163115282426815					residual scatter point
gene_point	ENSG00000118640	VAMP8	-0.07852365676898446	0.1870275816860029					residual scatter point
gene_point	ENSG00000134077	THUMPD3	-0.4040380563191117	-0.1875526578268402					residual scatter point
gene_point	ENSG00000070423	RNF126	-0.6628361810260008	0.6777089116756301					residual scatter point
gene_point	ENSG00000116353	MECR	0.008268147153447064	-0.0797051700282835					residual scatter point
gene_point	ENSG00000127774	EMC6	-0.13633842789910766	-0.0553212166998484					residual scatter point
gene_point	ENSG00000148335	NTMT1	-0.07982481080909494	0.0344608656386569					residual scatter point
gene_point	ENSG00000136982	DSCC1	-0.6873996446170493	-7.693198031577355					residual scatter point
gene_point	ENSG00000167965	MLST8	-0.3883025060686748	0.5564390273375892					residual scatter point
gene_point	ENSG00000110108	TMEM109	0.23810577192286267	-0.1037991425825204					residual scatter point
gene_point	ENSG00000102390	PBDC1	0.05772461981820437	-0.000939982137222					residual scatter point
gene_point	ENSG00000156697	UTP14A	0.2524806730621118	-0.0791104838148513					residual scatter point
gene_point	ENSG00000184840	TMED9	0.1540044178709848	-0.0787384951880696					residual scatter point
gene_point	ENSG00000166171	DPCD	-0.06842723183490639	-0.3663906310316207					residual scatter point
gene_point	ENSG00000163938	GNL3	0.18489009664123227	0.1475531102808709					residual scatter point
gene_point	ENSG00000058729	RIOK2	0.36046917833574277	0.0308023955273313					residual scatter point
gene_point	ENSG00000075336	TIMM21	-0.25495864203012364	-0.1397513511293233					residual scatter point
gene_point	ENSG00000125450	NUP85	0.2187540814016264	0.0449314334937689					residual scatter point
gene_point	ENSG00000066322	ELOVL1	-0.03190725786316406	-0.3298666294197048					residual scatter point
gene_point	ENSG00000130311	DDA1	-0.06822814169615943	0.0015143175481497					residual scatter point
gene_point	ENSG00000149929	HIRIP3	-0.2156601073222924	-0.0295403654838075					residual scatter point
gene_point	ENSG00000146066	HIGD2A	-0.09477688296018599	-0.1862980093191595					residual scatter point
gene_point	ENSG00000100360	IFT27	-0.018538921575504574	0.1275313863226284					residual scatter point
gene_point	ENSG00000170502	NUDT9	0.27274022493309186	0.3040892335569669					residual scatter point
gene_point	ENSG00000143374	TARS2	0.016128176548746084	-0.0797613526984015					residual scatter point
gene_point	ENSG00000120437	ACAT2	0.1563200091121943	0.0184585466194562					residual scatter point
gene_point	ENSG00000214022	REPIN1	-0.7596402576815153	0.3234607175348323					residual scatter point
gene_point	ENSG00000173933	RBM4	-0.005719982341760077	0.449665687104801					residual scatter point
gene_point	ENSG00000103932	RPAP1	-0.5787360760388828	-0.199218579286839					residual scatter point
gene_point	ENSG00000169976	SF3B5	0.053807548663492355	0.0307091641456125					residual scatter point
gene_point	ENSG00000107819	SFXN3	0.07870992969146584	-0.1001367816946725					residual scatter point
gene_point	ENSG00000177830	CHID1	0.1390570279000058	0.0114789016144101					residual scatter point
gene_point	ENSG00000163798	SLC4A1AP	0.1053919207385479	0.1855769511638438					residual scatter point
gene_point	ENSG00000149657	LSM14B	-0.5137731269272042	-0.4058029979484701					residual scatter point
gene_point	ENSG00000137133	HINT2	0.034458131379898546	-0.0171456503358768					residual scatter point
gene_point	ENSG00000132357	CARD6	0.36164521533308414	0.244453738122738					residual scatter point
gene_point	ENSG00000144909	OSBPL11	0.031180393338698598	0.0746900725376811					residual scatter point
gene_point	ENSG00000099992	TBC1D10A	0.11536756290584027	0.333868692081829					residual scatter point
gene_point	ENSG00000164134	NAA15	0.5656096429316925	-0.0436083209413311					residual scatter point
gene_point	ENSG00000129911	KLF16	-0.23962375241691078	-0.7702781257458664					residual scatter point
gene_point	ENSG00000099968	BCL2L13	-0.6043352792473584	-0.0024951393573715					residual scatter point
gene_point	ENSG00000087087	SRRT	0.21063593311413742	0.1812174152615178					residual scatter point
gene_point	ENSG00000213339	QTRT1	0.19626392768803097	-0.0487197211360879					residual scatter point
gene_point	ENSG00000072958	AP1M1	-0.177834808191149	0.0284453668185769					residual scatter point
gene_point	ENSG00000141447	OSBPL1A	-0.1089219227966641	-0.1714955093692456					residual scatter point
gene_point	ENSG00000144554	FANCD2	0.01131445311101141	-0.1457066907936344					residual scatter point
gene_point	ENSG00000198042	MAK16	-0.5941855739042494	-0.2772934167898384					residual scatter point
gene_point	ENSG00000125877	ITPA	0.09954692695293749	-0.0745050585424564					residual scatter point
gene_point	ENSG00000144895	EIF2A	0.27253406882881714	-0.038302387652358					residual scatter point
gene_point	ENSG00000100227	POLDIP3	0.11695853099439402	-0.2296053966904772					residual scatter point
gene_point	ENSG00000197077	KIAA1671	-0.09057527131118423	-0.3515710353170078					residual scatter point
gene_point	ENSG00000185838	GNB1L	0.3550289315723686	-0.0539785886608896					residual scatter point
gene_point	ENSG00000172172	MRPL13	0.018020474801696107	0.0124534341795552					residual scatter point
gene_point	ENSG00000143436	MRPL9	-0.17158539284475263	0.0160442786096517					residual scatter point
gene_point	ENSG00000105364	MRPL4	-0.20091934766998804	-0.0510498358646849					residual scatter point
gene_point	ENSG00000169288	MRPL1	0.08425077086178867	0.0333781708374587					residual scatter point
gene_point	ENSG00000155438	NIFK	-0.1123217980532687	-0.0868890006501104					residual scatter point
gene_point	ENSG00000130589	HELZ2	0.015595633892857674	0.0853810684427198					residual scatter point
gene_point	ENSG00000271303	SRXN1	-0.197038504237443	0.302554377649491					residual scatter point
gene_point	ENSG00000123213	NLN	0.05948946366096533	0.0654697652294196					residual scatter point
gene_point	ENSG00000106477	CEP41	0.07867604426377897	0.0383483080111712					residual scatter point
gene_point	ENSG00000095383	TBC1D2	-0.4060948170617444	-0.1613266581468728					residual scatter point
gene_point	ENSG00000125779	PANK2	-0.23941832615924155	-0.8127181210241972					residual scatter point
gene_point	ENSG00000126391	FRMD8	0.012289821030508463	0.055903569850308					residual scatter point
gene_point	ENSG00000143228	NUF2	0.26163833100304545	0.4876099863303906					residual scatter point
gene_point	ENSG00000116221	MRPL37	-0.3253122987384113	-0.0838788701384771					residual scatter point
gene_point	ENSG00000107937	GTPBP4	0.16181960771341447	0.0149205413291504					residual scatter point
gene_point	ENSG00000169696	ASPSCR1	-0.003085170867154291	-0.0388846845269164					residual scatter point
gene_point	ENSG00000091039	OSBPL8	0.30132152208983226	-0.4202478862498005					residual scatter point
gene_point	ENSG00000137831	UACA	0.14178245376926124	0.0586381383611822					residual scatter point
gene_point	ENSG00000108963	DPH1	-0.038287809194309894	-0.4674641832367587					residual scatter point
gene_point	ENSG00000120008	WDR11	0.1990494156957382	-0.2269730023180383					residual scatter point
gene_point	ENSG00000101343	CRNKL1	0.16372986108944107	-0.0708402614481542					residual scatter point
gene_point	ENSG00000177565	TBL1XR1	0.2996694585219042	0.1514478052928076					residual scatter point
gene_point	ENSG00000125503	PPP1R12C	-1.5146481865759454	0.1820895758306697					residual scatter point
gene_point	ENSG00000105287	PRKD2	-0.5009590583633703	-0.141415648407353					residual scatter point
gene_point	ENSG00000167671	UBXN6	-1.5760838248577942	-0.2846937072904296					residual scatter point
gene_point	ENSG00000166181	API5	0.19544320536126866	0.0119247046315429					residual scatter point
gene_point	ENSG00000162961	DPY30	-0.20759697440604463	0.011733588203036					residual scatter point
gene_point	ENSG00000132256	TRIM5	-0.08204747829770306	-0.3378955125417935					residual scatter point
gene_point	ENSG00000132478	UNK	-1.1117457472271233	0.0097113377682998					residual scatter point
gene_point	ENSG00000140718	FTO	0.19634295113434777	-0.0301114752799236					residual scatter point
gene_point	ENSG00000156599	ZDHHC5	-0.2222203890018843	-0.1725169363283178					residual scatter point
gene_point	ENSG00000175931	UBE2O	0.062035801553820324	-0.0347742530038708					residual scatter point
gene_point	ENSG00000115183	TANC1	-0.05584706999304273	-0.7732626306064674					residual scatter point
gene_point	ENSG00000132953	XPO4	0.14447156624058	0.0019474048940963					residual scatter point
gene_point	ENSG00000150712	MTMR12	-0.3289503208582815	0.3142083682080052					residual scatter point
gene_point	ENSG00000136709	WDR33	0.1181260821972063	-0.2497038725624918					residual scatter point
gene_point	ENSG00000123095	BHLHE41	0.20848276368550545	0.7709689233670272					residual scatter point
gene_point	ENSG00000138442	WDR12	-0.07175599896068097	-0.0049983661623755					residual scatter point
gene_point	ENSG00000137207	YIPF3	0.10150851666478738	-0.533743053127667					residual scatter point
gene_point	ENSG00000142910	TINAGL1	-0.601488314747453	-0.2346802008067428					residual scatter point
gene_point	ENSG00000057757	PITHD1	-0.14660694211889314	0.0175818932814912					residual scatter point
gene_point	ENSG00000072849	DERL2	0.19750562114607723	-0.2263556342437986					residual scatter point
gene_point	ENSG00000137054	POLR1E	-0.16017563292216314	-0.0830845669535484					residual scatter point
gene_point	ENSG00000119705	SLIRP	0.013334716311690586	0.0054948876526275					residual scatter point
gene_point	ENSG00000167720	SRR	-0.2503446146119083	-0.5280891144078215					residual scatter point
gene_point	ENSG00000196290	NIF3L1	-0.17417775992497042	0.0678446521305851					residual scatter point
gene_point	ENSG00000135766	EGLN1	-0.29292614201386197	-0.9923005653295024					residual scatter point
gene_point	ENSG00000168958	MFF	-0.7673442257719953	-0.3716583402565181					residual scatter point
gene_point	ENSG00000121579	NAA50	0.5315380880193911	0.1784948180299466					residual scatter point
gene_point	ENSG00000081307	UBA5	0.2711513814557256	0.0303729720804959					residual scatter point
gene_point	ENSG00000075975	MKRN2	0.15325688557118597	0.6267099281469513					residual scatter point
gene_point	ENSG00000107902	LHPP	-0.08684649698538233	-0.3692013240386664					residual scatter point
gene_point	ENSG00000117640	MTFR1L	-0.3779329910337413	2.8570342777280633					residual scatter point
gene_point	ENSG00000171202	TMEM126A	-0.24804600816886274	0.052374147094186					residual scatter point
gene_point	ENSG00000172239	PAIP1	-0.41461704682270134	-0.1302073647808299					residual scatter point
gene_point	ENSG00000162129	CLPB	0.1290262160387376	0.255001466363506					residual scatter point
gene_point	ENSG00000134152	KATNBL1	-1.0001635508427364	-0.8879505821871163					residual scatter point
gene_point	ENSG00000172007	RAB33B	-0.6436997170336372	0.1271176327194432					residual scatter point
gene_point	ENSG00000041802	LSG1	0.031153302331453414	0.0927162195002537					residual scatter point
gene_point	ENSG00000065809	FAM107B	-0.6097096246339904	1.2747162567131571					residual scatter point
gene_point	ENSG00000135372	NAT10	0.008019778298965441	-0.1884254745480191					residual scatter point
gene_point	ENSG00000174996	KLC2	-0.5446261532410455	0.3413163376976804					residual scatter point
gene_point	ENSG00000132323	ILKAP	-0.28059365897962335	0.0707359961310487					residual scatter point
gene_point	ENSG00000088930	XRN2	0.2503202120250818	-0.0205613959335977					residual scatter point
gene_point	ENSG00000179526	SHARPIN	-0.3988725595686136	-0.6477338045655259					residual scatter point
gene_point	ENSG00000161800	RACGAP1	0.2392770733713226	-0.2170082000534137					residual scatter point
gene_point	ENSG00000177613	CSTF2T	-0.9366152460773289	-0.2190893488559364					residual scatter point
gene_point	ENSG00000123124	WWP1	-1.0358039078977153	-0.3539312904211744					residual scatter point
gene_point	ENSG00000122643	NT5C3A	0.24276886954321175	-0.0212456147991257					residual scatter point
gene_point	ENSG00000053770	AP5M1	-0.4635951999618817	-0.0123340123285871					residual scatter point
gene_point	ENSG00000167220	HDHD2	-0.1874108807673474	0.1410974069040751					residual scatter point
gene_point	ENSG00000213782	DDX47	0.1551044845387033	-0.0217926097298288					residual scatter point
gene_point	ENSG00000102158	MAGT1	0.28808613959816104	0.0650337366673952					residual scatter point
gene_point	ENSG00000174903	RAB1B	-0.0519628090233169	-0.0465003616026571					residual scatter point
gene_point	ENSG00000114988	LMAN2L	0.2547271075805353	-0.0730507861796745					residual scatter point
gene_point	ENSG00000101457	DNTTIP1	-0.06947122013716217	-0.1757831236694969					residual scatter point
gene_point	ENSG00000172350	ABCG4	0.5507748082163976	-0.2757153931086549					residual scatter point
gene_point	ENSG00000153107	ANAPC1	0.13241911508443713	0.0328159482184258					residual scatter point
gene_point	ENSG00000119669	IRF2BPL	0.04863221496221448	-0.0522514214977221					residual scatter point
gene_point	ENSG00000110057	UNC93B1	-0.08016642030379022	-0.522440492441552					residual scatter point
gene_point	ENSG00000132664	POLR3F	-0.39522456816366824	-0.0205219208930991					residual scatter point
gene_point	ENSG00000069275	NUCKS1	0.16938212631804556	-0.7377101574832938					residual scatter point
gene_point	ENSG00000136003	ISCU	-0.48938479559090625	-0.0812748287378219					residual scatter point
gene_point	ENSG00000130703	OSBPL2	-0.20186792910408205	0.6114187637221704					residual scatter point
gene_point	ENSG00000101940	WDR13	0.05039333424696596	0.2766230633617415					residual scatter point
gene_point	ENSG00000103966	EHD4	0.14614633280126543	-0.0062216360156028					residual scatter point
gene_point	ENSG00000184056	VPS33B	-0.03047898449933628	-0.0979394298987177					residual scatter point
gene_point	ENSG00000142669	SH3BGRL3	0.0149857958187109	-0.0286381701200468					residual scatter point
gene_point	ENSG00000261609	GAN	-0.4880521660672483	0.5360983768958452					residual scatter point
gene_point	ENSG00000100106	TRIOBP	-1.5963026338177357	-0.1073330893528421					residual scatter point
gene_point	ENSG00000065613	SLK	0.35359356086103744	-0.1243738571697257					residual scatter point
gene_point	ENSG00000240344	PPIL3	-0.13667973769742478	-0.2620415548151413					residual scatter point
gene_point	ENSG00000135090	TAOK3	-0.2644182726992694	-0.2279080980311114					residual scatter point
gene_point	ENSG00000118873	RAB3GAP2	0.08758888602694731	-0.0003798001310464					residual scatter point
gene_point	ENSG00000101126	ADNP	0.09393677027270024	-0.1895187433293799					residual scatter point
gene_point	ENSG00000138777	PPA2	-0.03307601511097877	-0.007773953081962					residual scatter point
gene_point	ENSG00000169682	SPNS1	0.16791405468046786	-0.657296062690186					residual scatter point
gene_point	ENSG00000259494	MRPL46	-0.3599980488914053	0.0155107048034075					residual scatter point
gene_point	ENSG00000100941	PNN	0.5702878402684138	0.4119222266519635					residual scatter point
gene_point	ENSG00000106771	TMEM245	0.06031917418242255	0.0480345076297314					residual scatter point
gene_point	ENSG00000151846	PABPC3	-1.3028820767082059	0.064596140000777					residual scatter point
gene_point	ENSG00000073282	TP63	0.1876666604029073	-0.3973277400203301					residual scatter point
gene_point	ENSG00000165678	GHITM	0.08439538241218711	0.4779311592979063					residual scatter point
gene_point	ENSG00000265972	TXNIP	0.15862320553916898	0.4987856175407685					residual scatter point
gene_point	ENSG00000139921	TMX1	0.17265776099077065	-0.3244645595960342					residual scatter point
gene_point	ENSG00000185049	NELFA	-0.14468780774278622	-0.2572172838927322					residual scatter point
gene_point	ENSG00000182827	ACBD3	0.29428502244735655	-0.0442360535300103					residual scatter point
gene_point	ENSG00000179604	CDC42EP4	-0.4716128382561463	0.039126788516679					residual scatter point
gene_point	ENSG00000153044	CENPH	-0.20729466456624993	-0.2397143849013812					residual scatter point
gene_point	ENSG00000076201	PTPN23	-0.1225847077255369	-0.1069929154777042					residual scatter point
gene_point	ENSG00000140553	UNC45A	0.2670176033285085	0.1730682661244245					residual scatter point
gene_point	ENSG00000125534	PPDPF	-1.487317718843577	0.3562476299545434					residual scatter point
gene_point	ENSG00000101152	DNAJC5	-0.4800701834294425	-0.4610675245364177					residual scatter point
gene_point	ENSG00000149636	DSN1	0.08538006048932331	0.1491490505779467					residual scatter point
gene_point	ENSG00000101421	CHMP4B	-0.22236555084696596	-0.1996563614958191					residual scatter point
gene_point	ENSG00000101346	POFUT1	-0.008369222074682395	-0.1306092227884185					residual scatter point
gene_point	ENSG00000060237	WNK1	-0.07409081751828406	0.2384194313510601					residual scatter point
gene_point	ENSG00000176393	RNPEP	0.27622449454009246	-0.0444096322753466					residual scatter point
gene_point	ENSG00000143457	GOLPH3L	-0.005039843032307201	-0.1753750852518152					residual scatter point
gene_point	ENSG00000113384	GOLPH3	-0.34817842594250026	-0.1687490375991061					residual scatter point
gene_point	ENSG00000151748	SAV1	-0.2626990558770882	-0.3749603036266631					residual scatter point
gene_point	ENSG00000023892	DEF6	-0.04278603563549306	-0.1911794967584086					residual scatter point
gene_point	ENSG00000088367	EPB41L1	-0.26591524491433977	-0.0680833801687335					residual scatter point
gene_point	ENSG00000170638	TRABD	-0.6648756944458409	0.081292882875827					residual scatter point
gene_point	ENSG00000161956	SENP3	-0.5241026905348308	-0.1534481711354338					residual scatter point
gene_point	ENSG00000070882	OSBPL3	-0.07423409820722032	0.1413966410666347					residual scatter point
gene_point	ENSG00000163104	SMARCAD1	0.19798446245502266	0.5720850958849173					residual scatter point
gene_point	ENSG00000110047	EHD1	0.15455273715113627	0.0558713896090239					residual scatter point
gene_point	ENSG00000181852	RNF41	-0.7946635343086145	0.6556313680827763					residual scatter point
gene_point	ENSG00000100982	PCIF1	-0.6956711865803319	-0.0700360762347784					residual scatter point
gene_point	ENSG00000089048	ESF1	0.39132719256539383	0.4656234049539574					residual scatter point
gene_point	ENSG00000119523	ALG2	-0.03679414722130858	0.0701960250607527					residual scatter point
gene_point	ENSG00000119285	HEATR1	0.2327949908683441	-0.0863814907618127					residual scatter point
gene_point	ENSG00000177548	RABEP2	-0.369393633445401	0.1947144885661504					residual scatter point
gene_point	ENSG00000162851	TFB2M	0.164421026019138	0.1852456589684976					residual scatter point
gene_point	ENSG00000163814	CDCP1	-0.4444037387856969	0.0389792270809934					residual scatter point
gene_point	ENSG00000149016	TUT1	0.21713988711963506	0.2653433196224579					residual scatter point
gene_point	ENSG00000110104	CCDC86	0.13272333573935569	0.3504034576662036					residual scatter point
gene_point	ENSG00000165271	NOL6	0.046732418353501684	-0.2213945017219991					residual scatter point
gene_point	ENSG00000047188	YTHDC2	0.4454632064673859	-0.5192247027419974					residual scatter point
gene_point	ENSG00000177106	EPS8L2	-0.18514561096052579	-0.1813594351202851					residual scatter point
gene_point	ENSG00000103067	ESRP2	-0.40213361590769314	-0.1889896318297914					residual scatter point
gene_point	ENSG00000005175	RPAP3	0.35232469939175315	0.1518111056412543					residual scatter point
gene_point	ENSG00000118961	LDAH	-0.18407185794945294	0.0681327806142917					residual scatter point
gene_point	ENSG00000120314	WDR55	-0.13713304146091265	-0.1419989511761521					residual scatter point
gene_point	ENSG00000108523	RNF167	0.0036184247872011466	-1.266257806623095					residual scatter point
gene_point	ENSG00000031823	RANBP3	-0.045841476109500595	-0.020259557307078					residual scatter point
gene_point	ENSG00000179958	DCTPP1	0.09322368820976443	-0.0800540896374677					residual scatter point
gene_point	ENSG00000104611	SH2D4A	-0.0016591126857951055	0.0208011802977843					residual scatter point
gene_point	ENSG00000197498	RPF2	0.18861135984274663	-0.0574178612018236					residual scatter point
gene_point	ENSG00000185420	SMYD3	-0.07119845676160472	0.0109722796073441					residual scatter point
gene_point	ENSG00000147459	DOCK5	-0.6143178168995809	-0.2366132330994421					residual scatter point
gene_point	ENSG00000162923	WDR26	0.053497787071263625	0.035351022612744					residual scatter point
gene_point	ENSG00000126461	SCAF1	-0.7066804642009439	0.2652539241570331					residual scatter point
gene_point	ENSG00000103510	KAT8	-0.15078739275277456	0.2194764085618086					residual scatter point
gene_point	ENSG00000148334	PTGES2	-0.13653601788874556	0.0581895950979607					residual scatter point
gene_point	ENSG00000164902	PHAX	0.405538130420676	-0.4468957236985016					residual scatter point
gene_point	ENSG00000159202	UBE2Z	0.20540865684995918	0.4551528076365905					residual scatter point
gene_point	ENSG00000177646	ACAD9	-0.07459798814094208	-0.0269053594602581					residual scatter point
gene_point	ENSG00000153561	RMND5A	-0.058631863998509504	-0.2052786121121634					residual scatter point
gene_point	ENSG00000120159	CAAP1	-0.26774090716303933	0.3892323370966526					residual scatter point
gene_point	ENSG00000125485	DDX31	0.02527984487414292	-0.1045757277357566					residual scatter point
gene_point	ENSG00000128039	SRD5A3	-0.21163160118159935	0.0396102568805645					residual scatter point
gene_point	ENSG00000114346	ECT2	0.5070975279367047	-0.0996017182837381					residual scatter point
gene_point	ENSG00000163516	ANKZF1	-0.36927656740740633	0.0373903280056246					residual scatter point
gene_point	ENSG00000115806	GORASP2	-0.2656798848235001	0.0124533478233956					residual scatter point
gene_point	ENSG00000177542	SLC25A22	-0.002806404869915744	0.0198917598531522					residual scatter point
gene_point	ENSG00000124641	MED20	0.10751258805793171	-0.0406730951888469					residual scatter point
gene_point	ENSG00000066557	LRRC40	0.37685522598272436	-0.2067584173190795					residual scatter point
gene_point	ENSG00000178966	RMI1	0.00788633360152402	-0.2696196723669821					residual scatter point
gene_point	ENSG00000181090	EHMT1	-0.3642358971511631	0.0517114118087675					residual scatter point
gene_point	ENSG00000164466	SFXN1	-0.033192585489998955	-0.0161356486166539					residual scatter point
gene_point	ENSG00000103051	COG4	0.12953718404385345	-0.0244814318798205					residual scatter point
gene_point	ENSG00000101442	ACTR5	0.2659550301531732	0.1613017169065838					residual scatter point
gene_point	ENSG00000139722	VPS37B	0.20133623231799247	-0.0229431804285802					residual scatter point
gene_point	ENSG00000135900	MRPL44	0.29808389210651653	-0.0802249217296839					residual scatter point
gene_point	ENSG00000087299	L2HGDH	0.19734031709559896	0.0282582966203968					residual scatter point
gene_point	ENSG00000144524	COPS7B	-0.24895436124910653	0.6497599619442109					residual scatter point
gene_point	ENSG00000187736	NHEJ1	0.1613970261482609	0.0006448282091788					residual scatter point
gene_point	ENSG00000134014	ELP3	-0.07800099600804908	-0.0263337247371282					residual scatter point
gene_point	ENSG00000125630	POLR1B	-0.07250230585592499	-0.3398572941093771					residual scatter point
gene_point	ENSG00000141560	FN3KRP	-0.09533063892377633	-0.3310040532585088					residual scatter point
gene_point	ENSG00000134905	CARS2	-0.01794688980271869	-0.0410850320561237					residual scatter point
gene_point	ENSG00000127125	PPCS	-0.38140944472056426	-0.048285656036386					residual scatter point
gene_point	ENSG00000173614	NMNAT1	-0.3665828921343952	-0.2204910958585557					residual scatter point
gene_point	ENSG00000108666	C17orf75	0.0844112696603537	0.0780712726858787					residual scatter point
gene_point	ENSG00000151461	UPF2	0.3947313802948478	-0.0281109580734479					residual scatter point
gene_point	ENSG00000124571	XPO5	0.01811229041326623	-0.1681129045952225					residual scatter point
gene_point	ENSG00000109519	GRPEL1	0.31551136049872985	0.3034310991886819					residual scatter point
gene_point	ENSG00000169499	PLEKHA2	-0.4883604548397459	-0.1189727035886161					residual scatter point
gene_point	ENSG00000107679	PLEKHA1	-0.5687606203693899	0.2266165911829247					residual scatter point
gene_point	ENSG00000121064	SCPEP1	0.3466982357934022	-0.1782132751643175					residual scatter point
gene_point	ENSG00000116161	CACYBP	0.018468148987736688	-0.114403247764006					residual scatter point
gene_point	ENSG00000240857	RDH14	-0.9331835098947199	-0.3992827223063511					residual scatter point
gene_point	ENSG00000134851	TMEM165	-0.2750805921505607	-0.2079248539584668					residual scatter point
gene_point	ENSG00000143924	EML4	0.11070396761447393	-0.330066361197403					residual scatter point
gene_point	ENSG00000167699	GLOD4	-0.03616341150458498	-0.0779029163054758					residual scatter point
gene_point	ENSG00000141570	CBX8	0.3125541292875495	-0.1423926971835438					residual scatter point
gene_point	ENSG00000124160	NCOA5	0.11475811424004229	0.1544295329039862					residual scatter point
gene_point	ENSG00000155363	MOV10	0.18655694027192543	-0.218703611511895					residual scatter point
gene_point	ENSG00000163510	CWC22	0.4468289122623688	-0.0644761798390618					residual scatter point
gene_point	ENSG00000100888	CHD8	0.2272446933416991	0.2336462952436733					residual scatter point
gene_point	ENSG00000128228	SDF2L1	-0.04648015391724358	0.0380348487971105					residual scatter point
gene_point	ENSG00000076924	XAB2	0.38644991958470437	-0.0867428916082602					residual scatter point
gene_point	ENSG00000138073	PREB	-0.2226323799012454	-0.04897440749275					residual scatter point
gene_point	ENSG00000189334	S100A14	-0.058791760023562456	0.0920239479531908					residual scatter point
gene_point	ENSG00000213523	SRA1	0.1085919545629798	-0.3218337086645793					residual scatter point
gene_point	ENSG00000136522	MRPL47	-0.03536144853768991	-0.046077170428699					residual scatter point
gene_point	ENSG00000214113	LYRM4	-0.16731586463881165	-0.0709497740767233					residual scatter point
gene_point	ENSG00000131165	CHMP1A	0.04959623698021817	-0.2604502733025278					residual scatter point
gene_point	ENSG00000077147	TM9SF3	-0.07444507167541126	-0.3510274981235284					residual scatter point
gene_point	ENSG00000101474	APMAP	0.13661260747414644	0.0832967542781766					residual scatter point
gene_point	ENSG00000184470	TXNRD2	0.22937226556699866	0.2169088230337124					residual scatter point
gene_point	ENSG00000242247	ARFGAP3	0.006069973965438874	-0.3463734636051789					residual scatter point
gene_point	ENSG00000140382	HMG20A	-0.12598959169093354	-0.0559797927472978					residual scatter point
gene_point	ENSG00000099246	RAB18	-0.0670872851098448	-0.1944714972963623					residual scatter point
gene_point	ENSG00000009844	VTA1	0.16830333340818357	0.0698788545504065					residual scatter point
gene_point	ENSG00000112996	MRPS30	0.009260842935952307	-0.1900401226772139					residual scatter point
gene_point	ENSG00000125971	DYNLRB1	-0.11598108191802414	0.1389071091335161					residual scatter point
gene_point	ENSG00000134153	EMC7	-0.004985065352079515	0.0114327600512069					residual scatter point
gene_point	ENSG00000165175	MID1IP1	0.25313176735831466	0.2642509440450791					residual scatter point
gene_point	ENSG00000120533	ENY2	0.051800560131408435	0.2513912828022242					residual scatter point
gene_point	ENSG00000112167	SAYSD1	-0.3925389779328184	0.1244598298564962					residual scatter point
gene_point	ENSG00000178896	EXOSC4	0.011281904238861218	0.0809058946376524					residual scatter point
gene_point	ENSG00000077152	UBE2T	-0.185098980576886	0.1155649716449467					residual scatter point
gene_point	ENSG00000178028	DMAP1	-0.1082962768547971	0.8217469895070391					residual scatter point
gene_point	ENSG00000105655	ISYNA1	0.22175150420599843	1.0980309840824027					residual scatter point
gene_point	ENSG00000196083	IL1RAP	0.34088684938247604	-0.4696013149092213					residual scatter point
gene_point	ENSG00000272886	DCP1A	0.7612442471394293	0.4779441989512065					residual scatter point
gene_point	ENSG00000112304	ACOT13	-0.18319461486929373	0.2328106895070369					residual scatter point
gene_point	ENSG00000113845	TIMMDC1	-0.3098644381323495	-0.5172279864058424					residual scatter point
gene_point	ENSG00000177963	RIC8A	-0.3264779558289729	0.0637532914150966					residual scatter point
gene_point	ENSG00000185033	SEMA4B	-0.6209842905236655	-0.7998152312902089					residual scatter point
gene_point	ENSG00000125734	GPR108	0.024660024155659377	0.3285288752855742					residual scatter point
gene_point	ENSG00000007392	LUC7L	0.42376659880409495	0.5918340165215383					residual scatter point
gene_point	ENSG00000185608	MRPL40	0.041940961875837096	0.0006208070536644					residual scatter point
gene_point	ENSG00000130810	PPAN	0.0576907537646697	0.1253327027400708					residual scatter point
gene_point	ENSG00000078237	TIGAR	0.11164040849372553	0.2665230989891043					residual scatter point
gene_point	ENSG00000115310	RTN4	0.3193997082071962	-0.0397415454153247					residual scatter point
gene_point	ENSG00000118096	IFT46	-0.1770958595133086	0.1278873666502562					residual scatter point
gene_point	ENSG00000111911	HINT3	-0.20793575508236214	0.2938326024794406					residual scatter point
gene_point	ENSG00000101413	RPRD1B	0.2597253771756219	-0.0706737950509932					residual scatter point
gene_point	ENSG00000196236	XPNPEP3	0.19323792484375435	0.5880386066717875					residual scatter point
gene_point	ENSG00000101132	PFDN4	-0.05995541360936282	0.0041884884535861					residual scatter point
gene_point	ENSG00000114021	NIT2	0.16772456117445755	-0.0296166119883203					residual scatter point
gene_point	ENSG00000169857	AVEN	-0.5242021077254839	-1.1198728188235505					residual scatter point
gene_point	ENSG00000149503	INCENP	-0.2546124521379072	-0.4391757221142462					residual scatter point
gene_point	ENSG00000077348	EXOSC5	0.3090584727901289	-0.0619609190988192					residual scatter point
gene_point	ENSG00000107371	EXOSC3	-0.10699587746342387	-0.263365320195625					residual scatter point
gene_point	ENSG00000197892	KIF13B	0.20014262902506313	0.0346905924643543					residual scatter point
gene_point	ENSG00000170325	PRDM10	0.18731377427867862	0.2185157115282905					residual scatter point
gene_point	ENSG00000011426	ANLN	0.3403545690393414	-0.1685552411923829					residual scatter point
gene_point	ENSG00000108039	XPNPEP1	0.17582907709664328	0.1397211294310025					residual scatter point
gene_point	ENSG00000171723	GPHN	0.026095397081390304	-0.2407964621050773					residual scatter point
gene_point	ENSG00000132467	UTP3	0.17862686075407908	-0.1016226282553081					residual scatter point
gene_point	ENSG00000115760	BIRC6	0.40663186583787836	-0.2952355749019872					residual scatter point
gene_point	ENSG00000196923	PDLIM7	-0.18890613143384852	0.1114698172832149					residual scatter point
gene_point	ENSG00000131069	ACSS2	-0.1312186115470505	-0.1349382296207917					residual scatter point
gene_point	ENSG00000184047	DIABLO	-0.05965985596256186	0.2557820293802741					residual scatter point
gene_point	ENSG00000165732	DDX21	0.4762792142619312	-0.21446313619386					residual scatter point
gene_point	ENSG00000079332	SAR1A	0.2154927510130033	-0.0843292534652633					residual scatter point
gene_point	ENSG00000115350	POLE4	0.07712299524858918	0.1768255971860526					residual scatter point
gene_point	ENSG00000095380	NANS	0.1025471509097862	0.0940005370075738					residual scatter point
gene_point	ENSG00000148341	SH3GLB2	-0.4858465225507852	-0.0592918643058055					residual scatter point
gene_point	ENSG00000070785	EIF2B3	0.16749336804727105	0.0594238224287657					residual scatter point
gene_point	ENSG00000152601	MBNL1	0.5143054900425007	0.1720452707399857					residual scatter point
gene_point	ENSG00000176894	PXMP2	-0.9280991168964698	0.0735942734962034					residual scatter point
gene_point	ENSG00000148229	POLE3	0.005430168497210799	-0.0104147223901449					residual scatter point
gene_point	ENSG00000104472	CHRAC1	-0.5482008410470007	-0.0916216433987671					residual scatter point
gene_point	ENSG00000099256	PRTFDC1	-1.550799544807262	-0.3199996823928224					residual scatter point
gene_point	ENSG00000135776	ABCB10	-0.432943391201904	0.0025637941582736					residual scatter point
gene_point	ENSG00000198604	BAZ1A	0.5402546713632957	-0.1027546906533327					residual scatter point
gene_point	ENSG00000149313	AASDHPPT	-0.03160925201214054	-0.2259010661297402					residual scatter point
gene_point	ENSG00000198856	OSTC	0.1860050596554914	-0.4993306904775885					residual scatter point
gene_point	ENSG00000158985	CDC42SE2	-0.1223234045952766	-0.1032346632574601					residual scatter point
gene_point	ENSG00000013583	HEBP1	0.06710209478667895	0.2528374900969368					residual scatter point
gene_point	ENSG00000244509	APOBEC3C	0.18584780854410216	-0.0716601838754655					residual scatter point
gene_point	ENSG00000136631	VPS45	0.22860810480914634	0.1824610246799078					residual scatter point
gene_point	ENSG00000115946	PNO1	-0.12946555249131125	-0.2325345040701112					residual scatter point
gene_point	ENSG00000158042	MRPL17	-0.0034583165743281574	0.0360909454932674					residual scatter point
gene_point	ENSG00000054148	PHPT1	-0.02307975562568454	0.1180034097600248					residual scatter point
gene_point	ENSG00000160007	ARHGAP35	-0.9680620135627847	-0.0972437514445623					residual scatter point
gene_point	ENSG00000055147	FAM114A2	0.12477301373636024	0.288871556355458					residual scatter point
gene_point	ENSG00000119969	HELLS	0.42115155212281175	-0.5869383062138986					residual scatter point
gene_point	ENSG00000168056	LTBP3	-0.17937429179978406	-0.5010181199555213					residual scatter point
gene_point	ENSG00000100216	TOMM22	-0.03650982243262922	0.0704974307083858					residual scatter point
gene_point	ENSG00000132434	LANCL2	-0.2345616959975639	-0.1354239815893958					residual scatter point
gene_point	ENSG00000051128	HOMER3	-0.9749205381810013	0.1119769111748478					residual scatter point
gene_point	ENSG00000116120	FARSB	0.21074807861104194	0.0380357960426174					residual scatter point
gene_point	ENSG00000067704	IARS2	-0.138213450427096	-0.0321673290090807					residual scatter point
gene_point	ENSG00000137171	KLC4	-0.1978620014232838	-0.0308723139235311					residual scatter point
gene_point	ENSG00000213689	TREX1	-0.8132856382651077	5.361572003133034					residual scatter point
gene_point	ENSG00000138756	BMP2K	-0.3771967799152076	-1.3247213302349916					residual scatter point
gene_point	ENSG00000144848	ATG3	0.10400042130953527	-0.053659847140743					residual scatter point
gene_point	ENSG00000083642	PDS5B	0.4963541292643861	-0.1787993439258741					residual scatter point
gene_point	ENSG00000113810	SMC4	0.6376153526593229	-0.0596660816494072					residual scatter point
gene_point	ENSG00000211456	SACM1L	0.19465648966603502	-0.3287734395861044					residual scatter point
gene_point	ENSG00000138430	OLA1	-0.04730454968797177	0.1054531090710426					residual scatter point
gene_point	ENSG00000119929	CUTC	-0.25315712324299766	-0.0517844395317244					residual scatter point
gene_point	ENSG00000244462	RBM12	0.032601226593204045	-0.0978043770997985					residual scatter point
gene_point	ENSG00000112159	MDN1	0.16784474911705455	-0.2857365190056526					residual scatter point
gene_point	ENSG00000088356	PDRG1	0.0561062868053569	-0.1235686249600007					residual scatter point
gene_point	ENSG00000144827	ABHD10	-0.22219762796414044	0.0676047240537656					residual scatter point
gene_point	ENSG00000176148	TCP11L1	-0.5490033880590142	0.0581492603856617					residual scatter point
gene_point	ENSG00000040341	STAU2	0.2829051259150126	-0.325180548298686					residual scatter point
gene_point	ENSG00000148943	LIN7C	0.43377950500769535	-0.0152648949462559					residual scatter point
gene_point	ENSG00000196141	SPATS2L	-0.15517311927297184	-0.4695701440468873					residual scatter point
gene_point	ENSG00000109775	UFSP2	0.023948163047983195	0.1000027076421155					residual scatter point
gene_point	ENSG00000161204	ABCF3	-0.056981206757967806	0.0564713846988382					residual scatter point
gene_point	ENSG00000168872	DDX19A	0.012562650244933499	0.0816298437556675					residual scatter point
gene_point	ENSG00000036054	TBC1D23	0.4647292832170786	-0.0587286002355185					residual scatter point
gene_point	ENSG00000164934	DCAF13	0.15408363280624823	-0.2286635741699196					residual scatter point
gene_point	ENSG00000177971	IMP3	0.1601106124435343	-0.0638661272844238					residual scatter point
gene_point	ENSG00000136159	NUDT15	0.22906008727242644	0.5835193103609555					residual scatter point
gene_point	ENSG00000101189	MRGBP	-1.0574239068380349	0.0635275713894429					residual scatter point
gene_point	ENSG00000090989	EXOC1	0.12530886117515372	-0.0772521003694954					residual scatter point
gene_point	ENSG00000104299	INTS9	-0.08120343090257764	-0.1497265604552247					residual scatter point
gene_point	ENSG00000101019	UQCC1	0.023630872583290177	-0.3514119661498114					residual scatter point
gene_point	ENSG00000197702	PARVA	0.09425660669514839	-0.059479901856605					residual scatter point
gene_point	ENSG00000143756	FBXO28	-0.03444846372143029	-0.564924884584471					residual scatter point
gene_point	ENSG00000107021	TBC1D13	-0.7565632989638198	-0.295879288121057					residual scatter point
gene_point	ENSG00000081177	EXD2	0.03974335945676112	-0.4530566989275932					residual scatter point
gene_point	ENSG00000007923	DNAJC11	-0.2065324118402035	-0.258506002418617					residual scatter point
gene_point	ENSG00000143493	INTS7	0.09907101042096378	-0.0625801685140015					residual scatter point
gene_point	ENSG00000197785	ATAD3A	-0.2149691912109864	-0.0724569030180291					residual scatter point
gene_point	ENSG00000134108	ARL8B	0.09642495562913511	0.229210675074718					residual scatter point
gene_point	ENSG00000104129	DNAJC17	-0.37919397938798177	-0.0068775947155188					residual scatter point
gene_point	ENSG00000088205	DDX18	0.34878435916013034	-0.1685446403530299					residual scatter point
gene_point	ENSG00000104613	INTS10	-0.607050266768725	-0.334641406335793					residual scatter point
gene_point	ENSG00000096080	MRPS18A	0.018939422174986342	-0.1468570186496407					residual scatter point
gene_point	ENSG00000108439	PNPO	-0.018609072664773733	-0.0261922792762199					residual scatter point
gene_point	ENSG00000104442	ARMC1	0.07826104004037637	0.1180377731325066					residual scatter point
gene_point	ENSG00000107951	MTPAP	-0.04416823734542552	-0.2585793463104515					residual scatter point
gene_point	ENSG00000073536	NLE1	0.060576722075718306	0.0565642059221076					residual scatter point
gene_point	ENSG00000106344	RBM28	0.27812942748060077	-0.2518286063720651					residual scatter point
gene_point	ENSG00000086589	RBM22	0.30353194548608065	-0.0807374758139509					residual scatter point
gene_point	ENSG00000082068	WDR70	-0.09477400676653806	-0.0473683026187643					residual scatter point
gene_point	ENSG00000134884	ARGLU1	0.3069223668705686	-0.0052300604158901					residual scatter point
gene_point	ENSG00000137776	SLTM	0.2061099972142224	0.0126227145351336					residual scatter point
gene_point	ENSG00000104872	PIH1D1	-0.350015052443626	-0.0238252174668041					residual scatter point
gene_point	ENSG00000101193	GID8	-0.5346802670024201	0.1962183588670285					residual scatter point
gene_point	ENSG00000105393	BABAM1	-0.4066257017342063	-0.0468595328468275					residual scatter point
gene_point	ENSG00000130748	TMEM160	0.1070480511716711	0.0161092929617296					residual scatter point
gene_point	ENSG00000169019	COMMD8	0.008598488079163892	0.118103019647533					residual scatter point
gene_point	ENSG00000168209	DDIT4	0.37810781838235163	-0.335965463432883					residual scatter point
gene_point	ENSG00000147123	NDUFB11	0.1429026999076488	-0.7555929636940313					residual scatter point
gene_point	ENSG00000167985	SDHAF2	-0.22888551012577169	0.1707985206209983					residual scatter point
gene_point	ENSG00000166902	MRPL16	-0.16160377974473555	0.3744106802267488					residual scatter point
gene_point	ENSG00000145912	NHP2	-0.06380025274171167	-0.1934864435441134					residual scatter point
gene_point	ENSG00000109180	OCIAD1	0.271616649466229	0.0337480819910744					residual scatter point
gene_point	ENSG00000145220	LYAR	0.1300614158173537	-0.2189526082923798					residual scatter point
gene_point	ENSG00000106554	CHCHD3	0.04729567701586551	0.0609463991696053					residual scatter point
gene_point	ENSG00000063322	MED29	-0.03137385493322814	-0.0441587570685815					residual scatter point
gene_point	ENSG00000167264	DUS2	0.16357622328330734	0.2758086560346076					residual scatter point
gene_point	ENSG00000091317	CMTM6	-0.2658099457707839	-0.4245268621813025					residual scatter point
gene_point	ENSG00000124523	SIRT5	-0.2526633434424649	-0.0491572137310782					residual scatter point
gene_point	ENSG00000136891	TEX10	0.22449191675424818	-0.1448189469976206					residual scatter point
gene_point	ENSG00000066654	THUMPD1	0.5807544513572798	-0.1150099713486341					residual scatter point
gene_point	ENSG00000198113	TOR4A	-0.0002245247008766521	-0.0691101151830455					residual scatter point
gene_point	ENSG00000104907	TRMT1	0.15970200102104087	-0.038105318572434					residual scatter point
gene_point	ENSG00000185305	ARL15	0.0037905964128137244	-0.0946056557628427					residual scatter point
gene_point	ENSG00000168564	CDKN2AIP	0.2926843131232443	-0.1154469285078416					residual scatter point
gene_point	ENSG00000148719	DNAJB12	-0.08787571821160414	-0.0551875399225672					residual scatter point
gene_point	ENSG00000107672	NSMCE4A	-0.3009204655419993	-0.2340628291222302					residual scatter point
gene_point	ENSG00000109534	GAR1	0.2704631162343477	-0.0173762640566863					residual scatter point
gene_point	ENSG00000163605	PPP4R2	0.30011047786080747	0.1664139386134557					residual scatter point
gene_point	ENSG00000254986	DPP3	0.20574593551139708	-0.0380703100353265					residual scatter point
gene_point	ENSG00000136271	DDX56	0.025607828376462555	0.0693945256550598					residual scatter point
gene_point	ENSG00000166848	TERF2IP	0.29766612862861414	0.101230487541855					residual scatter point
gene_point	ENSG00000138443	ABI2	-0.41065623735222556	0.0235232523354795					residual scatter point
gene_point	ENSG00000029363	BCLAF1	0.657924142651907	0.4430830291460452					residual scatter point
gene_point	ENSG00000108651	UTP6	-0.0013329441037461254	-0.2961163085554759					residual scatter point
gene_point	ENSG00000181924	COA4	-0.2870979435328782	0.4863406858367405					residual scatter point
gene_point	ENSG00000055208	TAB2	-0.35805644398286723	-0.1414858830163083					residual scatter point
gene_point	ENSG00000154719	MRPL39	-0.0707688106816031	0.048779606884203					residual scatter point
gene_point	ENSG00000134285	FKBP11	0.15527235540612377	-0.0584708797660908					residual scatter point
gene_point	ENSG00000138594	TMOD3	0.5028699002009216	0.4100183703429536					residual scatter point
gene_point	ENSG00000012660	ELOVL5	0.24106841458082356	-0.4063805630100461					residual scatter point
gene_point	ENSG00000086570	FAT2	0.30369223545421303	-0.7395084021421638					residual scatter point
gene_point	ENSG00000100558	PLEK2	-0.2301793703788208	-0.1828728568796442					residual scatter point
gene_point	ENSG00000136731	UGGT1	0.18492429263138277	-0.1069025136810708					residual scatter point
gene_point	ENSG00000118246	FASTKD2	0.18571256799707986	-0.279116415632842					residual scatter point
gene_point	ENSG00000099797	TECR	0.20839603053925865	-0.2352179214071625					residual scatter point
gene_point	ENSG00000164307	ERAP1	0.11646494292309006	-0.0142905670573298					residual scatter point
gene_point	ENSG00000131966	ACTR10	-0.0940745335541854	0.0107737666489597					residual scatter point
gene_point	ENSG00000053501	USE1	-0.15921099900599273	-0.0503021881313134					residual scatter point
gene_point	ENSG00000122873	CISD1	0.023833596656040484	0.0762168799716462					residual scatter point
gene_point	ENSG00000125447	GGA3	-0.18373816828991119	0.2469513713961735					residual scatter point
gene_point	ENSG00000136819	C9orf78	-0.36807506854257044	-0.1854029332524582					residual scatter point
gene_point	ENSG00000048828	FAM120A	-0.9689750883872927	-0.274173438249278					residual scatter point
gene_point	ENSG00000137409	MTCH1	-0.18088860492830827	-0.3579618990252395					residual scatter point
gene_point	ENSG00000133265	HSPBP1	0.1275071125444307	0.0526871884585915					residual scatter point
gene_point	ENSG00000038274	MAT2B	-0.0115350655821444	-0.1438926762252279					residual scatter point
gene_point	ENSG00000138119	MYOF	0.06736397653452844	-0.1727380957730027					residual scatter point
gene_point	ENSG00000013016	EHD3	-0.6058094813760084	0.2106269047242754					residual scatter point
gene_point	ENSG00000024422	EHD2	0.10670425134492256	-0.0991005183822082					residual scatter point
gene_point	ENSG00000196914	ARHGEF12	-0.8452125514150695	-0.0083390346287028					residual scatter point
gene_point	ENSG00000111596	CNOT2	-0.062364430897871165	-0.1250897382073041					residual scatter point
gene_point	ENSG00000213672	NCKIPSD	-0.27254592575530606	-0.5939966343539034					residual scatter point
gene_point	ENSG00000060491	OGFR	-0.7340725769054952	0.0648894766094621					residual scatter point
gene_point	ENSG00000086065	CHMP5	-0.023049337663453108	-0.0403875490705409					residual scatter point
gene_point	ENSG00000110442	COMMD9	0.20479466373099858	0.0513434577997653					residual scatter point
gene_point	ENSG00000143771	CNIH4	-0.25910169267918826	-0.5382689125366351					residual scatter point
gene_point	ENSG00000150316	CWC15	-0.5917802482153972	-0.1649207007478139					residual scatter point
gene_point	ENSG00000137547	MRPL15	-0.38413672993051895	0.0259161144764981					residual scatter point
gene_point	ENSG00000151500	THYN1	0.05377931393590024	0.1842598571637523					residual scatter point
gene_point	ENSG00000074696	HACD3	0.10040057002407698	-0.3006684177624343					residual scatter point
gene_point	ENSG00000161920	MED11	-0.269968859655781	-0.282272967747911					residual scatter point
gene_point	ENSG00000186010	NDUFA13	0.1428547900194645	0.0706562633004779					residual scatter point
gene_point	ENSG00000164951	PDP1	0.43489507672036526	-0.0258400141804848					residual scatter point
gene_point	ENSG00000176407	KCMF1	-0.048673343108234235	0.285536280101045					residual scatter point
gene_point	ENSG00000101558	VAPA	0.14567694314631055	-0.2866594801707904					residual scatter point
gene_point	ENSG00000108826	MRPL27	0.18983978555309686	0.2128861198518841					residual scatter point
gene_point	ENSG00000145979	TBC1D7	-0.06847158331346115	0.2686504790317681					residual scatter point
gene_point	ENSG00000168894	RNF181	0.11825708724646489	-0.2064103989519914					residual scatter point
gene_point	ENSG00000196683	TOMM7	-0.15974297508762367	-0.2360109303262039					residual scatter point
gene_point	ENSG00000154832	CXXC1	-0.3115069625229936	-1.0063373356832752					residual scatter point
gene_point	ENSG00000089639	GMIP	-0.4092328989743448	-0.2361167168311269					residual scatter point
gene_point	ENSG00000146386	ABRACL	-0.167065300112957	-0.0566765607617831					residual scatter point
gene_point	ENSG00000076826	CAMSAP3	-0.21247611910802133	-0.3869653095578353					residual scatter point
gene_point	ENSG00000066084	DIP2B	-0.04581759180110606	-0.1145905343633835					residual scatter point
gene_point	ENSG00000109171	SLAIN2	-0.11947731178352779	-0.1466702157161581					residual scatter point
gene_point	ENSG00000107949	BCCIP	0.08565699597116277	0.2057227222472839					residual scatter point
gene_point	ENSG00000134602	STK26	0.32363500593851957	0.0234973974873362					residual scatter point
gene_point	ENSG00000134247	PTGFRN	-0.12251309296113838	-0.3415090760718904					residual scatter point
gene_point	ENSG00000143079	CTTNBP2NL	-0.35176346622972554	-0.2988731066133994					residual scatter point
gene_point	ENSG00000008869	HEATR5B	-0.03500904721368853	-0.1024025742271366					residual scatter point
gene_point	ENSG00000124201	ZNFX1	-0.11824045154910645	-0.025176772741565					residual scatter point
gene_point	ENSG00000125844	RRBP1	-0.0492270828707781	-0.2392582491792332					residual scatter point
gene_point	ENSG00000165934	CPSF2	0.19614281573618686	0.1791210496539683					residual scatter point
gene_point	ENSG00000117625	RCOR3	-0.19625826365231058	0.2864706959768508					residual scatter point
gene_point	ENSG00000143375	CGN	0.06984891417660626	-0.0640036927305498					residual scatter point
gene_point	ENSG00000091009	RBM27	0.4591827298571737	-0.2096217453932869					residual scatter point
gene_point	ENSG00000185722	ANKFY1	0.09218606593775483	-0.3136841109726909					residual scatter point
gene_point	ENSG00000136143	SUCLA2	0.1742996659258047	0.4171321340108491					residual scatter point
gene_point	ENSG00000168818	STX18	-0.17108891284821365	-0.4013037978194997					residual scatter point
gene_point	ENSG00000130638	ATXN10	0.09441002380391258	-0.2346527006832346					residual scatter point
gene_point	ENSG00000134046	MBD2	-0.3566510292535462	-0.2025530050469051					residual scatter point
gene_point	ENSG00000020129	NCDN	0.06805324497481775	0.069253081146801					residual scatter point
gene_point	ENSG00000100109	TFIP11	0.39655386496191547	-0.0861981609364068					residual scatter point
gene_point	ENSG00000127527	EPS15L1	0.03295672059900037	-0.1095052994688536					residual scatter point
gene_point	ENSG00000135336	ORC3	0.33139747137943565	-0.0607643753985058					residual scatter point
gene_point	ENSG00000142230	SAE1	0.0250546331945391	0.0680117686962127					residual scatter point
gene_point	ENSG00000158623	COPG2	0.10535710539080162	-0.0396959846371665					residual scatter point
gene_point	ENSG00000114125	RNF7	-0.3482185396624114	0.1165427013945681					residual scatter point
gene_point	ENSG00000148444	COMMD3	-0.09739658833079429	-0.0589453496155005					residual scatter point
gene_point	ENSG00000172380	GNG12	0.30643794722317824	-0.4779578619321079					residual scatter point
gene_point	ENSG00000129691	ASH2L	-0.047503551190733684	-0.0380073898909376					residual scatter point
gene_point	ENSG00000172893	DHCR7	0.16792986298876433	-0.2145290320041013					residual scatter point
gene_point	ENSG00000021574	SPAST	0.2019746366596129	-0.323818917865637					residual scatter point
gene_point	ENSG00000037897	METTL1	-0.08376236961438543	0.1406564685224793					residual scatter point
gene_point	ENSG00000111237	VPS29	0.008726020511017119	0.0708618651255861					residual scatter point
gene_point	ENSG00000137106	GRHPR	-0.13326731688635834	0.0137365110968588					residual scatter point
gene_point	ENSG00000101160	CTSZ	-0.5030201918003079	-0.4477041833020223					residual scatter point
gene_point	ENSG00000090520	DNAJB11	-0.04627277887910031	0.1024583187133885					residual scatter point
gene_point	ENSG00000126261	UBA2	-0.2856236864159804	0.0718310091930973					residual scatter point
gene_point	ENSG00000185787	MORF4L1	0.08765510591313835	-0.7116033023882444					residual scatter point
gene_point	ENSG00000162231	NXF1	0.5410850522535926	0.1864625097191883					residual scatter point
gene_point	ENSG00000071537	SEL1L	0.11974765900759433	-0.0629744690256011					residual scatter point
gene_point	ENSG00000162517	PEF1	0.1677595864063804	-0.0559318809164928					residual scatter point
gene_point	ENSG00000121741	ZMYM2	0.5930910328541867	-1.2796433507173075					residual scatter point
gene_point	ENSG00000111652	COPS7A	0.0340285547737888	-0.1912452683280499					residual scatter point
gene_point	ENSG00000183048	SLC25A10	-0.43486022445480077	-0.1644643695232908					residual scatter point
gene_point	ENSG00000106665	CLIP2	-0.7803487768885832	0.5346350052366766					residual scatter point
gene_point	ENSG00000184076	UQCR10	-0.0654970974992492	-0.1450805522699525					residual scatter point
gene_point	ENSG00000119139	TJP2	0.254251914518289	0.3013079847093607					residual scatter point
gene_point	ENSG00000162616	DNAJB4	0.8876118670443813	0.180816887298052					residual scatter point
gene_point	ENSG00000153774	CFDP1	-0.18383003718650937	-0.1180424019309214					residual scatter point
gene_point	ENSG00000068438	FTSJ1	-0.10307320230210912	-0.0064709161145888					residual scatter point
gene_point	ENSG00000198648	STK39	-0.1561012026863388	-0.0639583454672987					residual scatter point
gene_point	ENSG00000148700	ADD3	0.2787689883629953	-0.2583448480793784					residual scatter point
gene_point	ENSG00000161036	LRWD1	0.04428585676651803	-0.4218340165698961					residual scatter point
gene_point	ENSG00000136783	NIPSNAP3A	-0.07666864703691102	0.0157904286001127					residual scatter point
gene_point	ENSG00000163320	CGGBP1	-0.4356469061413694	0.1934612206820887					residual scatter point
gene_point	ENSG00000241878	PISD	0.2284776378606005	-0.0489702780810397					residual scatter point
gene_point	ENSG00000033050	ABCF2	0.17754423504735062	0.1362888268037956					residual scatter point
gene_point	ENSG00000135269	TES	0.2915041462980943	0.3506829301641581					residual scatter point
gene_point	ENSG00000178078	STAP2	-0.11281701897249174	-0.2758167724007361					residual scatter point
gene_point	ENSG00000187908	DMBT1	-0.48267270051707295	1.2310840423421254					residual scatter point
gene_point	ENSG00000144791	LIMD1	-0.07792055623296479	0.0906295418518912					residual scatter point
gene_point	ENSG00000025796	SEC63	0.40761802546896303	-0.2388043456897026					residual scatter point
gene_point	ENSG00000101079	NDRG3	0.2814084594590144	0.1675736138335821					residual scatter point
gene_point	ENSG00000179750	APOBEC3B	0.1905574669956983	-0.0546161527324393					residual scatter point
gene_point	ENSG00000133789	SWAP70	0.26817858066517397	0.0497512311070735					residual scatter point
gene_point	ENSG00000100242	SUN2	-0.09014962265134799	-0.6361414876042062					residual scatter point
gene_point	ENSG00000109270	LAMTOR3	0.20183356121039242	-0.1765342676202159					residual scatter point
gene_point	ENSG00000188566	NDOR1	-0.1841983856102607	-0.1898436942943124					residual scatter point
gene_point	ENSG00000050405	LIMA1	0.46174440192572064	0.2771077456852495					residual scatter point
gene_point	ENSG00000072364	AFF4	0.30053552854430066	-0.0098011080688742					residual scatter point
gene_point	ENSG00000167881	SRP68	-0.07073609357181149	-0.0200216397414543					residual scatter point
gene_point	ENSG00000183735	TBK1	-0.2367955594518223	-0.1097242329813354					residual scatter point
gene_point	ENSG00000188021	UBQLN2	0.13740575787762274	0.0693393051118818					residual scatter point
gene_point	ENSG00000116005	PCYOX1	0.3285605300688922	-0.057754924663822					residual scatter point
gene_point	ENSG00000064703	DDX20	-0.017701644723942422	0.0182976444027289					residual scatter point
gene_point	ENSG00000197417	SHPK	0.02981329931666038	-0.0057524637664521					residual scatter point
gene_point	ENSG00000159348	CYB5R1	-0.0752555107021768	-0.1485047383453661					residual scatter point
gene_point	ENSG00000006453	BAIAP2L1	-0.09108229365115422	-0.0716422057154986					residual scatter point
gene_point	ENSG00000161526	SAP30BP	-0.11456139306245883	0.3300419794366274					residual scatter point
gene_point	ENSG00000108510	MED13	0.19477382683342997	-0.1512714945612501					residual scatter point
gene_point	ENSG00000143256	PFDN2	0.1267508421260815	0.1089130334394781					residual scatter point
gene_point	ENSG00000140199	SLC12A6	-0.37619474737920694	0.1330815373380325					residual scatter point
gene_point	ENSG00000179950	PUF60	0.6866729690115696	0.1127329056241706					residual scatter point
gene_point	ENSG00000115216	NRBP1	0.03144252147476355	0.3572262287799965					residual scatter point
gene_point	ENSG00000145293	ENOPH1	0.08684929366856864	0.0577276671416804					residual scatter point
gene_point	ENSG00000184752	NDUFA12	0.07459150774218276	-0.0280557025625753					residual scatter point
gene_point	ENSG00000115211	EIF2B4	0.16513560470453367	-0.4133685951292793					residual scatter point
gene_point	ENSG00000047249	ATP6V1H	0.39067650064610143	0.1191374534862532					residual scatter point
gene_point	ENSG00000105404	RABAC1	0.1566020911549057	-0.1532480574689945					residual scatter point
gene_point	ENSG00000086200	IPO11	0.1901282321494604	0.6385052920915673					residual scatter point
gene_point	ENSG00000173113	TRMT112	-0.12697944459043267	0.107008161982268					residual scatter point
gene_point	ENSG00000130227	XPO7	-0.25103846728178375	-0.2583465763791679					residual scatter point
gene_point	ENSG00000205629	LCMT1	-0.12766023153777867	-0.2813532358793864					residual scatter point
gene_point	ENSG00000149823	VPS51	-0.08491761518214558	-0.1894797154353735					residual scatter point
gene_point	ENSG00000132781	MUTYH	-0.1974762887628418	-0.3676451221367642					residual scatter point
gene_point	ENSG00000076108	BAZ2A	-0.24950628797866425	-0.0803185692118155					residual scatter point
gene_point	ENSG00000009954	BAZ1B	0.4051588104444325	-0.3551713930934852					residual scatter point
gene_point	ENSG00000176463	SLCO3A1	-0.33983188276669707	-0.3669766597402031					residual scatter point
gene_point	ENSG00000147853	AK3	-0.4002706791718513	0.2492668902908548					residual scatter point
gene_point	ENSG00000113441	LNPEP	0.29731140839388936	-0.147731157326362					residual scatter point
gene_point	ENSG00000114554	PLXNA1	-0.934818408944566	-0.163252318226533					residual scatter point
gene_point	ENSG00000124357	NAGK	-0.1683858525162682	0.0267482595548678					residual scatter point
gene_point	ENSG00000131373	HACL1	0.3739778084616322	-0.1638785219944143					residual scatter point
gene_point	ENSG00000089195	TRMT6	-0.055209949801436196	-0.1023054671710923					residual scatter point
gene_point	ENSG00000198478	SH3BGRL2	0.16224781818009548	-0.144390816292681					residual scatter point
gene_point	ENSG00000075391	RASAL2	0.27368462015041206	0.2557040828520858					residual scatter point
gene_point	ENSG00000004864	SLC25A13	-0.19165019667338615	-0.1904183550857858					residual scatter point
gene_point	ENSG00000136279	DBNL	-0.07423506228279855	0.1053877593384058					residual scatter point
gene_point	ENSG00000183258	DDX41	-0.017408096188576888	-0.1950800661645537					residual scatter point
gene_point	ENSG00000132912	DCTN4	0.09110585685542744	0.010654586987485					residual scatter point
gene_point	ENSG00000094880	CDC23	0.21600815733442957	-0.0172599352623787					residual scatter point
gene_point	ENSG00000196510	ANAPC7	-0.028128024092113096	-0.1274923658976163					residual scatter point
gene_point	ENSG00000089053	ANAPC5	-0.6614666339248285	-0.3132105935086517					residual scatter point
gene_point	ENSG00000053900	ANAPC4	-0.06707966481708871	-0.0760387872111145					residual scatter point
gene_point	ENSG00000100083	GGA1	-0.43454237847077354	-0.3769623689507941					residual scatter point
gene_point	ENSG00000165283	STOML2	-0.37118945486029986	0.1341124528758612					residual scatter point
gene_point	ENSG00000130332	LSM7	-0.2137383859501193	0.3997384664467667					residual scatter point
gene_point	ENSG00000163660	CCNL1	0.3561550174997552	0.0297662765700117					residual scatter point
gene_point	ENSG00000138231	DBR1	0.09011771256232559	-0.0395926393980801					residual scatter point
gene_point	ENSG00000110429	FBXO3	0.28051270173725895	-0.095755164147814					residual scatter point
gene_point	ENSG00000117569	PTBP2	0.8781750639531908	-0.1588336353240222					residual scatter point
gene_point	ENSG00000053372	MRTO4	0.0939270972187432	-0.0093156853122842					residual scatter point
gene_point	ENSG00000154310	TNIK	0.19812900213284595	-0.2373574906798445					residual scatter point
gene_point	ENSG00000119203	CPSF3	-0.0038078598323667487	-0.0930624945691143					residual scatter point
gene_point	ENSG00000157500	APPL1	0.05496352555655393	-0.1749302835315198					residual scatter point
gene_point	ENSG00000005469	CROT	0.25681499825827625	0.1241330553044495					residual scatter point
gene_point	ENSG00000163171	CDC42EP3	0.20777283736781604	0.8389130674865672					residual scatter point
gene_point	ENSG00000186566	GPATCH8	-0.07169790133000253	0.1461696861263526					residual scatter point
gene_point	ENSG00000102699	PARP4	0.2736032750363695	-0.2696733659722312					residual scatter point
gene_point	ENSG00000165609	NUDT5	0.15180899232495193	0.2214230664636218					residual scatter point
gene_point	ENSG00000089902	RCOR1	0.26667328664405565	-0.1780001889747335					residual scatter point
gene_point	ENSG00000177239	MAN1B1	0.053272759524161606	-0.3655515026092963					residual scatter point
gene_point	ENSG00000125970	RALY	-0.2888792434285036	0.0195986360740612					residual scatter point
gene_point	ENSG00000125484	GTF3C4	-0.09726549111820067	-0.0982384809433405					residual scatter point
gene_point	ENSG00000165912	PACSIN3	-0.5562368380014983	-0.2239359661412763					residual scatter point
gene_point	ENSG00000151498	ACAD8	0.07115199237504694	0.4011031044658821					residual scatter point
gene_point	ENSG00000100813	ACIN1	0.16779864597596894	0.2247915277169028					residual scatter point
gene_point	ENSG00000093000	NUP50	0.0179702327371557	0.0304882232727763					residual scatter point
gene_point	ENSG00000091527	CDV3	0.42434304857712213	0.023904021434717					residual scatter point
gene_point	ENSG00000166170	BAG5	-0.579596417119224	-0.1020446906640337					residual scatter point
gene_point	ENSG00000080371	RAB21	0.2476933981401788	-0.2073802011066803					residual scatter point
gene_point	ENSG00000123992	DNPEP	-0.2649541343093334	-0.228505757507051					residual scatter point
gene_point	ENSG00000232119	MCTS1	0.25771271159873005	-0.009379335237039					residual scatter point
gene_point	ENSG00000129422	MTUS1	0.008320165098331445	-1.3634651170069176					residual scatter point
gene_point	ENSG00000134313	KIDINS220	0.21581032124638075	-0.4117167823503465					residual scatter point
gene_point	ENSG00000153317	ASAP1	-0.4371090231328213	-0.2894961681138763					residual scatter point
gene_point	ENSG00000240682	ISY1	0.030709744833471206	0.1308532770022665					residual scatter point
gene_point	ENSG00000092148	HECTD1	0.3159454702322627	-0.5297503642733616					residual scatter point
gene_point	ENSG00000101040	ZMYND8	-0.07999901100416207	0.8110732170545756					residual scatter point
gene_point	ENSG00000148337	CIZ1	-1.4893268786368465	-0.3884127576787222					residual scatter point
gene_point	ENSG00000110880	CORO1C	0.09997326431300507	-0.0561952095681164					residual scatter point
gene_point	ENSG00000088325	TPX2	0.15722297695046003	-0.4752904300937857					residual scatter point
gene_point	ENSG00000141101	NOB1	-0.1919864686959783	0.2682358551938222					residual scatter point
gene_point	ENSG00000011243	AKAP8L	0.2863784815496442	0.4082403737798632					residual scatter point
gene_point	ENSG00000185022	MAFF	0.6271517440136207	0.5160686299272328					residual scatter point
gene_point	ENSG00000103490	PYCARD	-0.23194571295953403	-0.2216706661273981					residual scatter point
gene_point	ENSG00000143183	TMCO1	0.3131604019032956	-0.047429944994807					residual scatter point
gene_point	ENSG00000196586	MYO6	0.2563895252641235	-0.0136548884416143					residual scatter point
gene_point	ENSG00000065618	COL17A1	0.13983454075267343	-0.1752602698230596					residual scatter point
gene_point	ENSG00000157349	DDX19B	0.004247131956296392	0.0331840252171709					residual scatter point
gene_point	ENSG00000169599	NFU1	-0.40823507788805624	0.2614673187154928					residual scatter point
gene_point	ENSG00000110107	PRPF19	0.057473774998857974	0.1073535140898229					residual scatter point
gene_point	ENSG00000135018	UBQLN1	0.1572597479582808	-0.0129222127775108					residual scatter point
gene_point	ENSG00000117691	NENF	-0.8579468070948109	0.307269258951198					residual scatter point
gene_point	ENSG00000225921	NOL7	-0.07919688869875541	0.1249522319319993					residual scatter point
gene_point	ENSG00000147164	SNX12	-0.04173496072533553	0.0210368953174864					residual scatter point
gene_point	ENSG00000165795	NDRG2	-0.2964911857336754	-0.0811369283211611					residual scatter point
gene_point	ENSG00000132612	VPS4A	-0.5676019153753432	0.0852794920219253					residual scatter point
gene_point	ENSG00000143842	SOX13	0.32060292369785276	-0.3928213965723621					residual scatter point
gene_point	ENSG00000138757	G3BP2	0.40557762802684305	0.1277413330019783					residual scatter point
gene_point	ENSG00000103266	STUB1	-0.7258658421070034	0.1641808722372104					residual scatter point
gene_point	ENSG00000100266	PACSIN2	0.32338964601104314	0.1489936939770046					residual scatter point
gene_point	ENSG00000102316	MAGED2	0.28453965874713405	0.0933089426740707					residual scatter point
gene_point	ENSG00000129515	SNX6	0.003134408860363591	0.0289434797782774					residual scatter point
gene_point	ENSG00000114850	SSR3	0.12090646618541413	-0.1076979409326135					residual scatter point
gene_point	ENSG00000185627	PSMD13	0.12235501581764402	0.11359260965569					residual scatter point
gene_point	ENSG00000101000	PROCR	0.048562698967338835	-0.3776874066733136					residual scatter point
gene_point	ENSG00000084072	PPIE	0.2475636443027615	0.081331636380483					residual scatter point
gene_point	ENSG00000086189	DIMT1	-0.1872344001428939	-0.477017056078262					residual scatter point
gene_point	ENSG00000141030	COPS3	-0.00399225578403678	-0.0993017984314832					residual scatter point
gene_point	ENSG00000107789	MINPP1	0.08394512992586561	-0.0988650237039365					residual scatter point
gene_point	ENSG00000065183	WDR3	-0.07642222465690446	-0.2813435112257405					residual scatter point
gene_point	ENSG00000116830	TTF2	0.1865139459302675	-0.1672230544846407					residual scatter point
gene_point	ENSG00000088833	NSFL1C	-0.16822932029436366	0.0212411212399992					residual scatter point
gene_point	ENSG00000127603	MACF1	-0.2765382629489851	-0.3135947133543695					residual scatter point
gene_point	ENSG00000105063	PPP6R1	-0.2791158540435923	-0.1249084797451587					residual scatter point
gene_point	ENSG00000197323	TRIM33	0.2388973279757658	0.2117967367151276					residual scatter point
gene_point	ENSG00000100354	TNRC6B	0.4760238258107211	-0.2088715253200366					residual scatter point
gene_point	ENSG00000182473	EXOC7	-0.11742470198007808	-0.0367284281734541					residual scatter point
gene_point	ENSG00000130749	ZC3H4	0.283680961467122	0.080894696231283					residual scatter point
gene_point	ENSG00000162402	USP24	-0.07174552148064048	-0.5570472100355328					residual scatter point
gene_point	ENSG00000100697	DICER1	-1.3288754064777621	-0.796295983892982					residual scatter point
gene_point	ENSG00000084764	MAPRE3	-0.09609922594851467	0.3811380806183599					residual scatter point
gene_point	ENSG00000108061	SHOC2	-0.5151235510582384	-0.0376869174347014					residual scatter point
gene_point	ENSG00000167978	SRRM2	0.05169794143962109	0.0838027684296349					residual scatter point
gene_point	ENSG00000170515	PA2G4	0.07073205076016653	0.0392751678742513					residual scatter point
gene_point	ENSG00000197912	SPG7	-0.04583462498898881	-0.2186375417194241					residual scatter point
gene_point	ENSG00000175866	BAIAP2	-0.1963346241992302	-0.0977237646091566					residual scatter point
gene_point	ENSG00000108055	SMC3	0.5982697031090072	0.0124416190305183					residual scatter point
gene_point	ENSG00000163848	ZNF148	-0.24905763617119614	-0.311519092428707					residual scatter point
gene_point	ENSG00000132603	NIP7	0.13804611800666297	0.0037964809413555					residual scatter point
gene_point	ENSG00000183207	RUVBL2	0.23261469197136297	0.1314999854977436					residual scatter point
gene_point	ENSG00000153046	CDYL	-0.9971246704145091	-0.80366845298866					residual scatter point
gene_point	ENSG00000102309	PIN4	-0.0005367648879137099	0.0234780840314634					residual scatter point
gene_point	ENSG00000181061	HIGD1A	0.19923443017543577	0.0086569964299236					residual scatter point
gene_point	ENSG00000132963	POMP	0.10534902548609082	-0.0181737486099393					residual scatter point
gene_point	ENSG00000100129	EIF3L	0.03054406623964187	-0.049579875934441					residual scatter point
gene_point	ENSG00000137055	PLAA	-0.04124878618598843	-0.0170269535219205					residual scatter point
gene_point	ENSG00000175792	RUVBL1	0.17017184155116288	0.1149797751685497					residual scatter point
gene_point	ENSG00000090273	NUDC	0.014189170041657373	0.102573294948101					residual scatter point
gene_point	ENSG00000074582	BCS1L	0.048387672064701376	-0.2020014548259148					residual scatter point
gene_point	ENSG00000078668	VDAC3	0.23964079696803062	-0.0299988761771317					residual scatter point
gene_point	ENSG00000165410	CFL2	-0.12939468650484026	0.1643438869660975					residual scatter point
gene_point	ENSG00000179115	FARSA	0.046800107828727455	-0.0474028862088609					residual scatter point
gene_point	ENSG00000090263	MRPS33	-0.29890144561248383	-0.562393248214125					residual scatter point
gene_point	ENSG00000185721	DRG1	0.2167908572854848	-0.0548346570463671					residual scatter point
gene_point	ENSG00000061676	NCKAP1	-0.6610282948900377	-0.2003471303542632					residual scatter point
gene_point	ENSG00000257727	CNPY2	-0.02751792449473711	0.3070885344603589					residual scatter point
gene_point	ENSG00000144036	EXOC6B	0.04089635433438665	-0.0033811089770399					residual scatter point
gene_point	ENSG00000173120	KDM2A	0.16774704524914658	-0.1529634163185349					residual scatter point
gene_point	ENSG00000083520	DIS3	0.5484202227203817	0.1438932174812208					residual scatter point
gene_point	ENSG00000153339	TRAPPC8	0.369217636378343	0.0080086059577482					residual scatter point
gene_point	ENSG00000120158	RCL1	0.04314969376750866	-0.1128875556272177					residual scatter point
gene_point	ENSG00000197448	GSTK1	-0.0708728145538613	0.1109775547938625					residual scatter point
gene_point	ENSG00000147586	MRPS28	0.10577659518339133	0.0158874227377765					residual scatter point
gene_point	ENSG00000183978	COA3	0.16952748519046404	-0.0339498895610006					residual scatter point
gene_point	ENSG00000239789	MRPS17	0.13851209504386514	-0.1050461186765616					residual scatter point
gene_point	ENSG00000125445	MRPS7	0.11289657698945672	0.0524453392303314					residual scatter point
gene_point	ENSG00000004142	POLDIP2	-0.6297381494631367	-0.0135109740506536					residual scatter point
gene_point	ENSG00000185009	AP3M1	0.16660492318431608	0.1120018292595048					residual scatter point
gene_point	ENSG00000119125	GDA	0.3016154673064965	0.0890447664211713					residual scatter point
gene_point	ENSG00000174106	LEMD3	0.49270734965956875	-0.1099211111206699					residual scatter point
gene_point	ENSG00000153048	CARHSP1	-0.026210741214649835	0.3743263848645313					residual scatter point
gene_point	ENSG00000054118	THRAP3	0.35086856490004026	0.0438264857004284					residual scatter point
gene_point	ENSG00000084463	WBP11	0.049952758582359646	0.2230709662162944					residual scatter point
gene_point	ENSG00000055044	NOP58	0.3475635013810803	-0.1273830398786195					residual scatter point
gene_point	ENSG00000108262	GIT1	-2.099662849890462	-0.0914333287229851					residual scatter point
gene_point	ENSG00000102931	ARL2BP	-0.28851768955673274	-0.0708605329110731					residual scatter point
gene_point	ENSG00000165416	SUGT1	0.05679244117377155	0.0444536302352531					residual scatter point
gene_point	ENSG00000139131	YARS2	0.004710431556309624	0.1229043726948475					residual scatter point
gene_point	ENSG00000119723	COQ6	0.09139638988400303	0.3173145810292919					residual scatter point
gene_point	ENSG00000123130	ACOT9	0.13456190258322567	-0.1156341924430215					residual scatter point
gene_point	ENSG00000131043	AAR2	0.10180619716468664	-0.0148619900728981					residual scatter point
gene_point	ENSG00000142546	NOSIP	0.127635586687886	0.2890592405533176					residual scatter point
gene_point	ENSG00000023697	DERA	-0.5658809176664548	-0.1292606155205753					residual scatter point
gene_point	ENSG00000162959	MEMO1	-0.6257060537773613	-0.1702767347173264					residual scatter point
gene_point	ENSG00000213593	TMX2	0.341798315375764	0.1499103948576667					residual scatter point
gene_point	ENSG00000119616	FCF1	-0.07011670689291283	-0.0167602276960749					residual scatter point
gene_point	ENSG00000214530	STARD10	-0.02047773508638895	0.1873293761872574					residual scatter point
gene_point	ENSG00000097033	SH3GLB1	-0.05348536435016921	-0.157800491309807					residual scatter point
gene_point	ENSG00000137806	NDUFAF1	0.1938640924106756	0.6602750713388907					residual scatter point
gene_point	ENSG00000135932	CAB39	0.11052042091460473	-0.1256210663342472					residual scatter point
gene_point	ENSG00000146963	LUC7L2	0.46481058038767087	0.085831577754309					residual scatter point
gene_point	ENSG00000100612	DHRS7	0.1105526271381273	-0.0872410717461846					residual scatter point
gene_point	ENSG00000122140	MRPS2	-0.28747431629494713	-0.0188407801865118					residual scatter point
gene_point	ENSG00000189306	RRP7A	-0.18159668329906503	0.7481829804137874					residual scatter point
gene_point	ENSG00000126524	SBDS	0.058067165789980335	0.1641534180236732					residual scatter point
gene_point	ENSG00000171311	EXOSC1	-0.015705172289099206	-0.0955336532857522					residual scatter point
gene_point	ENSG00000115128	SF3B6	-0.06649897274406741	-0.1098630038437065					residual scatter point
gene_point	ENSG00000174547	MRPL11	-0.08842766031342639	-0.0917739227059399					residual scatter point
gene_point	ENSG00000076043	REXO2	-0.11782292996629956	0.0267559940292834					residual scatter point
gene_point	ENSG00000067533	RRP15	0.25556813894936004	0.1096325364693555					residual scatter point
gene_point	ENSG00000048162	NOP16	-0.126077151324142	-0.0286484833879825					residual scatter point
gene_point	ENSG00000137168	PPIL1	-0.22375985538972093	-0.2492180740492173					residual scatter point
gene_point	ENSG00000143222	UFC1	0.07999932082659045	0.1481997677629039					residual scatter point
gene_point	ENSG00000182180	MRPS16	-0.10229281992604092	0.0256725746904002					residual scatter point
gene_point	ENSG00000163319	MRPS18C	-0.18327861133974394	0.0564104014903712					residual scatter point
gene_point	ENSG00000214253	FIS1	-0.11548227738112878	-0.2843352375580537					residual scatter point
gene_point	ENSG00000181610	MRPS23	-0.14207195348941404	0.0735274104685324					residual scatter point
gene_point	ENSG00000111711	GOLT1B	0.2137825054410224	-0.1382093098455215					residual scatter point
gene_point	ENSG00000141378	PTRH2	-0.04539944204173692	0.0162043002177441					residual scatter point
gene_point	ENSG00000115561	CHMP3	-1.416776075318042	-0.0708185306197357					residual scatter point
gene_point	ENSG00000023734	STRAP	0.07011524444010869	0.1191764257190932					residual scatter point
gene_point	ENSG00000100220	RTCB	0.11783921237652221	0.0210709354650298					residual scatter point
gene_point	ENSG00000100225	FBXO7	-0.1620809070903638	0.2464362628451368					residual scatter point
gene_point	ENSG00000100092	SH3BP1	-0.9072219151737133	-0.2680311924252443					residual scatter point
gene_point	ENSG00000133121	STARD13	0.9324995863849672	0.209974819311153					residual scatter point
gene_point	ENSG00000011454	RABGAP1	-0.11354354255573404	0.2166867238047984					residual scatter point
gene_point	ENSG00000166925	TSC22D4	0.3526706919056135	0.1246679094935956					residual scatter point
gene_point	ENSG00000188976	NOC2L	0.1419950506246446	-0.2049186105686793					residual scatter point
gene_point	ENSG00000130255	RPL36	-0.19013454786139178	0.2752149889540867					residual scatter point
gene_point	ENSG00000105321	CCDC9	-0.5644396501602877	-0.7784351974476671					residual scatter point
gene_point	ENSG00000160679	CHTOP	0.4147608420010577	-0.290037460480967					residual scatter point
gene_point	ENSG00000101347	SAMHD1	0.26477091585469237	0.1722664029348735					residual scatter point
gene_point	ENSG00000184363	PKP3	-0.2178100952836306	-0.1172002218108083					residual scatter point
gene_point	ENSG00000112339	HBS1L	-0.24925383837483073	-0.5139252205041132					residual scatter point
gene_point	ENSG00000143033	MTF2	0.28425965421111443	-0.4315482037236862					residual scatter point
gene_point	ENSG00000137076	TLN1	0.2063222519081624	-0.0101846165201386					residual scatter point
gene_point	ENSG00000196367	TRRAP	-0.15919989993432648	-0.484979375896664					residual scatter point
gene_point	ENSG00000115548	KDM3A	0.30803869361943303	-0.2386774939534035					residual scatter point
gene_point	ENSG00000198420	TCAF1	0.38733201687302926	-0.0128502441883675					residual scatter point
gene_point	ENSG00000122965	RBM19	0.07317285625334957	0.0001303320433727					residual scatter point
gene_point	ENSG00000100592	DAAM1	0.28051704366546315	0.2528682729739664					residual scatter point
gene_point	ENSG00000091157	WDR7	0.04269739180695012	0.7344890608510042					residual scatter point
gene_point	ENSG00000135655	USP15	0.5707886378227653	0.0326428658610069					residual scatter point
gene_point	ENSG00000099814	CEP170B	-1.3941249950359336	-0.3493002376191452					residual scatter point
gene_point	ENSG00000185950	IRS2	0.5107954587122736	0.3104816071453342					residual scatter point
gene_point	ENSG00000134013	LOXL2	0.19857341443531018	1.201860986900904					residual scatter point
gene_point	ENSG00000012983	MAP4K5	-0.14867917142506007	-0.2443971849449777					residual scatter point
gene_point	ENSG00000106638	TBL2	0.09714891805127501	-0.4162194141914064					residual scatter point
gene_point	ENSG00000157954	WIPI2	-0.5206315181877321	0.272162671639947					residual scatter point
gene_point	ENSG00000100726	TELO2	0.1448156246095137	-0.1677167679788418					residual scatter point
gene_point	ENSG00000001497	LAS1L	0.21210721430699825	0.0830966045798895					residual scatter point
gene_point	ENSG00000141385	AFG3L2	-0.3072446346460784	-0.1805970077266607					residual scatter point
gene_point	ENSG00000166233	ARIH1	0.31052757075740883	-0.1869091610867705					residual scatter point
gene_point	ENSG00000106355	LSM5	-0.3000886618091745	-0.1669167213912423					residual scatter point
gene_point	ENSG00000130520	LSM4	-0.4352967965682112	-0.1360540327051467					residual scatter point
gene_point	ENSG00000100347	SAMM50	-0.004731847636572195	-0.2625774020111571					residual scatter point
gene_point	ENSG00000117523	PRRC2C	0.33539096987274886	-0.3056481466957166					residual scatter point
gene_point	ENSG00000124596	OARD1	0.028956198532866212	-0.2027724228946414					residual scatter point
gene_point	ENSG00000214517	PPME1	0.505494394030328	0.384276570334265					residual scatter point
gene_point	ENSG00000076053	RBM7	0.31237533707374565	0.0015574677330114					residual scatter point
gene_point	ENSG00000136636	KCTD3	-0.3477133948461384	-0.5421246559726889					residual scatter point
gene_point	ENSG00000013374	NUB1	0.052244858638825886	0.6159042247517608					residual scatter point
gene_point	ENSG00000198492	YTHDF2	0.09776362876463526	-0.124183237240814					residual scatter point
gene_point	ENSG00000092201	SUPT16H	0.3256486322375294	-0.0475567237537823					residual scatter point
gene_point	ENSG00000011260	UTP18	0.10408366765502561	-0.1417867918455293					residual scatter point
gene_point	ENSG00000174307	PHLDA3	0.29298482803517834	0.3143982907628189					residual scatter point
gene_point	ENSG00000132286	TIMM10B	0.042998006481911155	-0.1535107647962839					residual scatter point
gene_point	ENSG00000100575	TIMM9	-0.3388281638306271	0.1022672637830481					residual scatter point
gene_point	ENSG00000150779	TIMM8B	-0.19400817822107594	-0.1966338853121207					residual scatter point
gene_point	ENSG00000116750	UCHL5	0.1303309940230203	0.0104059513669199					residual scatter point
gene_point	ENSG00000198087	CD2AP	-0.06583090440641595	-0.0064795840237152					residual scatter point
gene_point	ENSG00000100554	ATP6V1D	0.13478857893923046	0.0325965268243777					residual scatter point
gene_point	ENSG00000064419	TNPO3	-0.09605250897615665	-0.0444395283645278					residual scatter point
gene_point	ENSG00000099800	TIMM13	-0.04605449597938832	0.0009666435607904					residual scatter point
gene_point	ENSG00000144867	SRPRB	0.2570122876678778	-0.1870880532656897					residual scatter point
gene_point	ENSG00000173540	GMPPB	0.022199633132560515	0.1367087131359774					residual scatter point
gene_point	ENSG00000148308	GTF3C5	-0.22289250178461276	0.0700974171130859					residual scatter point
gene_point	ENSG00000119041	GTF3C3	0.2759889243759857	-0.230846276034045					residual scatter point
gene_point	ENSG00000198752	CDC42BPB	-0.6875816598581174	-0.0846580245146775					residual scatter point
gene_point	ENSG00000265241	RBM8A	0.2952800536863807	-0.1756560576938071					residual scatter point
gene_point	ENSG00000184281	TSSC4	-0.015538899467565315	0.2172058033387642					residual scatter point
gene_point	ENSG00000134049	IER3IP1	-0.24114831503908465	-0.2719075121795171					residual scatter point
gene_point	ENSG00000120963	ZNF706	-0.4238311715826778	0.1279780391962468					residual scatter point
gene_point	ENSG00000130340	SNX9	-0.2916401457018959	-0.0823585588560007					residual scatter point
gene_point	ENSG00000089006	SNX5	-0.22131780770959467	-0.0799329370938792					residual scatter point
gene_point	ENSG00000162769	FLVCR1	0.4720827693257116	0.4805132740050535					residual scatter point
gene_point	ENSG00000095906	NUBP2	-0.08246707818238103	0.0528408472831216					residual scatter point
gene_point	ENSG00000121680	PEX16	-0.11940858786996789	0.9833657155860251					residual scatter point
gene_point	ENSG00000149418	ST14	-0.11802701073282384	-0.197571336427579					residual scatter point
gene_point	ENSG00000051620	HEBP2	-0.9316739599889026	-0.511665974678003					residual scatter point
gene_point	ENSG00000177192	PUS1	-0.2212071413850687	0.0428003263810659					residual scatter point
gene_point	ENSG00000093167	LRRFIP2	-0.21187288229290524	-0.4264266317606839					residual scatter point
gene_point	ENSG00000135723	FHOD1	-0.08889644248451867	-0.2681984374217698					residual scatter point
gene_point	ENSG00000135069	PSAT1	0.20266574409973084	-0.1437204450324394					residual scatter point
gene_point	ENSG00000196498	NCOR2	-0.8494312064902803	-0.90632576201563					residual scatter point
gene_point	ENSG00000102743	SLC25A15	-0.9004158360428383	-0.4277262208420183					residual scatter point
gene_point	ENSG00000158769	F11R	0.11073979712055038	-0.1467621363788893					residual scatter point
gene_point	ENSG00000156642	NPTN	0.09753781604759615	0.0202194560822235					residual scatter point
gene_point	ENSG00000106723	SPIN1	0.15546517211303917	0.004518331887672					residual scatter point
gene_point	ENSG00000120697	ALG5	0.27646568807705174	-0.3430811581976449					residual scatter point
gene_point	ENSG00000181789	COPG1	0.27359342537590015	0.0740809369592447					residual scatter point
gene_point	ENSG00000115307	AUP1	-0.12617595360378916	-0.0454474561229076					residual scatter point
gene_point	ENSG00000169504	CLIC4	0.3002896673903007	0.0059337062790909					residual scatter point
gene_point	ENSG00000244005	NFS1	-0.05360533415616023	0.0430017049993018					residual scatter point
gene_point	ENSG00000130714	POMT1	-0.07155655086935525	-0.1394070950534836					residual scatter point
gene_point	ENSG00000070761	CFAP20	0.14807417545146434	-0.4210629803910404					residual scatter point
gene_point	ENSG00000013810	TACC3	-0.1122314231007851	-0.1396767473895455					residual scatter point
gene_point	ENSG00000114902	SPCS1	0.10361116509652865	-0.3491248088404397					residual scatter point
gene_point	ENSG00000152700	SAR1B	0.29631156686464877	-0.0232788425016465					residual scatter point
gene_point	ENSG00000124198	ARFGEF2	-0.34176207033306344	-0.3436009532813315					residual scatter point
gene_point	ENSG00000066777	ARFGEF1	0.07635787876677635	-0.2966356351803263					residual scatter point
gene_point	ENSG00000002822	MAD1L1	-0.30228169407538785	0.0142074257914686					residual scatter point
gene_point	ENSG00000102572	STK24	-0.4896613186285428	-0.1056196390847077					residual scatter point
gene_point	ENSG00000136261	BZW2	-0.04127468094596942	-0.1381199370919787					residual scatter point
gene_point	ENSG00000145781	COMMD10	0.11111725566659453	-0.028102562441779					residual scatter point
gene_point	ENSG00000144635	DYNC1LI1	0.011848273453123864	-0.0982129698711418					residual scatter point
gene_point	ENSG00000063245	EPN1	-1.873556913162188	-0.6242187819395912					residual scatter point
gene_point	ENSG00000134255	CEPT1	0.07948688906307247	0.0198516010985585					residual scatter point
gene_point	ENSG00000111331	OAS3	0.16092558971074955	-0.0444314207733178					residual scatter point
gene_point	ENSG00000073792	IGF2BP2	-0.28738843147371707	0.074862916214748					residual scatter point
gene_point	ENSG00000151292	CSNK1G3	0.0765662192452512	-0.1076548544692368					residual scatter point
gene_point	ENSG00000170385	SLC30A1	0.639781317470164	0.0859170580764576					residual scatter point
gene_point	ENSG00000147684	NDUFB9	-0.16472202513823198	-0.0131844856161933					residual scatter point
gene_point	ENSG00000166260	COX11	0.14557016442758053	0.0359461998483947					residual scatter point
gene_point	ENSG00000129354	AP1M2	-0.18296134085054125	0.483468668590433					residual scatter point
gene_point	ENSG00000124151	NCOA3	0.11066596841651288	-0.3134324550075273					residual scatter point
gene_point	ENSG00000158195	WASF2	-0.6491372304721796	-0.124097003566888					residual scatter point
gene_point	ENSG00000129933	MAU2	-0.029250691563007705	0.3225074921257231					residual scatter point
gene_point	ENSG00000133422	MORC2	0.017569944836722973	-0.2209384353901793					residual scatter point
gene_point	ENSG00000116679	IVNS1ABP	-0.7104445695778848	-0.9265320747514298					residual scatter point
gene_point	ENSG00000107651	SEC23IP	0.0795688566836336	-0.0621344515896638					residual scatter point
summary		residual_Ribo6			0.11058808019012686	0.07798900826729868	0.14217644918427755	<1e-4	Spearman rho
summary		partial_Ribo_given_RNA			0.11845983274673053	0.08684251379264145	0.1502841947947061	<1e-4	partial Spearman
summary		partial_RNA_given_Ribo			0.008724710723242338	-0.022911104326334395	0.039861948289613446	0.5706	partial Spearman
summary		Model_B_minus_Model_A			0.039280648992946095	0.029919394718886848	0.04871149906333399	<1e-4	paired fold-level CV difference
