permutation	T_perm_repeat_OOF	T_obs_repeat_OOF	empirical_upper_tail_P
1	-0.0103404884456326	0.040423559554728	9.999000099990002e-05
2	-0.00305047626006	0.040423559554728	9.999000099990002e-05
3	-0.0041198451477329	0.040423559554728	9.999000099990002e-05
4	-0.0031812185253325	0.040423559554728	9.999000099990002e-05
5	-0.0042173759339228	0.040423559554728	9.999000099990002e-05
6	-0.0059154078152655	0.040423559554728	9.999000099990002e-05
7	-0.0039527123430002	0.040423559554728	9.999000099990002e-05
8	-0.0009572058981862	0.040423559554728	9.999000099990002e-05
9	-0.004585607799959	0.040423559554728	9.999000099990002e-05
10	-0.0012543645480269	0.040423559554728	9.999000099990002e-05
11	-0.0008076221653914	0.040423559554728	9.999000099990002e-05
12	-0.0022567738020205	0.040423559554728	9.999000099990002e-05
13	-0.0035664503226242	0.040423559554728	9.999000099990002e-05
14	-0.0069563749129289	0.040423559554728	9.999000099990002e-05
15	0.0020314347780422	0.040423559554728	9.999000099990002e-05
16	-0.0018010350111132	0.040423559554728	9.999000099990002e-05
17	-0.0039123224658309	0.040423559554728	9.999000099990002e-05
18	-0.0017288221938279	0.040423559554728	9.999000099990002e-05
19	-0.0020416139153476	0.040423559554728	9.999000099990002e-05
20	-0.005369179384748	0.040423559554728	9.999000099990002e-05
21	-0.0030696817951396	0.040423559554728	9.999000099990002e-05
22	-0.0036590614838809	0.040423559554728	9.999000099990002e-05
23	-0.0062256108021602	0.040423559554728	9.999000099990002e-05
24	-0.005756722162704	0.040423559554728	9.999000099990002e-05
25	-0.0038913983533678	0.040423559554728	9.999000099990002e-05
26	0.001101445497813	0.040423559554728	9.999000099990002e-05
27	0.0004596661076434	0.040423559554728	9.999000099990002e-05
28	-0.0029384853014391	0.040423559554728	9.999000099990002e-05
29	-0.001933545618261	0.040423559554728	9.999000099990002e-05
30	-0.0010942376488423	0.040423559554728	9.999000099990002e-05
31	-0.004781427362301	0.040423559554728	9.999000099990002e-05
32	-0.0086068533887303	0.040423559554728	9.999000099990002e-05
33	-0.003248622961618	0.040423559554728	9.999000099990002e-05
34	-0.0023505549578331	0.040423559554728	9.999000099990002e-05
35	-0.0050152126343411	0.040423559554728	9.999000099990002e-05
36	-0.0022256461028246	0.040423559554728	9.999000099990002e-05
37	-0.0050323482974302	0.040423559554728	9.999000099990002e-05
38	-0.0033257799879185	0.040423559554728	9.999000099990002e-05
39	-0.0042966492880498	0.040423559554728	9.999000099990002e-05
40	-0.00422657432409	0.040423559554728	9.999000099990002e-05
41	-0.0049848435599076	0.040423559554728	9.999000099990002e-05
42	-0.0026359408332144	0.040423559554728	9.999000099990002e-05
43	-0.0023991078659742	0.040423559554728	9.999000099990002e-05
44	-0.0053093360926227	0.040423559554728	9.999000099990002e-05
45	-0.0049367114666181	0.040423559554728	9.999000099990002e-05
46	0.0019714089519927	0.040423559554728	9.999000099990002e-05
47	-0.0036352375846741	0.040423559554728	9.999000099990002e-05
48	-0.0037808058981537	0.040423559554728	9.999000099990002e-05
49	-0.007419372683081	0.040423559554728	9.999000099990002e-05
50	-0.0001510314043658	0.040423559554728	9.999000099990002e-05
51	-0.00573725256996	0.040423559554728	9.999000099990002e-05
52	-0.002261806479106	0.040423559554728	9.999000099990002e-05
53	-0.0027838894937121	0.040423559554728	9.999000099990002e-05
54	-0.0063827094156429	0.040423559554728	9.999000099990002e-05
55	-0.0021167915383105	0.040423559554728	9.999000099990002e-05
56	-0.0050272800715311	0.040423559554728	9.999000099990002e-05
57	-0.0062470275003751	0.040423559554728	9.999000099990002e-05
58	-0.0023479188247901	0.040423559554728	9.999000099990002e-05
59	-0.0061519969230308	0.040423559554728	9.999000099990002e-05
60	-0.0044256760729944	0.040423559554728	9.999000099990002e-05
61	-0.0012856978647922	0.040423559554728	9.999000099990002e-05
62	-0.0031367225101225	0.040423559554728	9.999000099990002e-05
63	0.0031858141520693	0.040423559554728	9.999000099990002e-05
64	-0.0067937589042846	0.040423559554728	9.999000099990002e-05
65	-0.0067928835724595	0.040423559554728	9.999000099990002e-05
66	-0.0015730329616452	0.040423559554728	9.999000099990002e-05
67	-0.0001562088543793	0.040423559554728	9.999000099990002e-05
68	-0.0080680553719958	0.040423559554728	9.999000099990002e-05
69	-0.0030779152697019	0.040423559554728	9.999000099990002e-05
70	-0.0060274211842586	0.040423559554728	9.999000099990002e-05
71	-0.0051006464939842	0.040423559554728	9.999000099990002e-05
72	-0.0040970068432298	0.040423559554728	9.999000099990002e-05
73	-0.0024389592401742	0.040423559554728	9.999000099990002e-05
74	-0.0027267066686392	0.040423559554728	9.999000099990002e-05
75	0.000181296756287	0.040423559554728	9.999000099990002e-05
76	0.0017537661884443	0.040423559554728	9.999000099990002e-05
77	-0.0044914297016313	0.040423559554728	9.999000099990002e-05
78	-0.002138002003392	0.040423559554728	9.999000099990002e-05
79	-0.0025943729206862	0.040423559554728	9.999000099990002e-05
80	-0.0015861715376807	0.040423559554728	9.999000099990002e-05
81	-0.0031366911548378	0.040423559554728	9.999000099990002e-05
82	-0.0043694714558586	0.040423559554728	9.999000099990002e-05
83	-0.0077231472979936	0.040423559554728	9.999000099990002e-05
84	-0.001037935888033	0.040423559554728	9.999000099990002e-05
85	-0.0032296745591093	0.040423559554728	9.999000099990002e-05
86	-0.003032116259667	0.040423559554728	9.999000099990002e-05
87	-0.0045547882866626	0.040423559554728	9.999000099990002e-05
88	-0.004792878735474	0.040423559554728	9.999000099990002e-05
89	-0.0045308349843882	0.040423559554728	9.999000099990002e-05
90	-0.0028095257860838	0.040423559554728	9.999000099990002e-05
91	0.0036861795539093	0.040423559554728	9.999000099990002e-05
92	-0.0044800903610829	0.040423559554728	9.999000099990002e-05
93	-0.0017548999609136	0.040423559554728	9.999000099990002e-05
94	-0.0046114789107113	0.040423559554728	9.999000099990002e-05
95	-0.0058900015706544	0.040423559554728	9.999000099990002e-05
96	-0.003844058394599	0.040423559554728	9.999000099990002e-05
97	-0.0058104016598937	0.040423559554728	9.999000099990002e-05
98	-0.005092566044753	0.040423559554728	9.999000099990002e-05
99	-0.0058018167560699	0.040423559554728	9.999000099990002e-05
100	-0.0026571229438851	0.040423559554728	9.999000099990002e-05
101	-0.0039167429261735	0.040423559554728	9.999000099990002e-05
102	-0.0049683961741722	0.040423559554728	9.999000099990002e-05
103	-0.0029216947965545	0.040423559554728	9.999000099990002e-05
104	-0.0051786313382736	0.040423559554728	9.999000099990002e-05
105	-0.0062143902077299	0.040423559554728	9.999000099990002e-05
106	-0.0007439877500365	0.040423559554728	9.999000099990002e-05
107	-0.0050738949922412	0.040423559554728	9.999000099990002e-05
108	0.0016462885248923	0.040423559554728	9.999000099990002e-05
109	-0.0017396695064793	0.040423559554728	9.999000099990002e-05
110	-0.0038337894234412	0.040423559554728	9.999000099990002e-05
111	-0.0084172372674846	0.040423559554728	9.999000099990002e-05
112	-0.0069328653360239	0.040423559554728	9.999000099990002e-05
113	-0.0004561912303528	0.040423559554728	9.999000099990002e-05
114	-0.0017441855523493	0.040423559554728	9.999000099990002e-05
115	-0.0029594723360717	0.040423559554728	9.999000099990002e-05
116	-0.0038844810505445	0.040423559554728	9.999000099990002e-05
117	-0.0025298047718839	0.040423559554728	9.999000099990002e-05
118	-0.0046711102180283	0.040423559554728	9.999000099990002e-05
119	-0.0052656286339683	0.040423559554728	9.999000099990002e-05
120	-0.007715329252099	0.040423559554728	9.999000099990002e-05
121	-0.0012137800564924	0.040423559554728	9.999000099990002e-05
122	-0.0017022291228364	0.040423559554728	9.999000099990002e-05
123	-0.0032915384011699	0.040423559554728	9.999000099990002e-05
124	-0.0038854698961948	0.040423559554728	9.999000099990002e-05
125	-0.0017553193522738	0.040423559554728	9.999000099990002e-05
126	-0.0040396749362817	0.040423559554728	9.999000099990002e-05
127	-0.0045674333920733	0.040423559554728	9.999000099990002e-05
128	-0.0065346602415962	0.040423559554728	9.999000099990002e-05
129	-0.0068595236515439	0.040423559554728	9.999000099990002e-05
130	-0.0055543223379947	0.040423559554728	9.999000099990002e-05
131	-0.0019898523612903	0.040423559554728	9.999000099990002e-05
132	-0.0042874108285218	0.040423559554728	9.999000099990002e-05
133	-0.0029743300858182	0.040423559554728	9.999000099990002e-05
134	-0.0053051892888937	0.040423559554728	9.999000099990002e-05
135	-0.0088974450108269	0.040423559554728	9.999000099990002e-05
136	-0.0008077686503564	0.040423559554728	9.999000099990002e-05
137	-0.0057728585347933	0.040423559554728	9.999000099990002e-05
138	-0.0016241184534443	0.040423559554728	9.999000099990002e-05
139	-0.0021239588562475	0.040423559554728	9.999000099990002e-05
140	-0.0030639618794644	0.040423559554728	9.999000099990002e-05
141	5.789433996287174e-05	0.040423559554728	9.999000099990002e-05
142	-0.0019472865043082	0.040423559554728	9.999000099990002e-05
143	-0.004944723819096	0.040423559554728	9.999000099990002e-05
144	-0.004386392671884	0.040423559554728	9.999000099990002e-05
145	-0.0077252774375343	0.040423559554728	9.999000099990002e-05
146	-0.0025042302667358	0.040423559554728	9.999000099990002e-05
147	-0.0070267931114561	0.040423559554728	9.999000099990002e-05
148	-0.0040170640441563	0.040423559554728	9.999000099990002e-05
149	0.0004112634740324	0.040423559554728	9.999000099990002e-05
150	-0.0063530427957686	0.040423559554728	9.999000099990002e-05
151	-0.0056713830806607	0.040423559554728	9.999000099990002e-05
152	-0.0100233296831726	0.040423559554728	9.999000099990002e-05
153	-0.0051702334889213	0.040423559554728	9.999000099990002e-05
154	-0.0044005072244376	0.040423559554728	9.999000099990002e-05
155	-0.0047353599279454	0.040423559554728	9.999000099990002e-05
156	-0.0057834917466357	0.040423559554728	9.999000099990002e-05
157	-0.0005590413925013	0.040423559554728	9.999000099990002e-05
158	-0.007381082282677	0.040423559554728	9.999000099990002e-05
159	-0.0042584891563501	0.040423559554728	9.999000099990002e-05
160	-0.0001792027618873	0.040423559554728	9.999000099990002e-05
161	-0.000428215602906	0.040423559554728	9.999000099990002e-05
162	-0.0049198921648861	0.040423559554728	9.999000099990002e-05
163	-0.0084483055647669	0.040423559554728	9.999000099990002e-05
164	-0.0047007582748047	0.040423559554728	9.999000099990002e-05
165	-0.0035026978151879	0.040423559554728	9.999000099990002e-05
166	-0.0009927353792085	0.040423559554728	9.999000099990002e-05
167	-0.0086877633733005	0.040423559554728	9.999000099990002e-05
168	-0.0070730615081793	0.040423559554728	9.999000099990002e-05
169	-0.0019977139583288	0.040423559554728	9.999000099990002e-05
170	-0.0011382345764072	0.040423559554728	9.999000099990002e-05
171	-0.003333484519988	0.040423559554728	9.999000099990002e-05
172	-3.894397534440208e-05	0.040423559554728	9.999000099990002e-05
173	-0.0015158392680226	0.040423559554728	9.999000099990002e-05
174	-0.0008083379122829	0.040423559554728	9.999000099990002e-05
175	0.001545135818592	0.040423559554728	9.999000099990002e-05
176	0.0007067090288553	0.040423559554728	9.999000099990002e-05
177	-0.0034387700067028	0.040423559554728	9.999000099990002e-05
178	-0.0008912273578998	0.040423559554728	9.999000099990002e-05
179	-0.0029496341826784	0.040423559554728	9.999000099990002e-05
180	-0.0070898654977599	0.040423559554728	9.999000099990002e-05
181	0.0011790329571506	0.040423559554728	9.999000099990002e-05
182	-0.0006441626034068	0.040423559554728	9.999000099990002e-05
183	-0.0051854308567975	0.040423559554728	9.999000099990002e-05
184	-0.00664409470575	0.040423559554728	9.999000099990002e-05
185	-0.0058575631628489	0.040423559554728	9.999000099990002e-05
186	-0.0071383508285298	0.040423559554728	9.999000099990002e-05
187	-0.0068684361700019	0.040423559554728	9.999000099990002e-05
188	-0.0087447654726681	0.040423559554728	9.999000099990002e-05
189	-0.0103962466827797	0.040423559554728	9.999000099990002e-05
190	-0.0045423904648009	0.040423559554728	9.999000099990002e-05
191	-0.0028325196358827	0.040423559554728	9.999000099990002e-05
192	-0.0003352388159461	0.040423559554728	9.999000099990002e-05
193	0.0001574034907264	0.040423559554728	9.999000099990002e-05
194	-0.0014577231519387	0.040423559554728	9.999000099990002e-05
195	-0.0025129753133481	0.040423559554728	9.999000099990002e-05
196	-0.002388399478394	0.040423559554728	9.999000099990002e-05
197	0.0006181696110081	0.040423559554728	9.999000099990002e-05
198	-0.0002650460676868	0.040423559554728	9.999000099990002e-05
199	-0.0091400387710307	0.040423559554728	9.999000099990002e-05
200	-0.0045987673628752	0.040423559554728	9.999000099990002e-05
201	-0.0058335547483716	0.040423559554728	9.999000099990002e-05
202	-0.0030813230505305	0.040423559554728	9.999000099990002e-05
203	-0.002591284521325	0.040423559554728	9.999000099990002e-05
204	-0.0086332897987166	0.040423559554728	9.999000099990002e-05
205	-0.0042030228696054	0.040423559554728	9.999000099990002e-05
206	-5.36548746348342e-05	0.040423559554728	9.999000099990002e-05
207	-0.0054944808348519	0.040423559554728	9.999000099990002e-05
208	-0.001349240753494	0.040423559554728	9.999000099990002e-05
209	0.0009724440086961	0.040423559554728	9.999000099990002e-05
210	-0.0022187812191122	0.040423559554728	9.999000099990002e-05
211	-0.0008214272816814	0.040423559554728	9.999000099990002e-05
212	0.0004791127129241	0.040423559554728	9.999000099990002e-05
213	-0.0045065566451533	0.040423559554728	9.999000099990002e-05
214	-0.0026979905563278	0.040423559554728	9.999000099990002e-05
215	-0.0031742995297085	0.040423559554728	9.999000099990002e-05
216	-0.0081136718481064	0.040423559554728	9.999000099990002e-05
217	-0.0056525138358187	0.040423559554728	9.999000099990002e-05
218	-0.0021969392239713	0.040423559554728	9.999000099990002e-05
219	-0.0018862141812045	0.040423559554728	9.999000099990002e-05
220	0.0002324291078858	0.040423559554728	9.999000099990002e-05
221	0.0001964289321019	0.040423559554728	9.999000099990002e-05
222	-0.0051482594938027	0.040423559554728	9.999000099990002e-05
223	-0.0014315125192387	0.040423559554728	9.999000099990002e-05
224	-0.0035351662702049	0.040423559554728	9.999000099990002e-05
225	-0.0040734317472452	0.040423559554728	9.999000099990002e-05
226	8.628064469376751e-05	0.040423559554728	9.999000099990002e-05
227	-0.0063483772063506	0.040423559554728	9.999000099990002e-05
228	-0.0049559372575963	0.040423559554728	9.999000099990002e-05
229	-0.0045888199853675	0.040423559554728	9.999000099990002e-05
230	-0.0044815807373975	0.040423559554728	9.999000099990002e-05
231	-0.0100579402042803	0.040423559554728	9.999000099990002e-05
232	-0.0052704762379286	0.040423559554728	9.999000099990002e-05
233	-0.0017375346732641	0.040423559554728	9.999000099990002e-05
234	-0.003601298278259	0.040423559554728	9.999000099990002e-05
235	-0.0057859340732411	0.040423559554728	9.999000099990002e-05
236	-0.0008113931481405	0.040423559554728	9.999000099990002e-05
237	-0.0028083005061977	0.040423559554728	9.999000099990002e-05
238	-0.0015817760269112	0.040423559554728	9.999000099990002e-05
239	-0.0062451951013844	0.040423559554728	9.999000099990002e-05
240	-0.0092240191304824	0.040423559554728	9.999000099990002e-05
241	-0.003028304630466	0.040423559554728	9.999000099990002e-05
242	-0.0018125829316321	0.040423559554728	9.999000099990002e-05
243	-0.0064642539311463	0.040423559554728	9.999000099990002e-05
244	-0.0053503412258815	0.040423559554728	9.999000099990002e-05
245	-0.0007161954067325	0.040423559554728	9.999000099990002e-05
246	-0.0085231035387121	0.040423559554728	9.999000099990002e-05
247	-0.0074476867937115	0.040423559554728	9.999000099990002e-05
248	-0.0005183071073459	0.040423559554728	9.999000099990002e-05
249	-0.0023303771011459	0.040423559554728	9.999000099990002e-05
250	-0.0020820673302502	0.040423559554728	9.999000099990002e-05
251	-0.0055222878747434	0.040423559554728	9.999000099990002e-05
252	-0.0049204700062341	0.040423559554728	9.999000099990002e-05
253	-0.0044871240824234	0.040423559554728	9.999000099990002e-05
254	-0.0046480421543102	0.040423559554728	9.999000099990002e-05
255	-0.0017084620725257	0.040423559554728	9.999000099990002e-05
256	-0.0035944451672056	0.040423559554728	9.999000099990002e-05
257	-0.0034352664864558	0.040423559554728	9.999000099990002e-05
258	-0.0041495783062145	0.040423559554728	9.999000099990002e-05
259	-0.0032889189460605	0.040423559554728	9.999000099990002e-05
260	-0.0073840556485398	0.040423559554728	9.999000099990002e-05
261	-0.0025989449828685	0.040423559554728	9.999000099990002e-05
262	-0.0030556894512508	0.040423559554728	9.999000099990002e-05
263	-0.0035167136466856	0.040423559554728	9.999000099990002e-05
264	-0.0040607959907109	0.040423559554728	9.999000099990002e-05
265	-0.0065965661728365	0.040423559554728	9.999000099990002e-05
266	-0.0016389968822896	0.040423559554728	9.999000099990002e-05
267	-0.0022661099823131	0.040423559554728	9.999000099990002e-05
268	-0.0068073293753214	0.040423559554728	9.999000099990002e-05
269	-0.0010750882070205	0.040423559554728	9.999000099990002e-05
270	-0.0057044079477084	0.040423559554728	9.999000099990002e-05
271	-0.0040325384734837	0.040423559554728	9.999000099990002e-05
272	-0.0010289496942742	0.040423559554728	9.999000099990002e-05
273	-0.0008840251836586	0.040423559554728	9.999000099990002e-05
274	-0.0061486361751293	0.040423559554728	9.999000099990002e-05
275	-0.0054297400973291	0.040423559554728	9.999000099990002e-05
276	-0.0029471910096727	0.040423559554728	9.999000099990002e-05
277	-0.0033989263078148	0.040423559554728	9.999000099990002e-05
278	0.0003092643096998	0.040423559554728	9.999000099990002e-05
279	-0.0047018649817	0.040423559554728	9.999000099990002e-05
280	-0.0038172183478405	0.040423559554728	9.999000099990002e-05
281	0.000231441070163	0.040423559554728	9.999000099990002e-05
282	-0.0047620867494244	0.040423559554728	9.999000099990002e-05
283	-0.0059354059850114	0.040423559554728	9.999000099990002e-05
284	-0.0038441523065622	0.040423559554728	9.999000099990002e-05
285	-0.0043233276531103	0.040423559554728	9.999000099990002e-05
286	-0.003270736670499	0.040423559554728	9.999000099990002e-05
287	-0.0042293553454793	0.040423559554728	9.999000099990002e-05
288	-0.0046388828909216	0.040423559554728	9.999000099990002e-05
289	-0.0067244596469847	0.040423559554728	9.999000099990002e-05
290	-0.0047296516502747	0.040423559554728	9.999000099990002e-05
291	-0.0066541655422867	0.040423559554728	9.999000099990002e-05
292	-0.0038471661072767	0.040423559554728	9.999000099990002e-05
293	-0.0029212147336803	0.040423559554728	9.999000099990002e-05
294	-0.0042061392963591	0.040423559554728	9.999000099990002e-05
295	-0.0017465661302039	0.040423559554728	9.999000099990002e-05
296	-0.0001164922501944	0.040423559554728	9.999000099990002e-05
297	-0.0069913509827944	0.040423559554728	9.999000099990002e-05
298	-0.0082008406937575	0.040423559554728	9.999000099990002e-05
299	-0.0059405627366897	0.040423559554728	9.999000099990002e-05
300	-0.0022609227217504	0.040423559554728	9.999000099990002e-05
301	-0.0042529858614486	0.040423559554728	9.999000099990002e-05
302	-0.0045916525987038	0.040423559554728	9.999000099990002e-05
303	-0.0042589241676435	0.040423559554728	9.999000099990002e-05
304	-0.0032979998404737	0.040423559554728	9.999000099990002e-05
305	-0.0036186788972962	0.040423559554728	9.999000099990002e-05
306	-0.0011204012486153	0.040423559554728	9.999000099990002e-05
307	-0.0025563326508142	0.040423559554728	9.999000099990002e-05
308	0.0062316100491785	0.040423559554728	9.999000099990002e-05
309	-0.0039141166036797	0.040423559554728	9.999000099990002e-05
310	-0.0060912991513065	0.040423559554728	9.999000099990002e-05
311	-0.0062246437897909	0.040423559554728	9.999000099990002e-05
312	-0.0024564734365715	0.040423559554728	9.999000099990002e-05
313	-0.0027687712450298	0.040423559554728	9.999000099990002e-05
314	-0.0057985376473268	0.040423559554728	9.999000099990002e-05
315	-0.0085742050736446	0.040423559554728	9.999000099990002e-05
316	-6.830610270247839e-05	0.040423559554728	9.999000099990002e-05
317	-0.0004992671012387	0.040423559554728	9.999000099990002e-05
318	-0.0047781886307006	0.040423559554728	9.999000099990002e-05
319	-0.0029479636192768	0.040423559554728	9.999000099990002e-05
320	-0.0062437214607126	0.040423559554728	9.999000099990002e-05
321	-0.0015402007083802	0.040423559554728	9.999000099990002e-05
322	-0.0027622232997657	0.040423559554728	9.999000099990002e-05
323	-0.0049506153424367	0.040423559554728	9.999000099990002e-05
324	-0.0028652154455684	0.040423559554728	9.999000099990002e-05
325	-0.004484819161216	0.040423559554728	9.999000099990002e-05
326	-0.0067459939563717	0.040423559554728	9.999000099990002e-05
327	-0.00974461332692	0.040423559554728	9.999000099990002e-05
328	0.0001035163561483	0.040423559554728	9.999000099990002e-05
329	-0.0005093676387322	0.040423559554728	9.999000099990002e-05
330	-0.0016872436628229	0.040423559554728	9.999000099990002e-05
331	-0.0041086791653598	0.040423559554728	9.999000099990002e-05
332	-0.0053630977483529	0.040423559554728	9.999000099990002e-05
333	-0.0037125803189001	0.040423559554728	9.999000099990002e-05
334	0.0002495385518012	0.040423559554728	9.999000099990002e-05
335	-0.0073306886846694	0.040423559554728	9.999000099990002e-05
336	-0.005046039746004	0.040423559554728	9.999000099990002e-05
337	0.0006980462369654	0.040423559554728	9.999000099990002e-05
338	-0.0017005398616822	0.040423559554728	9.999000099990002e-05
339	-0.0027177034122192	0.040423559554728	9.999000099990002e-05
340	-0.0028978706088021	0.040423559554728	9.999000099990002e-05
341	-0.0056685816494818	0.040423559554728	9.999000099990002e-05
342	-0.0011835770688859	0.040423559554728	9.999000099990002e-05
343	-0.0016320256214457	0.040423559554728	9.999000099990002e-05
344	-0.0066580979566611	0.040423559554728	9.999000099990002e-05
345	-0.004906897650033	0.040423559554728	9.999000099990002e-05
346	-0.0058770315052288	0.040423559554728	9.999000099990002e-05
347	-0.004634529219259	0.040423559554728	9.999000099990002e-05
348	0.000973506510411	0.040423559554728	9.999000099990002e-05
349	-0.0064202762784251	0.040423559554728	9.999000099990002e-05
350	-0.0057124302261537	0.040423559554728	9.999000099990002e-05
351	-0.0079351922006406	0.040423559554728	9.999000099990002e-05
352	-0.0039020494742716	0.040423559554728	9.999000099990002e-05
353	-0.0050046218194604	0.040423559554728	9.999000099990002e-05
354	-0.0035538811046971	0.040423559554728	9.999000099990002e-05
355	-0.0027379203379759	0.040423559554728	9.999000099990002e-05
356	-0.0061296657469759	0.040423559554728	9.999000099990002e-05
357	-0.0020145528619228	0.040423559554728	9.999000099990002e-05
358	0.0009352708374825	0.040423559554728	9.999000099990002e-05
359	-0.0079938149834999	0.040423559554728	9.999000099990002e-05
360	-0.0006537243686219	0.040423559554728	9.999000099990002e-05
361	-0.0015483844953963	0.040423559554728	9.999000099990002e-05
362	-0.0031789873563714	0.040423559554728	9.999000099990002e-05
363	0.0003483474601883	0.040423559554728	9.999000099990002e-05
364	0.0011194397186117	0.040423559554728	9.999000099990002e-05
365	-0.0039246495940293	0.040423559554728	9.999000099990002e-05
366	-0.0035205624790281	0.040423559554728	9.999000099990002e-05
367	-0.0005930294631168	0.040423559554728	9.999000099990002e-05
368	-0.000106067175886	0.040423559554728	9.999000099990002e-05
369	-0.0046134193988705	0.040423559554728	9.999000099990002e-05
370	-0.0045712030667492	0.040423559554728	9.999000099990002e-05
371	-0.0072820755282144	0.040423559554728	9.999000099990002e-05
372	-0.0005636321524362	0.040423559554728	9.999000099990002e-05
373	-0.0010328565435115	0.040423559554728	9.999000099990002e-05
374	-0.0024659899386056	0.040423559554728	9.999000099990002e-05
375	0.0007946387114515	0.040423559554728	9.999000099990002e-05
376	5.5616138074705834e-05	0.040423559554728	9.999000099990002e-05
377	-0.0035814005800788	0.040423559554728	9.999000099990002e-05
378	-0.0011782066973078	0.040423559554728	9.999000099990002e-05
379	-0.002002725052206	0.040423559554728	9.999000099990002e-05
380	-0.0027084983855041	0.040423559554728	9.999000099990002e-05
381	-0.0043199600378242	0.040423559554728	9.999000099990002e-05
382	-0.0043051353746358	0.040423559554728	9.999000099990002e-05
383	-0.0044298847986016	0.040423559554728	9.999000099990002e-05
384	-0.0002527513912463	0.040423559554728	9.999000099990002e-05
385	-0.000502428771937	0.040423559554728	9.999000099990002e-05
386	-0.0045341829593394	0.040423559554728	9.999000099990002e-05
387	-0.0026542386616564	0.040423559554728	9.999000099990002e-05
388	0.0008056031736022	0.040423559554728	9.999000099990002e-05
389	-0.0055591717694102	0.040423559554728	9.999000099990002e-05
390	0.0013772718586347	0.040423559554728	9.999000099990002e-05
391	-0.004473616475847	0.040423559554728	9.999000099990002e-05
392	-0.0047923655860417	0.040423559554728	9.999000099990002e-05
393	-0.0060153365112802	0.040423559554728	9.999000099990002e-05
394	-0.0039795745885309	0.040423559554728	9.999000099990002e-05
395	-0.0048562182572617	0.040423559554728	9.999000099990002e-05
396	-0.0009678966844869	0.040423559554728	9.999000099990002e-05
397	-0.0069414184805992	0.040423559554728	9.999000099990002e-05
398	-0.0046347451090505	0.040423559554728	9.999000099990002e-05
399	-0.0019368057214695	0.040423559554728	9.999000099990002e-05
400	-0.0059005920585169	0.040423559554728	9.999000099990002e-05
401	-0.0001455869150503	0.040423559554728	9.999000099990002e-05
402	-0.005248386920766	0.040423559554728	9.999000099990002e-05
403	-0.001853441637635	0.040423559554728	9.999000099990002e-05
404	-0.0007401947416426	0.040423559554728	9.999000099990002e-05
405	-0.0007836112309495	0.040423559554728	9.999000099990002e-05
406	-0.0094663814579069	0.040423559554728	9.999000099990002e-05
407	-0.0044717808259097	0.040423559554728	9.999000099990002e-05
408	-0.005195376099068	0.040423559554728	9.999000099990002e-05
409	-0.0049719665792811	0.040423559554728	9.999000099990002e-05
410	-0.004996868965627	0.040423559554728	9.999000099990002e-05
411	-0.0077734020863482	0.040423559554728	9.999000099990002e-05
412	-0.0052599605410766	0.040423559554728	9.999000099990002e-05
413	0.0025900969447261	0.040423559554728	9.999000099990002e-05
414	-0.0050940598836144	0.040423559554728	9.999000099990002e-05
415	-0.0026230763177564	0.040423559554728	9.999000099990002e-05
416	-0.009444616100468	0.040423559554728	9.999000099990002e-05
417	0.0013540142204805	0.040423559554728	9.999000099990002e-05
418	-0.0042247230542194	0.040423559554728	9.999000099990002e-05
419	-0.0058912223299933	0.040423559554728	9.999000099990002e-05
420	-0.0055460178042779	0.040423559554728	9.999000099990002e-05
421	-0.007395166884201	0.040423559554728	9.999000099990002e-05
422	-0.0011693126072932	0.040423559554728	9.999000099990002e-05
423	-0.0024193864250635	0.040423559554728	9.999000099990002e-05
424	-0.0072292854054007	0.040423559554728	9.999000099990002e-05
425	-0.0004053041809567	0.040423559554728	9.999000099990002e-05
426	-0.0042191162099328	0.040423559554728	9.999000099990002e-05
427	-0.0065651869388536	0.040423559554728	9.999000099990002e-05
428	-0.0054548677992883	0.040423559554728	9.999000099990002e-05
429	-0.0029440079866026	0.040423559554728	9.999000099990002e-05
430	-0.0013235112224322	0.040423559554728	9.999000099990002e-05
431	-0.0052999774634852	0.040423559554728	9.999000099990002e-05
432	-0.0069218298916643	0.040423559554728	9.999000099990002e-05
433	-0.003769589016343	0.040423559554728	9.999000099990002e-05
434	-0.0053441123158301	0.040423559554728	9.999000099990002e-05
435	-0.0038332855267034	0.040423559554728	9.999000099990002e-05
436	-0.0032611251023195	0.040423559554728	9.999000099990002e-05
437	-0.002370837383433	0.040423559554728	9.999000099990002e-05
438	-0.0043763187767643	0.040423559554728	9.999000099990002e-05
439	-0.0025826172088879	0.040423559554728	9.999000099990002e-05
440	-7.684431985390539e-05	0.040423559554728	9.999000099990002e-05
441	-0.0035316721180706	0.040423559554728	9.999000099990002e-05
442	-0.0013434958305365	0.040423559554728	9.999000099990002e-05
443	-0.0047681566323969	0.040423559554728	9.999000099990002e-05
444	-0.0041939989917958	0.040423559554728	9.999000099990002e-05
445	-0.0017898772811432	0.040423559554728	9.999000099990002e-05
446	-0.0087770044570156	0.040423559554728	9.999000099990002e-05
447	-0.0012693392741453	0.040423559554728	9.999000099990002e-05
448	-0.0058706365275867	0.040423559554728	9.999000099990002e-05
449	-0.0045663731602502	0.040423559554728	9.999000099990002e-05
450	-0.0041405669512824	0.040423559554728	9.999000099990002e-05
451	-0.0010607437028882	0.040423559554728	9.999000099990002e-05
452	-0.0078228075696876	0.040423559554728	9.999000099990002e-05
453	-0.0062424079628292	0.040423559554728	9.999000099990002e-05
454	-0.0025488623023251	0.040423559554728	9.999000099990002e-05
455	0.0003104641591035	0.040423559554728	9.999000099990002e-05
456	-0.0043839445743673	0.040423559554728	9.999000099990002e-05
457	-0.0054053964313783	0.040423559554728	9.999000099990002e-05
458	-0.0021371547181957	0.040423559554728	9.999000099990002e-05
459	-0.0016587363036094	0.040423559554728	9.999000099990002e-05
460	0.0022751536543484	0.040423559554728	9.999000099990002e-05
461	-0.0018989264023135	0.040423559554728	9.999000099990002e-05
462	-0.0052846951477948	0.040423559554728	9.999000099990002e-05
463	-0.0039872465149515	0.040423559554728	9.999000099990002e-05
464	-0.0002463989836932	0.040423559554728	9.999000099990002e-05
465	-0.0050524810448274	0.040423559554728	9.999000099990002e-05
466	-0.0048497396206422	0.040423559554728	9.999000099990002e-05
467	-0.0035514640546832	0.040423559554728	9.999000099990002e-05
468	-0.0029014780631616	0.040423559554728	9.999000099990002e-05
469	-0.0037510732590541	0.040423559554728	9.999000099990002e-05
470	-0.0001747576405171	0.040423559554728	9.999000099990002e-05
471	-0.0032534456737142	0.040423559554728	9.999000099990002e-05
472	-0.0043132301741997	0.040423559554728	9.999000099990002e-05
473	-0.0027744722705887	0.040423559554728	9.999000099990002e-05
474	-0.0075165807791476	0.040423559554728	9.999000099990002e-05
475	0.0031112316254791	0.040423559554728	9.999000099990002e-05
476	-0.0101409502427069	0.040423559554728	9.999000099990002e-05
477	-0.0029554262539811	0.040423559554728	9.999000099990002e-05
478	-0.0061084920041265	0.040423559554728	9.999000099990002e-05
479	-0.0033930506737165	0.040423559554728	9.999000099990002e-05
480	-0.0013131843690341	0.040423559554728	9.999000099990002e-05
481	-0.0019956754223867	0.040423559554728	9.999000099990002e-05
482	-0.0017524153335284	0.040423559554728	9.999000099990002e-05
483	-0.0082636888609212	0.040423559554728	9.999000099990002e-05
484	-0.0070957994565351	0.040423559554728	9.999000099990002e-05
485	-0.0026330186938076	0.040423559554728	9.999000099990002e-05
486	-0.0014296304711745	0.040423559554728	9.999000099990002e-05
487	-0.001020152901824	0.040423559554728	9.999000099990002e-05
488	-0.0032162856217055	0.040423559554728	9.999000099990002e-05
489	-0.0081688773666061	0.040423559554728	9.999000099990002e-05
490	-0.0051690025535421	0.040423559554728	9.999000099990002e-05
491	-0.0042617975236135	0.040423559554728	9.999000099990002e-05
492	-0.0027196196240783	0.040423559554728	9.999000099990002e-05
493	-0.0057663494085259	0.040423559554728	9.999000099990002e-05
494	-0.0097806181001965	0.040423559554728	9.999000099990002e-05
495	-0.0006998163678232	0.040423559554728	9.999000099990002e-05
496	-0.0050802999535598	0.040423559554728	9.999000099990002e-05
497	-0.011660725810851	0.040423559554728	9.999000099990002e-05
498	-0.0010235688773466	0.040423559554728	9.999000099990002e-05
499	-0.0018743065982573	0.040423559554728	9.999000099990002e-05
500	-0.0028992203672449	0.040423559554728	9.999000099990002e-05
501	-0.0064906258031079	0.040423559554728	9.999000099990002e-05
502	-0.0006515419061521	0.040423559554728	9.999000099990002e-05
503	-0.0071772717394653	0.040423559554728	9.999000099990002e-05
504	-0.0051049667520703	0.040423559554728	9.999000099990002e-05
505	0.0004762186393826	0.040423559554728	9.999000099990002e-05
506	-0.0001592112479258	0.040423559554728	9.999000099990002e-05
507	-0.0032947687072398	0.040423559554728	9.999000099990002e-05
508	-0.0032251340061027	0.040423559554728	9.999000099990002e-05
509	-0.0004129796276332	0.040423559554728	9.999000099990002e-05
510	-0.0057163648527108	0.040423559554728	9.999000099990002e-05
511	-0.0004718478281135	0.040423559554728	9.999000099990002e-05
512	-0.0054563395163231	0.040423559554728	9.999000099990002e-05
513	-0.0067122268924224	0.040423559554728	9.999000099990002e-05
514	-0.006092277686262	0.040423559554728	9.999000099990002e-05
515	-0.0056698596562608	0.040423559554728	9.999000099990002e-05
516	-0.0063632659843635	0.040423559554728	9.999000099990002e-05
517	0.001114617910625	0.040423559554728	9.999000099990002e-05
518	0.0002695762715258	0.040423559554728	9.999000099990002e-05
519	0.0013723614863959	0.040423559554728	9.999000099990002e-05
520	-0.0056944013414144	0.040423559554728	9.999000099990002e-05
521	-0.0059670492189496	0.040423559554728	9.999000099990002e-05
522	-0.001432061448321	0.040423559554728	9.999000099990002e-05
523	-0.0027615013779991	0.040423559554728	9.999000099990002e-05
524	-0.0036050216509899	0.040423559554728	9.999000099990002e-05
525	-0.0055774577867204	0.040423559554728	9.999000099990002e-05
526	-0.0010125827550422	0.040423559554728	9.999000099990002e-05
527	-0.0047808467893884	0.040423559554728	9.999000099990002e-05
528	-0.0013960675435941	0.040423559554728	9.999000099990002e-05
529	-0.0036074606497032	0.040423559554728	9.999000099990002e-05
530	-0.0033204145023787	0.040423559554728	9.999000099990002e-05
531	-0.0080078700187217	0.040423559554728	9.999000099990002e-05
532	-0.0034507050976605	0.040423559554728	9.999000099990002e-05
533	-0.0014816445218373	0.040423559554728	9.999000099990002e-05
534	-0.0030890170025959	0.040423559554728	9.999000099990002e-05
535	-0.0028429605609607	0.040423559554728	9.999000099990002e-05
536	-0.0051537009052988	0.040423559554728	9.999000099990002e-05
537	-0.0092572535393192	0.040423559554728	9.999000099990002e-05
538	-0.0018068995842982	0.040423559554728	9.999000099990002e-05
539	-0.0010591871149847	0.040423559554728	9.999000099990002e-05
540	-0.0060645956827819	0.040423559554728	9.999000099990002e-05
541	-0.002850714241958	0.040423559554728	9.999000099990002e-05
542	-0.0046085327450771	0.040423559554728	9.999000099990002e-05
543	-0.0073036897839592	0.040423559554728	9.999000099990002e-05
544	-0.0009716570102865	0.040423559554728	9.999000099990002e-05
545	-0.0055449277945526	0.040423559554728	9.999000099990002e-05
546	-0.0062413848956748	0.040423559554728	9.999000099990002e-05
547	-0.003052627309536	0.040423559554728	9.999000099990002e-05
548	-0.0027183054913946	0.040423559554728	9.999000099990002e-05
549	-0.0030398931589641	0.040423559554728	9.999000099990002e-05
550	-0.0025882333443417	0.040423559554728	9.999000099990002e-05
551	-0.004240941681031	0.040423559554728	9.999000099990002e-05
552	-0.0015927486837559	0.040423559554728	9.999000099990002e-05
553	-0.0035173605081327	0.040423559554728	9.999000099990002e-05
554	-0.0006210430439235	0.040423559554728	9.999000099990002e-05
555	-0.003236337903363	0.040423559554728	9.999000099990002e-05
556	-0.0067960545343249	0.040423559554728	9.999000099990002e-05
557	-0.0034479177090325	0.040423559554728	9.999000099990002e-05
558	2.634565278799017e-05	0.040423559554728	9.999000099990002e-05
559	-0.0038298441399346	0.040423559554728	9.999000099990002e-05
560	-0.0050652966037214	0.040423559554728	9.999000099990002e-05
561	-0.006195860138581	0.040423559554728	9.999000099990002e-05
562	-0.0061291243200782	0.040423559554728	9.999000099990002e-05
563	-0.0056907682642089	0.040423559554728	9.999000099990002e-05
564	-0.0066889599823374	0.040423559554728	9.999000099990002e-05
565	-0.0020061210219029	0.040423559554728	9.999000099990002e-05
566	-0.0006327550314506	0.040423559554728	9.999000099990002e-05
567	-0.0012987339302067	0.040423559554728	9.999000099990002e-05
568	-0.003523097698069	0.040423559554728	9.999000099990002e-05
569	-0.0004981744368942	0.040423559554728	9.999000099990002e-05
570	-0.0040346624573857	0.040423559554728	9.999000099990002e-05
571	-0.0055020667362215	0.040423559554728	9.999000099990002e-05
572	-0.0072226739416396	0.040423559554728	9.999000099990002e-05
573	-0.0021945274831958	0.040423559554728	9.999000099990002e-05
574	-0.000459814900973	0.040423559554728	9.999000099990002e-05
575	-0.0031480272059667	0.040423559554728	9.999000099990002e-05
576	-0.0036668806070122	0.040423559554728	9.999000099990002e-05
577	-0.00698256465493	0.040423559554728	9.999000099990002e-05
578	-0.0042200384785032	0.040423559554728	9.999000099990002e-05
579	-0.0108578285983184	0.040423559554728	9.999000099990002e-05
580	-0.0007776512646008	0.040423559554728	9.999000099990002e-05
581	-0.0042790586078414	0.040423559554728	9.999000099990002e-05
582	-0.0043344441018281	0.040423559554728	9.999000099990002e-05
583	-0.0056698529620037	0.040423559554728	9.999000099990002e-05
584	-0.0026600527970767	0.040423559554728	9.999000099990002e-05
585	-0.0036383231370524	0.040423559554728	9.999000099990002e-05
586	-0.0075983982010461	0.040423559554728	9.999000099990002e-05
587	-0.0017183353707687	0.040423559554728	9.999000099990002e-05
588	-0.0040634479745236	0.040423559554728	9.999000099990002e-05
589	-0.003941967810279	0.040423559554728	9.999000099990002e-05
590	-0.0011832709605145	0.040423559554728	9.999000099990002e-05
591	-0.0007539300876151	0.040423559554728	9.999000099990002e-05
592	-0.0023126176217822	0.040423559554728	9.999000099990002e-05
593	-0.0070072429567904	0.040423559554728	9.999000099990002e-05
594	-0.0010852363737686	0.040423559554728	9.999000099990002e-05
595	-0.003240035095393	0.040423559554728	9.999000099990002e-05
596	-0.0006233139167544	0.040423559554728	9.999000099990002e-05
597	-0.0028797189575432	0.040423559554728	9.999000099990002e-05
598	-0.0065442041746954	0.040423559554728	9.999000099990002e-05
599	-0.0081409017006866	0.040423559554728	9.999000099990002e-05
600	-0.0046301274181963	0.040423559554728	9.999000099990002e-05
601	1.8945593998463683e-05	0.040423559554728	9.999000099990002e-05
602	-0.0043987873774536	0.040423559554728	9.999000099990002e-05
603	-0.007064696072112	0.040423559554728	9.999000099990002e-05
604	-0.00382751323039	0.040423559554728	9.999000099990002e-05
605	0.0005977963320281	0.040423559554728	9.999000099990002e-05
606	-0.0042274515218431	0.040423559554728	9.999000099990002e-05
607	-0.005702551503254	0.040423559554728	9.999000099990002e-05
608	-0.0007690164423943	0.040423559554728	9.999000099990002e-05
609	-0.0070021594956855	0.040423559554728	9.999000099990002e-05
610	-0.0059185185672898	0.040423559554728	9.999000099990002e-05
611	-0.0033320190547738	0.040423559554728	9.999000099990002e-05
612	-0.0016873287260554	0.040423559554728	9.999000099990002e-05
613	-0.002555849529357	0.040423559554728	9.999000099990002e-05
614	-0.0007683635407268	0.040423559554728	9.999000099990002e-05
615	-0.0060107508874563	0.040423559554728	9.999000099990002e-05
616	-0.0032799623955493	0.040423559554728	9.999000099990002e-05
617	-0.0023993658834182	0.040423559554728	9.999000099990002e-05
618	-0.0046422094750283	0.040423559554728	9.999000099990002e-05
619	0.0004759244767975	0.040423559554728	9.999000099990002e-05
620	-0.0017885956002175	0.040423559554728	9.999000099990002e-05
621	-0.0035127128470124	0.040423559554728	9.999000099990002e-05
622	-0.0030971727045104	0.040423559554728	9.999000099990002e-05
623	-0.0047655908275262	0.040423559554728	9.999000099990002e-05
624	-0.0027775806180666	0.040423559554728	9.999000099990002e-05
625	-0.0025760153248396	0.040423559554728	9.999000099990002e-05
626	-0.001906072848788	0.040423559554728	9.999000099990002e-05
627	0.0006387779199688	0.040423559554728	9.999000099990002e-05
628	0.0007331098515553	0.040423559554728	9.999000099990002e-05
629	-0.00616543560569	0.040423559554728	9.999000099990002e-05
630	-0.0011233825398628	0.040423559554728	9.999000099990002e-05
631	7.775781663911657e-05	0.040423559554728	9.999000099990002e-05
632	-0.0014739470687524	0.040423559554728	9.999000099990002e-05
633	-0.0039097172263997	0.040423559554728	9.999000099990002e-05
634	-0.008603008711444	0.040423559554728	9.999000099990002e-05
635	-0.0051717525274286	0.040423559554728	9.999000099990002e-05
636	-0.0037374086452178	0.040423559554728	9.999000099990002e-05
637	-0.0051706547462094	0.040423559554728	9.999000099990002e-05
638	-0.0036064570112835	0.040423559554728	9.999000099990002e-05
639	-0.0053441278395815	0.040423559554728	9.999000099990002e-05
640	-0.0005661378244112	0.040423559554728	9.999000099990002e-05
641	-0.0033499057827316	0.040423559554728	9.999000099990002e-05
642	0.001202975987203	0.040423559554728	9.999000099990002e-05
643	-0.002106523932935	0.040423559554728	9.999000099990002e-05
644	-0.0019004621764636	0.040423559554728	9.999000099990002e-05
645	-0.0056051619697363	0.040423559554728	9.999000099990002e-05
646	-0.0038900761606447	0.040423559554728	9.999000099990002e-05
647	-0.0043798459000385	0.040423559554728	9.999000099990002e-05
648	-0.0044328144401931	0.040423559554728	9.999000099990002e-05
649	-0.0058209683138925	0.040423559554728	9.999000099990002e-05
650	-0.0041257152609927	0.040423559554728	9.999000099990002e-05
651	-0.00871926231522	0.040423559554728	9.999000099990002e-05
652	-0.0087260899573182	0.040423559554728	9.999000099990002e-05
653	-0.0075337106713254	0.040423559554728	9.999000099990002e-05
654	-0.0083595143235872	0.040423559554728	9.999000099990002e-05
655	-0.005391040154587	0.040423559554728	9.999000099990002e-05
656	-0.0021231590656511	0.040423559554728	9.999000099990002e-05
657	-0.0022890896741429	0.040423559554728	9.999000099990002e-05
658	-0.0108925583079808	0.040423559554728	9.999000099990002e-05
659	-0.0023268532480548	0.040423559554728	9.999000099990002e-05
660	-0.0039005747948357	0.040423559554728	9.999000099990002e-05
661	-0.0015179319351127	0.040423559554728	9.999000099990002e-05
662	-0.0022027598228122	0.040423559554728	9.999000099990002e-05
663	-0.000832212018418	0.040423559554728	9.999000099990002e-05
664	-0.0045575234293071	0.040423559554728	9.999000099990002e-05
665	-0.0038605671635942	0.040423559554728	9.999000099990002e-05
666	-0.0048781918291801	0.040423559554728	9.999000099990002e-05
667	-0.0036768134418235	0.040423559554728	9.999000099990002e-05
668	-0.0054030486900091	0.040423559554728	9.999000099990002e-05
669	-0.0024937067599172	0.040423559554728	9.999000099990002e-05
670	-0.0008162477541398	0.040423559554728	9.999000099990002e-05
671	-0.0028652478588535	0.040423559554728	9.999000099990002e-05
672	-0.004106226239514	0.040423559554728	9.999000099990002e-05
673	-0.0050378361839986	0.040423559554728	9.999000099990002e-05
674	-0.0054257874078197	0.040423559554728	9.999000099990002e-05
675	-0.0023490545208965	0.040423559554728	9.999000099990002e-05
676	-0.0088688962357067	0.040423559554728	9.999000099990002e-05
677	-0.003490571533939	0.040423559554728	9.999000099990002e-05
678	0.000180339092794	0.040423559554728	9.999000099990002e-05
679	-0.0060368751488507	0.040423559554728	9.999000099990002e-05
680	-0.0044164337854287	0.040423559554728	9.999000099990002e-05
681	-0.0047829868356602	0.040423559554728	9.999000099990002e-05
682	-0.0013271656135368	0.040423559554728	9.999000099990002e-05
683	0.0014067515586922	0.040423559554728	9.999000099990002e-05
684	-0.0010011827429798	0.040423559554728	9.999000099990002e-05
685	-0.0039790573994607	0.040423559554728	9.999000099990002e-05
686	-0.0044848998000831	0.040423559554728	9.999000099990002e-05
687	-0.0044609438047168	0.040423559554728	9.999000099990002e-05
688	-0.0030685247658977	0.040423559554728	9.999000099990002e-05
689	-0.0076186540419813	0.040423559554728	9.999000099990002e-05
690	-0.0044455164852619	0.040423559554728	9.999000099990002e-05
691	0.0006316629057245	0.040423559554728	9.999000099990002e-05
692	-0.007162641421333	0.040423559554728	9.999000099990002e-05
693	-0.0010642645166327	0.040423559554728	9.999000099990002e-05
694	0.0002333285236474	0.040423559554728	9.999000099990002e-05
695	-0.0022835330175483	0.040423559554728	9.999000099990002e-05
696	-0.0014057075431299	0.040423559554728	9.999000099990002e-05
697	-0.0068241802247017	0.040423559554728	9.999000099990002e-05
698	-0.0052358918398126	0.040423559554728	9.999000099990002e-05
699	-0.0070512990554324	0.040423559554728	9.999000099990002e-05
700	-0.0013508744600087	0.040423559554728	9.999000099990002e-05
701	-0.0055352778882857	0.040423559554728	9.999000099990002e-05
702	-0.0015021717302579	0.040423559554728	9.999000099990002e-05
703	-0.0043908033986229	0.040423559554728	9.999000099990002e-05
704	-0.0020620361893645	0.040423559554728	9.999000099990002e-05
705	-0.006369619449917	0.040423559554728	9.999000099990002e-05
706	-0.0048957685630194	0.040423559554728	9.999000099990002e-05
707	-0.007623653805636	0.040423559554728	9.999000099990002e-05
708	-0.001872530427179	0.040423559554728	9.999000099990002e-05
709	-0.0060835056317849	0.040423559554728	9.999000099990002e-05
710	-0.003699107260846	0.040423559554728	9.999000099990002e-05
711	-0.0050099342318527	0.040423559554728	9.999000099990002e-05
712	-0.0002625601899375	0.040423559554728	9.999000099990002e-05
713	-0.0041296144156817	0.040423559554728	9.999000099990002e-05
714	-0.0021152736732217	0.040423559554728	9.999000099990002e-05
715	-0.0025102818559195	0.040423559554728	9.999000099990002e-05
716	-0.0069029414873968	0.040423559554728	9.999000099990002e-05
717	-0.0042096653039238	0.040423559554728	9.999000099990002e-05
718	-0.0020978402311098	0.040423559554728	9.999000099990002e-05
719	-0.0003590632730077	0.040423559554728	9.999000099990002e-05
720	-0.0010725528533251	0.040423559554728	9.999000099990002e-05
721	-0.0018233539720726	0.040423559554728	9.999000099990002e-05
722	-0.0009544545200446	0.040423559554728	9.999000099990002e-05
723	-0.0028546298437442	0.040423559554728	9.999000099990002e-05
724	-0.0067416116802255	0.040423559554728	9.999000099990002e-05
725	-0.0014393963342856	0.040423559554728	9.999000099990002e-05
726	-0.0049209569172564	0.040423559554728	9.999000099990002e-05
727	-0.0052060476682341	0.040423559554728	9.999000099990002e-05
728	-0.0037017967171094	0.040423559554728	9.999000099990002e-05
729	-0.0115997130627882	0.040423559554728	9.999000099990002e-05
730	-0.0045045821663266	0.040423559554728	9.999000099990002e-05
731	-0.0057397136135543	0.040423559554728	9.999000099990002e-05
732	-0.0029352728274851	0.040423559554728	9.999000099990002e-05
733	-0.0041569905031541	0.040423559554728	9.999000099990002e-05
734	-0.0044276142143164	0.040423559554728	9.999000099990002e-05
735	-0.0051597005947536	0.040423559554728	9.999000099990002e-05
736	-0.0047034840493365	0.040423559554728	9.999000099990002e-05
737	-0.002798122696202	0.040423559554728	9.999000099990002e-05
738	-0.0006637503459414	0.040423559554728	9.999000099990002e-05
739	0.0003495707394918	0.040423559554728	9.999000099990002e-05
740	-0.0022729400097213	0.040423559554728	9.999000099990002e-05
741	-0.0047625367073781	0.040423559554728	9.999000099990002e-05
742	0.0004742033986857	0.040423559554728	9.999000099990002e-05
743	-0.0049407367349552	0.040423559554728	9.999000099990002e-05
744	-0.0013916980596346	0.040423559554728	9.999000099990002e-05
745	0.0002607708227087	0.040423559554728	9.999000099990002e-05
746	-0.003112419663751	0.040423559554728	9.999000099990002e-05
747	6.870798896504854e-05	0.040423559554728	9.999000099990002e-05
748	-0.0033429493916024	0.040423559554728	9.999000099990002e-05
749	-0.0023522053038088	0.040423559554728	9.999000099990002e-05
750	-0.0003769900703262	0.040423559554728	9.999000099990002e-05
751	0.0017022741167081	0.040423559554728	9.999000099990002e-05
752	-0.0002602107942403	0.040423559554728	9.999000099990002e-05
753	-0.0043153999983738	0.040423559554728	9.999000099990002e-05
754	-0.0017620959025706	0.040423559554728	9.999000099990002e-05
755	0.0009438493933039	0.040423559554728	9.999000099990002e-05
756	-0.009466160778259	0.040423559554728	9.999000099990002e-05
757	-0.0054669405841895	0.040423559554728	9.999000099990002e-05
758	-0.0078945101422325	0.040423559554728	9.999000099990002e-05
759	-0.0047445684364437	0.040423559554728	9.999000099990002e-05
760	-0.0006690226505002	0.040423559554728	9.999000099990002e-05
761	-0.0033576339370646	0.040423559554728	9.999000099990002e-05
762	-0.0058135894535838	0.040423559554728	9.999000099990002e-05
763	-0.0056974301657347	0.040423559554728	9.999000099990002e-05
764	0.0003767469033606	0.040423559554728	9.999000099990002e-05
765	-0.0038170358908617	0.040423559554728	9.999000099990002e-05
766	-0.0084603231797561	0.040423559554728	9.999000099990002e-05
767	-0.0025754334438537	0.040423559554728	9.999000099990002e-05
768	-0.0035042978965262	0.040423559554728	9.999000099990002e-05
769	-0.0018729581478878	0.040423559554728	9.999000099990002e-05
770	-0.0011099392212383	0.040423559554728	9.999000099990002e-05
771	-0.004775871051961	0.040423559554728	9.999000099990002e-05
772	-0.0029059848371008	0.040423559554728	9.999000099990002e-05
773	-0.0029899496728011	0.040423559554728	9.999000099990002e-05
774	-0.0065921758174145	0.040423559554728	9.999000099990002e-05
775	-0.0026030279987913	0.040423559554728	9.999000099990002e-05
776	-0.0008399126647404	0.040423559554728	9.999000099990002e-05
777	-0.0085681924958213	0.040423559554728	9.999000099990002e-05
778	-0.0031697977956985	0.040423559554728	9.999000099990002e-05
779	-0.0045975192301804	0.040423559554728	9.999000099990002e-05
780	-0.0045944677646515	0.040423559554728	9.999000099990002e-05
781	-0.0033541578478826	0.040423559554728	9.999000099990002e-05
782	-0.0013463973293172	0.040423559554728	9.999000099990002e-05
783	-0.0052436170125081	0.040423559554728	9.999000099990002e-05
784	-0.0027408419964734	0.040423559554728	9.999000099990002e-05
785	-0.0017046559449267	0.040423559554728	9.999000099990002e-05
786	-0.0060932747266064	0.040423559554728	9.999000099990002e-05
787	0.0002864226965409	0.040423559554728	9.999000099990002e-05
788	-0.0053794428735401	0.040423559554728	9.999000099990002e-05
789	-0.0087778703053099	0.040423559554728	9.999000099990002e-05
790	-0.0027288380777804	0.040423559554728	9.999000099990002e-05
791	-0.0053143495718099	0.040423559554728	9.999000099990002e-05
792	-0.0021740550984325	0.040423559554728	9.999000099990002e-05
793	-0.0036222208518124	0.040423559554728	9.999000099990002e-05
794	-0.00454258569473	0.040423559554728	9.999000099990002e-05
795	-0.0039510694415001	0.040423559554728	9.999000099990002e-05
796	-0.0065966642590921	0.040423559554728	9.999000099990002e-05
797	-0.0028519265565301	0.040423559554728	9.999000099990002e-05
798	-0.0043879365637827	0.040423559554728	9.999000099990002e-05
799	0.0007276683246409	0.040423559554728	9.999000099990002e-05
800	-0.0017583657394007	0.040423559554728	9.999000099990002e-05
801	-0.0056186281796423	0.040423559554728	9.999000099990002e-05
802	0.0024794849645953	0.040423559554728	9.999000099990002e-05
803	-0.0012847884845904	0.040423559554728	9.999000099990002e-05
804	-0.0036050309229208	0.040423559554728	9.999000099990002e-05
805	-0.0034319767977087	0.040423559554728	9.999000099990002e-05
806	-0.005586480991257	0.040423559554728	9.999000099990002e-05
807	-0.0053429858339454	0.040423559554728	9.999000099990002e-05
808	-0.0047484984847445	0.040423559554728	9.999000099990002e-05
809	-0.0027487672274271	0.040423559554728	9.999000099990002e-05
810	-0.0053491062701008	0.040423559554728	9.999000099990002e-05
811	-0.005555446049842	0.040423559554728	9.999000099990002e-05
812	-0.0036819561894238	0.040423559554728	9.999000099990002e-05
813	-0.0011204373552836	0.040423559554728	9.999000099990002e-05
814	-0.0025703067778596	0.040423559554728	9.999000099990002e-05
815	-0.0092982274134751	0.040423559554728	9.999000099990002e-05
816	-0.0046514353924423	0.040423559554728	9.999000099990002e-05
817	-0.0023788879201073	0.040423559554728	9.999000099990002e-05
818	-0.0003756152661284	0.040423559554728	9.999000099990002e-05
819	-0.004377205073321	0.040423559554728	9.999000099990002e-05
820	-0.0044375260237741	0.040423559554728	9.999000099990002e-05
821	-0.0034903402935234	0.040423559554728	9.999000099990002e-05
822	-0.0037655996238377	0.040423559554728	9.999000099990002e-05
823	-0.0055145779949628	0.040423559554728	9.999000099990002e-05
824	0.0015361427766851	0.040423559554728	9.999000099990002e-05
825	-0.0056900801215097	0.040423559554728	9.999000099990002e-05
826	-0.003545849092648	0.040423559554728	9.999000099990002e-05
827	-0.0079660229287414	0.040423559554728	9.999000099990002e-05
828	-0.0002552298629928	0.040423559554728	9.999000099990002e-05
829	-0.011013770528814	0.040423559554728	9.999000099990002e-05
830	-0.0048932028735669	0.040423559554728	9.999000099990002e-05
831	0.0022952877482917	0.040423559554728	9.999000099990002e-05
832	-0.0004634374558836	0.040423559554728	9.999000099990002e-05
833	-0.0003575424070451	0.040423559554728	9.999000099990002e-05
834	-0.0056714178792558	0.040423559554728	9.999000099990002e-05
835	-0.0099173122333055	0.040423559554728	9.999000099990002e-05
836	-0.0030874333683548	0.040423559554728	9.999000099990002e-05
837	-0.0057541155382541	0.040423559554728	9.999000099990002e-05
838	-0.002353410577869	0.040423559554728	9.999000099990002e-05
839	-0.0068091789908641	0.040423559554728	9.999000099990002e-05
840	-0.0036679843322701	0.040423559554728	9.999000099990002e-05
841	-0.0061847277429117	0.040423559554728	9.999000099990002e-05
842	-0.0034830926252648	0.040423559554728	9.999000099990002e-05
843	-0.0035068391173148	0.040423559554728	9.999000099990002e-05
844	-0.0059974012307221	0.040423559554728	9.999000099990002e-05
845	0.0002314073872774	0.040423559554728	9.999000099990002e-05
846	-0.0030201516216435	0.040423559554728	9.999000099990002e-05
847	-0.0024788417772952	0.040423559554728	9.999000099990002e-05
848	-0.0063592904420453	0.040423559554728	9.999000099990002e-05
849	-0.0013658514175462	0.040423559554728	9.999000099990002e-05
850	-0.0049566723755134	0.040423559554728	9.999000099990002e-05
851	-0.0016551466428932	0.040423559554728	9.999000099990002e-05
852	0.0026411190719192	0.040423559554728	9.999000099990002e-05
853	-0.0054319564542845	0.040423559554728	9.999000099990002e-05
854	-0.0032882803177802	0.040423559554728	9.999000099990002e-05
855	-0.0059447394529756	0.040423559554728	9.999000099990002e-05
856	-0.0093862551053815	0.040423559554728	9.999000099990002e-05
857	-0.0036697545400734	0.040423559554728	9.999000099990002e-05
858	-0.0011318274990878	0.040423559554728	9.999000099990002e-05
859	-0.0011059183195574	0.040423559554728	9.999000099990002e-05
860	-0.006829102446545	0.040423559554728	9.999000099990002e-05
861	-0.0066476594168931	0.040423559554728	9.999000099990002e-05
862	-0.0022751609834058	0.040423559554728	9.999000099990002e-05
863	0.0001913735368623	0.040423559554728	9.999000099990002e-05
864	-0.0037299280437429	0.040423559554728	9.999000099990002e-05
865	-0.0057468095453186	0.040423559554728	9.999000099990002e-05
866	-0.0068076249806343	0.040423559554728	9.999000099990002e-05
867	-0.0018677884116591	0.040423559554728	9.999000099990002e-05
868	-0.0011819847782779	0.040423559554728	9.999000099990002e-05
869	-0.0014848165224668	0.040423559554728	9.999000099990002e-05
870	-0.0023773207521997	0.040423559554728	9.999000099990002e-05
871	-0.0024900982475574	0.040423559554728	9.999000099990002e-05
872	-0.0010598031020563	0.040423559554728	9.999000099990002e-05
873	2.8216370629637057e-05	0.040423559554728	9.999000099990002e-05
874	-0.0063691444654447	0.040423559554728	9.999000099990002e-05
875	-0.003121709619044	0.040423559554728	9.999000099990002e-05
876	-0.0011646564244606	0.040423559554728	9.999000099990002e-05
877	-0.0028020977768472	0.040423559554728	9.999000099990002e-05
878	-0.0076213484035192	0.040423559554728	9.999000099990002e-05
879	-0.0017797150910808	0.040423559554728	9.999000099990002e-05
880	-0.0025108697963622	0.040423559554728	9.999000099990002e-05
881	-0.0091649503715983	0.040423559554728	9.999000099990002e-05
882	-0.0046208617007307	0.040423559554728	9.999000099990002e-05
883	0.0010369653554079	0.040423559554728	9.999000099990002e-05
884	-0.0012200930102486	0.040423559554728	9.999000099990002e-05
885	-0.0031798978522827	0.040423559554728	9.999000099990002e-05
886	-0.0061316260678336	0.040423559554728	9.999000099990002e-05
887	-0.002619980185374	0.040423559554728	9.999000099990002e-05
888	-4.2307897247129135e-06	0.040423559554728	9.999000099990002e-05
889	-0.0031570235950022	0.040423559554728	9.999000099990002e-05
890	-0.0011977519274626	0.040423559554728	9.999000099990002e-05
891	-0.0022602817273965	0.040423559554728	9.999000099990002e-05
892	-0.0036061151424984	0.040423559554728	9.999000099990002e-05
893	-0.0026576589268898	0.040423559554728	9.999000099990002e-05
894	-0.0056949137598646	0.040423559554728	9.999000099990002e-05
895	-0.0042959457562538	0.040423559554728	9.999000099990002e-05
896	-0.0016024154795565	0.040423559554728	9.999000099990002e-05
897	-0.0050573928213213	0.040423559554728	9.999000099990002e-05
898	-0.004549730352222	0.040423559554728	9.999000099990002e-05
899	-0.0049528753467179	0.040423559554728	9.999000099990002e-05
900	-0.0023386876366104	0.040423559554728	9.999000099990002e-05
901	-0.0024148631078452	0.040423559554728	9.999000099990002e-05
902	-0.0013141069453864	0.040423559554728	9.999000099990002e-05
903	-0.0063001413905488	0.040423559554728	9.999000099990002e-05
904	-0.0029871496458773	0.040423559554728	9.999000099990002e-05
905	-0.0018615850859811	0.040423559554728	9.999000099990002e-05
906	-0.0059687812810292	0.040423559554728	9.999000099990002e-05
907	-0.0010493818750221	0.040423559554728	9.999000099990002e-05
908	-0.0073918396268214	0.040423559554728	9.999000099990002e-05
909	-0.0053796878294882	0.040423559554728	9.999000099990002e-05
910	-0.0041736039180074	0.040423559554728	9.999000099990002e-05
911	-0.0031260365906236	0.040423559554728	9.999000099990002e-05
912	-0.0073197537118755	0.040423559554728	9.999000099990002e-05
913	-0.0027061732853435	0.040423559554728	9.999000099990002e-05
914	-0.0071989544959272	0.040423559554728	9.999000099990002e-05
915	-0.0014011168024313	0.040423559554728	9.999000099990002e-05
916	-0.004814138484138	0.040423559554728	9.999000099990002e-05
917	-0.0025004148864425	0.040423559554728	9.999000099990002e-05
918	-0.0031466938561485	0.040423559554728	9.999000099990002e-05
919	-0.0044822264254259	0.040423559554728	9.999000099990002e-05
920	-0.0020047724753515	0.040423559554728	9.999000099990002e-05
921	0.0013723954385907	0.040423559554728	9.999000099990002e-05
922	-0.00227344602246	0.040423559554728	9.999000099990002e-05
923	-0.0016242390847268	0.040423559554728	9.999000099990002e-05
924	-0.0044439857125682	0.040423559554728	9.999000099990002e-05
925	0.0022571050138561	0.040423559554728	9.999000099990002e-05
926	-0.0011586335359425	0.040423559554728	9.999000099990002e-05
927	-0.006391786462782	0.040423559554728	9.999000099990002e-05
928	-0.0028771720043161	0.040423559554728	9.999000099990002e-05
929	-0.0001656770346495	0.040423559554728	9.999000099990002e-05
930	-0.007113391983435	0.040423559554728	9.999000099990002e-05
931	-0.008617735923177	0.040423559554728	9.999000099990002e-05
932	-0.0061460727748049	0.040423559554728	9.999000099990002e-05
933	0.0014638671334122	0.040423559554728	9.999000099990002e-05
934	-0.0087351246459683	0.040423559554728	9.999000099990002e-05
935	-0.0033222736783978	0.040423559554728	9.999000099990002e-05
936	-0.0043945926751608	0.040423559554728	9.999000099990002e-05
937	-0.0025024442081629	0.040423559554728	9.999000099990002e-05
938	-0.0062723435456426	0.040423559554728	9.999000099990002e-05
939	-0.006105629766779	0.040423559554728	9.999000099990002e-05
940	-0.0041564086221683	0.040423559554728	9.999000099990002e-05
941	-0.0062205309574931	0.040423559554728	9.999000099990002e-05
942	-0.004174980011042	0.040423559554728	9.999000099990002e-05
943	0.0011038782831783	0.040423559554728	9.999000099990002e-05
944	-0.0045956357778612	0.040423559554728	9.999000099990002e-05
945	-0.0053230924639486	0.040423559554728	9.999000099990002e-05
946	-0.0039954106616329	0.040423559554728	9.999000099990002e-05
947	-0.0074525382834187	0.040423559554728	9.999000099990002e-05
948	-0.005281338381822	0.040423559554728	9.999000099990002e-05
949	-0.0003951564181725	0.040423559554728	9.999000099990002e-05
950	-0.0048393836241421	0.040423559554728	9.999000099990002e-05
951	-0.0011487898424743	0.040423559554728	9.999000099990002e-05
952	-0.0035844175932673	0.040423559554728	9.999000099990002e-05
953	-0.0073064668234197	0.040423559554728	9.999000099990002e-05
954	-0.0051734630640091	0.040423559554728	9.999000099990002e-05
955	-0.0048872350972516	0.040423559554728	9.999000099990002e-05
956	-0.0045404592870453	0.040423559554728	9.999000099990002e-05
957	-0.0035487140038512	0.040423559554728	9.999000099990002e-05
958	-0.0033187570581821	0.040423559554728	9.999000099990002e-05
959	-0.0023340807950693	0.040423559554728	9.999000099990002e-05
960	-0.0012455737380881	0.040423559554728	9.999000099990002e-05
961	-0.0043545708282412	0.040423559554728	9.999000099990002e-05
962	-0.0029883338176386	0.040423559554728	9.999000099990002e-05
963	-0.00732370086131	0.040423559554728	9.999000099990002e-05
964	-0.002369763724623	0.040423559554728	9.999000099990002e-05
965	-0.0052882756904712	0.040423559554728	9.999000099990002e-05
966	0.0024471748633842	0.040423559554728	9.999000099990002e-05
967	-0.0044827826450928	0.040423559554728	9.999000099990002e-05
968	-0.0034181857047331	0.040423559554728	9.999000099990002e-05
969	-0.0039595937315189	0.040423559554728	9.999000099990002e-05
970	-0.0026353922311504	0.040423559554728	9.999000099990002e-05
971	-0.004745184404279	0.040423559554728	9.999000099990002e-05
972	-0.0021139277812896	0.040423559554728	9.999000099990002e-05
973	-0.0015547293045828	0.040423559554728	9.999000099990002e-05
974	-0.0020823446033015	0.040423559554728	9.999000099990002e-05
975	-0.0026534920403895	0.040423559554728	9.999000099990002e-05
976	-0.0033627078569294	0.040423559554728	9.999000099990002e-05
977	0.0005819414649917	0.040423559554728	9.999000099990002e-05
978	-0.0002340544273428	0.040423559554728	9.999000099990002e-05
979	-0.0047901468437762	0.040423559554728	9.999000099990002e-05
980	-0.0048225462979305	0.040423559554728	9.999000099990002e-05
981	-0.0048146183546485	0.040423559554728	9.999000099990002e-05
982	-0.0026196584185966	0.040423559554728	9.999000099990002e-05
983	0.0018447837702561	0.040423559554728	9.999000099990002e-05
984	-0.0076159589494612	0.040423559554728	9.999000099990002e-05
985	-0.0065980157680446	0.040423559554728	9.999000099990002e-05
986	-0.0052660839203967	0.040423559554728	9.999000099990002e-05
987	-0.0074868762828588	0.040423559554728	9.999000099990002e-05
988	-0.0043160376840719	0.040423559554728	9.999000099990002e-05
989	-0.0006443297289979	0.040423559554728	9.999000099990002e-05
990	-0.0057259883089676	0.040423559554728	9.999000099990002e-05
991	-0.0067469861106779	0.040423559554728	9.999000099990002e-05
992	-0.0019414700028143	0.040423559554728	9.999000099990002e-05
993	-0.0033050175571536	0.040423559554728	9.999000099990002e-05
994	-0.0033951409362602	0.040423559554728	9.999000099990002e-05
995	-0.0062521106344616	0.040423559554728	9.999000099990002e-05
996	-0.0039082529153678	0.040423559554728	9.999000099990002e-05
997	-0.0038507246435447	0.040423559554728	9.999000099990002e-05
998	-0.0051315482042938	0.040423559554728	9.999000099990002e-05
999	0.0007297863837407	0.040423559554728	9.999000099990002e-05
1000	-0.0060610390124419	0.040423559554728	9.999000099990002e-05
1001	-0.0044633848617217	0.040423559554728	9.999000099990002e-05
1002	-0.0033785329845363	0.040423559554728	9.999000099990002e-05
1003	-0.0073855154390245	0.040423559554728	9.999000099990002e-05
1004	-0.0015930338821921	0.040423559554728	9.999000099990002e-05
1005	-0.0026467181447118	0.040423559554728	9.999000099990002e-05
1006	-0.004324900014838	0.040423559554728	9.999000099990002e-05
1007	-0.0054007575228069	0.040423559554728	9.999000099990002e-05
1008	-0.0041157155028468	0.040423559554728	9.999000099990002e-05
1009	-0.0011522664125656	0.040423559554728	9.999000099990002e-05
1010	-0.0070974508989839	0.040423559554728	9.999000099990002e-05
1011	-0.0061226498192785	0.040423559554728	9.999000099990002e-05
1012	-0.0040153623947792	0.040423559554728	9.999000099990002e-05
1013	-0.0009207061538479	0.040423559554728	9.999000099990002e-05
1014	-0.0052751638722278	0.040423559554728	9.999000099990002e-05
1015	-0.005243656620196	0.040423559554728	9.999000099990002e-05
1016	-0.000526133732662	0.040423559554728	9.999000099990002e-05
1017	-0.0021883818089216	0.040423559554728	9.999000099990002e-05
1018	0.0005095373227606	0.040423559554728	9.999000099990002e-05
1019	-0.0074351075536351	0.040423559554728	9.999000099990002e-05
1020	0.0003327248338588	0.040423559554728	9.999000099990002e-05
1021	6.603274837980594e-05	0.040423559554728	9.999000099990002e-05
1022	-0.0010524953201383	0.040423559554728	9.999000099990002e-05
1023	-0.0034405740897554	0.040423559554728	9.999000099990002e-05
1024	-0.0055266609559042	0.040423559554728	9.999000099990002e-05
1025	-0.0029783796112191	0.040423559554728	9.999000099990002e-05
1026	-0.002077575695335	0.040423559554728	9.999000099990002e-05
1027	-0.001629874014115	0.040423559554728	9.999000099990002e-05
1028	9.834496559171513e-05	0.040423559554728	9.999000099990002e-05
1029	0.0010512577097385	0.040423559554728	9.999000099990002e-05
1030	-0.001914733832459	0.040423559554728	9.999000099990002e-05
1031	-0.0053680750439263	0.040423559554728	9.999000099990002e-05
1032	-0.0005967554712306	0.040423559554728	9.999000099990002e-05
1033	-0.0032614727227795	0.040423559554728	9.999000099990002e-05
1034	-0.0040254112056711	0.040423559554728	9.999000099990002e-05
1035	-0.0076822788199142	0.040423559554728	9.999000099990002e-05
1036	-0.0021470670855083	0.040423559554728	9.999000099990002e-05
1037	-0.0017301731833984	0.040423559554728	9.999000099990002e-05
1038	-0.0069343772763104	0.040423559554728	9.999000099990002e-05
1039	-0.0047048061458777	0.040423559554728	9.999000099990002e-05
1040	-0.0048613368055072	0.040423559554728	9.999000099990002e-05
1041	-0.0061907102542872	0.040423559554728	9.999000099990002e-05
1042	-0.0046529563353504	0.040423559554728	9.999000099990002e-05
1043	-0.003401104172792	0.040423559554728	9.999000099990002e-05
1044	-0.0011099529367708	0.040423559554728	9.999000099990002e-05
1045	-0.0009570077635651	0.040423559554728	9.999000099990002e-05
1046	-0.00342548119461	0.040423559554728	9.999000099990002e-05
1047	-0.0020164039201933	0.040423559554728	9.999000099990002e-05
1048	0.0003207490579765	0.040423559554728	9.999000099990002e-05
1049	-0.0015824383351642	0.040423559554728	9.999000099990002e-05
1050	-0.0062031519735474	0.040423559554728	9.999000099990002e-05
1051	-0.0012968488235596	0.040423559554728	9.999000099990002e-05
1052	-0.0046563544018117	0.040423559554728	9.999000099990002e-05
1053	-0.0067352322455712	0.040423559554728	9.999000099990002e-05
1054	-0.0048147279827267	0.040423559554728	9.999000099990002e-05
1055	-0.0058335197574128	0.040423559554728	9.999000099990002e-05
1056	-0.0077549074121219	0.040423559554728	9.999000099990002e-05
1057	-0.0017026226797503	0.040423559554728	9.999000099990002e-05
1058	-0.00298443572095	0.040423559554728	9.999000099990002e-05
1059	-0.0023775213106036	0.040423559554728	9.999000099990002e-05
1060	-0.004120994309299	0.040423559554728	9.999000099990002e-05
1061	0.0001990903225	0.040423559554728	9.999000099990002e-05
1062	-0.0014641283440938	0.040423559554728	9.999000099990002e-05
1063	-0.0057616831650712	0.040423559554728	9.999000099990002e-05
1064	-0.0031343977562165	0.040423559554728	9.999000099990002e-05
1065	-0.0088978402413051	0.040423559554728	9.999000099990002e-05
1066	-0.0024624855142492	0.040423559554728	9.999000099990002e-05
1067	-0.0032595866735502	0.040423559554728	9.999000099990002e-05
1068	-0.0047283149148551	0.040423559554728	9.999000099990002e-05
1069	-0.0049410054285851	0.040423559554728	9.999000099990002e-05
1070	-0.0039449673183699	0.040423559554728	9.999000099990002e-05
1071	-0.0044453207359507	0.040423559554728	9.999000099990002e-05
1072	-0.0033471425549854	0.040423559554728	9.999000099990002e-05
1073	0.0010411910282579	0.040423559554728	9.999000099990002e-05
1074	-0.0035116742945794	0.040423559554728	9.999000099990002e-05
1075	-0.0028012226373857	0.040423559554728	9.999000099990002e-05
1076	0.0020727375171965	0.040423559554728	9.999000099990002e-05
1077	-0.0043921655068158	0.040423559554728	9.999000099990002e-05
1078	-0.0033394425434632	0.040423559554728	9.999000099990002e-05
1079	-7.440741790513128e-05	0.040423559554728	9.999000099990002e-05
1080	-0.0020081150641189	0.040423559554728	9.999000099990002e-05
1081	-0.0067170614541232	0.040423559554728	9.999000099990002e-05
1082	-0.002782142523445	0.040423559554728	9.999000099990002e-05
1083	-0.003641974161792	0.040423559554728	9.999000099990002e-05
1084	-0.0043985711798801	0.040423559554728	9.999000099990002e-05
1085	-0.0047220217168519	0.040423559554728	9.999000099990002e-05
1086	-0.0042506704371826	0.040423559554728	9.999000099990002e-05
1087	-0.0027914436165969	0.040423559554728	9.999000099990002e-05
1088	-0.0062637670096402	0.040423559554728	9.999000099990002e-05
1089	-0.0054641637370927	0.040423559554728	9.999000099990002e-05
1090	-0.0014255173695674	0.040423559554728	9.999000099990002e-05
1091	-0.0037298196083197	0.040423559554728	9.999000099990002e-05
1092	-0.000282814338072	0.040423559554728	9.999000099990002e-05
1093	-0.0049123944238048	0.040423559554728	9.999000099990002e-05
1094	-0.005768556416605	0.040423559554728	9.999000099990002e-05
1095	-0.0015315760814503	0.040423559554728	9.999000099990002e-05
1096	-0.0029097372952246	0.040423559554728	9.999000099990002e-05
1097	-0.001643854085199	0.040423559554728	9.999000099990002e-05
1098	-0.0048784901468213	0.040423559554728	9.999000099990002e-05
1099	-0.0027796977153478	0.040423559554728	9.999000099990002e-05
1100	-0.0066063103565575	0.040423559554728	9.999000099990002e-05
1101	-0.0038431359529013	0.040423559554728	9.999000099990002e-05
1102	-0.0026561045896417	0.040423559554728	9.999000099990002e-05
1103	-0.0059350048489673	0.040423559554728	9.999000099990002e-05
1104	-0.0043266984808702	0.040423559554728	9.999000099990002e-05
1105	-0.0023878677851001	0.040423559554728	9.999000099990002e-05
1106	-0.002943269521557	0.040423559554728	9.999000099990002e-05
1107	-0.0082509674448269	0.040423559554728	9.999000099990002e-05
1108	0.0020159117768781	0.040423559554728	9.999000099990002e-05
1109	-0.004441739500765	0.040423559554728	9.999000099990002e-05
1110	-0.0036672652959592	0.040423559554728	9.999000099990002e-05
1111	-0.0056528803079223	0.040423559554728	9.999000099990002e-05
1112	0.0005622667740603	0.040423559554728	9.999000099990002e-05
1113	-0.0036135084493217	0.040423559554728	9.999000099990002e-05
1114	-0.0026140834489768	0.040423559554728	9.999000099990002e-05
1115	-0.0074170446782283	0.040423559554728	9.999000099990002e-05
1116	-0.0057838403289143	0.040423559554728	9.999000099990002e-05
1117	-0.0020154667819081	0.040423559554728	9.999000099990002e-05
1118	-0.0047071555608113	0.040423559554728	9.999000099990002e-05
1119	-0.0050252909345897	0.040423559554728	9.999000099990002e-05
1120	-0.0038563571876229	0.040423559554728	9.999000099990002e-05
1121	-0.0014410367350575	0.040423559554728	9.999000099990002e-05
1122	-0.0038303297236473	0.040423559554728	9.999000099990002e-05
1123	0.0022056743253797	0.040423559554728	9.999000099990002e-05
1124	-0.0043463420858261	0.040423559554728	9.999000099990002e-05
1125	-0.0017564625890376	0.040423559554728	9.999000099990002e-05
1126	-0.0019274700028499	0.040423559554728	9.999000099990002e-05
1127	-0.003644842381651	0.040423559554728	9.999000099990002e-05
1128	-0.0017542407112437	0.040423559554728	9.999000099990002e-05
1129	-0.0056732852692053	0.040423559554728	9.999000099990002e-05
1130	-0.0008164832650297	0.040423559554728	9.999000099990002e-05
1131	-0.0017873541617797	0.040423559554728	9.999000099990002e-05
1132	-0.0013340523882394	0.040423559554728	9.999000099990002e-05
1133	-0.0093370639921603	0.040423559554728	9.999000099990002e-05
1134	-0.0039839414178712	0.040423559554728	9.999000099990002e-05
1135	-0.0027322496674104	0.040423559554728	9.999000099990002e-05
1136	-0.0043896690682988	0.040423559554728	9.999000099990002e-05
1137	5.820770044616813e-05	0.040423559554728	9.999000099990002e-05
1138	-0.0026936248234606	0.040423559554728	9.999000099990002e-05
1139	-0.0016958380309412	0.040423559554728	9.999000099990002e-05
1140	-0.0090955558750257	0.040423559554728	9.999000099990002e-05
1141	0.0018135081048945	0.040423559554728	9.999000099990002e-05
1142	-0.0047102142784521	0.040423559554728	9.999000099990002e-05
1143	-0.0029453005745508	0.040423559554728	9.999000099990002e-05
1144	-0.001711644903232	0.040423559554728	9.999000099990002e-05
1145	-0.0025570261412245	0.040423559554728	9.999000099990002e-05
1146	0.002185980378841	0.040423559554728	9.999000099990002e-05
1147	-0.0007317138681131	0.040423559554728	9.999000099990002e-05
1148	-0.0033293453723346	0.040423559554728	9.999000099990002e-05
1149	0.0002925535203366	0.040423559554728	9.999000099990002e-05
1150	-0.0091052621823323	0.040423559554728	9.999000099990002e-05
1151	-0.0018869573399247	0.040423559554728	9.999000099990002e-05
1152	-0.004862561604484	0.040423559554728	9.999000099990002e-05
1153	-0.0043687236419367	0.040423559554728	9.999000099990002e-05
1154	-0.0053215019623231	0.040423559554728	9.999000099990002e-05
1155	-0.0033059801836303	0.040423559554728	9.999000099990002e-05
1156	-0.0064683264247742	0.040423559554728	9.999000099990002e-05
1157	-0.0106539349539841	0.040423559554728	9.999000099990002e-05
1158	-0.0027426642578966	0.040423559554728	9.999000099990002e-05
1159	-0.0036346520487777	0.040423559554728	9.999000099990002e-05
1160	0.0022645163259227	0.040423559554728	9.999000099990002e-05
1161	-0.003846715937723	0.040423559554728	9.999000099990002e-05
1162	-0.0064414701232821	0.040423559554728	9.999000099990002e-05
1163	-0.0002985728116534	0.040423559554728	9.999000099990002e-05
1164	-0.0027315872437393	0.040423559554728	9.999000099990002e-05
1165	-0.0048784628504108	0.040423559554728	9.999000099990002e-05
1166	-0.0051216204863572	0.040423559554728	9.999000099990002e-05
1167	-0.0065199996069432	0.040423559554728	9.999000099990002e-05
1168	-0.000983785138227	0.040423559554728	9.999000099990002e-05
1169	-0.0043888655458465	0.040423559554728	9.999000099990002e-05
1170	-0.0013825447787573	0.040423559554728	9.999000099990002e-05
1171	-0.0013492940190052	0.040423559554728	9.999000099990002e-05
1172	-0.0034437723095585	0.040423559554728	9.999000099990002e-05
1173	-0.0033674141697448	0.040423559554728	9.999000099990002e-05
1174	-0.0054581373667914	0.040423559554728	9.999000099990002e-05
1175	-0.0046317673765316	0.040423559554728	9.999000099990002e-05
1176	-0.0039245661851247	0.040423559554728	9.999000099990002e-05
1177	0.0004932348446079	0.040423559554728	9.999000099990002e-05
1178	-0.0041602695349517	0.040423559554728	9.999000099990002e-05
1179	-0.0032553467465492	0.040423559554728	9.999000099990002e-05
1180	-0.0038014060316567	0.040423559554728	9.999000099990002e-05
1181	-0.0031259041097367	0.040423559554728	9.999000099990002e-05
1182	-0.005645210786048	0.040423559554728	9.999000099990002e-05
1183	-0.0019651373949068	0.040423559554728	9.999000099990002e-05
1184	-0.0063179042747501	0.040423559554728	9.999000099990002e-05
1185	-0.0037270468200972	0.040423559554728	9.999000099990002e-05
1186	-0.002249533655183	0.040423559554728	9.999000099990002e-05
1187	-0.0066743117936164	0.040423559554728	9.999000099990002e-05
1188	-0.0033912533233938	0.040423559554728	9.999000099990002e-05
1189	-0.0047370807559844	0.040423559554728	9.999000099990002e-05
1190	-0.0065627069089611	0.040423559554728	9.999000099990002e-05
1191	-0.001964049693546	0.040423559554728	9.999000099990002e-05
1192	-0.0013311623350994	0.040423559554728	9.999000099990002e-05
1193	-0.0048756683635619	0.040423559554728	9.999000099990002e-05
1194	-0.0055250752826078	0.040423559554728	9.999000099990002e-05
1195	-0.0014098880682172	0.040423559554728	9.999000099990002e-05
1196	-0.0045645849856764	0.040423559554728	9.999000099990002e-05
1197	-0.006071410513457	0.040423559554728	9.999000099990002e-05
1198	-0.0030723477253213	0.040423559554728	9.999000099990002e-05
1199	-0.0047385678428795	0.040423559554728	9.999000099990002e-05
1200	-0.0018555914175105	0.040423559554728	9.999000099990002e-05
1201	-0.0059314713392179	0.040423559554728	9.999000099990002e-05
1202	-0.0040349962853677	0.040423559554728	9.999000099990002e-05
1203	-0.0077899328040426	0.040423559554728	9.999000099990002e-05
1204	-0.0050482557374684	0.040423559554728	9.999000099990002e-05
1205	-0.0015875383780208	0.040423559554728	9.999000099990002e-05
1206	-0.0014927299615251	0.040423559554728	9.999000099990002e-05
1207	-0.0014115871783933	0.040423559554728	9.999000099990002e-05
1208	-0.0007001879183287	0.040423559554728	9.999000099990002e-05
1209	-0.0038670455693772	0.040423559554728	9.999000099990002e-05
1210	-0.0054967334908394	0.040423559554728	9.999000099990002e-05
1211	-0.0010465975642134	0.040423559554728	9.999000099990002e-05
1212	-0.0043053405690051	0.040423559554728	9.999000099990002e-05
1213	-0.0070635090918406	0.040423559554728	9.999000099990002e-05
1214	-0.00962389034471	0.040423559554728	9.999000099990002e-05
1215	-0.0061038594050848	0.040423559554728	9.999000099990002e-05
1216	-0.0047742094527083	0.040423559554728	9.999000099990002e-05
1217	-0.0088293695329761	0.040423559554728	9.999000099990002e-05
1218	-0.000765650366018	0.040423559554728	9.999000099990002e-05
1219	-0.0004807822952708	0.040423559554728	9.999000099990002e-05
1220	-0.0028658801391313	0.040423559554728	9.999000099990002e-05
1221	0.0008239244511804	0.040423559554728	9.999000099990002e-05
1222	-0.005964442248245	0.040423559554728	9.999000099990002e-05
1223	-0.0015447610171398	0.040423559554728	9.999000099990002e-05
1224	-0.0061557155443782	0.040423559554728	9.999000099990002e-05
1225	-0.0023358880905958	0.040423559554728	9.999000099990002e-05
1226	-0.0057829964870284	0.040423559554728	9.999000099990002e-05
1227	-0.0015725053079892	0.040423559554728	9.999000099990002e-05
1228	-0.0042002658552071	0.040423559554728	9.999000099990002e-05
1229	-0.0062546404096095	0.040423559554728	9.999000099990002e-05
1230	-0.0030665869900669	0.040423559554728	9.999000099990002e-05
1231	-0.0016139601683651	0.040423559554728	9.999000099990002e-05
1232	-0.0046961254449264	0.040423559554728	9.999000099990002e-05
1233	0.0016578949624518	0.040423559554728	9.999000099990002e-05
1234	-0.0027289175047561	0.040423559554728	9.999000099990002e-05
1235	-0.0038047672412312	0.040423559554728	9.999000099990002e-05
1236	0.0004656538320754	0.040423559554728	9.999000099990002e-05
1237	-0.002089058750811	0.040423559554728	9.999000099990002e-05
1238	-0.0037542549548146	0.040423559554728	9.999000099990002e-05
1239	-0.0068299687372758	0.040423559554728	9.999000099990002e-05
1240	-0.0042425722712537	0.040423559554728	9.999000099990002e-05
1241	-0.0020847771001214	0.040423559554728	9.999000099990002e-05
1242	-0.0010970519491533	0.040423559554728	9.999000099990002e-05
1243	-0.002061128021054	0.040423559554728	9.999000099990002e-05
1244	-0.0027706784735036	0.040423559554728	9.999000099990002e-05
1245	0.0014736916674549	0.040423559554728	9.999000099990002e-05
1246	-0.0037827771837428	0.040423559554728	9.999000099990002e-05
1247	-0.0030119520800396	0.040423559554728	9.999000099990002e-05
1248	0.0005304717074458	0.040423559554728	9.999000099990002e-05
1249	-0.0005193795350282	0.040423559554728	9.999000099990002e-05
1250	-0.0007610742641978	0.040423559554728	9.999000099990002e-05
1251	-0.0057386047906582	0.040423559554728	9.999000099990002e-05
1252	-0.0013960877802563	0.040423559554728	9.999000099990002e-05
1253	-0.0023981251567262	0.040423559554728	9.999000099990002e-05
1254	-0.0053145500147956	0.040423559554728	9.999000099990002e-05
1255	-0.0029261287800659	0.040423559554728	9.999000099990002e-05
1256	-0.0062817586527652	0.040423559554728	9.999000099990002e-05
1257	-0.0053305102779086	0.040423559554728	9.999000099990002e-05
1258	-0.0029455332192214	0.040423559554728	9.999000099990002e-05
1259	-0.0002334120479702	0.040423559554728	9.999000099990002e-05
1260	-0.0027308368521436	0.040423559554728	9.999000099990002e-05
1261	6.474306512367078e-05	0.040423559554728	9.999000099990002e-05
1262	-0.0002047991195528	0.040423559554728	9.999000099990002e-05
1263	-0.0027656393907065	0.040423559554728	9.999000099990002e-05
1264	-0.0016267852492627	0.040423559554728	9.999000099990002e-05
1265	-0.0064319314609486	0.040423559554728	9.999000099990002e-05
1266	-0.0021627455550227	0.040423559554728	9.999000099990002e-05
1267	-0.0070919059381028	0.040423559554728	9.999000099990002e-05
1268	-0.0040506610778224	0.040423559554728	9.999000099990002e-05
1269	-0.0032618503712146	0.040423559554728	9.999000099990002e-05
1270	-0.0059193882243855	0.040423559554728	9.999000099990002e-05
1271	-0.0041947343597857	0.040423559554728	9.999000099990002e-05
1272	-0.0039290947346358	0.040423559554728	9.999000099990002e-05
1273	-0.0055589232932062	0.040423559554728	9.999000099990002e-05
1274	0.0004098964413286	0.040423559554728	9.999000099990002e-05
1275	-0.0010454071021588	0.040423559554728	9.999000099990002e-05
1276	-0.0045158552183406	0.040423559554728	9.999000099990002e-05
1277	0.0004813992826336	0.040423559554728	9.999000099990002e-05
1278	-0.0019917592819821	0.040423559554728	9.999000099990002e-05
1279	-0.0053590653625584	0.040423559554728	9.999000099990002e-05
1280	-0.0022712192586278	0.040423559554728	9.999000099990002e-05
1281	-0.0030427516067466	0.040423559554728	9.999000099990002e-05
1282	-0.0012600401815761	0.040423559554728	9.999000099990002e-05
1283	-0.0038347083448831	0.040423559554728	9.999000099990002e-05
1284	-0.0038880034609078	0.040423559554728	9.999000099990002e-05
1285	-0.0038904948210228	0.040423559554728	9.999000099990002e-05
1286	-0.0017786651314798	0.040423559554728	9.999000099990002e-05
1287	-0.0022604738217971	0.040423559554728	9.999000099990002e-05
1288	-0.0030114410081353	0.040423559554728	9.999000099990002e-05
1289	-0.0045583612694452	0.040423559554728	9.999000099990002e-05
1290	-0.0057284565277283	0.040423559554728	9.999000099990002e-05
1291	-0.0045235069080989	0.040423559554728	9.999000099990002e-05
1292	-0.0059908322793409	0.040423559554728	9.999000099990002e-05
1293	-0.0043578675575001	0.040423559554728	9.999000099990002e-05
1294	-0.0010124591228859	0.040423559554728	9.999000099990002e-05
1295	-0.0017728397812553	0.040423559554728	9.999000099990002e-05
1296	-0.0035455476971875	0.040423559554728	9.999000099990002e-05
1297	-0.0026526510454865	0.040423559554728	9.999000099990002e-05
1298	-0.0006252402277082	0.040423559554728	9.999000099990002e-05
1299	-0.0043838538941145	0.040423559554728	9.999000099990002e-05
1300	-0.0016873467312986	0.040423559554728	9.999000099990002e-05
1301	-0.003959621835857	0.040423559554728	9.999000099990002e-05
1302	-0.0040801029976473	0.040423559554728	9.999000099990002e-05
1303	-0.0026939439740916	0.040423559554728	9.999000099990002e-05
1304	0.0022539682734947	0.040423559554728	9.999000099990002e-05
1305	-0.0030559939437671	0.040423559554728	9.999000099990002e-05
1306	-0.0019717402215374	0.040423559554728	9.999000099990002e-05
1307	-0.0009658387775192	0.040423559554728	9.999000099990002e-05
1308	0.0004984487667808	0.040423559554728	9.999000099990002e-05
1309	-0.0081119049297226	0.040423559554728	9.999000099990002e-05
1310	0.001714398012647	0.040423559554728	9.999000099990002e-05
1311	-0.0007508863551073	0.040423559554728	9.999000099990002e-05
1312	-0.0054251014965395	0.040423559554728	9.999000099990002e-05
1313	0.0006424907126957	0.040423559554728	9.999000099990002e-05
1314	-0.0062949991046214	0.040423559554728	9.999000099990002e-05
1315	-0.0037566034848751	0.040423559554728	9.999000099990002e-05
1316	-0.0053565871601212	0.040423559554728	9.999000099990002e-05
1317	-0.0023729482866027	0.040423559554728	9.999000099990002e-05
1318	-0.0027173335545144	0.040423559554728	9.999000099990002e-05
1319	-0.0024229713151597	0.040423559554728	9.999000099990002e-05
1320	-0.0051029315824932	0.040423559554728	9.999000099990002e-05
1321	-0.008285463701891	0.040423559554728	9.999000099990002e-05
1322	-0.0026000505740543	0.040423559554728	9.999000099990002e-05
1323	-0.0020727921484901	0.040423559554728	9.999000099990002e-05
1324	-0.0009574317524179	0.040423559554728	9.999000099990002e-05
1325	-0.0069232159106663	0.040423559554728	9.999000099990002e-05
1326	-0.006737427827246	0.040423559554728	9.999000099990002e-05
1327	-0.0022890248668091	0.040423559554728	9.999000099990002e-05
1328	-0.0010792435709346	0.040423559554728	9.999000099990002e-05
1329	-0.0066217786302463	0.040423559554728	9.999000099990002e-05
1330	-0.0066641411203143	0.040423559554728	9.999000099990002e-05
1331	-0.0029414223490334	0.040423559554728	9.999000099990002e-05
1332	-0.0026556073294518	0.040423559554728	9.999000099990002e-05
1333	-0.0058197406102236	0.040423559554728	9.999000099990002e-05
1334	0.0002434643983544	0.040423559554728	9.999000099990002e-05
1335	0.0011007864789795	0.040423559554728	9.999000099990002e-05
1336	-0.002028598740632	0.040423559554728	9.999000099990002e-05
1337	-0.006616894938854	0.040423559554728	9.999000099990002e-05
1338	-0.000462689661198	0.040423559554728	9.999000099990002e-05
1339	-0.0042663146467203	0.040423559554728	9.999000099990002e-05
1340	-0.0047861890566285	0.040423559554728	9.999000099990002e-05
1341	0.0008795569786432	0.040423559554728	9.999000099990002e-05
1342	-0.0017411600559212	0.040423559554728	9.999000099990002e-05
1343	-0.0018068023444429	0.040423559554728	9.999000099990002e-05
1344	-0.0077908197353995	0.040423559554728	9.999000099990002e-05
1345	-0.0036837426134878	0.040423559554728	9.999000099990002e-05
1346	-0.0018311633616002	0.040423559554728	9.999000099990002e-05
1347	-0.0005349681514538	0.040423559554728	9.999000099990002e-05
1348	-0.0048260378723911	0.040423559554728	9.999000099990002e-05
1349	-0.0022254355030351	0.040423559554728	9.999000099990002e-05
1350	-0.0025718458606655	0.040423559554728	9.999000099990002e-05
1351	-0.0042660047487838	0.040423559554728	9.999000099990002e-05
1352	-0.0046218906349781	0.040423559554728	9.999000099990002e-05
1353	-0.0012205103625534	0.040423559554728	9.999000099990002e-05
1354	-0.0042455782620016	0.040423559554728	9.999000099990002e-05
1355	-0.000426149847499	0.040423559554728	9.999000099990002e-05
1356	-0.0055490601132943	0.040423559554728	9.999000099990002e-05
1357	-0.0047049512265877	0.040423559554728	9.999000099990002e-05
1358	-0.0017449562383164	0.040423559554728	9.999000099990002e-05
1359	-0.0032403736170496	0.040423559554728	9.999000099990002e-05
1360	-0.0013136238816383	0.040423559554728	9.999000099990002e-05
1361	-0.0029245966223536	0.040423559554728	9.999000099990002e-05
1362	-0.0048946310394578	0.040423559554728	9.999000099990002e-05
1363	-0.0068046446319689	0.040423559554728	9.999000099990002e-05
1364	-0.0029154430721672	0.040423559554728	9.999000099990002e-05
1365	-0.0002510389117924	0.040423559554728	9.999000099990002e-05
1366	0.0004759760495081	0.040423559554728	9.999000099990002e-05
1367	-0.0044140489948089	0.040423559554728	9.999000099990002e-05
1368	-0.0035324629637544	0.040423559554728	9.999000099990002e-05
1369	-0.0046252760246709	0.040423559554728	9.999000099990002e-05
1370	-0.0072660469182753	0.040423559554728	9.999000099990002e-05
1371	-0.0082983433756094	0.040423559554728	9.999000099990002e-05
1372	-0.0023450876157089	0.040423559554728	9.999000099990002e-05
1373	-0.0047209040836978	0.040423559554728	9.999000099990002e-05
1374	-0.0032477187944727	0.040423559554728	9.999000099990002e-05
1375	-0.0056243739105273	0.040423559554728	9.999000099990002e-05
1376	-0.0046165836664788	0.040423559554728	9.999000099990002e-05
1377	-0.0033992060238853	0.040423559554728	9.999000099990002e-05
1378	-0.0028774349655074	0.040423559554728	9.999000099990002e-05
1379	-0.0034278683705398	0.040423559554728	9.999000099990002e-05
1380	-0.0043739448739305	0.040423559554728	9.999000099990002e-05
1381	-0.0040363069555046	0.040423559554728	9.999000099990002e-05
1382	-0.0043051538800247	0.040423559554728	9.999000099990002e-05
1383	3.115357211491143e-05	0.040423559554728	9.999000099990002e-05
1384	-0.0004198366821427	0.040423559554728	9.999000099990002e-05
1385	-0.0031305705263187	0.040423559554728	9.999000099990002e-05
1386	-0.0039265840612043	0.040423559554728	9.999000099990002e-05
1387	-0.0007550940996596	0.040423559554728	9.999000099990002e-05
1388	-0.0061195220815386	0.040423559554728	9.999000099990002e-05
1389	0.0021941689557134	0.040423559554728	9.999000099990002e-05
1390	-0.0014997186120484	0.040423559554728	9.999000099990002e-05
1391	-0.005139737127421	0.040423559554728	9.999000099990002e-05
1392	-0.0025102261666255	0.040423559554728	9.999000099990002e-05
1393	-0.0065462617931175	0.040423559554728	9.999000099990002e-05
1394	0.0002325660516108	0.040423559554728	9.999000099990002e-05
1395	-0.0043036735450958	0.040423559554728	9.999000099990002e-05
1396	-0.002943227778632	0.040423559554728	9.999000099990002e-05
1397	-0.0093695900408721	0.040423559554728	9.999000099990002e-05
1398	-0.0032006638417764	0.040423559554728	9.999000099990002e-05
1399	-0.0056763670704912	0.040423559554728	9.999000099990002e-05
1400	-0.001959779219188	0.040423559554728	9.999000099990002e-05
1401	-0.0011868558890835	0.040423559554728	9.999000099990002e-05
1402	0.0005297953181694	0.040423559554728	9.999000099990002e-05
1403	0.0005937997835928	0.040423559554728	9.999000099990002e-05
1404	-0.0033106444265023	0.040423559554728	9.999000099990002e-05
1405	-0.0017537571281136	0.040423559554728	9.999000099990002e-05
1406	0.0008276134100437	0.040423559554728	9.999000099990002e-05
1407	-9.145001543143657e-05	0.040423559554728	9.999000099990002e-05
1408	-0.0021974082066958	0.040423559554728	9.999000099990002e-05
1409	-0.0056258835039765	0.040423559554728	9.999000099990002e-05
1410	-0.0040719077072814	0.040423559554728	9.999000099990002e-05
1411	-0.0065245153257949	0.040423559554728	9.999000099990002e-05
1412	-0.0067443037718718	0.040423559554728	9.999000099990002e-05
1413	-0.0006109950217228	0.040423559554728	9.999000099990002e-05
1414	-0.0011256925202359	0.040423559554728	9.999000099990002e-05
1415	-0.0020628355952334	0.040423559554728	9.999000099990002e-05
1416	-0.0024183527779051	0.040423559554728	9.999000099990002e-05
1417	0.0002809931538857	0.040423559554728	9.999000099990002e-05
1418	-0.0039043914254932	0.040423559554728	9.999000099990002e-05
1419	-0.0054206992530403	0.040423559554728	9.999000099990002e-05
1420	-0.0049114290272907	0.040423559554728	9.999000099990002e-05
1421	-0.0019340564400924	0.040423559554728	9.999000099990002e-05
1422	-0.0059422589037011	0.040423559554728	9.999000099990002e-05
1423	-0.002385133546565	0.040423559554728	9.999000099990002e-05
1424	-0.0087570163094191	0.040423559554728	9.999000099990002e-05
1425	-0.0030056597476731	0.040423559554728	9.999000099990002e-05
1426	-0.0057066988840742	0.040423559554728	9.999000099990002e-05
1427	-0.0038938586275074	0.040423559554728	9.999000099990002e-05
1428	-0.005078343306849	0.040423559554728	9.999000099990002e-05
1429	-0.0040821211237998	0.040423559554728	9.999000099990002e-05
1430	0.0010425342463345	0.040423559554728	9.999000099990002e-05
1431	-0.0033641954054975	0.040423559554728	9.999000099990002e-05
1432	-0.0023889243427763	0.040423559554728	9.999000099990002e-05
1433	-0.008267461690362	0.040423559554728	9.999000099990002e-05
1434	-0.0037674156142039	0.040423559554728	9.999000099990002e-05
1435	0.0013363506921352	0.040423559554728	9.999000099990002e-05
1436	-0.0049914180321273	0.040423559554728	9.999000099990002e-05
1437	-0.0055849379265223	0.040423559554728	9.999000099990002e-05
1438	-0.0036299914223434	0.040423559554728	9.999000099990002e-05
1439	-0.0021589423128795	0.040423559554728	9.999000099990002e-05
1440	-0.0021021305574027	0.040423559554728	9.999000099990002e-05
1441	-0.0006548036444522	0.040423559554728	9.999000099990002e-05
1442	-0.0029203017562771	0.040423559554728	9.999000099990002e-05
1443	-0.0045500808966104	0.040423559554728	9.999000099990002e-05
1444	-0.0047566638625536	0.040423559554728	9.999000099990002e-05
1445	-0.0049187670487838	0.040423559554728	9.999000099990002e-05
1446	-0.002699437670044	0.040423559554728	9.999000099990002e-05
1447	-0.0049631170407017	0.040423559554728	9.999000099990002e-05
1448	-0.0040400737831976	0.040423559554728	9.999000099990002e-05
1449	-0.0021692259613883	0.040423559554728	9.999000099990002e-05
1450	-0.0031859639072174	0.040423559554728	9.999000099990002e-05
1451	-0.0008498802789105	0.040423559554728	9.999000099990002e-05
1452	-0.002723367927146	0.040423559554728	9.999000099990002e-05
1453	0.0007452459818261	0.040423559554728	9.999000099990002e-05
1454	-0.0059736761872258	0.040423559554728	9.999000099990002e-05
1455	-0.0018559044125027	0.040423559554728	9.999000099990002e-05
1456	-0.0075565913727902	0.040423559554728	9.999000099990002e-05
1457	-0.0025927304616226	0.040423559554728	9.999000099990002e-05
1458	-0.0041398477803169	0.040423559554728	9.999000099990002e-05
1459	0.0008029327998188	0.040423559554728	9.999000099990002e-05
1460	-0.0055038775904766	0.040423559554728	9.999000099990002e-05
1461	-0.0024412023549217	0.040423559554728	9.999000099990002e-05
1462	0.0007025379488261	0.040423559554728	9.999000099990002e-05
1463	-0.0001187812821594	0.040423559554728	9.999000099990002e-05
1464	-0.0058527052866665	0.040423559554728	9.999000099990002e-05
1465	-0.0027868884247119	0.040423559554728	9.999000099990002e-05
1466	-0.0034764538458569	0.040423559554728	9.999000099990002e-05
1467	-0.0025411035813986	0.040423559554728	9.999000099990002e-05
1468	-0.0070403863583561	0.040423559554728	9.999000099990002e-05
1469	-0.0013497318388088	0.040423559554728	9.999000099990002e-05
1470	-0.0034822107338371	0.040423559554728	9.999000099990002e-05
1471	-0.0066027445489413	0.040423559554728	9.999000099990002e-05
1472	-0.0008356174139366	0.040423559554728	9.999000099990002e-05
1473	-0.0070222318793506	0.040423559554728	9.999000099990002e-05
1474	0.0007319258529213	0.040423559554728	9.999000099990002e-05
1475	-0.0068773736957422	0.040423559554728	9.999000099990002e-05
1476	-0.0032941159402269	0.040423559554728	9.999000099990002e-05
1477	-0.0022355896715309	0.040423559554728	9.999000099990002e-05
1478	-0.0052694176027243	0.040423559554728	9.999000099990002e-05
1479	-0.0012473258059935	0.040423559554728	9.999000099990002e-05
1480	-0.0067619994441929	0.040423559554728	9.999000099990002e-05
1481	-0.0024978757431819	0.040423559554728	9.999000099990002e-05
1482	-0.0024431926652817	0.040423559554728	9.999000099990002e-05
1483	-0.0013976249586615	0.040423559554728	9.999000099990002e-05
1484	-0.0062097895603003	0.040423559554728	9.999000099990002e-05
1485	-0.0040031144242474	0.040423559554728	9.999000099990002e-05
1486	-0.0047303823053537	0.040423559554728	9.999000099990002e-05
1487	-0.0053641494776999	0.040423559554728	9.999000099990002e-05
1488	-0.0049516755550234	0.040423559554728	9.999000099990002e-05
1489	-0.0031600477064116	0.040423559554728	9.999000099990002e-05
1490	-0.0023829635300273	0.040423559554728	9.999000099990002e-05
1491	-0.0007783522956685	0.040423559554728	9.999000099990002e-05
1492	-0.0001739986502636	0.040423559554728	9.999000099990002e-05
1493	-0.0047706646896819	0.040423559554728	9.999000099990002e-05
1494	0.0007323035398292	0.040423559554728	9.999000099990002e-05
1495	-0.0011316871889978	0.040423559554728	9.999000099990002e-05
1496	-0.0055167622079424	0.040423559554728	9.999000099990002e-05
1497	-5.425462620931715e-05	0.040423559554728	9.999000099990002e-05
1498	-0.0034474462255797	0.040423559554728	9.999000099990002e-05
1499	-0.0010074779608019	0.040423559554728	9.999000099990002e-05
1500	-0.005350339436899	0.040423559554728	9.999000099990002e-05
1501	-0.0021302877569552	0.040423559554728	9.999000099990002e-05
1502	-0.000205371324644	0.040423559554728	9.999000099990002e-05
1503	0.0011770092909233	0.040423559554728	9.999000099990002e-05
1504	-0.0012024927310911	0.040423559554728	9.999000099990002e-05
1505	-0.001444779113323	0.040423559554728	9.999000099990002e-05
1506	-0.0014977625809014	0.040423559554728	9.999000099990002e-05
1507	-0.0075955242102758	0.040423559554728	9.999000099990002e-05
1508	-0.0029035390287122	0.040423559554728	9.999000099990002e-05
1509	-0.0011107749261392	0.040423559554728	9.999000099990002e-05
1510	-0.0029023310807964	0.040423559554728	9.999000099990002e-05
1511	-0.0014671038451937	0.040423559554728	9.999000099990002e-05
1512	-0.0063709422966767	0.040423559554728	9.999000099990002e-05
1513	-0.007175876371587	0.040423559554728	9.999000099990002e-05
1514	-0.0046296072667249	0.040423559554728	9.999000099990002e-05
1515	-0.0020099086825856	0.040423559554728	9.999000099990002e-05
1516	-0.0035950660595518	0.040423559554728	9.999000099990002e-05
1517	-0.0069000573013499	0.040423559554728	9.999000099990002e-05
1518	-0.0044296203946825	0.040423559554728	9.999000099990002e-05
1519	-0.00064329952515	0.040423559554728	9.999000099990002e-05
1520	-0.0036655803245157	0.040423559554728	9.999000099990002e-05
1521	-0.0031641207194215	0.040423559554728	9.999000099990002e-05
1522	-0.0058576770806378	0.040423559554728	9.999000099990002e-05
1523	-0.0028277516512619	0.040423559554728	9.999000099990002e-05
1524	-0.0015100470043562	0.040423559554728	9.999000099990002e-05
1525	-0.0060247257070111	0.040423559554728	9.999000099990002e-05
1526	-0.004559977759408	0.040423559554728	9.999000099990002e-05
1527	-0.001133633274941	0.040423559554728	9.999000099990002e-05
1528	-0.0069989529272974	0.040423559554728	9.999000099990002e-05
1529	-0.0012820828890118	0.040423559554728	9.999000099990002e-05
1530	-0.0029934368228964	0.040423559554728	9.999000099990002e-05
1531	-0.0030604200788391	0.040423559554728	9.999000099990002e-05
1532	-0.0012126356078371	0.040423559554728	9.999000099990002e-05
1533	-0.0022629570449272	0.040423559554728	9.999000099990002e-05
1534	-0.0038363057908385	0.040423559554728	9.999000099990002e-05
1535	-0.0005558706422359	0.040423559554728	9.999000099990002e-05
1536	-0.0054234077340746	0.040423559554728	9.999000099990002e-05
1537	-0.0038530182345297	0.040423559554728	9.999000099990002e-05
1538	-0.0042691102492788	0.040423559554728	9.999000099990002e-05
1539	-0.0051601880443943	0.040423559554728	9.999000099990002e-05
1540	-0.0028882676008077	0.040423559554728	9.999000099990002e-05
1541	-0.0024972907074312	0.040423559554728	9.999000099990002e-05
1542	0.0005719396293177	0.040423559554728	9.999000099990002e-05
1543	-0.0063391207800521	0.040423559554728	9.999000099990002e-05
1544	-0.0047438789471986	0.040423559554728	9.999000099990002e-05
1545	-0.0010634087097241	0.040423559554728	9.999000099990002e-05
1546	-0.0040023693226538	0.040423559554728	9.999000099990002e-05
1547	-0.0054458891077141	0.040423559554728	9.999000099990002e-05
1548	-0.0071332014251451	0.040423559554728	9.999000099990002e-05
1549	-0.0009975637467978	0.040423559554728	9.999000099990002e-05
1550	-0.0029218334715529	0.040423559554728	9.999000099990002e-05
1551	-0.0032150505120339	0.040423559554728	9.999000099990002e-05
1552	-0.0032031069186002	0.040423559554728	9.999000099990002e-05
1553	-0.0016819933069634	0.040423559554728	9.999000099990002e-05
1554	-0.0008533719687893	0.040423559554728	9.999000099990002e-05
1555	-0.0033680184995756	0.040423559554728	9.999000099990002e-05
1556	-0.0054902689737162	0.040423559554728	9.999000099990002e-05
1557	-0.0037749616001037	0.040423559554728	9.999000099990002e-05
1558	-0.0014190446385139	0.040423559554728	9.999000099990002e-05
1559	-0.0006705273194385	0.040423559554728	9.999000099990002e-05
1560	-0.0055462788610685	0.040423559554728	9.999000099990002e-05
1561	-0.0067505258145387	0.040423559554728	9.999000099990002e-05
1562	-0.0090226031692033	0.040423559554728	9.999000099990002e-05
1563	-0.0046578189244436	0.040423559554728	9.999000099990002e-05
1564	-0.0072074779780185	0.040423559554728	9.999000099990002e-05
1565	-0.0052453336470182	0.040423559554728	9.999000099990002e-05
1566	-0.0058069955526294	0.040423559554728	9.999000099990002e-05
1567	-0.0025614118222083	0.040423559554728	9.999000099990002e-05
1568	-0.002520584202181	0.040423559554728	9.999000099990002e-05
1569	-0.0053730324106194	0.040423559554728	9.999000099990002e-05
1570	-0.0019894387600778	0.040423559554728	9.999000099990002e-05
1571	-0.0024978487930262	0.040423559554728	9.999000099990002e-05
1572	-0.0067860525062872	0.040423559554728	9.999000099990002e-05
1573	-0.0023315071417592	0.040423559554728	9.999000099990002e-05
1574	-0.0045521380148869	0.040423559554728	9.999000099990002e-05
1575	0.0017532308594762	0.040423559554728	9.999000099990002e-05
1576	-0.0009395130151388	0.040423559554728	9.999000099990002e-05
1577	-0.0042567066180331	0.040423559554728	9.999000099990002e-05
1578	-0.0005851001925252	0.040423559554728	9.999000099990002e-05
1579	-0.0025022046383987	0.040423559554728	9.999000099990002e-05
1580	-0.0042959212683536	0.040423559554728	9.999000099990002e-05
1581	-0.0051066989488046	0.040423559554728	9.999000099990002e-05
1582	-0.0049753109185582	0.040423559554728	9.999000099990002e-05
1583	-0.0052906549602525	0.040423559554728	9.999000099990002e-05
1584	-0.0083679785961285	0.040423559554728	9.999000099990002e-05
1585	-0.0060688840662013	0.040423559554728	9.999000099990002e-05
1586	-0.0007880520433726	0.040423559554728	9.999000099990002e-05
1587	-0.0098295826089675	0.040423559554728	9.999000099990002e-05
1588	-0.0024377393657083	0.040423559554728	9.999000099990002e-05
1589	-0.0043861409447334	0.040423559554728	9.999000099990002e-05
1590	-0.0049132844714538	0.040423559554728	9.999000099990002e-05
1591	-0.0032804937233522	0.040423559554728	9.999000099990002e-05
1592	-0.0037876189206099	0.040423559554728	9.999000099990002e-05
1593	4.310697609778702e-05	0.040423559554728	9.999000099990002e-05
1594	-0.0062373647057396	0.040423559554728	9.999000099990002e-05
1595	0.00138477281219	0.040423559554728	9.999000099990002e-05
1596	-0.0051398427158613	0.040423559554728	9.999000099990002e-05
1597	-0.0102741910047881	0.040423559554728	9.999000099990002e-05
1598	-0.0033419856301798	0.040423559554728	9.999000099990002e-05
1599	-0.0043185211957475	0.040423559554728	9.999000099990002e-05
1600	-0.0017669138825196	0.040423559554728	9.999000099990002e-05
1601	-0.0064574203834822	0.040423559554728	9.999000099990002e-05
1602	-0.0027017177955693	0.040423559554728	9.999000099990002e-05
1603	-0.0045006038924437	0.040423559554728	9.999000099990002e-05
1604	-0.0030443044243214	0.040423559554728	9.999000099990002e-05
1605	-0.0026537284746253	0.040423559554728	9.999000099990002e-05
1606	-0.0063994404609048	0.040423559554728	9.999000099990002e-05
1607	-0.002377856562077	0.040423559554728	9.999000099990002e-05
1608	-0.0053070540626967	0.040423559554728	9.999000099990002e-05
1609	-0.0048431303113546	0.040423559554728	9.999000099990002e-05
1610	2.8140079182326083e-05	0.040423559554728	9.999000099990002e-05
1611	-0.0013287010414322	0.040423559554728	9.999000099990002e-05
1612	-0.0041894620936996	0.040423559554728	9.999000099990002e-05
1613	-0.0022782876246725	0.040423559554728	9.999000099990002e-05
1614	-0.0080429775884192	0.040423559554728	9.999000099990002e-05
1615	-0.0045971454290195	0.040423559554728	9.999000099990002e-05
1616	-0.0038608080414317	0.040423559554728	9.999000099990002e-05
1617	-0.0046955833255194	0.040423559554728	9.999000099990002e-05
1618	-0.0001235812761015	0.040423559554728	9.999000099990002e-05
1619	-0.0072411493794949	0.040423559554728	9.999000099990002e-05
1620	-0.0017342288452017	0.040423559554728	9.999000099990002e-05
1621	-0.00591854999952	0.040423559554728	9.999000099990002e-05
1622	-0.0078520914819612	0.040423559554728	9.999000099990002e-05
1623	-0.0024605923860353	0.040423559554728	9.999000099990002e-05
1624	-0.005196955058871	0.040423559554728	9.999000099990002e-05
1625	-0.0038125065911321	0.040423559554728	9.999000099990002e-05
1626	-0.0016977769609544	0.040423559554728	9.999000099990002e-05
1627	-0.0012291726158249	0.040423559554728	9.999000099990002e-05
1628	-0.0045013537261846	0.040423559554728	9.999000099990002e-05
1629	-0.0015360388040999	0.040423559554728	9.999000099990002e-05
1630	-0.00129550472061	0.040423559554728	9.999000099990002e-05
1631	-0.0080670624289984	0.040423559554728	9.999000099990002e-05
1632	-0.0044742605095475	0.040423559554728	9.999000099990002e-05
1633	-0.0020954972988333	0.040423559554728	9.999000099990002e-05
1634	-0.0010769993981867	0.040423559554728	9.999000099990002e-05
1635	-0.0039755763857678	0.040423559554728	9.999000099990002e-05
1636	-0.0042963501240082	0.040423559554728	9.999000099990002e-05
1637	-0.0024244041362523	0.040423559554728	9.999000099990002e-05
1638	-0.0006661055125499	0.040423559554728	9.999000099990002e-05
1639	-0.003163794124315	0.040423559554728	9.999000099990002e-05
1640	-0.0016409409291775	0.040423559554728	9.999000099990002e-05
1641	-0.0046016200974555	0.040423559554728	9.999000099990002e-05
1642	-0.0062721604923363	0.040423559554728	9.999000099990002e-05
1643	-0.0045748300460251	0.040423559554728	9.999000099990002e-05
1644	-0.0045022539691102	0.040423559554728	9.999000099990002e-05
1645	-0.0044754025151836	0.040423559554728	9.999000099990002e-05
1646	-0.0098493323986912	0.040423559554728	9.999000099990002e-05
1647	-0.0070728562945737	0.040423559554728	9.999000099990002e-05
1648	-0.0059308086462376	0.040423559554728	9.999000099990002e-05
1649	-0.0068584136937019	0.040423559554728	9.999000099990002e-05
1650	-0.0066198025355644	0.040423559554728	9.999000099990002e-05
1651	-0.0038251310366803	0.040423559554728	9.999000099990002e-05
1652	2.0085733706573516e-05	0.040423559554728	9.999000099990002e-05
1653	0.0017633646374188	0.040423559554728	9.999000099990002e-05
1654	-0.00185931098144	0.040423559554728	9.999000099990002e-05
1655	-0.0004707185954277	0.040423559554728	9.999000099990002e-05
1656	-0.004841160814748	0.040423559554728	9.999000099990002e-05
1657	0.0038519552326692	0.040423559554728	9.999000099990002e-05
1658	-0.0045111328623917	0.040423559554728	9.999000099990002e-05
1659	-0.0068285947602421	0.040423559554728	9.999000099990002e-05
1660	-0.003837106158526	0.040423559554728	9.999000099990002e-05
1661	-0.0036606283247701	0.040423559554728	9.999000099990002e-05
1662	-0.0025835265698534	0.040423559554728	9.999000099990002e-05
1663	-0.0062044587002282	0.040423559554728	9.999000099990002e-05
1664	-0.0032340343479379	0.040423559554728	9.999000099990002e-05
1665	-0.006211070664135	0.040423559554728	9.999000099990002e-05
1666	-0.0079471294653083	0.040423559554728	9.999000099990002e-05
1667	-0.0013665454465749	0.040423559554728	9.999000099990002e-05
1668	-0.0063524263277877	0.040423559554728	9.999000099990002e-05
1669	0.0010196645288375	0.040423559554728	9.999000099990002e-05
1670	-0.0069378924922709	0.040423559554728	9.999000099990002e-05
1671	-0.0040532091275227	0.040423559554728	9.999000099990002e-05
1672	-0.0028387373118934	0.040423559554728	9.999000099990002e-05
1673	-0.0052378530070706	0.040423559554728	9.999000099990002e-05
1674	-0.0057400464797178	0.040423559554728	9.999000099990002e-05
1675	-0.0022686951966821	0.040423559554728	9.999000099990002e-05
1676	-0.0067539896116796	0.040423559554728	9.999000099990002e-05
1677	-0.0031029895522589	0.040423559554728	9.999000099990002e-05
1678	-0.0046731571025554	0.040423559554728	9.999000099990002e-05
1679	-0.0072219781043921	0.040423559554728	9.999000099990002e-05
1680	-0.0026894798664232	0.040423559554728	9.999000099990002e-05
1681	-0.0050315466024331	0.040423559554728	9.999000099990002e-05
1682	-0.0032092953168543	0.040423559554728	9.999000099990002e-05
1683	-2.734648269744483e-05	0.040423559554728	9.999000099990002e-05
1684	-0.0007894873459571	0.040423559554728	9.999000099990002e-05
1685	-0.0020710550080085	0.040423559554728	9.999000099990002e-05
1686	-0.0030469831851625	0.040423559554728	9.999000099990002e-05
1687	-0.0012441299330276	0.040423559554728	9.999000099990002e-05
1688	-0.0038678500344117	0.040423559554728	9.999000099990002e-05
1689	-0.0011534935006705	0.040423559554728	9.999000099990002e-05
1690	-0.0016365219885082	0.040423559554728	9.999000099990002e-05
1691	-0.0003468080311277	0.040423559554728	9.999000099990002e-05
1692	-0.0068516740772373	0.040423559554728	9.999000099990002e-05
1693	-0.004637079481142	0.040423559554728	9.999000099990002e-05
1694	-0.0048442265344278	0.040423559554728	9.999000099990002e-05
1695	-0.0104516944641356	0.040423559554728	9.999000099990002e-05
1696	-0.0062993734746191	0.040423559554728	9.999000099990002e-05
1697	-0.0002753336788881	0.040423559554728	9.999000099990002e-05
1698	-0.0027917451659484	0.040423559554728	9.999000099990002e-05
1699	-0.0019951660240467	0.040423559554728	9.999000099990002e-05
1700	-0.0054771432283402	0.040423559554728	9.999000099990002e-05
1701	-0.0035885101311937	0.040423559554728	9.999000099990002e-05
1702	-0.0037617365181079	0.040423559554728	9.999000099990002e-05
1703	-0.0012086879005478	0.040423559554728	9.999000099990002e-05
1704	-0.0073890424853532	0.040423559554728	9.999000099990002e-05
1705	-0.0015457031184087	0.040423559554728	9.999000099990002e-05
1706	-0.0026706443621759	0.040423559554728	9.999000099990002e-05
1707	-0.006165261381878	0.040423559554728	9.999000099990002e-05
1708	-0.0044145278650281	0.040423559554728	9.999000099990002e-05
1709	0.0001161739844365	0.040423559554728	9.999000099990002e-05
1710	-0.0016677293839891	0.040423559554728	9.999000099990002e-05
1711	-0.0051086991466593	0.040423559554728	9.999000099990002e-05
1712	-0.0005703670944626	0.040423559554728	9.999000099990002e-05
1713	-0.0033632449364072	0.040423559554728	9.999000099990002e-05
1714	-0.0022549691611132	0.040423559554728	9.999000099990002e-05
1715	0.0002938742895682	0.040423559554728	9.999000099990002e-05
1716	-0.0034357491847129	0.040423559554728	9.999000099990002e-05
1717	-0.0037943197950234	0.040423559554728	9.999000099990002e-05
1718	0.0002083412087236	0.040423559554728	9.999000099990002e-05
1719	-0.0025686099183389	0.040423559554728	9.999000099990002e-05
1720	-0.0052984970516108	0.040423559554728	9.999000099990002e-05
1721	-0.0048095853697811	0.040423559554728	9.999000099990002e-05
1722	0.000500054445903	0.040423559554728	9.999000099990002e-05
1723	-0.0024758331896372	0.040423559554728	9.999000099990002e-05
1724	-0.0052965934203384	0.040423559554728	9.999000099990002e-05
1725	-0.0024136771855742	0.040423559554728	9.999000099990002e-05
1726	-0.001892952393414	0.040423559554728	9.999000099990002e-05
1727	0.0006789935733261	0.040423559554728	9.999000099990002e-05
1728	-0.0022918285871161	0.040423559554728	9.999000099990002e-05
1729	-0.0077486523983151	0.040423559554728	9.999000099990002e-05
1730	-0.000623571241689	0.040423559554728	9.999000099990002e-05
1731	-0.0069235457567195	0.040423559554728	9.999000099990002e-05
1732	-0.0058810984972546	0.040423559554728	9.999000099990002e-05
1733	-0.0041346014833316	0.040423559554728	9.999000099990002e-05
1734	-0.0091725423131884	0.040423559554728	9.999000099990002e-05
1735	-0.0037989455459171	0.040423559554728	9.999000099990002e-05
1736	-0.000195946657045	0.040423559554728	9.999000099990002e-05
1737	-0.0028108742941624	0.040423559554728	9.999000099990002e-05
1738	0.002246356806988	0.040423559554728	9.999000099990002e-05
1739	-0.0082853573439958	0.040423559554728	9.999000099990002e-05
1740	-0.0028631383599388	0.040423559554728	9.999000099990002e-05
1741	-0.0030172595294482	0.040423559554728	9.999000099990002e-05
1742	-0.0033339874933801	0.040423559554728	9.999000099990002e-05
1743	-0.0075485121354505	0.040423559554728	9.999000099990002e-05
1744	-0.0024116071789292	0.040423559554728	9.999000099990002e-05
1745	-0.004914613723925	0.040423559554728	9.999000099990002e-05
1746	-0.0024304804441727	0.040423559554728	9.999000099990002e-05
1747	-0.0054479909505532	0.040423559554728	9.999000099990002e-05
1748	-0.007438205994382	0.040423559554728	9.999000099990002e-05
1749	-0.0066975683160611	0.040423559554728	9.999000099990002e-05
1750	-0.004681985077163	0.040423559554728	9.999000099990002e-05
1751	-0.0043711741247634	0.040423559554728	9.999000099990002e-05
1752	-0.0009683929636219	0.040423559554728	9.999000099990002e-05
1753	-0.0008194302963006	0.040423559554728	9.999000099990002e-05
1754	-0.0039571720455396	0.040423559554728	9.999000099990002e-05
1755	-0.0083941433885566	0.040423559554728	9.999000099990002e-05
1756	0.0017261920432963	0.040423559554728	9.999000099990002e-05
1757	-0.0088178101668165	0.040423559554728	9.999000099990002e-05
1758	-0.0032375138227211	0.040423559554728	9.999000099990002e-05
1759	-0.0023396559378165	0.040423559554728	9.999000099990002e-05
1760	-0.0025407098128846	0.040423559554728	9.999000099990002e-05
1761	-0.0045981835197796	0.040423559554728	9.999000099990002e-05
1762	-0.0043529085941882	0.040423559554728	9.999000099990002e-05
1763	-0.0060359945847326	0.040423559554728	9.999000099990002e-05
1764	-0.0047805835781242	0.040423559554728	9.999000099990002e-05
1765	-0.0027491850606412	0.040423559554728	9.999000099990002e-05
1766	-0.0013852823644209	0.040423559554728	9.999000099990002e-05
1767	-0.0049303888946764	0.040423559554728	9.999000099990002e-05
1768	-0.0083329251191062	0.040423559554728	9.999000099990002e-05
1769	-0.0021643808196836	0.040423559554728	9.999000099990002e-05
1770	0.0008663243175173	0.040423559554728	9.999000099990002e-05
1771	0.0005032891186292	0.040423559554728	9.999000099990002e-05
1772	-0.0059708686388809	0.040423559554728	9.999000099990002e-05
1773	-0.001045736063339	0.040423559554728	9.999000099990002e-05
1774	6.050029113983391e-05	0.040423559554728	9.999000099990002e-05
1775	-0.0052594461028074	0.040423559554728	9.999000099990002e-05
1776	0.0005433418206879	0.040423559554728	9.999000099990002e-05
1777	-0.0069355271688586	0.040423559554728	9.999000099990002e-05
1778	-0.0014559671982863	0.040423559554728	9.999000099990002e-05
1779	-0.004033549094706	0.040423559554728	9.999000099990002e-05
1780	0.0016003564568794	0.040423559554728	9.999000099990002e-05
1781	0.0012854958251878	0.040423559554728	9.999000099990002e-05
1782	-0.0067014951518879	0.040423559554728	9.999000099990002e-05
1783	-0.0055157218472905	0.040423559554728	9.999000099990002e-05
1784	-0.0072508411633414	0.040423559554728	9.999000099990002e-05
1785	-0.0045573309886518	0.040423559554728	9.999000099990002e-05
1786	-0.0018624927733823	0.040423559554728	9.999000099990002e-05
1787	0.0014752758980235	0.040423559554728	9.999000099990002e-05
1788	-0.0023848045661485	0.040423559554728	9.999000099990002e-05
1789	-0.0076530176835038	0.040423559554728	9.999000099990002e-05
1790	-0.0035250081582531	0.040423559554728	9.999000099990002e-05
1791	-0.0021768559140475	0.040423559554728	9.999000099990002e-05
1792	-0.0051218158124682	0.040423559554728	9.999000099990002e-05
1793	-0.0071905712854532	0.040423559554728	9.999000099990002e-05
1794	-0.0027506934614354	0.040423559554728	9.999000099990002e-05
1795	-0.0016685032631937	0.040423559554728	9.999000099990002e-05
1796	-0.0022300356695554	0.040423559554728	9.999000099990002e-05
1797	-0.005578400445844	0.040423559554728	9.999000099990002e-05
1798	-0.0071079962390836	0.040423559554728	9.999000099990002e-05
1799	-0.0090879979818122	0.040423559554728	9.999000099990002e-05
1800	-0.0036519175766074	0.040423559554728	9.999000099990002e-05
1801	0.0005387898028041	0.040423559554728	9.999000099990002e-05
1802	-0.0050460878176951	0.040423559554728	9.999000099990002e-05
1803	-0.0021661233271126	0.040423559554728	9.999000099990002e-05
1804	-0.0056233921246251	0.040423559554728	9.999000099990002e-05
1805	-0.0040646036379831	0.040423559554728	9.999000099990002e-05
1806	-0.0064549179432175	0.040423559554728	9.999000099990002e-05
1807	-0.0086277668827167	0.040423559554728	9.999000099990002e-05
1808	-0.0054851881672305	0.040423559554728	9.999000099990002e-05
1809	-0.0012017020585346	0.040423559554728	9.999000099990002e-05
1810	-0.0056226127822912	0.040423559554728	9.999000099990002e-05
1811	-0.0039127469740658	0.040423559554728	9.999000099990002e-05
1812	-0.0030505962565422	0.040423559554728	9.999000099990002e-05
1813	-0.0009689674578413	0.040423559554728	9.999000099990002e-05
1814	0.0003014399927483	0.040423559554728	9.999000099990002e-05
1815	-0.0065912133640651	0.040423559554728	9.999000099990002e-05
1816	-0.0008899484470114	0.040423559554728	9.999000099990002e-05
1817	-0.0053854643193304	0.040423559554728	9.999000099990002e-05
1818	-0.0024907519379161	0.040423559554728	9.999000099990002e-05
1819	-0.0035239150707084	0.040423559554728	9.999000099990002e-05
1820	-0.0070235592081848	0.040423559554728	9.999000099990002e-05
1821	-0.0046956022733448	0.040423559554728	9.999000099990002e-05
1822	-0.0039868841017222	0.040423559554728	9.999000099990002e-05
1823	-0.0045969642993503	0.040423559554728	9.999000099990002e-05
1824	-0.0070629504868636	0.040423559554728	9.999000099990002e-05
1825	-0.0057825513958766	0.040423559554728	9.999000099990002e-05
1826	-0.0021058577004624	0.040423559554728	9.999000099990002e-05
1827	-0.0025360693461671	0.040423559554728	9.999000099990002e-05
1828	-0.0050143901255906	0.040423559554728	9.999000099990002e-05
1829	-0.0025610502169066	0.040423559554728	9.999000099990002e-05
1830	-0.0043281032553339	0.040423559554728	9.999000099990002e-05
1831	-0.0032039054395961	0.040423559554728	9.999000099990002e-05
1832	-0.0086988795334727	0.040423559554728	9.999000099990002e-05
1833	-0.0094327206364345	0.040423559554728	9.999000099990002e-05
1834	-0.0021880810674977	0.040423559554728	9.999000099990002e-05
1835	-0.0019500644671145	0.040423559554728	9.999000099990002e-05
1836	-0.0044020107776664	0.040423559554728	9.999000099990002e-05
1837	-0.0065457569730338	0.040423559554728	9.999000099990002e-05
1838	-0.0045351518953458	0.040423559554728	9.999000099990002e-05
1839	-0.0059550230053026	0.040423559554728	9.999000099990002e-05
1840	-0.0061092936606509	0.040423559554728	9.999000099990002e-05
1841	-0.0006813731124166	0.040423559554728	9.999000099990002e-05
1842	-0.0041432440962684	0.040423559554728	9.999000099990002e-05
1843	-0.0010087901890849	0.040423559554728	9.999000099990002e-05
1844	-0.0011037402045074	0.040423559554728	9.999000099990002e-05
1845	-0.0008074152397487	0.040423559554728	9.999000099990002e-05
1846	-0.010624439306975	0.040423559554728	9.999000099990002e-05
1847	-0.0025083401943417	0.040423559554728	9.999000099990002e-05
1848	-0.0008108701496862	0.040423559554728	9.999000099990002e-05
1849	-0.0013267069799798	0.040423559554728	9.999000099990002e-05
1850	-0.0035836486385736	0.040423559554728	9.999000099990002e-05
1851	-0.0069273221256525	0.040423559554728	9.999000099990002e-05
1852	-0.0001876049201868	0.040423559554728	9.999000099990002e-05
1853	-0.0028105131697699	0.040423559554728	9.999000099990002e-05
1854	-0.0015129019511191	0.040423559554728	9.999000099990002e-05
1855	-0.0023940040527888	0.040423559554728	9.999000099990002e-05
1856	-0.0069040438083995	0.040423559554728	9.999000099990002e-05
1857	-0.0028305806866332	0.040423559554728	9.999000099990002e-05
1858	-0.0048013663994425	0.040423559554728	9.999000099990002e-05
1859	-0.0079580665156303	0.040423559554728	9.999000099990002e-05
1860	-0.0024646823462881	0.040423559554728	9.999000099990002e-05
1861	-0.0018314991324557	0.040423559554728	9.999000099990002e-05
1862	-0.0022340556671269	0.040423559554728	9.999000099990002e-05
1863	-0.0051337791616549	0.040423559554728	9.999000099990002e-05
1864	-0.007258871963499	0.040423559554728	9.999000099990002e-05
1865	-0.0014968879223493	0.040423559554728	9.999000099990002e-05
1866	-8.842798155013071e-05	0.040423559554728	9.999000099990002e-05
1867	-0.0033644801614971	0.040423559554728	9.999000099990002e-05
1868	-0.0047026108719849	0.040423559554728	9.999000099990002e-05
1869	-0.008242723986588	0.040423559554728	9.999000099990002e-05
1870	-0.0035684186650486	0.040423559554728	9.999000099990002e-05
1871	-0.0011377252550127	0.040423559554728	9.999000099990002e-05
1872	-0.0004740232500715	0.040423559554728	9.999000099990002e-05
1873	-0.003901289599145	0.040423559554728	9.999000099990002e-05
1874	-0.0085408198708957	0.040423559554728	9.999000099990002e-05
1875	-0.0053391820339473	0.040423559554728	9.999000099990002e-05
1876	0.0040738077990616	0.040423559554728	9.999000099990002e-05
1877	-0.00268735509383	0.040423559554728	9.999000099990002e-05
1878	-0.0053984569490192	0.040423559554728	9.999000099990002e-05
1879	-0.0021613268534264	0.040423559554728	9.999000099990002e-05
1880	-0.0023459665447355	0.040423559554728	9.999000099990002e-05
1881	-0.0015437944664434	0.040423559554728	9.999000099990002e-05
1882	-0.0007409575022248	0.040423559554728	9.999000099990002e-05
1883	-5.568648548337635e-05	0.040423559554728	9.999000099990002e-05
1884	0.0026999036903674	0.040423559554728	9.999000099990002e-05
1885	-0.0054727270769447	0.040423559554728	9.999000099990002e-05
1886	-0.0037042811136581	0.040423559554728	9.999000099990002e-05
1887	-0.0036800073142068	0.040423559554728	9.999000099990002e-05
1888	-0.0035787758349674	0.040423559554728	9.999000099990002e-05
1889	-0.0029813189479416	0.040423559554728	9.999000099990002e-05
1890	6.162636906076046e-05	0.040423559554728	9.999000099990002e-05
1891	-0.0047867916936586	0.040423559554728	9.999000099990002e-05
1892	-0.0001498201670305	0.040423559554728	9.999000099990002e-05
1893	-0.0056991882353879	0.040423559554728	9.999000099990002e-05
1894	-0.0062922736763443	0.040423559554728	9.999000099990002e-05
1895	-0.004545006168818	0.040423559554728	9.999000099990002e-05
1896	-0.0019322369487067	0.040423559554728	9.999000099990002e-05
1897	0.0010959742507054	0.040423559554728	9.999000099990002e-05
1898	-0.0049619179222801	0.040423559554728	9.999000099990002e-05
1899	-0.0050765348763766	0.040423559554728	9.999000099990002e-05
1900	-0.0020647921072896	0.040423559554728	9.999000099990002e-05
1901	-0.0008822841574301	0.040423559554728	9.999000099990002e-05
1902	-0.0058860660784607	0.040423559554728	9.999000099990002e-05
1903	-0.0020876848507227	0.040423559554728	9.999000099990002e-05
1904	-0.0032081091060377	0.040423559554728	9.999000099990002e-05
1905	-0.003017836639814	0.040423559554728	9.999000099990002e-05
1906	-0.0022083195187535	0.040423559554728	9.999000099990002e-05
1907	-0.0019851353145799	0.040423559554728	9.999000099990002e-05
1908	-0.003135299807361	0.040423559554728	9.999000099990002e-05
1909	-0.0048081936568132	0.040423559554728	9.999000099990002e-05
1910	-0.0016040573038199	0.040423559554728	9.999000099990002e-05
1911	0.0015565995415152	0.040423559554728	9.999000099990002e-05
1912	-0.004901518314306	0.040423559554728	9.999000099990002e-05
1913	-0.0007544758619326	0.040423559554728	9.999000099990002e-05
1914	-0.0022377260436558	0.040423559554728	9.999000099990002e-05
1915	-0.0021791582768176	0.040423559554728	9.999000099990002e-05
1916	-0.0075632805322537	0.040423559554728	9.999000099990002e-05
1917	-0.0049435313949315	0.040423559554728	9.999000099990002e-05
1918	-0.0031918571810679	0.040423559554728	9.999000099990002e-05
1919	-0.0050390606174843	0.040423559554728	9.999000099990002e-05
1920	-0.00464506124779	0.040423559554728	9.999000099990002e-05
1921	-0.0030228778578482	0.040423559554728	9.999000099990002e-05
1922	-0.0017576229076989	0.040423559554728	9.999000099990002e-05
1923	0.0007164483842472	0.040423559554728	9.999000099990002e-05
1924	3.233618573016128e-05	0.040423559554728	9.999000099990002e-05
1925	0.0017859079137002	0.040423559554728	9.999000099990002e-05
1926	-0.0052190675366242	0.040423559554728	9.999000099990002e-05
1927	-0.0072174238550893	0.040423559554728	9.999000099990002e-05
1928	-0.0032090610370921	0.040423559554728	9.999000099990002e-05
1929	-0.0092960360253292	0.040423559554728	9.999000099990002e-05
1930	-0.0047447571452431	0.040423559554728	9.999000099990002e-05
1931	-0.0055582648129911	0.040423559554728	9.999000099990002e-05
1932	-0.0026523393393311	0.040423559554728	9.999000099990002e-05
1933	-0.0029817374544287	0.040423559554728	9.999000099990002e-05
1934	-0.0042400188353695	0.040423559554728	9.999000099990002e-05
1935	-0.0029077568531229	0.040423559554728	9.999000099990002e-05
1936	-0.000970967501805	0.040423559554728	9.999000099990002e-05
1937	-0.0010789465998394	0.040423559554728	9.999000099990002e-05
1938	-0.0014515451605613	0.040423559554728	9.999000099990002e-05
1939	-0.0025044910542172	0.040423559554728	9.999000099990002e-05
1940	0.0008678337570755	0.040423559554728	9.999000099990002e-05
1941	-0.0018799984480672	0.040423559554728	9.999000099990002e-05
1942	-0.0040824935014693	0.040423559554728	9.999000099990002e-05
1943	-0.0031877484268807	0.040423559554728	9.999000099990002e-05
1944	-0.0063780556565931	0.040423559554728	9.999000099990002e-05
1945	-0.0031119554708828	0.040423559554728	9.999000099990002e-05
1946	-0.0019220340352468	0.040423559554728	9.999000099990002e-05
1947	-0.0036970228653955	0.040423559554728	9.999000099990002e-05
1948	-0.0031581103730172	0.040423559554728	9.999000099990002e-05
1949	-0.0006989847795056	0.040423559554728	9.999000099990002e-05
1950	-0.0034534654976601	0.040423559554728	9.999000099990002e-05
1951	-0.0023665700446034	0.040423559554728	9.999000099990002e-05
1952	-0.000783594091343	0.040423559554728	9.999000099990002e-05
1953	-0.0029199778157898	0.040423559554728	9.999000099990002e-05
1954	-0.0010355081618332	0.040423559554728	9.999000099990002e-05
1955	-0.0057924723426106	0.040423559554728	9.999000099990002e-05
1956	-0.0070651238890027	0.040423559554728	9.999000099990002e-05
1957	-0.0088900407007994	0.040423559554728	9.999000099990002e-05
1958	-0.0016695696506555	0.040423559554728	9.999000099990002e-05
1959	-0.008077490369526	0.040423559554728	9.999000099990002e-05
1960	-0.0026130766173196	0.040423559554728	9.999000099990002e-05
1961	-0.004735647011546	0.040423559554728	9.999000099990002e-05
1962	-0.0043012254860518	0.040423559554728	9.999000099990002e-05
1963	-0.0060356296323023	0.040423559554728	9.999000099990002e-05
1964	-0.004324737871467	0.040423559554728	9.999000099990002e-05
1965	-0.0012974240487611	0.040423559554728	9.999000099990002e-05
1966	-0.0045187243423089	0.040423559554728	9.999000099990002e-05
1967	0.001425802433349	0.040423559554728	9.999000099990002e-05
1968	-0.0055718581368366	0.040423559554728	9.999000099990002e-05
1969	-0.0012657878553346	0.040423559554728	9.999000099990002e-05
1970	-0.0018360858527527	0.040423559554728	9.999000099990002e-05
1971	-0.007516908816982	0.040423559554728	9.999000099990002e-05
1972	-0.0078960609592247	0.040423559554728	9.999000099990002e-05
1973	4.763229389861123e-05	0.040423559554728	9.999000099990002e-05
1974	-0.0021097825357066	0.040423559554728	9.999000099990002e-05
1975	-0.0049107665651468	0.040423559554728	9.999000099990002e-05
1976	-0.0008259034697907	0.040423559554728	9.999000099990002e-05
1977	0.0032478501596501	0.040423559554728	9.999000099990002e-05
1978	-0.0027786063206037	0.040423559554728	9.999000099990002e-05
1979	0.0003604542165206	0.040423559554728	9.999000099990002e-05
1980	-0.0036781965753699	0.040423559554728	9.999000099990002e-05
1981	-0.0007413496356473	0.040423559554728	9.999000099990002e-05
1982	-0.0034528255420703	0.040423559554728	9.999000099990002e-05
1983	-0.0015654648539188	0.040423559554728	9.999000099990002e-05
1984	-0.0057483652675855	0.040423559554728	9.999000099990002e-05
1985	-0.0057637603276462	0.040423559554728	9.999000099990002e-05
1986	-0.001000473978891	0.040423559554728	9.999000099990002e-05
1987	-0.0043525414103389	0.040423559554728	9.999000099990002e-05
1988	-0.0028796222755427	0.040423559554728	9.999000099990002e-05
1989	-0.0043766350419397	0.040423559554728	9.999000099990002e-05
1990	-0.0019303522652597	0.040423559554728	9.999000099990002e-05
1991	-0.004876772204238	0.040423559554728	9.999000099990002e-05
1992	-0.0083094829849179	0.040423559554728	9.999000099990002e-05
1993	-0.0032500035944361	0.040423559554728	9.999000099990002e-05
1994	-0.0024821977545767	0.040423559554728	9.999000099990002e-05
1995	-0.0052954795767494	0.040423559554728	9.999000099990002e-05
1996	-0.0055043070616952	0.040423559554728	9.999000099990002e-05
1997	-0.0050606596957325	0.040423559554728	9.999000099990002e-05
1998	-0.0008471508687045	0.040423559554728	9.999000099990002e-05
1999	-0.0012483393703806	0.040423559554728	9.999000099990002e-05
2000	-0.0033689712962667	0.040423559554728	9.999000099990002e-05
2001	-0.0050528189316837	0.040423559554728	9.999000099990002e-05
2002	-0.0020528912378359	0.040423559554728	9.999000099990002e-05
2003	-0.0048499889624829	0.040423559554728	9.999000099990002e-05
2004	-0.0019979614342415	0.040423559554728	9.999000099990002e-05
2005	-0.0010764768036962	0.040423559554728	9.999000099990002e-05
2006	-0.0018112570070531	0.040423559554728	9.999000099990002e-05
2007	-0.0051469330883144	0.040423559554728	9.999000099990002e-05
2008	-0.0063233429931543	0.040423559554728	9.999000099990002e-05
2009	-0.0019236415418243	0.040423559554728	9.999000099990002e-05
2010	-0.0053108714435726	0.040423559554728	9.999000099990002e-05
2011	-0.0024459734558345	0.040423559554728	9.999000099990002e-05
2012	-0.0036677110026748	0.040423559554728	9.999000099990002e-05
2013	-0.0052961409231838	0.040423559554728	9.999000099990002e-05
2014	-0.0039609203678437	0.040423559554728	9.999000099990002e-05
2015	-0.011204609294563	0.040423559554728	9.999000099990002e-05
2016	-0.0015496153923027	0.040423559554728	9.999000099990002e-05
2017	-0.005805646121205	0.040423559554728	9.999000099990002e-05
2018	-0.0061995756628726	0.040423559554728	9.999000099990002e-05
2019	-0.0046119860006867	0.040423559554728	9.999000099990002e-05
2020	-0.0025519332927705	0.040423559554728	9.999000099990002e-05
2021	-0.0048577557242124	0.040423559554728	9.999000099990002e-05
2022	-0.0039710377948709	0.040423559554728	9.999000099990002e-05
2023	-0.0064866896184048	0.040423559554728	9.999000099990002e-05
2024	-0.0027490525605179	0.040423559554728	9.999000099990002e-05
2025	-0.0036657743040807	0.040423559554728	9.999000099990002e-05
2026	-0.0043712334304951	0.040423559554728	9.999000099990002e-05
2027	-0.0012798527780511	0.040423559554728	9.999000099990002e-05
2028	-0.0009087122765405	0.040423559554728	9.999000099990002e-05
2029	-0.0077501800931894	0.040423559554728	9.999000099990002e-05
2030	-0.0052672616479738	0.040423559554728	9.999000099990002e-05
2031	0.0026395600602329	0.040423559554728	9.999000099990002e-05
2032	-0.0050484483127784	0.040423559554728	9.999000099990002e-05
2033	-0.0098020408963409	0.040423559554728	9.999000099990002e-05
2034	-0.0048367432590974	0.040423559554728	9.999000099990002e-05
2035	-0.0045952921778027	0.040423559554728	9.999000099990002e-05
2036	-0.0035051964658875	0.040423559554728	9.999000099990002e-05
2037	-0.0027405162477672	0.040423559554728	9.999000099990002e-05
2038	-0.0043959246399604	0.040423559554728	9.999000099990002e-05
2039	-0.0052922848772022	0.040423559554728	9.999000099990002e-05
2040	-0.0074178961377171	0.040423559554728	9.999000099990002e-05
2041	-0.0052870676271371	0.040423559554728	9.999000099990002e-05
2042	-0.0015908690017654	0.040423559554728	9.999000099990002e-05
2043	-0.0041823324790497	0.040423559554728	9.999000099990002e-05
2044	-0.0023717879102323	0.040423559554728	9.999000099990002e-05
2045	-0.0048085166739548	0.040423559554728	9.999000099990002e-05
2046	-0.0038372127472576	0.040423559554728	9.999000099990002e-05
2047	-0.0034642906692485	0.040423559554728	9.999000099990002e-05
2048	-0.0027544939912504	0.040423559554728	9.999000099990002e-05
2049	-0.0032965060593214	0.040423559554728	9.999000099990002e-05
2050	-0.0066759255520145	0.040423559554728	9.999000099990002e-05
2051	-0.0033795419514306	0.040423559554728	9.999000099990002e-05
2052	-0.0064908282274398	0.040423559554728	9.999000099990002e-05
2053	-0.0039825594962162	0.040423559554728	9.999000099990002e-05
2054	-0.0042038604981434	0.040423559554728	9.999000099990002e-05
2055	-0.0067889152245441	0.040423559554728	9.999000099990002e-05
2056	-0.0003726615213641	0.040423559554728	9.999000099990002e-05
2057	-0.0037545383450319	0.040423559554728	9.999000099990002e-05
2058	-0.0050852832701174	0.040423559554728	9.999000099990002e-05
2059	-0.007496790496863	0.040423559554728	9.999000099990002e-05
2060	-0.0038764013900045	0.040423559554728	9.999000099990002e-05
2061	-0.0015683149146435	0.040423559554728	9.999000099990002e-05
2062	-0.0032441347892495	0.040423559554728	9.999000099990002e-05
2063	-0.0054355602537335	0.040423559554728	9.999000099990002e-05
2064	-0.0018736747796524	0.040423559554728	9.999000099990002e-05
2065	-0.0045594736895427	0.040423559554728	9.999000099990002e-05
2066	-0.0046868852925979	0.040423559554728	9.999000099990002e-05
2067	-0.0087471059426891	0.040423559554728	9.999000099990002e-05
2068	-0.0061120755861496	0.040423559554728	9.999000099990002e-05
2069	-0.0049744408959714	0.040423559554728	9.999000099990002e-05
2070	-0.0078987555515992	0.040423559554728	9.999000099990002e-05
2071	-0.004278446256444	0.040423559554728	9.999000099990002e-05
2072	-0.0084309529154131	0.040423559554728	9.999000099990002e-05
2073	-0.0100745889755835	0.040423559554728	9.999000099990002e-05
2074	-0.0022606141126507	0.040423559554728	9.999000099990002e-05
2075	0.0012251063163085	0.040423559554728	9.999000099990002e-05
2076	0.0006439015273799	0.040423559554728	9.999000099990002e-05
2077	-0.0008186203489004	0.040423559554728	9.999000099990002e-05
2078	-0.0046814200664745	0.040423559554728	9.999000099990002e-05
2079	-0.003863547896987	0.040423559554728	9.999000099990002e-05
2080	-0.0062439280401005	0.040423559554728	9.999000099990002e-05
2081	-0.0009115206135765	0.040423559554728	9.999000099990002e-05
2082	-0.0005628792601123	0.040423559554728	9.999000099990002e-05
2083	-0.0037227554358039	0.040423559554728	9.999000099990002e-05
2084	-0.0079305875905186	0.040423559554728	9.999000099990002e-05
2085	-0.0040746781871394	0.040423559554728	9.999000099990002e-05
2086	-0.0047266252305008	0.040423559554728	9.999000099990002e-05
2087	-0.0023701210594503	0.040423559554728	9.999000099990002e-05
2088	-0.0046010014365284	0.040423559554728	9.999000099990002e-05
2089	-0.0048577394117698	0.040423559554728	9.999000099990002e-05
2090	-0.0010842190198164	0.040423559554728	9.999000099990002e-05
2091	-0.0058957844662082	0.040423559554728	9.999000099990002e-05
2092	-0.0060179480794775	0.040423559554728	9.999000099990002e-05
2093	-0.005375274755912	0.040423559554728	9.999000099990002e-05
2094	-0.0028319199035446	0.040423559554728	9.999000099990002e-05
2095	-0.0016428849953017	0.040423559554728	9.999000099990002e-05
2096	-0.0050614174356218	0.040423559554728	9.999000099990002e-05
2097	-0.0025276278687253	0.040423559554728	9.999000099990002e-05
2098	0.0037226161837144	0.040423559554728	9.999000099990002e-05
2099	-0.0013156350634608	0.040423559554728	9.999000099990002e-05
2100	-0.0043885910235963	0.040423559554728	9.999000099990002e-05
2101	-0.0034504470225074	0.040423559554728	9.999000099990002e-05
2102	-0.0008047428076736	0.040423559554728	9.999000099990002e-05
2103	-0.0047594657938781	0.040423559554728	9.999000099990002e-05
2104	-0.0030454463145392	0.040423559554728	9.999000099990002e-05
2105	-0.0038362163801862	0.040423559554728	9.999000099990002e-05
2106	-0.0027133892328263	0.040423559554728	9.999000099990002e-05
2107	-0.0082716743017161	0.040423559554728	9.999000099990002e-05
2108	-0.005287436138296	0.040423559554728	9.999000099990002e-05
2109	-0.0019531129125332	0.040423559554728	9.999000099990002e-05
2110	0.0004544109234548	0.040423559554728	9.999000099990002e-05
2111	-0.0059036113608335	0.040423559554728	9.999000099990002e-05
2112	-0.0073353039325046	0.040423559554728	9.999000099990002e-05
2113	-0.0020624240138398	0.040423559554728	9.999000099990002e-05
2114	5.95555352517832e-05	0.040423559554728	9.999000099990002e-05
2115	-0.006343449213596	0.040423559554728	9.999000099990002e-05
2116	0.0012855684424883	0.040423559554728	9.999000099990002e-05
2117	-0.0040085552394161	0.040423559554728	9.999000099990002e-05
2118	-0.0044751612718551	0.040423559554728	9.999000099990002e-05
2119	-0.0043832032431024	0.040423559554728	9.999000099990002e-05
2120	-0.0065130112064927	0.040423559554728	9.999000099990002e-05
2121	-0.001180871146289	0.040423559554728	9.999000099990002e-05
2122	-0.0054607406633492	0.040423559554728	9.999000099990002e-05
2123	-0.0039582037690609	0.040423559554728	9.999000099990002e-05
2124	-0.0059916816805379	0.040423559554728	9.999000099990002e-05
2125	-0.0021181886566985	0.040423559554728	9.999000099990002e-05
2126	-0.0014937640703563	0.040423559554728	9.999000099990002e-05
2127	0.0012845834633485	0.040423559554728	9.999000099990002e-05
2128	-0.0049805979389408	0.040423559554728	9.999000099990002e-05
2129	-0.0025626177310688	0.040423559554728	9.999000099990002e-05
2130	-0.0058676522354653	0.040423559554728	9.999000099990002e-05
2131	-0.0041640462501394	0.040423559554728	9.999000099990002e-05
2132	-0.0055360439575237	0.040423559554728	9.999000099990002e-05
2133	-0.0016914187632536	0.040423559554728	9.999000099990002e-05
2134	-0.0093830048127221	0.040423559554728	9.999000099990002e-05
2135	-0.0023308712835164	0.040423559554728	9.999000099990002e-05
2136	0.0013459390612513	0.040423559554728	9.999000099990002e-05
2137	-0.0029763507126989	0.040423559554728	9.999000099990002e-05
2138	-0.0044589104625948	0.040423559554728	9.999000099990002e-05
2139	-0.0034661377263538	0.040423559554728	9.999000099990002e-05
2140	-0.0047967621548115	0.040423559554728	9.999000099990002e-05
2141	-0.0025920157150224	0.040423559554728	9.999000099990002e-05
2142	-0.0035944715595066	0.040423559554728	9.999000099990002e-05
2143	0.0013362719769052	0.040423559554728	9.999000099990002e-05
2144	-0.0058835459022619	0.040423559554728	9.999000099990002e-05
2145	-0.0069570395872554	0.040423559554728	9.999000099990002e-05
2146	-0.006203299574222	0.040423559554728	9.999000099990002e-05
2147	-0.0005677100707207	0.040423559554728	9.999000099990002e-05
2148	-0.0005773806753228	0.040423559554728	9.999000099990002e-05
2149	-0.005771850087281	0.040423559554728	9.999000099990002e-05
2150	-0.0036404650877249	0.040423559554728	9.999000099990002e-05
2151	-0.0022395707154511	0.040423559554728	9.999000099990002e-05
2152	-0.0041660216907847	0.040423559554728	9.999000099990002e-05
2153	0.0008596807674894	0.040423559554728	9.999000099990002e-05
2154	-0.0004570633304677	0.040423559554728	9.999000099990002e-05
2155	-0.0054544512356747	0.040423559554728	9.999000099990002e-05
2156	-0.0016799882423068	0.040423559554728	9.999000099990002e-05
2157	-0.004270603511049	0.040423559554728	9.999000099990002e-05
2158	-0.0065472272858134	0.040423559554728	9.999000099990002e-05
2159	-0.0041996378069309	0.040423559554728	9.999000099990002e-05
2160	-0.0026303501667159	0.040423559554728	9.999000099990002e-05
2161	-0.0009726438361179	0.040423559554728	9.999000099990002e-05
2162	-0.0019490215095526	0.040423559554728	9.999000099990002e-05
2163	-0.0030049475787466	0.040423559554728	9.999000099990002e-05
2164	-0.003294477718656	0.040423559554728	9.999000099990002e-05
2165	-0.0028538161260153	0.040423559554728	9.999000099990002e-05
2166	-0.0007658664481732	0.040423559554728	9.999000099990002e-05
2167	0.0011498285487983	0.040423559554728	9.999000099990002e-05
2168	-0.0050822897637742	0.040423559554728	9.999000099990002e-05
2169	-0.0031363418415771	0.040423559554728	9.999000099990002e-05
2170	-0.0039570455856368	0.040423559554728	9.999000099990002e-05
2171	-0.005692542146159	0.040423559554728	9.999000099990002e-05
2172	-0.003484152395415	0.040423559554728	9.999000099990002e-05
2173	-0.0066635630096572	0.040423559554728	9.999000099990002e-05
2174	-0.0030529464216942	0.040423559554728	9.999000099990002e-05
2175	-0.0017754782226628	0.040423559554728	9.999000099990002e-05
2176	-0.0046301732777047	0.040423559554728	9.999000099990002e-05
2177	-0.0014929145922138	0.040423559554728	9.999000099990002e-05
2178	-0.0056537616222588	0.040423559554728	9.999000099990002e-05
2179	-0.00704993583153	0.040423559554728	9.999000099990002e-05
2180	-0.0034982031216897	0.040423559554728	9.999000099990002e-05
2181	-5.310032853215602e-05	0.040423559554728	9.999000099990002e-05
2182	-0.004486304632256	0.040423559554728	9.999000099990002e-05
2183	-0.0023454355824236	0.040423559554728	9.999000099990002e-05
2184	-0.000960995944179	0.040423559554728	9.999000099990002e-05
2185	-0.0013615003427938	0.040423559554728	9.999000099990002e-05
2186	0.0007990784466379	0.040423559554728	9.999000099990002e-05
2187	-0.0017475499166886	0.040423559554728	9.999000099990002e-05
2188	-0.0037846970505123	0.040423559554728	9.999000099990002e-05
2189	-0.0013569616172424	0.040423559554728	9.999000099990002e-05
2190	-0.0042306726136914	0.040423559554728	9.999000099990002e-05
2191	0.0003660908771822	0.040423559554728	9.999000099990002e-05
2192	-0.0029335158927778	0.040423559554728	9.999000099990002e-05
2193	-0.00601758099181	0.040423559554728	9.999000099990002e-05
2194	-0.0032414814011817	0.040423559554728	9.999000099990002e-05
2195	-0.007239081296487	0.040423559554728	9.999000099990002e-05
2196	-0.0012538488401572	0.040423559554728	9.999000099990002e-05
2197	-0.0073964053410012	0.040423559554728	9.999000099990002e-05
2198	-0.009268786570887	0.040423559554728	9.999000099990002e-05
2199	0.0001541164758348	0.040423559554728	9.999000099990002e-05
2200	-0.0070453926623769	0.040423559554728	9.999000099990002e-05
2201	-0.0038003421064504	0.040423559554728	9.999000099990002e-05
2202	-0.003390624774972	0.040423559554728	9.999000099990002e-05
2203	-0.0063673189338384	0.040423559554728	9.999000099990002e-05
2204	0.0005604870827261	0.040423559554728	9.999000099990002e-05
2205	-0.00172047870646	0.040423559554728	9.999000099990002e-05
2206	-0.0026468712277521	0.040423559554728	9.999000099990002e-05
2207	-0.0006410068382745	0.040423559554728	9.999000099990002e-05
2208	-0.0001197963662198	0.040423559554728	9.999000099990002e-05
2209	-0.0018024395932132	0.040423559554728	9.999000099990002e-05
2210	-0.0064966851060763	0.040423559554728	9.999000099990002e-05
2211	-0.002202434747379	0.040423559554728	9.999000099990002e-05
2212	-0.0032185591683919	0.040423559554728	9.999000099990002e-05
2213	-0.0057115331572293	0.040423559554728	9.999000099990002e-05
2214	-0.0076580609790661	0.040423559554728	9.999000099990002e-05
2215	-0.0053807227270106	0.040423559554728	9.999000099990002e-05
2216	-0.0025887999516489	0.040423559554728	9.999000099990002e-05
2217	-0.000522197759559	0.040423559554728	9.999000099990002e-05
2218	-0.0042251256907004	0.040423559554728	9.999000099990002e-05
2219	-0.0018136340454153	0.040423559554728	9.999000099990002e-05
2220	-0.0068242286618839	0.040423559554728	9.999000099990002e-05
2221	-0.0040440787186906	0.040423559554728	9.999000099990002e-05
2222	-0.0021736161821558	0.040423559554728	9.999000099990002e-05
2223	-0.0033203398267866	0.040423559554728	9.999000099990002e-05
2224	-0.0045427842717877	0.040423559554728	9.999000099990002e-05
2225	-0.0041765087831531	0.040423559554728	9.999000099990002e-05
2226	-0.0015104522954564	0.040423559554728	9.999000099990002e-05
2227	-0.0019055736841974	0.040423559554728	9.999000099990002e-05
2228	-0.0007762922919364	0.040423559554728	9.999000099990002e-05
2229	-0.0045849325263921	0.040423559554728	9.999000099990002e-05
2230	-0.0021610955745381	0.040423559554728	9.999000099990002e-05
2231	-0.0047991109541812	0.040423559554728	9.999000099990002e-05
2232	-0.0033050526250579	0.040423559554728	9.999000099990002e-05
2233	-0.0025971572699677	0.040423559554728	9.999000099990002e-05
2234	-0.0043613574583965	0.040423559554728	9.999000099990002e-05
2235	0.0006603375828927	0.040423559554728	9.999000099990002e-05
2236	-0.0029007095316681	0.040423559554728	9.999000099990002e-05
2237	-0.0008423609161481	0.040423559554728	9.999000099990002e-05
2238	-0.0013480931693103	0.040423559554728	9.999000099990002e-05
2239	-0.0047519867313129	0.040423559554728	9.999000099990002e-05
2240	-0.0031929664271642	0.040423559554728	9.999000099990002e-05
2241	-0.0004535026204897	0.040423559554728	9.999000099990002e-05
2242	-0.0052483212670318	0.040423559554728	9.999000099990002e-05
2243	-0.002633141864291	0.040423559554728	9.999000099990002e-05
2244	0.0006856595721989	0.040423559554728	9.999000099990002e-05
2245	-0.0003905293207328	0.040423559554728	9.999000099990002e-05
2246	-0.0073528822629627	0.040423559554728	9.999000099990002e-05
2247	-0.0013533902503149	0.040423559554728	9.999000099990002e-05
2248	0.0025880532534365	0.040423559554728	9.999000099990002e-05
2249	-0.002866776342419	0.040423559554728	9.999000099990002e-05
2250	-0.0006751392201451	0.040423559554728	9.999000099990002e-05
2251	-0.0081313284705945	0.040423559554728	9.999000099990002e-05
2252	-0.0021750888032999	0.040423559554728	9.999000099990002e-05
2253	-0.0075207832336979	0.040423559554728	9.999000099990002e-05
2254	-0.0034875350727795	0.040423559554728	9.999000099990002e-05
2255	-0.007093996854683	0.040423559554728	9.999000099990002e-05
2256	-0.0057831724998229	0.040423559554728	9.999000099990002e-05
2257	-0.0068652113847705	0.040423559554728	9.999000099990002e-05
2258	-0.0009638016073595	0.040423559554728	9.999000099990002e-05
2259	-0.0079589217262114	0.040423559554728	9.999000099990002e-05
2260	-0.0005558620820508	0.040423559554728	9.999000099990002e-05
2261	-0.0027251499268447	0.040423559554728	9.999000099990002e-05
2262	-0.0020645916450676	0.040423559554728	9.999000099990002e-05
2263	-0.0107447687130348	0.040423559554728	9.999000099990002e-05
2264	-0.0011161960047912	0.040423559554728	9.999000099990002e-05
2265	-0.001918910240963	0.040423559554728	9.999000099990002e-05
2266	-0.0051138265628719	0.040423559554728	9.999000099990002e-05
2267	-0.0003080761367734	0.040423559554728	9.999000099990002e-05
2268	-0.0049125600681953	0.040423559554728	9.999000099990002e-05
2269	-0.0053413086339958	0.040423559554728	9.999000099990002e-05
2270	-0.0039368331419545	0.040423559554728	9.999000099990002e-05
2271	-0.0058835995140279	0.040423559554728	9.999000099990002e-05
2272	0.0021074000726878	0.040423559554728	9.999000099990002e-05
2273	-0.0056530807316715	0.040423559554728	9.999000099990002e-05
2274	-0.0050664576918375	0.040423559554728	9.999000099990002e-05
2275	-0.0027275680540954	0.040423559554728	9.999000099990002e-05
2276	-0.0030670311963456	0.040423559554728	9.999000099990002e-05
2277	-0.0018496468787313	0.040423559554728	9.999000099990002e-05
2278	-0.0016131018607283	0.040423559554728	9.999000099990002e-05
2279	-2.2887741976584942e-05	0.040423559554728	9.999000099990002e-05
2280	-0.0062608129570939	0.040423559554728	9.999000099990002e-05
2281	-0.0007908678825934	0.040423559554728	9.999000099990002e-05
2282	-0.002465269574985	0.040423559554728	9.999000099990002e-05
2283	-0.0038148852645859	0.040423559554728	9.999000099990002e-05
2284	-0.0037232693931638	0.040423559554728	9.999000099990002e-05
2285	-0.001438181499749	0.040423559554728	9.999000099990002e-05
2286	-0.0029146206595986	0.040423559554728	9.999000099990002e-05
2287	-0.000294876119769	0.040423559554728	9.999000099990002e-05
2288	-0.0042251365400137	0.040423559554728	9.999000099990002e-05
2289	-0.0039376942965743	0.040423559554728	9.999000099990002e-05
2290	-0.0062587477018325	0.040423559554728	9.999000099990002e-05
2291	-0.0041703931176177	0.040423559554728	9.999000099990002e-05
2292	-0.0030432321697664	0.040423559554728	9.999000099990002e-05
2293	-0.0005989823697173	0.040423559554728	9.999000099990002e-05
2294	-0.002651780311154	0.040423559554728	9.999000099990002e-05
2295	-0.0045180762304978	0.040423559554728	9.999000099990002e-05
2296	-0.0041866159571946	0.040423559554728	9.999000099990002e-05
2297	0.0013309154747506	0.040423559554728	9.999000099990002e-05
2298	-0.0087177849234558	0.040423559554728	9.999000099990002e-05
2299	-0.000598549589843	0.040423559554728	9.999000099990002e-05
2300	-0.0029138188491833	0.040423559554728	9.999000099990002e-05
2301	-0.0026569334848673	0.040423559554728	9.999000099990002e-05
2302	-0.0055673278368157	0.040423559554728	9.999000099990002e-05
2303	-0.0027052035221731	0.040423559554728	9.999000099990002e-05
2304	0.0003173391803834	0.040423559554728	9.999000099990002e-05
2305	-0.0006483822552728	0.040423559554728	9.999000099990002e-05
2306	-0.0035047897705322	0.040423559554728	9.999000099990002e-05
2307	-0.0008446750131045	0.040423559554728	9.999000099990002e-05
2308	-0.004252756852452	0.040423559554728	9.999000099990002e-05
2309	-0.002658204681971	0.040423559554728	9.999000099990002e-05
2310	-0.005467845540026	0.040423559554728	9.999000099990002e-05
2311	-0.0002413163112796	0.040423559554728	9.999000099990002e-05
2312	-0.000797034582221	0.040423559554728	9.999000099990002e-05
2313	-0.0047910148273077	0.040423559554728	9.999000099990002e-05
2314	0.0017091274585979	0.040423559554728	9.999000099990002e-05
2315	-0.0009714192487412	0.040423559554728	9.999000099990002e-05
2316	-0.0053449857047818	0.040423559554728	9.999000099990002e-05
2317	-0.0032562750938128	0.040423559554728	9.999000099990002e-05
2318	-0.0011700442626635	0.040423559554728	9.999000099990002e-05
2319	-0.006073955485338	0.040423559554728	9.999000099990002e-05
2320	-0.0047522225307484	0.040423559554728	9.999000099990002e-05
2321	-0.0019900694629732	0.040423559554728	9.999000099990002e-05
2322	-0.008041295271595	0.040423559554728	9.999000099990002e-05
2323	-0.0027441514409736	0.040423559554728	9.999000099990002e-05
2324	-0.0028082440282125	0.040423559554728	9.999000099990002e-05
2325	-0.0048502930702717	0.040423559554728	9.999000099990002e-05
2326	-0.0078741252637208	0.040423559554728	9.999000099990002e-05
2327	-0.0062217363084988	0.040423559554728	9.999000099990002e-05
2328	0.0001662944836853	0.040423559554728	9.999000099990002e-05
2329	-0.000996072735683	0.040423559554728	9.999000099990002e-05
2330	-0.0012272162384233	0.040423559554728	9.999000099990002e-05
2331	0.0004624024237065	0.040423559554728	9.999000099990002e-05
2332	-0.0015161980071051	0.040423559554728	9.999000099990002e-05
2333	-0.0031487143868473	0.040423559554728	9.999000099990002e-05
2334	-0.0017879312336728	0.040423559554728	9.999000099990002e-05
2335	-0.0005836109896292	0.040423559554728	9.999000099990002e-05
2336	-0.0035486827062756	0.040423559554728	9.999000099990002e-05
2337	-0.0003397767143335	0.040423559554728	9.999000099990002e-05
2338	-0.0024246271819739	0.040423559554728	9.999000099990002e-05
2339	-0.0046456423785574	0.040423559554728	9.999000099990002e-05
2340	-0.0046881402157316	0.040423559554728	9.999000099990002e-05
2341	-0.0078449144304205	0.040423559554728	9.999000099990002e-05
2342	-0.0031018517593881	0.040423559554728	9.999000099990002e-05
2343	-0.0015928993814862	0.040423559554728	9.999000099990002e-05
2344	-0.0074547528513917	0.040423559554728	9.999000099990002e-05
2345	0.0012393549848406	0.040423559554728	9.999000099990002e-05
2346	0.0011791880792462	0.040423559554728	9.999000099990002e-05
2347	-0.0029231940408361	0.040423559554728	9.999000099990002e-05
2348	-0.0038447468258438	0.040423559554728	9.999000099990002e-05
2349	-0.0026710665812826	0.040423559554728	9.999000099990002e-05
2350	-0.0050424094388359	0.040423559554728	9.999000099990002e-05
2351	-0.0046220901161452	0.040423559554728	9.999000099990002e-05
2352	-0.0040141105879375	0.040423559554728	9.999000099990002e-05
2353	-0.00265218154338	0.040423559554728	9.999000099990002e-05
2354	-0.0021117272558675	0.040423559554728	9.999000099990002e-05
2355	0.0013492367715652	0.040423559554728	9.999000099990002e-05
2356	-0.0036653774962201	0.040423559554728	9.999000099990002e-05
2357	-0.0007280990269872	0.040423559554728	9.999000099990002e-05
2358	0.0045006906292405	0.040423559554728	9.999000099990002e-05
2359	-0.0074512105506208	0.040423559554728	9.999000099990002e-05
2360	-0.004916083017177	0.040423559554728	9.999000099990002e-05
2361	-0.0025492405470877	0.040423559554728	9.999000099990002e-05
2362	-0.0054908142094153	0.040423559554728	9.999000099990002e-05
2363	-0.0013912109562486	0.040423559554728	9.999000099990002e-05
2364	9.696606404696606e-05	0.040423559554728	9.999000099990002e-05
2365	-0.0036752412339868	0.040423559554728	9.999000099990002e-05
2366	-0.0054705240700307	0.040423559554728	9.999000099990002e-05
2367	0.000832620618174	0.040423559554728	9.999000099990002e-05
2368	-0.0052314744188166	0.040423559554728	9.999000099990002e-05
2369	0.0018265176241171	0.040423559554728	9.999000099990002e-05
2370	-0.0029679407636692	0.040423559554728	9.999000099990002e-05
2371	-0.0004623408096103	0.040423559554728	9.999000099990002e-05
2372	0.0011558721933607	0.040423559554728	9.999000099990002e-05
2373	-0.0092737447455077	0.040423559554728	9.999000099990002e-05
2374	-0.00749032422923	0.040423559554728	9.999000099990002e-05
2375	-0.0073588664286661	0.040423559554728	9.999000099990002e-05
2376	-0.0044586475591126	0.040423559554728	9.999000099990002e-05
2377	-0.0030987559924968	0.040423559554728	9.999000099990002e-05
2378	-0.0108487431448853	0.040423559554728	9.999000099990002e-05
2379	-0.0065517012809765	0.040423559554728	9.999000099990002e-05
2380	-0.0001944097094763	0.040423559554728	9.999000099990002e-05
2381	-0.0058923212076857	0.040423559554728	9.999000099990002e-05
2382	-0.0051545330899439	0.040423559554728	9.999000099990002e-05
2383	0.0005796133447208	0.040423559554728	9.999000099990002e-05
2384	-0.0002659483689041	0.040423559554728	9.999000099990002e-05
2385	-0.0049186133117069	0.040423559554728	9.999000099990002e-05
2386	-0.0020376859638112	0.040423559554728	9.999000099990002e-05
2387	0.0008342609420004	0.040423559554728	9.999000099990002e-05
2388	-0.0004776395146888	0.040423559554728	9.999000099990002e-05
2389	-0.0053645931645966	0.040423559554728	9.999000099990002e-05
2390	-0.0060203076512149	0.040423559554728	9.999000099990002e-05
2391	-0.0081792703546477	0.040423559554728	9.999000099990002e-05
2392	-0.0025781856299229	0.040423559554728	9.999000099990002e-05
2393	-0.0031866785961085	0.040423559554728	9.999000099990002e-05
2394	-0.0036777791461196	0.040423559554728	9.999000099990002e-05
2395	-0.004956627246987	0.040423559554728	9.999000099990002e-05
2396	-0.0070833884577593	0.040423559554728	9.999000099990002e-05
2397	-0.0022457402428253	0.040423559554728	9.999000099990002e-05
2398	-0.0014097822489404	0.040423559554728	9.999000099990002e-05
2399	-0.006724302601252	0.040423559554728	9.999000099990002e-05
2400	1.203769776052105e-05	0.040423559554728	9.999000099990002e-05
2401	-0.0030126753675885	0.040423559554728	9.999000099990002e-05
2402	-0.0018920314329169	0.040423559554728	9.999000099990002e-05
2403	-0.0043221669112488	0.040423559554728	9.999000099990002e-05
2404	-0.0001026497961083	0.040423559554728	9.999000099990002e-05
2405	-0.0055771435221277	0.040423559554728	9.999000099990002e-05
2406	-0.004239085929086	0.040423559554728	9.999000099990002e-05
2407	-0.0021536087789518	0.040423559554728	9.999000099990002e-05
2408	-0.0039499487497631	0.040423559554728	9.999000099990002e-05
2409	-0.0025537811578035	0.040423559554728	9.999000099990002e-05
2410	-0.0032902390227828	0.040423559554728	9.999000099990002e-05
2411	-0.0095008344716091	0.040423559554728	9.999000099990002e-05
2412	-0.0052226593902868	0.040423559554728	9.999000099990002e-05
2413	-0.0030461399396041	0.040423559554728	9.999000099990002e-05
2414	-0.0047934671760623	0.040423559554728	9.999000099990002e-05
2415	-0.0024845987614573	0.040423559554728	9.999000099990002e-05
2416	-0.0075604426673882	0.040423559554728	9.999000099990002e-05
2417	0.0026240544102753	0.040423559554728	9.999000099990002e-05
2418	-0.0037324046687978	0.040423559554728	9.999000099990002e-05
2419	-0.0026717602832929	0.040423559554728	9.999000099990002e-05
2420	0.0005170818274599	0.040423559554728	9.999000099990002e-05
2421	-0.0054716759246887	0.040423559554728	9.999000099990002e-05
2422	0.0003212213685932	0.040423559554728	9.999000099990002e-05
2423	-9.08316815225782e-05	0.040423559554728	9.999000099990002e-05
2424	-0.0064250272003848	0.040423559554728	9.999000099990002e-05
2425	-0.0106945294676679	0.040423559554728	9.999000099990002e-05
2426	-0.0017953527217796	0.040423559554728	9.999000099990002e-05
2427	0.000850969211399	0.040423559554728	9.999000099990002e-05
2428	-0.0033008435724324	0.040423559554728	9.999000099990002e-05
2429	-0.0070751813754979	0.040423559554728	9.999000099990002e-05
2430	-0.0018577492766618	0.040423559554728	9.999000099990002e-05
2431	-0.0035176714448332	0.040423559554728	9.999000099990002e-05
2432	-0.0073777627775549	0.040423559554728	9.999000099990002e-05
2433	-0.0023292519273344	0.040423559554728	9.999000099990002e-05
2434	-0.0019532815962703	0.040423559554728	9.999000099990002e-05
2435	-0.007023371980586	0.040423559554728	9.999000099990002e-05
2436	-0.0059370775487042	0.040423559554728	9.999000099990002e-05
2437	-0.0086346074901289	0.040423559554728	9.999000099990002e-05
2438	-0.0021386013894754	0.040423559554728	9.999000099990002e-05
2439	-0.0025033645723325	0.040423559554728	9.999000099990002e-05
2440	-0.0045131027437258	0.040423559554728	9.999000099990002e-05
2441	-0.004663164211794	0.040423559554728	9.999000099990002e-05
2442	-0.0052543027204069	0.040423559554728	9.999000099990002e-05
2443	-0.0009234475483129	0.040423559554728	9.999000099990002e-05
2444	-0.0057738515354998	0.040423559554728	9.999000099990002e-05
2445	-0.0034178933696033	0.040423559554728	9.999000099990002e-05
2446	-0.00111165293182	0.040423559554728	9.999000099990002e-05
2447	-0.0025781748575551	0.040423559554728	9.999000099990002e-05
2448	-0.0080205132582043	0.040423559554728	9.999000099990002e-05
2449	-0.0040719249623062	0.040423559554728	9.999000099990002e-05
2450	-0.0024257254056296	0.040423559554728	9.999000099990002e-05
2451	-0.0011010535375178	0.040423559554728	9.999000099990002e-05
2452	-0.0021154401640126	0.040423559554728	9.999000099990002e-05
2453	-0.0041290049689763	0.040423559554728	9.999000099990002e-05
2454	-0.0031216022416212	0.040423559554728	9.999000099990002e-05
2455	-0.0032793970578425	0.040423559554728	9.999000099990002e-05
2456	-0.0046893792880957	0.040423559554728	9.999000099990002e-05
2457	-4.2970128554607745e-05	0.040423559554728	9.999000099990002e-05
2458	0.0012934660115405	0.040423559554728	9.999000099990002e-05
2459	-0.003414995160242	0.040423559554728	9.999000099990002e-05
2460	-0.0035654324877628	0.040423559554728	9.999000099990002e-05
2461	-0.0042792953690955	0.040423559554728	9.999000099990002e-05
2462	-0.0075903553396838	0.040423559554728	9.999000099990002e-05
2463	-0.0068637448807923	0.040423559554728	9.999000099990002e-05
2464	-0.0036519220586818	0.040423559554728	9.999000099990002e-05
2465	-0.0016141535323663	0.040423559554728	9.999000099990002e-05
2466	-0.0005667537345373	0.040423559554728	9.999000099990002e-05
2467	-0.0072619997204753	0.040423559554728	9.999000099990002e-05
2468	-0.0033677369175772	0.040423559554728	9.999000099990002e-05
2469	-0.0060100606479928	0.040423559554728	9.999000099990002e-05
2470	-0.0009329987142876	0.040423559554728	9.999000099990002e-05
2471	0.001083233540531	0.040423559554728	9.999000099990002e-05
2472	-0.0050181118824664	0.040423559554728	9.999000099990002e-05
2473	0.0008136463427464	0.040423559554728	9.999000099990002e-05
2474	-0.0023738309667216	0.040423559554728	9.999000099990002e-05
2475	-0.0060041403855138	0.040423559554728	9.999000099990002e-05
2476	-0.0014541503038107	0.040423559554728	9.999000099990002e-05
2477	-0.0032083919384002	0.040423559554728	9.999000099990002e-05
2478	-0.003764505497529	0.040423559554728	9.999000099990002e-05
2479	-0.0008045636785871	0.040423559554728	9.999000099990002e-05
2480	-0.0027873145295655	0.040423559554728	9.999000099990002e-05
2481	-0.0031858078040669	0.040423559554728	9.999000099990002e-05
2482	-0.0019036920593334	0.040423559554728	9.999000099990002e-05
2483	-0.0049969313876509	0.040423559554728	9.999000099990002e-05
2484	-0.0018103165408757	0.040423559554728	9.999000099990002e-05
2485	-0.006039081021984	0.040423559554728	9.999000099990002e-05
2486	-0.0034218218212853	0.040423559554728	9.999000099990002e-05
2487	-0.0008921358532286	0.040423559554728	9.999000099990002e-05
2488	-0.0032431286501016	0.040423559554728	9.999000099990002e-05
2489	-0.0039620690485006	0.040423559554728	9.999000099990002e-05
2490	-0.0040539672713759	0.040423559554728	9.999000099990002e-05
2491	-0.0013289041967461	0.040423559554728	9.999000099990002e-05
2492	-0.004365709418022	0.040423559554728	9.999000099990002e-05
2493	-0.0048574245123769	0.040423559554728	9.999000099990002e-05
2494	-0.0026628677706608	0.040423559554728	9.999000099990002e-05
2495	-0.003720580744828	0.040423559554728	9.999000099990002e-05
2496	-0.0033947153123159	0.040423559554728	9.999000099990002e-05
2497	-0.0061536435371505	0.040423559554728	9.999000099990002e-05
2498	-0.0048747296094216	0.040423559554728	9.999000099990002e-05
2499	-0.0059244654529062	0.040423559554728	9.999000099990002e-05
2500	-0.0059671217593046	0.040423559554728	9.999000099990002e-05
2501	-0.00407846013462	0.040423559554728	9.999000099990002e-05
2502	-0.0070983451786345	0.040423559554728	9.999000099990002e-05
2503	-0.0034140528666095	0.040423559554728	9.999000099990002e-05
2504	-0.0060521813368775	0.040423559554728	9.999000099990002e-05
2505	-0.0028532848751578	0.040423559554728	9.999000099990002e-05
2506	-0.0022789021497799	0.040423559554728	9.999000099990002e-05
2507	-0.0035691748467919	0.040423559554728	9.999000099990002e-05
2508	-0.0054591023401054	0.040423559554728	9.999000099990002e-05
2509	-0.0053960565961753	0.040423559554728	9.999000099990002e-05
2510	-0.000604350125149	0.040423559554728	9.999000099990002e-05
2511	-0.0019476193897081	0.040423559554728	9.999000099990002e-05
2512	-0.0045350860877207	0.040423559554728	9.999000099990002e-05
2513	-0.0101371287452476	0.040423559554728	9.999000099990002e-05
2514	-0.0018676296538894	0.040423559554728	9.999000099990002e-05
2515	-0.0037372367105339	0.040423559554728	9.999000099990002e-05
2516	-0.0044965069686247	0.040423559554728	9.999000099990002e-05
2517	-0.0014629323419643	0.040423559554728	9.999000099990002e-05
2518	-0.0032344594525002	0.040423559554728	9.999000099990002e-05
2519	-0.0005317254763973	0.040423559554728	9.999000099990002e-05
2520	0.0007172314392008	0.040423559554728	9.999000099990002e-05
2521	-0.0049173724503603	0.040423559554728	9.999000099990002e-05
2522	0.000948383386708	0.040423559554728	9.999000099990002e-05
2523	-0.0036756972513973	0.040423559554728	9.999000099990002e-05
2524	-0.0040162879142962	0.040423559554728	9.999000099990002e-05
2525	-0.0067797794872372	0.040423559554728	9.999000099990002e-05
2526	-0.0045752439742559	0.040423559554728	9.999000099990002e-05
2527	-0.0018335867596166	0.040423559554728	9.999000099990002e-05
2528	-0.0012973827290362	0.040423559554728	9.999000099990002e-05
2529	-0.0036224765416555	0.040423559554728	9.999000099990002e-05
2530	-0.0022451864661775	0.040423559554728	9.999000099990002e-05
2531	-0.0036501648739017	0.040423559554728	9.999000099990002e-05
2532	-0.0039494422176424	0.040423559554728	9.999000099990002e-05
2533	-0.0009294441599484	0.040423559554728	9.999000099990002e-05
2534	-0.0027314914850845	0.040423559554728	9.999000099990002e-05
2535	-0.0018109261799449	0.040423559554728	9.999000099990002e-05
2536	-0.0022032033750543	0.040423559554728	9.999000099990002e-05
2537	-0.0033297864238485	0.040423559554728	9.999000099990002e-05
2538	-0.0051649817095703	0.040423559554728	9.999000099990002e-05
2539	0.0005443196246613	0.040423559554728	9.999000099990002e-05
2540	-0.0004467475379829	0.040423559554728	9.999000099990002e-05
2541	-0.0033119450167808	0.040423559554728	9.999000099990002e-05
2542	-0.0075819947319457	0.040423559554728	9.999000099990002e-05
2543	-0.0011641867492267	0.040423559554728	9.999000099990002e-05
2544	-0.0050218226169016	0.040423559554728	9.999000099990002e-05
2545	-0.003573573762399	0.040423559554728	9.999000099990002e-05
2546	-0.0038081198521478	0.040423559554728	9.999000099990002e-05
2547	0.0001453443636486	0.040423559554728	9.999000099990002e-05
2548	-0.0070312506018128	0.040423559554728	9.999000099990002e-05
2549	-0.0033848166990086	0.040423559554728	9.999000099990002e-05
2550	-0.000469213695653	0.040423559554728	9.999000099990002e-05
2551	-0.0029861353120354	0.040423559554728	9.999000099990002e-05
2552	-0.0052902237192878	0.040423559554728	9.999000099990002e-05
2553	-0.0043814412877023	0.040423559554728	9.999000099990002e-05
2554	-0.0010895587478555	0.040423559554728	9.999000099990002e-05
2555	-0.0022632528810765	0.040423559554728	9.999000099990002e-05
2556	-0.0045096447944417	0.040423559554728	9.999000099990002e-05
2557	-0.0049580141508621	0.040423559554728	9.999000099990002e-05
2558	-0.0020647725054276	0.040423559554728	9.999000099990002e-05
2559	-0.0048910745614815	0.040423559554728	9.999000099990002e-05
2560	-0.0072919182021549	0.040423559554728	9.999000099990002e-05
2561	-0.008980038023967	0.040423559554728	9.999000099990002e-05
2562	-0.0043141559822624	0.040423559554728	9.999000099990002e-05
2563	-0.0012068279358375	0.040423559554728	9.999000099990002e-05
2564	-0.0065873983684992	0.040423559554728	9.999000099990002e-05
2565	-0.001278250426821	0.040423559554728	9.999000099990002e-05
2566	-0.005448112793727	0.040423559554728	9.999000099990002e-05
2567	0.0001826239312301	0.040423559554728	9.999000099990002e-05
2568	-0.0010096963760491	0.040423559554728	9.999000099990002e-05
2569	-0.0015497017636084	0.040423559554728	9.999000099990002e-05
2570	8.967028562454072e-05	0.040423559554728	9.999000099990002e-05
2571	-0.0055881997032952	0.040423559554728	9.999000099990002e-05
2572	-0.0044937445295698	0.040423559554728	9.999000099990002e-05
2573	-0.0099590442128418	0.040423559554728	9.999000099990002e-05
2574	0.0020342612742125	0.040423559554728	9.999000099990002e-05
2575	-0.0035234197341556	0.040423559554728	9.999000099990002e-05
2576	-0.0047601801172781	0.040423559554728	9.999000099990002e-05
2577	-0.0012343860763249	0.040423559554728	9.999000099990002e-05
2578	-0.0062787391773213	0.040423559554728	9.999000099990002e-05
2579	-0.0002190395356817	0.040423559554728	9.999000099990002e-05
2580	-0.0003819986250024	0.040423559554728	9.999000099990002e-05
2581	-0.0050210094185547	0.040423559554728	9.999000099990002e-05
2582	-0.000993393724769	0.040423559554728	9.999000099990002e-05
2583	-0.003103764701064	0.040423559554728	9.999000099990002e-05
2584	-0.0040004804649143	0.040423559554728	9.999000099990002e-05
2585	-0.0016142153195899	0.040423559554728	9.999000099990002e-05
2586	-0.0004879450349515	0.040423559554728	9.999000099990002e-05
2587	-0.0055824104405026	0.040423559554728	9.999000099990002e-05
2588	-0.004913993100888	0.040423559554728	9.999000099990002e-05
2589	-0.0015135028761122	0.040423559554728	9.999000099990002e-05
2590	-0.0036180588128776	0.040423559554728	9.999000099990002e-05
2591	-0.0040301406790771	0.040423559554728	9.999000099990002e-05
2592	-0.0042300631285132	0.040423559554728	9.999000099990002e-05
2593	-0.0068298355446432	0.040423559554728	9.999000099990002e-05
2594	-0.0017367368447776	0.040423559554728	9.999000099990002e-05
2595	-0.0022528654715826	0.040423559554728	9.999000099990002e-05
2596	-0.0075990706853392	0.040423559554728	9.999000099990002e-05
2597	-0.0062577519118522	0.040423559554728	9.999000099990002e-05
2598	-0.0100441970675776	0.040423559554728	9.999000099990002e-05
2599	-0.0068676310701672	0.040423559554728	9.999000099990002e-05
2600	-0.0070730421563901	0.040423559554728	9.999000099990002e-05
2601	-0.0081526820927488	0.040423559554728	9.999000099990002e-05
2602	-0.006220581818458	0.040423559554728	9.999000099990002e-05
2603	0.0001086018563085	0.040423559554728	9.999000099990002e-05
2604	0.0006127115792874	0.040423559554728	9.999000099990002e-05
2605	-0.0051775065107168	0.040423559554728	9.999000099990002e-05
2606	-0.0063572571768689	0.040423559554728	9.999000099990002e-05
2607	-0.0056893572571609	0.040423559554728	9.999000099990002e-05
2608	-0.0065680944393821	0.040423559554728	9.999000099990002e-05
2609	0.0001187263238475	0.040423559554728	9.999000099990002e-05
2610	-0.0054352920410129	0.040423559554728	9.999000099990002e-05
2611	-0.005331817504735	0.040423559554728	9.999000099990002e-05
2612	-0.0015791451261611	0.040423559554728	9.999000099990002e-05
2613	-0.0059259000822177	0.040423559554728	9.999000099990002e-05
2614	0.0009961663398642	0.040423559554728	9.999000099990002e-05
2615	-0.0031532814668096	0.040423559554728	9.999000099990002e-05
2616	-0.007259747699288	0.040423559554728	9.999000099990002e-05
2617	-0.0037360961283893	0.040423559554728	9.999000099990002e-05
2618	-0.0083326133360053	0.040423559554728	9.999000099990002e-05
2619	-0.0044769263820201	0.040423559554728	9.999000099990002e-05
2620	-0.0020187778999726	0.040423559554728	9.999000099990002e-05
2621	0.0019047262451101	0.040423559554728	9.999000099990002e-05
2622	-0.0021299913244784	0.040423559554728	9.999000099990002e-05
2623	-0.0032354876557656	0.040423559554728	9.999000099990002e-05
2624	-0.00290915858824	0.040423559554728	9.999000099990002e-05
2625	-0.0025750143602755	0.040423559554728	9.999000099990002e-05
2626	-0.0028825311033808	0.040423559554728	9.999000099990002e-05
2627	-7.756258671000326e-06	0.040423559554728	9.999000099990002e-05
2628	-0.0081511573218029	0.040423559554728	9.999000099990002e-05
2629	-0.0040167909838702	0.040423559554728	9.999000099990002e-05
2630	-0.006440289279413	0.040423559554728	9.999000099990002e-05
2631	-0.0056768682356644	0.040423559554728	9.999000099990002e-05
2632	-0.0029636994131768	0.040423559554728	9.999000099990002e-05
2633	-0.0042547330817885	0.040423559554728	9.999000099990002e-05
2634	-0.0038260038293045	0.040423559554728	9.999000099990002e-05
2635	-0.0058530675460049	0.040423559554728	9.999000099990002e-05
2636	-0.0067974890674545	0.040423559554728	9.999000099990002e-05
2637	-0.0041262970265604	0.040423559554728	9.999000099990002e-05
2638	-0.0032757497457224	0.040423559554728	9.999000099990002e-05
2639	-0.0046044319739839	0.040423559554728	9.999000099990002e-05
2640	-0.007627276533674	0.040423559554728	9.999000099990002e-05
2641	-0.0052636305905872	0.040423559554728	9.999000099990002e-05
2642	-0.0033483817427678	0.040423559554728	9.999000099990002e-05
2643	-0.0018115017321647	0.040423559554728	9.999000099990002e-05
2644	-0.0019488914716848	0.040423559554728	9.999000099990002e-05
2645	-0.0030319618300808	0.040423559554728	9.999000099990002e-05
2646	-0.0030910829311303	0.040423559554728	9.999000099990002e-05
2647	-0.0035246306637089	0.040423559554728	9.999000099990002e-05
2648	-0.0050341672886703	0.040423559554728	9.999000099990002e-05
2649	-0.0007004815615318	0.040423559554728	9.999000099990002e-05
2650	-0.0044711330218805	0.040423559554728	9.999000099990002e-05
2651	-0.0028287543855721	0.040423559554728	9.999000099990002e-05
2652	0.0005049137455768	0.040423559554728	9.999000099990002e-05
2653	-0.008282314958034	0.040423559554728	9.999000099990002e-05
2654	-0.003476469561972	0.040423559554728	9.999000099990002e-05
2655	-0.0077295426988358	0.040423559554728	9.999000099990002e-05
2656	-0.002556335440088	0.040423559554728	9.999000099990002e-05
2657	-0.0044750829028798	0.040423559554728	9.999000099990002e-05
2658	-0.0013964767973867	0.040423559554728	9.999000099990002e-05
2659	-0.0041955950912053	0.040423559554728	9.999000099990002e-05
2660	-0.0036406539696515	0.040423559554728	9.999000099990002e-05
2661	-0.005578983269412	0.040423559554728	9.999000099990002e-05
2662	-0.0071571567087658	0.040423559554728	9.999000099990002e-05
2663	-0.0002370505690688	0.040423559554728	9.999000099990002e-05
2664	-0.002544459289371	0.040423559554728	9.999000099990002e-05
2665	0.0006480648166788	0.040423559554728	9.999000099990002e-05
2666	-0.0018097722285224	0.040423559554728	9.999000099990002e-05
2667	-0.0058562457599822	0.040423559554728	9.999000099990002e-05
2668	-0.0016667360755007	0.040423559554728	9.999000099990002e-05
2669	-0.0003395823500411	0.040423559554728	9.999000099990002e-05
2670	-0.0041416707919585	0.040423559554728	9.999000099990002e-05
2671	-0.0034430245533457	0.040423559554728	9.999000099990002e-05
2672	-0.0033045606741064	0.040423559554728	9.999000099990002e-05
2673	-0.0068445075672278	0.040423559554728	9.999000099990002e-05
2674	-0.0016189881902489	0.040423559554728	9.999000099990002e-05
2675	-0.0013352579700816	0.040423559554728	9.999000099990002e-05
2676	-0.0038210116255435	0.040423559554728	9.999000099990002e-05
2677	-0.0013040881817059	0.040423559554728	9.999000099990002e-05
2678	-0.0029083010115852	0.040423559554728	9.999000099990002e-05
2679	-0.0028765992606065	0.040423559554728	9.999000099990002e-05
2680	3.313966970971416e-05	0.040423559554728	9.999000099990002e-05
2681	-0.0073653925214128	0.040423559554728	9.999000099990002e-05
2682	-0.0024191146151415	0.040423559554728	9.999000099990002e-05
2683	-0.00284722228277	0.040423559554728	9.999000099990002e-05
2684	-0.0027975371603056	0.040423559554728	9.999000099990002e-05
2685	-0.0050451795916756	0.040423559554728	9.999000099990002e-05
2686	-0.0097770015085609	0.040423559554728	9.999000099990002e-05
2687	-0.0058302149681144	0.040423559554728	9.999000099990002e-05
2688	-0.0014782629024732	0.040423559554728	9.999000099990002e-05
2689	-0.0037831211877651	0.040423559554728	9.999000099990002e-05
2690	-0.0041085765008479	0.040423559554728	9.999000099990002e-05
2691	-0.0055582527517865	0.040423559554728	9.999000099990002e-05
2692	-0.0010106483071035	0.040423559554728	9.999000099990002e-05
2693	0.0005824487280945	0.040423559554728	9.999000099990002e-05
2694	-0.0035813652621016	0.040423559554728	9.999000099990002e-05
2695	-0.0078293068469331	0.040423559554728	9.999000099990002e-05
2696	-0.0049792318680555	0.040423559554728	9.999000099990002e-05
2697	-0.0043405760028606	0.040423559554728	9.999000099990002e-05
2698	-0.0022532932115278	0.040423559554728	9.999000099990002e-05
2699	-0.0067159778116366	0.040423559554728	9.999000099990002e-05
2700	-0.0074035024461842	0.040423559554728	9.999000099990002e-05
2701	-0.0080953579957674	0.040423559554728	9.999000099990002e-05
2702	-0.0032989546569838	0.040423559554728	9.999000099990002e-05
2703	-0.0023025488050645	0.040423559554728	9.999000099990002e-05
2704	-0.0002376189461222	0.040423559554728	9.999000099990002e-05
2705	-0.0051253683854612	0.040423559554728	9.999000099990002e-05
2706	-0.0024766648356639	0.040423559554728	9.999000099990002e-05
2707	-0.0035668049258869	0.040423559554728	9.999000099990002e-05
2708	-0.0036858222960274	0.040423559554728	9.999000099990002e-05
2709	-0.0029304645041944	0.040423559554728	9.999000099990002e-05
2710	-0.0077144376847767	0.040423559554728	9.999000099990002e-05
2711	-0.0028209698301994	0.040423559554728	9.999000099990002e-05
2712	-0.0078529464232332	0.040423559554728	9.999000099990002e-05
2713	-0.0036796491906882	0.040423559554728	9.999000099990002e-05
2714	-0.0029202532421495	0.040423559554728	9.999000099990002e-05
2715	0.0001408862000189	0.040423559554728	9.999000099990002e-05
2716	-0.0068522819657967	0.040423559554728	9.999000099990002e-05
2717	-0.0047625035246381	0.040423559554728	9.999000099990002e-05
2718	-0.0082821731475072	0.040423559554728	9.999000099990002e-05
2719	-0.0033449628817894	0.040423559554728	9.999000099990002e-05
2720	-0.004781446444781	0.040423559554728	9.999000099990002e-05
2721	-0.001591673524509	0.040423559554728	9.999000099990002e-05
2722	-0.0025427484642449	0.040423559554728	9.999000099990002e-05
2723	-0.0054275726199923	0.040423559554728	9.999000099990002e-05
2724	-0.0010881929078067	0.040423559554728	9.999000099990002e-05
2725	0.0019604400077676	0.040423559554728	9.999000099990002e-05
2726	-0.0008525719858293	0.040423559554728	9.999000099990002e-05
2727	-0.0029717401200655	0.040423559554728	9.999000099990002e-05
2728	-0.0032235961544245	0.040423559554728	9.999000099990002e-05
2729	-0.0044723087873477	0.040423559554728	9.999000099990002e-05
2730	-0.0004463562317243	0.040423559554728	9.999000099990002e-05
2731	-0.0053534879306831	0.040423559554728	9.999000099990002e-05
2732	-0.0065741928883654	0.040423559554728	9.999000099990002e-05
2733	-0.0056853507442855	0.040423559554728	9.999000099990002e-05
2734	-0.0019658785145717	0.040423559554728	9.999000099990002e-05
2735	-0.0046711875097669	0.040423559554728	9.999000099990002e-05
2736	-0.0045268805251326	0.040423559554728	9.999000099990002e-05
2737	-0.0030845087666925	0.040423559554728	9.999000099990002e-05
2738	-0.0038701805015198	0.040423559554728	9.999000099990002e-05
2739	-0.0076775427869057	0.040423559554728	9.999000099990002e-05
2740	-0.0027603217652577	0.040423559554728	9.999000099990002e-05
2741	-0.0078735094497765	0.040423559554728	9.999000099990002e-05
2742	-0.0069799634551367	0.040423559554728	9.999000099990002e-05
2743	-0.0039716735569319	0.040423559554728	9.999000099990002e-05
2744	-0.0022380993639075	0.040423559554728	9.999000099990002e-05
2745	-0.0088479592156387	0.040423559554728	9.999000099990002e-05
2746	-0.003795459703895	0.040423559554728	9.999000099990002e-05
2747	-0.0015855602827563	0.040423559554728	9.999000099990002e-05
2748	-0.0039087957080478	0.040423559554728	9.999000099990002e-05
2749	-0.0037695022410735	0.040423559554728	9.999000099990002e-05
2750	-0.0062753704655621	0.040423559554728	9.999000099990002e-05
2751	-0.0069585597222359	0.040423559554728	9.999000099990002e-05
2752	-0.0065677843683182	0.040423559554728	9.999000099990002e-05
2753	0.0001318168089555	0.040423559554728	9.999000099990002e-05
2754	0.0004489753021063	0.040423559554728	9.999000099990002e-05
2755	-0.0028914977337503	0.040423559554728	9.999000099990002e-05
2756	-0.0042276388456238	0.040423559554728	9.999000099990002e-05
2757	-0.0029576191810367	0.040423559554728	9.999000099990002e-05
2758	-0.00135422004965	0.040423559554728	9.999000099990002e-05
2759	-0.0049429304891748	0.040423559554728	9.999000099990002e-05
2760	-0.001149726230541	0.040423559554728	9.999000099990002e-05
2761	8.357843471640397e-05	0.040423559554728	9.999000099990002e-05
2762	-0.0050308153125539	0.040423559554728	9.999000099990002e-05
2763	-0.0041116761727225	0.040423559554728	9.999000099990002e-05
2764	-0.0038912157617345	0.040423559554728	9.999000099990002e-05
2765	-0.0018526913614576	0.040423559554728	9.999000099990002e-05
2766	-0.0034972589813655	0.040423559554728	9.999000099990002e-05
2767	-0.0039505077779402	0.040423559554728	9.999000099990002e-05
2768	-0.0015444234765382	0.040423559554728	9.999000099990002e-05
2769	-0.0064355329327967	0.040423559554728	9.999000099990002e-05
2770	-0.004186849832993	0.040423559554728	9.999000099990002e-05
2771	-0.0051165027652756	0.040423559554728	9.999000099990002e-05
2772	-0.0040976869451258	0.040423559554728	9.999000099990002e-05
2773	-0.0036802527125914	0.040423559554728	9.999000099990002e-05
2774	-0.0011081367732773	0.040423559554728	9.999000099990002e-05
2775	-0.0063133960580831	0.040423559554728	9.999000099990002e-05
2776	-0.0054723395602512	0.040423559554728	9.999000099990002e-05
2777	0.0001645178316977	0.040423559554728	9.999000099990002e-05
2778	-0.0038397269794177	0.040423559554728	9.999000099990002e-05
2779	-0.0034895220744837	0.040423559554728	9.999000099990002e-05
2780	-0.002793665244318	0.040423559554728	9.999000099990002e-05
2781	-0.0021772290419354	0.040423559554728	9.999000099990002e-05
2782	-0.0008950265604052	0.040423559554728	9.999000099990002e-05
2783	-0.0048401816642286	0.040423559554728	9.999000099990002e-05
2784	-0.0017635291853362	0.040423559554728	9.999000099990002e-05
2785	-0.0043158863515413	0.040423559554728	9.999000099990002e-05
2786	-0.0049821656454667	0.040423559554728	9.999000099990002e-05
2787	0.0024832507535243	0.040423559554728	9.999000099990002e-05
2788	-0.0035062128964939	0.040423559554728	9.999000099990002e-05
2789	-0.0024017151829335	0.040423559554728	9.999000099990002e-05
2790	-0.0030008756622098	0.040423559554728	9.999000099990002e-05
2791	-0.0044406662843915	0.040423559554728	9.999000099990002e-05
2792	-0.0014589986772258	0.040423559554728	9.999000099990002e-05
2793	-0.0033506197983497	0.040423559554728	9.999000099990002e-05
2794	5.309800093128425e-05	0.040423559554728	9.999000099990002e-05
2795	-0.006842188988197	0.040423559554728	9.999000099990002e-05
2796	-0.0012635876954035	0.040423559554728	9.999000099990002e-05
2797	0.0010545186785838	0.040423559554728	9.999000099990002e-05
2798	-0.002433554743274	0.040423559554728	9.999000099990002e-05
2799	-0.0059235223321097	0.040423559554728	9.999000099990002e-05
2800	-0.0103523389542671	0.040423559554728	9.999000099990002e-05
2801	5.696312647999469e-05	0.040423559554728	9.999000099990002e-05
2802	-0.0046126194351468	0.040423559554728	9.999000099990002e-05
2803	-0.0009903831942375	0.040423559554728	9.999000099990002e-05
2804	-0.0011923732265358	0.040423559554728	9.999000099990002e-05
2805	-0.0016264071776274	0.040423559554728	9.999000099990002e-05
2806	-0.0042398276835511	0.040423559554728	9.999000099990002e-05
2807	-0.0041405205146828	0.040423559554728	9.999000099990002e-05
2808	-0.0019906118901621	0.040423559554728	9.999000099990002e-05
2809	0.0005206395173275	0.040423559554728	9.999000099990002e-05
2810	-0.0050163103578512	0.040423559554728	9.999000099990002e-05
2811	-0.0026299081918562	0.040423559554728	9.999000099990002e-05
2812	-0.0104055542970614	0.040423559554728	9.999000099990002e-05
2813	-0.0029473804302177	0.040423559554728	9.999000099990002e-05
2814	-0.0024713218951508	0.040423559554728	9.999000099990002e-05
2815	-0.0012184044223674	0.040423559554728	9.999000099990002e-05
2816	-0.0043335812351713	0.040423559554728	9.999000099990002e-05
2817	-0.0083658749835434	0.040423559554728	9.999000099990002e-05
2818	-0.0010304652509984	0.040423559554728	9.999000099990002e-05
2819	-0.0035837837933161	0.040423559554728	9.999000099990002e-05
2820	-0.000680209562045	0.040423559554728	9.999000099990002e-05
2821	-0.0022803640177927	0.040423559554728	9.999000099990002e-05
2822	-0.0034454429306692	0.040423559554728	9.999000099990002e-05
2823	-0.0040686349273044	0.040423559554728	9.999000099990002e-05
2824	-0.0058781097615315	0.040423559554728	9.999000099990002e-05
2825	-0.0071046802157446	0.040423559554728	9.999000099990002e-05
2826	0.0016989812539597	0.040423559554728	9.999000099990002e-05
2827	-0.0008593912601061	0.040423559554728	9.999000099990002e-05
2828	-0.0020832667179809	0.040423559554728	9.999000099990002e-05
2829	-0.0029327275093494	0.040423559554728	9.999000099990002e-05
2830	-0.0011941260446597	0.040423559554728	9.999000099990002e-05
2831	-0.0007968270025417	0.040423559554728	9.999000099990002e-05
2832	-0.0028781439989054	0.040423559554728	9.999000099990002e-05
2833	-0.0096694801592104	0.040423559554728	9.999000099990002e-05
2834	0.0039981561149722	0.040423559554728	9.999000099990002e-05
2835	-0.0052478534961987	0.040423559554728	9.999000099990002e-05
2836	-0.0034645886021623	0.040423559554728	9.999000099990002e-05
2837	0.0014257891410167	0.040423559554728	9.999000099990002e-05
2838	-0.0014140696128322	0.040423559554728	9.999000099990002e-05
2839	-0.0049505202955277	0.040423559554728	9.999000099990002e-05
2840	-0.0086895103243312	0.040423559554728	9.999000099990002e-05
2841	-0.0059191701993568	0.040423559554728	9.999000099990002e-05
2842	-0.0033801742894176	0.040423559554728	9.999000099990002e-05
2843	-0.0048399680250925	0.040423559554728	9.999000099990002e-05
2844	-0.0037668562397721	0.040423559554728	9.999000099990002e-05
2845	-0.0039603192120142	0.040423559554728	9.999000099990002e-05
2846	-0.0031558656231782	0.040423559554728	9.999000099990002e-05
2847	-0.0078672829057988	0.040423559554728	9.999000099990002e-05
2848	-0.0055045952225325	0.040423559554728	9.999000099990002e-05
2849	-0.0013294450465527	0.040423559554728	9.999000099990002e-05
2850	-0.0026859175790629	0.040423559554728	9.999000099990002e-05
2851	-0.0007236295138986	0.040423559554728	9.999000099990002e-05
2852	-0.0090660072510509	0.040423559554728	9.999000099990002e-05
2853	-0.0051345671603558	0.040423559554728	9.999000099990002e-05
2854	-0.0007344657464003	0.040423559554728	9.999000099990002e-05
2855	0.0006710271188293	0.040423559554728	9.999000099990002e-05
2856	-0.0020116339349899	0.040423559554728	9.999000099990002e-05
2857	-0.0041743357849778	0.040423559554728	9.999000099990002e-05
2858	-0.0074614240248483	0.040423559554728	9.999000099990002e-05
2859	-0.0019413271919962	0.040423559554728	9.999000099990002e-05
2860	-0.0040810124547946	0.040423559554728	9.999000099990002e-05
2861	-0.0019234900938756	0.040423559554728	9.999000099990002e-05
2862	-0.0039396223003287	0.040423559554728	9.999000099990002e-05
2863	-0.0032240656950038	0.040423559554728	9.999000099990002e-05
2864	0.0009197888482612	0.040423559554728	9.999000099990002e-05
2865	-0.0029266331769495	0.040423559554728	9.999000099990002e-05
2866	0.0021107198855919	0.040423559554728	9.999000099990002e-05
2867	-0.0014171711891075	0.040423559554728	9.999000099990002e-05
2868	-0.0013712951374069	0.040423559554728	9.999000099990002e-05
2869	0.0014009514465864	0.040423559554728	9.999000099990002e-05
2870	-0.0049872523959911	0.040423559554728	9.999000099990002e-05
2871	-0.0066138439157617	0.040423559554728	9.999000099990002e-05
2872	-0.0028994751529785	0.040423559554728	9.999000099990002e-05
2873	-0.0027144730869129	0.040423559554728	9.999000099990002e-05
2874	-0.0057889050922665	0.040423559554728	9.999000099990002e-05
2875	-0.0028369589478689	0.040423559554728	9.999000099990002e-05
2876	-0.0042032207156809	0.040423559554728	9.999000099990002e-05
2877	-0.0070551840906251	0.040423559554728	9.999000099990002e-05
2878	-0.0052042969276383	0.040423559554728	9.999000099990002e-05
2879	-0.0032644357394746	0.040423559554728	9.999000099990002e-05
2880	-0.0066395173920384	0.040423559554728	9.999000099990002e-05
2881	-0.0021964501969482	0.040423559554728	9.999000099990002e-05
2882	-0.0026832341053109	0.040423559554728	9.999000099990002e-05
2883	-0.0054716542068259	0.040423559554728	9.999000099990002e-05
2884	-0.0045314209434847	0.040423559554728	9.999000099990002e-05
2885	-0.010748333481887	0.040423559554728	9.999000099990002e-05
2886	-0.0015592279800098	0.040423559554728	9.999000099990002e-05
2887	-0.0034763984835812	0.040423559554728	9.999000099990002e-05
2888	-0.0052866970384502	0.040423559554728	9.999000099990002e-05
2889	-0.004200661797431	0.040423559554728	9.999000099990002e-05
2890	-0.0042451233218279	0.040423559554728	9.999000099990002e-05
2891	0.0054013732405693	0.040423559554728	9.999000099990002e-05
2892	-0.0021283091423087	0.040423559554728	9.999000099990002e-05
2893	-0.0029120077063826	0.040423559554728	9.999000099990002e-05
2894	-0.0033216857379551	0.040423559554728	9.999000099990002e-05
2895	-0.0084333247407189	0.040423559554728	9.999000099990002e-05
2896	-0.0053809826488554	0.040423559554728	9.999000099990002e-05
2897	0.0038476815650736	0.040423559554728	9.999000099990002e-05
2898	-0.0075558115687834	0.040423559554728	9.999000099990002e-05
2899	-0.0035058782221115	0.040423559554728	9.999000099990002e-05
2900	-0.0020344880325537	0.040423559554728	9.999000099990002e-05
2901	-0.0027669256883614	0.040423559554728	9.999000099990002e-05
2902	-0.0007801705366901	0.040423559554728	9.999000099990002e-05
2903	-0.0028018475308971	0.040423559554728	9.999000099990002e-05
2904	-0.0023427434330683	0.040423559554728	9.999000099990002e-05
2905	-0.0034968948176264	0.040423559554728	9.999000099990002e-05
2906	-0.0037377813499056	0.040423559554728	9.999000099990002e-05
2907	-0.0008052295455686	0.040423559554728	9.999000099990002e-05
2908	-0.0029869673043167	0.040423559554728	9.999000099990002e-05
2909	0.0013842173042688	0.040423559554728	9.999000099990002e-05
2910	-0.0020125894632457	0.040423559554728	9.999000099990002e-05
2911	-0.002117982308147	0.040423559554728	9.999000099990002e-05
2912	-0.0019793993172985	0.040423559554728	9.999000099990002e-05
2913	-0.0037244901525027	0.040423559554728	9.999000099990002e-05
2914	-0.0037051005638256	0.040423559554728	9.999000099990002e-05
2915	-0.0004679899354402	0.040423559554728	9.999000099990002e-05
2916	0.0010302058292993	0.040423559554728	9.999000099990002e-05
2917	0.0002316903927673	0.040423559554728	9.999000099990002e-05
2918	-0.0044774281050481	0.040423559554728	9.999000099990002e-05
2919	-0.0004332100188496	0.040423559554728	9.999000099990002e-05
2920	-0.0091348638409818	0.040423559554728	9.999000099990002e-05
2921	-0.0026224424216234	0.040423559554728	9.999000099990002e-05
2922	-0.0056513720994918	0.040423559554728	9.999000099990002e-05
2923	-0.002258765535872	0.040423559554728	9.999000099990002e-05
2924	-0.000238993134756	0.040423559554728	9.999000099990002e-05
2925	-0.0012983777303253	0.040423559554728	9.999000099990002e-05
2926	-0.0005818311636405	0.040423559554728	9.999000099990002e-05
2927	-0.0054293541580181	0.040423559554728	9.999000099990002e-05
2928	0.0023240784784861	0.040423559554728	9.999000099990002e-05
2929	-0.0082881244382525	0.040423559554728	9.999000099990002e-05
2930	-0.005463642893112	0.040423559554728	9.999000099990002e-05
2931	0.0003822069549002	0.040423559554728	9.999000099990002e-05
2932	-0.0026644067380485	0.040423559554728	9.999000099990002e-05
2933	-0.0011645939062549	0.040423559554728	9.999000099990002e-05
2934	-0.0042055308499449	0.040423559554728	9.999000099990002e-05
2935	-0.0027901751510579	0.040423559554728	9.999000099990002e-05
2936	-0.0063240355794551	0.040423559554728	9.999000099990002e-05
2937	-0.0009589247641153	0.040423559554728	9.999000099990002e-05
2938	-0.0032349682352763	0.040423559554728	9.999000099990002e-05
2939	-0.0012025255098673	0.040423559554728	9.999000099990002e-05
2940	-0.0032518119671994	0.040423559554728	9.999000099990002e-05
2941	-0.0045219630354366	0.040423559554728	9.999000099990002e-05
2942	0.0010060171507896	0.040423559554728	9.999000099990002e-05
2943	-2.282770526274569e-05	0.040423559554728	9.999000099990002e-05
2944	-0.0059680722476312	0.040423559554728	9.999000099990002e-05
2945	-0.0095849303262321	0.040423559554728	9.999000099990002e-05
2946	-0.0090716638213565	0.040423559554728	9.999000099990002e-05
2947	-0.0035048354184406	0.040423559554728	9.999000099990002e-05
2948	-0.0058743583421716	0.040423559554728	9.999000099990002e-05
2949	-0.0046505872608457	0.040423559554728	9.999000099990002e-05
2950	-0.0023117514849423	0.040423559554728	9.999000099990002e-05
2951	-0.006819622243543	0.040423559554728	9.999000099990002e-05
2952	-0.0040408228090109	0.040423559554728	9.999000099990002e-05
2953	-0.0090295880686343	0.040423559554728	9.999000099990002e-05
2954	-0.005164328923321	0.040423559554728	9.999000099990002e-05
2955	-0.0008050528595011	0.040423559554728	9.999000099990002e-05
2956	-0.001174899445754	0.040423559554728	9.999000099990002e-05
2957	-0.0068467430643724	0.040423559554728	9.999000099990002e-05
2958	3.608666250782266e-05	0.040423559554728	9.999000099990002e-05
2959	-0.0029053401108909	0.040423559554728	9.999000099990002e-05
2960	-0.0055797214074394	0.040423559554728	9.999000099990002e-05
2961	-0.0036167089005439	0.040423559554728	9.999000099990002e-05
2962	-0.0028322810087007	0.040423559554728	9.999000099990002e-05
2963	-0.0027526961215457	0.040423559554728	9.999000099990002e-05
2964	-0.002294586774933	0.040423559554728	9.999000099990002e-05
2965	-0.0061706221929797	0.040423559554728	9.999000099990002e-05
2966	-0.0020426373095202	0.040423559554728	9.999000099990002e-05
2967	-0.0030308794571947	0.040423559554728	9.999000099990002e-05
2968	-0.0023453448444617	0.040423559554728	9.999000099990002e-05
2969	-0.0057745848644344	0.040423559554728	9.999000099990002e-05
2970	-0.0040185605184004	0.040423559554728	9.999000099990002e-05
2971	-0.0048785550118642	0.040423559554728	9.999000099990002e-05
2972	-0.0064007953362222	0.040423559554728	9.999000099990002e-05
2973	-0.0065653241518878	0.040423559554728	9.999000099990002e-05
2974	-0.0030528007254204	0.040423559554728	9.999000099990002e-05
2975	-0.0014842029399416	0.040423559554728	9.999000099990002e-05
2976	-0.0004862569472159	0.040423559554728	9.999000099990002e-05
2977	-0.0003908675346074	0.040423559554728	9.999000099990002e-05
2978	0.0010493597147228	0.040423559554728	9.999000099990002e-05
2979	-0.0030374099550704	0.040423559554728	9.999000099990002e-05
2980	-0.0016633288909996	0.040423559554728	9.999000099990002e-05
2981	-1.754405124506364e-05	0.040423559554728	9.999000099990002e-05
2982	0.0014899703694531	0.040423559554728	9.999000099990002e-05
2983	0.0007808323832702	0.040423559554728	9.999000099990002e-05
2984	-0.0034355416435064	0.040423559554728	9.999000099990002e-05
2985	9.34727006038541e-05	0.040423559554728	9.999000099990002e-05
2986	0.0011687186458664	0.040423559554728	9.999000099990002e-05
2987	-0.0059745005041951	0.040423559554728	9.999000099990002e-05
2988	-0.0019347539701406	0.040423559554728	9.999000099990002e-05
2989	-0.0032208087273237	0.040423559554728	9.999000099990002e-05
2990	-0.0035699332214815	0.040423559554728	9.999000099990002e-05
2991	-0.0042551752490119	0.040423559554728	9.999000099990002e-05
2992	-0.0027538229689214	0.040423559554728	9.999000099990002e-05
2993	-0.0100767428143333	0.040423559554728	9.999000099990002e-05
2994	0.0019737128729089	0.040423559554728	9.999000099990002e-05
2995	-0.0023116124252165	0.040423559554728	9.999000099990002e-05
2996	-0.0056318456055624	0.040423559554728	9.999000099990002e-05
2997	-0.0020460129463729	0.040423559554728	9.999000099990002e-05
2998	-0.0009978224375148	0.040423559554728	9.999000099990002e-05
2999	-0.0020424436762099	0.040423559554728	9.999000099990002e-05
3000	-0.0017653581025437	0.040423559554728	9.999000099990002e-05
3001	-0.0033175439741553	0.040423559554728	9.999000099990002e-05
3002	-0.0060169077957711	0.040423559554728	9.999000099990002e-05
3003	-0.00461278729172	0.040423559554728	9.999000099990002e-05
3004	0.0015336169257569	0.040423559554728	9.999000099990002e-05
3005	-0.0044362018497048	0.040423559554728	9.999000099990002e-05
3006	-0.0051068385279124	0.040423559554728	9.999000099990002e-05
3007	-0.0051624054593501	0.040423559554728	9.999000099990002e-05
3008	-0.0049839643423354	0.040423559554728	9.999000099990002e-05
3009	-0.0023054316638017	0.040423559554728	9.999000099990002e-05
3010	-0.0006585984995377	0.040423559554728	9.999000099990002e-05
3011	0.0013303835313838	0.040423559554728	9.999000099990002e-05
3012	-0.0028468577727762	0.040423559554728	9.999000099990002e-05
3013	-0.0030491177683049	0.040423559554728	9.999000099990002e-05
3014	-0.0046242477059873	0.040423559554728	9.999000099990002e-05
3015	-0.0040252757239103	0.040423559554728	9.999000099990002e-05
3016	-0.0030814886179756	0.040423559554728	9.999000099990002e-05
3017	-0.0022796795684767	0.040423559554728	9.999000099990002e-05
3018	-0.0019600689958804	0.040423559554728	9.999000099990002e-05
3019	-0.0036063186055943	0.040423559554728	9.999000099990002e-05
3020	-0.0014290478592066	0.040423559554728	9.999000099990002e-05
3021	0.001351491101117	0.040423559554728	9.999000099990002e-05
3022	-0.0037821110282157	0.040423559554728	9.999000099990002e-05
3023	-0.0063779720360884	0.040423559554728	9.999000099990002e-05
3024	0.0012841290810295	0.040423559554728	9.999000099990002e-05
3025	-0.0008647611892476	0.040423559554728	9.999000099990002e-05
3026	0.0026816237517505	0.040423559554728	9.999000099990002e-05
3027	0.0001275193267326	0.040423559554728	9.999000099990002e-05
3028	-0.0031302303118615	0.040423559554728	9.999000099990002e-05
3029	-0.0038407535860643	0.040423559554728	9.999000099990002e-05
3030	-0.0030318622626246	0.040423559554728	9.999000099990002e-05
3031	-0.007633692979106	0.040423559554728	9.999000099990002e-05
3032	-0.000845080111841	0.040423559554728	9.999000099990002e-05
3033	0.0006843143920125	0.040423559554728	9.999000099990002e-05
3034	-0.005198560622575	0.040423559554728	9.999000099990002e-05
3035	-0.0005884663073743	0.040423559554728	9.999000099990002e-05
3036	-0.009413694615169	0.040423559554728	9.999000099990002e-05
3037	-0.0010536085866362	0.040423559554728	9.999000099990002e-05
3038	0.0009390464946698	0.040423559554728	9.999000099990002e-05
3039	-0.0006849820864493	0.040423559554728	9.999000099990002e-05
3040	-0.0006045273883076	0.040423559554728	9.999000099990002e-05
3041	-0.0036827044073095	0.040423559554728	9.999000099990002e-05
3042	-0.0040420593614104	0.040423559554728	9.999000099990002e-05
3043	-0.0012939917030867	0.040423559554728	9.999000099990002e-05
3044	-0.000471354376725	0.040423559554728	9.999000099990002e-05
3045	-0.0025556028421355	0.040423559554728	9.999000099990002e-05
3046	-0.0065863856697488	0.040423559554728	9.999000099990002e-05
3047	-0.005368493165686	0.040423559554728	9.999000099990002e-05
3048	-0.0041303829087025	0.040423559554728	9.999000099990002e-05
3049	-0.0022941472046197	0.040423559554728	9.999000099990002e-05
3050	-0.0039869231707917	0.040423559554728	9.999000099990002e-05
3051	6.979513247110797e-05	0.040423559554728	9.999000099990002e-05
3052	-0.0073168714687021	0.040423559554728	9.999000099990002e-05
3053	-0.0057666668663562	0.040423559554728	9.999000099990002e-05
3054	-0.0031227800269073	0.040423559554728	9.999000099990002e-05
3055	-0.0056997795999046	0.040423559554728	9.999000099990002e-05
3056	-0.0053992511033589	0.040423559554728	9.999000099990002e-05
3057	-0.0057344007587255	0.040423559554728	9.999000099990002e-05
3058	-0.0033146613847272	0.040423559554728	9.999000099990002e-05
3059	-0.0076182342081846	0.040423559554728	9.999000099990002e-05
3060	-0.0046567612318216	0.040423559554728	9.999000099990002e-05
3061	-0.004741674093593	0.040423559554728	9.999000099990002e-05
3062	-0.0038054554993485	0.040423559554728	9.999000099990002e-05
3063	-0.0077387892184032	0.040423559554728	9.999000099990002e-05
3064	-0.0084045999143314	0.040423559554728	9.999000099990002e-05
3065	-0.0005266193933202	0.040423559554728	9.999000099990002e-05
3066	-0.0031394436871616	0.040423559554728	9.999000099990002e-05
3067	-0.0041463000246353	0.040423559554728	9.999000099990002e-05
3068	-0.001871002328341	0.040423559554728	9.999000099990002e-05
3069	-0.001158022223309	0.040423559554728	9.999000099990002e-05
3070	-0.0013113850950742	0.040423559554728	9.999000099990002e-05
3071	-0.001642501460537	0.040423559554728	9.999000099990002e-05
3072	-0.0037327939937101	0.040423559554728	9.999000099990002e-05
3073	-0.0069603088469766	0.040423559554728	9.999000099990002e-05
3074	-0.0034402000192853	0.040423559554728	9.999000099990002e-05
3075	-0.0067512274611703	0.040423559554728	9.999000099990002e-05
3076	-0.0040114777250775	0.040423559554728	9.999000099990002e-05
3077	0.0005554360733791	0.040423559554728	9.999000099990002e-05
3078	-0.0037425328489564	0.040423559554728	9.999000099990002e-05
3079	0.0005055428326171	0.040423559554728	9.999000099990002e-05
3080	-0.0018450948993203	0.040423559554728	9.999000099990002e-05
3081	-0.0030952187701278	0.040423559554728	9.999000099990002e-05
3082	-0.0027656061694939	0.040423559554728	9.999000099990002e-05
3083	-0.0039264533692999	0.040423559554728	9.999000099990002e-05
3084	-0.0013598301064105	0.040423559554728	9.999000099990002e-05
3085	-0.002505256488655	0.040423559554728	9.999000099990002e-05
3086	-0.0026647450481049	0.040423559554728	9.999000099990002e-05
3087	-0.0030460286187252	0.040423559554728	9.999000099990002e-05
3088	-0.0030597485178918	0.040423559554728	9.999000099990002e-05
3089	-0.0075995765634233	0.040423559554728	9.999000099990002e-05
3090	-0.0063883340920454	0.040423559554728	9.999000099990002e-05
3091	-0.0002523257865383	0.040423559554728	9.999000099990002e-05
3092	-0.0047617950683312	0.040423559554728	9.999000099990002e-05
3093	-0.0064112719832411	0.040423559554728	9.999000099990002e-05
3094	-0.0075993999158286	0.040423559554728	9.999000099990002e-05
3095	-0.004475460243533	0.040423559554728	9.999000099990002e-05
3096	-0.0021545886604533	0.040423559554728	9.999000099990002e-05
3097	-0.0051756362930208	0.040423559554728	9.999000099990002e-05
3098	-0.0049305825087503	0.040423559554728	9.999000099990002e-05
3099	-0.0052809467677816	0.040423559554728	9.999000099990002e-05
3100	-0.0026425677437814	0.040423559554728	9.999000099990002e-05
3101	0.0021578400688222	0.040423559554728	9.999000099990002e-05
3102	0.0030387211638256	0.040423559554728	9.999000099990002e-05
3103	-0.0022719623981116	0.040423559554728	9.999000099990002e-05
3104	-0.0037541494240834	0.040423559554728	9.999000099990002e-05
3105	-0.0015599494016308	0.040423559554728	9.999000099990002e-05
3106	-0.0039499459027802	0.040423559554728	9.999000099990002e-05
3107	-0.0038296276345792	0.040423559554728	9.999000099990002e-05
3108	-0.0064495451863294	0.040423559554728	9.999000099990002e-05
3109	-0.0017829557078455	0.040423559554728	9.999000099990002e-05
3110	-0.002432453653399	0.040423559554728	9.999000099990002e-05
3111	-0.0067978297820574	0.040423559554728	9.999000099990002e-05
3112	-0.0031138740872882	0.040423559554728	9.999000099990002e-05
3113	-0.0034475373290326	0.040423559554728	9.999000099990002e-05
3114	-0.0030755397894857	0.040423559554728	9.999000099990002e-05
3115	-0.0015350010788309	0.040423559554728	9.999000099990002e-05
3116	-0.0017907573258793	0.040423559554728	9.999000099990002e-05
3117	-0.001247332365596	0.040423559554728	9.999000099990002e-05
3118	-0.0038786264802724	0.040423559554728	9.999000099990002e-05
3119	-0.0008646479832044	0.040423559554728	9.999000099990002e-05
3120	-0.0078705460291176	0.040423559554728	9.999000099990002e-05
3121	-0.0026230718356819	0.040423559554728	9.999000099990002e-05
3122	-0.0070044111706181	0.040423559554728	9.999000099990002e-05
3123	-0.0048016841458183	0.040423559554728	9.999000099990002e-05
3124	-0.0051128081701557	0.040423559554728	9.999000099990002e-05
3125	-0.0022403349379975	0.040423559554728	9.999000099990002e-05
3126	-0.0063619777630715	0.040423559554728	9.999000099990002e-05
3127	-0.001410199120336	0.040423559554728	9.999000099990002e-05
3128	-0.0069351789135983	0.040423559554728	9.999000099990002e-05
3129	-0.005288492580554	0.040423559554728	9.999000099990002e-05
3130	-0.0031018177687206	0.040423559554728	9.999000099990002e-05
3131	-0.0041651719625693	0.040423559554728	9.999000099990002e-05
3132	-0.0035274768771595	0.040423559554728	9.999000099990002e-05
3133	-0.0034780600635976	0.040423559554728	9.999000099990002e-05
3134	-0.0001335613746762	0.040423559554728	9.999000099990002e-05
3135	-0.0005188116196477	0.040423559554728	9.999000099990002e-05
3136	-0.0031488052017547	0.040423559554728	9.999000099990002e-05
3137	-0.0028983620018989	0.040423559554728	9.999000099990002e-05
3138	-0.0052131888631793	0.040423559554728	9.999000099990002e-05
3139	-0.0056966127930953	0.040423559554728	9.999000099990002e-05
3140	-0.0056617977124185	0.040423559554728	9.999000099990002e-05
3141	-0.0033517400668866	0.040423559554728	9.999000099990002e-05
3142	-0.0014526313230125	0.040423559554728	9.999000099990002e-05
3143	0.0006897198507312	0.040423559554728	9.999000099990002e-05
3144	-0.0031363178922952	0.040423559554728	9.999000099990002e-05
3145	-0.0040176823395924	0.040423559554728	9.999000099990002e-05
3146	-0.0007254322696416	0.040423559554728	9.999000099990002e-05
3147	-0.0017348791114864	0.040423559554728	9.999000099990002e-05
3148	-0.0028559480545385	0.040423559554728	9.999000099990002e-05
3149	-0.0012930419649786	0.040423559554728	9.999000099990002e-05
3150	-0.0055404376023652	0.040423559554728	9.999000099990002e-05
3151	-0.0044293780741172	0.040423559554728	9.999000099990002e-05
3152	-0.0045613856501638	0.040423559554728	9.999000099990002e-05
3153	-0.0044788801048025	0.040423559554728	9.999000099990002e-05
3154	-0.0029644718881263	0.040423559554728	9.999000099990002e-05
3155	-0.0083842276164063	0.040423559554728	9.999000099990002e-05
3156	-0.0050290975238615	0.040423559554728	9.999000099990002e-05
3157	-0.0014951561872879	0.040423559554728	9.999000099990002e-05
3158	-0.0075068610833268	0.040423559554728	9.999000099990002e-05
3159	0.0005874260236679	0.040423559554728	9.999000099990002e-05
3160	-0.0059302656034848	0.040423559554728	9.999000099990002e-05
3161	-0.0054901849492477	0.040423559554728	9.999000099990002e-05
3162	-0.0027670211199978	0.040423559554728	9.999000099990002e-05
3163	-0.0029248987487962	0.040423559554728	9.999000099990002e-05
3164	0.0047898076296103	0.040423559554728	9.999000099990002e-05
3165	-0.0035581236478445	0.040423559554728	9.999000099990002e-05
3166	0.0011694810986667	0.040423559554728	9.999000099990002e-05
3167	-0.0057604240099358	0.040423559554728	9.999000099990002e-05
3168	-0.0038171354775543	0.040423559554728	9.999000099990002e-05
3169	-0.0033910848512568	0.040423559554728	9.999000099990002e-05
3170	0.0008617804750912	0.040423559554728	9.999000099990002e-05
3171	-0.0023120641529163	0.040423559554728	9.999000099990002e-05
3172	-0.0017638021109677	0.040423559554728	9.999000099990002e-05
3173	-0.0041635713810854	0.040423559554728	9.999000099990002e-05
3174	-0.0059577684009328	0.040423559554728	9.999000099990002e-05
3175	-0.0023104047273735	0.040423559554728	9.999000099990002e-05
3176	-0.0024936685180117	0.040423559554728	9.999000099990002e-05
3177	-0.0017124229374928	0.040423559554728	9.999000099990002e-05
3178	-0.0048538056508494	0.040423559554728	9.999000099990002e-05
3179	-0.0066560764641437	0.040423559554728	9.999000099990002e-05
3180	-0.0052530487783281	0.040423559554728	9.999000099990002e-05
3181	-0.0021476280180861	0.040423559554728	9.999000099990002e-05
3182	-0.0057216782269217	0.040423559554728	9.999000099990002e-05
3183	-0.0028172199497492	0.040423559554728	9.999000099990002e-05
3184	-0.0027176941402884	0.040423559554728	9.999000099990002e-05
3185	-0.0053589558883712	0.040423559554728	9.999000099990002e-05
3186	-0.0070025557841641	0.040423559554728	9.999000099990002e-05
3187	-0.0044642696193686	0.040423559554728	9.999000099990002e-05
3188	-0.0011218731580137	0.040423559554728	9.999000099990002e-05
3189	-0.0064449435963176	0.040423559554728	9.999000099990002e-05
3190	-0.0012970953376537	0.040423559554728	9.999000099990002e-05
3191	-0.0036150384717969	0.040423559554728	9.999000099990002e-05
3192	4.7473882383573805e-05	0.040423559554728	9.999000099990002e-05
3193	-0.0046502887700772	0.040423559554728	9.999000099990002e-05
3194	-0.0045484716779959	0.040423559554728	9.999000099990002e-05
3195	-0.0033947983942021	0.040423559554728	9.999000099990002e-05
3196	-0.004684832406323	0.040423559554728	9.999000099990002e-05
3197	-0.0004761319987677	0.040423559554728	9.999000099990002e-05
3198	-0.0040948710097232	0.040423559554728	9.999000099990002e-05
3199	-0.0014558694005763	0.040423559554728	9.999000099990002e-05
3200	-0.006937861021568	0.040423559554728	9.999000099990002e-05
3201	-0.004766617915082	0.040423559554728	9.999000099990002e-05
3202	-0.0045649166976577	0.040423559554728	9.999000099990002e-05
3203	-0.0049834223960558	0.040423559554728	9.999000099990002e-05
3204	-0.0016000325356284	0.040423559554728	9.999000099990002e-05
3205	-0.0049264713884895	0.040423559554728	9.999000099990002e-05
3206	-0.0046606607135289	0.040423559554728	9.999000099990002e-05
3207	-0.0012263785906489	0.040423559554728	9.999000099990002e-05
3208	-0.0005453782213928	0.040423559554728	9.999000099990002e-05
3209	-0.0037089205031389	0.040423559554728	9.999000099990002e-05
3210	-0.0047745408184348	0.040423559554728	9.999000099990002e-05
3211	-0.002420759613406	0.040423559554728	9.999000099990002e-05
3212	-0.0056107541174354	0.040423559554728	9.999000099990002e-05
3213	-0.0003372641172649	0.040423559554728	9.999000099990002e-05
3214	0.0009329107078903	0.040423559554728	9.999000099990002e-05
3215	-0.0006460366876134	0.040423559554728	9.999000099990002e-05
3216	-0.0060012023568646	0.040423559554728	9.999000099990002e-05
3217	-0.0019433198876662	0.040423559554728	9.999000099990002e-05
3218	-0.0062375212897994	0.040423559554728	9.999000099990002e-05
3219	-0.0038323042024741	0.040423559554728	9.999000099990002e-05
3220	-0.0020447990544184	0.040423559554728	9.999000099990002e-05
3221	-0.0024396412272346	0.040423559554728	9.999000099990002e-05
3222	-0.0003105007274447	0.040423559554728	9.999000099990002e-05
3223	-0.0028696036657532	0.040423559554728	9.999000099990002e-05
3224	-0.0001538403954384	0.040423559554728	9.999000099990002e-05
3225	-0.0011101261795279	0.040423559554728	9.999000099990002e-05
3226	-0.000709748452416	0.040423559554728	9.999000099990002e-05
3227	-0.0016953962676816	0.040423559554728	9.999000099990002e-05
3228	-0.0012633759606681	0.040423559554728	9.999000099990002e-05
3229	-0.0039247015707036	0.040423559554728	9.999000099990002e-05
3230	-0.0003292952005127	0.040423559554728	9.999000099990002e-05
3231	-0.0031339695161257	0.040423559554728	9.999000099990002e-05
3232	-0.0058594608116099	0.040423559554728	9.999000099990002e-05
3233	-0.0073775627000603	0.040423559554728	9.999000099990002e-05
3234	-0.0022878955571779	0.040423559554728	9.999000099990002e-05
3235	-0.0026502651199209	0.040423559554728	9.999000099990002e-05
3236	-0.002607754548269	0.040423559554728	9.999000099990002e-05
3237	-0.0059639868463984	0.040423559554728	9.999000099990002e-05
3238	-0.0058313669958998	0.040423559554728	9.999000099990002e-05
3239	1.4293066076333238e-05	0.040423559554728	9.999000099990002e-05
3240	-0.0049492437122402	0.040423559554728	9.999000099990002e-05
3241	-0.0061868674236924	0.040423559554728	9.999000099990002e-05
3242	-0.0070097208706821	0.040423559554728	9.999000099990002e-05
3243	-0.00239396429121	0.040423559554728	9.999000099990002e-05
3244	-0.0022034591226065	0.040423559554728	9.999000099990002e-05
3245	-0.0023250469912923	0.040423559554728	9.999000099990002e-05
3246	-0.0034033823362074	0.040423559554728	9.999000099990002e-05
3247	-0.0048506515977541	0.040423559554728	9.999000099990002e-05
3248	-0.0047465403953059	0.040423559554728	9.999000099990002e-05
3249	-0.0024806203336835	0.040423559554728	9.999000099990002e-05
3250	-0.0016029138939287	0.040423559554728	9.999000099990002e-05
3251	-0.0015109346666952	0.040423559554728	9.999000099990002e-05
3252	-0.0012084732034113	0.040423559554728	9.999000099990002e-05
3253	-0.001100864597882	0.040423559554728	9.999000099990002e-05
3254	-0.0021884676608453	0.040423559554728	9.999000099990002e-05
3255	-0.0045703012272048	0.040423559554728	9.999000099990002e-05
3256	-0.0049475370036975	0.040423559554728	9.999000099990002e-05
3257	-0.0013317490636507	0.040423559554728	9.999000099990002e-05
3258	-0.0014597666316282	0.040423559554728	9.999000099990002e-05
3259	-0.0003079594104743	0.040423559554728	9.999000099990002e-05
3260	-0.0002004743793922	0.040423559554728	9.999000099990002e-05
3261	-0.0009272553302398	0.040423559554728	9.999000099990002e-05
3262	-0.001011315001249	0.040423559554728	9.999000099990002e-05
3263	-0.0029156373210413	0.040423559554728	9.999000099990002e-05
3264	-0.0035484483303315	0.040423559554728	9.999000099990002e-05
3265	-0.0046612587530663	0.040423559554728	9.999000099990002e-05
3266	-0.0070899822048227	0.040423559554728	9.999000099990002e-05
3267	-0.0034094002425055	0.040423559554728	9.999000099990002e-05
3268	-0.0042123398519997	0.040423559554728	9.999000099990002e-05
3269	-0.0039037610496161	0.040423559554728	9.999000099990002e-05
3270	0.0010070447769638	0.040423559554728	9.999000099990002e-05
3271	-0.0048219267136575	0.040423559554728	9.999000099990002e-05
3272	-0.0032044845505445	0.040423559554728	9.999000099990002e-05
3273	-0.0024477737300857	0.040423559554728	9.999000099990002e-05
3274	-0.0077434648684432	0.040423559554728	9.999000099990002e-05
3275	0.0009154781121787	0.040423559554728	9.999000099990002e-05
3276	-0.0034712026243607	0.040423559554728	9.999000099990002e-05
3277	-0.0036744029706485	0.040423559554728	9.999000099990002e-05
3278	-0.001026596874503	0.040423559554728	9.999000099990002e-05
3279	-0.0032878619459477	0.040423559554728	9.999000099990002e-05
3280	-0.0012198834492231	0.040423559554728	9.999000099990002e-05
3281	-0.0092212034836254	0.040423559554728	9.999000099990002e-05
3282	-0.005167145551233	0.040423559554728	9.999000099990002e-05
3283	-0.0062852873726582	0.040423559554728	9.999000099990002e-05
3284	0.0004239835243445	0.040423559554728	9.999000099990002e-05
3285	-0.0031920562582712	0.040423559554728	9.999000099990002e-05
3286	-0.004029003905734	0.040423559554728	9.999000099990002e-05
3287	-0.0068039214790745	0.040423559554728	9.999000099990002e-05
3288	-0.0023901434285509	0.040423559554728	9.999000099990002e-05
3289	0.0007100270143042	0.040423559554728	9.999000099990002e-05
3290	-0.0020710902490402	0.040423559554728	9.999000099990002e-05
3291	-0.0073501984237197	0.040423559554728	9.999000099990002e-05
3292	-0.0009633123687363	0.040423559554728	9.999000099990002e-05
3293	-0.0034521346870428	0.040423559554728	9.999000099990002e-05
3294	-0.0028164237178815	0.040423559554728	9.999000099990002e-05
3295	-0.0097209044227389	0.040423559554728	9.999000099990002e-05
3296	-0.0020035099730876	0.040423559554728	9.999000099990002e-05
3297	-0.0040741442239537	0.040423559554728	9.999000099990002e-05
3298	-0.0027119076475333	0.040423559554728	9.999000099990002e-05
3299	-0.0049622251078883	0.040423559554728	9.999000099990002e-05
3300	-0.0018750799003708	0.040423559554728	9.999000099990002e-05
3301	-0.0044690332950423	0.040423559554728	9.999000099990002e-05
3302	-0.0006410328843208	0.040423559554728	9.999000099990002e-05
3303	-0.0060432608737983	0.040423559554728	9.999000099990002e-05
3304	-0.0044672756101165	0.040423559554728	9.999000099990002e-05
3305	-0.002564602501354	0.040423559554728	9.999000099990002e-05
3306	-0.0053013702536898	0.040423559554728	9.999000099990002e-05
3307	-0.0028932364708507	0.040423559554728	9.999000099990002e-05
3308	-0.0027714608744205	0.040423559554728	9.999000099990002e-05
3309	-0.0046933340743696	0.040423559554728	9.999000099990002e-05
3310	-0.005494394559728	0.040423559554728	9.999000099990002e-05
3311	-0.0014925330772681	0.040423559554728	9.999000099990002e-05
3312	-0.0027351729994722	0.040423559554728	9.999000099990002e-05
3313	-0.0066536812474109	0.040423559554728	9.999000099990002e-05
3314	0.0010818859750346	0.040423559554728	9.999000099990002e-05
3315	-0.0028960143567115	0.040423559554728	9.999000099990002e-05
3316	-0.0048632677716628	0.040423559554728	9.999000099990002e-05
3317	-0.0047227845351432	0.040423559554728	9.999000099990002e-05
3318	-0.000223268901915	0.040423559554728	9.999000099990002e-05
3319	-0.0017564691486401	0.040423559554728	9.999000099990002e-05
3320	-0.0037774576538933	0.040423559554728	9.999000099990002e-05
3321	-0.0060634313437191	0.040423559554728	9.999000099990002e-05
3322	-0.0041681455015594	0.040423559554728	9.999000099990002e-05
3323	0.0006670512110201	0.040423559554728	9.999000099990002e-05
3324	-0.0038986400391151	0.040423559554728	9.999000099990002e-05
3325	-0.003227226115338	0.040423559554728	9.999000099990002e-05
3326	-0.0055238818966248	0.040423559554728	9.999000099990002e-05
3327	-0.0040752946551203	0.040423559554728	9.999000099990002e-05
3328	-0.0008538070955009	0.040423559554728	9.999000099990002e-05
3329	-0.0083415282397733	0.040423559554728	9.999000099990002e-05
3330	-0.0045821656052627	0.040423559554728	9.999000099990002e-05
3331	0.0003300419756706	0.040423559554728	9.999000099990002e-05
3332	-0.0015354198738636	0.040423559554728	9.999000099990002e-05
3333	-0.0039006008985911	0.040423559554728	9.999000099990002e-05
3334	-0.0059780649267926	0.040423559554728	9.999000099990002e-05
3335	0.00122700046405	0.040423559554728	9.999000099990002e-05
3336	-0.0046555039810869	0.040423559554728	9.999000099990002e-05
3337	-0.0044254871141223	0.040423559554728	9.999000099990002e-05
3338	-0.0038865938004058	0.040423559554728	9.999000099990002e-05
3339	-0.0019751495028029	0.040423559554728	9.999000099990002e-05
3340	-0.0060745411558889	0.040423559554728	9.999000099990002e-05
3341	-0.002097146971536	0.040423559554728	9.999000099990002e-05
3342	-0.0007924502664704	0.040423559554728	9.999000099990002e-05
3343	-0.0038160065911232	0.040423559554728	9.999000099990002e-05
3344	-0.005462573639431	0.040423559554728	9.999000099990002e-05
3345	-0.0046701248349248	0.040423559554728	9.999000099990002e-05
3346	-0.004044912942391	0.040423559554728	9.999000099990002e-05
3347	-0.0008145531260381	0.040423559554728	9.999000099990002e-05
3348	-0.0081346413199323	0.040423559554728	9.999000099990002e-05
3349	7.427162836237955e-05	0.040423559554728	9.999000099990002e-05
3350	-0.0011759581579037	0.040423559554728	9.999000099990002e-05
3351	-0.0022563258638859	0.040423559554728	9.999000099990002e-05
3352	-0.0032981311671784	0.040423559554728	9.999000099990002e-05
3353	-0.0025143331895393	0.040423559554728	9.999000099990002e-05
3354	-0.0061867053187942	0.040423559554728	9.999000099990002e-05
3355	-0.0076238194307901	0.040423559554728	9.999000099990002e-05
3356	-0.0037839776102376	0.040423559554728	9.999000099990002e-05
3357	-0.0056635521271612	0.040423559554728	9.999000099990002e-05
3358	-0.0020898084114245	0.040423559554728	9.999000099990002e-05
3359	-0.0048587433194987	0.040423559554728	9.999000099990002e-05
3360	-0.0037950782274221	0.040423559554728	9.999000099990002e-05
3361	-0.0031524208892809	0.040423559554728	9.999000099990002e-05
3362	-0.0058807545317051	0.040423559554728	9.999000099990002e-05
3363	-0.002145843767732	0.040423559554728	9.999000099990002e-05
3364	-0.0044355582007318	0.040423559554728	9.999000099990002e-05
3365	-0.0027770099134123	0.040423559554728	9.999000099990002e-05
3366	-0.0041970748490431	0.040423559554728	9.999000099990002e-05
3367	-0.0016460290262478	0.040423559554728	9.999000099990002e-05
3368	-0.0046173908053689	0.040423559554728	9.999000099990002e-05
3369	-0.0041421776510975	0.040423559554728	9.999000099990002e-05
3370	-0.0024980739355122	0.040423559554728	9.999000099990002e-05
3371	-0.0025775555810641	0.040423559554728	9.999000099990002e-05
3372	-0.0085877963007257	0.040423559554728	9.999000099990002e-05
3373	-0.0049367894893388	0.040423559554728	9.999000099990002e-05
3374	-0.0063073623587244	0.040423559554728	9.999000099990002e-05
3375	-0.0051739203125473	0.040423559554728	9.999000099990002e-05
3376	-0.0074866576422662	0.040423559554728	9.999000099990002e-05
3377	-0.0062945070959608	0.040423559554728	9.999000099990002e-05
3378	-0.0040455052494899	0.040423559554728	9.999000099990002e-05
3379	-0.0025516744481626	0.040423559554728	9.999000099990002e-05
3380	-0.0006557693487482	0.040423559554728	9.999000099990002e-05
3381	-0.007936817173843	0.040423559554728	9.999000099990002e-05
3382	-0.0040105172146016	0.040423559554728	9.999000099990002e-05
3383	-0.002426710884915	0.040423559554728	9.999000099990002e-05
3384	-0.0039445618926151	0.040423559554728	9.999000099990002e-05
3385	-0.0004133311915493	0.040423559554728	9.999000099990002e-05
3386	-0.005117337142867	0.040423559554728	9.999000099990002e-05
3387	-0.0107861650756066	0.040423559554728	9.999000099990002e-05
3388	-0.0021417273382328	0.040423559554728	9.999000099990002e-05
3389	-0.0038776594871395	0.040423559554728	9.999000099990002e-05
3390	0.000155870813632	0.040423559554728	9.999000099990002e-05
3391	-0.0050730782351657	0.040423559554728	9.999000099990002e-05
3392	-0.0076990219456171	0.040423559554728	9.999000099990002e-05
3393	-0.0094226988141711	0.040423559554728	9.999000099990002e-05
3394	-0.0028254630232607	0.040423559554728	9.999000099990002e-05
3395	-0.0009773982975699	0.040423559554728	9.999000099990002e-05
3396	-0.0018497561605549	0.040423559554728	9.999000099990002e-05
3397	-0.0036526061809794	0.040423559554728	9.999000099990002e-05
3398	-0.0056534167718362	0.040423559554728	9.999000099990002e-05
3399	-0.0071422356521224	0.040423559554728	9.999000099990002e-05
3400	-0.0073206594948759	0.040423559554728	9.999000099990002e-05
3401	-0.0029753647717406	0.040423559554728	9.999000099990002e-05
3402	-0.0095072690954117	0.040423559554728	9.999000099990002e-05
3403	-0.0023199079947844	0.040423559554728	9.999000099990002e-05
3404	-0.0070154320530449	0.040423559554728	9.999000099990002e-05
3405	-0.0053057585123474	0.040423559554728	9.999000099990002e-05
3406	-0.0031107019135314	0.040423559554728	9.999000099990002e-05
3407	-0.0017151105085918	0.040423559554728	9.999000099990002e-05
3408	-0.0046603546821029	0.040423559554728	9.999000099990002e-05
3409	-0.0066188691291352	0.040423559554728	9.999000099990002e-05
3410	-0.0053751551249209	0.040423559554728	9.999000099990002e-05
3411	-0.0033307838104476	0.040423559554728	9.999000099990002e-05
3412	-0.0084739873703923	0.040423559554728	9.999000099990002e-05
3413	-0.0033460683767934	0.040423559554728	9.999000099990002e-05
3414	-0.0022442416141076	0.040423559554728	9.999000099990002e-05
3415	-0.0062539930864896	0.040423559554728	9.999000099990002e-05
3416	-0.0012785867747676	0.040423559554728	9.999000099990002e-05
3417	0.0001870646474714	0.040423559554728	9.999000099990002e-05
3418	-0.0022413624487535	0.040423559554728	9.999000099990002e-05
3419	-0.0034892050398535	0.040423559554728	9.999000099990002e-05
3420	-0.0015668900958812	0.040423559554728	9.999000099990002e-05
3421	-0.0045192497068368	0.040423559554728	9.999000099990002e-05
3422	-0.0013047655905101	0.040423559554728	9.999000099990002e-05
3423	-0.0037789103846298	0.040423559554728	9.999000099990002e-05
3424	-0.0016337014556129	0.040423559554728	9.999000099990002e-05
3425	-0.0040862954355394	0.040423559554728	9.999000099990002e-05
3426	-0.0069058918850325	0.040423559554728	9.999000099990002e-05
3427	-0.0083717891673292	0.040423559554728	9.999000099990002e-05
3428	-0.0043034569050858	0.040423559554728	9.999000099990002e-05
3429	-0.0070165848118123	0.040423559554728	9.999000099990002e-05
3430	0.0020561750017808	0.040423559554728	9.999000099990002e-05
3431	0.0014194626640917	0.040423559554728	9.999000099990002e-05
3432	-0.0067978373419512	0.040423559554728	9.999000099990002e-05
3433	-0.0029655978891018	0.040423559554728	9.999000099990002e-05
3434	-0.0013370324291228	0.040423559554728	9.999000099990002e-05
3435	-0.0044692884270306	0.040423559554728	9.999000099990002e-05
3436	-0.0054160945467364	0.040423559554728	9.999000099990002e-05
3437	-0.0078600885607605	0.040423559554728	9.999000099990002e-05
3438	-0.0008380422739171	0.040423559554728	9.999000099990002e-05
3439	0.0005962481888914	0.040423559554728	9.999000099990002e-05
3440	-0.0033599572290063	0.040423559554728	9.999000099990002e-05
3441	0.0025937979455575	0.040423559554728	9.999000099990002e-05
3442	-0.0036868670233354	0.040423559554728	9.999000099990002e-05
3443	-0.0031712202868599	0.040423559554728	9.999000099990002e-05
3444	-0.0056405092823254	0.040423559554728	9.999000099990002e-05
3445	0.0002955340613657	0.040423559554728	9.999000099990002e-05
3446	-0.0038820093115279	0.040423559554728	9.999000099990002e-05
3447	-0.0001853214090602	0.040423559554728	9.999000099990002e-05
3448	-0.0008926469251328	0.040423559554728	9.999000099990002e-05
3449	-0.0043341860459113	0.040423559554728	9.999000099990002e-05
3450	-0.0010474172067446	0.040423559554728	9.999000099990002e-05
3451	-0.0016415546463573	0.040423559554728	9.999000099990002e-05
3452	-0.0037478865618372	0.040423559554728	9.999000099990002e-05
3453	-0.0039927328049012	0.040423559554728	9.999000099990002e-05
3454	-0.0014655253278273	0.040423559554728	9.999000099990002e-05
3455	-0.0009307112019958	0.040423559554728	9.999000099990002e-05
3456	-0.0012772513474213	0.040423559554728	9.999000099990002e-05
3457	-0.0025042269965528	0.040423559554728	9.999000099990002e-05
3458	-0.0003138508183968	0.040423559554728	9.999000099990002e-05
3459	-0.0055429475640509	0.040423559554728	9.999000099990002e-05
3460	-0.0025691909144517	0.040423559554728	9.999000099990002e-05
3461	-0.0073585438924339	0.040423559554728	9.999000099990002e-05
3462	-0.0016875576965792	0.040423559554728	9.999000099990002e-05
3463	-0.006599708876473	0.040423559554728	9.999000099990002e-05
3464	-0.0001652486983768	0.040423559554728	9.999000099990002e-05
3465	-0.0051235735743394	0.040423559554728	9.999000099990002e-05
3466	-0.0034800840376068	0.040423559554728	9.999000099990002e-05
3467	-0.0007618138257166	0.040423559554728	9.999000099990002e-05
3468	0.0010440986826774	0.040423559554728	9.999000099990002e-05
3469	0.0005135589554237	0.040423559554728	9.999000099990002e-05
3470	-0.0103020747977998	0.040423559554728	9.999000099990002e-05
3471	-0.007308129903873	0.040423559554728	9.999000099990002e-05
3472	-0.0049294068009923	0.040423559554728	9.999000099990002e-05
3473	-0.0007143202260527	0.040423559554728	9.999000099990002e-05
3474	-0.0012978532891432	0.040423559554728	9.999000099990002e-05
3475	0.0027912270150596	0.040423559554728	9.999000099990002e-05
3476	-0.001686229848363	0.040423559554728	9.999000099990002e-05
3477	0.0006652764057242	0.040423559554728	9.999000099990002e-05
3478	-0.0015069535650658	0.040423559554728	9.999000099990002e-05
3479	-0.0020204227058734	0.040423559554728	9.999000099990002e-05
3480	-0.001586108711693	0.040423559554728	9.999000099990002e-05
3481	-0.0015456595672648	0.040423559554728	9.999000099990002e-05
3482	-0.0038832832209598	0.040423559554728	9.999000099990002e-05
3483	0.0030077903488867	0.040423559554728	9.999000099990002e-05
3484	-0.003759215553218	0.040423559554728	9.999000099990002e-05
3485	-0.00336830858405	0.040423559554728	9.999000099990002e-05
3486	-0.0012175033138051	0.040423559554728	9.999000099990002e-05
3487	-0.0031763252157548	0.040423559554728	9.999000099990002e-05
3488	-0.0064028639963213	0.040423559554728	9.999000099990002e-05
3489	-0.0037601935880278	0.040423559554728	9.999000099990002e-05
3490	-0.0032860076559669	0.040423559554728	9.999000099990002e-05
3491	-0.0051700612079827	0.040423559554728	9.999000099990002e-05
3492	-0.0012043887447606	0.040423559554728	9.999000099990002e-05
3493	-0.0057393774002623	0.040423559554728	9.999000099990002e-05
3494	-0.0037936925931475	0.040423559554728	9.999000099990002e-05
3495	-0.0045130854309919	0.040423559554728	9.999000099990002e-05
3496	-0.0008168823620185	0.040423559554728	9.999000099990002e-05
3497	-0.0026100244785177	0.040423559554728	9.999000099990002e-05
3498	-0.0002782285218844	0.040423559554728	9.999000099990002e-05
3499	-0.0085572189733399	0.040423559554728	9.999000099990002e-05
3500	-0.00711252900136	0.040423559554728	9.999000099990002e-05
3501	-0.0043470525042429	0.040423559554728	9.999000099990002e-05
3502	-0.0020675237873873	0.040423559554728	9.999000099990002e-05
3503	-0.0022210777532619	0.040423559554728	9.999000099990002e-05
3504	-0.0009217995299382	0.040423559554728	9.999000099990002e-05
3505	-0.0056164148620334	0.040423559554728	9.999000099990002e-05
3506	-0.0039298734229332	0.040423559554728	9.999000099990002e-05
3507	-0.0020189226729006	0.040423559554728	9.999000099990002e-05
3508	-0.0053868551474252	0.040423559554728	9.999000099990002e-05
3509	-0.0112599562580986	0.040423559554728	9.999000099990002e-05
3510	-0.0063240812465998	0.040423559554728	9.999000099990002e-05
3511	-0.0001683739738612	0.040423559554728	9.999000099990002e-05
3512	-0.0014798829511646	0.040423559554728	9.999000099990002e-05
3513	-0.0049815676251657	0.040423559554728	9.999000099990002e-05
3514	-0.0041572864354853	0.040423559554728	9.999000099990002e-05
3515	-0.0024471723434196	0.040423559554728	9.999000099990002e-05
3516	-0.001381605505235	0.040423559554728	9.999000099990002e-05
3517	-0.001071822871519	0.040423559554728	9.999000099990002e-05
3518	-0.002741203332466	0.040423559554728	9.999000099990002e-05
3519	-0.0039114529241534	0.040423559554728	9.999000099990002e-05
3520	-0.0035306840803478	0.040423559554728	9.999000099990002e-05
3521	-0.003038232213748	0.040423559554728	9.999000099990002e-05
3522	-0.0011899404219341	0.040423559554728	9.999000099990002e-05
3523	-0.0041236509867863	0.040423559554728	9.999000099990002e-05
3524	-0.0013892550982289	0.040423559554728	9.999000099990002e-05
3525	-0.002860292338852	0.040423559554728	9.999000099990002e-05
3526	-0.0033766553993102	0.040423559554728	9.999000099990002e-05
3527	-0.0020436321376819	0.040423559554728	9.999000099990002e-05
3528	-0.0080596079120426	0.040423559554728	9.999000099990002e-05
3529	-0.0039681327373616	0.040423559554728	9.999000099990002e-05
3530	-0.0001614704635158	0.040423559554728	9.999000099990002e-05
3531	-0.0048318023010288	0.040423559554728	9.999000099990002e-05
3532	-0.0044684441234719	0.040423559554728	9.999000099990002e-05
3533	-0.0076995335946125	0.040423559554728	9.999000099990002e-05
3534	-0.0047567632568824	0.040423559554728	9.999000099990002e-05
3535	-0.0051482329476107	0.040423559554728	9.999000099990002e-05
3536	-0.0045167869319691	0.040423559554728	9.999000099990002e-05
3537	-0.0019693097060638	0.040423559554728	9.999000099990002e-05
3538	-0.0005251281321325	0.040423559554728	9.999000099990002e-05
3539	-0.0026520308264133	0.040423559554728	9.999000099990002e-05
3540	-0.0004266287177182	0.040423559554728	9.999000099990002e-05
3541	-0.0045581114082225	0.040423559554728	9.999000099990002e-05
3542	-0.0030498761622309	0.040423559554728	9.999000099990002e-05
3543	-0.0050986145561173	0.040423559554728	9.999000099990002e-05
3544	-0.0039335604773957	0.040423559554728	9.999000099990002e-05
3545	-0.0025109429715174	0.040423559554728	9.999000099990002e-05
3546	-0.0040488599956437	0.040423559554728	9.999000099990002e-05
3547	-0.0094519036072509	0.040423559554728	9.999000099990002e-05
3548	-0.0023928714922108	0.040423559554728	9.999000099990002e-05
3549	-0.0071748750415319	0.040423559554728	9.999000099990002e-05
3550	-0.0077677196238873	0.040423559554728	9.999000099990002e-05
3551	-0.0064840106459636	0.040423559554728	9.999000099990002e-05
3552	-0.0043308294530659	0.040423559554728	9.999000099990002e-05
3553	-0.0033723536273765	0.040423559554728	9.999000099990002e-05
3554	-0.001215506001406	0.040423559554728	9.999000099990002e-05
3555	-0.0006808401879949	0.040423559554728	9.999000099990002e-05
3556	-0.0036710421842742	0.040423559554728	9.999000099990002e-05
3557	-0.0003020819296843	0.040423559554728	9.999000099990002e-05
3558	-0.0043399181382094	0.040423559554728	9.999000099990002e-05
3559	-0.0066144720794561	0.040423559554728	9.999000099990002e-05
3560	-0.0024968438465333	0.040423559554728	9.999000099990002e-05
3561	-0.0042815444086452	0.040423559554728	9.999000099990002e-05
3562	-0.0009080863250287	0.040423559554728	9.999000099990002e-05
3563	-0.0012851352971229	0.040423559554728	9.999000099990002e-05
3564	-0.0009073814851596	0.040423559554728	9.999000099990002e-05
3565	-0.002986802583272	0.040423559554728	9.999000099990002e-05
3566	-0.003288388156876	0.040423559554728	9.999000099990002e-05
3567	-0.0017382784667845	0.040423559554728	9.999000099990002e-05
3568	-0.0028463292727199	0.040423559554728	9.999000099990002e-05
3569	0.002777940338204	0.040423559554728	9.999000099990002e-05
3570	-0.0042425239494898	0.040423559554728	9.999000099990002e-05
3571	-0.0058164254332849	0.040423559554728	9.999000099990002e-05
3572	-0.0017731884404793	0.040423559554728	9.999000099990002e-05
3573	-0.0010003068148271	0.040423559554728	9.999000099990002e-05
3574	0.0025503571799505	0.040423559554728	9.999000099990002e-05
3575	-0.0022815297995833	0.040423559554728	9.999000099990002e-05
3576	-0.0014555012741448	0.040423559554728	9.999000099990002e-05
3577	-0.0060286232073722	0.040423559554728	9.999000099990002e-05
3578	-0.0026700895660004	0.040423559554728	9.999000099990002e-05
3579	-0.0073247497629106	0.040423559554728	9.999000099990002e-05
3580	-0.002425942218767	0.040423559554728	9.999000099990002e-05
3581	-0.002189611147682	0.040423559554728	9.999000099990002e-05
3582	-0.001374389288443	0.040423559554728	9.999000099990002e-05
3583	-0.003511453537986	0.040423559554728	9.999000099990002e-05
3584	-0.0022811307410673	0.040423559554728	9.999000099990002e-05
3585	-0.0055748725338786	0.040423559554728	9.999000099990002e-05
3586	-0.0055584987080259	0.040423559554728	9.999000099990002e-05
3587	-0.0006691897953277	0.040423559554728	9.999000099990002e-05
3588	-0.003509581454362	0.040423559554728	9.999000099990002e-05
3589	-0.0055921438133831	0.040423559554728	9.999000099990002e-05
3590	-0.0001798483344975	0.040423559554728	9.999000099990002e-05
3591	-0.0005974757001965	0.040423559554728	9.999000099990002e-05
3592	-0.0021915259745223	0.040423559554728	9.999000099990002e-05
3593	-0.00409092030156	0.040423559554728	9.999000099990002e-05
3594	-0.002847355283039	0.040423559554728	9.999000099990002e-05
3595	-0.0062504992036644	0.040423559554728	9.999000099990002e-05
3596	-0.0003656971279046	0.040423559554728	9.999000099990002e-05
3597	-0.006851954120326	0.040423559554728	9.999000099990002e-05
3598	-0.0046968059315499	0.040423559554728	9.999000099990002e-05
3599	-0.0011250599321761	0.040423559554728	9.999000099990002e-05
3600	-0.0017698842475084	0.040423559554728	9.999000099990002e-05
3601	-0.0032077283028377	0.040423559554728	9.999000099990002e-05
3602	-0.0002258525196653	0.040423559554728	9.999000099990002e-05
3603	-0.0009428464281572	0.040423559554728	9.999000099990002e-05
3604	-0.0024318604806633	0.040423559554728	9.999000099990002e-05
3605	-0.0036263988954079	0.040423559554728	9.999000099990002e-05
3606	-0.0038087839686196	0.040423559554728	9.999000099990002e-05
3607	-0.0012891873232521	0.040423559554728	9.999000099990002e-05
3608	-0.0051696548396457	0.040423559554728	9.999000099990002e-05
3609	-0.000692071920284	0.040423559554728	9.999000099990002e-05
3610	-0.0038885138787754	0.040423559554728	9.999000099990002e-05
3611	0.0001510581429214	0.040423559554728	9.999000099990002e-05
3612	-0.0022844293554906	0.040423559554728	9.999000099990002e-05
3613	-0.0006616747030397	0.040423559554728	9.999000099990002e-05
3614	0.0004892102880165	0.040423559554728	9.999000099990002e-05
3615	-0.0068602072544595	0.040423559554728	9.999000099990002e-05
3616	-0.0027747016643126	0.040423559554728	9.999000099990002e-05
3617	-0.0036713032987739	0.040423559554728	9.999000099990002e-05
3618	-0.0028089489834999	0.040423559554728	9.999000099990002e-05
3619	-0.0008592508153615	0.040423559554728	9.999000099990002e-05
3620	-0.003764113441052	0.040423559554728	9.999000099990002e-05
3621	-0.0017268741265386	0.040423559554728	9.999000099990002e-05
3622	-0.0014448392654551	0.040423559554728	9.999000099990002e-05
3623	-0.0032101952904707	0.040423559554728	9.999000099990002e-05
3624	-0.002821747806751	0.040423559554728	9.999000099990002e-05
3625	-0.0048578431150458	0.040423559554728	9.999000099990002e-05
3626	0.0003623565397198	0.040423559554728	9.999000099990002e-05
3627	-0.0054335979707659	0.040423559554728	9.999000099990002e-05
3628	0.0004889221848883	0.040423559554728	9.999000099990002e-05
3629	-0.005117608798898	0.040423559554728	9.999000099990002e-05
3630	-0.0057002386758981	0.040423559554728	9.999000099990002e-05
3631	-0.0059153425462588	0.040423559554728	9.999000099990002e-05
3632	-0.0056634697377843	0.040423559554728	9.999000099990002e-05
3633	-0.0028186585994623	0.040423559554728	9.999000099990002e-05
3634	-0.0035923294549431	0.040423559554728	9.999000099990002e-05
3635	-0.002328426360001	0.040423559554728	9.999000099990002e-05
3636	-0.0029507644348918	0.040423559554728	9.999000099990002e-05
3637	-0.0026698096190935	0.040423559554728	9.999000099990002e-05
3638	-0.0050461484507365	0.040423559554728	9.999000099990002e-05
3639	-0.0061426616468478	0.040423559554728	9.999000099990002e-05
3640	-0.0055746346761514	0.040423559554728	9.999000099990002e-05
3641	-0.0035620224947515	0.040423559554728	9.999000099990002e-05
3642	-0.0040464966535776	0.040423559554728	9.999000099990002e-05
3643	-0.0057002640871442	0.040423559554728	9.999000099990002e-05
3644	-0.0031213274308253	0.040423559554728	9.999000099990002e-05
3645	-0.0026162510994409	0.040423559554728	9.999000099990002e-05
3646	-0.006883778560879	0.040423559554728	9.999000099990002e-05
3647	-0.0049252476475131	0.040423559554728	9.999000099990002e-05
3648	-0.005161038984501	0.040423559554728	9.999000099990002e-05
3649	-0.0021061891623708	0.040423559554728	9.999000099990002e-05
3650	-0.0059420710797748	0.040423559554728	9.999000099990002e-05
3651	-0.0022486514175006	0.040423559554728	9.999000099990002e-05
3652	-0.0036676040869249	0.040423559554728	9.999000099990002e-05
3653	-0.0031375891663443	0.040423559554728	9.999000099990002e-05
3654	-0.0001378894234926	0.040423559554728	9.999000099990002e-05
3655	-0.0043064392928065	0.040423559554728	9.999000099990002e-05
3656	-0.0072993540790672	0.040423559554728	9.999000099990002e-05
3657	-0.0012020977314494	0.040423559554728	9.999000099990002e-05
3658	-0.0046090357184692	0.040423559554728	9.999000099990002e-05
3659	-0.0079967582829147	0.040423559554728	9.999000099990002e-05
3660	-0.0054140749009106	0.040423559554728	9.999000099990002e-05
3661	-0.0041954669192654	0.040423559554728	9.999000099990002e-05
3662	-0.000566708913793	0.040423559554728	9.999000099990002e-05
3663	-0.0083857156458837	0.040423559554728	9.999000099990002e-05
3664	-0.0043965244107713	0.040423559554728	9.999000099990002e-05
3665	-0.0063481624707413	0.040423559554728	9.999000099990002e-05
3666	-0.002157627930123	0.040423559554728	9.999000099990002e-05
3667	-0.0025937836721703	0.040423559554728	9.999000099990002e-05
3668	0.0037162269769836	0.040423559554728	9.999000099990002e-05
3669	-0.0028182383617018	0.040423559554728	9.999000099990002e-05
3670	-0.00357751138983	0.040423559554728	9.999000099990002e-05
3671	-0.0021987404792773	0.040423559554728	9.999000099990002e-05
3672	-0.0081779191727135	0.040423559554728	9.999000099990002e-05
3673	0.0005556042569706	0.040423559554728	9.999000099990002e-05
3674	-0.0015633481028923	0.040423559554728	9.999000099990002e-05
3675	-0.0029677080805258	0.040423559554728	9.999000099990002e-05
3676	-0.000781323834076	0.040423559554728	9.999000099990002e-05
3677	0.0004623044528691	0.040423559554728	9.999000099990002e-05
3678	-0.0051528370575871	0.040423559554728	9.999000099990002e-05
3679	-0.0063440978447891	0.040423559554728	9.999000099990002e-05
3680	0.0001917667667579	0.040423559554728	9.999000099990002e-05
3681	0.0019040131720742	0.040423559554728	9.999000099990002e-05
3682	-0.002771288747373	0.040423559554728	9.999000099990002e-05
3683	-0.0028500528762873	0.040423559554728	9.999000099990002e-05
3684	-0.0026105370123861	0.040423559554728	9.999000099990002e-05
3685	-0.002355548662031	0.040423559554728	9.999000099990002e-05
3686	-0.0010314301281305	0.040423559554728	9.999000099990002e-05
3687	0.0007501967119712	0.040423559554728	9.999000099990002e-05
3688	-0.00307625340114	0.040423559554728	9.999000099990002e-05
3689	-0.0064059141922497	0.040423559554728	9.999000099990002e-05
3690	-0.0036549609436241	0.040423559554728	9.999000099990002e-05
3691	-0.0034465100491131	0.040423559554728	9.999000099990002e-05
3692	-0.0072761125609919	0.040423559554728	9.999000099990002e-05
3693	-0.0031485999689127	0.040423559554728	9.999000099990002e-05
3694	-0.0063845198466979	0.040423559554728	9.999000099990002e-05
3695	-0.0054431729128951	0.040423559554728	9.999000099990002e-05
3696	-0.0005940622254021	0.040423559554728	9.999000099990002e-05
3697	-0.005475491612764	0.040423559554728	9.999000099990002e-05
3698	-0.0022227960420999	0.040423559554728	9.999000099990002e-05
3699	-0.0069892333853676	0.040423559554728	9.999000099990002e-05
3700	-0.0091199433999023	0.040423559554728	9.999000099990002e-05
3701	-0.0048909170156031	0.040423559554728	9.999000099990002e-05
3702	-0.0036281844538352	0.040423559554728	9.999000099990002e-05
3703	-0.0013069565362195	0.040423559554728	9.999000099990002e-05
3704	-0.0044693053358007	0.040423559554728	9.999000099990002e-05
3705	-0.0018575107264252	0.040423559554728	9.999000099990002e-05
3706	-0.0042493421465299	0.040423559554728	9.999000099990002e-05
3707	-0.0057784441036536	0.040423559554728	9.999000099990002e-05
3708	-0.0009173943817469	0.040423559554728	9.999000099990002e-05
3709	-0.0082623852120598	0.040423559554728	9.999000099990002e-05
3710	-0.0073322148213977	0.040423559554728	9.999000099990002e-05
3711	-0.002373887867907	0.040423559554728	9.999000099990002e-05
3712	-0.0045055502174599	0.040423559554728	9.999000099990002e-05
3713	-0.0057692264578791	0.040423559554728	9.999000099990002e-05
3714	0.0002154758440663	0.040423559554728	9.999000099990002e-05
3715	-0.0014132892317342	0.040423559554728	9.999000099990002e-05
3716	1.3587225915880074e-05	0.040423559554728	9.999000099990002e-05
3717	-0.008995451243162	0.040423559554728	9.999000099990002e-05
3718	-0.0044894601280791	0.040423559554728	9.999000099990002e-05
3719	-0.0021348025332248	0.040423559554728	9.999000099990002e-05
3720	-0.0003350242149914	0.040423559554728	9.999000099990002e-05
3721	-0.0026894444715006	0.040423559554728	9.999000099990002e-05
3722	-0.0049926110141465	0.040423559554728	9.999000099990002e-05
3723	-0.0056618354734147	0.040423559554728	9.999000099990002e-05
3724	-0.0048430363032096	0.040423559554728	9.999000099990002e-05
3725	-0.0007260419087108	0.040423559554728	9.999000099990002e-05
3726	-0.0057692074138718	0.040423559554728	9.999000099990002e-05
3727	-0.0028283426502876	0.040423559554728	9.999000099990002e-05
3728	-0.0039343214682318	0.040423559554728	9.999000099990002e-05
3729	-0.0095907668720246	0.040423559554728	9.999000099990002e-05
3730	-0.0060917369326373	0.040423559554728	9.999000099990002e-05
3731	-0.0046811307514549	0.040423559554728	9.999000099990002e-05
3732	-0.0049371822383251	0.040423559554728	9.999000099990002e-05
3733	0.0002287039076996	0.040423559554728	9.999000099990002e-05
3734	-0.0040354001145038	0.040423559554728	9.999000099990002e-05
3735	-0.003231647999172	0.040423559554728	9.999000099990002e-05
3736	-0.0060453107207266	0.040423559554728	9.999000099990002e-05
3737	-0.0048820480675254	0.040423559554728	9.999000099990002e-05
3738	0.0013489692321176	0.040423559554728	9.999000099990002e-05
3739	-0.0037672435448655	0.040423559554728	9.999000099990002e-05
3740	-0.003392013698666	0.040423559554728	9.999000099990002e-05
3741	-0.0046023487134792	0.040423559554728	9.999000099990002e-05
3742	-0.0018143805705004	0.040423559554728	9.999000099990002e-05
3743	-0.0031752872981221	0.040423559554728	9.999000099990002e-05
3744	0.0011001247862904	0.040423559554728	9.999000099990002e-05
3745	-0.0047358103668083	0.040423559554728	9.999000099990002e-05
3746	-0.0041192115209091	0.040423559554728	9.999000099990002e-05
3747	-0.0030885707380255	0.040423559554728	9.999000099990002e-05
3748	-0.0010972794384766	0.040423559554728	9.999000099990002e-05
3749	-0.0052407228427847	0.040423559554728	9.999000099990002e-05
3750	-0.0070610530497027	0.040423559554728	9.999000099990002e-05
3751	-0.0047886379620727	0.040423559554728	9.999000099990002e-05
3752	-0.0001663608491651	0.040423559554728	9.999000099990002e-05
3753	-0.0041606251577421	0.040423559554728	9.999000099990002e-05
3754	-0.0049924637212539	0.040423559554728	9.999000099990002e-05
3755	-0.0001905763047033	0.040423559554728	9.999000099990002e-05
3756	-0.0036547155452395	0.040423559554728	9.999000099990002e-05
3757	-0.0028108441315327	0.040423559554728	9.999000099990002e-05
3758	-0.0027547908469274	0.040423559554728	9.999000099990002e-05
3759	-0.0035920688982982	0.040423559554728	9.999000099990002e-05
3760	0.0003539493799639	0.040423559554728	9.999000099990002e-05
3761	-0.0027537682606824	0.040423559554728	9.999000099990002e-05
3762	0.0019586451774095	0.040423559554728	9.999000099990002e-05
3763	-0.0041175613672972	0.040423559554728	9.999000099990002e-05
3764	-0.0005215702114284	0.040423559554728	9.999000099990002e-05
3765	-0.0001382398332265	0.040423559554728	9.999000099990002e-05
3766	-0.0015615942460043	0.040423559554728	9.999000099990002e-05
3767	-0.0039421547685686	0.040423559554728	9.999000099990002e-05
3768	-0.0030028932112711	0.040423559554728	9.999000099990002e-05
3769	-0.0044008163144466	0.040423559554728	9.999000099990002e-05
3770	-0.0057823220021526	0.040423559554728	9.999000099990002e-05
3771	-0.0018534531986939	0.040423559554728	9.999000099990002e-05
3772	-0.0021791770322793	0.040423559554728	9.999000099990002e-05
3773	-0.0028499796049502	0.040423559554728	9.999000099990002e-05
3774	-0.0015425535666241	0.040423559554728	9.999000099990002e-05
3775	-0.0078281515297283	0.040423559554728	9.999000099990002e-05
3776	-0.0020364083609961	0.040423559554728	9.999000099990002e-05
3777	-0.002127547285836	0.040423559554728	9.999000099990002e-05
3778	-0.0038329612399613	0.040423559554728	9.999000099990002e-05
3779	-0.0020867687185546	0.040423559554728	9.999000099990002e-05
3780	-0.0042112370116149	0.040423559554728	9.999000099990002e-05
3781	-0.0013036027903569	0.040423559554728	9.999000099990002e-05
3782	-0.002819123080876	0.040423559554728	9.999000099990002e-05
3783	-0.0041817333622755	0.040423559554728	9.999000099990002e-05
3784	-0.0001584641457496	0.040423559554728	9.999000099990002e-05
3785	-0.0020617831926133	0.040423559554728	9.999000099990002e-05
3786	-0.0061984170754847	0.040423559554728	9.999000099990002e-05
3787	-0.00019012979006	0.040423559554728	9.999000099990002e-05
3788	-0.0065196999042833	0.040423559554728	9.999000099990002e-05
3789	-0.0038084290960477	0.040423559554728	9.999000099990002e-05
3790	-0.0002787485579376	0.040423559554728	9.999000099990002e-05
3791	-0.0073926958569301	0.040423559554728	9.999000099990002e-05
3792	-0.0079687709982271	0.040423559554728	9.999000099990002e-05
3793	-0.0081932362100536	0.040423559554728	9.999000099990002e-05
3794	-0.0060146753956823	0.040423559554728	9.999000099990002e-05
3795	-0.0036641640082294	0.040423559554728	9.999000099990002e-05
3796	-0.0082961310198191	0.040423559554728	9.999000099990002e-05
3797	0.0011681294358232	0.040423559554728	9.999000099990002e-05
3798	-0.0062088594240542	0.040423559554728	9.999000099990002e-05
3799	-0.0070604134788403	0.040423559554728	9.999000099990002e-05
3800	-0.0029410829040311	0.040423559554728	9.999000099990002e-05
3801	-0.0036534240152917	0.040423559554728	9.999000099990002e-05
3802	-0.0014412200192002	0.040423559554728	9.999000099990002e-05
3803	-0.004524851761267	0.040423559554728	9.999000099990002e-05
3804	-0.0046460923942201	0.040423559554728	9.999000099990002e-05
3805	-0.0069462431355689	0.040423559554728	9.999000099990002e-05
3806	-0.0067502126848918	0.040423559554728	9.999000099990002e-05
3807	-0.0049966921833777	0.040423559554728	9.999000099990002e-05
3808	-0.0053269189243917	0.040423559554728	9.999000099990002e-05
3809	-0.0062757443244322	0.040423559554728	9.999000099990002e-05
3810	-0.0062352914096752	0.040423559554728	9.999000099990002e-05
3811	-0.0046944153315461	0.040423559554728	9.999000099990002e-05
3812	-0.0074596639930853	0.040423559554728	9.999000099990002e-05
3813	-0.00523661566598	0.040423559554728	9.999000099990002e-05
3814	-0.0028697185453607	0.040423559554728	9.999000099990002e-05
3815	-0.000516162021145	0.040423559554728	9.999000099990002e-05
3816	-0.0003064325235275	0.040423559554728	9.999000099990002e-05
3817	-0.0031751433138853	0.040423559554728	9.999000099990002e-05
3818	-0.0061528679266725	0.040423559554728	9.999000099990002e-05
3819	-0.0030958265817418	0.040423559554728	9.999000099990002e-05
3820	-0.0043797253264652	0.040423559554728	9.999000099990002e-05
3821	-0.0018214617864409	0.040423559554728	9.999000099990002e-05
3822	-0.0068801632196074	0.040423559554728	9.999000099990002e-05
3823	-0.0017944675601689	0.040423559554728	9.999000099990002e-05
3824	-0.004048194898117	0.040423559554728	9.999000099990002e-05
3825	6.193919092609135e-07	0.040423559554728	9.999000099990002e-05
3826	-0.0027759387360941	0.040423559554728	9.999000099990002e-05
3827	-0.0027979720754172	0.040423559554728	9.999000099990002e-05
3828	-0.0060248090197339	0.040423559554728	9.999000099990002e-05
3829	-0.0047192591046697	0.040423559554728	9.999000099990002e-05
3830	-0.0015685447700404	0.040423559554728	9.999000099990002e-05
3831	-0.0050694117251474	0.040423559554728	9.999000099990002e-05
3832	-0.0072197947570492	0.040423559554728	9.999000099990002e-05
3833	-0.0053212035869728	0.040423559554728	9.999000099990002e-05
3834	-0.0013008295596979	0.040423559554728	9.999000099990002e-05
3835	-0.0064434672433175	0.040423559554728	9.999000099990002e-05
3836	-0.0033888761119042	0.040423559554728	9.999000099990002e-05
3837	-0.0031169196280148	0.040423559554728	9.999000099990002e-05
3838	-0.005936161666609	0.040423559554728	9.999000099990002e-05
3839	-0.0009158733234205	0.040423559554728	9.999000099990002e-05
3840	-0.0023388441244883	0.040423559554728	9.999000099990002e-05
3841	-0.0037619597754296	0.040423559554728	9.999000099990002e-05
3842	-0.0052822136174653	0.040423559554728	9.999000099990002e-05
3843	-0.0061563298578855	0.040423559554728	9.999000099990002e-05
3844	-0.0073058192694634	0.040423559554728	9.999000099990002e-05
3845	-0.0087377291928902	0.040423559554728	9.999000099990002e-05
3846	-0.00341342828088	0.040423559554728	9.999000099990002e-05
3847	-0.0058054004919839	0.040423559554728	9.999000099990002e-05
3848	0.0013032569781158	0.040423559554728	9.999000099990002e-05
3849	-0.00571493907213	0.040423559554728	9.999000099990002e-05
3850	-0.0051972109603142	0.040423559554728	9.999000099990002e-05
3851	0.0002485644027383	0.040423559554728	9.999000099990002e-05
3852	-0.0025809370273008	0.040423559554728	9.999000099990002e-05
3853	-0.004996541254811	0.040423559554728	9.999000099990002e-05
3854	-0.0070861195992386	0.040423559554728	9.999000099990002e-05
3855	-0.0041404526680024	0.040423559554728	9.999000099990002e-05
3856	-0.0038365160059006	0.040423559554728	9.999000099990002e-05
3857	-0.0037369762115981	0.040423559554728	9.999000099990002e-05
3858	-0.002070976889106	0.040423559554728	9.999000099990002e-05
3859	-0.0032822294403423	0.040423559554728	9.999000099990002e-05
3860	-0.0029173347768896	0.040423559554728	9.999000099990002e-05
3861	-0.0032981415548187	0.040423559554728	9.999000099990002e-05
3862	-0.0066612419876072	0.040423559554728	9.999000099990002e-05
3863	-0.0047669858106771	0.040423559554728	9.999000099990002e-05
3864	-0.0040380943798599	0.040423559554728	9.999000099990002e-05
3865	-0.0027153720410017	0.040423559554728	9.999000099990002e-05
3866	-0.0051225181131364	0.040423559554728	9.999000099990002e-05
3867	-0.0012548334153332	0.040423559554728	9.999000099990002e-05
3868	-0.0035348533329218	0.040423559554728	9.999000099990002e-05
3869	-0.002378458622016	0.040423559554728	9.999000099990002e-05
3870	-0.0048629585469992	0.040423559554728	9.999000099990002e-05
3871	-0.0062154715418519	0.040423559554728	9.999000099990002e-05
3872	-0.0001317372857979	0.040423559554728	9.999000099990002e-05
3873	-0.0087131982223952	0.040423559554728	9.999000099990002e-05
3874	-0.0020444524919588	0.040423559554728	9.999000099990002e-05
3875	0.0011919779960577	0.040423559554728	9.999000099990002e-05
3876	-0.0063366119533123	0.040423559554728	9.999000099990002e-05
3877	-0.0058234659835372	0.040423559554728	9.999000099990002e-05
3878	-0.0028819500110861	0.040423559554728	9.999000099990002e-05
3879	-0.0011794143182054	0.040423559554728	9.999000099990002e-05
3880	-0.0064849259894404	0.040423559554728	9.999000099990002e-05
3881	-0.0027389918038396	0.040423559554728	9.999000099990002e-05
3882	-0.0034398088476814	0.040423559554728	9.999000099990002e-05
3883	-0.0028888397097171	0.040423559554728	9.999000099990002e-05
3884	-0.0034469244967259	0.040423559554728	9.999000099990002e-05
3885	-0.0040365052632531	0.040423559554728	9.999000099990002e-05
3886	-0.0012489468357398	0.040423559554728	9.999000099990002e-05
3887	-0.0020557244090269	0.040423559554728	9.999000099990002e-05
3888	-0.0017056151665658	0.040423559554728	9.999000099990002e-05
3889	-0.002614569475126	0.040423559554728	9.999000099990002e-05
3890	-0.0032464095863	0.040423559554728	9.999000099990002e-05
3891	-0.0041604248494111	0.040423559554728	9.999000099990002e-05
3892	-0.0040017057063277	0.040423559554728	9.999000099990002e-05
3893	-0.0051294145444972	0.040423559554728	9.999000099990002e-05
3894	-0.0034532779238067	0.040423559554728	9.999000099990002e-05
3895	0.0015431241750966	0.040423559554728	9.999000099990002e-05
3896	-0.0041197946522591	0.040423559554728	9.999000099990002e-05
3897	-0.0036576092532899	0.040423559554728	9.999000099990002e-05
3898	-0.0062315224275086	0.040423559554728	9.999000099990002e-05
3899	-0.0070112053799035	0.040423559554728	9.999000099990002e-05
3900	-0.0001469687020507	0.040423559554728	9.999000099990002e-05
3901	-0.0056601402682219	0.040423559554728	9.999000099990002e-05
3902	-0.0039563862013123	0.040423559554728	9.999000099990002e-05
3903	-0.0021189979308258	0.040423559554728	9.999000099990002e-05
3904	-0.0008613279779366	0.040423559554728	9.999000099990002e-05
3905	-0.0038938547802332	0.040423559554728	9.999000099990002e-05
3906	0.0001381966283372	0.040423559554728	9.999000099990002e-05
3907	-0.0072165165524156	0.040423559554728	9.999000099990002e-05
3908	-0.005320127658271	0.040423559554728	9.999000099990002e-05
3909	-0.0025770079985277	0.040423559554728	9.999000099990002e-05
3910	-0.0008667425354588	0.040423559554728	9.999000099990002e-05
3911	-0.0052597535769612	0.040423559554728	9.999000099990002e-05
3912	-0.0043584753498777	0.040423559554728	9.999000099990002e-05
3913	-0.00500187123001	0.040423559554728	9.999000099990002e-05
3914	-0.0063098949039097	0.040423559554728	9.999000099990002e-05
3915	0.0010062146506104	0.040423559554728	9.999000099990002e-05
3916	-0.0051704624594451	0.040423559554728	9.999000099990002e-05
3917	-0.0035593361547802	0.040423559554728	9.999000099990002e-05
3918	-0.0021427135100276	0.040423559554728	9.999000099990002e-05
3919	-0.0024732765989882	0.040423559554728	9.999000099990002e-05
3920	-0.0068031814558829	0.040423559554728	9.999000099990002e-05
3921	-0.0020887652230261	0.040423559554728	9.999000099990002e-05
3922	-0.0074176589917356	0.040423559554728	9.999000099990002e-05
3923	0.0001792801690441	0.040423559554728	9.999000099990002e-05
3924	-0.0005981891387235	0.040423559554728	9.999000099990002e-05
3925	-0.0046528326262486	0.040423559554728	9.999000099990002e-05
3926	-0.0063234847844448	0.040423559554728	9.999000099990002e-05
3927	-0.0016449318221197	0.040423559554728	9.999000099990002e-05
3928	0.0013775232972398	0.040423559554728	9.999000099990002e-05
3929	-0.0034796405430738	0.040423559554728	9.999000099990002e-05
3930	-0.0037273576798523	0.040423559554728	9.999000099990002e-05
3931	0.0017007916657784	0.040423559554728	9.999000099990002e-05
3932	-0.0029956138607095	0.040423559554728	9.999000099990002e-05
3933	-0.0046208977112171	0.040423559554728	9.999000099990002e-05
3934	-0.0041092954602134	0.040423559554728	9.999000099990002e-05
3935	-0.0060058590590792	0.040423559554728	9.999000099990002e-05
3936	-0.0027478335516888	0.040423559554728	9.999000099990002e-05
3937	0.0004938725495423	0.040423559554728	9.999000099990002e-05
3938	-0.0030062132742481	0.040423559554728	9.999000099990002e-05
3939	-0.0036617063117636	0.040423559554728	9.999000099990002e-05
3940	-0.0030600497209886	0.040423559554728	9.999000099990002e-05
3941	-0.005614132081889	0.040423559554728	9.999000099990002e-05
3942	-0.0038794718995407	0.040423559554728	9.999000099990002e-05
3943	-0.0025891212375171	0.040423559554728	9.999000099990002e-05
3944	-0.0080106490010556	0.040423559554728	9.999000099990002e-05
3945	-0.0021411450532832	0.040423559554728	9.999000099990002e-05
3946	-0.0036826604137291	0.040423559554728	9.999000099990002e-05
3947	-0.0035975578236306	0.040423559554728	9.999000099990002e-05
3948	-0.0050499492113879	0.040423559554728	9.999000099990002e-05
3949	5.338123725762006e-05	0.040423559554728	9.999000099990002e-05
3950	-0.0005965979830614	0.040423559554728	9.999000099990002e-05
3951	-0.0041190102315232	0.040423559554728	9.999000099990002e-05
3952	-0.0016339822489201	0.040423559554728	9.999000099990002e-05
3953	-0.0021661038214324	0.040423559554728	9.999000099990002e-05
3954	0.0002232186180413	0.040423559554728	9.999000099990002e-05
3955	-0.000786393560412	0.040423559554728	9.999000099990002e-05
3956	-0.0001605940352175	0.040423559554728	9.999000099990002e-05
3957	0.0003016772349116	0.040423559554728	9.999000099990002e-05
3958	-0.0010550033966597	0.040423559554728	9.999000099990002e-05
3959	0.0001307955307837	0.040423559554728	9.999000099990002e-05
3960	-0.0019707218480576	0.040423559554728	9.999000099990002e-05
3961	-0.0103751152022375	0.040423559554728	9.999000099990002e-05
3962	-0.0054530449030649	0.040423559554728	9.999000099990002e-05
3963	-0.0042579113150022	0.040423559554728	9.999000099990002e-05
3964	-0.003188764703596	0.040423559554728	9.999000099990002e-05
3965	-0.0001510302501835	0.040423559554728	9.999000099990002e-05
3966	-0.0002470281476789	0.040423559554728	9.999000099990002e-05
3967	-0.0062037722310934	0.040423559554728	9.999000099990002e-05
3968	-0.0089807541555859	0.040423559554728	9.999000099990002e-05
3969	-0.0056357281015541	0.040423559554728	9.999000099990002e-05
3970	-0.0068560631630588	0.040423559554728	9.999000099990002e-05
3971	-0.0035248878347526	0.040423559554728	9.999000099990002e-05
3972	-0.0029679575377847	0.040423559554728	9.999000099990002e-05
3973	-0.0051835819722369	0.040423559554728	9.999000099990002e-05
3974	-0.0040951790609681	0.040423559554728	9.999000099990002e-05
3975	-0.0018269238577995	0.040423559554728	9.999000099990002e-05
3976	-0.0073550909638425	0.040423559554728	9.999000099990002e-05
3977	-0.0029280433375971	0.040423559554728	9.999000099990002e-05
3978	0.0004366343044845	0.040423559554728	9.999000099990002e-05
3979	0.0038216589678998	0.040423559554728	9.999000099990002e-05
3980	-0.0070492836416082	0.040423559554728	9.999000099990002e-05
3981	-0.003338387697824	0.040423559554728	9.999000099990002e-05
3982	-0.006963449319194	0.040423559554728	9.999000099990002e-05
3983	0.0008638241086716	0.040423559554728	9.999000099990002e-05
3984	0.0018586162214292	0.040423559554728	9.999000099990002e-05
3985	-0.001343997476619	0.040423559554728	9.999000099990002e-05
3986	-0.0058608073383423	0.040423559554728	9.999000099990002e-05
3987	0.0005419537626305	0.040423559554728	9.999000099990002e-05
3988	-0.0019229940263407	0.040423559554728	9.999000099990002e-05
3989	-0.0017952383615542	0.040423559554728	9.999000099990002e-05
3990	-0.002964745602449	0.040423559554728	9.999000099990002e-05
3991	-0.0064087225485221	0.040423559554728	9.999000099990002e-05
3992	-0.0026827104720563	0.040423559554728	9.999000099990002e-05
3993	0.0005082065698525	0.040423559554728	9.999000099990002e-05
3994	0.0032728277409702	0.040423559554728	9.999000099990002e-05
3995	-0.0042608832381371	0.040423559554728	9.999000099990002e-05
3996	-0.0021907181431229	0.040423559554728	9.999000099990002e-05
3997	-0.0057995897036922	0.040423559554728	9.999000099990002e-05
3998	0.0003408870953758	0.040423559554728	9.999000099990002e-05
3999	-0.0007127305900639	0.040423559554728	9.999000099990002e-05
4000	0.0018754912894006	0.040423559554728	9.999000099990002e-05
4001	-0.003181590749111	0.040423559554728	9.999000099990002e-05
4002	-0.0105851596377206	0.040423559554728	9.999000099990002e-05
4003	-0.0002401887136853	0.040423559554728	9.999000099990002e-05
4004	-0.0027578565088981	0.040423559554728	9.999000099990002e-05
4005	-0.0043655079555087	0.040423559554728	9.999000099990002e-05
4006	-0.0042013708308291	0.040423559554728	9.999000099990002e-05
4007	-0.0024860359684425	0.040423559554728	9.999000099990002e-05
4008	-0.0063386158637866	0.040423559554728	9.999000099990002e-05
4009	0.0005907655346159	0.040423559554728	9.999000099990002e-05
4010	-0.0040001214757591	0.040423559554728	9.999000099990002e-05
4011	-0.0020561000184067	0.040423559554728	9.999000099990002e-05
4012	0.0025602219372449	0.040423559554728	9.999000099990002e-05
4013	-0.0034952508196532	0.040423559554728	9.999000099990002e-05
4014	-0.0060791353014251	0.040423559554728	9.999000099990002e-05
4015	-0.0043611365094394	0.040423559554728	9.999000099990002e-05
4016	-0.0055444686223772	0.040423559554728	9.999000099990002e-05
4017	-0.0040620552805009	0.040423559554728	9.999000099990002e-05
4018	-0.0010814263988954	0.040423559554728	9.999000099990002e-05
4019	-0.0051987935365549	0.040423559554728	9.999000099990002e-05
4020	-0.0060357211589555	0.040423559554728	9.999000099990002e-05
4021	-0.004195728283838	0.040423559554728	9.999000099990002e-05
4022	-0.0029309554548546	0.040423559554728	9.999000099990002e-05
4023	-0.0022221709369884	0.040423559554728	9.999000099990002e-05
4024	-0.0050393707270209	0.040423559554728	9.999000099990002e-05
4025	-0.0035142698388797	0.040423559554728	9.999000099990002e-05
4026	-0.0059591172360297	0.040423559554728	9.999000099990002e-05
4027	-0.0046609124022068	0.040423559554728	9.999000099990002e-05
4028	-0.0034263992504151	0.040423559554728	9.999000099990002e-05
4029	0.0003634589184317	0.040423559554728	9.999000099990002e-05
4030	-0.0063154505794495	0.040423559554728	9.999000099990002e-05
4031	-0.0022995792672395	0.040423559554728	9.999000099990002e-05
4032	-0.0016301167001713	0.040423559554728	9.999000099990002e-05
4033	-0.0017451070899376	0.040423559554728	9.999000099990002e-05
4034	-0.005529070580679	0.040423559554728	9.999000099990002e-05
4035	-0.0019765346369319	0.040423559554728	9.999000099990002e-05
4036	-0.0028772381966686	0.040423559554728	9.999000099990002e-05
4037	-0.0017581825899126	0.040423559554728	9.999000099990002e-05
4038	-0.0032635052569738	0.040423559554728	9.999000099990002e-05
4039	-0.0039483646153763	0.040423559554728	9.999000099990002e-05
4040	-0.0020835101734921	0.040423559554728	9.999000099990002e-05
4041	-0.0039221091426955	0.040423559554728	9.999000099990002e-05
4042	-0.0058797761506405	0.040423559554728	9.999000099990002e-05
4043	-0.0086317989799655	0.040423559554728	9.999000099990002e-05
4044	-0.0042167099322867	0.040423559554728	9.999000099990002e-05
4045	-0.0023770095269536	0.040423559554728	9.999000099990002e-05
4046	-0.0036991465799883	0.040423559554728	9.999000099990002e-05
4047	-0.0058577173808351	0.040423559554728	9.999000099990002e-05
4048	-0.0037312382522069	0.040423559554728	9.999000099990002e-05
4049	-0.006484224458227	0.040423559554728	9.999000099990002e-05
4050	-0.0057506176927365	0.040423559554728	9.999000099990002e-05
4051	-0.0049470259125569	0.040423559554728	9.999000099990002e-05
4052	-0.0054064761111725	0.040423559554728	9.999000099990002e-05
4053	-0.0032825200249623	0.040423559554728	9.999000099990002e-05
4054	-0.0031325633758797	0.040423559554728	9.999000099990002e-05
4055	-0.0065109296964978	0.040423559554728	9.999000099990002e-05
4056	-0.0062366580576516	0.040423559554728	9.999000099990002e-05
4057	-0.0068169027977772	0.040423559554728	9.999000099990002e-05
4058	-0.0052924585816322	0.040423559554728	9.999000099990002e-05
4059	-0.0055420006536893	0.040423559554728	9.999000099990002e-05
4060	-0.0058982367572538	0.040423559554728	9.999000099990002e-05
4061	-0.0008339604698856	0.040423559554728	9.999000099990002e-05
4062	-0.0026163956800052	0.040423559554728	9.999000099990002e-05
4063	-0.0033073601431754	0.040423559554728	9.999000099990002e-05
4064	-0.0081537876839347	0.040423559554728	9.999000099990002e-05
4065	-0.0025364393385265	0.040423559554728	9.999000099990002e-05
4066	-0.0038238957346449	0.040423559554728	9.999000099990002e-05
4067	-0.0040668376731635	0.040423559554728	9.999000099990002e-05
4068	-0.0046731384817483	0.040423559554728	9.999000099990002e-05
4069	-0.0055911791670875	0.040423559554728	9.999000099990002e-05
4070	-0.0041395531752953	0.040423559554728	9.999000099990002e-05
4071	-0.0056044626314692	0.040423559554728	9.999000099990002e-05
4072	-0.0025118686641618	0.040423559554728	9.999000099990002e-05
4073	-0.0034956046342247	0.040423559554728	9.999000099990002e-05
4074	-0.0016033889553465	0.040423559554728	9.999000099990002e-05
4075	-0.0013290162678435	0.040423559554728	9.999000099990002e-05
4076	-0.0020752704086365	0.040423559554728	9.999000099990002e-05
4077	-0.0034827480249151	0.040423559554728	9.999000099990002e-05
4078	-0.0031021194334903	0.040423559554728	9.999000099990002e-05
4079	-0.0047698511643167	0.040423559554728	9.999000099990002e-05
4080	-0.0028571623312204	0.040423559554728	9.999000099990002e-05
4081	-0.0040011457740411	0.040423559554728	9.999000099990002e-05
4082	0.0013186599443251	0.040423559554728	9.999000099990002e-05
4083	-0.0043081954003498	0.040423559554728	9.999000099990002e-05
4084	-0.0040470276928349	0.040423559554728	9.999000099990002e-05
4085	-0.0041220563878137	0.040423559554728	9.999000099990002e-05
4086	-0.0039177061297414	0.040423559554728	9.999000099990002e-05
4087	-0.0053635547660547	0.040423559554728	9.999000099990002e-05
4088	-0.0053219473612568	0.040423559554728	9.999000099990002e-05
4089	-0.0037489983663709	0.040423559554728	9.999000099990002e-05
4090	-0.0014849519465185	0.040423559554728	9.999000099990002e-05
4091	-0.0013045685523621	0.040423559554728	9.999000099990002e-05
4092	-0.0074386493927331	0.040423559554728	9.999000099990002e-05
4093	-0.0082073805020367	0.040423559554728	9.999000099990002e-05
4094	-0.002654815964386	0.040423559554728	9.999000099990002e-05
4095	-0.0022670716084985	0.040423559554728	9.999000099990002e-05
4096	-0.0036077712016763	0.040423559554728	9.999000099990002e-05
4097	-0.0057055346219568	0.040423559554728	9.999000099990002e-05
4098	-0.0020116696761672	0.040423559554728	9.999000099990002e-05
4099	-0.0043389796341419	0.040423559554728	9.999000099990002e-05
4100	-0.0037552322778787	0.040423559554728	9.999000099990002e-05
4101	-0.007182136059832	0.040423559554728	9.999000099990002e-05
4102	-0.005451102510505	0.040423559554728	9.999000099990002e-05
4103	-0.0034823355586485	0.040423559554728	9.999000099990002e-05
4104	-0.0046277766951895	0.040423559554728	9.999000099990002e-05
4105	-0.0053359748115226	0.040423559554728	9.999000099990002e-05
4106	-0.0027484721607326	0.040423559554728	9.999000099990002e-05
4107	-0.0001145186370043	0.040423559554728	9.999000099990002e-05
4108	-0.0058001392483384	0.040423559554728	9.999000099990002e-05
4109	-0.0072908487368738	0.040423559554728	9.999000099990002e-05
4110	-0.002312903474255	0.040423559554728	9.999000099990002e-05
4111	-0.0032135526335346	0.040423559554728	9.999000099990002e-05
4112	-0.0024049849428003	0.040423559554728	9.999000099990002e-05
4113	-0.0003008664218747	0.040423559554728	9.999000099990002e-05
4114	-0.0062997057252187	0.040423559554728	9.999000099990002e-05
4115	-0.0038195234037025	0.040423559554728	9.999000099990002e-05
4116	-0.0038413463740725	0.040423559554728	9.999000099990002e-05
4117	-0.0049823843437684	0.040423559554728	9.999000099990002e-05
4118	-0.0032670357466129	0.040423559554728	9.999000099990002e-05
4119	-0.0013830342866897	0.040423559554728	9.999000099990002e-05
4120	-0.0043353490961373	0.040423559554728	9.999000099990002e-05
4121	-0.0049585865290807	0.040423559554728	9.999000099990002e-05
4122	-0.0025946994965564	0.040423559554728	9.999000099990002e-05
4123	-0.0064820322429172	0.040423559554728	9.999000099990002e-05
4124	-0.0067005808279387	0.040423559554728	9.999000099990002e-05
4125	-0.0045534416252756	0.040423559554728	9.999000099990002e-05
4126	-0.0034792763985711	0.040423559554728	9.999000099990002e-05
4127	0.0006023216883016	0.040423559554728	9.999000099990002e-05
4128	-0.0045238497579389	0.040423559554728	9.999000099990002e-05
4129	-0.0033045252984201	0.040423559554728	9.999000099990002e-05
4130	0.000510879078873	0.040423559554728	9.999000099990002e-05
4131	-0.0034134899526854	0.040423559554728	9.999000099990002e-05
4132	-0.0030617552368763	0.040423559554728	9.999000099990002e-05
4133	-0.0052569799615747	0.040423559554728	9.999000099990002e-05
4134	-0.0062354930260794	0.040423559554728	9.999000099990002e-05
4135	0.0006826282663868	0.040423559554728	9.999000099990002e-05
4136	-0.0031148961733876	0.040423559554728	9.999000099990002e-05
4137	-0.0008536373922361	0.040423559554728	9.999000099990002e-05
4138	-0.0043758523909499	0.040423559554728	9.999000099990002e-05
4139	-0.0030061767059068	0.040423559554728	9.999000099990002e-05
4140	-0.0034817229571782	0.040423559554728	9.999000099990002e-05
4141	-0.0026002277217947	0.040423559554728	9.999000099990002e-05
4142	-0.0041695136307364	0.040423559554728	9.999000099990002e-05
4143	-0.0016434546419556	0.040423559554728	9.999000099990002e-05
4144	-0.0005445203946652	0.040423559554728	9.999000099990002e-05
4145	-0.0042587221088027	0.040423559554728	9.999000099990002e-05
4146	-0.0004869512840265	0.040423559554728	9.999000099990002e-05
4147	-0.0016177899951731	0.040423559554728	9.999000099990002e-05
4148	-0.0054737049963363	0.040423559554728	9.999000099990002e-05
4149	-0.0051906167900506	0.040423559554728	9.999000099990002e-05
4150	-0.0056405042231598	0.040423559554728	9.999000099990002e-05
4151	-0.004530050236634	0.040423559554728	9.999000099990002e-05
4152	-0.0002134840717421	0.040423559554728	9.999000099990002e-05
4153	0.0009710401383419	0.040423559554728	9.999000099990002e-05
4154	-0.0045897743786774	0.040423559554728	9.999000099990002e-05
4155	-0.001748573868716	0.040423559554728	9.999000099990002e-05
4156	-0.005526606343847	0.040423559554728	9.999000099990002e-05
4157	-0.0056514456209017	0.040423559554728	9.999000099990002e-05
4158	-0.00060716898448	0.040423559554728	9.999000099990002e-05
4159	-0.0062896114780186	0.040423559554728	9.999000099990002e-05
4160	-0.0012081797140992	0.040423559554728	9.999000099990002e-05
4161	0.0035183275589747	0.040423559554728	9.999000099990002e-05
4162	-0.0008340658082531	0.040423559554728	9.999000099990002e-05
4163	-0.0017141744860162	0.040423559554728	9.999000099990002e-05
4164	-0.0019387549429412	0.040423559554728	9.999000099990002e-05
4165	-0.0049812171384864	0.040423559554728	9.999000099990002e-05
4166	-0.0089990356715853	0.040423559554728	9.999000099990002e-05
4167	-0.0056305588462347	0.040423559554728	9.999000099990002e-05
4168	-0.0028528346094223	0.040423559554728	9.999000099990002e-05
4169	-0.0079447497915632	0.040423559554728	9.999000099990002e-05
4170	-0.0032042953415995	0.040423559554728	9.999000099990002e-05
4171	-0.0039340515627105	0.040423559554728	9.999000099990002e-05
4172	-0.0040838208687762	0.040423559554728	9.999000099990002e-05
4173	-0.005624076727832	0.040423559554728	9.999000099990002e-05
4174	-0.0046135610747427	0.040423559554728	9.999000099990002e-05
4175	-0.0038191369257731	0.040423559554728	9.999000099990002e-05
4176	-0.0018577072067184	0.040423559554728	9.999000099990002e-05
4177	-0.0130625915621502	0.040423559554728	9.999000099990002e-05
4178	-0.0020839790792712	0.040423559554728	9.999000099990002e-05
4179	-0.0033010178347171	0.040423559554728	9.999000099990002e-05
4180	-0.0062247858888634	0.040423559554728	9.999000099990002e-05
4181	-0.0039259655734045	0.040423559554728	9.999000099990002e-05
4182	-0.0045252833869591	0.040423559554728	9.999000099990002e-05
4183	0.0005315273033035	0.040423559554728	9.999000099990002e-05
4184	-0.0062177306804965	0.040423559554728	9.999000099990002e-05
4185	-2.0655765087884693e-05	0.040423559554728	9.999000099990002e-05
4186	-0.002303842970395	0.040423559554728	9.999000099990002e-05
4187	-0.0002141587297452	0.040423559554728	9.999000099990002e-05
4188	-0.0063225029793062	0.040423559554728	9.999000099990002e-05
4189	-0.0022882697815389	0.040423559554728	9.999000099990002e-05
4190	-0.0077469227023091	0.040423559554728	9.999000099990002e-05
4191	4.390526625717705e-05	0.040423559554728	9.999000099990002e-05
4192	-0.0072385086489592	0.040423559554728	9.999000099990002e-05
4193	-0.0025751542471653	0.040423559554728	9.999000099990002e-05
4194	-0.0036067819712985	0.040423559554728	9.999000099990002e-05
4195	-0.0069376295310796	0.040423559554728	9.999000099990002e-05
4196	-0.0017310489384237	0.040423559554728	9.999000099990002e-05
4197	-0.0054380728123293	0.040423559554728	9.999000099990002e-05
4198	-0.0035206282097078	0.040423559554728	9.999000099990002e-05
4199	-0.0018636307393805	0.040423559554728	9.999000099990002e-05
4200	-0.0054151709316201	0.040423559554728	9.999000099990002e-05
4201	-0.0092085507798482	0.040423559554728	9.999000099990002e-05
4202	-0.0091802645234828	0.040423559554728	9.999000099990002e-05
4203	-0.0046237069331263	0.040423559554728	9.999000099990002e-05
4204	-0.0068410018155618	0.040423559554728	9.999000099990002e-05
4205	0.0037377338360692	0.040423559554728	9.999000099990002e-05
4206	-0.0017828919969848	0.040423559554728	9.999000099990002e-05
4207	-0.0022839672593868	0.040423559554728	9.999000099990002e-05
4208	-0.0059533748138005	0.040423559554728	9.999000099990002e-05
4209	-0.0056599217430476	0.040423559554728	9.999000099990002e-05
4210	-0.0043668773350498	0.040423559554728	9.999000099990002e-05
4211	-0.0023512467362064	0.040423559554728	9.999000099990002e-05
4212	-0.0081348062718135	0.040423559554728	9.999000099990002e-05
4213	-0.0025577069548662	0.040423559554728	9.999000099990002e-05
4214	-0.0061615549756263	0.040423559554728	9.999000099990002e-05
4215	0.000759907539825	0.040423559554728	9.999000099990002e-05
4216	-0.0018636564776449	0.040423559554728	9.999000099990002e-05
4217	-0.0026112875578727	0.040423559554728	9.999000099990002e-05
4218	0.001523375174064	0.040423559554728	9.999000099990002e-05
4219	-0.0066098737788638	0.040423559554728	9.999000099990002e-05
4220	-0.0020973717100582	0.040423559554728	9.999000099990002e-05
4221	0.0008305134276239	0.040423559554728	9.999000099990002e-05
4222	-0.0010133537103185	0.040423559554728	9.999000099990002e-05
4223	-0.0053280457525311	0.040423559554728	9.999000099990002e-05
4224	-0.0098804189128169	0.040423559554728	9.999000099990002e-05
4225	-0.0014880452319179	0.040423559554728	9.999000099990002e-05
4226	-0.0086558423084561	0.040423559554728	9.999000099990002e-05
4227	-0.0025137681403781	0.040423559554728	9.999000099990002e-05
4228	-0.0025777086641044	0.040423559554728	9.999000099990002e-05
4229	-0.0017567069486582	0.040423559554728	9.999000099990002e-05
4230	-0.005994273896946	0.040423559554728	9.999000099990002e-05
4231	-0.0030676121539856	0.040423559554728	9.999000099990002e-05
4232	-0.0032176399968773	0.040423559554728	9.999000099990002e-05
4233	-0.0069917491756737	0.040423559554728	9.999000099990002e-05
4234	-0.0008239828912755	0.040423559554728	9.999000099990002e-05
4235	-0.0061501636006944	0.040423559554728	9.999000099990002e-05
4236	-0.0033056848668629	0.040423559554728	9.999000099990002e-05
4237	-0.0033842506303197	0.040423559554728	9.999000099990002e-05
4238	-0.0041097600570453	0.040423559554728	9.999000099990002e-05
4239	-0.0046074661075425	0.040423559554728	9.999000099990002e-05
4240	-3.708912750881171e-05	0.040423559554728	9.999000099990002e-05
4241	-0.0050054978630313	0.040423559554728	9.999000099990002e-05
4242	-0.005643685957393	0.040423559554728	9.999000099990002e-05
4243	-0.0005540627696183	0.040423559554728	9.999000099990002e-05
4244	-0.0015062516106523	0.040423559554728	9.999000099990002e-05
4245	-0.0058715047419546	0.040423559554728	9.999000099990002e-05
4246	0.0031274966888903	0.040423559554728	9.999000099990002e-05
4247	-0.0013197836176996	0.040423559554728	9.999000099990002e-05
4248	-0.0062707212270594	0.040423559554728	9.999000099990002e-05
4249	-0.0013445364027884	0.040423559554728	9.999000099990002e-05
4250	-0.0008800736483314	0.040423559554728	9.999000099990002e-05
4251	-0.0043150158288089	0.040423559554728	9.999000099990002e-05
4252	-0.0023804027458494	0.040423559554728	9.999000099990002e-05
4253	-0.0005006987104399	0.040423559554728	9.999000099990002e-05
4254	-0.0008022068191779	0.040423559554728	9.999000099990002e-05
4255	-0.0012314422382916	0.040423559554728	9.999000099990002e-05
4256	-0.0033311863892195	0.040423559554728	9.999000099990002e-05
4257	-0.0043263316432756	0.040423559554728	9.999000099990002e-05
4258	-0.0039727816873187	0.040423559554728	9.999000099990002e-05
4259	-0.0038699749031868	0.040423559554728	9.999000099990002e-05
4260	0.002353602999288	0.040423559554728	9.999000099990002e-05
4261	-0.0049355384134792	0.040423559554728	9.999000099990002e-05
4262	0.0054655074168422	0.040423559554728	9.999000099990002e-05
4263	-0.0031658332758209	0.040423559554728	9.999000099990002e-05
4264	-0.0048100354431529	0.040423559554728	9.999000099990002e-05
4265	-0.0075411362183065	0.040423559554728	9.999000099990002e-05
4266	0.0013096230242559	0.040423559554728	9.999000099990002e-05
4267	-0.0054802211631156	0.040423559554728	9.999000099990002e-05
4268	-0.0044277836867447	0.040423559554728	9.999000099990002e-05
4269	-0.0061594258171405	0.040423559554728	9.999000099990002e-05
4270	0.000534629822161	0.040423559554728	9.999000099990002e-05
4271	-0.0098185846562949	0.040423559554728	9.999000099990002e-05
4272	-0.0042270318034647	0.040423559554728	9.999000099990002e-05
4273	-0.0014022113327039	0.040423559554728	9.999000099990002e-05
4274	0.0018678267112737	0.040423559554728	9.999000099990002e-05
4275	-0.0005382621876208	0.040423559554728	9.999000099990002e-05
4276	-0.0053930315421838	0.040423559554728	9.999000099990002e-05
4277	-0.0082340690046647	0.040423559554728	9.999000099990002e-05
4278	-0.0023304640495427	0.040423559554728	9.999000099990002e-05
4279	-0.0091211118555485	0.040423559554728	9.999000099990002e-05
4280	-0.0081881086591864	0.040423559554728	9.999000099990002e-05
4281	-0.004348241696697	0.040423559554728	9.999000099990002e-05
4282	-0.0004133567566864	0.040423559554728	9.999000099990002e-05
4283	-0.0083078218858108	0.040423559554728	9.999000099990002e-05
4284	-0.0057774891717253	0.040423559554728	9.999000099990002e-05
4285	0.0008968857171879	0.040423559554728	9.999000099990002e-05
4286	-0.001520254169054	0.040423559554728	9.999000099990002e-05
4287	-0.0008429366222589	0.040423559554728	9.999000099990002e-05
4288	-0.0019005845582558	0.040423559554728	9.999000099990002e-05
4289	0.000667189597473	0.040423559554728	9.999000099990002e-05
4290	-0.0088240108186389	0.040423559554728	9.999000099990002e-05
4291	-0.0002620790113537	0.040423559554728	9.999000099990002e-05
4292	-0.0068045385049102	0.040423559554728	9.999000099990002e-05
4293	-0.0068777895476101	0.040423559554728	9.999000099990002e-05
4294	-0.0017611363346769	0.040423559554728	9.999000099990002e-05
4295	-0.0068348496586307	0.040423559554728	9.999000099990002e-05
4296	-0.0036352622072289	0.040423559554728	9.999000099990002e-05
4297	-0.0047903512109815	0.040423559554728	9.999000099990002e-05
4298	-0.0011316889395076	0.040423559554728	9.999000099990002e-05
4299	-0.0011740891713355	0.040423559554728	9.999000099990002e-05
4300	-0.0020635170821482	0.040423559554728	9.999000099990002e-05
4301	-0.0037727436272931	0.040423559554728	9.999000099990002e-05
4302	-0.0038086492563136	0.040423559554728	9.999000099990002e-05
4303	0.001182827023545	0.040423559554728	9.999000099990002e-05
4304	-0.0017637473065467	0.040423559554728	9.999000099990002e-05
4305	-0.0016147739438032	0.040423559554728	9.999000099990002e-05
4306	-0.0046499372253975	0.040423559554728	9.999000099990002e-05
4307	-0.0038172996022715	0.040423559554728	9.999000099990002e-05
4308	-0.0028994090568078	0.040423559554728	9.999000099990002e-05
4309	-0.0039564770931651	0.040423559554728	9.999000099990002e-05
4310	-0.0115291737135965	0.040423559554728	9.999000099990002e-05
4311	-0.0039219239733884	0.040423559554728	9.999000099990002e-05
4312	-0.005816071387877	0.040423559554728	9.999000099990002e-05
4313	-0.0064721716791517	0.040423559554728	9.999000099990002e-05
4314	-0.0087470541776148	0.040423559554728	9.999000099990002e-05
4315	-0.0035328239150195	0.040423559554728	9.999000099990002e-05
4316	-0.0052789448194171	0.040423559554728	9.999000099990002e-05
4317	-0.0053965726502997	0.040423559554728	9.999000099990002e-05
4318	-0.0028351341664811	0.040423559554728	9.999000099990002e-05
4319	-0.0031323237484064	0.040423559554728	9.999000099990002e-05
4320	-0.0041592168053134	0.040423559554728	9.999000099990002e-05
4321	-0.0096029751194502	0.040423559554728	9.999000099990002e-05
4322	0.0018153369451565	0.040423559554728	9.999000099990002e-05
4323	-0.0057198048159881	0.040423559554728	9.999000099990002e-05
4324	-0.0033495544304156	0.040423559554728	9.999000099990002e-05
4325	-0.0013270615832425	0.040423559554728	9.999000099990002e-05
4326	-0.0008987158270504	0.040423559554728	9.999000099990002e-05
4327	-0.0051370762564048	0.040423559554728	9.999000099990002e-05
4328	-0.0001864445053436	0.040423559554728	9.999000099990002e-05
4329	-0.0055826679578009	0.040423559554728	9.999000099990002e-05
4330	-0.0043243533171747	0.040423559554728	9.999000099990002e-05
4331	-0.0054168354740375	0.040423559554728	9.999000099990002e-05
4332	-0.0014075159736023	0.040423559554728	9.999000099990002e-05
4333	-0.0041694929708739	0.040423559554728	9.999000099990002e-05
4334	-0.0028436216380859	0.040423559554728	9.999000099990002e-05
4335	-0.0025499400392457	0.040423559554728	9.999000099990002e-05
4336	-0.0026513583805929	0.040423559554728	9.999000099990002e-05
4337	-0.0053263263672199	0.040423559554728	9.999000099990002e-05
4338	-0.0055647135562901	0.040423559554728	9.999000099990002e-05
4339	-0.0005525717007943	0.040423559554728	9.999000099990002e-05
4340	-0.0024291374376962	0.040423559554728	9.999000099990002e-05
4341	-0.0066274850035163	0.040423559554728	9.999000099990002e-05
4342	-0.0015496028694252	0.040423559554728	9.999000099990002e-05
4343	-0.0066205443477386	0.040423559554728	9.999000099990002e-05
4344	-0.0031862316582651	0.040423559554728	9.999000099990002e-05
4345	-0.0052159446272135	0.040423559554728	9.999000099990002e-05
4346	-0.0049058824697908	0.040423559554728	9.999000099990002e-05
4347	-0.003140004696685	0.040423559554728	9.999000099990002e-05
4348	-0.0011437239249398	0.040423559554728	9.999000099990002e-05
4349	-0.0059107547871977	0.040423559554728	9.999000099990002e-05
4350	-0.0039097668562368	0.040423559554728	9.999000099990002e-05
4351	-0.0043124905164991	0.040423559554728	9.999000099990002e-05
4352	0.0013682529438088	0.040423559554728	9.999000099990002e-05
4353	-0.0046553919099896	0.040423559554728	9.999000099990002e-05
4354	-0.0016430922864354	0.040423559554728	9.999000099990002e-05
4355	-0.0055878549490544	0.040423559554728	9.999000099990002e-05
4356	-0.0083253654946194	0.040423559554728	9.999000099990002e-05
4357	-0.0084884351546005	0.040423559554728	9.999000099990002e-05
4358	-0.0070705461026006	0.040423559554728	9.999000099990002e-05
4359	0.0007355113393451	0.040423559554728	9.999000099990002e-05
4360	-0.0004187376890321	0.040423559554728	9.999000099990002e-05
4361	-0.0052730695123371	0.040423559554728	9.999000099990002e-05
4362	-0.0022405513086983	0.040423559554728	9.999000099990002e-05
4363	-0.0018415531756406	0.040423559554728	9.999000099990002e-05
4364	-0.0025385966205867	0.040423559554728	9.999000099990002e-05
4365	-0.0058014922962005	0.040423559554728	9.999000099990002e-05
4366	-0.0009812198527383	0.040423559554728	9.999000099990002e-05
4367	-0.0028053806943918	0.040423559554728	9.999000099990002e-05
4368	-0.0072256283019678	0.040423559554728	9.999000099990002e-05
4369	-0.0006167929408824	0.040423559554728	9.999000099990002e-05
4370	-0.0022982333368347	0.040423559554728	9.999000099990002e-05
4371	-0.0052565891362255	0.040423559554728	9.999000099990002e-05
4372	-0.004433105120995	0.040423559554728	9.999000099990002e-05
4373	-0.0025015532948772	0.040423559554728	9.999000099990002e-05
4374	-0.0006682394801284	0.040423559554728	9.999000099990002e-05
4375	-0.0091317104226867	0.040423559554728	9.999000099990002e-05
4376	-0.0024724609960949	0.040423559554728	9.999000099990002e-05
4377	-0.0078547597012711	0.040423559554728	9.999000099990002e-05
4378	-0.0070300727395812	0.040423559554728	9.999000099990002e-05
4379	0.0018486508963874	0.040423559554728	9.999000099990002e-05
4380	-0.0003502399536019	0.040423559554728	9.999000099990002e-05
4381	-0.0025143093172029	0.040423559554728	9.999000099990002e-05
4382	-0.0047140526654451	0.040423559554728	9.999000099990002e-05
4383	-0.0065900481016565	0.040423559554728	9.999000099990002e-05
4384	-0.0064484999588757	0.040423559554728	9.999000099990002e-05
4385	-0.0055244585645541	0.040423559554728	9.999000099990002e-05
4386	-0.0008369541493561	0.040423559554728	9.999000099990002e-05
4387	-0.0047691879711907	0.040423559554728	9.999000099990002e-05
4388	-0.001500351969563	0.040423559554728	9.999000099990002e-05
4389	-0.0014826360413432	0.040423559554728	9.999000099990002e-05
4390	0.0001049033754416	0.040423559554728	9.999000099990002e-05
4391	-0.0031841853315927	0.040423559554728	9.999000099990002e-05
4392	-0.00372686599821	0.040423559554728	9.999000099990002e-05
4393	-0.0078971512190229	0.040423559554728	9.999000099990002e-05
4394	-0.0028209009062822	0.040423559554728	9.999000099990002e-05
4395	-0.0037181872208958	0.040423559554728	9.999000099990002e-05
4396	-0.0007426013270707	0.040423559554728	9.999000099990002e-05
4397	0.0003530149540071	0.040423559554728	9.999000099990002e-05
4398	-0.006229208734516	0.040423559554728	9.999000099990002e-05
4399	-0.0069857083588578	0.040423559554728	9.999000099990002e-05
4400	-0.003088719319755	0.040423559554728	9.999000099990002e-05
4401	-0.0002461795736458	0.040423559554728	9.999000099990002e-05
4402	8.87447661074764e-05	0.040423559554728	9.999000099990002e-05
4403	-0.004201553037735	0.040423559554728	9.999000099990002e-05
4404	-0.0035533272895765	0.040423559554728	9.999000099990002e-05
4405	-0.0022240561590538	0.040423559554728	9.999000099990002e-05
4406	-0.0002155975333491	0.040423559554728	9.999000099990002e-05
4407	-0.0054417358790372	0.040423559554728	9.999000099990002e-05
4408	-0.0029096586954128	0.040423559554728	9.999000099990002e-05
4409	0.0012751189187524	0.040423559554728	9.999000099990002e-05
4410	-0.0057358354649825	0.040423559554728	9.999000099990002e-05
4411	-0.0051128214432517	0.040423559554728	9.999000099990002e-05
4412	-0.0041420048507769	0.040423559554728	9.999000099990002e-05
4413	-0.0040605365305391	0.040423559554728	9.999000099990002e-05
4414	-0.0015040071685952	0.040423559554728	9.999000099990002e-05
4415	-0.0074302742615349	0.040423559554728	9.999000099990002e-05
4416	-0.0029947311036452	0.040423559554728	9.999000099990002e-05
4417	-0.0045467769729487	0.040423559554728	9.999000099990002e-05
4418	-0.0020039645477703	0.040423559554728	9.999000099990002e-05
4419	-0.0074627783807837	0.040423559554728	9.999000099990002e-05
4420	-0.0034202137183803	0.040423559554728	9.999000099990002e-05
4421	-0.0034273204417487	0.040423559554728	9.999000099990002e-05
4422	-0.0044435769204485	0.040423559554728	9.999000099990002e-05
4423	-0.0049608836980306	0.040423559554728	9.999000099990002e-05
4424	-0.0035125942163125	0.040423559554728	9.999000099990002e-05
4425	-0.004523442408547	0.040423559554728	9.999000099990002e-05
4426	-0.0064551082101629	0.040423559554728	9.999000099990002e-05
4427	-0.0025253796755759	0.040423559554728	9.999000099990002e-05
4428	-0.0056854150707101	0.040423559554728	9.999000099990002e-05
4429	-0.0048362154900231	0.040423559554728	9.999000099990002e-05
4430	0.0005158537390636	0.040423559554728	9.999000099990002e-05
4431	-0.0053360002612414	0.040423559554728	9.999000099990002e-05
4432	-0.0055582963798759	0.040423559554728	9.999000099990002e-05
4433	-0.0051084109281129	0.040423559554728	9.999000099990002e-05
4434	-0.0092122261385971	0.040423559554728	9.999000099990002e-05
4435	-0.006843472650469	0.040423559554728	9.999000099990002e-05
4436	-0.0023674998153584	0.040423559554728	9.999000099990002e-05
4437	-0.0086611914815534	0.040423559554728	9.999000099990002e-05
4438	-0.0041796368671476	0.040423559554728	9.999000099990002e-05
4439	-0.0053986809180866	0.040423559554728	9.999000099990002e-05
4440	-0.0041560343400981	0.040423559554728	9.999000099990002e-05
4441	-0.0065833528057906	0.040423559554728	9.999000099990002e-05
4442	-0.003450935453203	0.040423559554728	9.999000099990002e-05
4443	-0.0072451580468439	0.040423559554728	9.999000099990002e-05
4444	-0.0046114995705737	0.040423559554728	9.999000099990002e-05
4445	0.0010763327232776	0.040423559554728	9.999000099990002e-05
4446	-0.003042526848988	0.040423559554728	9.999000099990002e-05
4447	-0.0047206463547994	0.040423559554728	9.999000099990002e-05
4448	-0.0057691475118126	0.040423559554728	9.999000099990002e-05
4449	-0.0025158524973559	0.040423559554728	9.999000099990002e-05
4450	-0.0051909636795285	0.040423559554728	9.999000099990002e-05
4451	-0.0012658612228535	0.040423559554728	9.999000099990002e-05
4452	-0.003410119932853	0.040423559554728	9.999000099990002e-05
4453	-0.0031273275434803	0.040423559554728	9.999000099990002e-05
4454	-0.0058057707921253	0.040423559554728	9.999000099990002e-05
4455	-0.0034907522019353	0.040423559554728	9.999000099990002e-05
4456	0.0025338403124431	0.040423559554728	9.999000099990002e-05
4457	0.0009530218336066	0.040423559554728	9.999000099990002e-05
4458	-0.0044537928569315	0.040423559554728	9.999000099990002e-05
4459	-0.0054434252940824	0.040423559554728	9.999000099990002e-05
4460	-0.0001895809571596	0.040423559554728	9.999000099990002e-05
4461	-0.0014966447553837	0.040423559554728	9.999000099990002e-05
4462	-0.0048505720361237	0.040423559554728	9.999000099990002e-05
4463	-0.0062010924314882	0.040423559554728	9.999000099990002e-05
4464	-0.007271045950948	0.040423559554728	9.999000099990002e-05
4465	-0.0044961843362106	0.040423559554728	9.999000099990002e-05
4466	-0.0020367211059155	0.040423559554728	9.999000099990002e-05
4467	-0.0056322215611969	0.040423559554728	9.999000099990002e-05
4468	-0.0062684709371456	0.040423559554728	9.999000099990002e-05
4469	-0.0067010402886597	0.040423559554728	9.999000099990002e-05
4470	-0.0042995783140774	0.040423559554728	9.999000099990002e-05
4471	-0.004375823824939	0.040423559554728	9.999000099990002e-05
4472	-0.0035358151129982	0.040423559554728	9.999000099990002e-05
4473	-0.0012941415928894	0.040423559554728	9.999000099990002e-05
4474	-0.003836549938859	0.040423559554728	9.999000099990002e-05
4475	-0.0011101820611856	0.040423559554728	9.999000099990002e-05
4476	-0.0033208327972657	0.040423559554728	9.999000099990002e-05
4477	-0.0035060052013964	0.040423559554728	9.999000099990002e-05
4478	-0.0053965469697444	0.040423559554728	9.999000099990002e-05
4479	-0.0014487646393177	0.040423559554728	9.999000099990002e-05
4480	-0.0002833006527668	0.040423559554728	9.999000099990002e-05
4481	-0.0028635142578642	0.040423559554728	9.999000099990002e-05
4482	-0.0071181804355545	0.040423559554728	9.999000099990002e-05
4483	-0.0033750588189914	0.040423559554728	9.999000099990002e-05
4484	-0.0071133427575616	0.040423559554728	9.999000099990002e-05
4485	-0.0050084134620719	0.040423559554728	9.999000099990002e-05
4486	0.0018055871444152	0.040423559554728	9.999000099990002e-05
4487	0.0027014799186057	0.040423559554728	9.999000099990002e-05
4488	-0.0080187793301967	0.040423559554728	9.999000099990002e-05
4489	-0.001189265244549	0.040423559554728	9.999000099990002e-05
4490	-0.0045579129465831	0.040423559554728	9.999000099990002e-05
4491	-0.0041273740324989	0.040423559554728	9.999000099990002e-05
4492	-0.0012276765070718	0.040423559554728	9.999000099990002e-05
4493	-0.0018260443709182	0.040423559554728	9.999000099990002e-05
4494	-0.0069840091332635	0.040423559554728	9.999000099990002e-05
4495	0.0001962133693287	0.040423559554728	9.999000099990002e-05
4496	-0.0003299790535012	0.040423559554728	9.999000099990002e-05
4497	-0.0042719759299368	0.040423559554728	9.999000099990002e-05
4498	-0.0052839563942036	0.040423559554728	9.999000099990002e-05
4499	-0.003589983329429	0.040423559554728	9.999000099990002e-05
4500	-0.0064725227813948	0.040423559554728	9.999000099990002e-05
4501	-0.0066066684800761	0.040423559554728	9.999000099990002e-05
4502	-0.0046239553900939	0.040423559554728	9.999000099990002e-05
4503	-0.0024602646175101	0.040423559554728	9.999000099990002e-05
4504	-0.0074122226971142	0.040423559554728	9.999000099990002e-05
4505	0.0007570648658667	0.040423559554728	9.999000099990002e-05
4506	-0.0043149088361135	0.040423559554728	9.999000099990002e-05
4507	-0.0033551117218105	0.040423559554728	9.999000099990002e-05
4508	-0.008811538321185	0.040423559554728	9.999000099990002e-05
4509	0.0001217833102149	0.040423559554728	9.999000099990002e-05
4510	-0.0020458392227066	0.040423559554728	9.999000099990002e-05
4511	-0.003346448641375	0.040423559554728	9.999000099990002e-05
4512	-0.0067030626852865	0.040423559554728	9.999000099990002e-05
4513	-0.0071694648121932	0.040423559554728	9.999000099990002e-05
4514	-0.0014009065488965	0.040423559554728	9.999000099990002e-05
4515	-0.0046621651131579	0.040423559554728	9.999000099990002e-05
4516	-0.0072052332666522	0.040423559554728	9.999000099990002e-05
4517	-0.0053944555337821	0.040423559554728	9.999000099990002e-05
4518	-0.0091113182151176	0.040423559554728	9.999000099990002e-05
4519	-0.0042605274999285	0.040423559554728	9.999000099990002e-05
4520	-0.0031127860589091	0.040423559554728	9.999000099990002e-05
4521	0.0007810175333409	0.040423559554728	9.999000099990002e-05
4522	0.0004215187488941	0.040423559554728	9.999000099990002e-05
4523	-0.0046179384840871	0.040423559554728	9.999000099990002e-05
4524	-0.0041184128460223	0.040423559554728	9.999000099990002e-05
4525	-0.0048807207386913	0.040423559554728	9.999000099990002e-05
4526	-0.003358830766358	0.040423559554728	9.999000099990002e-05
4527	-0.0041980370907924	0.040423559554728	9.999000099990002e-05
4528	-0.004290470604163	0.040423559554728	9.999000099990002e-05
4529	-0.0027952744244597	0.040423559554728	9.999000099990002e-05
4530	-0.0085467437690488	0.040423559554728	9.999000099990002e-05
4531	-0.0025931245763913	0.040423559554728	9.999000099990002e-05
4532	-0.0007728233202117	0.040423559554728	9.999000099990002e-05
4533	-0.004821564492792	0.040423559554728	9.999000099990002e-05
4534	0.0001345796712106	0.040423559554728	9.999000099990002e-05
4535	-0.0019121638917686	0.040423559554728	9.999000099990002e-05
4536	-0.0010100748131754	0.040423559554728	9.999000099990002e-05
4537	-0.0018067560617343	0.040423559554728	9.999000099990002e-05
4538	-0.0012365739057422	0.040423559554728	9.999000099990002e-05
4539	-0.0040595906974142	0.040423559554728	9.999000099990002e-05
4540	-0.0013681316969625	0.040423559554728	9.999000099990002e-05
4541	-0.003926069565226	0.040423559554728	9.999000099990002e-05
4542	-0.008579861740132	0.040423559554728	9.999000099990002e-05
4543	-0.0074187714503059	0.040423559554728	9.999000099990002e-05
4544	-0.0062677739264794	0.040423559554728	9.999000099990002e-05
4545	0.0020851456882258	0.040423559554728	9.999000099990002e-05
4546	-0.0025544715126853	0.040423559554728	9.999000099990002e-05
4547	-0.0054581997118698	0.040423559554728	9.999000099990002e-05
4548	-0.0098001492493277	0.040423559554728	9.999000099990002e-05
4549	0.0038203868089777	0.040423559554728	9.999000099990002e-05
4550	-0.0021094469572149	0.040423559554728	9.999000099990002e-05
4551	-0.0032140031878158	0.040423559554728	9.999000099990002e-05
4552	-0.0042000363653013	0.040423559554728	9.999000099990002e-05
4553	-0.0019483929803671	0.040423559554728	9.999000099990002e-05
4554	-0.0055909749537732	0.040423559554728	9.999000099990002e-05
4555	0.0009897978122322	0.040423559554728	9.999000099990002e-05
4556	-0.0050708626091923	0.040423559554728	9.999000099990002e-05
4557	-0.0042417179263093	0.040423559554728	9.999000099990002e-05
4558	-0.0077731514364343	0.040423559554728	9.999000099990002e-05
4559	-0.0008976917018957	0.040423559554728	9.999000099990002e-05
4560	-0.0042599874003405	0.040423559554728	9.999000099990002e-05
4561	-0.0036124581242297	0.040423559554728	9.999000099990002e-05
4562	0.0025357894569693	0.040423559554728	9.999000099990002e-05
4563	-0.003334012846917	0.040423559554728	9.999000099990002e-05
4564	-0.0037641264256024	0.040423559554728	9.999000099990002e-05
4565	-0.00074652279595	0.040423559554728	9.999000099990002e-05
4566	-0.0005934951179492	0.040423559554728	9.999000099990002e-05
4567	-0.0019486487663921	0.040423559554728	9.999000099990002e-05
4568	0.0016894302611125	0.040423559554728	9.999000099990002e-05
4569	-0.0075390720402819	0.040423559554728	9.999000099990002e-05
4570	-0.000689367036451	0.040423559554728	9.999000099990002e-05
4571	-0.0015951028116004	0.040423559554728	9.999000099990002e-05
4572	-0.0041986031402449	0.040423559554728	9.999000099990002e-05
4573	-0.0069736753162991	0.040423559554728	9.999000099990002e-05
4574	-0.0001028565870963	0.040423559554728	9.999000099990002e-05
4575	-0.0038355650174284	0.040423559554728	9.999000099990002e-05
4576	-0.005702686369451	0.040423559554728	9.999000099990002e-05
4577	0.0004219420452376	0.040423559554728	9.999000099990002e-05
4578	-0.0036959752141591	0.040423559554728	9.999000099990002e-05
4579	-0.00220690583785	0.040423559554728	9.999000099990002e-05
4580	-0.0022205258617784	0.040423559554728	9.999000099990002e-05
4581	-0.0068631888150163	0.040423559554728	9.999000099990002e-05
4582	-0.0011652404791564	0.040423559554728	9.999000099990002e-05
4583	-0.0058006395863476	0.040423559554728	9.999000099990002e-05
4584	-0.0053331618962302	0.040423559554728	9.999000099990002e-05
4585	0.0007867919648914	0.040423559554728	9.999000099990002e-05
4586	0.0007942934570651	0.040423559554728	9.999000099990002e-05
4587	-0.0024320620008858	0.040423559554728	9.999000099990002e-05
4588	0.0001283100185254	0.040423559554728	9.999000099990002e-05
4589	-0.0069257690964777	0.040423559554728	9.999000099990002e-05
4590	-0.0084624121342266	0.040423559554728	9.999000099990002e-05
4591	-0.0066593734434755	0.040423559554728	9.999000099990002e-05
4592	-0.0019079610717272	0.040423559554728	9.999000099990002e-05
4593	-0.0069760860567833	0.040423559554728	9.999000099990002e-05
4594	-0.0057024763275162	0.040423559554728	9.999000099990002e-05
4595	-0.005025390713646	0.040423559554728	9.999000099990002e-05
4596	-0.0038661434412873	0.040423559554728	9.999000099990002e-05
4597	-0.0062745577481245	0.040423559554728	9.999000099990002e-05
4598	0.000244540057747	0.040423559554728	9.999000099990002e-05
4599	-0.0030249904922913	0.040423559554728	9.999000099990002e-05
4600	-0.0067112850604628	0.040423559554728	9.999000099990002e-05
4601	-0.0029995524691954	0.040423559554728	9.999000099990002e-05
4602	-0.0022722544254595	0.040423559554728	9.999000099990002e-05
4603	-0.0005865440552947	0.040423559554728	9.999000099990002e-05
4604	-0.0044697128390836	0.040423559554728	9.999000099990002e-05
4605	-0.0020718030912397	0.040423559554728	9.999000099990002e-05
4606	-0.0047394276894261	0.040423559554728	9.999000099990002e-05
4607	-0.0049538648079321	0.040423559554728	9.999000099990002e-05
4608	0.0003854851210611	0.040423559554728	9.999000099990002e-05
4609	0.0003976475666874	0.040423559554728	9.999000099990002e-05
4610	-0.0053005884491004	0.040423559554728	9.999000099990002e-05
4611	-0.0014912157705832	0.040423559554728	9.999000099990002e-05
4612	-0.0004841459863371	0.040423559554728	9.999000099990002e-05
4613	-0.0076474707028038	0.040423559554728	9.999000099990002e-05
4614	0.0003491707191572	0.040423559554728	9.999000099990002e-05
4615	-0.0019722825140717	0.040423559554728	9.999000099990002e-05
4616	-0.0017312769663653	0.040423559554728	9.999000099990002e-05
4617	-0.0017955430849069	0.040423559554728	9.999000099990002e-05
4618	0.0014325134838027	0.040423559554728	9.999000099990002e-05
4619	-0.0033293035909369	0.040423559554728	9.999000099990002e-05
4620	-0.0009865553872485	0.040423559554728	9.999000099990002e-05
4621	0.001797589296161	0.040423559554728	9.999000099990002e-05
4622	0.0023697287913733	0.040423559554728	9.999000099990002e-05
4623	-0.0033803847930252	0.040423559554728	9.999000099990002e-05
4624	-0.0058116165329031	0.040423559554728	9.999000099990002e-05
4625	-0.0009522031721303	0.040423559554728	9.999000099990002e-05
4626	-0.0037643097674542	0.040423559554728	9.999000099990002e-05
4627	-0.0048223965427824	0.040423559554728	9.999000099990002e-05
4628	-0.0038378186159981	0.040423559554728	9.999000099990002e-05
4629	-0.0038779970662139	0.040423559554728	9.999000099990002e-05
4630	-0.0003342876543465	0.040423559554728	9.999000099990002e-05
4631	-0.00570514537399	0.040423559554728	9.999000099990002e-05
4632	-0.0050732386280269	0.040423559554728	9.999000099990002e-05
4633	-0.0019629279822813	0.040423559554728	9.999000099990002e-05
4634	-0.0063503893307553	0.040423559554728	9.999000099990002e-05
4635	-0.0013482709133782	0.040423559554728	9.999000099990002e-05
4636	-0.0048360654655658	0.040423559554728	9.999000099990002e-05
4637	-0.0069976066314014	0.040423559554728	9.999000099990002e-05
4638	-0.0030836517671289	0.040423559554728	9.999000099990002e-05
4639	-0.0060635217546627	0.040423559554728	9.999000099990002e-05
4640	-0.0025913667183382	0.040423559554728	9.999000099990002e-05
4641	-0.0040419490215864	0.040423559554728	9.999000099990002e-05
4642	-0.0066883156216186	0.040423559554728	9.999000099990002e-05
4643	-0.0067691822281722	0.040423559554728	9.999000099990002e-05
4644	-0.0005203842891573	0.040423559554728	9.999000099990002e-05
4645	-0.0023242640517569	0.040423559554728	9.999000099990002e-05
4646	-0.0082575589797077	0.040423559554728	9.999000099990002e-05
4647	-0.0014583771693157	0.040423559554728	9.999000099990002e-05
4648	-0.0075120178734779	0.040423559554728	9.999000099990002e-05
4649	-0.0025692074577307	0.040423559554728	9.999000099990002e-05
4650	-0.0041684198314459	0.040423559554728	9.999000099990002e-05
4651	-0.0077267538290072	0.040423559554728	9.999000099990002e-05
4652	-0.0036880360176	0.040423559554728	9.999000099990002e-05
4653	-0.0023499779628855	0.040423559554728	9.999000099990002e-05
4654	-0.003827737180221	0.040423559554728	9.999000099990002e-05
4655	-0.0026689799736494	0.040423559554728	9.999000099990002e-05
4656	-0.0051610979247417	0.040423559554728	9.999000099990002e-05
4657	-0.005147155518472	0.040423559554728	9.999000099990002e-05
4658	-0.0046072250565777	0.040423559554728	9.999000099990002e-05
4659	-0.0044447635159925	0.040423559554728	9.999000099990002e-05
4660	-0.0061958300144241	0.040423559554728	9.999000099990002e-05
4661	-0.0038449681402919	0.040423559554728	9.999000099990002e-05
4662	-0.0015024081260209	0.040423559554728	9.999000099990002e-05
4663	-0.0016306187117448	0.040423559554728	9.999000099990002e-05
4664	-0.0007852812557327	0.040423559554728	9.999000099990002e-05
4665	-0.0018983044712033	0.040423559554728	9.999000099990002e-05
4666	-0.0038871538481106	0.040423559554728	9.999000099990002e-05
4667	-0.0064792227901716	0.040423559554728	9.999000099990002e-05
4668	-0.0095099775379733	0.040423559554728	9.999000099990002e-05
4669	-0.0026628408397414	0.040423559554728	9.999000099990002e-05
4670	-0.0030111190297578	0.040423559554728	9.999000099990002e-05
4671	-0.0023572304402368	0.040423559554728	9.999000099990002e-05
4672	-0.0042901593981533	0.040423559554728	9.999000099990002e-05
4673	-0.0009583875692193	0.040423559554728	9.999000099990002e-05
4674	-0.0068445946118065	0.040423559554728	9.999000099990002e-05
4675	-0.0019296760298742	0.040423559554728	9.999000099990002e-05
4676	-0.0028048823569651	0.040423559554728	9.999000099990002e-05
4677	-0.0049130532502745	0.040423559554728	9.999000099990002e-05
4678	-0.0035810826413392	0.040423559554728	9.999000099990002e-05
4679	-0.0003274361783846	0.040423559554728	9.999000099990002e-05
4680	-0.001208549514095	0.040423559554728	9.999000099990002e-05
4681	-0.0083304360865921	0.040423559554728	9.999000099990002e-05
4682	-0.0081947486504857	0.040423559554728	9.999000099990002e-05
4683	-0.0035445897836217	0.040423559554728	9.999000099990002e-05
4684	-0.003462260982037	0.040423559554728	9.999000099990002e-05
4685	-0.0057775795826689	0.040423559554728	9.999000099990002e-05
4686	-0.006658205545684	0.040423559554728	9.999000099990002e-05
4687	-0.0032753478979326	0.040423559554728	9.999000099990002e-05
4688	-0.0059563752260008	0.040423559554728	9.999000099990002e-05
4689	-0.0045177710262358	0.040423559554728	9.999000099990002e-05
4690	-0.0016922045690083	0.040423559554728	9.999000099990002e-05
4691	-0.0023618886044157	0.040423559554728	9.999000099990002e-05
4692	-0.0008164199773692	0.040423559554728	9.999000099990002e-05
4693	-0.0039954990912303	0.040423559554728	9.999000099990002e-05
4694	-0.0042003502259302	0.040423559554728	9.999000099990002e-05
4695	0.0015456116109919	0.040423559554728	9.999000099990002e-05
4696	-0.0048970596890034	0.040423559554728	9.999000099990002e-05
4697	-0.0044453755403717	0.040423559554728	9.999000099990002e-05
4698	-0.0041699909043368	0.040423559554728	9.999000099990002e-05
4699	-0.0035767782532591	0.040423559554728	9.999000099990002e-05
4700	-0.0009064198589742	0.040423559554728	9.999000099990002e-05
4701	-0.0047396788779584	0.040423559554728	9.999000099990002e-05
4702	0.0002490982889786	0.040423559554728	9.999000099990002e-05
4703	-0.0018652525193453	0.040423559554728	9.999000099990002e-05
4704	0.0006889247922822	0.040423559554728	9.999000099990002e-05
4705	-0.0040272779608203	0.040423559554728	9.999000099990002e-05
4706	-0.0057946308365621	0.040423559554728	9.999000099990002e-05
4707	-0.0014611799470406	0.040423559554728	9.999000099990002e-05
4708	-0.0015475986896416	0.040423559554728	9.999000099990002e-05
4709	-0.003893432638072	0.040423559554728	9.999000099990002e-05
4710	-0.0072437601974737	0.040423559554728	9.999000099990002e-05
4711	-0.0021166139866063	0.040423559554728	9.999000099990002e-05
4712	-0.0042151539022379	0.040423559554728	9.999000099990002e-05
4713	-0.0047077452902365	0.040423559554728	9.999000099990002e-05
4714	-0.0057002112063603	0.040423559554728	9.999000099990002e-05
4715	-0.0026891979958792	0.040423559554728	9.999000099990002e-05
4716	-0.0023245822982785	0.040423559554728	9.999000099990002e-05
4717	-0.0028498753438195	0.040423559554728	9.999000099990002e-05
4718	-0.00242817608082	0.040423559554728	9.999000099990002e-05
4719	-0.0026535273583666	0.040423559554728	9.999000099990002e-05
4720	0.0021991092597454	0.040423559554728	9.999000099990002e-05
4721	-0.0039634007824637	0.040423559554728	9.999000099990002e-05
4722	-0.0057577187413755	0.040423559554728	9.999000099990002e-05
4723	-0.0006254577525912	0.040423559554728	9.999000099990002e-05
4724	-0.0029973508088274	0.040423559554728	9.999000099990002e-05
4725	-0.0032563770658154	0.040423559554728	9.999000099990002e-05
4726	-0.0047548277894161	0.040423559554728	9.999000099990002e-05
4727	-0.0050715637172055	0.040423559554728	9.999000099990002e-05
4728	-0.0010951328326023	0.040423559554728	9.999000099990002e-05
4729	-0.0034120413962413	0.040423559554728	9.999000099990002e-05
4730	-0.0060696368046342	0.040423559554728	9.999000099990002e-05
4731	-0.0009572620106803	0.040423559554728	9.999000099990002e-05
4732	-0.0034840690057468	0.040423559554728	9.999000099990002e-05
4733	0.0003121297787577	0.040423559554728	9.999000099990002e-05
4734	0.0030151749993431	0.040423559554728	9.999000099990002e-05
4735	0.000288842555065	0.040423559554728	9.999000099990002e-05
4736	-0.0050576979294014	0.040423559554728	9.999000099990002e-05
4737	-0.0055534284815442	0.040423559554728	9.999000099990002e-05
4738	-0.0035191920799594	0.040423559554728	9.999000099990002e-05
4739	-0.0048278568443948	0.040423559554728	9.999000099990002e-05
4740	-0.0016107305932773	0.040423559554728	9.999000099990002e-05
4741	-0.0012725071966642	0.040423559554728	9.999000099990002e-05
4742	-0.0058691275112286	0.040423559554728	9.999000099990002e-05
4743	-0.0040573452935386	0.040423559554728	9.999000099990002e-05
4744	-0.0061214279057573	0.040423559554728	9.999000099990002e-05
4745	-0.0022486820418032	0.040423559554728	9.999000099990002e-05
4746	-0.0093367217386478	0.040423559554728	9.999000099990002e-05
4747	-0.0023925503217609	0.040423559554728	9.999000099990002e-05
4748	-0.0036013320188537	0.040423559554728	9.999000099990002e-05
4749	-0.0047223262286046	0.040423559554728	9.999000099990002e-05
4750	-0.0037702456498664	0.040423559554728	9.999000099990002e-05
4751	-0.0032246988793911	0.040423559554728	9.999000099990002e-05
4752	-0.0064722299461194	0.040423559554728	9.999000099990002e-05
4753	-0.0033854128533817	0.040423559554728	9.999000099990002e-05
4754	-0.0056036102293982	0.040423559554728	9.999000099990002e-05
4755	-0.0036550414478366	0.040423559554728	9.999000099990002e-05
4756	-0.0039174496319707	0.040423559554728	9.999000099990002e-05
4757	-0.0049589525587477	0.040423559554728	9.999000099990002e-05
4758	-0.0072533210393429	0.040423559554728	9.999000099990002e-05
4759	-0.0002252673877327	0.040423559554728	9.999000099990002e-05
4760	-0.0023852377115139	0.040423559554728	9.999000099990002e-05
4761	-0.0060736104810244	0.040423559554728	9.999000099990002e-05
4762	-0.001722715992587	0.040423559554728	9.999000099990002e-05
4763	-0.0034334901614866	0.040423559554728	9.999000099990002e-05
4764	-0.0053408717375381	0.040423559554728	9.999000099990002e-05
4765	-0.0058722766782858	0.040423559554728	9.999000099990002e-05
4766	-0.0079116184319657	0.040423559554728	9.999000099990002e-05
4767	-0.0019407425602093	0.040423559554728	9.999000099990002e-05
4768	0.0014263437448285	0.040423559554728	9.999000099990002e-05
4769	-0.0039016316218211	0.040423559554728	9.999000099990002e-05
4770	-0.0019031763899365	0.040423559554728	9.999000099990002e-05
4771	-0.0024662499181594	0.040423559554728	9.999000099990002e-05
4772	-0.0018144267570271	0.040423559554728	9.999000099990002e-05
4773	-0.0005290234972564	0.040423559554728	9.999000099990002e-05
4774	-0.0046893024195573	0.040423559554728	9.999000099990002e-05
4775	-0.0035746417464796	0.040423559554728	9.999000099990002e-05
4776	-0.003565533921147	0.040423559554728	9.999000099990002e-05
4777	-0.0012299872953724	0.040423559554728	9.999000099990002e-05
4778	-0.0056662072465024	0.040423559554728	9.999000099990002e-05
4779	-0.0069651998674261	0.040423559554728	9.999000099990002e-05
4780	-0.0073302620604338	0.040423559554728	9.999000099990002e-05
4781	-0.0061302037497995	0.040423559554728	9.999000099990002e-05
4782	-0.007074861397703	0.040423559554728	9.999000099990002e-05
4783	-0.0009990920187632	0.040423559554728	9.999000099990002e-05
4784	-0.0044771415985387	0.040423559554728	9.999000099990002e-05
4785	-0.0008675265522309	0.040423559554728	9.999000099990002e-05
4786	-0.0027458189265558	0.040423559554728	9.999000099990002e-05
4787	-0.0031187726291588	0.040423559554728	9.999000099990002e-05
4788	-0.0004722618140534	0.040423559554728	9.999000099990002e-05
4789	-0.0014359507155153	0.040423559554728	9.999000099990002e-05
4790	-0.0027384872915379	0.040423559554728	9.999000099990002e-05
4791	7.962447560649343e-05	0.040423559554728	9.999000099990002e-05
4792	-0.0034014586414001	0.040423559554728	9.999000099990002e-05
4793	0.0021790480716482	0.040423559554728	9.999000099990002e-05
4794	-0.0055180219401689	0.040423559554728	9.999000099990002e-05
4795	-0.0019103387833625	0.040423559554728	9.999000099990002e-05
4796	-0.0063476145419502	0.040423559554728	9.999000099990002e-05
4797	0.0008588001071894	0.040423559554728	9.999000099990002e-05
4798	-0.0043469682297016	0.040423559554728	9.999000099990002e-05
4799	-0.0054712578029291	0.040423559554728	9.999000099990002e-05
4800	-0.0033603671175992	0.040423559554728	9.999000099990002e-05
4801	0.0020054447480446	0.040423559554728	9.999000099990002e-05
4802	-0.0060399439655862	0.040423559554728	9.999000099990002e-05
4803	-0.0062799147696611	0.040423559554728	9.999000099990002e-05
4804	-0.0021178606765733	0.040423559554728	9.999000099990002e-05
4805	0.0002495512478061	0.040423559554728	9.999000099990002e-05
4806	-0.0040349057012968	0.040423559554728	9.999000099990002e-05
4807	-0.0026466994469592	0.040423559554728	9.999000099990002e-05
4808	-9.296466804620818e-05	0.040423559554728	9.999000099990002e-05
4809	-0.0049706654311478	0.040423559554728	9.999000099990002e-05
4810	-0.0045114532633868	0.040423559554728	9.999000099990002e-05
4811	-0.0079087422097765	0.040423559554728	9.999000099990002e-05
4812	-0.0060704677581515	0.040423559554728	9.999000099990002e-05
4813	0.0008106445455274	0.040423559554728	9.999000099990002e-05
4814	-0.0024222414102992	0.040423559554728	9.999000099990002e-05
4815	-0.0030243576926315	0.040423559554728	9.999000099990002e-05
4816	-0.005234464097122	0.040423559554728	9.999000099990002e-05
4817	-0.0031681608574734	0.040423559554728	9.999000099990002e-05
4818	-0.0031574454101451	0.040423559554728	9.999000099990002e-05
4819	-0.0044737313169818	0.040423559554728	9.999000099990002e-05
4820	-0.0037326351012858	0.040423559554728	9.999000099990002e-05
4821	-0.0057826994389877	0.040423559554728	9.999000099990002e-05
4822	-0.0061590975099969	0.040423559554728	9.999000099990002e-05
4823	-0.0023912744502192	0.040423559554728	9.999000099990002e-05
4824	-0.00217636977248	0.040423559554728	9.999000099990002e-05
4825	-0.0070374451557056	0.040423559554728	9.999000099990002e-05
4826	-0.0021681495710137	0.040423559554728	9.999000099990002e-05
4827	-0.0044182777647147	0.040423559554728	9.999000099990002e-05
4828	-0.0051803200415731	0.040423559554728	9.999000099990002e-05
4829	-0.0064186204693201	0.040423559554728	9.999000099990002e-05
4830	-0.0056400415884377	0.040423559554728	9.999000099990002e-05
4831	-0.0016888566325298	0.040423559554728	9.999000099990002e-05
4832	-0.0048314458126017	0.040423559554728	9.999000099990002e-05
4833	-0.0048312961343991	0.040423559554728	9.999000099990002e-05
4834	-0.0007517453937262	0.040423559554728	9.999000099990002e-05
4835	-0.0047993785128652	0.040423559554728	9.999000099990002e-05
4836	-0.0059683680068351	0.040423559554728	9.999000099990002e-05
4837	-0.0048448512932846	0.040423559554728	9.999000099990002e-05
4838	-0.0014895184301532	0.040423559554728	9.999000099990002e-05
4839	-0.0051418405091696	0.040423559554728	9.999000099990002e-05
4840	-0.0047330674911427	0.040423559554728	9.999000099990002e-05
4841	-0.0035722927162734	0.040423559554728	9.999000099990002e-05
4842	-0.0015845784006723	0.040423559554728	9.999000099990002e-05
4843	-0.0030731459000624	0.040423559554728	9.999000099990002e-05
4844	-0.0032890575441134	0.040423559554728	9.999000099990002e-05
4845	-0.0033426399745751	0.040423559554728	9.999000099990002e-05
4846	-0.0052149266384611	0.040423559554728	9.999000099990002e-05
4847	-0.0014439424466035	0.040423559554728	9.999000099990002e-05
4848	-0.0086748951259864	0.040423559554728	9.999000099990002e-05
4849	-0.0023053138987386	0.040423559554728	9.999000099990002e-05
4850	-0.0004928572154091	0.040423559554728	9.999000099990002e-05
4851	-0.0041156126267348	0.040423559554728	9.999000099990002e-05
4852	-0.0063098387529428	0.040423559554728	9.999000099990002e-05
4853	-0.0003006751738744	0.040423559554728	9.999000099990002e-05
4854	-0.0057476087203511	0.040423559554728	9.999000099990002e-05
4855	-0.0025141925909038	0.040423559554728	9.999000099990002e-05
4856	-0.0033676003393432	0.040423559554728	9.999000099990002e-05
4857	-0.003367412053744	0.040423559554728	9.999000099990002e-05
4858	-0.0066658573123878	0.040423559554728	9.999000099990002e-05
4859	-0.005362576327281	0.040423559554728	9.999000099990002e-05
4860	-0.007619507521289	0.040423559554728	9.999000099990002e-05
4861	-0.0029901594838994	0.040423559554728	9.999000099990002e-05
4862	-0.0026585116752155	0.040423559554728	9.999000099990002e-05
4863	-0.0022361068221284	0.040423559554728	9.999000099990002e-05
4864	-0.0078409110338372	0.040423559554728	9.999000099990002e-05
4865	-0.0057539293878921	0.040423559554728	9.999000099990002e-05
4866	-0.0024449506002803	0.040423559554728	9.999000099990002e-05
4867	-0.0019379259900064	0.040423559554728	9.999000099990002e-05
4868	-0.0050075655805481	0.040423559554728	9.999000099990002e-05
4869	-0.0068642999462769	0.040423559554728	9.999000099990002e-05
4870	-0.0007469612697902	0.040423559554728	9.999000099990002e-05
4871	0.0010647694906073	0.040423559554728	9.999000099990002e-05
4872	-0.0061115918298921	0.040423559554728	9.999000099990002e-05
4873	0.0032543609210091	0.040423559554728	9.999000099990002e-05
4874	-0.0058236771796542	0.040423559554728	9.999000099990002e-05
4875	-0.0030509983928776	0.040423559554728	9.999000099990002e-05
4876	-0.0039631915484565	0.040423559554728	9.999000099990002e-05
4877	-0.0032033282330484	0.040423559554728	9.999000099990002e-05
4878	-0.0039068049167785	0.040423559554728	9.999000099990002e-05
4879	-0.0053577513645294	0.040423559554728	9.999000099990002e-05
4880	-0.0023827384452504	0.040423559554728	9.999000099990002e-05
4881	-0.0052322721318849	0.040423559554728	9.999000099990002e-05
4882	-0.0065670967834738	0.040423559554728	9.999000099990002e-05
4883	-0.004716906054062	0.040423559554728	9.999000099990002e-05
4884	-0.0010288807703569	0.040423559554728	9.999000099990002e-05
4885	-0.0035795900143692	0.040423559554728	9.999000099990002e-05
4886	-5.345470095839272e-05	0.040423559554728	9.999000099990002e-05
4887	-0.0012585167571761	0.040423559554728	9.999000099990002e-05
4888	-0.0026689520424387	0.040423559554728	9.999000099990002e-05
4889	-0.0020899457014042	0.040423559554728	9.999000099990002e-05
4890	-0.0017455135929292	0.040423559554728	9.999000099990002e-05
4891	-0.0054062167279461	0.040423559554728	9.999000099990002e-05
4892	-0.0062729612255148	0.040423559554728	9.999000099990002e-05
4893	-0.0051838903312637	0.040423559554728	9.999000099990002e-05
4894	-0.0070192649576722	0.040423559554728	9.999000099990002e-05
4895	-0.0030820170410865	0.040423559554728	9.999000099990002e-05
4896	-0.0035944462829151	0.040423559554728	9.999000099990002e-05
4897	-0.0034223989316511	0.040423559554728	9.999000099990002e-05
4898	-0.0019906974343039	0.040423559554728	9.999000099990002e-05
4899	-0.007954069967195	0.040423559554728	9.999000099990002e-05
4900	-0.0030740811724196	0.040423559554728	9.999000099990002e-05
4901	-0.0068770812067214	0.040423559554728	9.999000099990002e-05
4902	-0.0003871487786055	0.040423559554728	9.999000099990002e-05
4903	-0.0017492037444475	0.040423559554728	9.999000099990002e-05
4904	-0.0027334045229423	0.040423559554728	9.999000099990002e-05
4905	0.0030176219234411	0.040423559554728	9.999000099990002e-05
4906	-0.0017973256232239	0.040423559554728	9.999000099990002e-05
4907	-0.0047881094043072	0.040423559554728	9.999000099990002e-05
4908	-0.0016442689752484	0.040423559554728	9.999000099990002e-05
4909	-0.0057642350812821	0.040423559554728	9.999000099990002e-05
4910	0.001058094700713	0.040423559554728	9.999000099990002e-05
4911	-0.0029892493534791	0.040423559554728	9.999000099990002e-05
4912	-0.0051999564521262	0.040423559554728	9.999000099990002e-05
4913	-0.0039122592358795	0.040423559554728	9.999000099990002e-05
4914	-0.0005270058520132	0.040423559554728	9.999000099990002e-05
4915	-0.0004112592612672	0.040423559554728	9.999000099990002e-05
4916	-0.0045137611469954	0.040423559554728	9.999000099990002e-05
4917	-0.0037284281454247	0.040423559554728	9.999000099990002e-05
4918	-0.0034392676323838	0.040423559554728	9.999000099990002e-05
4919	-0.005376953167753	0.040423559554728	9.999000099990002e-05
4920	-0.0020198286482647	0.040423559554728	9.999000099990002e-05
4921	-0.0076810077189925	0.040423559554728	9.999000099990002e-05
4922	-0.0060070130105017	0.040423559554728	9.999000099990002e-05
4923	-0.002530196578288	0.040423559554728	9.999000099990002e-05
4924	-0.0023624307622954	0.040423559554728	9.999000099990002e-05
4925	-0.0002795710474517	0.040423559554728	9.999000099990002e-05
4926	-0.0008501981984137	0.040423559554728	9.999000099990002e-05
4927	-0.0025012957583425	0.040423559554728	9.999000099990002e-05
4928	-0.0065080219074238	0.040423559554728	9.999000099990002e-05
4929	0.0010625373405913	0.040423559554728	9.999000099990002e-05
4930	-0.0084385922746577	0.040423559554728	9.999000099990002e-05
4931	-0.0032286197519429	0.040423559554728	9.999000099990002e-05
4932	-0.0081077486232263	0.040423559554728	9.999000099990002e-05
4933	-0.007114324447282	0.040423559554728	9.999000099990002e-05
4934	-0.0043682561596491	0.040423559554728	9.999000099990002e-05
4935	-0.0067052945082842	0.040423559554728	9.999000099990002e-05
4936	-0.0050921207420012	0.040423559554728	9.999000099990002e-05
4937	-0.0062045355495303	0.040423559554728	9.999000099990002e-05
4938	-0.0061122075861272	0.040423559554728	9.999000099990002e-05
4939	-0.0052902254697976	0.040423559554728	9.999000099990002e-05
4940	-0.0080209682753235	0.040423559554728	9.999000099990002e-05
4941	-0.0052707232714048	0.040423559554728	9.999000099990002e-05
4942	-0.0016290457921623	0.040423559554728	9.999000099990002e-05
4943	-0.0071897019938485	0.040423559554728	9.999000099990002e-05
4944	-0.0050317077455128	0.040423559554728	9.999000099990002e-05
4945	-0.0064426866890921	0.040423559554728	9.999000099990002e-05
4946	0.0002124629089885	0.040423559554728	9.999000099990002e-05
4947	-0.0058546878255327	0.040423559554728	9.999000099990002e-05
4948	-0.0040187581144032	0.040423559554728	9.999000099990002e-05
4949	-0.0091145753943978	0.040423559554728	9.999000099990002e-05
4950	-0.0007783183434737	0.040423559554728	9.999000099990002e-05
4951	-0.0029854967414643	0.040423559554728	9.999000099990002e-05
4952	-0.0057654837525953	0.040423559554728	9.999000099990002e-05
4953	-0.0026972340668025	0.040423559554728	9.999000099990002e-05
4954	-0.0054432777318806	0.040423559554728	9.999000099990002e-05
4955	-0.002340726614989	0.040423559554728	9.999000099990002e-05
4956	-0.0026916016189062	0.040423559554728	9.999000099990002e-05
4957	-0.0038039683739806	0.040423559554728	9.999000099990002e-05
4958	0.001362616167729	0.040423559554728	9.999000099990002e-05
4959	-0.0055135330560547	0.040423559554728	9.999000099990002e-05
4960	-0.0005692816245209	0.040423559554728	9.999000099990002e-05
4961	-0.0071726684374166	0.040423559554728	9.999000099990002e-05
4962	-0.0063505605729298	0.040423559554728	9.999000099990002e-05
4963	-0.0038187345586013	0.040423559554728	9.999000099990002e-05
4964	-0.0041936628362129	0.040423559554728	9.999000099990002e-05
4965	-0.0062046167462522	0.040423559554728	9.999000099990002e-05
4966	8.585096187513075e-05	0.040423559554728	9.999000099990002e-05
4967	-0.0044562723097329	0.040423559554728	9.999000099990002e-05
4968	-0.003431648067365	0.040423559554728	9.999000099990002e-05
4969	-0.0048926184533801	0.040423559554728	9.999000099990002e-05
4970	-0.0037738235763964	0.040423559554728	9.999000099990002e-05
4971	-0.0088542772670332	0.040423559554728	9.999000099990002e-05
4972	-0.0079589942088573	0.040423559554728	9.999000099990002e-05
4973	-0.0013030152731144	0.040423559554728	9.999000099990002e-05
4974	-0.002947884346192	0.040423559554728	9.999000099990002e-05
4975	-0.008564486839788	0.040423559554728	9.999000099990002e-05
4976	-0.0021584675592436	0.040423559554728	9.999000099990002e-05
4977	-0.004411255912215	0.040423559554728	9.999000099990002e-05
4978	-0.0034480058308479	0.040423559554728	9.999000099990002e-05
4979	-0.0039323421033668	0.040423559554728	9.999000099990002e-05
4980	-0.0074487467177527	0.040423559554728	9.999000099990002e-05
4981	-0.0055929905022519	0.040423559554728	9.999000099990002e-05
4982	-0.0010795141882016	0.040423559554728	9.999000099990002e-05
4983	-0.0065022541893667	0.040423559554728	9.999000099990002e-05
4984	0.0018783115337503	0.040423559554728	9.999000099990002e-05
4985	-0.0042301097190037	0.040423559554728	9.999000099990002e-05
4986	-0.0031408568486831	0.040423559554728	9.999000099990002e-05
4987	-0.0039655974221389	0.040423559554728	9.999000099990002e-05
4988	-0.0002411180227675	0.040423559554728	9.999000099990002e-05
4989	-0.0072855608123817	0.040423559554728	9.999000099990002e-05
4990	-0.0074732239418271	0.040423559554728	9.999000099990002e-05
4991	-0.0024165814543923	0.040423559554728	9.999000099990002e-05
4992	-0.0029899234536274	0.040423559554728	9.999000099990002e-05
4993	-0.0047394560438369	0.040423559554728	9.999000099990002e-05
4994	-0.0027488529446962	0.040423559554728	9.999000099990002e-05
4995	-0.0032461183861161	0.040423559554728	9.999000099990002e-05
4996	-0.003015162861193	0.040423559554728	9.999000099990002e-05
4997	-0.0050693688280401	0.040423559554728	9.999000099990002e-05
4998	-0.0026202917761112	0.040423559554728	9.999000099990002e-05
4999	-0.0017356138062033	0.040423559554728	9.999000099990002e-05
5000	-0.006433299609362	0.040423559554728	9.999000099990002e-05
5001	-0.004069740403072	0.040423559554728	9.999000099990002e-05
5002	-0.0049714335971503	0.040423559554728	9.999000099990002e-05
5003	-0.0047664615426223	0.040423559554728	9.999000099990002e-05
5004	-0.0016730724399204	0.040423559554728	9.999000099990002e-05
5005	-0.0020381262651066	0.040423559554728	9.999000099990002e-05
5006	-0.0002490313848803	0.040423559554728	9.999000099990002e-05
5007	-0.0043302422243689	0.040423559554728	9.999000099990002e-05
5008	-0.0066684600510909	0.040423559554728	9.999000099990002e-05
5009	-0.0061923701415028	0.040423559554728	9.999000099990002e-05
5010	-0.0032360603994752	0.040423559554728	9.999000099990002e-05
5011	-0.0042640731670643	0.040423559554728	9.999000099990002e-05
5012	-0.0041618807541488	0.040423559554728	9.999000099990002e-05
5013	-0.0084907855313525	0.040423559554728	9.999000099990002e-05
5014	-0.0049400742728113	0.040423559554728	9.999000099990002e-05
5015	-0.0027223179483087	0.040423559554728	9.999000099990002e-05
5016	-0.0039973486298275	0.040423559554728	9.999000099990002e-05
5017	-0.0025799505669605	0.040423559554728	9.999000099990002e-05
5018	0.0020124096993589	0.040423559554728	9.999000099990002e-05
5019	-0.0038525091824444	0.040423559554728	9.999000099990002e-05
5020	0.0001434957291608	0.040423559554728	9.999000099990002e-05
5021	-0.0073127701782268	0.040423559554728	9.999000099990002e-05
5022	-0.0051967242416556	0.040423559554728	9.999000099990002e-05
5023	-0.0002501618679302	0.040423559554728	9.999000099990002e-05
5024	-0.0012884737885432	0.040423559554728	9.999000099990002e-05
5025	0.000803720240665	0.040423559554728	9.999000099990002e-05
5026	-0.0038869335724265	0.040423559554728	9.999000099990002e-05
5027	-0.0042845226413098	0.040423559554728	9.999000099990002e-05
5028	-0.0033223473344623	0.040423559554728	9.999000099990002e-05
5029	0.0025874208000314	0.040423559554728	9.999000099990002e-05
5030	-0.0023361763091423	0.040423559554728	9.999000099990002e-05
5031	-0.0025622742656649	0.040423559554728	9.999000099990002e-05
5032	-0.0063430150294665	0.040423559554728	9.999000099990002e-05
5033	-0.0061190981696313	0.040423559554728	9.999000099990002e-05
5034	-0.0048757138575793	0.040423559554728	9.999000099990002e-05
5035	-0.0015490553830706	0.040423559554728	9.999000099990002e-05
5036	-0.0027363010587394	0.040423559554728	9.999000099990002e-05
5037	-0.0012401515629629	0.040423559554728	9.999000099990002e-05
5038	-0.0051390975565585	0.040423559554728	9.999000099990002e-05
5039	-0.0013528866998317	0.040423559554728	9.999000099990002e-05
5040	-0.0008165412626883	0.040423559554728	9.999000099990002e-05
5041	-0.0032765635211604	0.040423559554728	9.999000099990002e-05
5042	-0.0055863048630443	0.040423559554728	9.999000099990002e-05
5043	-0.0044540442378275	0.040423559554728	9.999000099990002e-05
5044	-0.0019141523939097	0.040423559554728	9.999000099990002e-05
5045	-0.0036345621764525	0.040423559554728	9.999000099990002e-05
5046	-0.0028957439510446	0.040423559554728	9.999000099990002e-05
5047	-0.0022039792356051	0.040423559554728	9.999000099990002e-05
5048	-0.0067964039437674	0.040423559554728	9.999000099990002e-05
5049	-0.007097226852971	0.040423559554728	9.999000099990002e-05
5050	-0.0028519265180573	0.040423559554728	9.999000099990002e-05
5051	-0.0028014469911805	0.040423559554728	9.999000099990002e-05
5052	-0.0033103028654992	0.040423559554728	9.999000099990002e-05
5053	-0.0030635921756505	0.040423559554728	9.999000099990002e-05
5054	-0.0011757408830935	0.040423559554728	9.999000099990002e-05
5055	-0.0069092069273166	0.040423559554728	9.999000099990002e-05
5056	-0.0063243176808356	0.040423559554728	9.999000099990002e-05
5057	-0.0069949218495762	0.040423559554728	9.999000099990002e-05
5058	-0.0020188951071809	0.040423559554728	9.999000099990002e-05
5059	-0.006684823681667	0.040423559554728	9.999000099990002e-05
5060	-0.0025577649717611	0.040423559554728	9.999000099990002e-05
5061	-0.0067581983180504	0.040423559554728	9.999000099990002e-05
5062	-0.0002883789585243	0.040423559554728	9.999000099990002e-05
5063	-0.0020007043868526	0.040423559554728	9.999000099990002e-05
5064	-0.0028766974815167	0.040423559554728	9.999000099990002e-05
5065	-0.0032693395136382	0.040423559554728	9.999000099990002e-05
5066	0.000642534494676	0.040423559554728	9.999000099990002e-05
5067	-0.0028034855078862	0.040423559554728	9.999000099990002e-05
5068	-0.0050226086342563	0.040423559554728	9.999000099990002e-05
5069	-0.0037480021339541	0.040423559554728	9.999000099990002e-05
5070	9.248250840757088e-06	0.040423559554728	9.999000099990002e-05
5071	-0.0026380228241186	0.040423559554728	9.999000099990002e-05
5072	-0.006036553574437	0.040423559554728	9.999000099990002e-05
5073	-0.0069840039202069	0.040423559554728	9.999000099990002e-05
5074	-0.0011452138395815	0.040423559554728	9.999000099990002e-05
5075	-0.0009530591136935	0.040423559554728	9.999000099990002e-05
5076	-0.0093846012006772	0.040423559554728	9.999000099990002e-05
5077	-0.0041211568566338	0.040423559554728	9.999000099990002e-05
5078	-0.0046292688989593	0.040423559554728	9.999000099990002e-05
5079	-0.003735314073727	0.040423559554728	9.999000099990002e-05
5080	-0.0044582764318073	0.040423559554728	9.999000099990002e-05
5081	-0.0048168085116667	0.040423559554728	9.999000099990002e-05
5082	-0.0010600373625821	0.040423559554728	9.999000099990002e-05
5083	-0.0058272464690536	0.040423559554728	9.999000099990002e-05
5084	-0.0022213463891827	0.040423559554728	9.999000099990002e-05
5085	-0.0012369916427744	0.040423559554728	9.999000099990002e-05
5086	-0.003401335124662	0.040423559554728	9.999000099990002e-05
5087	-0.0071960251044086	0.040423559554728	9.999000099990002e-05
5088	-0.0015974042317883	0.040423559554728	9.999000099990002e-05
5089	-0.0017094518415218	0.040423559554728	9.999000099990002e-05
5090	-0.0041033085821817	0.040423559554728	9.999000099990002e-05
5091	-0.0034997218716515	0.040423559554728	9.999000099990002e-05
5092	-0.0002643628302622	0.040423559554728	9.999000099990002e-05
5093	-0.0058490339483191	0.040423559554728	9.999000099990002e-05
5094	-0.001881851179902	0.040423559554728	9.999000099990002e-05
5095	-0.0016264515174625	0.040423559554728	9.999000099990002e-05
5096	-0.0093280593314853	0.040423559554728	9.999000099990002e-05
5097	-0.0048060820226614	0.040423559554728	9.999000099990002e-05
5098	-0.0041618146772145	0.040423559554728	9.999000099990002e-05
5099	-0.0037145621460206	0.040423559554728	9.999000099990002e-05
5100	-1.569855228576583e-05	0.040423559554728	9.999000099990002e-05
5101	-0.0025543477651107	0.040423559554728	9.999000099990002e-05
5102	-0.0022099802523695	0.040423559554728	9.999000099990002e-05
5103	-0.0044208914681491	0.040423559554728	9.999000099990002e-05
5104	-0.0053499156596462	0.040423559554728	9.999000099990002e-05
5105	2.9429108401839153e-05	0.040423559554728	9.999000099990002e-05
5106	0.0010716627094942	0.040423559554728	9.999000099990002e-05
5107	-0.0045036925611141	0.040423559554728	9.999000099990002e-05
5108	-0.0054642766930632	0.040423559554728	9.999000099990002e-05
5109	-0.0033418160230968	0.040423559554728	9.999000099990002e-05
5110	-0.0027171309762915	0.040423559554728	9.999000099990002e-05
5111	-0.0061476970747343	0.040423559554728	9.999000099990002e-05
5112	-0.0050633289153336	0.040423559554728	9.999000099990002e-05
5113	-0.0056620577881542	0.040423559554728	9.999000099990002e-05
5114	-0.003522263493605	0.040423559554728	9.999000099990002e-05
5115	-0.0070885002348022	0.040423559554728	9.999000099990002e-05
5116	-0.0055615022557547	0.040423559554728	9.999000099990002e-05
5117	-0.0033359011852745	0.040423559554728	9.999000099990002e-05
5118	0.0020069853889966	0.040423559554728	9.999000099990002e-05
5119	-0.0041303088486742	0.040423559554728	9.999000099990002e-05
5120	-0.0020805904963408	0.040423559554728	9.999000099990002e-05
5121	-0.002715530933426	0.040423559554728	9.999000099990002e-05
5122	-0.0057257508552042	0.040423559554728	9.999000099990002e-05
5123	0.000750898627912	0.040423559554728	9.999000099990002e-05
5124	-0.0058213460585094	0.040423559554728	9.999000099990002e-05
5125	-0.0049879984786396	0.040423559554728	9.999000099990002e-05
5126	0.0004435904070682	0.040423559554728	9.999000099990002e-05
5127	-0.0066437178267697	0.040423559554728	9.999000099990002e-05
5128	-0.0005333217104614	0.040423559554728	9.999000099990002e-05
5129	-0.003371718250043	0.040423559554728	9.999000099990002e-05
5130	-0.0049501090988616	0.040423559554728	9.999000099990002e-05
5131	-0.0043863942685028	0.040423559554728	9.999000099990002e-05
5132	-0.0052158836094447	0.040423559554728	9.999000099990002e-05
5133	-8.625323286510777e-05	0.040423559554728	9.999000099990002e-05
5134	-0.0042473526440974	0.040423559554728	9.999000099990002e-05
5135	-0.0017894551005093	0.040423559554728	9.999000099990002e-05
5136	-0.0019507499744308	0.040423559554728	9.999000099990002e-05
5137	-0.002901896223394	0.040423559554728	9.999000099990002e-05
5138	-0.0002265342758892	0.040423559554728	9.999000099990002e-05
5139	-0.0037615349017037	0.040423559554728	9.999000099990002e-05
5140	-0.006500702314374	0.040423559554728	9.999000099990002e-05
5141	-0.0014754312701919	0.040423559554728	9.999000099990002e-05
5142	-0.0044418057315903	0.040423559554728	9.999000099990002e-05
5143	-0.0036194713011261	0.040423559554728	9.999000099990002e-05
5144	-0.000579695022352	0.040423559554728	9.999000099990002e-05
5145	-0.0075687524718706	0.040423559554728	9.999000099990002e-05
5146	-0.0061367490019717	0.040423559554728	9.999000099990002e-05
5147	-0.0033668912097633	0.040423559554728	9.999000099990002e-05
5148	-0.0059487207084959	0.040423559554728	9.999000099990002e-05
5149	-0.0043656887389232	0.040423559554728	9.999000099990002e-05
5150	5.896038116996877e-05	0.040423559554728	9.999000099990002e-05
5151	-0.0015197032778618	0.040423559554728	9.999000099990002e-05
5152	-0.0030822127519248	0.040423559554728	9.999000099990002e-05
5153	-0.0056020076858044	0.040423559554728	9.999000099990002e-05
5154	-0.0057559355682582	0.040423559554728	9.999000099990002e-05
5155	-0.0018452563694183	0.040423559554728	9.999000099990002e-05
5156	-0.003988473006729	0.040423559554728	9.999000099990002e-05
5157	-0.0034923276799551	0.040423559554728	9.999000099990002e-05
5158	0.0004337141848967	0.040423559554728	9.999000099990002e-05
5159	-0.0017395248297332	0.040423559554728	9.999000099990002e-05
5160	-0.0017542825695869	0.040423559554728	9.999000099990002e-05
5161	-0.006488586189929	0.040423559554728	9.999000099990002e-05
5162	-0.0055139959793224	0.040423559554728	9.999000099990002e-05
5163	-0.0036370660402087	0.040423559554728	9.999000099990002e-05
5164	-0.0038715220652685	0.040423559554728	9.999000099990002e-05
5165	-0.0020272767787453	0.040423559554728	9.999000099990002e-05
5166	-0.0031368370434753	0.040423559554728	9.999000099990002e-05
5167	-0.0026691373464004	0.040423559554728	9.999000099990002e-05
5168	-0.0080509765139102	0.040423559554728	9.999000099990002e-05
5169	-0.0011982013083251	0.040423559554728	9.999000099990002e-05
5170	-0.0036247613223825	0.040423559554728	9.999000099990002e-05
5171	-0.0025555852023833	0.040423559554728	9.999000099990002e-05
5172	-0.005784779621673	0.040423559554728	9.999000099990002e-05
5173	-0.0016286151859979	0.040423559554728	9.999000099990002e-05
5174	-0.005035343862065	0.040423559554728	9.999000099990002e-05
5175	-0.0028970719339153	0.040423559554728	9.999000099990002e-05
5176	0.0004535534429819	0.040423559554728	9.999000099990002e-05
5177	-0.0069433927093531	0.040423559554728	9.999000099990002e-05
5178	-0.0044798888985696	0.040423559554728	9.999000099990002e-05
5179	0.0020752545963395	0.040423559554728	9.999000099990002e-05
5180	-0.0047410039561371	0.040423559554728	9.999000099990002e-05
5181	-0.0037359603388465	0.040423559554728	9.999000099990002e-05
5182	-0.0018570443213744	0.040423559554728	9.999000099990002e-05
5183	-0.0023223994318449	0.040423559554728	9.999000099990002e-05
5184	-0.0059113331864004	0.040423559554728	9.999000099990002e-05
5185	-0.0039972067808278	0.040423559554728	9.999000099990002e-05
5186	-0.0103838885070787	0.040423559554728	9.999000099990002e-05
5187	-0.0042925029844664	0.040423559554728	9.999000099990002e-05
5188	-0.0053799836464011	0.040423559554728	9.999000099990002e-05
5189	-0.0015090585241969	0.040423559554728	9.999000099990002e-05
5190	-0.0058617175072353	0.040423559554728	9.999000099990002e-05
5191	-0.0066703803795333	0.040423559554728	9.999000099990002e-05
5192	-0.0048803459757118	0.040423559554728	9.999000099990002e-05
5193	-0.0049089305881911	0.040423559554728	9.999000099990002e-05
5194	-0.0043840754778719	0.040423559554728	9.999000099990002e-05
5195	-0.0059537848947571	0.040423559554728	9.999000099990002e-05
5196	-0.0003929643182808	0.040423559554728	9.999000099990002e-05
5197	0.0014889481679355	0.040423559554728	9.999000099990002e-05
5198	-0.0073629558310641	0.040423559554728	9.999000099990002e-05
5199	-0.0049121487176382	0.040423559554728	9.999000099990002e-05
5200	-0.001993780697554	0.040423559554728	9.999000099990002e-05
5201	-0.0038598800211864	0.040423559554728	9.999000099990002e-05
5202	-0.0012389079892881	0.040423559554728	9.999000099990002e-05
5203	-0.005038292663082	0.040423559554728	9.999000099990002e-05
5204	-0.0040432691560178	0.040423559554728	9.999000099990002e-05
5205	0.0001111970351177	0.040423559554728	9.999000099990002e-05
5206	-0.0043903309148789	0.040423559554728	9.999000099990002e-05
5207	-0.0053573327233877	0.040423559554728	9.999000099990002e-05
5208	-0.0028631763517715	0.040423559554728	9.999000099990002e-05
5209	-0.0068522870826714	0.040423559554728	9.999000099990002e-05
5210	-0.0061419433607553	0.040423559554728	9.999000099990002e-05
5211	-0.0041812935611257	0.040423559554728	9.999000099990002e-05
5212	-0.0064278925347881	0.040423559554728	9.999000099990002e-05
5213	-0.0058267642709421	0.040423559554728	9.999000099990002e-05
5214	-0.0045199073406516	0.040423559554728	9.999000099990002e-05
5215	-0.0023714422518821	0.040423559554728	9.999000099990002e-05
5216	-0.0019227537640671	0.040423559554728	9.999000099990002e-05
5217	-0.0072610146451537	0.040423559554728	9.999000099990002e-05
5218	-0.000895276844828	0.040423559554728	9.999000099990002e-05
5219	-0.0036313295235453	0.040423559554728	9.999000099990002e-05
5220	-0.0025307925787702	0.040423559554728	9.999000099990002e-05
5221	-0.0047340362924945	0.040423559554728	9.999000099990002e-05
5222	-0.0063274644048736	0.040423559554728	9.999000099990002e-05
5223	-0.005398961615212	0.040423559554728	9.999000099990002e-05
5224	-0.0022189676580197	0.040423559554728	9.999000099990002e-05
5225	-0.0038268213943076	0.040423559554728	9.999000099990002e-05
5226	-0.0064564388861256	0.040423559554728	9.999000099990002e-05
5227	-0.0018526124153911	0.040423559554728	9.999000099990002e-05
5228	-0.0045813458473133	0.040423559554728	9.999000099990002e-05
5229	2.814581162087354e-05	0.040423559554728	9.999000099990002e-05
5230	-0.0074568089116678	0.040423559554728	9.999000099990002e-05
5231	-0.004185236805577	0.040423559554728	9.999000099990002e-05
5232	-0.0021733448916158	0.040423559554728	9.999000099990002e-05
5233	-0.0038674934690392	0.040423559554728	9.999000099990002e-05
5234	-8.610492044482804e-05	0.040423559554728	9.999000099990002e-05
5235	-0.0014264931537219	0.040423559554728	9.999000099990002e-05
5236	-0.0001735054681844	0.040423559554728	9.999000099990002e-05
5237	-0.0074981944633991	0.040423559554728	9.999000099990002e-05
5238	-0.0025601163872773	0.040423559554728	9.999000099990002e-05
5239	-0.0039399165590957	0.040423559554728	9.999000099990002e-05
5240	-0.0029160720822619	0.040423559554728	9.999000099990002e-05
5241	-0.0053984994998719	0.040423559554728	9.999000099990002e-05
5242	-0.0067320490109011	0.040423559554728	9.999000099990002e-05
5243	-0.0024230075949554	0.040423559554728	9.999000099990002e-05
5244	-0.0029798440569056	0.040423559554728	9.999000099990002e-05
5245	-0.0008897395977317	0.040423559554728	9.999000099990002e-05
5246	-0.0054223955354698	0.040423559554728	9.999000099990002e-05
5247	-0.004496317047934	0.040423559554728	9.999000099990002e-05
5248	-0.0032173044183855	0.040423559554728	9.999000099990002e-05
5249	-0.0027073350082598	0.040423559554728	9.999000099990002e-05
5250	-0.0089681110892306	0.040423559554728	9.999000099990002e-05
5251	-0.0069416042269974	0.040423559554728	9.999000099990002e-05
5252	-0.0024443051430884	0.040423559554728	9.999000099990002e-05
5253	-0.0055435846149488	0.040423559554728	9.999000099990002e-05
5254	-0.0046155258969112	0.040423559554728	9.999000099990002e-05
5255	-0.0028074149213868	0.040423559554728	9.999000099990002e-05
5256	-0.0032401911215981	0.040423559554728	9.999000099990002e-05
5257	-0.0044674233839184	0.040423559554728	9.999000099990002e-05
5258	-0.0033256011281412	0.040423559554728	9.999000099990002e-05
5259	-0.0012469688943663	0.040423559554728	9.999000099990002e-05
5260	-0.001708071901213	0.040423559554728	9.999000099990002e-05
5261	-0.0014298503236585	0.040423559554728	9.999000099990002e-05
5262	0.0020090671683006	0.040423559554728	9.999000099990002e-05
5263	8.215369289960584e-05	0.040423559554728	9.999000099990002e-05
5264	-0.0033077251725512	0.040423559554728	9.999000099990002e-05
5265	-0.0040623483850855	0.040423559554728	9.999000099990002e-05
5266	5.321314984797349e-05	0.040423559554728	9.999000099990002e-05
5267	-0.0071571771762645	0.040423559554728	9.999000099990002e-05
5268	-0.0003834594734876	0.040423559554728	9.999000099990002e-05
5269	-0.0038390251788952	0.040423559554728	9.999000099990002e-05
5270	0.0011384140709848	0.040423559554728	9.999000099990002e-05
5271	-0.001680330168801	0.040423559554728	9.999000099990002e-05
5272	-0.0005785601534095	0.040423559554728	9.999000099990002e-05
5273	-0.0028742961860906	0.040423559554728	9.999000099990002e-05
5274	-0.0033251178912657	0.040423559554728	9.999000099990002e-05
5275	-0.0051106108187348	0.040423559554728	9.999000099990002e-05
5276	-0.003636470789945	0.040423559554728	9.999000099990002e-05
5277	-0.0039779122198234	0.040423559554728	9.999000099990002e-05
5278	-0.0047863049172909	0.040423559554728	9.999000099990002e-05
5279	-0.0061082391612664	0.040423559554728	9.999000099990002e-05
5280	-0.0042024606866634	0.040423559554728	9.999000099990002e-05
5281	-0.0028898266317304	0.040423559554728	9.999000099990002e-05
5282	-0.0026526118609989	0.040423559554728	9.999000099990002e-05
5283	-0.0038218415018241	0.040423559554728	9.999000099990002e-05
5284	-0.0045281872902862	0.040423559554728	9.999000099990002e-05
5285	0.0013470959558386	0.040423559554728	9.999000099990002e-05
5286	-0.0031414962848909	0.040423559554728	9.999000099990002e-05
5287	-0.0013464447469717	0.040423559554728	9.999000099990002e-05
5288	-0.0044064925250869	0.040423559554728	9.999000099990002e-05
5289	-0.0010570580719171	0.040423559554728	9.999000099990002e-05
5290	-0.0055724182999596	0.040423559554728	9.999000099990002e-05
5291	-0.0031271534735592	0.040423559554728	9.999000099990002e-05
5292	-0.0048727043081027	0.040423559554728	9.999000099990002e-05
5293	-0.0019562552891514	0.040423559554728	9.999000099990002e-05
5294	-0.0037362469223014	0.040423559554728	9.999000099990002e-05
5295	-0.0023271399084551	0.040423559554728	9.999000099990002e-05
5296	-0.0025335186033748	0.040423559554728	9.999000099990002e-05
5297	-0.0059568707549173	0.040423559554728	9.999000099990002e-05
5298	0.0014182841478235	0.040423559554728	9.999000099990002e-05
5299	-0.0009672049830591	0.040423559554728	9.999000099990002e-05
5300	-0.0029245309109103	0.040423559554728	9.999000099990002e-05
5301	7.770622469215199e-05	0.040423559554728	9.999000099990002e-05
5302	-0.005487350393038	0.040423559554728	9.999000099990002e-05
5303	-0.0056247646781675	0.040423559554728	9.999000099990002e-05
5304	-0.0010518099282402	0.040423559554728	9.999000099990002e-05
5305	-0.0003604892074795	0.040423559554728	9.999000099990002e-05
5306	0.0009226609346307	0.040423559554728	9.999000099990002e-05
5307	-0.0055993157672856	0.040423559554728	9.999000099990002e-05
5308	-0.0040176975555618	0.040423559554728	9.999000099990002e-05
5309	-0.0072562081685545	0.040423559554728	9.999000099990002e-05
5310	-0.0087786456657151	0.040423559554728	9.999000099990002e-05
5311	-0.0096775266370104	0.040423559554728	9.999000099990002e-05
5312	-0.0029181706933906	0.040423559554728	9.999000099990002e-05
5313	-0.006972214006141	0.040423559554728	9.999000099990002e-05
5314	-0.0069624513555038	0.040423559554728	9.999000099990002e-05
5315	-0.0066112749561261	0.040423559554728	9.999000099990002e-05
5316	-0.0053197606090763	0.040423559554728	9.999000099990002e-05
5317	0.0016003763088142	0.040423559554728	9.999000099990002e-05
5318	-0.002610131259613	0.040423559554728	9.999000099990002e-05
5319	-0.0013766966911423	0.040423559554728	9.999000099990002e-05
5320	-0.0033691717777251	0.040423559554728	9.999000099990002e-05
5321	-0.0056068233189161	0.040423559554728	9.999000099990002e-05
5322	-0.0084459721929668	0.040423559554728	9.999000099990002e-05
5323	-0.0057925939741843	0.040423559554728	9.999000099990002e-05
5324	-0.005829393652019	0.040423559554728	9.999000099990002e-05
5325	-0.0012771195782801	0.040423559554728	9.999000099990002e-05
5326	-0.0070543329581546	0.040423559554728	9.999000099990002e-05
5327	-0.0063411943069531	0.040423559554728	9.999000099990002e-05
5328	-0.0003457964865596	0.040423559554728	9.999000099990002e-05
5329	-0.0018090396113336	0.040423559554728	9.999000099990002e-05
5330	-0.0085031095240224	0.040423559554728	9.999000099990002e-05
5331	-0.0066327418227965	0.040423559554728	9.999000099990002e-05
5332	-0.0042370156723682	0.040423559554728	9.999000099990002e-05
5333	-0.0028985796229638	0.040423559554728	9.999000099990002e-05
5334	-0.0021664292815931	0.040423559554728	9.999000099990002e-05
5335	-0.0096838245286881	0.040423559554728	9.999000099990002e-05
5336	-0.0058988082698357	0.040423559554728	9.999000099990002e-05
5337	-0.0008756048662249	0.040423559554728	9.999000099990002e-05
5338	-0.004941021702555	0.040423559554728	9.999000099990002e-05
5339	-0.0076702778059132	0.040423559554728	9.999000099990002e-05
5340	-0.0063299253907588	0.040423559554728	9.999000099990002e-05
5341	-0.0034391315542954	0.040423559554728	9.999000099990002e-05
5342	-0.000956737088589	0.040423559554728	9.999000099990002e-05
5343	0.0013204768580371	0.040423559554728	9.999000099990002e-05
5344	-0.0010267282781531	0.040423559554728	9.999000099990002e-05
5345	-0.005679551632471	0.040423559554728	9.999000099990002e-05
5346	0.0005603922666535	0.040423559554728	9.999000099990002e-05
5347	0.00029873285826	0.040423559554728	9.999000099990002e-05
5348	-0.0001005199258768	0.040423559554728	9.999000099990002e-05
5349	-0.0026173932204952	0.040423559554728	9.999000099990002e-05
5350	-0.0062682794198361	0.040423559554728	9.999000099990002e-05
5351	-0.0040642777353859	0.040423559554728	9.999000099990002e-05
5352	-0.0044417294593793	0.040423559554728	9.999000099990002e-05
5353	-0.0059275530058671	0.040423559554728	9.999000099990002e-05
5354	-0.0043695916831773	0.040423559554728	9.999000099990002e-05
5355	-0.0066073915175522	0.040423559554728	9.999000099990002e-05
5356	-0.0010985986495622	0.040423559554728	9.999000099990002e-05
5357	0.0006178919724657	0.040423559554728	9.999000099990002e-05
5358	-0.0015671882981042	0.040423559554728	9.999000099990002e-05
5359	-0.0073852218150578	0.040423559554728	9.999000099990002e-05
5360	-0.0066151975984241	0.040423559554728	9.999000099990002e-05
5361	-0.0039994561281595	0.040423559554728	9.999000099990002e-05
5362	-0.0054776548003901	0.040423559554728	9.999000099990002e-05
5363	-0.0028815925223678	0.040423559554728	9.999000099990002e-05
5364	-0.0033288608081496	0.040423559554728	9.999000099990002e-05
5365	-0.0035810945871256	0.040423559554728	9.999000099990002e-05
5366	-0.0053403784977497	0.040423559554728	9.999000099990002e-05
5367	0.0018185508041293	0.040423559554728	9.999000099990002e-05
5368	-0.0047203882988827	0.040423559554728	9.999000099990002e-05
5369	-0.0002655631413388	0.040423559554728	9.999000099990002e-05
5370	-0.0044109657507951	0.040423559554728	9.999000099990002e-05
5371	0.0001371545171756	0.040423559554728	9.999000099990002e-05
5372	-0.0022358835455704	0.040423559554728	9.999000099990002e-05
5373	0.0015121154336188	0.040423559554728	9.999000099990002e-05
5374	-0.0031904546572596	0.040423559554728	9.999000099990002e-05
5375	-0.0051456809544544	0.040423559554728	9.999000099990002e-05
5376	-0.0053346171854042	0.040423559554728	9.999000099990002e-05
5377	-0.0001078170316088	0.040423559554728	9.999000099990002e-05
5378	-0.0058572560349498	0.040423559554728	9.999000099990002e-05
5379	-0.001744972550759	0.040423559554728	9.999000099990002e-05
5380	-0.0062637438682859	0.040423559554728	9.999000099990002e-05
5381	-0.0050031008765523	0.040423559554728	9.999000099990002e-05
5382	0.00037759528503	0.040423559554728	9.999000099990002e-05
5383	-0.000463009485102	0.040423559554728	9.999000099990002e-05
5384	-0.003724595221561	0.040423559554728	9.999000099990002e-05
5385	-0.0050873561045089	0.040423559554728	9.999000099990002e-05
5386	-0.0002712555297671	0.040423559554728	9.999000099990002e-05
5387	-0.0011546315051415	0.040423559554728	9.999000099990002e-05
5388	-0.0010702380061502	0.040423559554728	9.999000099990002e-05
5389	-0.0029789269244463	0.040423559554728	9.999000099990002e-05
5390	-0.0018846512452986	0.040423559554728	9.999000099990002e-05
5391	-0.0021973662714071	0.040423559554728	9.999000099990002e-05
5392	-0.0044320723779461	0.040423559554728	9.999000099990002e-05
5393	-0.0036079213992609	0.040423559554728	9.999000099990002e-05
5394	-0.0014462018545572	0.040423559554728	9.999000099990002e-05
5395	-0.0008036108626596	0.040423559554728	9.999000099990002e-05
5396	-0.0064178547655731	0.040423559554728	9.999000099990002e-05
5397	-0.002390866312136	0.040423559554728	9.999000099990002e-05
5398	-0.0050278980399489	0.040423559554728	9.999000099990002e-05
5399	-0.004727976258544	0.040423559554728	9.999000099990002e-05
5400	-0.0026770516126227	0.040423559554728	9.999000099990002e-05
5401	-0.0022572901639268	0.040423559554728	9.999000099990002e-05
5402	-0.0018706810040001	0.040423559554728	9.999000099990002e-05
5403	-0.0027927959334769	0.040423559554728	9.999000099990002e-05
5404	-0.0004782696982022	0.040423559554728	9.999000099990002e-05
5405	-0.0042245505232081	0.040423559554728	9.999000099990002e-05
5406	-0.00270649033921	0.040423559554728	9.999000099990002e-05
5407	0.0017440993349346	0.040423559554728	9.999000099990002e-05
5408	-0.0028622182843147	0.040423559554728	9.999000099990002e-05
5409	-0.0018649466033375	0.040423559554728	9.999000099990002e-05
5410	-0.0023025842576962	0.040423559554728	9.999000099990002e-05
5411	-0.0060446771516119	0.040423559554728	9.999000099990002e-05
5412	-0.0080243861360106	0.040423559554728	9.999000099990002e-05
5413	-0.0077864088932424	0.040423559554728	9.999000099990002e-05
5414	-0.0009175672397765	0.040423559554728	9.999000099990002e-05
5415	-0.0009559827150645	0.040423559554728	9.999000099990002e-05
5416	-0.0073929795741658	0.040423559554728	9.999000099990002e-05
5417	-0.0004852350534802	0.040423559554728	9.999000099990002e-05
5418	-0.0076695259138806	0.040423559554728	9.999000099990002e-05
5419	-0.0029019913664848	0.040423559554728	9.999000099990002e-05
5420	-0.0010208975994538	0.040423559554728	9.999000099990002e-05
5421	-0.0051434320687956	0.040423559554728	9.999000099990002e-05
5422	-0.0045494236667594	0.040423559554728	9.999000099990002e-05
5423	-0.0029039527068702	0.040423559554728	9.999000099990002e-05
5424	-0.0043847833955604	0.040423559554728	9.999000099990002e-05
5425	-0.0041777569543206	0.040423559554728	9.999000099990002e-05
5426	-0.0031464438987439	0.040423559554728	9.999000099990002e-05
5427	-0.0005883990762577	0.040423559554728	9.999000099990002e-05
5428	-0.0021985891467468	0.040423559554728	9.999000099990002e-05
5429	-0.0042492416172551	0.040423559554728	9.999000099990002e-05
5430	-0.0006348044551787	0.040423559554728	9.999000099990002e-05
5431	-0.0070578691994687	0.040423559554728	9.999000099990002e-05
5432	-0.0047713659323497	0.040423559554728	9.999000099990002e-05
5433	-0.0069544314816049	0.040423559554728	9.999000099990002e-05
5434	-0.0036320295543217	0.040423559554728	9.999000099990002e-05
5435	-0.0057097552548777	0.040423559554728	9.999000099990002e-05
5436	-0.0013167352876992	0.040423559554728	9.999000099990002e-05
5437	-0.0057360550481572	0.040423559554728	9.999000099990002e-05
5438	-0.0026246894221178	0.040423559554728	9.999000099990002e-05
5439	0.0007313390089518	0.040423559554728	9.999000099990002e-05
5440	-0.0025248377870053	0.040423559554728	9.999000099990002e-05
5441	-0.0044269086627015	0.040423559554728	9.999000099990002e-05
5442	-0.0036348368525938	0.040423559554728	9.999000099990002e-05
5443	-0.0026881917605495	0.040423559554728	9.999000099990002e-05
5444	-0.0044428397442397	0.040423559554728	9.999000099990002e-05
5445	-0.0063692691171286	0.040423559554728	9.999000099990002e-05
5446	-0.0016155596149032	0.040423559554728	9.999000099990002e-05
5447	-0.003171480381832	0.040423559554728	9.999000099990002e-05
5448	-0.007895404364174	0.040423559554728	9.999000099990002e-05
5449	-0.0029043558434969	0.040423559554728	9.999000099990002e-05
5450	-0.0058194294234503	0.040423559554728	9.999000099990002e-05
5451	-0.0005625961584406	0.040423559554728	9.999000099990002e-05
5452	-0.0023570383650726	0.040423559554728	9.999000099990002e-05
5453	-0.0022913533910438	0.040423559554728	9.999000099990002e-05
5454	-0.0027900597905411	0.040423559554728	9.999000099990002e-05
5455	0.001078185435876	0.040423559554728	9.999000099990002e-05
5456	-0.0075595612568698	0.040423559554728	9.999000099990002e-05
5457	-0.0098719885347612	0.040423559554728	9.999000099990002e-05
5458	-0.0033316077042167	0.040423559554728	9.999000099990002e-05
5459	-0.0093063953689579	0.040423559554728	9.999000099990002e-05
5460	-0.0011785156911349	0.040423559554728	9.999000099990002e-05
5461	-0.0092977363473967	0.040423559554728	9.999000099990002e-05
5462	-0.0022564122544279	0.040423559554728	9.999000099990002e-05
5463	-0.0030711974480456	0.040423559554728	9.999000099990002e-05
5464	-0.0056823525827406	0.040423559554728	9.999000099990002e-05
5465	-0.0018744799179599	0.040423559554728	9.999000099990002e-05
5466	0.0008567652646306	0.040423559554728	9.999000099990002e-05
5467	0.0009668165622563	0.040423559554728	9.999000099990002e-05
5468	-0.0039670651187721	0.040423559554728	9.999000099990002e-05
5469	-0.0031454824841586	0.040423559554728	9.999000099990002e-05
5470	0.0007274471640838	0.040423559554728	9.999000099990002e-05
5471	-0.001394612869984	0.040423559554728	9.999000099990002e-05
5472	-0.002563773586892	0.040423559554728	9.999000099990002e-05
5473	-0.001860689844512	0.040423559554728	9.999000099990002e-05
5474	0.0003211901864358	0.040423559554728	9.999000099990002e-05
5475	0.0003828953861449	0.040423559554728	9.999000099990002e-05
5476	-0.0061544088561701	0.040423559554728	9.999000099990002e-05
5477	-0.0027970140656695	0.040423559554728	9.999000099990002e-05
5478	-0.0033527397233774	0.040423559554728	9.999000099990002e-05
5479	-0.0058784851977839	0.040423559554728	9.999000099990002e-05
5480	-0.0053771805224216	0.040423559554728	9.999000099990002e-05
5481	-0.0018504964915285	0.040423559554728	9.999000099990002e-05
5482	-0.0007669105791538	0.040423559554728	9.999000099990002e-05
5483	-0.0017628067057148	0.040423559554728	9.999000099990002e-05
5484	-0.0038093974934357	0.040423559554728	9.999000099990002e-05
5485	-0.0027518102866619	0.040423559554728	9.999000099990002e-05
5486	-0.003451806783863	0.040423559554728	9.999000099990002e-05
5487	-0.0024730396646068	0.040423559554728	9.999000099990002e-05
5488	-0.0054675463759845	0.040423559554728	9.999000099990002e-05
5489	-0.0008722732806617	0.040423559554728	9.999000099990002e-05
5490	-0.0066989746679072	0.040423559554728	9.999000099990002e-05
5491	-0.0062863607236863	0.040423559554728	9.999000099990002e-05
5492	-0.0046277826584645	0.040423559554728	9.999000099990002e-05
5493	-0.0052042034004026	0.040423559554728	9.999000099990002e-05
5494	-0.0013564733212013	0.040423559554728	9.999000099990002e-05
5495	-0.005423023583746	0.040423559554728	9.999000099990002e-05
5496	0.0033446597165828	0.040423559554728	9.999000099990002e-05
5497	-0.0026130425689429	0.040423559554728	9.999000099990002e-05
5498	-0.0054333884097405	0.040423559554728	9.999000099990002e-05
5499	-0.0033631093777009	0.040423559554728	9.999000099990002e-05
5500	-0.0040088470166911	0.040423559554728	9.999000099990002e-05
5501	-0.0027743317296623	0.040423559554728	9.999000099990002e-05
5502	-0.0063981537015771	0.040423559554728	9.999000099990002e-05
5503	-0.0020503664256717	0.040423559554728	9.999000099990002e-05
5504	-0.002263739542026	0.040423559554728	9.999000099990002e-05
5505	0.0006753305258545	0.040423559554728	9.999000099990002e-05
5506	-0.0055210449358687	0.040423559554728	9.999000099990002e-05
5507	-0.0040225570091266	0.040423559554728	9.999000099990002e-05
5508	-0.0032380927413058	0.040423559554728	9.999000099990002e-05
5509	-0.0054627557886278	0.040423559554728	9.999000099990002e-05
5510	-0.0072006870389161	0.040423559554728	9.999000099990002e-05
5511	-0.0010548158035699	0.040423559554728	9.999000099990002e-05
5512	-0.0007416301404089	0.040423559554728	9.999000099990002e-05
5513	0.0004006681963137	0.040423559554728	9.999000099990002e-05
5514	-0.0035976109160145	0.040423559554728	9.999000099990002e-05
5515	-0.004939188303273	0.040423559554728	9.999000099990002e-05
5516	-0.0023920235337416	0.040423559554728	9.999000099990002e-05
5517	-0.0048983501032416	0.040423559554728	9.999000099990002e-05
5518	-0.0058935396778965	0.040423559554728	9.999000099990002e-05
5519	-0.0126087490157488	0.040423559554728	9.999000099990002e-05
5520	-0.0009436453531169	0.040423559554728	9.999000099990002e-05
5521	-0.0076100882783466	0.040423559554728	9.999000099990002e-05
5522	-0.0011575924635449	0.040423559554728	9.999000099990002e-05
5523	-0.0039677963701786	0.040423559554728	9.999000099990002e-05
5524	-0.0009961213267561	0.040423559554728	9.999000099990002e-05
5525	-0.0017073319934396	0.040423559554728	9.999000099990002e-05
5526	-0.0036465934877379	0.040423559554728	9.999000099990002e-05
5527	-0.0017951466040646	0.040423559554728	9.999000099990002e-05
5528	0.0009839160224952	0.040423559554728	9.999000099990002e-05
5529	-0.0032114438656021	0.040423559554728	9.999000099990002e-05
5530	-0.003504622587232	0.040423559554728	9.999000099990002e-05
5531	-0.0052651454355656	0.040423559554728	9.999000099990002e-05
5532	-0.0018881251030615	0.040423559554728	9.999000099990002e-05
5533	-0.000551452759567	0.040423559554728	9.999000099990002e-05
5534	-0.0019381136985145	0.040423559554728	9.999000099990002e-05
5535	-0.003490972977765	0.040423559554728	9.999000099990002e-05
5536	-0.0027568697984849	0.040423559554728	9.999000099990002e-05
5537	-0.0020240850223628	0.040423559554728	9.999000099990002e-05
5538	0.0007802713737468	0.040423559554728	9.999000099990002e-05
5539	-0.002368697067852	0.040423559554728	9.999000099990002e-05
5540	-0.0032810187993345	0.040423559554728	9.999000099990002e-05
5541	-0.003559572069634	0.040423559554728	9.999000099990002e-05
5542	-0.0028585369622908	0.040423559554728	9.999000099990002e-05
5543	-0.0009102719422633	0.040423559554728	9.999000099990002e-05
5544	-0.0031973468758551	0.040423559554728	9.999000099990002e-05
5545	-0.0067749624498704	0.040423559554728	9.999000099990002e-05
5546	-0.0011228807975985	0.040423559554728	9.999000099990002e-05
5547	-0.0005529825319694	0.040423559554728	9.999000099990002e-05
5548	-0.0044050775938193	0.040423559554728	9.999000099990002e-05
5549	-0.0004492866812434	0.040423559554728	9.999000099990002e-05
5550	-0.0024989404955522	0.040423559554728	9.999000099990002e-05
5551	-0.0072605740553127	0.040423559554728	9.999000099990002e-05
5552	-0.0055216758888369	0.040423559554728	9.999000099990002e-05
5553	-0.0080049060786807	0.040423559554728	9.999000099990002e-05
5554	-0.0016873438650794	0.040423559554728	9.999000099990002e-05
5555	0.000673735099718	0.040423559554728	9.999000099990002e-05
5556	-0.0037904225062624	0.040423559554728	9.999000099990002e-05
5557	-0.0004270508021703	0.040423559554728	9.999000099990002e-05
5558	-0.003048103953845	0.040423559554728	9.999000099990002e-05
5559	-0.0027254441279025	0.040423559554728	9.999000099990002e-05
5560	-0.0064110423971535	0.040423559554728	9.999000099990002e-05
5561	-0.0049909329485602	0.040423559554728	9.999000099990002e-05
5562	-0.0009157605598138	0.040423559554728	9.999000099990002e-05
5563	-0.0043784212351672	0.040423559554728	9.999000099990002e-05
5564	-0.0035408213016008	0.040423559554728	9.999000099990002e-05
5565	-0.004580493791497	0.040423559554728	9.999000099990002e-05
5566	-0.0018577233267973	0.040423559554728	9.999000099990002e-05
5567	-0.0051190938659742	0.040423559554728	9.999000099990002e-05
5568	-0.0039960435574745	0.040423559554728	9.999000099990002e-05
5569	-0.0006420297323014	0.040423559554728	9.999000099990002e-05
5570	-0.0007895696006794	0.040423559554728	9.999000099990002e-05
5571	-0.0022411397492867	0.040423559554728	9.999000099990002e-05
5572	0.0007862611372342	0.040423559554728	9.999000099990002e-05
5573	-0.0042831642649729	0.040423559554728	9.999000099990002e-05
5574	-0.004711241731499	0.040423559554728	9.999000099990002e-05
5575	-0.0024492238831485	0.040423559554728	9.999000099990002e-05
5576	-0.0002970740482811	0.040423559554728	9.999000099990002e-05
5577	-0.0003397161197649	0.040423559554728	9.999000099990002e-05
5578	-0.0030075499134858	0.040423559554728	9.999000099990002e-05
5579	-0.0039985770644784	0.040423559554728	9.999000099990002e-05
5580	-0.0016122984729306	0.040423559554728	9.999000099990002e-05
5581	-0.0076419185282835	0.040423559554728	9.999000099990002e-05
5582	-0.0050555836406304	0.040423559554728	9.999000099990002e-05
5583	-0.0048983449863669	0.040423559554728	9.999000099990002e-05
5584	-0.0051377219059605	0.040423559554728	9.999000099990002e-05
5585	-0.0050484690495863	0.040423559554728	9.999000099990002e-05
5586	0.0006519608358393	0.040423559554728	9.999000099990002e-05
5587	0.0012868839601906	0.040423559554728	9.999000099990002e-05
5588	-0.0020911996627194	0.040423559554728	9.999000099990002e-05
5589	-0.0053508974647848	0.040423559554728	9.999000099990002e-05
5590	-0.0031561204281482	0.040423559554728	9.999000099990002e-05
5591	-0.0030078958796179	0.040423559554728	9.999000099990002e-05
5592	-0.0032497772208224	0.040423559554728	9.999000099990002e-05
5593	-0.0039620421945267	0.040423559554728	9.999000099990002e-05
5594	-0.0028173495836533	0.040423559554728	9.999000099990002e-05
5595	-0.0081018747588741	0.040423559554728	9.999000099990002e-05
5596	-0.0048688815025702	0.040423559554728	9.999000099990002e-05
5597	-0.0034136887605795	0.040423559554728	9.999000099990002e-05
5598	-0.0042000418284306	0.040423559554728	9.999000099990002e-05
5599	-0.0040094424785549	0.040423559554728	9.999000099990002e-05
5600	-0.0038824159876468	0.040423559554728	9.999000099990002e-05
5601	-0.0056495744029144	0.040423559554728	9.999000099990002e-05
5602	-0.0074328289862559	0.040423559554728	9.999000099990002e-05
5603	0.0012893067426431	0.040423559554728	9.999000099990002e-05
5604	-0.0057407029208776	0.040423559554728	9.999000099990002e-05
5605	-0.0069132939828774	0.040423559554728	9.999000099990002e-05
5606	-0.0038817512940839	0.040423559554728	9.999000099990002e-05
5607	-0.0044413863209937	0.040423559554728	9.999000099990002e-05
5608	-0.0005714694731745	0.040423559554728	9.999000099990002e-05
5609	-0.0041429720555099	0.040423559554728	9.999000099990002e-05
5610	-0.0025894664919035	0.040423559554728	9.999000099990002e-05
5611	-0.0002731241700807	0.040423559554728	9.999000099990002e-05
5612	-0.0039492430634936	0.040423559554728	9.999000099990002e-05
5613	-0.0004778372068734	0.040423559554728	9.999000099990002e-05
5614	-0.0021919548494134	0.040423559554728	9.999000099990002e-05
5615	-0.001848806230083	0.040423559554728	9.999000099990002e-05
5616	-0.0058834850383841	0.040423559554728	9.999000099990002e-05
5617	-0.0049189943072706	0.040423559554728	9.999000099990002e-05
5618	-0.0018336661096469	0.040423559554728	9.999000099990002e-05
5619	-0.0030655938739422	0.040423559554728	9.999000099990002e-05
5620	-0.0034753963648349	0.040423559554728	9.999000099990002e-05
5621	-0.0046491579215362	0.040423559554728	9.999000099990002e-05
5622	0.0021455851731969	0.040423559554728	9.999000099990002e-05
5623	-0.0027758560581716	0.040423559554728	9.999000099990002e-05
5624	-0.0013338438467416	0.040423559554728	9.999000099990002e-05
5625	-0.0018121163342176	0.040423559554728	9.999000099990002e-05
5626	-0.0043599512796777	0.040423559554728	9.999000099990002e-05
5627	-0.0044818047064648	0.040423559554728	9.999000099990002e-05
5628	-0.0052707358519914	0.040423559554728	9.999000099990002e-05
5629	0.0016911555712259	0.040423559554728	9.999000099990002e-05
5630	-0.0032847230703491	0.040423559554728	9.999000099990002e-05
5631	-0.0051421346909911	0.040423559554728	9.999000099990002e-05
5632	-0.0027682488044303	0.040423559554728	9.999000099990002e-05
5633	-0.0048653456075108	0.040423559554728	9.999000099990002e-05
5634	-0.0076159412519998	0.040423559554728	9.999000099990002e-05
5635	0.0014541383003152	0.040423559554728	9.999000099990002e-05
5636	-0.0092399848951975	0.040423559554728	9.999000099990002e-05
5637	-0.0016935263192948	0.040423559554728	9.999000099990002e-05
5638	-0.0012615878053307	0.040423559554728	9.999000099990002e-05
5639	-0.0044799909475177	0.040423559554728	9.999000099990002e-05
5640	-0.0055386016638823	0.040423559554728	9.999000099990002e-05
5641	-0.0032378247017126	0.040423559554728	9.999000099990002e-05
5642	0.0017120950727857	0.040423559554728	9.999000099990002e-05
5643	-0.0044589620353055	0.040423559554728	9.999000099990002e-05
5644	-0.00530769834647	0.040423559554728	9.999000099990002e-05
5645	-0.0072840956357131	0.040423559554728	9.999000099990002e-05
5646	-0.0034780889950995	0.040423559554728	9.999000099990002e-05
5647	-0.0079067216021321	0.040423559554728	9.999000099990002e-05
5648	-0.0013119863470857	0.040423559554728	9.999000099990002e-05
5649	-0.008866383061547	0.040423559554728	9.999000099990002e-05
5650	-0.0020671156685406	0.040423559554728	9.999000099990002e-05
5651	-0.0051528414819524	0.040423559554728	9.999000099990002e-05
5652	-0.0052510061642753	0.040423559554728	9.999000099990002e-05
5653	-0.0030750779626912	0.040423559554728	9.999000099990002e-05
5654	-0.000805931076782	0.040423559554728	9.999000099990002e-05
5655	-0.0047655686287541	0.040423559554728	9.999000099990002e-05
5656	-0.0038928605868717	0.040423559554728	9.999000099990002e-05
5657	-0.0033323981459368	0.040423559554728	9.999000099990002e-05
5658	-0.0057434062465645	0.040423559554728	9.999000099990002e-05
5659	-0.0061358511828288	0.040423559554728	9.999000099990002e-05
5660	-0.0017538737967036	0.040423559554728	9.999000099990002e-05
5661	-0.0038238260220365	0.040423559554728	9.999000099990002e-05
5662	-0.0066418568425318	0.040423559554728	9.999000099990002e-05
5663	-0.0019815558683766	0.040423559554728	9.999000099990002e-05
5664	-0.0038179064905396	0.040423559554728	9.999000099990002e-05
5665	4.2240935439792625e-05	0.040423559554728	9.999000099990002e-05
5666	-0.0042399106115464	0.040423559554728	9.999000099990002e-05
5667	-0.0024047461424909	0.040423559554728	9.999000099990002e-05
5668	-0.0036664181646538	0.040423559554728	9.999000099990002e-05
5669	0.0005919801383161	0.040423559554728	9.999000099990002e-05
5670	-0.0071149177739086	0.040423559554728	9.999000099990002e-05
5671	-0.0009349863315557	0.040423559554728	9.999000099990002e-05
5672	-0.0051604326540877	0.040423559554728	9.999000099990002e-05
5673	-0.0026288951468512	0.040423559554728	9.999000099990002e-05
5674	-0.0041377351651101	0.040423559554728	9.999000099990002e-05
5675	0.0006251002254002	0.040423559554728	9.999000099990002e-05
5676	-0.0041997406253338	0.040423559554728	9.999000099990002e-05
5677	-0.0042404268580344	0.040423559554728	9.999000099990002e-05
5678	-0.0017482936717363	0.040423559554728	9.999000099990002e-05
5679	0.000799436858702	0.040423559554728	9.999000099990002e-05
5680	-0.0063887428841652	0.040423559554728	9.999000099990002e-05
5681	-0.006266584099225	0.040423559554728	9.999000099990002e-05
5682	0.0023369637884612	0.040423559554728	9.999000099990002e-05
5683	-0.000409222379653	0.040423559554728	9.999000099990002e-05
5684	-0.0063849106912836	0.040423559554728	9.999000099990002e-05
5685	-0.0021868355894221	0.040423559554728	9.999000099990002e-05
5686	-0.004464598330476	0.040423559554728	9.999000099990002e-05
5687	-0.0079343328542398	0.040423559554728	9.999000099990002e-05
5688	-0.0017515348463558	0.040423559554728	9.999000099990002e-05
5689	-0.000809135202151	0.040423559554728	9.999000099990002e-05
5690	-0.0013581491746049	0.040423559554728	9.999000099990002e-05
5691	-0.0031882232382256	0.040423559554728	9.999000099990002e-05
5692	-0.0060774093565115	0.040423559554728	9.999000099990002e-05
5693	-0.003040244819062	0.040423559554728	9.999000099990002e-05
5694	-0.0060305784883007	0.040423559554728	9.999000099990002e-05
5695	-0.0032508963928861	0.040423559554728	9.999000099990002e-05
5696	-0.0013111734757571	0.040423559554728	9.999000099990002e-05
5697	-0.0045017303550921	0.040423559554728	9.999000099990002e-05
5698	-0.0030494939547758	0.040423559554728	9.999000099990002e-05
5699	-0.0005911420288688	0.040423559554728	9.999000099990002e-05
5700	-0.0047771470196846	0.040423559554728	9.999000099990002e-05
5701	-0.0027933790263541	0.040423559554728	9.999000099990002e-05
5702	-0.0002444882349636	0.040423559554728	9.999000099990002e-05
5703	-0.0020538433227813	0.040423559554728	9.999000099990002e-05
5704	-0.0043995595638576	0.040423559554728	9.999000099990002e-05
5705	-0.0042927557503811	0.040423559554728	9.999000099990002e-05
5706	-0.0064426434649665	0.040423559554728	9.999000099990002e-05
5707	-0.0030982706780933	0.040423559554728	9.999000099990002e-05
5708	-0.0030715342769015	0.040423559554728	9.999000099990002e-05
5709	-0.0051777860344236	0.040423559554728	9.999000099990002e-05
5710	0.0014176646789687	0.040423559554728	9.999000099990002e-05
5711	-0.0022418459549382	0.040423559554728	9.999000099990002e-05
5712	-0.0069043944297334	0.040423559554728	9.999000099990002e-05
5713	-0.0045966468030473	0.040423559554728	9.999000099990002e-05
5714	-0.0076194015673576	0.040423559554728	9.999000099990002e-05
5715	-0.0097583625423159	0.040423559554728	9.999000099990002e-05
5716	-0.0024888155471039	0.040423559554728	9.999000099990002e-05
5717	-0.0011321480155011	0.040423559554728	9.999000099990002e-05
5718	0.0015715182897941	0.040423559554728	9.999000099990002e-05
5719	-0.0036259822356124	0.040423559554728	9.999000099990002e-05
5720	-0.0033136718465675	0.040423559554728	9.999000099990002e-05
5721	-0.0056380731498314	0.040423559554728	9.999000099990002e-05
5722	-0.0003162989159134	0.040423559554728	9.999000099990002e-05
5723	-0.0039419559029653	0.040423559554728	9.999000099990002e-05
5724	-0.002240119567588	0.040423559554728	9.999000099990002e-05
5725	-0.0047832971952696	0.040423559554728	9.999000099990002e-05
5726	-0.0060871143942175	0.040423559554728	9.999000099990002e-05
5727	-0.0052479356547391	0.040423559554728	9.999000099990002e-05
5728	-0.0057777263177068	0.040423559554728	9.999000099990002e-05
5729	-0.0047166538075293	0.040423559554728	9.999000099990002e-05
5730	-0.0047501747421119	0.040423559554728	9.999000099990002e-05
5731	-0.0035090117307627	0.040423559554728	9.999000099990002e-05
5732	-0.0102961192558164	0.040423559554728	9.999000099990002e-05
5733	-0.0062224655977955	0.040423559554728	9.999000099990002e-05
5734	-0.0009401595495675	0.040423559554728	9.999000099990002e-05
5735	-0.0040779371938748	0.040423559554728	9.999000099990002e-05
5736	-0.0053705238339523	0.040423559554728	9.999000099990002e-05
5737	-5.42987736807235e-05	0.040423559554728	9.999000099990002e-05
5738	-0.0022231391997218	0.040423559554728	9.999000099990002e-05
5739	-0.0027382654384713	0.040423559554728	9.999000099990002e-05
5740	-0.0006276333669129	0.040423559554728	9.999000099990002e-05
5741	-2.305881102373092e-05	0.040423559554728	9.999000099990002e-05
5742	-0.0033964270030786	0.040423559554728	9.999000099990002e-05
5743	-0.0029234302827082	0.040423559554728	9.999000099990002e-05
5744	-0.0034671434807743	0.040423559554728	9.999000099990002e-05
5745	-0.0030589544404976	0.040423559554728	9.999000099990002e-05
5746	-0.0009598928729577	0.040423559554728	9.999000099990002e-05
5747	-0.0033988136980991	0.040423559554728	9.999000099990002e-05
5748	-0.0090902493874356	0.040423559554728	9.999000099990002e-05
5749	-0.0009602755036129	0.040423559554728	9.999000099990002e-05
5750	-0.0008296673350826	0.040423559554728	9.999000099990002e-05
5751	-0.0036013708763231	0.040423559554728	9.999000099990002e-05
5752	-0.0043562867317692	0.040423559554728	9.999000099990002e-05
5753	-0.0026300284768839	0.040423559554728	9.999000099990002e-05
5754	-0.0022382532741117	0.040423559554728	9.999000099990002e-05
5755	-0.0016281713644466	0.040423559554728	9.999000099990002e-05
5756	-0.0028311828619904	0.040423559554728	9.999000099990002e-05
5757	-0.003010554365324	0.040423559554728	9.999000099990002e-05
5758	-0.0026022920344739	0.040423559554728	9.999000099990002e-05
5759	-0.006688509312638	0.040423559554728	9.999000099990002e-05
5760	-0.0006663529692262	0.040423559554728	9.999000099990002e-05
5761	-0.0015059702594903	0.040423559554728	9.999000099990002e-05
5762	-0.0067886303146534	0.040423559554728	9.999000099990002e-05
5763	-0.0011100114538113	0.040423559554728	9.999000099990002e-05
5764	-0.0061380709061492	0.040423559554728	9.999000099990002e-05
5765	-0.0041183872424126	0.040423559554728	9.999000099990002e-05
5766	-0.0022865018628638	0.040423559554728	9.999000099990002e-05
5767	-0.0093842863782297	0.040423559554728	9.999000099990002e-05
5768	-0.002651317888032	0.040423559554728	9.999000099990002e-05
5769	-0.0052281014365831	0.040423559554728	9.999000099990002e-05
5770	-0.0033325779675327	0.040423559554728	9.999000099990002e-05
5771	-0.0046222269636884	0.040423559554728	9.999000099990002e-05
5772	-0.0048247013293353	0.040423559554728	9.999000099990002e-05
5773	0.0004745658503878	0.040423559554728	9.999000099990002e-05
5774	-0.0050657604310985	0.040423559554728	9.999000099990002e-05
5775	-0.0101506154418887	0.040423559554728	9.999000099990002e-05
5776	-0.0043931539677387	0.040423559554728	9.999000099990002e-05
5777	-0.0058048119744501	0.040423559554728	9.999000099990002e-05
5778	-0.00439566660328	0.040423559554728	9.999000099990002e-05
5779	-0.0060984841667048	0.040423559554728	9.999000099990002e-05
5780	-0.0031429806402214	0.040423559554728	9.999000099990002e-05
5781	-0.0024030790801089	0.040423559554728	9.999000099990002e-05
5782	-0.0042126521737189	0.040423559554728	9.999000099990002e-05
5783	-0.0017759846008926	0.040423559554728	9.999000099990002e-05
5784	-0.0066919894414579	0.040423559554728	9.999000099990002e-05
5785	-0.0082864128436716	0.040423559554728	9.999000099990002e-05
5786	-0.0051919316344799	0.040423559554728	9.999000099990002e-05
5787	-0.0029545657149252	0.040423559554728	9.999000099990002e-05
5788	-0.0063450943657515	0.040423559554728	9.999000099990002e-05
5789	-0.007002734720887	0.040423559554728	9.999000099990002e-05
5790	-0.0005807050087741	0.040423559554728	9.999000099990002e-05
5791	-0.0008397866472741	0.040423559554728	9.999000099990002e-05
5792	-0.0095254816682575	0.040423559554728	9.999000099990002e-05
5793	-0.0041388361010942	0.040423559554728	9.999000099990002e-05
5794	-0.0046604436695551	0.040423559554728	9.999000099990002e-05
5795	-0.0031559401448794	0.040423559554728	9.999000099990002e-05
5796	-0.004706528128099	0.040423559554728	9.999000099990002e-05
5797	-0.0057023389798274	0.040423559554728	9.999000099990002e-05
5798	0.0004719775774357	0.040423559554728	9.999000099990002e-05
5799	-0.0033498084082216	0.040423559554728	9.999000099990002e-05
5800	-0.0011964354479416	0.040423559554728	9.999000099990002e-05
5801	-0.0047730348991325	0.040423559554728	9.999000099990002e-05
5802	-0.0041266284692324	0.040423559554728	9.999000099990002e-05
5803	-0.0017622966725746	0.040423559554728	9.999000099990002e-05
5804	-0.0060420505405725	0.040423559554728	9.999000099990002e-05
5805	-0.0025792828148146	0.040423559554728	9.999000099990002e-05
5806	-0.0072329603024768	0.040423559554728	9.999000099990002e-05
5807	-0.0029671419541278	0.040423559554728	9.999000099990002e-05
5808	-0.0020533285574938	0.040423559554728	9.999000099990002e-05
5809	-0.0022811721762104	0.040423559554728	9.999000099990002e-05
5810	-0.0009559705769144	0.040423559554728	9.999000099990002e-05
5811	-0.0073837475972949	0.040423559554728	9.999000099990002e-05
5812	-0.0035636841132406	0.040423559554728	9.999000099990002e-05
5813	-0.0037206559590385	0.040423559554728	9.999000099990002e-05
5814	-0.0053622064695761	0.040423559554728	9.999000099990002e-05
5815	-0.0043992678250553	0.040423559554728	9.999000099990002e-05
5816	-0.005879948893252	0.040423559554728	9.999000099990002e-05
5817	-0.0060905737862295	0.040423559554728	9.999000099990002e-05
5818	-0.0046363710248351	0.040423559554728	9.999000099990002e-05
5819	-0.0053619491254051	0.040423559554728	9.999000099990002e-05
5820	-0.0052458242321874	0.040423559554728	9.999000099990002e-05
5821	6.975144667260846e-05	0.040423559554728	9.999000099990002e-05
5822	-0.000264801958139	0.040423559554728	9.999000099990002e-05
5823	0.005219068921643	0.040423559554728	9.999000099990002e-05
5824	-0.0059580016996401	0.040423559554728	9.999000099990002e-05
5825	-0.0039870798125606	0.040423559554728	9.999000099990002e-05
5826	-0.0006681674783919	0.040423559554728	9.999000099990002e-05
5827	-0.0031566258637958	0.040423559554728	9.999000099990002e-05
5828	-0.0040774638637304	0.040423559554728	9.999000099990002e-05
5829	-0.0099524950172136	0.040423559554728	9.999000099990002e-05
5830	-0.0024179310589441	0.040423559554728	9.999000099990002e-05
5831	-0.0013025054323379	0.040423559554728	9.999000099990002e-05
5832	-0.0018684247508112	0.040423559554728	9.999000099990002e-05
5833	-0.0039636920595931	0.040423559554728	9.999000099990002e-05
5834	-0.0010109366218318	0.040423559554728	9.999000099990002e-05
5835	-0.0030587800243219	0.040423559554728	9.999000099990002e-05
5836	-0.0027319373841639	0.040423559554728	9.999000099990002e-05
5837	-0.0060820446486452	0.040423559554728	9.999000099990002e-05
5838	-0.0060024355236627	0.040423559554728	9.999000099990002e-05
5839	-0.0052583372799112	0.040423559554728	9.999000099990002e-05
5840	-0.0042324859494384	0.040423559554728	9.999000099990002e-05
5841	-0.0032112416528703	0.040423559554728	9.999000099990002e-05
5842	-5.5925670520169665e-05	0.040423559554728	9.999000099990002e-05
5843	-0.004340440328736	0.040423559554728	9.999000099990002e-05
5844	-0.002698471811857	0.040423559554728	9.999000099990002e-05
5845	-0.0005414663514626	0.040423559554728	9.999000099990002e-05
5846	-0.0008585628650261	0.040423559554728	9.999000099990002e-05
5847	-0.0012365894679663	0.040423559554728	9.999000099990002e-05
5848	-0.0090617148472299	0.040423559554728	9.999000099990002e-05
5849	-0.0038792576448407	0.040423559554728	9.999000099990002e-05
5850	-0.0024754811448118	0.040423559554728	9.999000099990002e-05
5851	-0.0044369643602142	0.040423559554728	9.999000099990002e-05
5852	-0.0066149432358906	0.040423559554728	9.999000099990002e-05
5853	-0.000222965929072	0.040423559554728	9.999000099990002e-05
5854	-0.0028470616398359	0.040423559554728	9.999000099990002e-05
5855	-0.0039313491603695	0.040423559554728	9.999000099990002e-05
5856	-0.0016491052874589	0.040423559554728	9.999000099990002e-05
5857	-0.0019918888966498	0.040423559554728	9.999000099990002e-05
5858	-0.0039252903960194	0.040423559554728	9.999000099990002e-05
5859	-0.0038513115452234	0.040423559554728	9.999000099990002e-05
5860	-0.0053189395045809	0.040423559554728	9.999000099990002e-05
5861	-0.0028928889850453	0.040423559554728	9.999000099990002e-05
5862	-0.0052801908938202	0.040423559554728	9.999000099990002e-05
5863	-0.0051615303006523	0.040423559554728	9.999000099990002e-05
5864	-0.0006364486839884	0.040423559554728	9.999000099990002e-05
5865	-0.0036262566232081	0.040423559554728	9.999000099990002e-05
5866	-0.0036098846055743	0.040423559554728	9.999000099990002e-05
5867	-0.0040704915064133	0.040423559554728	9.999000099990002e-05
5868	-0.005847204069293	0.040423559554728	9.999000099990002e-05
5869	-0.0063197934402715	0.040423559554728	9.999000099990002e-05
5870	-0.0023625007249767	0.040423559554728	9.999000099990002e-05
5871	-0.0007526205139513	0.040423559554728	9.999000099990002e-05
5872	-0.0027906118936247	0.040423559554728	9.999000099990002e-05
5873	-0.0074650704520954	0.040423559554728	9.999000099990002e-05
5874	-0.0032769051591091	0.040423559554728	9.999000099990002e-05
5875	-0.0022837051830686	0.040423559554728	9.999000099990002e-05
5876	0.0007235357558265	0.040423559554728	9.999000099990002e-05
5877	-0.007676267280855	0.040423559554728	9.999000099990002e-05
5878	-0.0049777102326381	0.040423559554728	9.999000099990002e-05
5879	-0.0022564160824658	0.040423559554728	9.999000099990002e-05
5880	-0.0059674661672907	0.040423559554728	9.999000099990002e-05
5881	-0.0021616678373384	0.040423559554728	9.999000099990002e-05
5882	0.003030860855624	0.040423559554728	9.999000099990002e-05
5883	0.0007282655177781	0.040423559554728	9.999000099990002e-05
5884	-0.0022697409242814	0.040423559554728	9.999000099990002e-05
5885	-0.0015731536506368	0.040423559554728	9.999000099990002e-05
5886	-0.0043443897480624	0.040423559554728	9.999000099990002e-05
5887	-0.0040926525944761	0.040423559554728	9.999000099990002e-05
5888	-0.0005948197729278	0.040423559554728	9.999000099990002e-05
5889	0.0001966889886012	0.040423559554728	9.999000099990002e-05
5890	-0.0054666371496736	0.040423559554728	9.999000099990002e-05
5891	-0.0011835874757626	0.040423559554728	9.999000099990002e-05
5892	-0.0085850369202538	0.040423559554728	9.999000099990002e-05
5893	-0.0014102567140307	0.040423559554728	9.999000099990002e-05
5894	-0.0060592246571672	0.040423559554728	9.999000099990002e-05
5895	-0.0039404795499652	0.040423559554728	9.999000099990002e-05
5896	-0.0051832379682146	0.040423559554728	9.999000099990002e-05
5897	-0.0041194355861583	0.040423559554728	9.999000099990002e-05
5898	-0.0020195926949382	0.040423559554728	9.999000099990002e-05
5899	-0.0080095774197737	0.040423559554728	9.999000099990002e-05
5900	-0.0020056134894909	0.040423559554728	9.999000099990002e-05
5901	-0.0045519847202465	0.040423559554728	9.999000099990002e-05
5902	-0.002627197383221	0.040423559554728	9.999000099990002e-05
5903	0.0003625570788873	0.040423559554728	9.999000099990002e-05
5904	-0.0028085617168793	0.040423559554728	9.999000099990002e-05
5905	-0.0019314474688052	0.040423559554728	9.999000099990002e-05
5906	-0.0018162187596387	0.040423559554728	9.999000099990002e-05
5907	-0.0020450392205101	0.040423559554728	9.999000099990002e-05
5908	-0.0067567579178277	0.040423559554728	9.999000099990002e-05
5909	-0.0017618465799663	0.040423559554728	9.999000099990002e-05
5910	0.0005129488931543	0.040423559554728	9.999000099990002e-05
5911	-0.0022603610966632	0.040423559554728	9.999000099990002e-05
5912	-0.0024300170977049	0.040423559554728	9.999000099990002e-05
5913	-0.0047829133142503	0.040423559554728	9.999000099990002e-05
5914	-0.0014899145070317	0.040423559554728	9.999000099990002e-05
5915	-0.0017508432218735	0.040423559554728	9.999000099990002e-05
5916	-0.0018326237868852	0.040423559554728	9.999000099990002e-05
5917	-0.0028260381522803	0.040423559554728	9.999000099990002e-05
5918	-0.0014696394874347	0.040423559554728	9.999000099990002e-05
5919	-0.0037247113130599	0.040423559554728	9.999000099990002e-05
5920	-0.0041080222625272	0.040423559554728	9.999000099990002e-05
5921	-0.0038900195864777	0.040423559554728	9.999000099990002e-05
5922	0.001346822972498	0.040423559554728	9.999000099990002e-05
5923	-0.0023488966095271	0.040423559554728	9.999000099990002e-05
5924	-0.0052365918321163	0.040423559554728	9.999000099990002e-05
5925	-0.0055614435655868	0.040423559554728	9.999000099990002e-05
5926	-0.002506559541189	0.040423559554728	9.999000099990002e-05
5927	-0.0013060564279485	0.040423559554728	9.999000099990002e-05
5928	-0.0053706763783742	0.040423559554728	9.999000099990002e-05
5929	-0.0040945029217645	0.040423559554728	9.999000099990002e-05
5930	-0.0051382781256274	0.040423559554728	9.999000099990002e-05
5931	-0.0012404045597141	0.040423559554728	9.999000099990002e-05
5932	-0.0019949244536999	0.040423559554728	9.999000099990002e-05
5933	-0.0039729524678203	0.040423559554728	9.999000099990002e-05
5934	-0.0071454043056233	0.040423559554728	9.999000099990002e-05
5935	-0.0019864256133999	0.040423559554728	9.999000099990002e-05
5936	-0.0058429125311087	0.040423559554728	9.999000099990002e-05
5937	-0.0015999155784928	0.040423559554728	9.999000099990002e-05
5938	-0.0077895161634835	0.040423559554728	9.999000099990002e-05
5939	-0.0039393070546811	0.040423559554728	9.999000099990002e-05
5940	-0.0071053737831003	0.040423559554728	9.999000099990002e-05
5941	-0.0027043840335329	0.040423559554728	9.999000099990002e-05
5942	-0.0006279647134031	0.040423559554728	9.999000099990002e-05
5943	-0.0007098756433009	0.040423559554728	9.999000099990002e-05
5944	-0.0066455440124126	0.040423559554728	9.999000099990002e-05
5945	-0.006963556965926	0.040423559554728	9.999000099990002e-05
5946	-0.0003994103877242	0.040423559554728	9.999000099990002e-05
5947	-0.0030179456715647	0.040423559554728	9.999000099990002e-05
5948	-0.0036557813940828	0.040423559554728	9.999000099990002e-05
5949	-0.0044761027383238	0.040423559554728	9.999000099990002e-05
5950	-0.0046774037430499	0.040423559554728	9.999000099990002e-05
5951	-0.007883154200696	0.040423559554728	9.999000099990002e-05
5952	-0.0063074043709587	0.040423559554728	9.999000099990002e-05
5953	-0.000218565359137	0.040423559554728	9.999000099990002e-05
5954	-0.0007046219595492	0.040423559554728	9.999000099990002e-05
5955	-0.004348678554682	0.040423559554728	9.999000099990002e-05
5956	-0.0024278206119206	0.040423559554728	9.999000099990002e-05
5957	-0.0065102880288709	0.040423559554728	9.999000099990002e-05
5958	-0.0046352899792586	0.040423559554728	9.999000099990002e-05
5959	-0.0039593651649589	0.040423559554728	9.999000099990002e-05
5960	-0.0047382186258007	0.040423559554728	9.999000099990002e-05
5961	-0.0007498217951008	0.040423559554728	9.999000099990002e-05
5962	-0.0077485463482019	0.040423559554728	9.999000099990002e-05
5963	0.0004506562146755	0.040423559554728	9.999000099990002e-05
5964	-0.0051629180701641	0.040423559554728	9.999000099990002e-05
5965	-0.0021883707672447	0.040423559554728	9.999000099990002e-05
5966	-0.0034446495650208	0.040423559554728	9.999000099990002e-05
5967	-0.0050522801016962	0.040423559554728	9.999000099990002e-05
5968	-0.0077904565527154	0.040423559554728	9.999000099990002e-05
5969	-0.0028579417312635	0.040423559554728	9.999000099990002e-05
5970	-0.0051098253784712	0.040423559554728	9.999000099990002e-05
5971	-0.0064307944760054	0.040423559554728	9.999000099990002e-05
5972	-0.0043758176115912	0.040423559554728	9.999000099990002e-05
5973	-0.0058581859980686	0.040423559554728	9.999000099990002e-05
5974	-0.0016056698695629	0.040423559554728	9.999000099990002e-05
5975	-0.0084769695272766	0.040423559554728	9.999000099990002e-05
5976	-0.0069786733871531	0.040423559554728	9.999000099990002e-05
5977	-0.0040001273043795	0.040423559554728	9.999000099990002e-05
5978	-2.333133269143417e-05	0.040423559554728	9.999000099990002e-05
5979	-0.0032715768574744	0.040423559554728	9.999000099990002e-05
5980	-0.00106361954035	0.040423559554728	9.999000099990002e-05
5981	-0.0018692865979403	0.040423559554728	9.999000099990002e-05
5982	-0.0068483683838295	0.040423559554728	9.999000099990002e-05
5983	-0.002419021049433	0.040423559554728	9.999000099990002e-05
5984	-0.0008691299037523	0.040423559554728	9.999000099990002e-05
5985	0.0006846579343619	0.040423559554728	9.999000099990002e-05
5986	-0.0048092791075187	0.040423559554728	9.999000099990002e-05
5987	-0.0007865103059475	0.040423559554728	9.999000099990002e-05
5988	-0.0025750459848694	0.040423559554728	9.999000099990002e-05
5989	0.0009562183029	0.040423559554728	9.999000099990002e-05
5990	-0.0021345892211069	0.040423559554728	9.999000099990002e-05
5991	-0.0067323273034801	0.040423559554728	9.999000099990002e-05
5992	-0.0022625760301272	0.040423559554728	9.999000099990002e-05
5993	0.0013984286157684	0.040423559554728	9.999000099990002e-05
5994	-0.0019310592788388	0.040423559554728	9.999000099990002e-05
5995	-0.0090104421663048	0.040423559554728	9.999000099990002e-05
5996	-0.0033055100467235	0.040423559554728	9.999000099990002e-05
5997	2.072255376794896e-05	0.040423559554728	9.999000099990002e-05
5998	-0.0015938155136543	0.040423559554728	9.999000099990002e-05
5999	-0.0042206848975137	0.040423559554728	9.999000099990002e-05
6000	-0.0043032071208086	0.040423559554728	9.999000099990002e-05
6001	0.0033847312895214	0.040423559554728	9.999000099990002e-05
6002	-0.001926706376631	0.040423559554728	9.999000099990002e-05
6003	-0.0038307538663911	0.040423559554728	9.999000099990002e-05
6004	-0.0047713820139559	0.040423559554728	9.999000099990002e-05
6005	-0.0060925246812654	0.040423559554728	9.999000099990002e-05
6006	-0.0058428236013657	0.040423559554728	9.999000099990002e-05
6007	-0.0022839405593039	0.040423559554728	9.999000099990002e-05
6008	-0.0058372841613231	0.040423559554728	9.999000099990002e-05
6009	-0.002979837958976	0.040423559554728	9.999000099990002e-05
6010	-0.0002241111471821	0.040423559554728	9.999000099990002e-05
6011	0.0019022736847554	0.040423559554728	9.999000099990002e-05
6012	-0.0014067362273045	0.040423559554728	9.999000099990002e-05
6013	-0.0010797188439525	0.040423559554728	9.999000099990002e-05
6014	-0.0097385631612277	0.040423559554728	9.999000099990002e-05
6015	-0.0003299072056555	0.040423559554728	9.999000099990002e-05
6016	-0.0038556241857066	0.040423559554728	9.999000099990002e-05
6017	-3.0682935062459335e-05	0.040423559554728	9.999000099990002e-05
6018	-0.0045680174660054	0.040423559554728	9.999000099990002e-05
6019	-0.0011824270801559	0.040423559554728	9.999000099990002e-05
6020	-0.0014430791182738	0.040423559554728	9.999000099990002e-05
6021	-0.0003053389166008	0.040423559554728	9.999000099990002e-05
6022	-0.0063524546629622	0.040423559554728	9.999000099990002e-05
6023	-0.0028661568735642	0.040423559554728	9.999000099990002e-05
6024	-0.0035375786650171	0.040423559554728	9.999000099990002e-05
6025	-0.0027201177883776	0.040423559554728	9.999000099990002e-05
6026	-0.0030546652491506	0.040423559554728	9.999000099990002e-05
6027	-0.001794079139366	0.040423559554728	9.999000099990002e-05
6028	-0.0050149888961102	0.040423559554728	9.999000099990002e-05
6029	-0.0013223113153194	0.040423559554728	9.999000099990002e-05
6030	0.0017298540520038	0.040423559554728	9.999000099990002e-05
6031	-0.0049038276214061	0.040423559554728	9.999000099990002e-05
6032	-0.0072763324904213	0.040423559554728	9.999000099990002e-05
6033	-0.0085105197780885	0.040423559554728	9.999000099990002e-05
6034	-0.0017190913986211	0.040423559554728	9.999000099990002e-05
6035	-0.0020782609910512	0.040423559554728	9.999000099990002e-05
6036	-0.0015533250495011	0.040423559554728	9.999000099990002e-05
6037	-0.0038020759575125	0.040423559554728	9.999000099990002e-05
6038	-0.0014125544215991	0.040423559554728	9.999000099990002e-05
6039	-0.0024122576760503	0.040423559554728	9.999000099990002e-05
6040	-0.0045296041451909	0.040423559554728	9.999000099990002e-05
6041	-0.0056532967176449	0.040423559554728	9.999000099990002e-05
6042	-0.0036082654609923	0.040423559554728	9.999000099990002e-05
6043	-0.0073479605220287	0.040423559554728	9.999000099990002e-05
6044	-0.0049979180211185	0.040423559554728	9.999000099990002e-05
6045	6.542751443959078e-05	0.040423559554728	9.999000099990002e-05
6046	-0.0015043604253119	0.040423559554728	9.999000099990002e-05
6047	-0.0084933468541488	0.040423559554728	9.999000099990002e-05
6048	-0.0055723646689573	0.040423559554728	9.999000099990002e-05
6049	-0.0005063404495035	0.040423559554728	9.999000099990002e-05
6050	-0.004158840753497	0.040423559554728	9.999000099990002e-05
6051	-0.0071968681191305	0.040423559554728	9.999000099990002e-05
6052	-0.0023120173892984	0.040423559554728	9.999000099990002e-05
6053	-0.0010393019781547	0.040423559554728	9.999000099990002e-05
6054	-0.0030610099236826	0.040423559554728	9.999000099990002e-05
6055	-0.0028134045886923	0.040423559554728	9.999000099990002e-05
6056	-0.0038310073055788	0.040423559554728	9.999000099990002e-05
6057	-0.0031887357720941	0.040423559554728	9.999000099990002e-05
6058	-0.0016491955829843	0.040423559554728	9.999000099990002e-05
6059	-0.0047082640566891	0.040423559554728	9.999000099990002e-05
6060	-0.0055759857811401	0.040423559554728	9.999000099990002e-05
6061	-0.0034865049843497	0.040423559554728	9.999000099990002e-05
6062	-0.0007697793953402	0.040423559554728	9.999000099990002e-05
6063	-0.0042963324073106	0.040423559554728	9.999000099990002e-05
6064	-0.0057685362568882	0.040423559554728	9.999000099990002e-05
6065	-0.0048656111463758	0.040423559554728	9.999000099990002e-05
6066	-0.0038385968233861	0.040423559554728	9.999000099990002e-05
6067	-0.0083582615164542	0.040423559554728	9.999000099990002e-05
6068	-0.0039307807640797	0.040423559554728	9.999000099990002e-05
6069	-0.0053982521009047	0.040423559554728	9.999000099990002e-05
6070	-0.0027370702250331	0.040423559554728	9.999000099990002e-05
6071	-0.0021189258906164	0.040423559554728	9.999000099990002e-05
6072	-0.014126676103296	0.040423559554728	9.999000099990002e-05
6073	-0.00286344383351	0.040423559554728	9.999000099990002e-05
6074	-0.0035834778195993	0.040423559554728	9.999000099990002e-05
6075	-0.0080572010573053	0.040423559554728	9.999000099990002e-05
6076	-0.003247842272738	0.040423559554728	9.999000099990002e-05
6077	-0.0036519947529277	0.040423559554728	9.999000099990002e-05
6078	-0.0032869806700839	0.040423559554728	9.999000099990002e-05
6079	-0.0049775331233704	0.040423559554728	9.999000099990002e-05
6080	-0.0023645350866263	0.040423559554728	9.999000099990002e-05
6081	-0.0026227183673651	0.040423559554728	9.999000099990002e-05
6082	-0.0014352881764259	0.040423559554728	9.999000099990002e-05
6083	-0.0020571320881826	0.040423559554728	9.999000099990002e-05
6084	-0.0034650638559438	0.040423559554728	9.999000099990002e-05
6085	-0.0016612073116439	0.040423559554728	9.999000099990002e-05
6086	-0.0053936986402931	0.040423559554728	9.999000099990002e-05
6087	-0.004918065498334	0.040423559554728	9.999000099990002e-05
6088	-0.0020865246474796	0.040423559554728	9.999000099990002e-05
6089	-0.0029466560269593	0.040423559554728	9.999000099990002e-05
6090	-0.0015291027073421	0.040423559554728	9.999000099990002e-05
6091	-0.0059958904830906	0.040423559554728	9.999000099990002e-05
6092	-0.0068188342256057	0.040423559554728	9.999000099990002e-05
6093	0.0035243120516964	0.040423559554728	9.999000099990002e-05
6094	-0.0075643801601646	0.040423559554728	9.999000099990002e-05
6095	-0.003449705922079	0.040423559554728	9.999000099990002e-05
6096	-0.0050906879593813	0.040423559554728	9.999000099990002e-05
6097	-0.0016055459680974	0.040423559554728	9.999000099990002e-05
6098	-0.0029571599511523	0.040423559554728	9.999000099990002e-05
6099	-0.004524711758959	0.040423559554728	9.999000099990002e-05
6100	0.0021971251627332	0.040423559554728	9.999000099990002e-05
6101	-0.0028412629896943	0.040423559554728	9.999000099990002e-05
6102	-0.0010970770141447	0.040423559554728	9.999000099990002e-05
6103	-0.0014547954916935	0.040423559554728	9.999000099990002e-05
6104	-0.0025793985600588	0.040423559554728	9.999000099990002e-05
6105	-0.0025417722568903	0.040423559554728	9.999000099990002e-05
6106	-0.0025792026376203	0.040423559554728	9.999000099990002e-05
6107	-0.0053905525318189	0.040423559554728	9.999000099990002e-05
6108	-0.0026320456219815	0.040423559554728	9.999000099990002e-05
6109	-0.0002068344045482	0.040423559554728	9.999000099990002e-05
6110	0.0004544068838169	0.040423559554728	9.999000099990002e-05
6111	-0.0015456120534284	0.040423559554728	9.999000099990002e-05
6112	-0.0038444650130089	0.040423559554728	9.999000099990002e-05
6113	-0.0072478489073624	0.040423559554728	9.999000099990002e-05
6114	-0.005157714766468	0.040423559554728	9.999000099990002e-05
6115	-0.0075111264600466	0.040423559554728	9.999000099990002e-05
6116	0.0002999090661637	0.040423559554728	9.999000099990002e-05
6117	-0.0037448214192485	0.040423559554728	9.999000099990002e-05
6118	-0.0037163249285846	0.040423559554728	9.999000099990002e-05
6119	-0.0023973233463109	0.040423559554728	9.999000099990002e-05
6120	-0.0010394338627142	0.040423559554728	9.999000099990002e-05
6121	-0.0033498885277068	0.040423559554728	9.999000099990002e-05
6122	-0.0037623463110681	0.040423559554728	9.999000099990002e-05
6123	-0.0027193606255794	0.040423559554728	9.999000099990002e-05
6124	-0.0029838263896628	0.040423559554728	9.999000099990002e-05
6125	-0.0070717929272221	0.040423559554728	9.999000099990002e-05
6126	-0.0056571993925898	0.040423559554728	9.999000099990002e-05
6127	-0.0091958923821052	0.040423559554728	9.999000099990002e-05
6128	-0.0002023585242208	0.040423559554728	9.999000099990002e-05
6129	-0.001902085283738	0.040423559554728	9.999000099990002e-05
6130	-0.0030523846234797	0.040423559554728	9.999000099990002e-05
6131	-0.0029089530283797	0.040423559554728	9.999000099990002e-05
6132	-0.0025539637879096	0.040423559554728	9.999000099990002e-05
6133	-0.0049325641242707	0.040423559554728	9.999000099990002e-05
6134	0.0017150161541921	0.040423559554728	9.999000099990002e-05
6135	-0.0063315458818868	0.040423559554728	9.999000099990002e-05
6136	-0.0039338156093841	0.040423559554728	9.999000099990002e-05
6137	-0.0006582396065643	0.040423559554728	9.999000099990002e-05
6138	-0.0057918824785308	0.040423559554728	9.999000099990002e-05
6139	-0.0068844156310131	0.040423559554728	9.999000099990002e-05
6140	-0.0035780786319375	0.040423559554728	9.999000099990002e-05
6141	0.0005542767934818	0.040423559554728	9.999000099990002e-05
6142	-0.0070906413967835	0.040423559554728	9.999000099990002e-05
6143	-0.0066430322809807	0.040423559554728	9.999000099990002e-05
6144	-0.002314165149355	0.040423559554728	9.999000099990002e-05
6145	-0.0030259991514038	0.040423559554728	9.999000099990002e-05
6146	-0.00649451174241	0.040423559554728	9.999000099990002e-05
6147	-0.0063234768782963	0.040423559554728	9.999000099990002e-05
6148	-0.0071504777830516	0.040423559554728	9.999000099990002e-05
6149	-0.0045439004045048	0.040423559554728	9.999000099990002e-05
6150	-0.0021012572261601	0.040423559554728	9.999000099990002e-05
6151	-0.0029088294924052	0.040423559554728	9.999000099990002e-05
6152	-0.002605287349036	0.040423559554728	9.999000099990002e-05
6153	-0.0045068487494467	0.040423559554728	9.999000099990002e-05
6154	-0.0024867177631392	0.040423559554728	9.999000099990002e-05
6155	0.0022422799659403	0.040423559554728	9.999000099990002e-05
6156	-0.0006210288859545	0.040423559554728	9.999000099990002e-05
6157	-0.0033293859226047	0.040423559554728	9.999000099990002e-05
6158	-0.003085153319775	0.040423559554728	9.999000099990002e-05
6159	-0.0019327935723374	0.040423559554728	9.999000099990002e-05
6160	-0.0006469750185536	0.040423559554728	9.999000099990002e-05
6161	-0.0017104746778397	0.040423559554728	9.999000099990002e-05
6162	-0.0062844268528387	0.040423559554728	9.999000099990002e-05
6163	-0.0001272744862027	0.040423559554728	9.999000099990002e-05
6164	-0.0041588011458092	0.040423559554728	9.999000099990002e-05
6165	-0.0005946273899816	0.040423559554728	9.999000099990002e-05
6166	-0.0016456103081606	0.040423559554728	9.999000099990002e-05
6167	-0.0045759579129285	0.040423559554728	9.999000099990002e-05
6168	-0.0008140666959251	0.040423559554728	9.999000099990002e-05
6169	-0.0040319694039209	0.040423559554728	9.999000099990002e-05
6170	-0.0035113051293839	0.040423559554728	9.999000099990002e-05
6171	-0.0058838157116013	0.040423559554728	9.999000099990002e-05
6172	-0.0039485773311666	0.040423559554728	9.999000099990002e-05
6173	-0.0019633040340976	0.040423559554728	9.999000099990002e-05
6174	-0.0012736039006466	0.040423559554728	9.999000099990002e-05
6175	-0.0037506564261313	0.040423559554728	9.999000099990002e-05
6176	-0.0002633707913743	0.040423559554728	9.999000099990002e-05
6177	-0.0069312361308199	0.040423559554728	9.999000099990002e-05
6178	-0.0020346780109535	0.040423559554728	9.999000099990002e-05
6179	-0.0073895590203868	0.040423559554728	9.999000099990002e-05
6180	-0.002961023884046	0.040423559554728	9.999000099990002e-05
6181	-0.0023938058989313	0.040423559554728	9.999000099990002e-05
6182	-0.0031956971646797	0.040423559554728	9.999000099990002e-05
6183	-0.0022006865075114	0.040423559554728	9.999000099990002e-05
6184	-0.000637537828077	0.040423559554728	9.999000099990002e-05
6185	-0.0078671558495684	0.040423559554728	9.999000099990002e-05
6186	-0.007217005906457	0.040423559554728	9.999000099990002e-05
6187	-0.0042522070192602	0.040423559554728	9.999000099990002e-05
6188	-0.0037437120000249	0.040423559554728	9.999000099990002e-05
6189	-0.0011196155005698	0.040423559554728	9.999000099990002e-05
6190	-0.0052208631749099	0.040423559554728	9.999000099990002e-05
6191	-0.0027606080986398	0.040423559554728	9.999000099990002e-05
6192	-0.0029123124297353	0.040423559554728	9.999000099990002e-05
6193	-0.0042385534855736	0.040423559554728	9.999000099990002e-05
6194	0.0020926606843319	0.040423559554728	9.999000099990002e-05
6195	-0.0037292229730373	0.040423559554728	9.999000099990002e-05
6196	-0.0029270806726476	0.040423559554728	9.999000099990002e-05
6197	-0.0072228648626216	0.040423559554728	9.999000099990002e-05
6198	-0.0035014350628511	0.040423559554728	9.999000099990002e-05
6199	-0.0072805205946388	0.040423559554728	9.999000099990002e-05
6200	-0.0031131970632115	0.040423559554728	9.999000099990002e-05
6201	-0.0035611937726532	0.040423559554728	9.999000099990002e-05
6202	-0.0003644786961666	0.040423559554728	9.999000099990002e-05
6203	-0.0053268191453354	0.040423559554728	9.999000099990002e-05
6204	-0.0062460603533512	0.040423559554728	9.999000099990002e-05
6205	-0.0058281134907665	0.040423559554728	9.999000099990002e-05
6206	0.0010375620676357	0.040423559554728	9.999000099990002e-05
6207	-0.007362893601404	0.040423559554728	9.999000099990002e-05
6208	-0.0068226483940077	0.040423559554728	9.999000099990002e-05
6209	-0.0016412084493887	0.040423559554728	9.999000099990002e-05
6210	-0.006805778135129	0.040423559554728	9.999000099990002e-05
6211	-0.0043992028638305	0.040423559554728	9.999000099990002e-05
6212	-0.0048752608025699	0.040423559554728	9.999000099990002e-05
6213	-0.0021439921900795	0.040423559554728	9.999000099990002e-05
6214	-0.0006709102194029	0.040423559554728	9.999000099990002e-05
6215	-0.0029365586827034	0.040423559554728	9.999000099990002e-05
6216	-0.0054741634952387	0.040423559554728	9.999000099990002e-05
6217	-0.0029785478717561	0.040423559554728	9.999000099990002e-05
6218	-0.0049726908286486	0.040423559554728	9.999000099990002e-05
6219	-0.0031267425654387	0.040423559554728	9.999000099990002e-05
6220	-0.002716953924733	0.040423559554728	9.999000099990002e-05
6221	-0.0013233764331807	0.040423559554728	9.999000099990002e-05
6222	-0.0052957749127531	0.040423559554728	9.999000099990002e-05
6223	-0.0045124711944301	0.040423559554728	9.999000099990002e-05
6224	-0.0021093566616895	0.040423559554728	9.999000099990002e-05
6225	-0.0051132875982297	0.040423559554728	9.999000099990002e-05
6226	-0.0051630106163449	0.040423559554728	9.999000099990002e-05
6227	-0.0071843434526386	0.040423559554728	9.999000099990002e-05
6228	0.0003672956703332	0.040423559554728	9.999000099990002e-05
6229	-0.0047487880113642	0.040423559554728	9.999000099990002e-05
6230	-0.0009024755565225	0.040423559554728	9.999000099990002e-05
6231	-0.003468525287011	0.040423559554728	9.999000099990002e-05
6232	-0.0025607697890904	0.040423559554728	9.999000099990002e-05
6233	-0.0029809163114606	0.040423559554728	9.999000099990002e-05
6234	-0.0020008345016659	0.040423559554728	9.999000099990002e-05
6235	-0.0039267988352864	0.040423559554728	9.999000099990002e-05
6236	0.0005564908997819	0.040423559554728	9.999000099990002e-05
6237	-0.0015794803006891	0.040423559554728	9.999000099990002e-05
6238	-0.0022920617511688	0.040423559554728	9.999000099990002e-05
6239	-0.0009588234846221	0.040423559554728	9.999000099990002e-05
6240	-0.001018521465201	0.040423559554728	9.999000099990002e-05
6241	-0.0048247614814673	0.040423559554728	9.999000099990002e-05
6242	-0.0064067517053695	0.040423559554728	9.999000099990002e-05
6243	-0.0065256272842195	0.040423559554728	9.999000099990002e-05
6244	0.0011903591207849	0.040423559554728	9.999000099990002e-05
6245	-0.0001004611587634	0.040423559554728	9.999000099990002e-05
6246	-0.0006026164856869	0.040423559554728	9.999000099990002e-05
6247	-0.006803737944859	0.040423559554728	9.999000099990002e-05
6248	-0.009801719206509	0.040423559554728	9.999000099990002e-05
6249	0.0002748132388712	0.040423559554728	9.999000099990002e-05
6250	-0.0004074861625173	0.040423559554728	9.999000099990002e-05
6251	-0.0019445189291423	0.040423559554728	9.999000099990002e-05
6252	-0.0023144210315618	0.040423559554728	9.999000099990002e-05
6253	-0.0029219629900388	0.040423559554728	9.999000099990002e-05
6254	-0.0019996657574741	0.040423559554728	9.999000099990002e-05
6255	-0.004883041799214	0.040423559554728	9.999000099990002e-05
6256	-0.0017123618812513	0.040423559554728	9.999000099990002e-05
6257	-0.001548273309172	0.040423559554728	9.999000099990002e-05
6258	-0.0017728641345009	0.040423559554728	9.999000099990002e-05
6259	-0.0023140258780291	0.040423559554728	9.999000099990002e-05
6260	-0.0014376641375514	0.040423559554728	9.999000099990002e-05
6261	-0.0058818162832014	0.040423559554728	9.999000099990002e-05
6262	-0.0015862629873883	0.040423559554728	9.999000099990002e-05
6263	-0.0025694794600164	0.040423559554728	9.999000099990002e-05
6264	0.000863730639145	0.040423559554728	9.999000099990002e-05
6265	-0.0046597788990467	0.040423559554728	9.999000099990002e-05
6266	-0.0032823269879795	0.040423559554728	9.999000099990002e-05
6267	-0.0015668197869453	0.040423559554728	9.999000099990002e-05
6268	-0.0058004243505927	0.040423559554728	9.999000099990002e-05
6269	-0.0028517124941938	0.040423559554728	9.999000099990002e-05
6270	0.0016654850381139	0.040423559554728	9.999000099990002e-05
6271	-0.0012174558769143	0.040423559554728	9.999000099990002e-05
6272	-0.0051799258883316	0.040423559554728	9.999000099990002e-05
6273	-0.0042574806896014	0.040423559554728	9.999000099990002e-05
6274	-0.0005007579776989	0.040423559554728	9.999000099990002e-05
6275	-0.0001726965403118	0.040423559554728	9.999000099990002e-05
6276	-0.0052370624114596	0.040423559554728	9.999000099990002e-05
6277	-0.003713574223716	0.040423559554728	9.999000099990002e-05
6278	-0.0037033149284528	0.040423559554728	9.999000099990002e-05
6279	-0.0050071392448581	0.040423559554728	9.999000099990002e-05
6280	-0.0039336745298393	0.040423559554728	9.999000099990002e-05
6281	-0.0060260719259616	0.040423559554728	9.999000099990002e-05
6282	-0.0034867141991205	0.040423559554728	9.999000099990002e-05
6283	-0.0054476145524821	0.040423559554728	9.999000099990002e-05
6284	-0.0042014935396396	0.040423559554728	9.999000099990002e-05
6285	-0.0085178747660609	0.040423559554728	9.999000099990002e-05
6286	-0.0062538478903614	0.040423559554728	9.999000099990002e-05
6287	0.0009869436541604	0.040423559554728	9.999000099990002e-05
6288	-0.0037601263376749	0.040423559554728	9.999000099990002e-05
6289	-0.005211535631748	0.040423559554728	9.999000099990002e-05
6290	-0.0042944890243521	0.040423559554728	9.999000099990002e-05
6291	-0.0034276862405793	0.040423559554728	9.999000099990002e-05
6292	-0.005049862416882	0.040423559554728	9.999000099990002e-05
6293	-0.0001384973889975	0.040423559554728	9.999000099990002e-05
6294	-0.0073274349871724	0.040423559554728	9.999000099990002e-05
6295	-0.0007779908250214	0.040423559554728	9.999000099990002e-05
6296	0.0003364074831924	0.040423559554728	9.999000099990002e-05
6297	-0.0048268162913793	0.040423559554728	9.999000099990002e-05
6298	-0.0062764349293868	0.040423559554728	9.999000099990002e-05
6299	-0.0014674087609101	0.040423559554728	9.999000099990002e-05
6300	-0.0023550257405222	0.040423559554728	9.999000099990002e-05
6301	-0.0039932018838076	0.040423559554728	9.999000099990002e-05
6302	-0.004886744800628	0.040423559554728	9.999000099990002e-05
6303	-0.0028360287154409	0.040423559554728	9.999000099990002e-05
6304	0.0014888882081671	0.040423559554728	9.999000099990002e-05
6305	-0.0077833688733542	0.040423559554728	9.999000099990002e-05
6306	-0.0030024187461809	0.040423559554728	9.999000099990002e-05
6307	-0.0025625479030422	0.040423559554728	9.999000099990002e-05
6308	-0.0039956730072603	0.040423559554728	9.999000099990002e-05
6309	-0.0007238236281182	0.040423559554728	9.999000099990002e-05
6310	-0.0048665821406739	0.040423559554728	9.999000099990002e-05
6311	-0.003476729810835	0.040423559554728	9.999000099990002e-05
6312	-0.0082611314046355	0.040423559554728	9.999000099990002e-05
6313	-0.0019495373136041	0.040423559554728	9.999000099990002e-05
6314	-0.0009753020717512	0.040423559554728	9.999000099990002e-05
6315	-0.0026321819886154	0.040423559554728	9.999000099990002e-05
6316	-0.0048470319475355	0.040423559554728	9.999000099990002e-05
6317	0.0008847609556123	0.040423559554728	9.999000099990002e-05
6318	-0.0008678761155644	0.040423559554728	9.999000099990002e-05
6319	-0.0057654219653717	0.040423559554728	9.999000099990002e-05
6320	-0.0029991935954584	0.040423559554728	9.999000099990002e-05
6321	-0.0047372196233465	0.040423559554728	9.999000099990002e-05
6322	-0.0021683060588916	0.040423559554728	9.999000099990002e-05
6323	-0.002363337487878	0.040423559554728	9.999000099990002e-05
6324	-0.0011371603212697	0.040423559554728	9.999000099990002e-05
6325	-0.0053123889431703	0.040423559554728	9.999000099990002e-05
6326	-0.0057278437531307	0.040423559554728	9.999000099990002e-05
6327	-0.0017004810945688	0.040423559554728	9.999000099990002e-05
6328	-0.0044723364300128	0.040423559554728	9.999000099990002e-05
6329	-0.0064346574278442	0.040423559554728	9.999000099990002e-05
6330	-0.0069147436165582	0.040423559554728	9.999000099990002e-05
6331	-0.0002601606065484	0.040423559554728	9.999000099990002e-05
6332	-0.0024801699332933	0.040423559554728	9.999000099990002e-05
6333	-0.000545159465382	0.040423559554728	9.999000099990002e-05
6334	0.0013616645829292	0.040423559554728	9.999000099990002e-05
6335	-0.0074327908405323	0.040423559554728	9.999000099990002e-05
6336	-0.0018729345063879	0.040423559554728	9.999000099990002e-05
6337	-0.0056621982136623	0.040423559554728	9.999000099990002e-05
6338	-0.0011792963415421	0.040423559554728	9.999000099990002e-05
6339	-0.0008478610947576	0.040423559554728	9.999000099990002e-05
6340	-0.0048268377591693	0.040423559554728	9.999000099990002e-05
6341	-0.0038107004113151	0.040423559554728	9.999000099990002e-05
6342	-0.0030506809158109	0.040423559554728	9.999000099990002e-05
6343	-0.0031909055770317	0.040423559554728	9.999000099990002e-05
6344	-0.005334458042907	0.040423559554728	9.999000099990002e-05
6345	-0.007578276456853	0.040423559554728	9.999000099990002e-05
6346	-0.0022329510377596	0.040423559554728	9.999000099990002e-05
6347	-0.0022683278974146	0.040423559554728	9.999000099990002e-05
6348	0.0001254475888142	0.040423559554728	9.999000099990002e-05
6349	-0.0042719151814772	0.040423559554728	9.999000099990002e-05
6350	-0.0056667377086686	0.040423559554728	9.999000099990002e-05
6351	-0.0059477418465221	0.040423559554728	9.999000099990002e-05
6352	0.0009029697773658	0.040423559554728	9.999000099990002e-05
6353	-0.0071706204756527	0.040423559554728	9.999000099990002e-05
6354	-0.0035608884145003	0.040423559554728	9.999000099990002e-05
6355	-0.0029454001997161	0.040423559554728	9.999000099990002e-05
6356	-0.0034594495094725	0.040423559554728	9.999000099990002e-05
6357	0.0001735741420288	0.040423559554728	9.999000099990002e-05
6358	-0.0015708324554594	0.040423559554728	9.999000099990002e-05
6359	-0.0027271631861953	0.040423559554728	9.999000099990002e-05
6360	-0.0022992540379154	0.040423559554728	9.999000099990002e-05
6361	-0.0026098426755755	0.040423559554728	9.999000099990002e-05
6362	-0.0047163095149615	0.040423559554728	9.999000099990002e-05
6363	-0.0046248687522245	0.040423559554728	9.999000099990002e-05
6364	-0.0030850685258517	0.040423559554728	9.999000099990002e-05
6365	-0.0070749401898785	0.040423559554728	9.999000099990002e-05
6366	-0.0022311844656305	0.040423559554728	9.999000099990002e-05
6367	-0.0027110094244266	0.040423559554728	9.999000099990002e-05
6368	-0.0062328485059787	0.040423559554728	9.999000099990002e-05
6369	-0.0002411067694904	0.040423559554728	9.999000099990002e-05
6370	0.0007685057936902	0.040423559554728	9.999000099990002e-05
6371	0.0006537628028911	0.040423559554728	9.999000099990002e-05
6372	-0.0030747787217041	0.040423559554728	9.999000099990002e-05
6373	-0.0012316760756173	0.040423559554728	9.999000099990002e-05
6374	-0.0041196176199369	0.040423559554728	9.999000099990002e-05
6375	-0.0039405655173071	0.040423559554728	9.999000099990002e-05
6376	-0.0005854002991489	0.040423559554728	9.999000099990002e-05
6377	-0.0086639080803362	0.040423559554728	9.999000099990002e-05
6378	-0.0032177844043142	0.040423559554728	9.999000099990002e-05
6379	-0.0006797525443432	0.040423559554728	9.999000099990002e-05
6380	-0.0056514615101441	0.040423559554728	9.999000099990002e-05
6381	-0.0037596132844244	0.040423559554728	9.999000099990002e-05
6382	-0.0039851729880506	0.040423559554728	9.999000099990002e-05
6383	-0.0049496261505317	0.040423559554728	9.999000099990002e-05
6384	-0.0012973371773097	0.040423559554728	9.999000099990002e-05
6385	-0.0081708851628274	0.040423559554728	9.999000099990002e-05
6386	-0.0029352895246551	0.040423559554728	9.999000099990002e-05
6387	-0.0036583919235161	0.040423559554728	9.999000099990002e-05
6388	-0.0020635536504894	0.040423559554728	9.999000099990002e-05
6389	-0.0064730859838645	0.040423559554728	9.999000099990002e-05
6390	-0.0009618832794996	0.040423559554728	9.999000099990002e-05
6391	0.0003857939417608	0.040423559554728	9.999000099990002e-05
6392	-0.0032582539200594	0.040423559554728	9.999000099990002e-05
6393	0.0025161801696992	0.040423559554728	9.999000099990002e-05
6394	-0.0067816816565454	0.040423559554728	9.999000099990002e-05
6395	3.196086489592187e-05	0.040423559554728	9.999000099990002e-05
6396	-0.0043903118516352	0.040423559554728	9.999000099990002e-05
6397	-0.0069935285592259	0.040423559554728	9.999000099990002e-05
6398	-0.0030135935003391	0.040423559554728	9.999000099990002e-05
6399	-0.0006466883004441	0.040423559554728	9.999000099990002e-05
6400	-0.0040665759046272	0.040423559554728	9.999000099990002e-05
6401	-0.0090346996340772	0.040423559554728	9.999000099990002e-05
6402	-0.0001390532047007	0.040423559554728	9.999000099990002e-05
6403	-0.0028875892301851	0.040423559554728	9.999000099990002e-05
6404	-0.0073355678555145	0.040423559554728	9.999000099990002e-05
6405	-0.0036220316043947	0.040423559554728	9.999000099990002e-05
6406	-0.0070331399019888	0.040423559554728	9.999000099990002e-05
6407	-0.003169873837073	0.040423559554728	9.999000099990002e-05
6408	-0.0054302675778578	0.040423559554728	9.999000099990002e-05
6409	-0.0038365964908768	0.040423559554728	9.999000099990002e-05
6410	-0.00015093549182	0.040423559554728	9.999000099990002e-05
6411	-0.0045969711859711	0.040423559554728	9.999000099990002e-05
6412	-0.00475326681562	0.040423559554728	9.999000099990002e-05
6413	-0.0001616826406877	0.040423559554728	9.999000099990002e-05
6414	-0.0039297046622506	0.040423559554728	9.999000099990002e-05
6415	-0.0042035967097882	0.040423559554728	9.999000099990002e-05
6416	-0.0082749177654638	0.040423559554728	9.999000099990002e-05
6417	-0.0043631951473891	0.040423559554728	9.999000099990002e-05
6418	-0.0038919929880676	0.040423559554728	9.999000099990002e-05
6419	-0.0063480001542429	0.040423559554728	9.999000099990002e-05
6420	-0.0018256976160948	0.040423559554728	9.999000099990002e-05
6421	-0.0039342545064244	0.040423559554728	9.999000099990002e-05
6422	-0.0044690094034695	0.040423559554728	9.999000099990002e-05
6423	-0.003226051292453	0.040423559554728	9.999000099990002e-05
6424	-0.0040285564100358	0.040423559554728	9.999000099990002e-05
6425	-0.0022978750786615	0.040423559554728	9.999000099990002e-05
6426	-0.0047563044501981	0.040423559554728	9.999000099990002e-05
6427	-0.0020225602321806	0.040423559554728	9.999000099990002e-05
6428	-0.0024003406288086	0.040423559554728	9.999000099990002e-05
6429	-0.0040746191891896	0.040423559554728	9.999000099990002e-05
6430	-0.0039352539897879	0.040423559554728	9.999000099990002e-05
6431	-0.0031403929251241	0.040423559554728	9.999000099990002e-05
6432	-0.005935068559828	0.040423559554728	9.999000099990002e-05
6433	-0.0040337995714926	0.040423559554728	9.999000099990002e-05
6434	0.0019036159025407	0.040423559554728	9.999000099990002e-05
6435	0.0025842223878645	0.040423559554728	9.999000099990002e-05
6436	0.0004043887412981	0.040423559554728	9.999000099990002e-05
6437	-0.007792210755858	0.040423559554728	9.999000099990002e-05
6438	-0.0044868394610784	0.040423559554728	9.999000099990002e-05
6439	-0.0012205629932644	0.040423559554728	9.999000099990002e-05
6440	-0.0070040176137042	0.040423559554728	9.999000099990002e-05
6441	-0.0026024024127706	0.040423559554728	9.999000099990002e-05
6442	-0.0054914344092522	0.040423559554728	9.999000099990002e-05
6443	-0.0020758482499844	0.040423559554728	9.999000099990002e-05
6444	-0.0024438254841779	0.040423559554728	9.999000099990002e-05
6445	-0.0084462482348904	0.040423559554728	9.999000099990002e-05
6446	-0.0066634458793943	0.040423559554728	9.999000099990002e-05
6447	-0.0019189106256904	0.040423559554728	9.999000099990002e-05
6448	-0.000459265837236	0.040423559554728	9.999000099990002e-05
6449	-0.0024001170444686	0.040423559554728	9.999000099990002e-05
6450	-0.0111725636549802	0.040423559554728	9.999000099990002e-05
6451	0.0008744522036393	0.040423559554728	9.999000099990002e-05
6452	-0.0025452067185655	0.040423559554728	9.999000099990002e-05
6453	-0.007141504823916	0.040423559554728	9.999000099990002e-05
6454	-0.0009560454833431	0.040423559554728	9.999000099990002e-05
6455	-0.0035189880397723	0.040423559554728	9.999000099990002e-05
6456	-0.0026768642118965	0.040423559554728	9.999000099990002e-05
6457	-0.001731619277587	0.040423559554728	9.999000099990002e-05
6458	-0.0032558634739465	0.040423559554728	9.999000099990002e-05
6459	-0.0068278181687092	0.040423559554728	9.999000099990002e-05
6460	-0.0026997577055481	0.040423559554728	9.999000099990002e-05
6461	-0.0052427620904726	0.040423559554728	9.999000099990002e-05
6462	-0.0010080727878655	0.040423559554728	9.999000099990002e-05
6463	-0.0039270804942303	0.040423559554728	9.999000099990002e-05
6464	-0.0076728210849935	0.040423559554728	9.999000099990002e-05
6465	-0.0035099558518505	0.040423559554728	9.999000099990002e-05
6466	-0.0025492341606125	0.040423559554728	9.999000099990002e-05
6467	-0.0076159140132985	0.040423559554728	9.999000099990002e-05
6468	-0.0052315425348063	0.040423559554728	9.999000099990002e-05
6469	-0.0001502823977888	0.040423559554728	9.999000099990002e-05
6470	-0.0058812876100177	0.040423559554728	9.999000099990002e-05
6471	-0.0034870847685711	0.040423559554728	9.999000099990002e-05
6472	-0.0065529356789024	0.040423559554728	9.999000099990002e-05
6473	-0.006260436616732	0.040423559554728	9.999000099990002e-05
6474	-0.0036158222384962	0.040423559554728	9.999000099990002e-05
6475	-0.0074946597994675	0.040423559554728	9.999000099990002e-05
6476	-0.0021016028268012	0.040423559554728	9.999000099990002e-05
6477	-0.00538310168901	0.040423559554728	9.999000099990002e-05
6478	-0.0030914956859425	0.040423559554728	9.999000099990002e-05
6479	-0.0079821772098921	0.040423559554728	9.999000099990002e-05
6480	-0.0062759112191868	0.040423559554728	9.999000099990002e-05
6481	-0.0046095439241542	0.040423559554728	9.999000099990002e-05
6482	-0.0085187570422159	0.040423559554728	9.999000099990002e-05
6483	-0.006508571298179	0.040423559554728	9.999000099990002e-05
6484	-0.0001881206857656	0.040423559554728	9.999000099990002e-05
6485	-0.0022320748787705	0.040423559554728	9.999000099990002e-05
6486	-0.0034749792048938	0.040423559554728	9.999000099990002e-05
6487	-0.0032683723666143	0.040423559554728	9.999000099990002e-05
6488	-0.0050290643795943	0.040423559554728	9.999000099990002e-05
6489	0.0005371115640905	0.040423559554728	9.999000099990002e-05
6490	0.0015524985780582	0.040423559554728	9.999000099990002e-05
6491	-0.0020843684618926	0.040423559554728	9.999000099990002e-05
6492	-0.0032486274629288	0.040423559554728	9.999000099990002e-05
6493	-0.0011613411898128	0.040423559554728	9.999000099990002e-05
6494	0.0002007996279528	0.040423559554728	9.999000099990002e-05
6495	-0.0064500617021266	0.040423559554728	9.999000099990002e-05
6496	-0.0007579037640052	0.040423559554728	9.999000099990002e-05
6497	-0.0041601692172771	0.040423559554728	9.999000099990002e-05
6498	-0.0041539319971134	0.040423559554728	9.999000099990002e-05
6499	-0.0048743546540784	0.040423559554728	9.999000099990002e-05
6500	-0.006943429931731	0.040423559554728	9.999000099990002e-05
6501	-0.003032613212075	0.040423559554728	9.999000099990002e-05
6502	-0.0058063827010862	0.040423559554728	9.999000099990002e-05
6503	-0.0023080415007256	0.040423559554728	9.999000099990002e-05
6504	0.0002409281597859	0.040423559554728	9.999000099990002e-05
6505	-0.0001818783487272	0.040423559554728	9.999000099990002e-05
6506	-0.0032955779428943	0.040423559554728	9.999000099990002e-05
6507	-0.001192384903013	0.040423559554728	9.999000099990002e-05
6508	-0.007409845870352	0.040423559554728	9.999000099990002e-05
6509	-0.004573530513747	0.040423559554728	9.999000099990002e-05
6510	-0.0061992138267345	0.040423559554728	9.999000099990002e-05
6511	-0.0078693636463388	0.040423559554728	9.999000099990002e-05
6512	-0.0057609230591082	0.040423559554728	9.999000099990002e-05
6513	-0.004042411887145	0.040423559554728	9.999000099990002e-05
6514	-0.0015178989832092	0.040423559554728	9.999000099990002e-05
6515	-0.0041718710480002	0.040423559554728	9.999000099990002e-05
6516	-0.0051349730477835	0.040423559554728	9.999000099990002e-05
6517	-0.0036533394522049	0.040423559554728	9.999000099990002e-05
6518	-0.0070879808527857	0.040423559554728	9.999000099990002e-05
6519	0.0012999261235347	0.040423559554728	9.999000099990002e-05
6520	-0.0080691111409808	0.040423559554728	9.999000099990002e-05
6521	-0.0002155408822366	0.040423559554728	9.999000099990002e-05
6522	-0.0025801586467854	0.040423559554728	9.999000099990002e-05
6523	0.0007459443198019	0.040423559554728	9.999000099990002e-05
6524	-0.0036671538019529	0.040423559554728	9.999000099990002e-05
6525	-0.0079087666207312	0.040423559554728	9.999000099990002e-05
6526	-0.0054818997865566	0.040423559554728	9.999000099990002e-05
6527	-0.0037037495550188	0.040423559554728	9.999000099990002e-05
6528	-0.0078920406538713	0.040423559554728	9.999000099990002e-05
6529	-0.0029862995521708	0.040423559554728	9.999000099990002e-05
6530	-0.0073917144942281	0.040423559554728	9.999000099990002e-05
6531	-0.0076184791256599	0.040423559554728	9.999000099990002e-05
6532	-0.0040703966133953	0.040423559554728	9.999000099990002e-05
6533	-0.0015902572274591	0.040423559554728	9.999000099990002e-05
6534	-0.003801338223449	0.040423559554728	9.999000099990002e-05
6535	-0.0076670625426854	0.040423559554728	9.999000099990002e-05
6536	-0.0025423139338608	0.040423559554728	9.999000099990002e-05
6537	-0.0010910271562345	0.040423559554728	9.999000099990002e-05
6538	-0.0020220023389493	0.040423559554728	9.999000099990002e-05
6539	-0.0021084175997672	0.040423559554728	9.999000099990002e-05
6540	-0.0049528113280753	0.040423559554728	9.999000099990002e-05
6541	-0.002447295148412	0.040423559554728	9.999000099990002e-05
6542	-0.0005187287878342	0.040423559554728	9.999000099990002e-05
6543	-0.0091515505271722	0.040423559554728	9.999000099990002e-05
6544	-0.004131604322078	0.040423559554728	9.999000099990002e-05
6545	-0.0027319561203892	0.040423559554728	9.999000099990002e-05
6546	-0.0020227180088954	0.040423559554728	9.999000099990002e-05
6547	-0.0062161896740534	0.040423559554728	9.999000099990002e-05
6548	-0.0043884119522188	0.040423559554728	9.999000099990002e-05
6549	-0.0041832335106665	0.040423559554728	9.999000099990002e-05
6550	-0.0022138415691168	0.040423559554728	9.999000099990002e-05
6551	-0.0083583086070904	0.040423559554728	9.999000099990002e-05
6552	-0.002539151666835	0.040423559554728	9.999000099990002e-05
6553	-0.0018576585771726	0.040423559554728	9.999000099990002e-05
6554	0.0002861504634187	0.040423559554728	9.999000099990002e-05
6555	0.0005730638990198	0.040423559554728	9.999000099990002e-05
6556	-0.0074645430100394	0.040423559554728	9.999000099990002e-05
6557	-0.0043811519726827	0.040423559554728	9.999000099990002e-05
6558	-0.0040089632236082	0.040423559554728	9.999000099990002e-05
6559	-0.0057425213157902	0.040423559554728	9.999000099990002e-05
6560	-0.0025734933404219	0.040423559554728	9.999000099990002e-05
6561	-0.0059771335594188	0.040423559554728	9.999000099990002e-05
6562	-0.0037929483571906	0.040423559554728	9.999000099990002e-05
6563	-0.0038307845099301	0.040423559554728	9.999000099990002e-05
6564	-0.0073490444338245	0.040423559554728	9.999000099990002e-05
6565	4.5302365408879385e-05	0.040423559554728	9.999000099990002e-05
6566	-0.0025356394132756	0.040423559554728	9.999000099990002e-05
6567	-0.002845936908461	0.040423559554728	9.999000099990002e-05
6568	-0.0021828534875014	0.040423559554728	9.999000099990002e-05
6569	-0.0030022665480137	0.040423559554728	9.999000099990002e-05
6570	0.0005915800025633	0.040423559554728	9.999000099990002e-05
6571	-0.0069931704549437	0.040423559554728	9.999000099990002e-05
6572	-0.0038826918756794	0.040423559554728	9.999000099990002e-05
6573	-0.0050150247911784	0.040423559554728	9.999000099990002e-05
6574	-0.0042566183038539	0.040423559554728	9.999000099990002e-05
6575	0.0016497771177154	0.040423559554728	9.999000099990002e-05
6576	0.0011384697025697	0.040423559554728	9.999000099990002e-05
6577	-0.0067419270797642	0.040423559554728	9.999000099990002e-05
6578	-0.0021536892446916	0.040423559554728	9.999000099990002e-05
6579	-0.0073745667314616	0.040423559554728	9.999000099990002e-05
6580	-0.0076716615742598	0.040423559554728	9.999000099990002e-05
6581	-0.0067412829691182	0.040423559554728	9.999000099990002e-05
6582	-0.0093042188889995	0.040423559554728	9.999000099990002e-05
6583	-0.0043056014911411	0.040423559554728	9.999000099990002e-05
6584	0.0015267800502006	0.040423559554728	9.999000099990002e-05
6585	-0.0090188646574484	0.040423559554728	9.999000099990002e-05
6586	-0.00661992447492	0.040423559554728	9.999000099990002e-05
6587	-0.0020645502099245	0.040423559554728	9.999000099990002e-05
6588	-0.0025012160235848	0.040423559554728	9.999000099990002e-05
6589	-0.0014697272437591	0.040423559554728	9.999000099990002e-05
6590	-0.0068984473517533	0.040423559554728	9.999000099990002e-05
6591	-0.0029163747665593	0.040423559554728	9.999000099990002e-05
6592	0.0005802048438922	0.040423559554728	9.999000099990002e-05
6593	-0.0007923554311614	0.040423559554728	9.999000099990002e-05
6594	-0.0019323906473108	0.040423559554728	9.999000099990002e-05
6595	-0.0013351154285726	0.040423559554728	9.999000099990002e-05
6596	-0.0032958339982284	0.040423559554728	9.999000099990002e-05
6597	-0.0070683579654013	0.040423559554728	9.999000099990002e-05
6598	-0.0043011511951871	0.040423559554728	9.999000099990002e-05
6599	-0.0028101354251529	0.040423559554728	9.999000099990002e-05
6600	-0.0042383609102637	0.040423559554728	9.999000099990002e-05
6601	-0.0028856644196682	0.040423559554728	9.999000099990002e-05
6602	-0.0042339220984232	0.040423559554728	9.999000099990002e-05
6603	-0.0029657273114057	0.040423559554728	9.999000099990002e-05
6604	-0.0016583884330766	0.040423559554728	9.999000099990002e-05
6605	-0.0017480020098795	0.040423559554728	9.999000099990002e-05
6606	-0.0067074042765081	0.040423559554728	9.999000099990002e-05
6607	-0.004023673103371	0.040423559554728	9.999000099990002e-05
6608	-0.0045882313331791	0.040423559554728	9.999000099990002e-05
6609	-0.0045176166158859	0.040423559554728	9.999000099990002e-05
6610	-0.005769913811887	0.040423559554728	9.999000099990002e-05
6611	-0.0015510524646333	0.040423559554728	9.999000099990002e-05
6612	-0.0066612395830608	0.040423559554728	9.999000099990002e-05
6613	-0.0049796687452769	0.040423559554728	9.999000099990002e-05
6614	-0.0043336299031899	0.040423559554728	9.999000099990002e-05
6615	0.0012351312933368	0.040423559554728	9.999000099990002e-05
6616	-0.0035298260997293	0.040423559554728	9.999000099990002e-05
6617	-0.0025739155210559	0.040423559554728	9.999000099990002e-05
6618	-0.0070763540054366	0.040423559554728	9.999000099990002e-05
6619	-0.0040092445170611	0.040423559554728	9.999000099990002e-05
6620	-0.0009190835659556	0.040423559554728	9.999000099990002e-05
6621	-0.0019718792427905	0.040423559554728	9.999000099990002e-05
6622	-0.0051866879921139	0.040423559554728	9.999000099990002e-05
6623	-0.0047781686825839	0.040423559554728	9.999000099990002e-05
6624	-0.0067779131745245	0.040423559554728	9.999000099990002e-05
6625	-0.0022999275802089	0.040423559554728	9.999000099990002e-05
6626	-0.0042192610790427	0.040423559554728	9.999000099990002e-05
6627	-0.0022082475554897	0.040423559554728	9.999000099990002e-05
6628	-0.0085501527040597	0.040423559554728	9.999000099990002e-05
6629	-0.005315687269048	0.040423559554728	9.999000099990002e-05
6630	-0.0055324790732533	0.040423559554728	9.999000099990002e-05
6631	-0.0047348406421108	0.040423559554728	9.999000099990002e-05
6632	-0.0040677535937314	0.040423559554728	9.999000099990002e-05
6633	-0.0089797742356117	0.040423559554728	9.999000099990002e-05
6634	-0.0016745636626353	0.040423559554728	9.999000099990002e-05
6635	-0.0036104405174593	0.040423559554728	9.999000099990002e-05
6636	-0.0030030473523118	0.040423559554728	9.999000099990002e-05
6637	-0.0037689330753289	0.040423559554728	9.999000099990002e-05
6638	-0.0069567664115511	0.040423559554728	9.999000099990002e-05
6639	-0.0079785850484476	0.040423559554728	9.999000099990002e-05
6640	0.0004715520689096	0.040423559554728	9.999000099990002e-05
6641	-0.0047907592528828	0.040423559554728	9.999000099990002e-05
6642	-0.003847179861282	0.040423559554728	9.999000099990002e-05
6643	-0.0042916392521729	0.040423559554728	9.999000099990002e-05
6644	-0.0032784843497485	0.040423559554728	9.999000099990002e-05
6645	-0.001893962841509	0.040423559554728	9.999000099990002e-05
6646	-0.0055728879559571	0.040423559554728	9.999000099990002e-05
6647	-0.005978990773328	0.040423559554728	9.999000099990002e-05
6648	-0.004377174949164	0.040423559554728	9.999000099990002e-05
6649	-0.0023267145345836	0.040423559554728	9.999000099990002e-05
6650	-0.0014437456777647	0.040423559554728	9.999000099990002e-05
6651	-0.004868754042376	0.040423559554728	9.999000099990002e-05
6652	-0.0024087359774327	0.040423559554728	9.999000099990002e-05
6653	-0.0015590176110568	0.040423559554728	9.999000099990002e-05
6654	-0.0032378299340055	0.040423559554728	9.999000099990002e-05
6655	-0.0040502415518077	0.040423559554728	9.999000099990002e-05
6656	-0.0018135340162862	0.040423559554728	9.999000099990002e-05
6657	-0.0034261746465475	0.040423559554728	9.999000099990002e-05
6658	-0.0066895381891764	0.040423559554728	9.999000099990002e-05
6659	-0.0008993185794987	0.040423559554728	9.999000099990002e-05
6660	-0.0022280171202028	0.040423559554728	9.999000099990002e-05
6661	-0.0052887565420366	0.040423559554728	9.999000099990002e-05
6662	0.0015567002631537	0.040423559554728	9.999000099990002e-05
6663	-0.0055592284012863	0.040423559554728	9.999000099990002e-05
6664	-0.0059824180598368	0.040423559554728	9.999000099990002e-05
6665	-0.001720666568859	0.040423559554728	9.999000099990002e-05
6666	-0.0059824021321216	0.040423559554728	9.999000099990002e-05
6667	-0.0008570818568242	0.040423559554728	9.999000099990002e-05
6668	-0.0050694141104574	0.040423559554728	9.999000099990002e-05
6669	-0.0044054376025022	0.040423559554728	9.999000099990002e-05
6670	-0.0044192668412014	0.040423559554728	9.999000099990002e-05
6671	-0.0093970952621029	0.040423559554728	9.999000099990002e-05
6672	0.0001934087256758	0.040423559554728	9.999000099990002e-05
6673	-0.0040923104756182	0.040423559554728	9.999000099990002e-05
6674	0.0009457595841788	0.040423559554728	9.999000099990002e-05
6675	-0.0053309769907413	0.040423559554728	9.999000099990002e-05
6676	-0.0032926912945919	0.040423559554728	9.999000099990002e-05
6677	-0.0031328892400041	0.040423559554728	9.999000099990002e-05
6678	-0.0032510966050353	0.040423559554728	9.999000099990002e-05
6679	-0.0051582026200724	0.040423559554728	9.999000099990002e-05
6680	-0.0020857008691287	0.040423559554728	9.999000099990002e-05
6681	-0.0032445288655454	0.040423559554728	9.999000099990002e-05
6682	-0.0012580514678348	0.040423559554728	9.999000099990002e-05
6683	-0.0037382714734018	0.040423559554728	9.999000099990002e-05
6684	-0.0051268304073649	0.040423559554728	9.999000099990002e-05
6685	-0.0010574312575142	0.040423559554728	9.999000099990002e-05
6686	-0.0031428092633923	0.040423559554728	9.999000099990002e-05
6687	-0.0007820010312801	0.040423559554728	9.999000099990002e-05
6688	-0.0052430409601427	0.040423559554728	9.999000099990002e-05
6689	-0.0025516020039895	0.040423559554728	9.999000099990002e-05
6690	-0.0007886563924398	0.040423559554728	9.999000099990002e-05
6691	-0.0034651984720679	0.040423559554728	9.999000099990002e-05
6692	-0.0036699980917664	0.040423559554728	9.999000099990002e-05
6693	-0.0073685289924651	0.040423559554728	9.999000099990002e-05
6694	-0.000630968838223	0.040423559554728	9.999000099990002e-05
6695	-0.0055532034160037	0.040423559554728	9.999000099990002e-05
6696	-0.0028052203977124	0.040423559554728	9.999000099990002e-05
6697	-0.0019690936239085	0.040423559554728	9.999000099990002e-05
6698	-0.0053318074056403	0.040423559554728	9.999000099990002e-05
6699	0.0001584370224665	0.040423559554728	9.999000099990002e-05
6700	-0.0075423151577749	0.040423559554728	9.999000099990002e-05
6701	-0.0058796009457736	0.040423559554728	9.999000099990002e-05
6702	-0.0003815756172045	0.040423559554728	9.999000099990002e-05
6703	-0.0035666598451769	0.040423559554728	9.999000099990002e-05
6704	-0.0038952300845765	0.040423559554728	9.999000099990002e-05
6705	-0.0038542071384382	0.040423559554728	9.999000099990002e-05
6706	-0.0043750463292966	0.040423559554728	9.999000099990002e-05
6707	-0.0060158514689314	0.040423559554728	9.999000099990002e-05
6708	-0.003631262253956	0.040423559554728	9.999000099990002e-05
6709	-0.0013934797323149	0.040423559554728	9.999000099990002e-05
6710	0.0001721276823492	0.040423559554728	9.999000099990002e-05
6711	-0.0059089498000357	0.040423559554728	9.999000099990002e-05
6712	-0.000929470533013	0.040423559554728	9.999000099990002e-05
6713	-0.0040421862829861	0.040423559554728	9.999000099990002e-05
6714	-0.0001466302958124	0.040423559554728	9.999000099990002e-05
6715	-0.0046099839753767	0.040423559554728	9.999000099990002e-05
6716	-0.002662363104468	0.040423559554728	9.999000099990002e-05
6717	-0.0045089643847637	0.040423559554728	9.999000099990002e-05
6718	-0.0051647133814315	0.040423559554728	9.999000099990002e-05
6719	-0.0013973075585403	0.040423559554728	9.999000099990002e-05
6720	-0.0035734086758632	0.040423559554728	9.999000099990002e-05
6721	-0.0082767987747639	0.040423559554728	9.999000099990002e-05
6722	-0.0054406456192391	0.040423559554728	9.999000099990002e-05
6723	-0.0050634239622426	0.040423559554728	9.999000099990002e-05
6724	-0.0015824820979081	0.040423559554728	9.999000099990002e-05
6725	-0.0027153397238984	0.040423559554728	9.999000099990002e-05
6726	-0.0074553192663353	0.040423559554728	9.999000099990002e-05
6727	-0.0095886362515746	0.040423559554728	9.999000099990002e-05
6728	-0.0048723692682293	0.040423559554728	9.999000099990002e-05
6729	-0.0007557760674836	0.040423559554728	9.999000099990002e-05
6730	-0.0036337148335471	0.040423559554728	9.999000099990002e-05
6731	-0.0048329125089436	0.040423559554728	9.999000099990002e-05
6732	-0.0056821229389438	0.040423559554728	9.999000099990002e-05
6733	0.0002296014382969	0.040423559554728	9.999000099990002e-05
6734	-0.0020588134816611	0.040423559554728	9.999000099990002e-05
6735	-0.0029531647107902	0.040423559554728	9.999000099990002e-05
6736	-0.0044968617257783	0.040423559554728	9.999000099990002e-05
6737	-0.0005700087016349	0.040423559554728	9.999000099990002e-05
6738	-0.0041645183683924	0.040423559554728	9.999000099990002e-05
6739	-0.0031213011347062	0.040423559554728	9.999000099990002e-05
6740	-0.0013657798197734	0.040423559554728	9.999000099990002e-05
6741	-0.0104301259140082	0.040423559554728	9.999000099990002e-05
6742	0.000293547136607	0.040423559554728	9.999000099990002e-05
6743	-0.0027010124747909	0.040423559554728	9.999000099990002e-05
6744	-0.0009669100125465	0.040423559554728	9.999000099990002e-05
6745	-0.0071308157688887	0.040423559554728	9.999000099990002e-05
6746	0.0002063193891879	0.040423559554728	9.999000099990002e-05
6747	-0.0069973717360754	0.040423559554728	9.999000099990002e-05
6748	-0.0028865204766497	0.040423559554728	9.999000099990002e-05
6749	-0.0040852879306092	0.040423559554728	9.999000099990002e-05
6750	-0.0004744791905365	0.040423559554728	9.999000099990002e-05
6751	-0.0084434006556575	0.040423559554728	9.999000099990002e-05
6752	-0.0008440411554443	0.040423559554728	9.999000099990002e-05
6753	-0.0045232856898326	0.040423559554728	9.999000099990002e-05
6754	-0.0015203508895273	0.040423559554728	9.999000099990002e-05
6755	-0.0056368966726185	0.040423559554728	9.999000099990002e-05
6756	-0.0044998537124482	0.040423559554728	9.999000099990002e-05
6757	-3.7366169723695995e-05	0.040423559554728	9.999000099990002e-05
6758	-0.0061193620734048	0.040423559554728	9.999000099990002e-05
6759	-0.0051804589666443	0.040423559554728	9.999000099990002e-05
6760	-0.0034234077254182	0.040423559554728	9.999000099990002e-05
6761	-0.0057869821476777	0.040423559554728	9.999000099990002e-05
6762	-0.003239500285807	0.040423559554728	9.999000099990002e-05
6763	-0.0006375346925485	0.040423559554728	9.999000099990002e-05
6764	-0.0061478299980578	0.040423559554728	9.999000099990002e-05
6765	-0.0016973065547384	0.040423559554728	9.999000099990002e-05
6766	-0.002691565935438	0.040423559554728	9.999000099990002e-05
6767	-0.007042095259845	0.040423559554728	9.999000099990002e-05
6768	-0.0018669709236015	0.040423559554728	9.999000099990002e-05
6769	-0.0046305199363462	0.040423559554728	9.999000099990002e-05
6770	-0.0009351335090301	0.040423559554728	9.999000099990002e-05
6771	-0.0042501152178069	0.040423559554728	9.999000099990002e-05
6772	-0.0026734080323585	0.040423559554728	9.999000099990002e-05
6773	-0.0045491972162002	0.040423559554728	9.999000099990002e-05
6774	-0.0058296439749146	0.040423559554728	9.999000099990002e-05
6775	-0.0031548387664588	0.040423559554728	9.999000099990002e-05
6776	-0.0009709418981952	0.040423559554728	9.999000099990002e-05
6777	-0.0051899423436476	0.040423559554728	9.999000099990002e-05
6778	-0.0027355906980317	0.040423559554728	9.999000099990002e-05
6779	-0.0039533237133428	0.040423559554728	9.999000099990002e-05
6780	-0.004480873858473	0.040423559554728	9.999000099990002e-05
6781	-0.002433161494142	0.040423559554728	9.999000099990002e-05
6782	-0.0053324610382899	0.040423559554728	9.999000099990002e-05
6783	-0.001991949471982	0.040423559554728	9.999000099990002e-05
6784	-0.0056627715729358	0.040423559554728	9.999000099990002e-05
6785	6.059247182957916e-05	0.040423559554728	9.999000099990002e-05
6786	0.0012491908875785	0.040423559554728	9.999000099990002e-05
6787	-0.0038322903907597	0.040423559554728	9.999000099990002e-05
6788	0.0004755978239819	0.040423559554728	9.999000099990002e-05
6789	-0.0031694559076771	0.040423559554728	9.999000099990002e-05
6790	-0.0052072465173465	0.040423559554728	9.999000099990002e-05
6791	-0.0055669695594061	0.040423559554728	9.999000099990002e-05
6792	-0.0066374133177804	0.040423559554728	9.999000099990002e-05
6793	0.0017505939185056	0.040423559554728	9.999000099990002e-05
6794	-0.0018757123153032	0.040423559554728	9.999000099990002e-05
6795	-0.0059097078284706	0.040423559554728	9.999000099990002e-05
6796	0.0013928287542845	0.040423559554728	9.999000099990002e-05
6797	-0.0008376685881744	0.040423559554728	9.999000099990002e-05
6798	-0.0072411412809827	0.040423559554728	9.999000099990002e-05
6799	-0.0038591295526452	0.040423559554728	9.999000099990002e-05
6800	-0.0077306951498213	0.040423559554728	9.999000099990002e-05
6801	-0.0052887837999743	0.040423559554728	9.999000099990002e-05
6802	-0.0031332218945675	0.040423559554728	9.999000099990002e-05
6803	-0.0083971376066454	0.040423559554728	9.999000099990002e-05
6804	-0.0021166949717281	0.040423559554728	9.999000099990002e-05
6805	0.0010547399353228	0.040423559554728	9.999000099990002e-05
6806	-0.0046293892609326	0.040423559554728	9.999000099990002e-05
6807	-0.0052292189350826	0.040423559554728	9.999000099990002e-05
6808	-0.0007004603053418	0.040423559554728	9.999000099990002e-05
6809	-0.004482526608995	0.040423559554728	9.999000099990002e-05
6810	-0.0084672590264411	0.040423559554728	9.999000099990002e-05
6811	-0.0049252789066159	0.040423559554728	9.999000099990002e-05
6812	-0.0045514129960646	0.040423559554728	9.999000099990002e-05
6813	0.0036417222230413	0.040423559554728	9.999000099990002e-05
6814	-0.003641373294508	0.040423559554728	9.999000099990002e-05
6815	-0.0058573812637249	0.040423559554728	9.999000099990002e-05
6816	-0.0025265991460779	0.040423559554728	9.999000099990002e-05
6817	-0.0004940785133664	0.040423559554728	9.999000099990002e-05
6818	-0.0063216453064696	0.040423559554728	9.999000099990002e-05
6819	-0.0044850508055953	0.040423559554728	9.999000099990002e-05
6820	-0.0048675135849932	0.040423559554728	9.999000099990002e-05
6821	-0.0022548746912953	0.040423559554728	9.999000099990002e-05
6822	-0.0016858713978261	0.040423559554728	9.999000099990002e-05
6823	-0.0069849233033216	0.040423559554728	9.999000099990002e-05
6824	-0.0048787797888591	0.040423559554728	9.999000099990002e-05
6825	-0.0038352577741111	0.040423559554728	9.999000099990002e-05
6826	-0.0018109462819526	0.040423559554728	9.999000099990002e-05
6827	-0.003994211062302	0.040423559554728	9.999000099990002e-05
6828	-0.0047077922654544	0.040423559554728	9.999000099990002e-05
6829	-0.0024129920437489	0.040423559554728	9.999000099990002e-05
6830	-0.0034265300577378	0.040423559554728	9.999000099990002e-05
6831	-0.0004652294969679	0.040423559554728	9.999000099990002e-05
6832	-0.0018358413200048	0.040423559554728	9.999000099990002e-05
6833	-0.004327047332458	0.040423559554728	9.999000099990002e-05
6834	-0.0029182324036687	0.040423559554728	9.999000099990002e-05
6835	-0.002822111393399	0.040423559554728	9.999000099990002e-05
6836	-0.0033545190684569	0.040423559554728	9.999000099990002e-05
6837	-0.0035153816049406	0.040423559554728	9.999000099990002e-05
6838	0.0002715903195677	0.040423559554728	9.999000099990002e-05
6839	-0.0053673428499376	0.040423559554728	9.999000099990002e-05
6840	-0.0042211659799156	0.040423559554728	9.999000099990002e-05
6841	-0.0057594458597078	0.040423559554728	9.999000099990002e-05
6842	-0.0051022102185813	0.040423559554728	9.999000099990002e-05
6843	-0.0037193268412219	0.040423559554728	9.999000099990002e-05
6844	-0.0012648895360461	0.040423559554728	9.999000099990002e-05
6845	-0.0033290858544537	0.040423559554728	9.999000099990002e-05
6846	-0.0025107290630721	0.040423559554728	9.999000099990002e-05
6847	-0.0035296803457464	0.040423559554728	9.999000099990002e-05
6848	-0.0017863828789361	0.040423559554728	9.999000099990002e-05
6849	-0.0109212863468422	0.040423559554728	9.999000099990002e-05
6850	-0.0027642225358018	0.040423559554728	9.999000099990002e-05
6851	-0.0002185771895052	0.040423559554728	9.999000099990002e-05
6852	-0.0022644082559905	0.040423559554728	9.999000099990002e-05
6853	-9.904949767892552e-05	0.040423559554728	9.999000099990002e-05
6854	-0.0025147338639105	0.040423559554728	9.999000099990002e-05
6855	-0.0037298160880638	0.040423559554728	9.999000099990002e-05
6856	-0.0036944578876887	0.040423559554728	9.999000099990002e-05
6857	-0.0056130667524276	0.040423559554728	9.999000099990002e-05
6858	-0.003400362110545	0.040423559554728	9.999000099990002e-05
6859	-0.0011990105824523	0.040423559554728	9.999000099990002e-05
6860	-0.0020711011175898	0.040423559554728	9.999000099990002e-05
6861	-0.0034427403744372	0.040423559554728	9.999000099990002e-05
6862	-0.0021094933553417	0.040423559554728	9.999000099990002e-05
6863	-0.0027951271315671	0.040423559554728	9.999000099990002e-05
6864	8.296818008336481e-05	0.040423559554728	9.999000099990002e-05
6865	-0.0042864154617417	0.040423559554728	9.999000099990002e-05
6866	-0.0036305525088122	0.040423559554728	9.999000099990002e-05
6867	-0.0039532671776485	0.040423559554728	9.999000099990002e-05
6868	-0.0008610087695965	0.040423559554728	9.999000099990002e-05
6869	-0.0022331924349791	0.040423559554728	9.999000099990002e-05
6870	-0.0045668376224276	0.040423559554728	9.999000099990002e-05
6871	-0.0027323382893715	0.040423559554728	9.999000099990002e-05
6872	-0.0020297741790808	0.040423559554728	9.999000099990002e-05
6873	-0.0019999017492733	0.040423559554728	9.999000099990002e-05
6874	-0.0026419049738556	0.040423559554728	9.999000099990002e-05
6875	-0.0002948018289043	0.040423559554728	9.999000099990002e-05
6876	-0.0036877739220454	0.040423559554728	9.999000099990002e-05
6877	-0.007598442790954	0.040423559554728	9.999000099990002e-05
6878	-0.0012968325880625	0.040423559554728	9.999000099990002e-05
6879	-0.0045109031608859	0.040423559554728	9.999000099990002e-05
6880	-0.0059947685986986	0.040423559554728	9.999000099990002e-05
6881	-0.0058604048172795	0.040423559554728	9.999000099990002e-05
6882	-0.0041398903888786	0.040423559554728	9.999000099990002e-05
6883	-0.0046279238726639	0.040423559554728	9.999000099990002e-05
6884	-0.0081049443450645	0.040423559554728	9.999000099990002e-05
6885	-0.0039080034965816	0.040423559554728	9.999000099990002e-05
6886	-0.0038547119008128	0.040423559554728	9.999000099990002e-05
6887	-0.0084907571769417	0.040423559554728	9.999000099990002e-05
6888	0.0009185137077016	0.040423559554728	9.999000099990002e-05
6889	-0.0035726897934433	0.040423559554728	9.999000099990002e-05
6890	-0.0023121684332834	0.040423559554728	9.999000099990002e-05
6891	-0.0024897732875424	0.040423559554728	9.999000099990002e-05
6892	-0.0063316644164048	0.040423559554728	9.999000099990002e-05
6893	-0.0021601630914547	0.040423559554728	9.999000099990002e-05
6894	-0.004956425746001	0.040423559554728	9.999000099990002e-05
6895	0.0020241471943139	0.040423559554728	9.999000099990002e-05
6896	-0.0056883320355331	0.040423559554728	9.999000099990002e-05
6897	-0.0023193554107915	0.040423559554728	9.999000099990002e-05
6898	-0.000405626563298	0.040423559554728	9.999000099990002e-05
6899	-0.0079920596454114	0.040423559554728	9.999000099990002e-05
6900	-0.0055610847303225	0.040423559554728	9.999000099990002e-05
6901	-0.0058892006066395	0.040423559554728	9.999000099990002e-05
6902	-0.002046056920717	0.040423559554728	9.999000099990002e-05
6903	-0.0055098732595298	0.040423559554728	9.999000099990002e-05
6904	0.0022681631186607	0.040423559554728	9.999000099990002e-05
6905	-0.0077358435529147	0.040423559554728	9.999000099990002e-05
6906	-0.0048231035371251	0.040423559554728	9.999000099990002e-05
6907	-0.0018145296139028	0.040423559554728	9.999000099990002e-05
6908	-0.002309907640311	0.040423559554728	9.999000099990002e-05
6909	-0.0040393406658631	0.040423559554728	9.999000099990002e-05
6910	-0.0055924363216403	0.040423559554728	9.999000099990002e-05
6911	-0.0053540228172147	0.040423559554728	9.999000099990002e-05
6912	-0.0017559805448172	0.040423559554728	9.999000099990002e-05
6913	-0.006095166027365	0.040423559554728	9.999000099990002e-05
6914	0.0012659664265664	0.040423559554728	9.999000099990002e-05
6915	0.0003009755498073	0.040423559554728	9.999000099990002e-05
6916	0.0004822598216895	0.040423559554728	9.999000099990002e-05
6917	-0.0023105882038799	0.040423559554728	9.999000099990002e-05
6918	-0.005032372400603	0.040423559554728	9.999000099990002e-05
6919	-0.0067814253703748	0.040423559554728	9.999000099990002e-05
6920	-0.000382918931463	0.040423559554728	9.999000099990002e-05
6921	-0.0060415248105535	0.040423559554728	9.999000099990002e-05
6922	-0.0043498115576965	0.040423559554728	9.999000099990002e-05
6923	-0.0069882337865858	0.040423559554728	9.999000099990002e-05
6924	0.0003593383723491	0.040423559554728	9.999000099990002e-05
6925	-0.0039602090068448	0.040423559554728	9.999000099990002e-05
6926	-0.0003995742238959	0.040423559554728	9.999000099990002e-05
6927	-0.0041367989309344	0.040423559554728	9.999000099990002e-05
6928	-0.0050769931829152	0.040423559554728	9.999000099990002e-05
6929	-0.0044936906869674	0.040423559554728	9.999000099990002e-05
6930	-0.0031132195120564	0.040423559554728	9.999000099990002e-05
6931	-0.0017185297158248	0.040423559554728	9.999000099990002e-05
6932	-0.0031150257880553	0.040423559554728	9.999000099990002e-05
6933	-0.0042681273284307	0.040423559554728	9.999000099990002e-05
6934	0.000449554893964	0.040423559554728	9.999000099990002e-05
6935	-0.0004833106084544	0.040423559554728	9.999000099990002e-05
6936	-0.0022740640101141	0.040423559554728	9.999000099990002e-05
6937	-0.0013157529054695	0.040423559554728	9.999000099990002e-05
6938	-0.0021350045920655	0.040423559554728	9.999000099990002e-05
6939	-0.0073692781336966	0.040423559554728	9.999000099990002e-05
6940	-0.0030852776252043	0.040423559554728	9.999000099990002e-05
6941	-0.0038422227831344	0.040423559554728	9.999000099990002e-05
6942	-0.0017809468728602	0.040423559554728	9.999000099990002e-05
6943	-0.004709200348574	0.040423559554728	9.999000099990002e-05
6944	-0.0043584437252838	0.040423559554728	9.999000099990002e-05
6945	0.0003919004123109	0.040423559554728	9.999000099990002e-05
6946	-0.003482058381779	0.040423559554728	9.999000099990002e-05
6947	-0.0016122406676358	0.040423559554728	9.999000099990002e-05
6948	-0.004544689038006	0.040423559554728	9.999000099990002e-05
6949	-0.0046615706900582	0.040423559554728	9.999000099990002e-05
6950	-0.0036379824224495	0.040423559554728	9.999000099990002e-05
6951	-0.0021544802442664	0.040423559554728	9.999000099990002e-05
6952	-0.0057788291773279	0.040423559554728	9.999000099990002e-05
6953	-0.0084222707140249	0.040423559554728	9.999000099990002e-05
6954	0.0002920601266573	0.040423559554728	9.999000099990002e-05
6955	-0.0039185035927368	0.040423559554728	9.999000099990002e-05
6956	-0.0032894534093918	0.040423559554728	9.999000099990002e-05
6957	-0.0079775355312832	0.040423559554728	9.999000099990002e-05
6958	-0.00387289965874	0.040423559554728	9.999000099990002e-05
6959	-0.001902094978869	0.040423559554728	9.999000099990002e-05
6960	-0.0036346521064869	0.040423559554728	9.999000099990002e-05
6961	-0.0058230185263118	0.040423559554728	9.999000099990002e-05
6962	-0.0053243039898295	0.040423559554728	9.999000099990002e-05
6963	-0.0026535622339072	0.040423559554728	9.999000099990002e-05
6964	-0.0041190897162081	0.040423559554728	9.999000099990002e-05
6965	-0.00187676558356	0.040423559554728	9.999000099990002e-05
6966	-0.0012216223594508	0.040423559554728	9.999000099990002e-05
6967	-0.0033904649014927	0.040423559554728	9.999000099990002e-05
6968	-0.0065498510498699	0.040423559554728	9.999000099990002e-05
6969	-0.0051570114077994	0.040423559554728	9.999000099990002e-05
6970	-0.0022212080604389	0.040423559554728	9.999000099990002e-05
6971	-0.007017709735551	0.040423559554728	9.999000099990002e-05
6972	-0.002180734562765	0.040423559554728	9.999000099990002e-05
6973	6.891097115165335e-05	0.040423559554728	9.999000099990002e-05
6974	0.0014908490291704	0.040423559554728	9.999000099990002e-05
6975	0.0002388086771947	0.040423559554728	9.999000099990002e-05
6976	-0.0055014021388404	0.040423559554728	9.999000099990002e-05
6977	-0.0012286044118989	0.040423559554728	9.999000099990002e-05
6978	-0.0026628470530892	0.040423559554728	9.999000099990002e-05
6979	-0.0034225846780493	0.040423559554728	9.999000099990002e-05
6980	-0.0026342561887893	0.040423559554728	9.999000099990002e-05
6981	-0.0068365416321131	0.040423559554728	9.999000099990002e-05
6982	-0.0021301322308958	0.040423559554728	9.999000099990002e-05
6983	-0.0016966838926461	0.040423559554728	9.999000099990002e-05
6984	-0.0120191543990345	0.040423559554728	9.999000099990002e-05
6985	-0.0037173530164318	0.040423559554728	9.999000099990002e-05
6986	-0.0005205082675683	0.040423559554728	9.999000099990002e-05
6987	-0.0095627387485214	0.040423559554728	9.999000099990002e-05
6988	-0.0039684489063551	0.040423559554728	9.999000099990002e-05
6989	-0.0016327763785324	0.040423559554728	9.999000099990002e-05
6990	-0.0041913680910456	0.040423559554728	9.999000099990002e-05
6991	-0.0041595524607506	0.040423559554728	9.999000099990002e-05
6992	0.0020462140049224	0.040423559554728	9.999000099990002e-05
6993	-0.0010947134027694	0.040423559554728	9.999000099990002e-05
6994	-0.0035060437510838	0.040423559554728	9.999000099990002e-05
6995	-0.0013967087110753	0.040423559554728	9.999000099990002e-05
6996	-0.005676726809865	0.040423559554728	9.999000099990002e-05
6997	-0.0008681829933907	0.040423559554728	9.999000099990002e-05
6998	-0.0077245578626049	0.040423559554728	9.999000099990002e-05
6999	-0.001355012511189	0.040423559554728	9.999000099990002e-05
7000	-0.0074319416124625	0.040423559554728	9.999000099990002e-05
7001	-0.0011351940179006	0.040423559554728	9.999000099990002e-05
7002	-0.0037290957436797	0.040423559554728	9.999000099990002e-05
7003	-0.001657026286411	0.040423559554728	9.999000099990002e-05
7004	-0.0023721581141919	0.040423559554728	9.999000099990002e-05
7005	-0.0007656094502569	0.040423559554728	9.999000099990002e-05
7006	-0.0019585979521187	0.040423559554728	9.999000099990002e-05
7007	-0.0018009684917423	0.040423559554728	9.999000099990002e-05
7008	-0.0007096821638816	0.040423559554728	9.999000099990002e-05
7009	-0.0043209819315599	0.040423559554728	9.999000099990002e-05
7010	-0.0031331312912602	0.040423559554728	9.999000099990002e-05
7011	-0.0024026543987467	0.040423559554728	9.999000099990002e-05
7012	-0.0072386060619419	0.040423559554728	9.999000099990002e-05
7013	-0.0001834782569382	0.040423559554728	9.999000099990002e-05
7014	-0.002935449225007	0.040423559554728	9.999000099990002e-05
7015	-0.0031273835982653	0.040423559554728	9.999000099990002e-05
7016	0.0007309982558762	0.040423559554728	9.999000099990002e-05
7017	-0.0047469577668471	0.040423559554728	9.999000099990002e-05
7018	-0.0065767841621913	0.040423559554728	9.999000099990002e-05
7019	-0.0037752505688686	0.040423559554728	9.999000099990002e-05
7020	0.0005755867106013	0.040423559554728	9.999000099990002e-05
7021	-0.0026990651384836	0.040423559554728	9.999000099990002e-05
7022	-0.0024436185200625	0.040423559554728	9.999000099990002e-05
7023	-0.002864498044349	0.040423559554728	9.999000099990002e-05
7024	-0.0054314433240886	0.040423559554728	9.999000099990002e-05
7025	-0.0029671221406657	0.040423559554728	9.999000099990002e-05
7026	-0.0052123312288155	0.040423559554728	9.999000099990002e-05
7027	-0.0029129809705724	0.040423559554728	9.999000099990002e-05
7028	-0.0044624182725526	0.040423559554728	9.999000099990002e-05
7029	-0.0033345865909179	0.040423559554728	9.999000099990002e-05
7030	0.0038180241401845	0.040423559554728	9.999000099990002e-05
7031	-0.0021783335751208	0.040423559554728	9.999000099990002e-05
7032	-0.0059304005466272	0.040423559554728	9.999000099990002e-05
7033	-0.0062492853309463	0.040423559554728	9.999000099990002e-05
7034	-0.0014662959176124	0.040423559554728	9.999000099990002e-05
7035	-0.0088012419574349	0.040423559554728	9.999000099990002e-05
7036	-0.0053810760414365	0.040423559554728	9.999000099990002e-05
7037	-0.0094511996137821	0.040423559554728	9.999000099990002e-05
7038	-0.0043061285869424	0.040423559554728	9.999000099990002e-05
7039	-0.001334139067327	0.040423559554728	9.999000099990002e-05
7040	-0.0048633735332304	0.040423559554728	9.999000099990002e-05
7041	-0.0004573067667424	0.040423559554728	9.999000099990002e-05
7042	-0.0024144582591815	0.040423559554728	9.999000099990002e-05
7043	-0.0046135604399425	0.040423559554728	9.999000099990002e-05
7044	-0.0050560991561364	0.040423559554728	9.999000099990002e-05
7045	-0.0011013969452126	0.040423559554728	9.999000099990002e-05
7046	-0.0082540115620621	0.040423559554728	9.999000099990002e-05
7047	0.0018397813712185	0.040423559554728	9.999000099990002e-05
7048	-0.0047223846302269	0.040423559554728	9.999000099990002e-05
7049	-0.0032774203283604	0.040423559554728	9.999000099990002e-05
7050	-0.0034820479556659	0.040423559554728	9.999000099990002e-05
7051	-0.0045969580475298	0.040423559554728	9.999000099990002e-05
7052	-0.0025859558734356	0.040423559554728	9.999000099990002e-05
7053	-0.0079929161448294	0.040423559554728	9.999000099990002e-05
7054	-0.0019441133110237	0.040423559554728	9.999000099990002e-05
7055	0.0009325185359951	0.040423559554728	9.999000099990002e-05
7056	-0.0022227165189422	0.040423559554728	9.999000099990002e-05
7057	-0.0043123494561907	0.040423559554728	9.999000099990002e-05
7058	-0.009142218617354	0.040423559554728	9.999000099990002e-05
7059	-0.0048823884551099	0.040423559554728	9.999000099990002e-05
7060	-0.0085979881532722	0.040423559554728	9.999000099990002e-05
7061	-0.0066312180136691	0.040423559554728	9.999000099990002e-05
7062	-0.0002471251759342	0.040423559554728	9.999000099990002e-05
7063	-0.0033696976039259	0.040423559554728	9.999000099990002e-05
7064	-0.0039426325807874	0.040423559554728	9.999000099990002e-05
7065	-0.0055310796272643	0.040423559554728	9.999000099990002e-05
7066	-0.0010447484103436	0.040423559554728	9.999000099990002e-05
7067	-0.0027581285111838	0.040423559554728	9.999000099990002e-05
7068	-0.0030429467982029	0.040423559554728	9.999000099990002e-05
7069	-0.002843352944456	0.040423559554728	9.999000099990002e-05
7070	-0.0055301808655393	0.040423559554728	9.999000099990002e-05
7071	-0.0003025850762038	0.040423559554728	9.999000099990002e-05
7072	-0.0017763507075051	0.040423559554728	9.999000099990002e-05
7073	-0.0001612443207385	0.040423559554728	9.999000099990002e-05
7074	-0.0022706360503324	0.040423559554728	9.999000099990002e-05
7075	-0.008167616980343	0.040423559554728	9.999000099990002e-05
7076	-0.0028973131772438	0.040423559554728	9.999000099990002e-05
7077	-0.0050996022475854	0.040423559554728	9.999000099990002e-05
7078	-0.0095980944481683	0.040423559554728	9.999000099990002e-05
7079	-0.0053611019363907	0.040423559554728	9.999000099990002e-05
7080	-0.0025504468406756	0.040423559554728	9.999000099990002e-05
7081	0.001888123314079	0.040423559554728	9.999000099990002e-05
7082	-0.0061500405263928	0.040423559554728	9.999000099990002e-05
7083	-0.005971203871118	0.040423559554728	9.999000099990002e-05
7084	-0.0025238903380253	0.040423559554728	9.999000099990002e-05
7085	-0.0076888275346332	0.040423559554728	9.999000099990002e-05
7086	-0.0052022708183918	0.040423559554728	9.999000099990002e-05
7087	-0.0046961255411083	0.040423559554728	9.999000099990002e-05
7088	-0.001082093977914	0.040423559554728	9.999000099990002e-05
7089	-0.0060611615865978	0.040423559554728	9.999000099990002e-05
7090	-0.0033991478530994	0.040423559554728	9.999000099990002e-05
7091	-0.0045433186004644	0.040423559554728	9.999000099990002e-05
7092	-0.0048389020031218	0.040423559554728	9.999000099990002e-05
7093	-0.002731904932406	0.040423559554728	9.999000099990002e-05
7094	-0.0026524600283227	0.040423559554728	9.999000099990002e-05
7095	-0.0019994476554999	0.040423559554728	9.999000099990002e-05
7096	-0.0045932316739249	0.040423559554728	9.999000099990002e-05
7097	-0.0023526708624593	0.040423559554728	9.999000099990002e-05
7098	-0.0038169682557813	0.040423559554728	9.999000099990002e-05
7099	-0.0062848099836396	0.040423559554728	9.999000099990002e-05
7100	-0.0079169892844531	0.040423559554728	9.999000099990002e-05
7101	-0.0001699268299087	0.040423559554728	9.999000099990002e-05
7102	-0.005362920158176	0.040423559554728	9.999000099990002e-05
7103	-0.004066884109763	0.040423559554728	9.999000099990002e-05
7104	-0.0072312246239594	0.040423559554728	9.999000099990002e-05
7105	-0.0038143715765352	0.040423559554728	9.999000099990002e-05
7106	-0.0054965877368564	0.040423559554728	9.999000099990002e-05
7107	-0.0015438948418272	0.040423559554728	9.999000099990002e-05
7108	-0.0057183869223193	0.040423559554728	9.999000099990002e-05
7109	0.0014007337870487	0.040423559554728	9.999000099990002e-05
7110	-0.0052042476440558	0.040423559554728	9.999000099990002e-05
7111	-0.001203128127661	0.040423559554728	9.999000099990002e-05
7112	0.0022336403923502	0.040423559554728	9.999000099990002e-05
7113	-0.0032217850308602	0.040423559554728	9.999000099990002e-05
7114	-0.001962068616644	0.040423559554728	9.999000099990002e-05
7115	-0.0008927102512661	0.040423559554728	9.999000099990002e-05
7116	-0.0064071677496011	0.040423559554728	9.999000099990002e-05
7117	-0.0030648516770405	0.040423559554728	9.999000099990002e-05
7118	-0.0016371108907694	0.040423559554728	9.999000099990002e-05
7119	-0.0024335629764408	0.040423559554728	9.999000099990002e-05
7120	-0.0031969110951069	0.040423559554728	9.999000099990002e-05
7121	-0.0020511211262145	0.040423559554728	9.999000099990002e-05
7122	-0.0039793328642932	0.040423559554728	9.999000099990002e-05
7123	-0.0012770286671908	0.040423559554728	9.999000099990002e-05
7124	0.0003193075228078	0.040423559554728	9.999000099990002e-05
7125	-0.0038166852887642	0.040423559554728	9.999000099990002e-05
7126	-0.0028310856028987	0.040423559554728	9.999000099990002e-05
7127	-0.003640694904649	0.040423559554728	9.999000099990002e-05
7128	-0.0017192523685735	0.040423559554728	9.999000099990002e-05
7129	0.001641063118606	0.040423559554728	9.999000099990002e-05
7130	0.0001073255615666	0.040423559554728	9.999000099990002e-05
7131	-0.0005147231213591	0.040423559554728	9.999000099990002e-05
7132	0.0004194641121095	0.040423559554728	9.999000099990002e-05
7133	-0.0027750806592937	0.040423559554728	9.999000099990002e-05
7134	0.0001225407230859	0.040423559554728	9.999000099990002e-05
7135	-0.0039203699439222	0.040423559554728	9.999000099990002e-05
7136	-0.0008073287337884	0.040423559554728	9.999000099990002e-05
7137	-0.0028049843482041	0.040423559554728	9.999000099990002e-05
7138	-0.0048407264382548	0.040423559554728	9.999000099990002e-05
7139	0.0016003014793311	0.040423559554728	9.999000099990002e-05
7140	-0.0005287445698772	0.040423559554728	9.999000099990002e-05
7141	-0.0025102566370371	0.040423559554728	9.999000099990002e-05
7142	-0.0039488013771795	0.040423559554728	9.999000099990002e-05
7143	-0.0025686678775247	0.040423559554728	9.999000099990002e-05
7144	0.0002331698043504	0.040423559554728	9.999000099990002e-05
7145	-0.0033263400356233	0.040423559554728	9.999000099990002e-05
7146	-0.0008422443245036	0.040423559554728	9.999000099990002e-05
7147	-0.0013510912346733	0.040423559554728	9.999000099990002e-05
7148	-0.0051163242902257	0.040423559554728	9.999000099990002e-05
7149	-0.0017389238470309	0.040423559554728	9.999000099990002e-05
7150	-0.0080731545299794	0.040423559554728	9.999000099990002e-05
7151	-0.0049467924407223	0.040423559554728	9.999000099990002e-05
7152	-0.0111875359765523	0.040423559554728	9.999000099990002e-05
7153	-0.0016536072907781	0.040423559554728	9.999000099990002e-05
7154	-0.0023690175073198	0.040423559554728	9.999000099990002e-05
7155	-0.0064803021814201	0.040423559554728	9.999000099990002e-05
7156	-0.0044651171354014	0.040423559554728	9.999000099990002e-05
7157	-0.0057332949559396	0.040423559554728	9.999000099990002e-05
7158	-0.0025613786009956	0.040423559554728	9.999000099990002e-05
7159	-0.005877497410134	0.040423559554728	9.999000099990002e-05
7160	-0.0021322209930026	0.040423559554728	9.999000099990002e-05
7161	-0.0052587121198362	0.040423559554728	9.999000099990002e-05
7162	-0.0052818482803076	0.040423559554728	9.999000099990002e-05
7163	-0.0013460112938243	0.040423559554728	9.999000099990002e-05
7164	0.0024237669699363	0.040423559554728	9.999000099990002e-05
7165	-0.0029644628277956	0.040423559554728	9.999000099990002e-05
7166	-0.002796660404989	0.040423559554728	9.999000099990002e-05
7167	-0.0042184076382077	0.040423559554728	9.999000099990002e-05
7168	-0.0051221583545263	0.040423559554728	9.999000099990002e-05
7169	-0.0001894774654837	0.040423559554728	9.999000099990002e-05
7170	-0.0037853437195956	0.040423559554728	9.999000099990002e-05
7171	-0.0058315511456792	0.040423559554728	9.999000099990002e-05
7172	-0.0035918292900612	0.040423559554728	9.999000099990002e-05
7173	-0.0053153951647547	0.040423559554728	9.999000099990002e-05
7174	-0.0056469687979921	0.040423559554728	9.999000099990002e-05
7175	-0.0052437119055262	0.040423559554728	9.999000099990002e-05
7176	-0.0059884905589557	0.040423559554728	9.999000099990002e-05
7177	-0.0046742170458329	0.040423559554728	9.999000099990002e-05
7178	0.0029274017661521	0.040423559554728	9.999000099990002e-05
7179	-0.0023649854870165	0.040423559554728	9.999000099990002e-05
7180	-0.0042960920296188	0.040423559554728	9.999000099990002e-05
7181	-0.0028171597783808	0.040423559554728	9.999000099990002e-05
7182	-0.0021257337192525	0.040423559554728	9.999000099990002e-05
7183	-0.0033015990424299	0.040423559554728	9.999000099990002e-05
7184	-0.0062261670218272	0.040423559554728	9.999000099990002e-05
7185	-0.0018620918104655	0.040423559554728	9.999000099990002e-05
7186	-0.0018738992873381	0.040423559554728	9.999000099990002e-05
7187	-0.0018848194865992	0.040423559554728	9.999000099990002e-05
7188	-0.0046003438411863	0.040423559554728	9.999000099990002e-05
7189	-0.0037515571307298	0.040423559554728	9.999000099990002e-05
7190	-0.0063673271092961	0.040423559554728	9.999000099990002e-05
7191	-0.0017600827586382	0.040423559554728	9.999000099990002e-05
7192	-0.0016532432039845	0.040423559554728	9.999000099990002e-05
7193	-0.0030107904725415	0.040423559554728	9.999000099990002e-05
7194	-0.0019127843224418	0.040423559554728	9.999000099990002e-05
7195	-0.0008463570029105	0.040423559554728	9.999000099990002e-05
7196	-0.0005848567177777	0.040423559554728	9.999000099990002e-05
7197	-0.0042590634197331	0.040423559554728	9.999000099990002e-05
7198	-0.0053688763926687	0.040423559554728	9.999000099990002e-05
7199	-0.0051686105163015	0.040423559554728	9.999000099990002e-05
7200	-0.0065099133620733	0.040423559554728	9.999000099990002e-05
7201	-0.0070798219961064	0.040423559554728	9.999000099990002e-05
7202	-0.0040571451775713	0.040423559554728	9.999000099990002e-05
7203	-0.0045497680939819	0.040423559554728	9.999000099990002e-05
7204	-0.007380336123083	0.040423559554728	9.999000099990002e-05
7205	-0.0028327474329879	0.040423559554728	9.999000099990002e-05
7206	-0.0045847605532355	0.040423559554728	9.999000099990002e-05
7207	-0.000621282209724	0.040423559554728	9.999000099990002e-05
7208	-0.0059169775608468	0.040423559554728	9.999000099990002e-05
7209	-0.0042879783399386	0.040423559554728	9.999000099990002e-05
7210	-0.0062177057886324	0.040423559554728	9.999000099990002e-05
7211	-0.0046395134206896	0.040423559554728	9.999000099990002e-05
7212	-0.0025540100898545	0.040423559554728	9.999000099990002e-05
7213	-0.0027684870468849	0.040423559554728	9.999000099990002e-05
7214	-0.0014949101925758	0.040423559554728	9.999000099990002e-05
7215	-5.013600376379546e-05	0.040423559554728	9.999000099990002e-05
7216	-0.0028495471905669	0.040423559554728	9.999000099990002e-05
7217	-0.0100672990065451	0.040423559554728	9.999000099990002e-05
7218	0.0005937084877761	0.040423559554728	9.999000099990002e-05
7219	-0.00260246750865	0.040423559554728	9.999000099990002e-05
7220	-0.0083227423461267	0.040423559554728	9.999000099990002e-05
7221	-0.0013002767063959	0.040423559554728	9.999000099990002e-05
7222	0.0003623316478558	0.040423559554728	9.999000099990002e-05
7223	-0.0024978323651654	0.040423559554728	9.999000099990002e-05
7224	-0.005352543328686	0.040423559554728	9.999000099990002e-05
7225	-0.0049214187055782	0.040423559554728	9.999000099990002e-05
7226	-0.0048296309764178	0.040423559554728	9.999000099990002e-05
7227	-0.001770295001738	0.040423559554728	9.999000099990002e-05
7228	-0.0042564529672453	0.040423559554728	9.999000099990002e-05
7229	-0.004748465686732	0.040423559554728	9.999000099990002e-05
7230	-0.006025276944458	0.040423559554728	9.999000099990002e-05
7231	-0.0063363138665075	0.040423559554728	9.999000099990002e-05
7232	-0.0060979632842514	0.040423559554728	9.999000099990002e-05
7233	-0.0027486680446984	0.040423559554728	9.999000099990002e-05
7234	-0.0060353541097607	0.040423559554728	9.999000099990002e-05
7235	-0.0003538473310158	0.040423559554728	9.999000099990002e-05
7236	8.718034900097732e-05	0.040423559554728	9.999000099990002e-05
7237	-0.0025423655258078	0.040423559554728	9.999000099990002e-05
7238	-0.0042317053567403	0.040423559554728	9.999000099990002e-05
7239	-0.0065941870377098	0.040423559554728	9.999000099990002e-05
7240	-0.0070038148815904	0.040423559554728	9.999000099990002e-05
7241	-0.0007060210015744	0.040423559554728	9.999000099990002e-05
7242	-0.0048310988461783	0.040423559554728	9.999000099990002e-05
7243	-0.0054677308335458	0.040423559554728	9.999000099990002e-05
7244	-0.0005545253466313	0.040423559554728	9.999000099990002e-05
7245	-0.0067016432142354	0.040423559554728	9.999000099990002e-05
7246	-0.0062001084911125	0.040423559554728	9.999000099990002e-05
7247	-0.0018757615411765	0.040423559554728	9.999000099990002e-05
7248	-0.0034416240878291	0.040423559554728	9.999000099990002e-05
7249	-0.006485889750863	0.040423559554728	9.999000099990002e-05
7250	-0.0010493251854368	0.040423559554728	9.999000099990002e-05
7251	-0.0075170921203611	0.040423559554728	9.999000099990002e-05
7252	-0.0010644721347847	0.040423559554728	9.999000099990002e-05
7253	-0.0066712376099333	0.040423559554728	9.999000099990002e-05
7254	-0.0013671915962762	0.040423559554728	9.999000099990002e-05
7255	-0.0045930293265386	0.040423559554728	9.999000099990002e-05
7256	-0.0045851058460946	0.040423559554728	9.999000099990002e-05
7257	-0.0060973994662179	0.040423559554728	9.999000099990002e-05
7258	-0.0051020822197688	0.040423559554728	9.999000099990002e-05
7259	-0.0042227032545026	0.040423559554728	9.999000099990002e-05
7260	-0.0037406290253203	0.040423559554728	9.999000099990002e-05
7261	-0.0036331495343131	0.040423559554728	9.999000099990002e-05
7262	-0.0063829607195935	0.040423559554728	9.999000099990002e-05
7263	-0.0057713116035481	0.040423559554728	9.999000099990002e-05
7264	-0.000253466214792	0.040423559554728	9.999000099990002e-05
7265	-0.002989667956148	0.040423559554728	9.999000099990002e-05
7266	-0.0051354836003057	0.040423559554728	9.999000099990002e-05
7267	-0.0042656354874064	0.040423559554728	9.999000099990002e-05
7268	-0.0075144657209217	0.040423559554728	9.999000099990002e-05
7269	-0.0008953836451597	0.040423559554728	9.999000099990002e-05
7270	-0.0031231989181218	0.040423559554728	9.999000099990002e-05
7271	-0.0001951876475551	0.040423559554728	9.999000099990002e-05
7272	-0.0036176209353649	0.040423559554728	9.999000099990002e-05
7273	-0.0058801052464753	0.040423559554728	9.999000099990002e-05
7274	-0.0036488203285155	0.040423559554728	9.999000099990002e-05
7275	-0.0008124629019672	0.040423559554728	9.999000099990002e-05
7276	-0.0037607638310092	0.040423559554728	9.999000099990002e-05
7277	-0.0029681162570817	0.040423559554728	9.999000099990002e-05
7278	-0.003468204212743	0.040423559554728	9.999000099990002e-05
7279	-0.0038738411059723	0.040423559554728	9.999000099990002e-05
7280	-0.0024318901431474	0.040423559554728	9.999000099990002e-05
7281	-0.0019962535330438	0.040423559554728	9.999000099990002e-05
7282	-0.0040744028377251	0.040423559554728	9.999000099990002e-05
7283	-0.00288103895732	0.040423559554728	9.999000099990002e-05
7284	-0.0031671765131339	0.040423559554728	9.999000099990002e-05
7285	-0.000147159276778	0.040423559554728	9.999000099990002e-05
7286	-0.0032487036581942	0.040423559554728	9.999000099990002e-05
7287	-0.0022334308890338	0.040423559554728	9.999000099990002e-05
7288	-0.0028730371271371	0.040423559554728	9.999000099990002e-05
7289	-0.0007647557208764	0.040423559554728	9.999000099990002e-05
7290	-0.0024100385105847	0.040423559554728	9.999000099990002e-05
7291	-0.0043369670480642	0.040423559554728	9.999000099990002e-05
7292	-5.739863791902333e-05	0.040423559554728	9.999000099990002e-05
7293	-0.0031587018914249	0.040423559554728	9.999000099990002e-05
7294	-0.0044581801345341	0.040423559554728	9.999000099990002e-05
7295	-0.001870086253882	0.040423559554728	9.999000099990002e-05
7296	-0.0017034301841314	0.040423559554728	9.999000099990002e-05
7297	-0.0064719776803503	0.040423559554728	9.999000099990002e-05
7298	-0.0046852847303503	0.040423559554728	9.999000099990002e-05
7299	-0.0048355552785347	0.040423559554728	9.999000099990002e-05
7300	-0.0039618588911476	0.040423559554728	9.999000099990002e-05
7301	-0.0057464451892159	0.040423559554728	9.999000099990002e-05
7302	-0.0082263973860261	0.040423559554728	9.999000099990002e-05
7303	-0.0052426902810997	0.040423559554728	9.999000099990002e-05
7304	0.0002384028859488	0.040423559554728	9.999000099990002e-05
7305	-0.0026091672096448	0.040423559554728	9.999000099990002e-05
7306	-0.0072164000569529	0.040423559554728	9.999000099990002e-05
7307	-0.0020038870444316	0.040423559554728	9.999000099990002e-05
7308	-0.0072458545573644	0.040423559554728	9.999000099990002e-05
7309	-0.0059991381596036	0.040423559554728	9.999000099990002e-05
7310	-0.0037422943949017	0.040423559554728	9.999000099990002e-05
7311	-0.0025260269217503	0.040423559554728	9.999000099990002e-05
7312	-0.0059955020430514	0.040423559554728	9.999000099990002e-05
7313	-0.001381513516909	0.040423559554728	9.999000099990002e-05
7314	-0.0053471146901403	0.040423559554728	9.999000099990002e-05
7315	-0.0057881009734867	0.040423559554728	9.999000099990002e-05
7316	-0.0006775911072269	0.040423559554728	9.999000099990002e-05
7317	-0.0055464769764533	0.040423559554728	9.999000099990002e-05
7318	-0.0033645783439346	0.040423559554728	9.999000099990002e-05
7319	-0.0055516046235023	0.040423559554728	9.999000099990002e-05
7320	-0.0042371664662803	0.040423559554728	9.999000099990002e-05
7321	-0.0029342387186538	0.040423559554728	9.999000099990002e-05
7322	-0.0047854292007383	0.040423559554728	9.999000099990002e-05
7323	-0.0035345943344229	0.040423559554728	9.999000099990002e-05
7324	-0.002221896145429	0.040423559554728	9.999000099990002e-05
7325	-0.002163522839065	0.040423559554728	9.999000099990002e-05
7326	-0.0036233985024439	0.040423559554728	9.999000099990002e-05
7327	0.0001367527078586	0.040423559554728	9.999000099990002e-05
7328	-0.0023425607067803	0.040423559554728	9.999000099990002e-05
7329	-0.0040478064773142	0.040423559554728	9.999000099990002e-05
7330	-0.0055889961082902	0.040423559554728	9.999000099990002e-05
7331	-0.0010472366156938	0.040423559554728	9.999000099990002e-05
7332	-0.0016669602176954	0.040423559554728	9.999000099990002e-05
7333	-0.0058711483112367	0.040423559554728	9.999000099990002e-05
7334	-0.0008721130801642	0.040423559554728	9.999000099990002e-05
7335	-0.0035497664641804	0.040423559554728	9.999000099990002e-05
7336	-0.0049175774138931	0.040423559554728	9.999000099990002e-05
7337	-0.0037801240649842	0.040423559554728	9.999000099990002e-05
7338	-0.0024087796632312	0.040423559554728	9.999000099990002e-05
7339	-0.0035770090704745	0.040423559554728	9.999000099990002e-05
7340	-0.0021298301621623	0.040423559554728	9.999000099990002e-05
7341	-0.0049700818958341	0.040423559554728	9.999000099990002e-05
7342	-0.0029287973071577	0.040423559554728	9.999000099990002e-05
7343	-0.0035699473217414	0.040423559554728	9.999000099990002e-05
7344	-0.0057002932302462	0.040423559554728	9.999000099990002e-05
7345	-0.0032353149708633	0.040423559554728	9.999000099990002e-05
7346	-0.005883928475208	0.040423559554728	9.999000099990002e-05
7347	-0.0025775774143452	0.040423559554728	9.999000099990002e-05
7348	-0.0039887474520338	0.040423559554728	9.999000099990002e-05
7349	-0.0043229736846478	0.040423559554728	9.999000099990002e-05
7350	-0.006472026040587	0.040423559554728	9.999000099990002e-05
7351	-0.0016655060827037	0.040423559554728	9.999000099990002e-05
7352	-0.0058015327887615	0.040423559554728	9.999000099990002e-05
7353	-0.0057729952092092	0.040423559554728	9.999000099990002e-05
7354	-0.0009150274424793	0.040423559554728	9.999000099990002e-05
7355	-0.0042987397621935	0.040423559554728	9.999000099990002e-05
7356	-0.0021414147472043	0.040423559554728	9.999000099990002e-05
7357	-0.0061619223518393	0.040423559554728	9.999000099990002e-05
7358	-0.0014863973674341	0.040423559554728	9.999000099990002e-05
7359	-0.0025918645556192	0.040423559554728	9.999000099990002e-05
7360	-0.0055035704818139	0.040423559554728	9.999000099990002e-05
7361	0.0015227892534403	0.040423559554728	9.999000099990002e-05
7362	-0.0045754796967459	0.040423559554728	9.999000099990002e-05
7363	-0.0034475343666315	0.040423559554728	9.999000099990002e-05
7364	0.0012133350422861	0.040423559554728	9.999000099990002e-05
7365	-0.0036778555914579	0.040423559554728	9.999000099990002e-05
7366	-0.0003955785988064	0.040423559554728	9.999000099990002e-05
7367	-0.0029365852673681	0.040423559554728	9.999000099990002e-05
7368	-0.0045509333948632	0.040423559554728	9.999000099990002e-05
7369	-0.0061749236186587	0.040423559554728	9.999000099990002e-05
7370	-0.00651608706374	0.040423559554728	9.999000099990002e-05
7371	-3.747995285805494e-05	0.040423559554728	9.999000099990002e-05
7372	-0.007369095580536	0.040423559554728	9.999000099990002e-05
7373	-0.0062097562813785	0.040423559554728	9.999000099990002e-05
7374	-0.0019537961499577	0.040423559554728	9.999000099990002e-05
7375	-0.0028924742681232	0.040423559554728	9.999000099990002e-05
7376	-0.0026853010341365	0.040423559554728	9.999000099990002e-05
7377	-0.0025871345628312	0.040423559554728	9.999000099990002e-05
7378	-0.0066252744174721	0.040423559554728	9.999000099990002e-05
7379	-0.0016454996028456	0.040423559554728	9.999000099990002e-05
7380	-0.0056495244845317	0.040423559554728	9.999000099990002e-05
7381	-0.0055495477168259	0.040423559554728	9.999000099990002e-05
7382	-0.004049927498815	0.040423559554728	9.999000099990002e-05
7383	-0.0049068151644742	0.040423559554728	9.999000099990002e-05
7384	-0.0092998509247133	0.040423559554728	9.999000099990002e-05
7385	-0.0009955591822868	0.040423559554728	9.999000099990002e-05
7386	-0.0033896881945416	0.040423559554728	9.999000099990002e-05
7387	-0.0044788379579137	0.040423559554728	9.999000099990002e-05
7388	-0.0018278076343915	0.040423559554728	9.999000099990002e-05
7389	-0.0033571832481288	0.040423559554728	9.999000099990002e-05
7390	-0.0019052377017418	0.040423559554728	9.999000099990002e-05
7391	-0.0068878879691028	0.040423559554728	9.999000099990002e-05
7392	-0.0034795732542481	0.040423559554728	9.999000099990002e-05
7393	0.0006867773400076	0.040423559554728	9.999000099990002e-05
7394	-0.0049592143657568	0.040423559554728	9.999000099990002e-05
7395	-0.0026484592094131	0.040423559554728	9.999000099990002e-05
7396	-0.0031568783219285	0.040423559554728	9.999000099990002e-05
7397	-0.0049538132159852	0.040423559554728	9.999000099990002e-05
7398	-0.0042083751012856	0.040423559554728	9.999000099990002e-05
7399	0.0013489938931452	0.040423559554728	9.999000099990002e-05
7400	-0.0017138454863633	0.040423559554728	9.999000099990002e-05
7401	-0.003995580384134	0.040423559554728	9.999000099990002e-05
7402	-0.0014135719871513	0.040423559554728	9.999000099990002e-05
7403	-0.0042135020750617	0.040423559554728	9.999000099990002e-05
7404	-0.0022388992891584	0.040423559554728	9.999000099990002e-05
7405	-0.0058896436394996	0.040423559554728	9.999000099990002e-05
7406	-0.0040420369318018	0.040423559554728	9.999000099990002e-05
7407	-0.0041210898563537	0.040423559554728	9.999000099990002e-05
7408	-0.0040094277819674	0.040423559554728	9.999000099990002e-05
7409	-0.0023568277845194	0.040423559554728	9.999000099990002e-05
7410	-0.0014971351481891	0.040423559554728	9.999000099990002e-05
7411	-0.0020227067556183	0.040423559554728	9.999000099990002e-05
7412	-0.004662947417893	0.040423559554728	9.999000099990002e-05
7413	-0.0078267410805351	0.040423559554728	9.999000099990002e-05
7414	-0.0030938074937707	0.040423559554728	9.999000099990002e-05
7415	-0.0026614227537089	0.040423559554728	9.999000099990002e-05
7416	-0.0035323010896926	0.040423559554728	9.999000099990002e-05
7417	-0.0021581261328951	0.040423559554728	9.999000099990002e-05
7418	-0.001648041593089	0.040423559554728	9.999000099990002e-05
7419	-0.0060482823553159	0.040423559554728	9.999000099990002e-05
7420	-0.0046113050523903	0.040423559554728	9.999000099990002e-05
7421	-0.004945204651425	0.040423559554728	9.999000099990002e-05
7422	-0.0076806587135137	0.040423559554728	9.999000099990002e-05
7423	-0.0041496163172836	0.040423559554728	9.999000099990002e-05
7424	-0.000110520164932	0.040423559554728	9.999000099990002e-05
7425	-0.0047824936151082	0.040423559554728	9.999000099990002e-05
7426	-0.0056831332523842	0.040423559554728	9.999000099990002e-05
7427	-0.0068674244330701	0.040423559554728	9.999000099990002e-05
7428	-0.0032112087202032	0.040423559554728	9.999000099990002e-05
7429	-0.0001313513849596	0.040423559554728	9.999000099990002e-05
7430	0.0015462090542019	0.040423559554728	9.999000099990002e-05
7431	0.0008796722045054	0.040423559554728	9.999000099990002e-05
7432	-0.0051275120481707	0.040423559554728	9.999000099990002e-05
7433	-0.004172752997137	0.040423559554728	9.999000099990002e-05
7434	-0.0046753829430418	0.040423559554728	9.999000099990002e-05
7435	-0.0050384795828988	0.040423559554728	9.999000099990002e-05
7436	-0.0034329737033985	0.040423559554728	9.999000099990002e-05
7437	-0.0011455084253667	0.040423559554728	9.999000099990002e-05
7438	-0.0010461703628866	0.040423559554728	9.999000099990002e-05
7439	-0.0109710239268902	0.040423559554728	9.999000099990002e-05
7440	-0.002126603568712	0.040423559554728	9.999000099990002e-05
7441	-0.0073788809685637	0.040423559554728	9.999000099990002e-05
7442	-0.0046211894884922	0.040423559554728	9.999000099990002e-05
7443	-0.0064346948618221	0.040423559554728	9.999000099990002e-05
7444	-0.0076577080301313	0.040423559554728	9.999000099990002e-05
7445	-0.0052115716614709	0.040423559554728	9.999000099990002e-05
7446	-0.0028282623961479	0.040423559554728	9.999000099990002e-05
7447	-0.0019620459369627	0.040423559554728	9.999000099990002e-05
7448	-0.0010445445240476	0.040423559554728	9.999000099990002e-05
7449	-0.0093630194736357	0.040423559554728	9.999000099990002e-05
7450	-0.0019034847681997	0.040423559554728	9.999000099990002e-05
7451	-0.0021041800003672	0.040423559554728	9.999000099990002e-05
7452	-0.0003162657908826	0.040423559554728	9.999000099990002e-05
7453	-0.0016060066214733	0.040423559554728	9.999000099990002e-05
7454	-0.0016233214521218	0.040423559554728	9.999000099990002e-05
7455	-0.0039904156878345	0.040423559554728	9.999000099990002e-05
7456	-0.0056730060148077	0.040423559554728	9.999000099990002e-05
7457	-0.0004433637833816	0.040423559554728	9.999000099990002e-05
7458	-0.0029525224275995	0.040423559554728	9.999000099990002e-05
7459	-0.0019096216129795	0.040423559554728	9.999000099990002e-05
7460	-0.0028429965906836	0.040423559554728	9.999000099990002e-05
7461	-0.0017640876748949	0.040423559554728	9.999000099990002e-05
7462	-0.0009651220880455	0.040423559554728	9.999000099990002e-05
7463	-0.0020093320531291	0.040423559554728	9.999000099990002e-05
7464	-0.004903855514144	0.040423559554728	9.999000099990002e-05
7465	-0.0055149502572141	0.040423559554728	9.999000099990002e-05
7466	-0.0035701944706358	0.040423559554728	9.999000099990002e-05
7467	-0.005842175720391	0.040423559554728	9.999000099990002e-05
7468	-0.0035584673825576	0.040423559554728	9.999000099990002e-05
7469	-0.0039321245015383	0.040423559554728	9.999000099990002e-05
7470	-0.0027297895086891	0.040423559554728	9.999000099990002e-05
7471	-0.0018262727066417	0.040423559554728	9.999000099990002e-05
7472	-0.0022121219914419	0.040423559554728	9.999000099990002e-05
7473	-0.0061692146100058	0.040423559554728	9.999000099990002e-05
7474	-0.0028809475268488	0.040423559554728	9.999000099990002e-05
7475	0.0004954304455191	0.040423559554728	9.999000099990002e-05
7476	-0.00358137513036	0.040423559554728	9.999000099990002e-05
7477	-0.0018424597473322	0.040423559554728	9.999000099990002e-05
7478	-0.0032405381457306	0.040423559554728	9.999000099990002e-05
7479	-0.0080882525612358	0.040423559554728	9.999000099990002e-05
7480	-0.0059081021493484	0.040423559554728	9.999000099990002e-05
7481	-0.0034447548072064	0.040423559554728	9.999000099990002e-05
7482	-0.006442295767561	0.040423559554728	9.999000099990002e-05
7483	-0.0014127767748112	0.040423559554728	9.999000099990002e-05
7484	-0.0024180312227278	0.040423559554728	9.999000099990002e-05
7485	-0.0024673176714035	0.040423559554728	9.999000099990002e-05
7486	-0.0056211970623324	0.040423559554728	9.999000099990002e-05
7487	-0.0056029733516278	0.040423559554728	9.999000099990002e-05
7488	-0.0014261155245231	0.040423559554728	9.999000099990002e-05
7489	0.0007260208448845	0.040423559554728	9.999000099990002e-05
7490	0.0019309996268523	0.040423559554728	9.999000099990002e-05
7491	-0.007063131058678	0.040423559554728	9.999000099990002e-05
7492	-0.0059527500741801	0.040423559554728	9.999000099990002e-05
7493	-0.0067125476973813	0.040423559554728	9.999000099990002e-05
7494	-0.0026679673710809	0.040423559554728	9.999000099990002e-05
7495	7.004522453024909e-05	0.040423559554728	9.999000099990002e-05
7496	0.0009715924722619	0.040423559554728	9.999000099990002e-05
7497	0.0003019377915566	0.040423559554728	9.999000099990002e-05
7498	9.751751309392124e-05	0.040423559554728	9.999000099990002e-05
7499	-0.0049483957730073	0.040423559554728	9.999000099990002e-05
7500	-0.005240953082909	0.040423559554728	9.999000099990002e-05
7501	0.001819572697865	0.040423559554728	9.999000099990002e-05
7502	-0.0034828693294705	0.040423559554728	9.999000099990002e-05
7503	0.0002710144980387	0.040423559554728	9.999000099990002e-05
7504	-0.0058157017225358	0.040423559554728	9.999000099990002e-05
7505	-0.0055502024074759	0.040423559554728	9.999000099990002e-05
7506	0.0010054408675877	0.040423559554728	9.999000099990002e-05
7507	-0.0026056634200887	0.040423559554728	9.999000099990002e-05
7508	0.0019584879393131	0.040423559554728	9.999000099990002e-05
7509	-0.007724933433512	0.040423559554728	9.999000099990002e-05
7510	-0.0023464122514511	0.040423559554728	9.999000099990002e-05
7511	-0.0061042399197391	0.040423559554728	9.999000099990002e-05
7512	-0.0020935104125473	0.040423559554728	9.999000099990002e-05
7513	-0.002617457296847	0.040423559554728	9.999000099990002e-05
7514	-0.0008101362244242	0.040423559554728	9.999000099990002e-05
7515	-0.0060067126538052	0.040423559554728	9.999000099990002e-05
7516	-0.0026233270830885	0.040423559554728	9.999000099990002e-05
7517	-0.0038550915690669	0.040423559554728	9.999000099990002e-05
7518	-0.0063470448952963	0.040423559554728	9.999000099990002e-05
7519	-0.0006063433979101	0.040423559554728	9.999000099990002e-05
7520	-0.0058805494719904	0.040423559554728	9.999000099990002e-05
7521	-0.0028522845646304	0.040423559554728	9.999000099990002e-05
7522	-0.0081100606234183	0.040423559554728	9.999000099990002e-05
7523	-0.0053019767379942	0.040423559554728	9.999000099990002e-05
7524	-0.0035595213433237	0.040423559554728	9.999000099990002e-05
7525	-0.0059313412244046	0.040423559554728	9.999000099990002e-05
7526	-0.0064570421002468	0.040423559554728	9.999000099990002e-05
7527	-0.002879861537525	0.040423559554728	9.999000099990002e-05
7528	-0.0033032388661107	0.040423559554728	9.999000099990002e-05
7529	-0.0024699787347833	0.040423559554728	9.999000099990002e-05
7530	-0.0077264699001715	0.040423559554728	9.999000099990002e-05
7531	-0.0045082049328373	0.040423559554728	9.999000099990002e-05
7532	-0.0012412044657287	0.040423559554728	9.999000099990002e-05
7533	-0.0008318408718762	0.040423559554728	9.999000099990002e-05
7534	-0.0030299508021492	0.040423559554728	9.999000099990002e-05
7535	-0.0013685701515663	0.040423559554728	9.999000099990002e-05
7536	-0.0058957960080308	0.040423559554728	9.999000099990002e-05
7537	-0.0064612739479719	0.040423559554728	9.999000099990002e-05
7538	-0.0027761467005008	0.040423559554728	9.999000099990002e-05
7539	-0.0004005690328212	0.040423559554728	9.999000099990002e-05
7540	-0.0002690998443257	0.040423559554728	9.999000099990002e-05
7541	-0.0055656282649667	0.040423559554728	9.999000099990002e-05
7542	-0.0056807538479483	0.040423559554728	9.999000099990002e-05
7543	-0.0034774009293459	0.040423559554728	9.999000099990002e-05
7544	-0.0042883419265865	0.040423559554728	9.999000099990002e-05
7545	-0.0053881106476501	0.040423559554728	9.999000099990002e-05
7546	-0.0023420107774067	0.040423559554728	9.999000099990002e-05
7547	-0.0050536948213637	0.040423559554728	9.999000099990002e-05
7548	-0.0068181655116412	0.040423559554728	9.999000099990002e-05
7549	-0.0027778016054964	0.040423559554728	9.999000099990002e-05
7550	-0.0027435159097491	0.040423559554728	9.999000099990002e-05
7551	0.0005055856912516	0.040423559554728	9.999000099990002e-05
7552	-0.0019304695878863	0.040423559554728	9.999000099990002e-05
7553	0.0001279605129011	0.040423559554728	9.999000099990002e-05
7554	-0.0035136819176733	0.040423559554728	9.999000099990002e-05
7555	-0.0042631863895984	0.040423559554728	9.999000099990002e-05
7556	-0.0029898653597871	0.040423559554728	9.999000099990002e-05
7557	-0.0011613275512258	0.040423559554728	9.999000099990002e-05
7558	-0.0020008436774148	0.040423559554728	9.999000099990002e-05
7559	0.0014764318885013	0.040423559554728	9.999000099990002e-05
7560	-0.0039824602173056	0.040423559554728	9.999000099990002e-05
7561	-0.0010817885620519	0.040423559554728	9.999000099990002e-05
7562	-0.0072024147535759	0.040423559554728	9.999000099990002e-05
7563	-0.0051146246799039	0.040423559554728	9.999000099990002e-05
7564	-0.0028179864037147	0.040423559554728	9.999000099990002e-05
7565	-0.004438368307514	0.040423559554728	9.999000099990002e-05
7566	-0.0013772099944656	0.040423559554728	9.999000099990002e-05
7567	-0.0076626253467	0.040423559554728	9.999000099990002e-05
7568	-0.0040155059750522	0.040423559554728	9.999000099990002e-05
7569	-0.0035148341955316	0.040423559554728	9.999000099990002e-05
7570	-0.0009266521161185	0.040423559554728	9.999000099990002e-05
7571	-0.0088816738220043	0.040423559554728	9.999000099990002e-05
7572	-0.0034579613261042	0.040423559554728	9.999000099990002e-05
7573	-0.003923321534213	0.040423559554728	9.999000099990002e-05
7574	-0.00584195177056	0.040423559554728	9.999000099990002e-05
7575	-0.0052064863152016	0.040423559554728	9.999000099990002e-05
7576	-0.0043441566417188	0.040423559554728	9.999000099990002e-05
7577	-0.003100848563405	0.040423559554728	9.999000099990002e-05
7578	-0.0027311225507255	0.040423559554728	9.999000099990002e-05
7579	0.0001481560862859	0.040423559554728	9.999000099990002e-05
7580	-0.0058264406190004	0.040423559554728	9.999000099990002e-05
7581	-0.003899086380631	0.040423559554728	9.999000099990002e-05
7582	-0.0084779770322068	0.040423559554728	9.999000099990002e-05
7583	-0.0028639297057683	0.040423559554728	9.999000099990002e-05
7584	-0.0038282758370812	0.040423559554728	9.999000099990002e-05
7585	-0.002620992191615	0.040423559554728	9.999000099990002e-05
7586	-0.0015132672113313	0.040423559554728	9.999000099990002e-05
7587	-0.0046596258352428	0.040423559554728	9.999000099990002e-05
7588	-0.0021778044017915	0.040423559554728	9.999000099990002e-05
7589	-0.0040767517140403	0.040423559554728	9.999000099990002e-05
7590	-0.0077408005733531	0.040423559554728	9.999000099990002e-05
7591	0.0019941334733615	0.040423559554728	9.999000099990002e-05
7592	-0.0029374235884155	0.040423559554728	9.999000099990002e-05
7593	0.0045281090559654	0.040423559554728	9.999000099990002e-05
7594	-0.0034345218657715	0.040423559554728	9.999000099990002e-05
7595	-0.0045128098315049	0.040423559554728	9.999000099990002e-05
7596	-0.0067324045567459	0.040423559554728	9.999000099990002e-05
7597	-9.074009716033284e-05	0.040423559554728	9.999000099990002e-05
7598	-0.002878766257034	0.040423559554728	9.999000099990002e-05
7599	-0.0057875655483368	0.040423559554728	9.999000099990002e-05
7600	0.0012684026360058	0.040423559554728	9.999000099990002e-05
7601	-0.004220481030454	0.040423559554728	9.999000099990002e-05
7602	5.280235714565096e-05	0.040423559554728	9.999000099990002e-05
7603	-0.004717899804987	0.040423559554728	9.999000099990002e-05
7604	-0.0014590044289007	0.040423559554728	9.999000099990002e-05
7605	-0.0015104156501697	0.040423559554728	9.999000099990002e-05
7606	-0.003546007446454	0.040423559554728	9.999000099990002e-05
7607	-0.0040610458904063	0.040423559554728	9.999000099990002e-05
7608	-0.0016949160893892	0.040423559554728	9.999000099990002e-05
7609	-0.0058805946197531	0.040423559554728	9.999000099990002e-05
7610	-0.0045252926011808	0.040423559554728	9.999000099990002e-05
7611	-0.008938252913574	0.040423559554728	9.999000099990002e-05
7612	-0.0041965888613666	0.040423559554728	9.999000099990002e-05
7613	-0.0016918497541455	0.040423559554728	9.999000099990002e-05
7614	-0.0059457749468256	0.040423559554728	9.999000099990002e-05
7615	-0.0032244891644746	0.040423559554728	9.999000099990002e-05
7616	-0.0082584820562056	0.040423559554728	9.999000099990002e-05
7617	-0.004061514623058	0.040423559554728	9.999000099990002e-05
7618	-0.0032835799874762	0.040423559554728	9.999000099990002e-05
7619	-0.0060157667327172	0.040423559554728	9.999000099990002e-05
7620	-0.000773446290086	0.040423559554728	9.999000099990002e-05
7621	-0.0040621360540226	0.040423559554728	9.999000099990002e-05
7622	-0.0050161533698276	0.040423559554728	9.999000099990002e-05
7623	-0.0011631735888035	0.040423559554728	9.999000099990002e-05
7624	-0.0116574057863468	0.040423559554728	9.999000099990002e-05
7625	-0.0035656103664853	0.040423559554728	9.999000099990002e-05
7626	-0.0077500488626666	0.040423559554728	9.999000099990002e-05
7627	-0.0043973182765653	0.040423559554728	9.999000099990002e-05
7628	-0.0056226664710026	0.040423559554728	9.999000099990002e-05
7629	-0.0055331965706546	0.040423559554728	9.999000099990002e-05
7630	0.0008553443508516	0.040423559554728	9.999000099990002e-05
7631	-0.0030313876628797	0.040423559554728	9.999000099990002e-05
7632	-0.0034056286249561	0.040423559554728	9.999000099990002e-05
7633	-0.0067323691618233	0.040423559554728	9.999000099990002e-05
7634	-0.0019743390360207	0.040423559554728	9.999000099990002e-05
7635	-0.0020192496719709	0.040423559554728	9.999000099990002e-05
7636	-0.0051483418062341	0.040423559554728	9.999000099990002e-05
7637	-0.0005504341744871	0.040423559554728	9.999000099990002e-05
7638	-0.0025020805060967	0.040423559554728	9.999000099990002e-05
7639	-0.0056193100320481	0.040423559554728	9.999000099990002e-05
7640	-0.0041371747711506	0.040423559554728	9.999000099990002e-05
7641	-0.0026950037442417	0.040423559554728	9.999000099990002e-05
7642	-0.0026448596804385	0.040423559554728	9.999000099990002e-05
7643	-0.0034557537216975	0.040423559554728	9.999000099990002e-05
7644	-0.0018899426515738	0.040423559554728	9.999000099990002e-05
7645	-0.0054336479660941	0.040423559554728	9.999000099990002e-05
7646	-0.0032115241389782	0.040423559554728	9.999000099990002e-05
7647	-0.0052239431102679	0.040423559554728	9.999000099990002e-05
7648	-0.0049219247952624	0.040423559554728	9.999000099990002e-05
7649	-0.0054579042604479	0.040423559554728	9.999000099990002e-05
7650	-0.0079711684656154	0.040423559554728	9.999000099990002e-05
7651	-0.0017888398251834	0.040423559554728	9.999000099990002e-05
7652	-6.315175557052854e-05	0.040423559554728	9.999000099990002e-05
7653	-0.0017375086464541	0.040423559554728	9.999000099990002e-05
7654	-0.0041870695892951	0.040423559554728	9.999000099990002e-05
7655	-0.0029253213526303	0.040423559554728	9.999000099990002e-05
7656	-0.0012407363294044	0.040423559554728	9.999000099990002e-05
7657	-0.0044659622853605	0.040423559554728	9.999000099990002e-05
7658	-0.0032964130899405	0.040423559554728	9.999000099990002e-05
7659	-0.0002638344648605	0.040423559554728	9.999000099990002e-05
7660	-0.0024727160703741	0.040423559554728	9.999000099990002e-05
7661	-0.0061569976100314	0.040423559554728	9.999000099990002e-05
7662	-0.0046314453596814	0.040423559554728	9.999000099990002e-05
7663	0.0017515654514221	0.040423559554728	9.999000099990002e-05
7664	-0.0021232071565786	0.040423559554728	9.999000099990002e-05
7665	-0.0008225170220975	0.040423559554728	9.999000099990002e-05
7666	-0.005365932843181	0.040423559554728	9.999000099990002e-05
7667	-0.0045664892902218	0.040423559554728	9.999000099990002e-05
7668	-0.0033707152464236	0.040423559554728	9.999000099990002e-05
7669	-0.0041424963400555	0.040423559554728	9.999000099990002e-05
7670	-0.0035490973270157	0.040423559554728	9.999000099990002e-05
7671	-0.0058194715703391	0.040423559554728	9.999000099990002e-05
7672	-0.0083491873547708	0.040423559554728	9.999000099990002e-05
7673	-0.0019769340609389	0.040423559554728	9.999000099990002e-05
7674	-0.0011899125291962	0.040423559554728	9.999000099990002e-05
7675	0.0006732428409846	0.040423559554728	9.999000099990002e-05
7676	-0.0051924544982796	0.040423559554728	9.999000099990002e-05
7677	-0.0035203832152869	0.040423559554728	9.999000099990002e-05
7678	-0.0004073340605319	0.040423559554728	9.999000099990002e-05
7679	-0.0023579655581539	0.040423559554728	9.999000099990002e-05
7680	-0.0017108667150803	0.040423559554728	9.999000099990002e-05
7681	-0.0008427013422054	0.040423559554728	9.999000099990002e-05
7682	-0.0005720962133775	0.040423559554728	9.999000099990002e-05
7683	-0.0026831753189611	0.040423559554728	9.999000099990002e-05
7684	-0.0020660968718606	0.040423559554728	9.999000099990002e-05
7685	-0.0032462483855112	0.040423559554728	9.999000099990002e-05
7686	-0.0067198200266675	0.040423559554728	9.999000099990002e-05
7687	-0.0048213267889557	0.040423559554728	9.999000099990002e-05
7688	-0.0062027309855685	0.040423559554728	9.999000099990002e-05
7689	-0.005456235235956	0.040423559554728	9.999000099990002e-05
7690	-0.0087163324812648	0.040423559554728	9.999000099990002e-05
7691	-0.0071178298911661	0.040423559554728	9.999000099990002e-05
7692	-0.0013150013404552	0.040423559554728	9.999000099990002e-05
7693	-0.0049199191342783	0.040423559554728	9.999000099990002e-05
7694	-0.0067788670484524	0.040423559554728	9.999000099990002e-05
7695	0.0028753487233653	0.040423559554728	9.999000099990002e-05
7696	-0.0026544731530187	0.040423559554728	9.999000099990002e-05
7697	6.496214815279039e-05	0.040423559554728	9.999000099990002e-05
7698	-0.0040283031247391	0.040423559554728	9.999000099990002e-05
7699	-0.0053170836756904	0.040423559554728	9.999000099990002e-05
7700	-0.0040719802476364	0.040423559554728	9.999000099990002e-05
7701	-0.0034797362247831	0.040423559554728	9.999000099990002e-05
7702	-0.0036230533634758	0.040423559554728	9.999000099990002e-05
7703	-0.0050907460532217	0.040423559554728	9.999000099990002e-05
7704	-0.003415481378755	0.040423559554728	9.999000099990002e-05
7705	-0.0033107725984422	0.040423559554728	9.999000099990002e-05
7706	-0.0055438731220408	0.040423559554728	9.999000099990002e-05
7707	-0.0063485650495132	0.040423559554728	9.999000099990002e-05
7708	-0.0064338809132567	0.040423559554728	9.999000099990002e-05
7709	-0.0035984936346062	0.040423559554728	9.999000099990002e-05
7710	-0.0020322092728107	0.040423559554728	9.999000099990002e-05
7711	-0.0040786949337642	0.040423559554728	9.999000099990002e-05
7712	-0.0030529872412735	0.040423559554728	9.999000099990002e-05
7713	-0.0016693126335028	0.040423559554728	9.999000099990002e-05
7714	-0.0041585377806541	0.040423559554728	9.999000099990002e-05
7715	-0.0058600425387048	0.040423559554728	9.999000099990002e-05
7716	-0.0068745797859844	0.040423559554728	9.999000099990002e-05
7717	0.0002376743468706	0.040423559554728	9.999000099990002e-05
7718	-0.0083961036132324	0.040423559554728	9.999000099990002e-05
7719	-0.0065902254994697	0.040423559554728	9.999000099990002e-05
7720	-0.0058194168813364	0.040423559554728	9.999000099990002e-05
7721	-0.0016749764943929	0.040423559554728	9.999000099990002e-05
7722	-0.0080759600777416	0.040423559554728	9.999000099990002e-05
7723	0.0003258002212145	0.040423559554728	9.999000099990002e-05
7724	0.001916531144309	0.040423559554728	9.999000099990002e-05
7725	-0.0050803594324189	0.040423559554728	9.999000099990002e-05
7726	-0.0046048250884612	0.040423559554728	9.999000099990002e-05
7727	-0.0034895594315161	0.040423559554728	9.999000099990002e-05
7728	-0.0033592457525892	0.040423559554728	9.999000099990002e-05
7729	-0.003743811509772	0.040423559554728	9.999000099990002e-05
7730	0.0043160996059501	0.040423559554728	9.999000099990002e-05
7731	-0.0048965182428694	0.040423559554728	9.999000099990002e-05
7732	-0.0060054400716828	0.040423559554728	9.999000099990002e-05
7733	-0.0035571973396362	0.040423559554728	9.999000099990002e-05
7734	-0.0047679634992322	0.040423559554728	9.999000099990002e-05
7735	-0.0027559130583378	0.040423559554728	9.999000099990002e-05
7736	-0.0069881126936305	0.040423559554728	9.999000099990002e-05
7737	-0.0038342698902793	0.040423559554728	9.999000099990002e-05
7738	-0.0032240813341734	0.040423559554728	9.999000099990002e-05
7739	0.0011319962597704	0.040423559554728	9.999000099990002e-05
7740	-0.0084799000537411	0.040423559554728	9.999000099990002e-05
7741	0.0017385393889205	0.040423559554728	9.999000099990002e-05
7742	-0.0030575782128085	0.040423559554728	9.999000099990002e-05
7743	-0.0028486881519479	0.040423559554728	9.999000099990002e-05
7744	-0.0005764791243239	0.040423559554728	9.999000099990002e-05
7745	-0.0035456822556025	0.040423559554728	9.999000099990002e-05
7746	-0.0030743481155397	0.040423559554728	9.999000099990002e-05
7747	-0.0032611909099446	0.040423559554728	9.999000099990002e-05
7748	0.0014590842790767	0.040423559554728	9.999000099990002e-05
7749	-0.0043250304566696	0.040423559554728	9.999000099990002e-05
7750	-0.0012742819827237	0.040423559554728	9.999000099990002e-05
7751	-0.0035336107980109	0.040423559554728	9.999000099990002e-05
7752	-0.0005440882880638	0.040423559554728	9.999000099990002e-05
7753	-0.0002751551846017	0.040423559554728	9.999000099990002e-05
7754	-0.001330001131565	0.040423559554728	9.999000099990002e-05
7755	-0.0024329451426776	0.040423559554728	9.999000099990002e-05
7756	-0.0048773849788356	0.040423559554728	9.999000099990002e-05
7757	-0.0046012140753732	0.040423559554728	9.999000099990002e-05
7758	0.0035802807539784	0.040423559554728	9.999000099990002e-05
7759	-0.0059312822649275	0.040423559554728	9.999000099990002e-05
7760	-0.0028933586795155	0.040423559554728	9.999000099990002e-05
7761	-0.0020200147216812	0.040423559554728	9.999000099990002e-05
7762	-0.001318421624925	0.040423559554728	9.999000099990002e-05
7763	-0.0012941573090045	0.040423559554728	9.999000099990002e-05
7764	-0.0026549065292206	0.040423559554728	9.999000099990002e-05
7765	-0.0031934261379579	0.040423559554728	9.999000099990002e-05
7766	-0.0046541094018998	0.040423559554728	9.999000099990002e-05
7767	-0.0004319500365503	0.040423559554728	9.999000099990002e-05
7768	-0.0051464178805903	0.040423559554728	9.999000099990002e-05
7769	-0.002653642334156	0.040423559554728	9.999000099990002e-05
7770	-0.003790923902272	0.040423559554728	9.999000099990002e-05
7771	-0.0013537263866615	0.040423559554728	9.999000099990002e-05
7772	-0.0017561788910384	0.040423559554728	9.999000099990002e-05
7773	5.41193368122056e-05	0.040423559554728	9.999000099990002e-05
7774	-0.0028845635606296	0.040423559554728	9.999000099990002e-05
7775	-0.0019303523999143	0.040423559554728	9.999000099990002e-05
7776	-0.0035328786040222	0.040423559554728	9.999000099990002e-05
7777	-0.0015143970211082	0.040423559554728	9.999000099990002e-05
7778	-0.0044541643497279	0.040423559554728	9.999000099990002e-05
7779	-0.003256333745508	0.040423559554728	9.999000099990002e-05
7780	-0.0041397696806507	0.040423559554728	9.999000099990002e-05
7781	-0.0017492017246285	0.040423559554728	9.999000099990002e-05
7782	-0.0025941432191803	0.040423559554728	9.999000099990002e-05
7783	-0.0022627506771393	0.040423559554728	9.999000099990002e-05
7784	-0.0032028359358422	0.040423559554728	9.999000099990002e-05
7785	-0.0054326848587082	0.040423559554728	9.999000099990002e-05
7786	-0.0023698181443165	0.040423559554728	9.999000099990002e-05
7787	-0.0031536805060892	0.040423559554728	9.999000099990002e-05
7788	-0.0025892104750421	0.040423559554728	9.999000099990002e-05
7789	-0.0075158069384157	0.040423559554728	9.999000099990002e-05
7790	-0.0053386472820704	0.040423559554728	9.999000099990002e-05
7791	-0.0026026799743675	0.040423559554728	9.999000099990002e-05
7792	-0.0050674604646204	0.040423559554728	9.999000099990002e-05
7793	-0.0048466803451467	0.040423559554728	9.999000099990002e-05
7794	-0.0030289143272443	0.040423559554728	9.999000099990002e-05
7795	-0.0001748767713626	0.040423559554728	9.999000099990002e-05
7796	-0.0055012155075691	0.040423559554728	9.999000099990002e-05
7797	-0.0003166395920435	0.040423559554728	9.999000099990002e-05
7798	-0.0087062278464243	0.040423559554728	9.999000099990002e-05
7799	6.057444734997309e-05	0.040423559554728	9.999000099990002e-05
7800	0.001555323958519	0.040423559554728	9.999000099990002e-05
7801	-0.0057447190327021	0.040423559554728	9.999000099990002e-05
7802	-0.0010126521598687	0.040423559554728	9.999000099990002e-05
7803	-0.0037872818032085	0.040423559554728	9.999000099990002e-05
7804	-0.0034177191650277	0.040423559554728	9.999000099990002e-05
7805	-0.0015891291104828	0.040423559554728	9.999000099990002e-05
7806	-0.0011300948214443	0.040423559554728	9.999000099990002e-05
7807	-0.0031445477311835	0.040423559554728	9.999000099990002e-05
7808	-0.0010148355456843	0.040423559554728	9.999000099990002e-05
7809	-0.0007176040284704	0.040423559554728	9.999000099990002e-05
7810	-0.0042819183829335	0.040423559554728	9.999000099990002e-05
7811	-0.0030080263214495	0.040423559554728	9.999000099990002e-05
7812	-0.0034153046926875	0.040423559554728	9.999000099990002e-05
7813	-0.0068072079745841	0.040423559554728	9.999000099990002e-05
7814	-0.0029315596885035	0.040423559554728	9.999000099990002e-05
7815	-0.004098151137994	0.040423559554728	9.999000099990002e-05
7816	-0.0034312496244128	0.040423559554728	9.999000099990002e-05
7817	-0.0037004056774146	0.040423559554728	9.999000099990002e-05
7818	-0.0038313704690266	0.040423559554728	9.999000099990002e-05
7819	-0.0007323763687297	0.040423559554728	9.999000099990002e-05
7820	-0.0052488662141854	0.040423559554728	9.999000099990002e-05
7821	-0.0066781310211839	0.040423559554728	9.999000099990002e-05
7822	-0.0053199019579302	0.040423559554728	9.999000099990002e-05
7823	-0.0039166208329269	0.040423559554728	9.999000099990002e-05
7824	-5.985366052926044e-05	0.040423559554728	9.999000099990002e-05
7825	-0.0045108999868846	0.040423559554728	9.999000099990002e-05
7826	5.723518647479664e-05	0.040423559554728	9.999000099990002e-05
7827	-0.0041260648820353	0.040423559554728	9.999000099990002e-05
7828	-0.0038346014291331	0.040423559554728	9.999000099990002e-05
7829	-0.0059183064670633	0.040423559554728	9.999000099990002e-05
7830	-0.0025728405156999	0.040423559554728	9.999000099990002e-05
7831	-0.0103380165911978	0.040423559554728	9.999000099990002e-05
7832	-0.0034786016251498	0.040423559554728	9.999000099990002e-05
7833	-0.0038651794297919	0.040423559554728	9.999000099990002e-05
7834	-0.0054297162057563	0.040423559554728	9.999000099990002e-05
7835	-0.0099041613459926	0.040423559554728	9.999000099990002e-05
7836	-0.0037403563305252	0.040423559554728	9.999000099990002e-05
7837	-0.0030721241986905	0.040423559554728	9.999000099990002e-05
7838	0.0001181583699943	0.040423559554728	9.999000099990002e-05
7839	-0.0103421165351271	0.040423559554728	9.999000099990002e-05
7840	-0.0035741371187596	0.040423559554728	9.999000099990002e-05
7841	-0.0007961265100924	0.040423559554728	9.999000099990002e-05
7842	-0.0032077937257354	0.040423559554728	9.999000099990002e-05
7843	0.003782959140576	0.040423559554728	9.999000099990002e-05
7844	-0.0048953563083529	0.040423559554728	9.999000099990002e-05
7845	-0.0041412033096709	0.040423559554728	9.999000099990002e-05
7846	-3.78365374669537e-05	0.040423559554728	9.999000099990002e-05
7847	-0.00352232431901	0.040423559554728	9.999000099990002e-05
7848	-0.0009709437448868	0.040423559554728	9.999000099990002e-05
7849	-0.0001690043497383	0.040423559554728	9.999000099990002e-05
7850	-0.002320055133786	0.040423559554728	9.999000099990002e-05
7851	0.0008315945886186	0.040423559554728	9.999000099990002e-05
7852	-0.002275070514753	0.040423559554728	9.999000099990002e-05
7853	0.0012205111897174	0.040423559554728	9.999000099990002e-05
7854	-0.0006328427493023	0.040423559554728	9.999000099990002e-05
7855	-0.0003712582473373	0.040423559554728	9.999000099990002e-05
7856	-0.0012279408148091	0.040423559554728	9.999000099990002e-05
7857	0.0016656597043624	0.040423559554728	9.999000099990002e-05
7858	-0.0049874571286874	0.040423559554728	9.999000099990002e-05
7859	-0.0046588536296024	0.040423559554728	9.999000099990002e-05
7860	-0.0033179674628624	0.040423559554728	9.999000099990002e-05
7861	-0.0033438942629086	0.040423559554728	9.999000099990002e-05
7862	-0.0080696929065484	0.040423559554728	9.999000099990002e-05
7863	-0.0025616958856986	0.040423559554728	9.999000099990002e-05
7864	0.0027098582238052	0.040423559554728	9.999000099990002e-05
7865	-0.0032841130850252	0.040423559554728	9.999000099990002e-05
7866	-0.0072305295369304	0.040423559554728	9.999000099990002e-05
7867	-0.0057128015650592	0.040423559554728	9.999000099990002e-05
7868	-0.0027527942270377	0.040423559554728	9.999000099990002e-05
7869	-0.00262172657855	0.040423559554728	9.999000099990002e-05
7870	-0.0023416600214182	0.040423559554728	9.999000099990002e-05
7871	-0.0010068465076881	0.040423559554728	9.999000099990002e-05
7872	-0.0033859648218106	0.040423559554728	9.999000099990002e-05
7873	-0.0028298590149394	0.040423559554728	9.999000099990002e-05
7874	-0.0111832075814812	0.040423559554728	9.999000099990002e-05
7875	-0.0064042166017469	0.040423559554728	9.999000099990002e-05
7876	-0.0034886861387463	0.040423559554728	9.999000099990002e-05
7877	-0.0079717753154108	0.040423559554728	9.999000099990002e-05
7878	-0.0066010566920422	0.040423559554728	9.999000099990002e-05
7879	-0.0019034718990675	0.040423559554728	9.999000099990002e-05
7880	-0.0055860160481704	0.040423559554728	9.999000099990002e-05
7881	-0.0040782588837068	0.040423559554728	9.999000099990002e-05
7882	-0.0040750498338268	0.040423559554728	9.999000099990002e-05
7883	-0.0064733350179232	0.040423559554728	9.999000099990002e-05
7884	-0.0043463804816226	0.040423559554728	9.999000099990002e-05
7885	-0.0056893733772398	0.040423559554728	9.999000099990002e-05
7886	-0.0063173206817273	0.040423559554728	9.999000099990002e-05
7887	-0.005042493290177	0.040423559554728	9.999000099990002e-05
7888	-0.0010802223367266	0.040423559554728	9.999000099990002e-05
7889	-0.004348611977602	0.040423559554728	9.999000099990002e-05
7890	-0.0066379643628635	0.040423559554728	9.999000099990002e-05
7891	-0.0031799185121452	0.040423559554728	9.999000099990002e-05
7892	-0.003847286315359	0.040423559554728	9.999000099990002e-05
7893	-0.0011011158441234	0.040423559554728	9.999000099990002e-05
7894	-0.0001196298177198	0.040423559554728	9.999000099990002e-05
7895	-0.0038892804673954	0.040423559554728	9.999000099990002e-05
7896	-0.0006795397900801	0.040423559554728	9.999000099990002e-05
7897	0.0008507784827807	0.040423559554728	9.999000099990002e-05
7898	0.0003275429402436	0.040423559554728	9.999000099990002e-05
7899	-0.0028968555439782	0.040423559554728	9.999000099990002e-05
7900	-0.0085191415772719	0.040423559554728	9.999000099990002e-05
7901	-0.0069837152399876	0.040423559554728	9.999000099990002e-05
7902	-0.0007606330395566	0.040423559554728	9.999000099990002e-05
7903	-0.008216232368217	0.040423559554728	9.999000099990002e-05
7904	-0.0029480435463982	0.040423559554728	9.999000099990002e-05
7905	0.0002728024994851	0.040423559554728	9.999000099990002e-05
7906	-0.0027021131607021	0.040423559554728	9.999000099990002e-05
7907	-0.0043915499044716	0.040423559554728	9.999000099990002e-05
7908	-0.0128851526793001	0.040423559554728	9.999000099990002e-05
7909	0.0002428860953336	0.040423559554728	9.999000099990002e-05
7910	-0.0024266319773213	0.040423559554728	9.999000099990002e-05
7911	-0.0027436620292231	0.040423559554728	9.999000099990002e-05
7912	-0.0042622711230671	0.040423559554728	9.999000099990002e-05
7913	-0.0045075135584278	0.040423559554728	9.999000099990002e-05
7914	-0.0049201670526275	0.040423559554728	9.999000099990002e-05
7915	-0.0064269653609431	0.040423559554728	9.999000099990002e-05
7916	-0.0053870937168981	0.040423559554728	9.999000099990002e-05
7917	-0.0004760446271707	0.040423559554728	9.999000099990002e-05
7918	-0.0031162180006196	0.040423559554728	9.999000099990002e-05
7919	-0.0051326707811952	0.040423559554728	9.999000099990002e-05
7920	-0.0042420796277929	0.040423559554728	9.999000099990002e-05
7921	-0.0030196743865158	0.040423559554728	9.999000099990002e-05
7922	-0.005528798770757	0.040423559554728	9.999000099990002e-05
7923	-0.0046733410407348	0.040423559554728	9.999000099990002e-05
7924	0.0007449980634769	0.040423559554728	9.999000099990002e-05
7925	-0.003355746214271	0.040423559554728	9.999000099990002e-05
7926	-0.0038959361940462	0.040423559554728	9.999000099990002e-05
7927	-0.0038174522428752	0.040423559554728	9.999000099990002e-05
7928	-0.0086840648347245	0.040423559554728	9.999000099990002e-05
7929	-0.005636134566073	0.040423559554728	9.999000099990002e-05
7930	-0.0063626454767447	0.040423559554728	9.999000099990002e-05
7931	-0.0036311515678774	0.040423559554728	9.999000099990002e-05
7932	-0.0021218205220127	0.040423559554728	9.999000099990002e-05
7933	-0.0034423002270327	0.040423559554728	9.999000099990002e-05
7934	-0.0018711359249374	0.040423559554728	9.999000099990002e-05
7935	-0.0007232676392877	0.040423559554728	9.999000099990002e-05
7936	-0.0044195273016645	0.040423559554728	9.999000099990002e-05
7937	-0.004566666688035	0.040423559554728	9.999000099990002e-05
7938	-0.0073840826371683	0.040423559554728	9.999000099990002e-05
7939	-0.002777346319068	0.040423559554728	9.999000099990002e-05
7940	-0.0024012636668338	0.040423559554728	9.999000099990002e-05
7941	0.0006456187197447	0.040423559554728	9.999000099990002e-05
7942	-0.0049840568500435	0.040423559554728	9.999000099990002e-05
7943	-0.0036066205204369	0.040423559554728	9.999000099990002e-05
7944	-0.0025582225665541	0.040423559554728	9.999000099990002e-05
7945	-0.0010878411130542	0.040423559554728	9.999000099990002e-05
7946	-0.0041546657492482	0.040423559554728	9.999000099990002e-05
7947	-0.0053221011560428	0.040423559554728	9.999000099990002e-05
7948	-0.0052482838330539	0.040423559554728	9.999000099990002e-05
7949	-0.0047890588153971	0.040423559554728	9.999000099990002e-05
7950	-0.0012150035858687	0.040423559554728	9.999000099990002e-05
7951	-0.0034872851346113	0.040423559554728	9.999000099990002e-05
7952	-0.0014985745481206	0.040423559554728	9.999000099990002e-05
7953	-0.002138544430581	0.040423559554728	9.999000099990002e-05
7954	0.0004084705838023	0.040423559554728	9.999000099990002e-05
7955	-0.0029169822319186	0.040423559554728	9.999000099990002e-05
7956	-0.000687228740689	0.040423559554728	9.999000099990002e-05
7957	-0.0049428621615851	0.040423559554728	9.999000099990002e-05
7958	-0.0058118503509924	0.040423559554728	9.999000099990002e-05
7959	-0.0039471960058391	0.040423559554728	9.999000099990002e-05
7960	-0.0029668519273625	0.040423559554728	9.999000099990002e-05
7961	0.0002712050342933	0.040423559554728	9.999000099990002e-05
7962	-0.0039005909918601	0.040423559554728	9.999000099990002e-05
7963	-0.0014947089416626	0.040423559554728	9.999000099990002e-05
7964	0.0003836861548832	0.040423559554728	9.999000099990002e-05
7965	-0.0003431041448406	0.040423559554728	9.999000099990002e-05
7966	-0.0021044297076989	0.040423559554728	9.999000099990002e-05
7967	-0.0032802389760913	0.040423559554728	9.999000099990002e-05
7968	-0.0056868424863824	0.040423559554728	9.999000099990002e-05
7969	-0.0017119029591487	0.040423559554728	9.999000099990002e-05
7970	-0.00381274396795	0.040423559554728	9.999000099990002e-05
7971	-0.0029529193124056	0.040423559554728	9.999000099990002e-05
7972	-0.0017630672815961	0.040423559554728	9.999000099990002e-05
7973	-0.0051424990855666	0.040423559554728	9.999000099990002e-05
7974	-0.003771674162012	0.040423559554728	9.999000099990002e-05
7975	-0.0003598054891456	0.040423559554728	9.999000099990002e-05
7976	-0.0024021550417924	0.040423559554728	9.999000099990002e-05
7977	-0.0042475558186477	0.040423559554728	9.999000099990002e-05
7978	-0.000518765125339	0.040423559554728	9.999000099990002e-05
7979	-0.0032035295801434	0.040423559554728	9.999000099990002e-05
7980	-0.0064440451616109	0.040423559554728	9.999000099990002e-05
7981	-6.011146637316389e-05	0.040423559554728	9.999000099990002e-05
7982	-0.0028217216260501	0.040423559554728	9.999000099990002e-05
7983	0.0005149570933394	0.040423559554728	9.999000099990002e-05
7984	-0.0020698178208088	0.040423559554728	9.999000099990002e-05
7985	-0.0003945231376034	0.040423559554728	9.999000099990002e-05
7986	-0.0026479423088884	0.040423559554728	9.999000099990002e-05
7987	-0.0039652239287599	0.040423559554728	9.999000099990002e-05
7988	3.623795656559903e-05	0.040423559554728	9.999000099990002e-05
7989	-0.0030287962736356	0.040423559554728	9.999000099990002e-05
7990	-0.0027034992181768	0.040423559554728	9.999000099990002e-05
7991	-0.0043994352007192	0.040423559554728	9.999000099990002e-05
7992	-0.0043804713898774	0.040423559554728	9.999000099990002e-05
7993	-0.0039574700938716	0.040423559554728	9.999000099990002e-05
7994	-0.0029199469991235	0.040423559554728	9.999000099990002e-05
7995	-0.0066773446575746	0.040423559554728	9.999000099990002e-05
7996	-0.0014647708965937	0.040423559554728	9.999000099990002e-05
7997	-0.0040573864593725	0.040423559554728	9.999000099990002e-05
7998	-0.0035923509996786	0.040423559554728	9.999000099990002e-05
7999	-0.0029887135436018	0.040423559554728	9.999000099990002e-05
8000	-0.0025632020743102	0.040423559554728	9.999000099990002e-05
8001	-0.0047915907642549	0.040423559554728	9.999000099990002e-05
8002	-0.0006357915695556	0.040423559554728	9.999000099990002e-05
8003	-0.0043906398509968	0.040423559554728	9.999000099990002e-05
8004	-0.0025561989195631	0.040423559554728	9.999000099990002e-05
8005	-0.0033211417333837	0.040423559554728	9.999000099990002e-05
8006	-0.0090430077649953	0.040423559554728	9.999000099990002e-05
8007	-0.0040435724943519	0.040423559554728	9.999000099990002e-05
8008	0.0007205033920139	0.040423559554728	9.999000099990002e-05
8009	-3.001316309754476e-06	0.040423559554728	9.999000099990002e-05
8010	-0.0055559093193643	0.040423559554728	9.999000099990002e-05
8011	-0.0044208758866886	0.040423559554728	9.999000099990002e-05
8012	-0.0025098193173792	0.040423559554728	9.999000099990002e-05
8013	-0.002220305259076	0.040423559554728	9.999000099990002e-05
8014	-0.0055060574560363	0.040423559554728	9.999000099990002e-05
8015	-0.0030137204026785	0.040423559554728	9.999000099990002e-05
8016	-0.0095742293254184	0.040423559554728	9.999000099990002e-05
8017	-0.002661883830285	0.040423559554728	9.999000099990002e-05
8018	-0.0012254263710489	0.040423559554728	9.999000099990002e-05
8019	-0.0040434559219437	0.040423559554728	9.999000099990002e-05
8020	-0.0029847951910145	0.040423559554728	9.999000099990002e-05
8021	-0.0011882282117893	0.040423559554728	9.999000099990002e-05
8022	-0.0017542085480314	0.040423559554728	9.999000099990002e-05
8023	-0.002916261502807	0.040423559554728	9.999000099990002e-05
8024	-0.0006371440980358	0.040423559554728	9.999000099990002e-05
8025	-0.0062757468251604	0.040423559554728	9.999000099990002e-05
8026	-0.0030525544806355	0.040423559554728	9.999000099990002e-05
8027	-0.0060423596113451	0.040423559554728	9.999000099990002e-05
8028	-0.007501747498065	0.040423559554728	9.999000099990002e-05
8029	-0.0050474286504617	0.040423559554728	9.999000099990002e-05
8030	-0.0086273159629445	0.040423559554728	9.999000099990002e-05
8031	-0.0054440169856174	0.040423559554728	9.999000099990002e-05
8032	-0.0010131745042864	0.040423559554728	9.999000099990002e-05
8033	-0.0044482052105432	0.040423559554728	9.999000099990002e-05
8034	-0.0006778007836706	0.040423559554728	9.999000099990002e-05
8035	-0.0067412409761203	0.040423559554728	9.999000099990002e-05
8036	-0.0024328967247318	0.040423559554728	9.999000099990002e-05
8037	-0.0002864404132385	0.040423559554728	9.999000099990002e-05
8038	-0.0046777309152475	0.040423559554728	9.999000099990002e-05
8039	-0.0009445442110238	0.040423559554728	9.999000099990002e-05
8040	-0.0061869302689164	0.040423559554728	9.999000099990002e-05
8041	-0.0055449031912341	0.040423559554728	9.999000099990002e-05
8042	0.0023092017616778	0.040423559554728	9.999000099990002e-05
8043	-0.0033450013930042	0.040423559554728	9.999000099990002e-05
8044	0.0007708310285055	0.040423559554728	9.999000099990002e-05
8045	-0.0046799383657632	0.040423559554728	9.999000099990002e-05
8046	-0.0060693637635845	0.040423559554728	9.999000099990002e-05
8047	0.0012960128878222	0.040423559554728	9.999000099990002e-05
8048	-0.0057411611504708	0.040423559554728	9.999000099990002e-05
8049	-0.0032101162866951	0.040423559554728	9.999000099990002e-05
8050	-0.0027116049439995	0.040423559554728	9.999000099990002e-05
8051	-0.0069199325314488	0.040423559554728	9.999000099990002e-05
8052	-0.006285696376378	0.040423559554728	9.999000099990002e-05
8053	-0.0065906387736639	0.040423559554728	9.999000099990002e-05
8054	0.001307372368851	0.040423559554728	9.999000099990002e-05
8055	-0.0028630164590559	0.040423559554728	9.999000099990002e-05
8056	-0.002119255236524	0.040423559554728	9.999000099990002e-05
8057	-0.000735050108878	0.040423559554728	9.999000099990002e-05
8058	-0.0048624548041523	0.040423559554728	9.999000099990002e-05
8059	-0.0070526889794178	0.040423559554728	9.999000099990002e-05
8060	-0.0069178943994705	0.040423559554728	9.999000099990002e-05
8061	-0.004820010059362	0.040423559554728	9.999000099990002e-05
8062	-0.0064378341221482	0.040423559554728	9.999000099990002e-05
8063	-0.0026438759901356	0.040423559554728	9.999000099990002e-05
8064	-0.0073157446020899	0.040423559554728	9.999000099990002e-05
8065	0.0016470102542952	0.040423559554728	9.999000099990002e-05
8066	-0.005038805331605	0.040423559554728	9.999000099990002e-05
8067	-0.0036787240366622	0.040423559554728	9.999000099990002e-05
8068	-0.0024337073646414	0.040423559554728	9.999000099990002e-05
8069	9.068267659296386e-05	0.040423559554728	9.999000099990002e-05
8070	-0.0021891725391872	0.040423559554728	9.999000099990002e-05
8071	0.0019128206984194	0.040423559554728	9.999000099990002e-05
8072	-0.0060479421793314	0.040423559554728	9.999000099990002e-05
8073	-0.0028861453674155	0.040423559554728	9.999000099990002e-05
8074	-0.0050189139237181	0.040423559554728	9.999000099990002e-05
8075	-0.007882482139603	0.040423559554728	9.999000099990002e-05
8076	-0.0048971109731684	0.040423559554728	9.999000099990002e-05
8077	-0.0036238811237555	0.040423559554728	9.999000099990002e-05
8078	-0.0006057149649065	0.040423559554728	9.999000099990002e-05
8079	-0.0068434765746887	0.040423559554728	9.999000099990002e-05
8080	-0.0060795418044167	0.040423559554728	9.999000099990002e-05
8081	-0.0049089320309189	0.040423559554728	9.999000099990002e-05
8082	-0.0008339902093152	0.040423559554728	9.999000099990002e-05
8083	-0.0065525906745888	0.040423559554728	9.999000099990002e-05
8084	-0.0057039713013235	0.040423559554728	9.999000099990002e-05
8085	-0.0033557217648434	0.040423559554728	9.999000099990002e-05
8086	-0.0010039927535801	0.040423559554728	9.999000099990002e-05
8087	-0.0016111573521676	0.040423559554728	9.999000099990002e-05
8088	-0.0043934460912685	0.040423559554728	9.999000099990002e-05
8089	0.0010857702984816	0.040423559554728	9.999000099990002e-05
8090	0.0008836223740502	0.040423559554728	9.999000099990002e-05
8091	-0.0004863572264179	0.040423559554728	9.999000099990002e-05
8092	-0.00441114282159	0.040423559554728	9.999000099990002e-05
8093	-0.0057070054348821	0.040423559554728	9.999000099990002e-05
8094	-0.0011017739011384	0.040423559554728	9.999000099990002e-05
8095	-0.0022257649258882	0.040423559554728	9.999000099990002e-05
8096	-0.0001869980703914	0.040423559554728	9.999000099990002e-05
8097	-0.0021722513808709	0.040423559554728	9.999000099990002e-05
8098	-0.0051482644760228	0.040423559554728	9.999000099990002e-05
8099	-0.0023550190847378	0.040423559554728	9.999000099990002e-05
8100	-0.0040170939759495	0.040423559554728	9.999000099990002e-05
8101	-0.0087329581496864	0.040423559554728	9.999000099990002e-05
8102	-4.2247398860437155e-05	0.040423559554728	9.999000099990002e-05
8103	-0.0027372231541824	0.040423559554728	9.999000099990002e-05
8104	-0.0025799388520106	0.040423559554728	9.999000099990002e-05
8105	-0.0066904708838599	0.040423559554728	9.999000099990002e-05
8106	-0.0016229795063912	0.040423559554728	9.999000099990002e-05
8107	-0.0030434542151967	0.040423559554728	9.999000099990002e-05
8108	-0.0030831922871716	0.040423559554728	9.999000099990002e-05
8109	-0.0040491087796297	0.040423559554728	9.999000099990002e-05
8110	-0.0086437414192169	0.040423559554728	9.999000099990002e-05
8111	-0.0035897530123593	0.040423559554728	9.999000099990002e-05
8112	-0.0017871538726851	0.040423559554728	9.999000099990002e-05
8113	-0.0041374754933382	0.040423559554728	9.999000099990002e-05
8114	-0.0007983685283667	0.040423559554728	9.999000099990002e-05
8115	-0.003677662188984	0.040423559554728	9.999000099990002e-05
8116	-0.0055169016523956	0.040423559554728	9.999000099990002e-05
8117	-0.0024670690605449	0.040423559554728	9.999000099990002e-05
8118	-0.008953542154358	0.040423559554728	9.999000099990002e-05
8119	-0.0038384787505411	0.040423559554728	9.999000099990002e-05
8120	-0.0024475680163344	0.040423559554728	9.999000099990002e-05
8121	-0.00159016673957	0.040423559554728	9.999000099990002e-05
8122	0.0008853353921226	0.040423559554728	9.999000099990002e-05
8123	-0.0066862243587837	0.040423559554728	9.999000099990002e-05
8124	-0.0064113345976287	0.040423559554728	9.999000099990002e-05
8125	-0.002539156745237	0.040423559554728	9.999000099990002e-05
8126	-0.0030630792185819	0.040423559554728	9.999000099990002e-05
8127	-0.001989697046831	0.040423559554728	9.999000099990002e-05
8128	-0.0016942314092368	0.040423559554728	9.999000099990002e-05
8129	-0.0051281638726014	0.040423559554728	9.999000099990002e-05
8130	-0.0077433201532243	0.040423559554728	9.999000099990002e-05
8131	-0.0004839890367862	0.040423559554728	9.999000099990002e-05
8132	-0.0060575049256014	0.040423559554728	9.999000099990002e-05
8133	-0.0033248058965648	0.040423559554728	9.999000099990002e-05
8134	-0.0082784165535635	0.040423559554728	9.999000099990002e-05
8135	-0.0033535091205076	0.040423559554728	9.999000099990002e-05
8136	0.0005521171645844	0.040423559554728	9.999000099990002e-05
8137	-0.0007345860506644	0.040423559554728	9.999000099990002e-05
8138	-0.0029923729746356	0.040423559554728	9.999000099990002e-05
8139	-0.0049177567930525	0.040423559554728	9.999000099990002e-05
8140	-0.0023779380473445	0.040423559554728	9.999000099990002e-05
8141	-0.0042675287695112	0.040423559554728	9.999000099990002e-05
8142	-0.0003223754161975	0.040423559554728	9.999000099990002e-05
8143	-0.0063829945948428	0.040423559554728	9.999000099990002e-05
8144	0.0002228751718737	0.040423559554728	9.999000099990002e-05
8145	-0.0004119777012506	0.040423559554728	9.999000099990002e-05
8146	-0.0008518670113055	0.040423559554728	9.999000099990002e-05
8147	-0.0063144885685367	0.040423559554728	9.999000099990002e-05
8148	-0.0024367144133897	0.040423559554728	9.999000099990002e-05
8149	-0.0061133568054025	0.040423559554728	9.999000099990002e-05
8150	-0.0026092856864537	0.040423559554728	9.999000099990002e-05
8151	-0.006311213422486	0.040423559554728	9.999000099990002e-05
8152	0.0012799677153677	0.040423559554728	9.999000099990002e-05
8153	-0.0051924273942329	0.040423559554728	9.999000099990002e-05
8154	-0.0027092495850273	0.040423559554728	9.999000099990002e-05
8155	-0.0039689870053605	0.040423559554728	9.999000099990002e-05
8156	-0.0020482683146887	0.040423559554728	9.999000099990002e-05
8157	-0.0044955876239827	0.040423559554728	9.999000099990002e-05
8158	-0.0020935401712132	0.040423559554728	9.999000099990002e-05
8159	-0.0021860093103429	0.040423559554728	9.999000099990002e-05
8160	-0.0063631169986702	0.040423559554728	9.999000099990002e-05
8161	-0.0031973952168554	0.040423559554728	9.999000099990002e-05
8162	0.0003988830610865	0.040423559554728	9.999000099990002e-05
8163	-0.0004490901817138	0.040423559554728	9.999000099990002e-05
8164	-0.001314994434598	0.040423559554728	9.999000099990002e-05
8165	0.0010924169070924	0.040423559554728	9.999000099990002e-05
8166	0.0019071911744514	0.040423559554728	9.999000099990002e-05
8167	-0.0040692451819374	0.040423559554728	9.999000099990002e-05
8168	-0.0036975508845426	0.040423559554728	9.999000099990002e-05
8169	-0.0033335856071175	0.040423559554728	9.999000099990002e-05
8170	-0.0021268477359688	0.040423559554728	9.999000099990002e-05
8171	-0.0016628308228821	0.040423559554728	9.999000099990002e-05
8172	-0.003305951444492	0.040423559554728	9.999000099990002e-05
8173	-0.001149860115683	0.040423559554728	9.999000099990002e-05
8174	-0.0050117782880841	0.040423559554728	9.999000099990002e-05
8175	-0.0028637542893013	0.040423559554728	9.999000099990002e-05
8176	-0.0044858686783804	0.040423559554728	9.999000099990002e-05
8177	3.2383949639305795e-05	0.040423559554728	9.999000099990002e-05
8178	-0.0039225456736622	0.040423559554728	9.999000099990002e-05
8179	-0.0031797414990594	0.040423559554728	9.999000099990002e-05
8180	-0.0038618349366238	0.040423559554728	9.999000099990002e-05
8181	-0.0014390677770693	0.040423559554728	9.999000099990002e-05
8182	0.0006800154093526	0.040423559554728	9.999000099990002e-05
8183	-0.0042383871679101	0.040423559554728	9.999000099990002e-05
8184	-0.005725469600224	0.040423559554728	9.999000099990002e-05
8185	-0.0076260053942794	0.040423559554728	9.999000099990002e-05
8186	-0.007359919081359	0.040423559554728	9.999000099990002e-05
8187	-0.003529850818466	0.040423559554728	9.999000099990002e-05
8188	-0.0012442301160477	0.040423559554728	9.999000099990002e-05
8189	-0.0094156689401048	0.040423559554728	9.999000099990002e-05
8190	-0.0012507752143289	0.040423559554728	9.999000099990002e-05
8191	-0.0057798984887181	0.040423559554728	9.999000099990002e-05
8192	-0.0019395000060621	0.040423559554728	9.999000099990002e-05
8193	-0.0016421823868516	0.040423559554728	9.999000099990002e-05
8194	-0.0050072324643118	0.040423559554728	9.999000099990002e-05
8195	-0.0044255090051124	0.040423559554728	9.999000099990002e-05
8196	-0.0047676927857834	0.040423559554728	9.999000099990002e-05
8197	-0.0093864710144094	0.040423559554728	9.999000099990002e-05
8198	-0.0054292088464717	0.040423559554728	9.999000099990002e-05
8199	-0.0021551012520308	0.040423559554728	9.999000099990002e-05
8200	-0.001645744885812	0.040423559554728	9.999000099990002e-05
8201	-0.0039845887602275	0.040423559554728	9.999000099990002e-05
8202	-0.0049390875816346	0.040423559554728	9.999000099990002e-05
8203	-0.0037580271686914	0.040423559554728	9.999000099990002e-05
8204	-0.005917961732059	0.040423559554728	9.999000099990002e-05
8205	-0.0044631401173737	0.040423559554728	9.999000099990002e-05
8206	-0.0068889587424571	0.040423559554728	9.999000099990002e-05
8207	-0.0058436445519701	0.040423559554728	9.999000099990002e-05
8208	-0.0017980912500254	0.040423559554728	9.999000099990002e-05
8209	-0.0013657896303226	0.040423559554728	9.999000099990002e-05
8210	-0.0026269491378535	0.040423559554728	9.999000099990002e-05
8211	-0.002504096650903	0.040423559554728	9.999000099990002e-05
8212	-0.0063488969538581	0.040423559554728	9.999000099990002e-05
8213	-0.0046387099559464	0.040423559554728	9.999000099990002e-05
8214	-0.0048629753788239	0.040423559554728	9.999000099990002e-05
8215	-0.0033251266438145	0.040423559554728	9.999000099990002e-05
8216	-0.0028756798582554	0.040423559554728	9.999000099990002e-05
8217	-0.0015398717664364	0.040423559554728	9.999000099990002e-05
8218	-0.000295968707168	0.040423559554728	9.999000099990002e-05
8219	-0.006852061767058	0.040423559554728	9.999000099990002e-05
8220	-0.0009052659460244	0.040423559554728	9.999000099990002e-05
8221	-0.0057453749544799	0.040423559554728	9.999000099990002e-05
8222	-0.0056910623883212	0.040423559554728	9.999000099990002e-05
8223	-0.0053434743031137	0.040423559554728	9.999000099990002e-05
8224	-0.0044417362690547	0.040423559554728	9.999000099990002e-05
8225	-0.0010002747862694	0.040423559554728	9.999000099990002e-05
8226	-0.0050669183452134	0.040423559554728	9.999000099990002e-05
8227	-0.0061155341317612	0.040423559554728	9.999000099990002e-05
8228	-0.0062908403358697	0.040423559554728	9.999000099990002e-05
8229	0.0009481096916217	0.040423559554728	9.999000099990002e-05
8230	-0.0053079122549153	0.040423559554728	9.999000099990002e-05
8231	-0.007400535639924	0.040423559554728	9.999000099990002e-05
8232	-0.004344080061726	0.040423559554728	9.999000099990002e-05
8233	-0.0025600758177709	0.040423559554728	9.999000099990002e-05
8234	-0.0026503011881165	0.040423559554728	9.999000099990002e-05
8235	-0.0076674576577453	0.040423559554728	9.999000099990002e-05
8236	-0.0027347004964918	0.040423559554728	9.999000099990002e-05
8237	-0.0036276679188016	0.040423559554728	9.999000099990002e-05
8238	-0.0010650096759354	0.040423559554728	9.999000099990002e-05
8239	-0.0039736661179474	0.040423559554728	9.999000099990002e-05
8240	-0.005365621367862	0.040423559554728	9.999000099990002e-05
8241	-0.0035431357063391	0.040423559554728	9.999000099990002e-05
8242	-0.0044903281500833	0.040423559554728	9.999000099990002e-05
8243	-0.0093063837309534	0.040423559554728	9.999000099990002e-05
8244	-0.0052174809592184	0.040423559554728	9.999000099990002e-05
8245	-0.0007649639161195	0.040423559554728	9.999000099990002e-05
8246	-0.0013863678151264	0.040423559554728	9.999000099990002e-05
8247	-0.0041306255947588	0.040423559554728	9.999000099990002e-05
8248	-0.0015443234858818	0.040423559554728	9.999000099990002e-05
8249	0.002966207893662	0.040423559554728	9.999000099990002e-05
8250	0.0005620788347158	0.040423559554728	9.999000099990002e-05
8251	-0.0032580924499614	0.040423559554728	9.999000099990002e-05
8252	-0.0046266202622752	0.040423559554728	9.999000099990002e-05
8253	-0.0025924803503271	0.040423559554728	9.999000099990002e-05
8254	-0.0025977080457416	0.040423559554728	9.999000099990002e-05
8255	-0.0069024128334494	0.040423559554728	9.999000099990002e-05
8256	-0.004057875351741	0.040423559554728	9.999000099990002e-05
8257	0.0022592835521062	0.040423559554728	9.999000099990002e-05
8258	-0.0047260445998791	0.040423559554728	9.999000099990002e-05
8259	-0.0044699020095559	0.040423559554728	9.999000099990002e-05
8260	-0.0053312418948061	0.040423559554728	9.999000099990002e-05
8261	0.0006618577371096	0.040423559554728	9.999000099990002e-05
8262	-0.0003484184423972	0.040423559554728	9.999000099990002e-05
8263	-0.0038011608448722	0.040423559554728	9.999000099990002e-05
8264	-0.0011659914863159	0.040423559554728	9.999000099990002e-05
8265	-0.0050065478611049	0.040423559554728	9.999000099990002e-05
8266	-0.0025419360738256	0.040423559554728	9.999000099990002e-05
8267	-0.0055560821966303	0.040423559554728	9.999000099990002e-05
8268	-0.0038281558213626	0.040423559554728	9.999000099990002e-05
8269	-0.0003685632509991	0.040423559554728	9.999000099990002e-05
8270	-0.0046436922529763	0.040423559554728	9.999000099990002e-05
8271	-0.0056954748270971	0.040423559554728	9.999000099990002e-05
8272	-0.0045373014251485	0.040423559554728	9.999000099990002e-05
8273	-0.0064847866026963	0.040423559554728	9.999000099990002e-05
8274	-0.0049215328349672	0.040423559554728	9.999000099990002e-05
8275	-0.0031625878884362	0.040423559554728	9.999000099990002e-05
8276	-0.0087091885739913	0.040423559554728	9.999000099990002e-05
8277	-0.0027604019616883	0.040423559554728	9.999000099990002e-05
8278	-0.0020780336171462	0.040423559554728	9.999000099990002e-05
8279	-0.0043515351942456	0.040423559554728	9.999000099990002e-05
8280	-0.0070355187678064	0.040423559554728	9.999000099990002e-05
8281	-2.9312689884646023e-05	0.040423559554728	9.999000099990002e-05
8282	-9.906898412273824e-05	0.040423559554728	9.999000099990002e-05
8283	-0.0002201054999433	0.040423559554728	9.999000099990002e-05
8284	-0.0021724495539648	0.040423559554728	9.999000099990002e-05
8285	-0.0037459101016643	0.040423559554728	9.999000099990002e-05
8286	-0.0006875078219592	0.040423559554728	9.999000099990002e-05
8287	-0.0010007585040541	0.040423559554728	9.999000099990002e-05
8288	-0.0030931178121619	0.040423559554728	9.999000099990002e-05
8289	-0.004100979692456	0.040423559554728	9.999000099990002e-05
8290	-0.0062373897322583	0.040423559554728	9.999000099990002e-05
8291	-0.0058551818540123	0.040423559554728	9.999000099990002e-05
8292	-0.0033043466887156	0.040423559554728	9.999000099990002e-05
8293	-0.0006124755297791	0.040423559554728	9.999000099990002e-05
8294	-0.0035358866915346	0.040423559554728	9.999000099990002e-05
8295	-0.0034635594563147	0.040423559554728	9.999000099990002e-05
8296	-0.0009669095124008	0.040423559554728	9.999000099990002e-05
8297	-0.0051021933290476	0.040423559554728	9.999000099990002e-05
8298	0.0011934592158597	0.040423559554728	9.999000099990002e-05
8299	-0.0046102674040668	0.040423559554728	9.999000099990002e-05
8300	-0.0018155253846467	0.040423559554728	9.999000099990002e-05
8301	-0.0055700853898323	0.040423559554728	9.999000099990002e-05
8302	-0.0017858749810331	0.040423559554728	9.999000099990002e-05
8303	-0.0051514449791282	0.040423559554728	9.999000099990002e-05
8304	-0.0075511427091823	0.040423559554728	9.999000099990002e-05
8305	-0.000542368556498	0.040423559554728	9.999000099990002e-05
8306	-0.0010968521602043	0.040423559554728	9.999000099990002e-05
8307	-0.0034641309304239	0.040423559554728	9.999000099990002e-05
8308	-0.0025371377919205	0.040423559554728	9.999000099990002e-05
8309	-0.0033556540335812	0.040423559554728	9.999000099990002e-05
8310	-0.0019500147988046	0.040423559554728	9.999000099990002e-05
8311	-0.0059997977170554	0.040423559554728	9.999000099990002e-05
8312	-0.003776837069329	0.040423559554728	9.999000099990002e-05
8313	-0.005815758354412	0.040423559554728	9.999000099990002e-05
8314	-0.0038118623265951	0.040423559554728	9.999000099990002e-05
8315	-0.0057006389270691	0.040423559554728	9.999000099990002e-05
8316	-0.0054043230226412	0.040423559554728	9.999000099990002e-05
8317	0.0002680804513183	0.040423559554728	9.999000099990002e-05
8318	-0.0034435094060763	0.040423559554728	9.999000099990002e-05
8319	-0.0031022924646473	0.040423559554728	9.999000099990002e-05
8320	-0.0027669450786233	0.040423559554728	9.999000099990002e-05
8321	-0.0037645684004621	0.040423559554728	9.999000099990002e-05
8322	-0.0064926015707715	0.040423559554728	9.999000099990002e-05
8323	-0.0065907631175659	0.040423559554728	9.999000099990002e-05
8324	-0.0063347258463738	0.040423559554728	9.999000099990002e-05
8325	-0.0011457869103094	0.040423559554728	9.999000099990002e-05
8326	-0.0029406527018304	0.040423559554728	9.999000099990002e-05
8327	-0.0012250560131984	0.040423559554728	9.999000099990002e-05
8328	-0.0049285420491711	0.040423559554728	9.999000099990002e-05
8329	-0.0041217153269562	0.040423559554728	9.999000099990002e-05
8330	-0.0020132664488497	0.040423559554728	9.999000099990002e-05
8331	-0.0034212595036888	0.040423559554728	9.999000099990002e-05
8332	-0.0009379650643659	0.040423559554728	9.999000099990002e-05
8333	-0.0005231143341635	0.040423559554728	9.999000099990002e-05
8334	-0.0043948405165646	0.040423559554728	9.999000099990002e-05
8335	-0.0072507388643205	0.040423559554728	9.999000099990002e-05
8336	0.0006531051883127	0.040423559554728	9.999000099990002e-05
8337	-0.0063373337019515	0.040423559554728	9.999000099990002e-05
8338	0.001128299048504	0.040423559554728	9.999000099990002e-05
8339	-0.0028898583717425	0.040423559554728	9.999000099990002e-05
8340	-0.0077369922335715	0.040423559554728	9.999000099990002e-05
8341	-0.0058213693922274	0.040423559554728	9.999000099990002e-05
8342	-0.0072785302650424	0.040423559554728	9.999000099990002e-05
8343	-0.0036788311063031	0.040423559554728	9.999000099990002e-05
8344	-0.0045978306477903	0.040423559554728	9.999000099990002e-05
8345	0.0003418357370107	0.040423559554728	9.999000099990002e-05
8346	-0.0057185174988056	0.040423559554728	9.999000099990002e-05
8347	-0.0038606634993401	0.040423559554728	9.999000099990002e-05
8348	-0.0029319649988401	0.040423559554728	9.999000099990002e-05
8349	-0.0079196364976458	0.040423559554728	9.999000099990002e-05
8350	-0.0076906348493961	0.040423559554728	9.999000099990002e-05
8351	-0.0047681504382854	0.040423559554728	9.999000099990002e-05
8352	-0.0080142267544582	0.040423559554728	9.999000099990002e-05
8353	-0.0061207125435932	0.040423559554728	9.999000099990002e-05
8354	-0.0027153309521133	0.040423559554728	9.999000099990002e-05
8355	-0.0080543692518967	0.040423559554728	9.999000099990002e-05
8356	-0.0027577451495465	0.040423559554728	9.999000099990002e-05
8357	-0.0061259765572762	0.040423559554728	9.999000099990002e-05
8358	-0.0028826666620871	0.040423559554728	9.999000099990002e-05
8359	-0.0012707281593666	0.040423559554728	9.999000099990002e-05
8360	-0.0013204173599416	0.040423559554728	9.999000099990002e-05
8361	-0.0021658433224966	0.040423559554728	9.999000099990002e-05
8362	-0.0024706835554161	0.040423559554728	9.999000099990002e-05
8363	-0.0041144507691639	0.040423559554728	9.999000099990002e-05
8364	-0.001681813773913	0.040423559554728	9.999000099990002e-05
8365	-0.0029708981248713	0.040423559554728	9.999000099990002e-05
8366	-0.004588393784332	0.040423559554728	9.999000099990002e-05
8367	-0.0017593093411065	0.040423559554728	9.999000099990002e-05
8368	-0.002284839013247	0.040423559554728	9.999000099990002e-05
8369	-0.0018595698452843	0.040423559554728	9.999000099990002e-05
8370	-0.0050039208461018	0.040423559554728	9.999000099990002e-05
8371	-0.0016779612289509	0.040423559554728	9.999000099990002e-05
8372	-0.0023466866582832	0.040423559554728	9.999000099990002e-05
8373	-0.0019875993205754	0.040423559554728	9.999000099990002e-05
8374	-0.0010746772219545	0.040423559554728	9.999000099990002e-05
8375	-0.0014072483187364	0.040423559554728	9.999000099990002e-05
8376	-0.0055394817086183	0.040423559554728	9.999000099990002e-05
8377	-0.0085658714930077	0.040423559554728	9.999000099990002e-05
8378	-0.0078593417856026	0.040423559554728	9.999000099990002e-05
8379	-0.0008381930101201	0.040423559554728	9.999000099990002e-05
8380	-0.0035229960723211	0.040423559554728	9.999000099990002e-05
8381	-0.0024412705863296	0.040423559554728	9.999000099990002e-05
8382	-0.0021508094637737	0.040423559554728	9.999000099990002e-05
8383	-0.0024315649330596	0.040423559554728	9.999000099990002e-05
8384	5.339216351634285e-05	0.040423559554728	9.999000099990002e-05
8385	-0.0056439956052567	0.040423559554728	9.999000099990002e-05
8386	-0.0039249986572171	0.040423559554728	9.999000099990002e-05
8387	-0.0031510221742741	0.040423559554728	9.999000099990002e-05
8388	-0.0027670014219539	0.040423559554728	9.999000099990002e-05
8389	-0.0054302615376373	0.040423559554728	9.999000099990002e-05
8390	-0.0044465858928339	0.040423559554728	9.999000099990002e-05
8391	-0.005365482192718	0.040423559554728	9.999000099990002e-05
8392	-0.006603075145213	0.040423559554728	9.999000099990002e-05
8393	-0.0020167136834752	0.040423559554728	9.999000099990002e-05
8394	-0.0059139012803993	0.040423559554728	9.999000099990002e-05
8395	-0.0041078159524484	0.040423559554728	9.999000099990002e-05
8396	-0.0035874805813824	0.040423559554728	9.999000099990002e-05
8397	-0.0027520863285855	0.040423559554728	9.999000099990002e-05
8398	-0.0072928065377669	0.040423559554728	9.999000099990002e-05
8399	-0.0067376516808951	0.040423559554728	9.999000099990002e-05
8400	-0.0007948970174411	0.040423559554728	9.999000099990002e-05
8401	-0.0050009371887806	0.040423559554728	9.999000099990002e-05
8402	-0.0051161637627098	0.040423559554728	9.999000099990002e-05
8403	-0.0041386982724961	0.040423559554728	9.999000099990002e-05
8404	-0.0022719236368241	0.040423559554728	9.999000099990002e-05
8405	-0.0038602422612883	0.040423559554728	9.999000099990002e-05
8406	-0.0073108033747121	0.040423559554728	9.999000099990002e-05
8407	-0.0047664553292745	0.040423559554728	9.999000099990002e-05
8408	-0.0003205402086967	0.040423559554728	9.999000099990002e-05
8409	-0.0022687463077198	0.040423559554728	9.999000099990002e-05
8410	-0.0023842288023286	0.040423559554728	9.999000099990002e-05
8411	-0.0006488354834095	0.040423559554728	9.999000099990002e-05
8412	-0.0026751171069748	0.040423559554728	9.999000099990002e-05
8413	-0.0052136777940206	0.040423559554728	9.999000099990002e-05
8414	-0.0104168678223999	0.040423559554728	9.999000099990002e-05
8415	-0.0033197893395582	0.040423559554728	9.999000099990002e-05
8416	-0.0025876670448163	0.040423559554728	9.999000099990002e-05
8417	-0.001474544184944	0.040423559554728	9.999000099990002e-05
8418	-0.0036826172665489	0.040423559554728	9.999000099990002e-05
8419	-0.0060953845717757	0.040423559554728	9.999000099990002e-05
8420	-0.0029313316990346	0.040423559554728	9.999000099990002e-05
8421	-0.0013229130097674	0.040423559554728	9.999000099990002e-05
8422	-0.0027617592223157	0.040423559554728	9.999000099990002e-05
8423	-0.0071222213622976	0.040423559554728	9.999000099990002e-05
8424	-0.0048959894927402	0.040423559554728	9.999000099990002e-05
8425	-0.0085595078898867	0.040423559554728	9.999000099990002e-05
8426	-0.002446087969951	0.040423559554728	9.999000099990002e-05
8427	-0.0074910493249978	0.040423559554728	9.999000099990002e-05
8428	-0.0049469228248448	0.040423559554728	9.999000099990002e-05
8429	-0.0035782274445034	0.040423559554728	9.999000099990002e-05
8430	-0.0076703153168366	0.040423559554728	9.999000099990002e-05
8431	-0.0075041826110313	0.040423559554728	9.999000099990002e-05
8432	-0.0050943968663613	0.040423559554728	9.999000099990002e-05
8433	-0.0030040617438628	0.040423559554728	9.999000099990002e-05
8434	-0.0050583215148396	0.040423559554728	9.999000099990002e-05
8435	-0.0026475150306161	0.040423559554728	9.999000099990002e-05
8436	-0.0005626257439792	0.040423559554728	9.999000099990002e-05
8437	0.0021041801157854	0.040423559554728	9.999000099990002e-05
8438	-0.0023702016790811	0.040423559554728	9.999000099990002e-05
8439	-0.0030786081060756	0.040423559554728	9.999000099990002e-05
8440	0.0007388456180002	0.040423559554728	9.999000099990002e-05
8441	-0.0018538548156473	0.040423559554728	9.999000099990002e-05
8442	-0.0044525713858468	0.040423559554728	9.999000099990002e-05
8443	-0.0001159747341058	0.040423559554728	9.999000099990002e-05
8444	-0.0003035654770872	0.040423559554728	9.999000099990002e-05
8445	-0.0057120278205091	0.040423559554728	9.999000099990002e-05
8446	-0.0112143796397486	0.040423559554728	9.999000099990002e-05
8447	-0.0013545268890035	0.040423559554728	9.999000099990002e-05
8448	-0.0031775581517165	0.040423559554728	9.999000099990002e-05
8449	-0.0067307617514277	0.040423559554728	9.999000099990002e-05
8450	-0.0048619758377512	0.040423559554728	9.999000099990002e-05
8451	-0.0034304997521992	0.040423559554728	9.999000099990002e-05
8452	-0.002459298855505	0.040423559554728	9.999000099990002e-05
8453	-0.0076068809212672	0.040423559554728	9.999000099990002e-05
8454	-0.0031521403268101	0.040423559554728	9.999000099990002e-05
8455	0.0005602491865262	0.040423559554728	9.999000099990002e-05
8456	-0.0020779425906387	0.040423559554728	9.999000099990002e-05
8457	-0.0046353765044553	0.040423559554728	9.999000099990002e-05
8458	0.0045549169587481	0.040423559554728	9.999000099990002e-05
8459	0.0013756591390006	0.040423559554728	9.999000099990002e-05
8460	-0.005523951493815	0.040423559554728	9.999000099990002e-05
8461	-0.006240637658844	0.040423559554728	9.999000099990002e-05
8462	-0.0001956866967275	0.040423559554728	9.999000099990002e-05
8463	-0.002713459272453	0.040423559554728	9.999000099990002e-05
8464	-0.0006026116381214	0.040423559554728	9.999000099990002e-05
8465	-0.0029547590404536	0.040423559554728	9.999000099990002e-05
8466	-0.0027687286557044	0.040423559554728	9.999000099990002e-05
8467	-0.0008684592853871	0.040423559554728	9.999000099990002e-05
8468	-0.0086174681144202	0.040423559554728	9.999000099990002e-05
8469	0.0008729745810387	0.040423559554728	9.999000099990002e-05
8470	-0.0059265728550564	0.040423559554728	9.999000099990002e-05
8471	-0.0003852195244869	0.040423559554728	9.999000099990002e-05
8472	-0.0026240407716883	0.040423559554728	9.999000099990002e-05
8473	-0.0032958282850262	0.040423559554728	9.999000099990002e-05
8474	-0.0008011261968017	0.040423559554728	9.999000099990002e-05
8475	-0.0018935823076182	0.040423559554728	9.999000099990002e-05
8476	-0.0026544606493776	0.040423559554728	9.999000099990002e-05
8477	-0.002487093064737	0.040423559554728	9.999000099990002e-05
8478	-0.0028197793873812	0.040423559554728	9.999000099990002e-05
8479	-0.002484739994893	0.040423559554728	9.999000099990002e-05
8480	-0.0023916685649878	0.040423559554728	9.999000099990002e-05
8481	-0.0044720477690298	0.040423559554728	9.999000099990002e-05
8482	-0.0031726385460197	0.040423559554728	9.999000099990002e-05
8483	-0.0022990749473015	0.040423559554728	9.999000099990002e-05
8484	-0.0022121801622278	0.040423559554728	9.999000099990002e-05
8485	-0.0053175660276928	0.040423559554728	9.999000099990002e-05
8486	-0.0024525133602956	0.040423559554728	9.999000099990002e-05
8487	-0.0024995246271934	0.040423559554728	9.999000099990002e-05
8488	-0.0026584153779423	0.040423559554728	9.999000099990002e-05
8489	-0.0087376807749444	0.040423559554728	9.999000099990002e-05
8490	-0.0046770874586382	0.040423559554728	9.999000099990002e-05
8491	-0.0017658383193089	0.040423559554728	9.999000099990002e-05
8492	-0.0009761162703894	0.040423559554728	9.999000099990002e-05
8493	-0.0071895320212745	0.040423559554728	9.999000099990002e-05
8494	-0.0039400129525507	0.040423559554728	9.999000099990002e-05
8495	-0.0036211698534474	0.040423559554728	9.999000099990002e-05
8496	-0.0013334984961733	0.040423559554728	9.999000099990002e-05
8497	-0.0022393314919416	0.040423559554728	9.999000099990002e-05
8498	-0.0065288458176304	0.040423559554728	9.999000099990002e-05
8499	-0.006526328045978	0.040423559554728	9.999000099990002e-05
8500	-0.0062845634118363	0.040423559554728	9.999000099990002e-05
8501	-0.0027046282007898	0.040423559554728	9.999000099990002e-05
8502	0.001243527219052	0.040423559554728	9.999000099990002e-05
8503	-0.002162116025546	0.040423559554728	9.999000099990002e-05
8504	-0.0039408044137983	0.040423559554728	9.999000099990002e-05
8505	-0.00783091764293	0.040423559554728	9.999000099990002e-05
8506	-0.0047083415600278	0.040423559554728	9.999000099990002e-05
8507	0.0002707182963983	0.040423559554728	9.999000099990002e-05
8508	-0.0067877420367506	0.040423559554728	9.999000099990002e-05
8509	-0.0037063267670575	0.040423559554728	9.999000099990002e-05
8510	-0.0026155858480232	0.040423559554728	9.999000099990002e-05
8511	-0.0066040603359528	0.040423559554728	9.999000099990002e-05
8512	0.0005559933318101	0.040423559554728	9.999000099990002e-05
8513	-0.0009660288905736	0.040423559554728	9.999000099990002e-05
8514	-0.00467178127883	0.040423559554728	9.999000099990002e-05
8515	-0.0009296982146999	0.040423559554728	9.999000099990002e-05
8516	-0.0049327795523893	0.040423559554728	9.999000099990002e-05
8517	-0.0061684497718956	0.040423559554728	9.999000099990002e-05
8518	-0.0054866195648317	0.040423559554728	9.999000099990002e-05
8519	-0.0045704585230103	0.040423559554728	9.999000099990002e-05
8520	-0.0023439017703833	0.040423559554728	9.999000099990002e-05
8521	-0.0015915123621929	0.040423559554728	9.999000099990002e-05
8522	-0.0029039588817453	0.040423559554728	9.999000099990002e-05
8523	-0.003670007767661	0.040423559554728	9.999000099990002e-05
8524	-0.000476078194638	0.040423559554728	9.999000099990002e-05
8525	-0.0003907265897172	0.040423559554728	9.999000099990002e-05
8526	-0.0050070623763196	0.040423559554728	9.999000099990002e-05
8527	-0.0040265229524956	0.040423559554728	9.999000099990002e-05
8528	-0.0029082083692226	0.040423559554728	9.999000099990002e-05
8529	-0.0027555840009757	0.040423559554728	9.999000099990002e-05
8530	-0.0061599119394716	0.040423559554728	9.999000099990002e-05
8531	-0.0064868701325101	0.040423559554728	9.999000099990002e-05
8532	-0.0041033697923141	0.040423559554728	9.999000099990002e-05
8533	-0.0025634471072037	0.040423559554728	9.999000099990002e-05
8534	-0.0051533406080703	0.040423559554728	9.999000099990002e-05
8535	-0.0081584974785332	0.040423559554728	9.999000099990002e-05
8536	-0.001152985525822	0.040423559554728	9.999000099990002e-05
8537	-0.0014086769463002	0.040423559554728	9.999000099990002e-05
8538	-0.0046448784445566	0.040423559554728	9.999000099990002e-05
8539	-0.0029662359787636	0.040423559554728	9.999000099990002e-05
8540	0.0002926375255687	0.040423559554728	9.999000099990002e-05
8541	-0.0043446413213221	0.040423559554728	9.999000099990002e-05
8542	-0.0037930952653558	0.040423559554728	9.999000099990002e-05
8543	-0.0037692966427404	0.040423559554728	9.999000099990002e-05
8544	-0.0038643313751408	0.040423559554728	9.999000099990002e-05
8545	-0.0007726753925189	0.040423559554728	9.999000099990002e-05
8546	-0.0060881462908661	0.040423559554728	9.999000099990002e-05
8547	-0.0022908923144677	0.040423559554728	9.999000099990002e-05
8548	-0.0014229381569461	0.040423559554728	9.999000099990002e-05
8549	-0.0040860700045078	0.040423559554728	9.999000099990002e-05
8550	-0.0095034946693522	0.040423559554728	9.999000099990002e-05
8551	0.0008467235519595	0.040423559554728	9.999000099990002e-05
8552	-0.009090053041797	0.040423559554728	9.999000099990002e-05
8553	-0.0015603022351473	0.040423559554728	9.999000099990002e-05
8554	-0.0006754066057017	0.040423559554728	9.999000099990002e-05
8555	-0.0045958853120656	0.040423559554728	9.999000099990002e-05
8556	-0.0031832249365351	0.040423559554728	9.999000099990002e-05
8557	-0.001878046187249	0.040423559554728	9.999000099990002e-05
8558	-0.0012383183752811	0.040423559554728	9.999000099990002e-05
8559	-0.0015628893154444	0.040423559554728	9.999000099990002e-05
8560	-0.0014233687246378	0.040423559554728	9.999000099990002e-05
8561	-0.0054801425633037	0.040423559554728	9.999000099990002e-05
8562	-0.0022916424559905	0.040423559554728	9.999000099990002e-05
8563	-0.0037334986604519	0.040423559554728	9.999000099990002e-05
8564	-0.0017855836077218	0.040423559554728	9.999000099990002e-05
8565	-0.007638505149671	0.040423559554728	9.999000099990002e-05
8566	-0.0021345753132107	0.040423559554728	9.999000099990002e-05
8567	-0.0013589474262916	0.040423559554728	9.999000099990002e-05
8568	-0.0014875015736012	0.040423559554728	9.999000099990002e-05
8569	-0.0043120924005653	0.040423559554728	9.999000099990002e-05
8570	-0.0030892459538833	0.040423559554728	9.999000099990002e-05
8571	-0.0016258321255533	0.040423559554728	9.999000099990002e-05
8572	-0.0015319159496528	0.040423559554728	9.999000099990002e-05
8573	-0.0045906537501405	0.040423559554728	9.999000099990002e-05
8574	-0.0053555699792964	0.040423559554728	9.999000099990002e-05
8575	-0.0009858419679579	0.040423559554728	9.999000099990002e-05
8576	-0.0049453134908121	0.040423559554728	9.999000099990002e-05
8577	-0.0038106926013484	0.040423559554728	9.999000099990002e-05
8578	-0.0020949238818507	0.040423559554728	9.999000099990002e-05
8579	-0.001626125287847	0.040423559554728	9.999000099990002e-05
8580	-0.005505816482017	0.040423559554728	9.999000099990002e-05
8581	-0.0038964525174797	0.040423559554728	9.999000099990002e-05
8582	-0.0014971400727001	0.040423559554728	9.999000099990002e-05
8583	-0.0003424486270266	0.040423559554728	9.999000099990002e-05
8584	-0.004636835410067	0.040423559554728	9.999000099990002e-05
8585	-0.0028863273242486	0.040423559554728	9.999000099990002e-05
8586	-0.0045041597933289	0.040423559554728	9.999000099990002e-05
8587	-0.002003483446132	0.040423559554728	9.999000099990002e-05
8588	-0.0048511058646548	0.040423559554728	9.999000099990002e-05
8589	-0.0016914447131181	0.040423559554728	9.999000099990002e-05
8590	-0.003333356809721	0.040423559554728	9.999000099990002e-05
8591	-0.0012947159524542	0.040423559554728	9.999000099990002e-05
8592	-0.007655529895845	0.040423559554728	9.999000099990002e-05
8593	-0.004369377313059	0.040423559554728	9.999000099990002e-05
8594	-0.0011044771691161	0.040423559554728	9.999000099990002e-05
8595	-0.0038749608935999	0.040423559554728	9.999000099990002e-05
8596	-0.0039186012365559	0.040423559554728	9.999000099990002e-05
8597	-0.0040853143998556	0.040423559554728	9.999000099990002e-05
8598	-0.0055716378419161	0.040423559554728	9.999000099990002e-05
8599	-0.0012644173216112	0.040423559554728	9.999000099990002e-05
8600	-0.0020424078580871	0.040423559554728	9.999000099990002e-05
8601	-0.000641107617622	0.040423559554728	9.999000099990002e-05
8602	-0.000629571046562	0.040423559554728	9.999000099990002e-05
8603	-0.0062235373906775	0.040423559554728	9.999000099990002e-05
8604	-0.0076569814339266	0.040423559554728	9.999000099990002e-05
8605	-0.0037387627126076	0.040423559554728	9.999000099990002e-05
8606	-0.0039666449387207	0.040423559554728	9.999000099990002e-05
8607	-0.0046454857944976	0.040423559554728	9.999000099990002e-05
8608	-0.0036549393796522	0.040423559554728	9.999000099990002e-05
8609	-0.0052933099449391	0.040423559554728	9.999000099990002e-05
8610	-0.0055430159878225	0.040423559554728	9.999000099990002e-05
8611	-0.0033618167705164	0.040423559554728	9.999000099990002e-05
8612	-0.0029378476926865	0.040423559554728	9.999000099990002e-05
8613	-0.0059964509732319	0.040423559554728	9.999000099990002e-05
8614	-0.0019621310194315	0.040423559554728	9.999000099990002e-05
8615	-0.0020002374624197	0.040423559554728	9.999000099990002e-05
8616	-0.0029117210844549	0.040423559554728	9.999000099990002e-05
8617	-0.0044627633538116	0.040423559554728	9.999000099990002e-05
8618	-0.0046238513405632	0.040423559554728	9.999000099990002e-05
8619	-0.0044664945557456	0.040423559554728	9.999000099990002e-05
8620	-0.0044244144556035	0.040423559554728	9.999000099990002e-05
8621	0.0001382408719905	0.040423559554728	9.999000099990002e-05
8622	-0.0037276095993667	0.040423559554728	9.999000099990002e-05
8623	-0.005306973135284	0.040423559554728	9.999000099990002e-05
8624	-0.0072794859664255	0.040423559554728	9.999000099990002e-05
8625	-0.0044358884699852	0.040423559554728	9.999000099990002e-05
8626	0.000723537390918	0.040423559554728	9.999000099990002e-05
8627	-0.0120801916157612	0.040423559554728	9.999000099990002e-05
8628	-0.0013183877496757	0.040423559554728	9.999000099990002e-05
8629	-0.0072319009170541	0.040423559554728	9.999000099990002e-05
8630	-0.0051700479733595	0.040423559554728	9.999000099990002e-05
8631	-0.0023579771384493	0.040423559554728	9.999000099990002e-05
8632	-0.0051605181597567	0.040423559554728	9.999000099990002e-05
8633	-0.0056048140030216	0.040423559554728	9.999000099990002e-05
8634	-0.0046441525793339	0.040423559554728	9.999000099990002e-05
8635	-0.006182734027714	0.040423559554728	9.999000099990002e-05
8636	-0.0004731486492284	0.040423559554728	9.999000099990002e-05
8637	-0.0016932110351744	0.040423559554728	9.999000099990002e-05
8638	-0.0011831068357972	0.040423559554728	9.999000099990002e-05
8639	-0.0087566341789095	0.040423559554728	9.999000099990002e-05
8640	-0.005216691690917	0.040423559554728	9.999000099990002e-05
8641	-0.0003317559170888	0.040423559554728	9.999000099990002e-05
8642	0.0018239273505825	0.040423559554728	9.999000099990002e-05
8643	-0.0041658284037291	0.040423559554728	9.999000099990002e-05
8644	-0.0026159629386036	0.040423559554728	9.999000099990002e-05
8645	-0.0035203604778964	0.040423559554728	9.999000099990002e-05
8646	-0.0070267752985765	0.040423559554728	9.999000099990002e-05
8647	-0.0052850826067791	0.040423559554728	9.999000099990002e-05
8648	-0.0039559636744236	0.040423559554728	9.999000099990002e-05
8649	-0.0006316861240242	0.040423559554728	9.999000099990002e-05
8650	-0.0107535270135066	0.040423559554728	9.999000099990002e-05
8651	-0.0044111085231405	0.040423559554728	9.999000099990002e-05
8652	-0.0023119264782092	0.040423559554728	9.999000099990002e-05
8653	-0.0031035668934612	0.040423559554728	9.999000099990002e-05
8654	7.028510207639505e-05	0.040423559554728	9.999000099990002e-05
8655	-0.004335411979834	0.040423559554728	9.999000099990002e-05
8656	-0.0028371038169787	0.040423559554728	9.999000099990002e-05
8657	-0.0030367881009056	0.040423559554728	9.999000099990002e-05
8658	-0.0029779637016421	0.040423559554728	9.999000099990002e-05
8659	0.0003365149760334	0.040423559554728	9.999000099990002e-05
8660	-0.005129358066512	0.040423559554728	9.999000099990002e-05
8661	-0.0010255544170867	0.040423559554728	9.999000099990002e-05
8662	-0.0035915424372971	0.040423559554728	9.999000099990002e-05
8663	-0.0070203973258864	0.040423559554728	9.999000099990002e-05
8664	-0.0073429485817512	0.040423559554728	9.999000099990002e-05
8665	-0.0039597344840454	0.040423559554728	9.999000099990002e-05
8666	-0.0016702561774995	0.040423559554728	9.999000099990002e-05
8667	-0.0036111197921914	0.040423559554728	9.999000099990002e-05
8668	0.0009592952950932	0.040423559554728	9.999000099990002e-05
8669	-0.0006888597156391	0.040423559554728	9.999000099990002e-05
8670	-0.0058137846642765	0.040423559554728	9.999000099990002e-05
8671	-0.0044460516988117	0.040423559554728	9.999000099990002e-05
8672	-0.0057752711989147	0.040423559554728	9.999000099990002e-05
8673	0.0007929446412046	0.040423559554728	9.999000099990002e-05
8674	-0.0054498970248447	0.040423559554728	9.999000099990002e-05
8675	-0.0033763425197361	0.040423559554728	9.999000099990002e-05
8676	-0.0040326391566494	0.040423559554728	9.999000099990002e-05
8677	-0.0050133690974916	0.040423559554728	9.999000099990002e-05
8678	-0.0006221927056353	0.040423559554728	9.999000099990002e-05
8679	-0.0041995829832736	0.040423559554728	9.999000099990002e-05
8680	0.0018158665609224	0.040423559554728	9.999000099990002e-05
8681	-0.0045269188055109	0.040423559554728	9.999000099990002e-05
8682	-0.0005886311246008	0.040423559554728	9.999000099990002e-05
8683	-0.0024999712764913	0.040423559554728	9.999000099990002e-05
8684	-0.0018404429292529	0.040423559554728	9.999000099990002e-05
8685	-0.0039484379251861	0.040423559554728	9.999000099990002e-05
8686	-0.0037196511472003	0.040423559554728	9.999000099990002e-05
8687	-0.0057758761250729	0.040423559554728	9.999000099990002e-05
8688	-0.0019448648375653	0.040423559554728	9.999000099990002e-05
8689	0.0001580263836552	0.040423559554728	9.999000099990002e-05
8690	-0.0032286459518802	0.040423559554728	9.999000099990002e-05
8691	-0.0066221954246963	0.040423559554728	9.999000099990002e-05
8692	-0.0047833795461738	0.040423559554728	9.999000099990002e-05
8693	-0.001510041810536	0.040423559554728	9.999000099990002e-05
8694	-0.0069097271749699	0.040423559554728	9.999000099990002e-05
8695	-0.002510714693503	0.040423559554728	9.999000099990002e-05
8696	8.401735099318464e-06	0.040423559554728	9.999000099990002e-05
8697	-0.0038524613608261	0.040423559554728	9.999000099990002e-05
8698	-0.0028102046953249	0.040423559554728	9.999000099990002e-05
8699	-0.0032610956129627	0.040423559554728	9.999000099990002e-05
8700	-0.0033912472447006	0.040423559554728	9.999000099990002e-05
8701	-0.0046625858318276	0.040423559554728	9.999000099990002e-05
8702	-0.0036930370508553	0.040423559554728	9.999000099990002e-05
8703	-0.0002120057373957	0.040423559554728	9.999000099990002e-05
8704	-0.0090575692553923	0.040423559554728	9.999000099990002e-05
8705	-0.0018418873498773	0.040423559554728	9.999000099990002e-05
8706	-0.0029799341793037	0.040423559554728	9.999000099990002e-05
8707	-0.0025802724106834	0.040423559554728	9.999000099990002e-05
8708	-0.0059097733283139	0.040423559554728	9.999000099990002e-05
8709	0.0001493756337335	0.040423559554728	9.999000099990002e-05
8710	-0.0030631765930918	0.040423559554728	9.999000099990002e-05
8711	-0.0007844282573342	0.040423559554728	9.999000099990002e-05
8712	-0.0039192486173849	0.040423559554728	9.999000099990002e-05
8713	-0.0077528495628633	0.040423559554728	9.999000099990002e-05
8714	-0.0011086320521209	0.040423559554728	9.999000099990002e-05
8715	-0.0012709747119335	0.040423559554728	9.999000099990002e-05
8716	-0.004655029900724	0.040423559554728	9.999000099990002e-05
8717	-0.0068655709125441	0.040423559554728	9.999000099990002e-05
8718	-0.0053556512914365	0.040423559554728	9.999000099990002e-05
8719	-0.0049806049602162	0.040423559554728	9.999000099990002e-05
8720	-0.0022750659942059	0.040423559554728	9.999000099990002e-05
8721	-0.0018094481533805	0.040423559554728	9.999000099990002e-05
8722	-0.0016804472028821	0.040423559554728	9.999000099990002e-05
8723	-0.0056275532017414	0.040423559554728	9.999000099990002e-05
8724	-0.0006233973064226	0.040423559554728	9.999000099990002e-05
8725	-0.0059055150690514	0.040423559554728	9.999000099990002e-05
8726	-0.0032592407266544	0.040423559554728	9.999000099990002e-05
8727	-0.0060628808180179	0.040423559554728	9.999000099990002e-05
8728	-0.001311853308344	0.040423559554728	9.999000099990002e-05
8729	-0.0057044147766201	0.040423559554728	9.999000099990002e-05
8730	-0.003699282677313	0.040423559554728	9.999000099990002e-05
8731	-0.0014515095155659	0.040423559554728	9.999000099990002e-05
8732	-0.0014396830331588	0.040423559554728	9.999000099990002e-05
8733	-0.0017962523683777	0.040423559554728	9.999000099990002e-05
8734	-0.0001859111384854	0.040423559554728	9.999000099990002e-05
8735	-0.0043147251287706	0.040423559554728	9.999000099990002e-05
8736	-0.0009091023324349	0.040423559554728	9.999000099990002e-05
8737	-0.0036552171913219	0.040423559554728	9.999000099990002e-05
8738	-0.0024543545695442	0.040423559554728	9.999000099990002e-05
8739	0.0007654944937039	0.040423559554728	9.999000099990002e-05
8740	-0.0030847323895052	0.040423559554728	9.999000099990002e-05
8741	-0.0047262103789242	0.040423559554728	9.999000099990002e-05
8742	-0.0047428875046382	0.040423559554728	9.999000099990002e-05
8743	-0.0038903653987188	0.040423559554728	9.999000099990002e-05
8744	-0.0058175264269781	0.040423559554728	9.999000099990002e-05
8745	0.0011585687286086	0.040423559554728	9.999000099990002e-05
8746	-0.0018687711593798	0.040423559554728	9.999000099990002e-05
8747	-0.0070112883271352	0.040423559554728	9.999000099990002e-05
8748	-0.0060731647935451	0.040423559554728	9.999000099990002e-05
8749	-0.0054425871461623	0.040423559554728	9.999000099990002e-05
8750	-0.0059636375331377	0.040423559554728	9.999000099990002e-05
8751	-0.0024953319447196	0.040423559554728	9.999000099990002e-05
8752	-0.0050372761170574	0.040423559554728	9.999000099990002e-05
8753	-0.0003850685959202	0.040423559554728	9.999000099990002e-05
8754	0.0030864875737027	0.040423559554728	9.999000099990002e-05
8755	-0.0072390989554755	0.040423559554728	9.999000099990002e-05
8756	-0.004302717189676	0.040423559554728	9.999000099990002e-05
8757	-0.002738738576252	0.040423559554728	9.999000099990002e-05
8758	-0.0104710437333791	0.040423559554728	9.999000099990002e-05
8759	-4.523403781913904e-05	0.040423559554728	9.999000099990002e-05
8760	-0.0030021241988684	0.040423559554728	9.999000099990002e-05
8761	-0.0045176988898446	0.040423559554728	9.999000099990002e-05
8762	-0.0049219700776796	0.040423559554728	9.999000099990002e-05
8763	-6.701643868263496e-06	0.040423559554728	9.999000099990002e-05
8764	-0.0004800842266042	0.040423559554728	9.999000099990002e-05
8765	-0.0014553078716709	0.040423559554728	9.999000099990002e-05
8766	-0.0035839560165455	0.040423559554728	9.999000099990002e-05
8767	-0.0055535166225961	0.040423559554728	9.999000099990002e-05
8768	0.0021931423298305	0.040423559554728	9.999000099990002e-05
8769	-0.0058493841079801	0.040423559554728	9.999000099990002e-05
8770	-0.0035193867905064	0.040423559554728	9.999000099990002e-05
8771	-0.0044882967700712	0.040423559554728	9.999000099990002e-05
8772	-0.0057192793745147	0.040423559554728	9.999000099990002e-05
8773	-0.0057207878522544	0.040423559554728	9.999000099990002e-05
8774	0.0020755395254665	0.040423559554728	9.999000099990002e-05
8775	-0.0017795958063443	0.040423559554728	9.999000099990002e-05
8776	-0.0036557045640171	0.040423559554728	9.999000099990002e-05
8777	-0.007608753043364	0.040423559554728	9.999000099990002e-05
8778	-0.0062035099816478	0.040423559554728	9.999000099990002e-05
8779	-0.0051396288651251	0.040423559554728	9.999000099990002e-05
8780	-0.0028990520874715	0.040423559554728	9.999000099990002e-05
8781	-0.0019185761629081	0.040423559554728	9.999000099990002e-05
8782	-0.0007862693896373	0.040423559554728	9.999000099990002e-05
8783	-0.0021545184092265	0.040423559554728	9.999000099990002e-05
8784	-0.0031274377101769	0.040423559554728	9.999000099990002e-05
8785	-0.0048595038871345	0.040423559554728	9.999000099990002e-05
8786	-0.0042218953846305	0.040423559554728	9.999000099990002e-05
8787	-0.0063675165683139	0.040423559554728	9.999000099990002e-05
8788	-0.0032303125525893	0.040423559554728	9.999000099990002e-05
8789	-0.0014809072302103	0.040423559554728	9.999000099990002e-05
8790	-0.0030080674680471	0.040423559554728	9.999000099990002e-05
8791	-0.0038984276503431	0.040423559554728	9.999000099990002e-05
8792	0.0022261758147724	0.040423559554728	9.999000099990002e-05
8793	-0.0043506782331547	0.040423559554728	9.999000099990002e-05
8794	-0.0045313678511008	0.040423559554728	9.999000099990002e-05
8795	-0.0039116766623843	0.040423559554728	9.999000099990002e-05
8796	-0.0037074867971732	0.040423559554728	9.999000099990002e-05
8797	-0.0004276048673637	0.040423559554728	9.999000099990002e-05
8798	-0.0064961419671417	0.040423559554728	9.999000099990002e-05
8799	-0.0036771047189529	0.040423559554728	9.999000099990002e-05
8800	-0.0016221425318898	0.040423559554728	9.999000099990002e-05
8801	-0.0044594220731175	0.040423559554728	9.999000099990002e-05
8802	-0.0044911360584282	0.040423559554728	9.999000099990002e-05
8803	0.000928435558545	0.040423559554728	9.999000099990002e-05
8804	0.0005890117546735	0.040423559554728	9.999000099990002e-05
8805	-0.0044865617840632	0.040423559554728	9.999000099990002e-05
8806	-0.006189565651741	0.040423559554728	9.999000099990002e-05
8807	-0.002880100164707	0.040423559554728	9.999000099990002e-05
8808	-0.002963533133986	0.040423559554728	9.999000099990002e-05
8809	-0.0055137904771712	0.040423559554728	9.999000099990002e-05
8810	-0.0037499291758899	0.040423559554728	9.999000099990002e-05
8811	-0.0010773465569738	0.040423559554728	9.999000099990002e-05
8812	0.0022934685069788	0.040423559554728	9.999000099990002e-05
8813	-0.0020598003459652	0.040423559554728	9.999000099990002e-05
8814	-0.0059544727489107	0.040423559554728	9.999000099990002e-05
8815	-0.0006245060331369	0.040423559554728	9.999000099990002e-05
8816	-0.0057535577219683	0.040423559554728	9.999000099990002e-05
8817	0.0013328298783907	0.040423559554728	9.999000099990002e-05
8818	-0.0048525030022793	0.040423559554728	9.999000099990002e-05
8819	-0.0067767251939617	0.040423559554728	9.999000099990002e-05
8820	-0.0034708118951933	0.040423559554728	9.999000099990002e-05
8821	-0.0054251465481204	0.040423559554728	9.999000099990002e-05
8822	-0.0066728123184983	0.040423559554728	9.999000099990002e-05
8823	-0.0049712966341889	0.040423559554728	9.999000099990002e-05
8824	-0.0046034690012525	0.040423559554728	9.999000099990002e-05
8825	-0.0021622366953011	0.040423559554728	9.999000099990002e-05
8826	-0.0092646522515628	0.040423559554728	9.999000099990002e-05
8827	-0.0049262171221378	0.040423559554728	9.999000099990002e-05
8828	-0.0055301932345259	0.040423559554728	9.999000099990002e-05
8829	-0.0009596681151992	0.040423559554728	9.999000099990002e-05
8830	0.0001373374743001	0.040423559554728	9.999000099990002e-05
8831	0.0010079654873881	0.040423559554728	9.999000099990002e-05
8832	-0.0037624305086639	0.040423559554728	9.999000099990002e-05
8833	-0.0028580639014556	0.040423559554728	9.999000099990002e-05
8834	-0.0053043288267833	0.040423559554728	9.999000099990002e-05
8835	-0.0059827611405132	0.040423559554728	9.999000099990002e-05
8836	-0.0058737356608429	0.040423559554728	9.999000099990002e-05
8837	-0.006407523449337	0.040423559554728	9.999000099990002e-05
8838	-0.0033936571964936	0.040423559554728	9.999000099990002e-05
8839	-0.0066124638600347	0.040423559554728	9.999000099990002e-05
8840	0.0002621552066192	0.040423559554728	9.999000099990002e-05
8841	-0.0086669979416616	0.040423559554728	9.999000099990002e-05
8842	-0.0055921179597005	0.040423559554728	9.999000099990002e-05
8843	-0.0030834005593602	0.040423559554728	9.999000099990002e-05
8844	-0.0018347861665837	0.040423559554728	9.999000099990002e-05
8845	-4.272134456868998e-05	0.040423559554728	9.999000099990002e-05
8846	-0.0011803549382736	0.040423559554728	9.999000099990002e-05
8847	-0.001379710761166	0.040423559554728	9.999000099990002e-05
8848	-0.0046086866745177	0.040423559554728	9.999000099990002e-05
8849	-0.0031341013237397	0.040423559554728	9.999000099990002e-05
8850	-0.0033106229202396	0.040423559554728	9.999000099990002e-05
8851	-0.0028986653209965	0.040423559554728	9.999000099990002e-05
8852	-0.0070700531898305	0.040423559554728	9.999000099990002e-05
8853	-0.0054267029821329	0.040423559554728	9.999000099990002e-05
8854	-0.0060376996389474	0.040423559554728	9.999000099990002e-05
8855	-0.0052417093993069	0.040423559554728	9.999000099990002e-05
8856	-0.0049520422964362	0.040423559554728	9.999000099990002e-05
8857	-0.0028321693800399	0.040423559554728	9.999000099990002e-05
8858	-0.0043744898980296	0.040423559554728	9.999000099990002e-05
8859	-0.0047868872407133	0.040423559554728	9.999000099990002e-05
8860	-0.0025259913729367	0.040423559554728	9.999000099990002e-05
8861	-0.0076544704142404	0.040423559554728	9.999000099990002e-05
8862	-0.0079955044947269	0.040423559554728	9.999000099990002e-05
8863	-0.001344227755216	0.040423559554728	9.999000099990002e-05
8864	-0.0048574081037524	0.040423559554728	9.999000099990002e-05
8865	-0.0049739344215598	0.040423559554728	9.999000099990002e-05
8866	-0.0056732331578763	0.040423559554728	9.999000099990002e-05
8867	-0.0054643957277268	0.040423559554728	9.999000099990002e-05
8868	-0.0056818271412672	0.040423559554728	9.999000099990002e-05
8869	-0.0035416989033177	0.040423559554728	9.999000099990002e-05
8870	-0.0035153410739069	0.040423559554728	9.999000099990002e-05
8871	0.0020791234922169	0.040423559554728	9.999000099990002e-05
8872	-0.0045288284577674	0.040423559554728	9.999000099990002e-05
8873	-0.006491997875741	0.040423559554728	9.999000099990002e-05
8874	-0.0072656098679266	0.040423559554728	9.999000099990002e-05
8875	-0.0073047644622969	0.040423559554728	9.999000099990002e-05
8876	-0.0072833255845463	0.040423559554728	9.999000099990002e-05
8877	0.0021510850055517	0.040423559554728	9.999000099990002e-05
8878	-0.0046438765951194	0.040423559554728	9.999000099990002e-05
8879	-0.0019183369393986	0.040423559554728	9.999000099990002e-05
8880	-0.0059767869584864	0.040423559554728	9.999000099990002e-05
8881	-0.0045696721594009	0.040423559554728	9.999000099990002e-05
8882	-0.0038270644073822	0.040423559554728	9.999000099990002e-05
8883	-0.0054290931012275	0.040423559554728	9.999000099990002e-05
8884	-0.0087601794613179	0.040423559554728	9.999000099990002e-05
8885	-0.0037702212004389	0.040423559554728	9.999000099990002e-05
8886	-0.0047146302182475	0.040423559554728	9.999000099990002e-05
8887	9.165915325676372e-05	0.040423559554728	9.999000099990002e-05
8888	0.0006730559019313	0.040423559554728	9.999000099990002e-05
8889	-0.0070809888358974	0.040423559554728	9.999000099990002e-05
8890	-0.0067709292753848	0.040423559554728	9.999000099990002e-05
8891	-0.0004165802723173	0.040423559554728	9.999000099990002e-05
8892	-0.0065950692753921	0.040423559554728	9.999000099990002e-05
8893	-0.0040386324211563	0.040423559554728	9.999000099990002e-05
8894	-0.0013007026573585	0.040423559554728	9.999000099990002e-05
8895	-0.0007495807826087	0.040423559554728	9.999000099990002e-05
8896	-0.0006780927148366	0.040423559554728	9.999000099990002e-05
8897	-0.0015000880465531	0.040423559554728	9.999000099990002e-05
8898	-0.0018445280611766	0.040423559554728	9.999000099990002e-05
8899	0.0006536400363715	0.040423559554728	9.999000099990002e-05
8900	-0.0069070903301811	0.040423559554728	9.999000099990002e-05
8901	-0.002885289983707	0.040423559554728	9.999000099990002e-05
8902	-0.0005364350016867	0.040423559554728	9.999000099990002e-05
8903	-0.0031661870134469	0.040423559554728	9.999000099990002e-05
8904	-0.005226555082429	0.040423559554728	9.999000099990002e-05
8905	-0.0003266910383183	0.040423559554728	9.999000099990002e-05
8906	-0.0008409062617744	0.040423559554728	9.999000099990002e-05
8907	-0.0030177112763843	0.040423559554728	9.999000099990002e-05
8908	-0.0017412362511867	0.040423559554728	9.999000099990002e-05
8909	-0.0030191719709785	0.040423559554728	9.999000099990002e-05
8910	-7.320912664754293e-05	0.040423559554728	9.999000099990002e-05
8911	-0.003302252232643	0.040423559554728	9.999000099990002e-05
8912	-0.0082865088523992	0.040423559554728	9.999000099990002e-05
8913	-0.0013869826672521	0.040423559554728	9.999000099990002e-05
8914	-0.005757657011861	0.040423559554728	9.999000099990002e-05
8915	-0.0034274427081227	0.040423559554728	9.999000099990002e-05
8916	-0.0005021128145436	0.040423559554728	9.999000099990002e-05
8917	-0.0022916828908423	0.040423559554728	9.999000099990002e-05
8918	-0.0050428172691371	0.040423559554728	9.999000099990002e-05
8919	-0.0064093046026353	0.040423559554728	9.999000099990002e-05
8920	0.0019588553732352	0.040423559554728	9.999000099990002e-05
8921	-0.0008611096835987	0.040423559554728	9.999000099990002e-05
8922	-0.0016147354710612	0.040423559554728	9.999000099990002e-05
8923	-0.0029226669835076	0.040423559554728	9.999000099990002e-05
8924	-0.0041121821854612	0.040423559554728	9.999000099990002e-05
8925	-0.0021264675290964	0.040423559554728	9.999000099990002e-05
8926	-0.0090861660444945	0.040423559554728	9.999000099990002e-05
8927	-0.0035144911148551	0.040423559554728	9.999000099990002e-05
8928	-0.0033059652946791	0.040423559554728	9.999000099990002e-05
8929	-0.0013321502958767	0.040423559554728	9.999000099990002e-05
8930	-0.0051726885692406	0.040423559554728	9.999000099990002e-05
8931	-0.0042398807951714	0.040423559554728	9.999000099990002e-05
8932	-0.0033942151089612	0.040423559554728	9.999000099990002e-05
8933	-0.0047272754967855	0.040423559554728	9.999000099990002e-05
8934	-0.0043351556359543	0.040423559554728	9.999000099990002e-05
8935	-0.0025695088531913	0.040423559554728	9.999000099990002e-05
8936	-0.0039062427915456	0.040423559554728	9.999000099990002e-05
8937	-0.0062897350909385	0.040423559554728	9.999000099990002e-05
8938	0.0009230670913677	0.040423559554728	9.999000099990002e-05
8939	-0.0053784424475944	0.040423559554728	9.999000099990002e-05
8940	-0.0054534343049227	0.040423559554728	9.999000099990002e-05
8941	-0.0046131673639379	0.040423559554728	9.999000099990002e-05
8942	-0.0032204893073835	0.040423559554728	9.999000099990002e-05
8943	-0.0011608940211329	0.040423559554728	9.999000099990002e-05
8944	-0.0031076587004056	0.040423559554728	9.999000099990002e-05
8945	-0.003703210455722	0.040423559554728	9.999000099990002e-05
8946	-0.0032396116066858	0.040423559554728	9.999000099990002e-05
8947	3.757873162305858e-05	0.040423559554728	9.999000099990002e-05
8948	-0.0046049349666123	0.040423559554728	9.999000099990002e-05
8949	-0.0092643548572674	0.040423559554728	9.999000099990002e-05
8950	-0.0051084778514475	0.040423559554728	9.999000099990002e-05
8951	-0.0056760336272366	0.040423559554728	9.999000099990002e-05
8952	0.0026889468265833	0.040423559554728	9.999000099990002e-05
8953	-0.0062720837007434	0.040423559554728	9.999000099990002e-05
8954	-0.0031745014346584	0.040423559554728	9.999000099990002e-05
8955	-0.0074642240325358	0.040423559554728	9.999000099990002e-05
8956	-0.001311738717282	0.040423559554728	9.999000099990002e-05
8957	-0.0058420075752723	0.040423559554728	9.999000099990002e-05
8958	-0.0010973358395163	0.040423559554728	9.999000099990002e-05
8959	-0.0011964866936339	0.040423559554728	9.999000099990002e-05
8960	0.0013335615914701	0.040423559554728	9.999000099990002e-05
8961	-0.0037735986839833	0.040423559554728	9.999000099990002e-05
8962	-0.0060032805389672	0.040423559554728	9.999000099990002e-05
8963	-0.008748472975393	0.040423559554728	9.999000099990002e-05
8964	-0.0055402639171716	0.040423559554728	9.999000099990002e-05
8965	-0.0045330230446419	0.040423559554728	9.999000099990002e-05
8966	-0.0018984850237813	0.040423559554728	9.999000099990002e-05
8967	-0.0035229221469474	0.040423559554728	9.999000099990002e-05
8968	-0.0008393436721232	0.040423559554728	9.999000099990002e-05
8969	-0.0039397273693871	0.040423559554728	9.999000099990002e-05
8970	-0.0055544080937365	0.040423559554728	9.999000099990002e-05
8971	-0.0045204124492808	0.040423559554728	9.999000099990002e-05
8972	0.0034084071840899	0.040423559554728	9.999000099990002e-05
8973	0.0015500632727283	0.040423559554728	9.999000099990002e-05
8974	-0.0002781441319249	0.040423559554728	9.999000099990002e-05
8975	-0.0015256105557904	0.040423559554728	9.999000099990002e-05
8976	-0.007937529419715	0.040423559554728	9.999000099990002e-05
8977	-0.0061919357073006	0.040423559554728	9.999000099990002e-05
8978	-0.0012331317110459	0.040423559554728	9.999000099990002e-05
8979	-0.0046723065471761	0.040423559554728	9.999000099990002e-05
8980	-0.0022367627246697	0.040423559554728	9.999000099990002e-05
8981	-0.0038943970920039	0.040423559554728	9.999000099990002e-05
8982	0.0017204700116203	0.040423559554728	9.999000099990002e-05
8983	-0.0032849903020148	0.040423559554728	9.999000099990002e-05
8984	-0.0002265556090247	0.040423559554728	9.999000099990002e-05
8985	-0.0017153377093695	0.040423559554728	9.999000099990002e-05
8986	-0.0007884278066434	0.040423559554728	9.999000099990002e-05
8987	-0.0061769709648587	0.040423559554728	9.999000099990002e-05
8988	-0.0010627232985896	0.040423559554728	9.999000099990002e-05
8989	-0.0045018739930742	0.040423559554728	9.999000099990002e-05
8990	-0.0021896760319613	0.040423559554728	9.999000099990002e-05
8991	-0.0058063084486943	0.040423559554728	9.999000099990002e-05
8992	-0.0029603328751276	0.040423559554728	9.999000099990002e-05
8993	-0.0053953232672407	0.040423559554728	9.999000099990002e-05
8994	0.0018654907425635	0.040423559554728	9.999000099990002e-05
8995	-0.0048526257303261	0.040423559554728	9.999000099990002e-05
8996	-0.0041759832839706	0.040423559554728	9.999000099990002e-05
8997	-0.0051384344980872	0.040423559554728	9.999000099990002e-05
8998	-0.0004981204788736	0.040423559554728	9.999000099990002e-05
8999	-0.00149284284055	0.040423559554728	9.999000099990002e-05
9000	0.0003119141198026	0.040423559554728	9.999000099990002e-05
9001	0.0014508442256755	0.040423559554728	9.999000099990002e-05
9002	-0.0030893677970571	0.040423559554728	9.999000099990002e-05
9003	-0.0040187602688767	0.040423559554728	9.999000099990002e-05
9004	-0.0035662799076137	0.040423559554728	9.999000099990002e-05
9005	-0.0020744349538083	0.040423559554728	9.999000099990002e-05
9006	-0.0035346166486132	0.040423559554728	9.999000099990002e-05
9007	-0.0019573492230964	0.040423559554728	9.999000099990002e-05
9008	-0.0044197033336954	0.040423559554728	9.999000099990002e-05
9009	-0.0043109766525755	0.040423559554728	9.999000099990002e-05
9010	-0.0055534368878384	0.040423559554728	9.999000099990002e-05
9011	-0.0039938122923316	0.040423559554728	9.999000099990002e-05
9012	-0.0059057235336037	0.040423559554728	9.999000099990002e-05
9013	-0.0049779006150017	0.040423559554728	9.999000099990002e-05
9014	-0.007026869018176	0.040423559554728	9.999000099990002e-05
9015	-0.0032611859469609	0.040423559554728	9.999000099990002e-05
9016	-0.0063549867272382	0.040423559554728	9.999000099990002e-05
9017	-0.0012132562885833	0.040423559554728	9.999000099990002e-05
9018	-0.0047421432686813	0.040423559554728	9.999000099990002e-05
9019	-0.0025076134634823	0.040423559554728	9.999000099990002e-05
9020	-0.0063745369203766	0.040423559554728	9.999000099990002e-05
9021	-3.043965267863491e-05	0.040423559554728	9.999000099990002e-05
9022	-0.005154169868787	0.040423559554728	9.999000099990002e-05
9023	-0.0054197221031035	0.040423559554728	9.999000099990002e-05
9024	-0.0015796041252091	0.040423559554728	9.999000099990002e-05
9025	-0.0037069241140856	0.040423559554728	9.999000099990002e-05
9026	-0.0007055160275997	0.040423559554728	9.999000099990002e-05
9027	-0.0062469002325446	0.040423559554728	9.999000099990002e-05
9028	-0.0038142304392813	0.040423559554728	9.999000099990002e-05
9029	-0.0076413212389645	0.040423559554728	9.999000099990002e-05
9030	-0.0024997902237676	0.040423559554728	9.999000099990002e-05
9031	-0.0039167613161442	0.040423559554728	9.999000099990002e-05
9032	-0.002975226346815	0.040423559554728	9.999000099990002e-05
9033	-0.0039822770678175	0.040423559554728	9.999000099990002e-05
9034	0.0015698283746033	0.040423559554728	9.999000099990002e-05
9035	-0.006713724578558	0.040423559554728	9.999000099990002e-05
9036	-0.0057568463719514	0.040423559554728	9.999000099990002e-05
9037	-0.0008760512269772	0.040423559554728	9.999000099990002e-05
9038	-0.0029505509111739	0.040423559554728	9.999000099990002e-05
9039	-0.000208563157972	0.040423559554728	9.999000099990002e-05
9040	-0.0024307867833806	0.040423559554728	9.999000099990002e-05
9041	-0.0041004067948554	0.040423559554728	9.999000099990002e-05
9042	-0.0055243986432585	0.040423559554728	9.999000099990002e-05
9043	-0.0059469364966146	0.040423559554728	9.999000099990002e-05
9044	-0.0044156991291845	0.040423559554728	9.999000099990002e-05
9045	-0.0039903796004025	0.040423559554728	9.999000099990002e-05
9046	-0.0052911602997182	0.040423559554728	9.999000099990002e-05
9047	-0.0043130168043728	0.040423559554728	9.999000099990002e-05
9048	-0.0051469901433907	0.040423559554728	9.999000099990002e-05
9049	-0.007278806672457	0.040423559554728	9.999000099990002e-05
9050	-0.0012022311933913	0.040423559554728	9.999000099990002e-05
9051	-0.0062307240988765	0.040423559554728	9.999000099990002e-05
9052	-0.002124721270575	0.040423559554728	9.999000099990002e-05
9053	-0.0045918287076801	0.040423559554728	9.999000099990002e-05
9054	-0.0012784057220439	0.040423559554728	9.999000099990002e-05
9055	-0.0016587589448181	0.040423559554728	9.999000099990002e-05
9056	-0.0048102323274099	0.040423559554728	9.999000099990002e-05
9057	-0.0043788097136792	0.040423559554728	9.999000099990002e-05
9058	-0.0029375932724439	0.040423559554728	9.999000099990002e-05
9059	-0.0023682315669106	0.040423559554728	9.999000099990002e-05
9060	-0.0031476516350597	0.040423559554728	9.999000099990002e-05
9061	-0.0050228209268465	0.040423559554728	9.999000099990002e-05
9062	-0.0064643258751738	0.040423559554728	9.999000099990002e-05
9063	-0.0045822673271925	0.040423559554728	9.999000099990002e-05
9064	-0.0026743568086481	0.040423559554728	9.999000099990002e-05
9065	-0.0008454895195246	0.040423559554728	9.999000099990002e-05
9066	-0.0048748735167129	0.040423559554728	9.999000099990002e-05
9067	-0.0074277296936177	0.040423559554728	9.999000099990002e-05
9068	-0.0070622153881829	0.040423559554728	9.999000099990002e-05
9069	-0.0101767473978315	0.040423559554728	9.999000099990002e-05
9070	-0.0038501939313057	0.040423559554728	9.999000099990002e-05
9071	-0.0024494709935702	0.040423559554728	9.999000099990002e-05
9072	-0.0075448557437633	0.040423559554728	9.999000099990002e-05
9073	-0.0026942635286863	0.040423559554728	9.999000099990002e-05
9074	-0.0013263966780795	0.040423559554728	9.999000099990002e-05
9075	-0.0030834247779513	0.040423559554728	9.999000099990002e-05
9076	-0.0060340669272328	0.040423559554728	9.999000099990002e-05
9077	-0.0043060313663234	0.040423559554728	9.999000099990002e-05
9078	-0.005263396522425	0.040423559554728	9.999000099990002e-05
9079	-0.008700682308452	0.040423559554728	9.999000099990002e-05
9080	0.0011166215517901	0.040423559554728	9.999000099990002e-05
9081	-0.0045974736976903	0.040423559554728	9.999000099990002e-05
9082	-0.0025605348937644	0.040423559554728	9.999000099990002e-05
9083	-0.0058564303714345	0.040423559554728	9.999000099990002e-05
9084	-0.0006966962284499	0.040423559554728	9.999000099990002e-05
9085	-0.0043158373180317	0.040423559554728	9.999000099990002e-05
9086	-0.0008902715603348	0.040423559554728	9.999000099990002e-05
9087	6.345611343221841e-05	0.040423559554728	9.999000099990002e-05
9088	-0.0031122424967742	0.040423559554728	9.999000099990002e-05
9089	-0.0068825702474721	0.040423559554728	9.999000099990002e-05
9090	-0.0020663478487928	0.040423559554728	9.999000099990002e-05
9091	-0.0004052572442116	0.040423559554728	9.999000099990002e-05
9092	-0.0024645270510651	0.040423559554728	9.999000099990002e-05
9093	-0.0051071349411529	0.040423559554728	9.999000099990002e-05
9094	-0.0007940331889657	0.040423559554728	9.999000099990002e-05
9095	-0.0018035156758059	0.040423559554728	9.999000099990002e-05
9096	-0.0059620215817934	0.040423559554728	9.999000099990002e-05
9097	-0.0008884582245878	0.040423559554728	9.999000099990002e-05
9098	-0.0012261172453127	0.040423559554728	9.999000099990002e-05
9099	-0.0048883475942946	0.040423559554728	9.999000099990002e-05
9100	0.0012813440969479	0.040423559554728	9.999000099990002e-05
9101	0.0026168595073823	0.040423559554728	9.999000099990002e-05
9102	-0.0033828493184027	0.040423559554728	9.999000099990002e-05
9103	-0.0020711189112329	0.040423559554728	9.999000099990002e-05
9104	-0.000797041892042	0.040423559554728	9.999000099990002e-05
9105	-0.000924122360207	0.040423559554728	9.999000099990002e-05
9106	-0.0051565161866648	0.040423559554728	9.999000099990002e-05
9107	-0.0033902960253919	0.040423559554728	9.999000099990002e-05
9108	-0.0029566884869359	0.040423559554728	9.999000099990002e-05
9109	-0.0067151685375094	0.040423559554728	9.999000099990002e-05
9110	-0.0058444421880929	0.040423559554728	9.999000099990002e-05
9111	-0.002733270310782	0.040423559554728	9.999000099990002e-05
9112	-0.0051042595653639	0.040423559554728	9.999000099990002e-05
9113	-0.0029752746301062	0.040423559554728	9.999000099990002e-05
9114	-0.0041763924992905	0.040423559554728	9.999000099990002e-05
9115	-0.003261837271246	0.040423559554728	9.999000099990002e-05
9116	-0.0030742425463358	0.040423559554728	9.999000099990002e-05
9117	-0.0031877522933912	0.040423559554728	9.999000099990002e-05
9118	-0.0010307121305835	0.040423559554728	9.999000099990002e-05
9119	-0.0027816053670217	0.040423559554728	9.999000099990002e-05
9120	-0.0100483690517163	0.040423559554728	9.999000099990002e-05
9121	-0.0047007891684165	0.040423559554728	9.999000099990002e-05
9122	-0.0034236915195993	0.040423559554728	9.999000099990002e-05
9123	-0.0065744063543742	0.040423559554728	9.999000099990002e-05
9124	-0.0023891346347838	0.040423559554728	9.999000099990002e-05
9125	-0.0043531936002607	0.040423559554728	9.999000099990002e-05
9126	-0.0034541983072127	0.040423559554728	9.999000099990002e-05
9127	-0.0027448937917662	0.040423559554728	9.999000099990002e-05
9128	-0.0047691756406769	0.040423559554728	9.999000099990002e-05
9129	0.0002711290698643	0.040423559554728	9.999000099990002e-05
9130	-0.0059770199878845	0.040423559554728	9.999000099990002e-05
9131	-0.0062554228489992	0.040423559554728	9.999000099990002e-05
9132	-0.0019899362511041	0.040423559554728	9.999000099990002e-05
9133	-0.0036826996366895	0.040423559554728	9.999000099990002e-05
9134	-0.0024474627549124	0.040423559554728	9.999000099990002e-05
9135	-0.0036369664535161	0.040423559554728	9.999000099990002e-05
9136	-0.0026626529196333	0.040423559554728	9.999000099990002e-05
9137	-0.0043312300120189	0.040423559554728	9.999000099990002e-05
9138	-0.0018267932813132	0.040423559554728	9.999000099990002e-05
9139	-0.0059940202653946	0.040423559554728	9.999000099990002e-05
9140	5.428457723894026e-05	0.040423559554728	9.999000099990002e-05
9141	-0.001490970391435	0.040423559554728	9.999000099990002e-05
9142	-0.0008645088080603	0.040423559554728	9.999000099990002e-05
9143	-0.0007925311746467	0.040423559554728	9.999000099990002e-05
9144	-0.00323477087011	0.040423559554728	9.999000099990002e-05
9145	-0.0027667932267108	0.040423559554728	9.999000099990002e-05
9146	-0.0054530821062064	0.040423559554728	9.999000099990002e-05
9147	-0.0061147915501322	0.040423559554728	9.999000099990002e-05
9148	-0.0042644821323114	0.040423559554728	9.999000099990002e-05
9149	-0.004567830411534	0.040423559554728	9.999000099990002e-05
9150	-0.0074163818121206	0.040423559554728	9.999000099990002e-05
9151	0.0001232728593655	0.040423559554728	9.999000099990002e-05
9152	-0.0026836577863817	0.040423559554728	9.999000099990002e-05
9153	-0.0044552501274516	0.040423559554728	9.999000099990002e-05
9154	-0.0038070283227492	0.040423559554728	9.999000099990002e-05
9155	-0.0052765918265185	0.040423559554728	9.999000099990002e-05
9156	-0.0013684490009018	0.040423559554728	9.999000099990002e-05
9157	-0.0043248374773959	0.040423559554728	9.999000099990002e-05
9158	-0.0054457043423709	0.040423559554728	9.999000099990002e-05
9159	0.0004846258953203	0.040423559554728	9.999000099990002e-05
9160	-0.0003391429336188	0.040423559554728	9.999000099990002e-05
9161	-0.0087656829485832	0.040423559554728	9.999000099990002e-05
9162	-0.0003327546694702	0.040423559554728	9.999000099990002e-05
9163	-0.0049111386735071	0.040423559554728	9.999000099990002e-05
9164	-0.0016532337781627	0.040423559554728	9.999000099990002e-05
9165	-0.0006698546812543	0.040423559554728	9.999000099990002e-05
9166	-0.0005677828996213	0.040423559554728	9.999000099990002e-05
9167	-1.8278572834645736e-05	0.040423559554728	9.999000099990002e-05
9168	-0.0015746944839524	0.040423559554728	9.999000099990002e-05
9169	-0.0059959734303223	0.040423559554728	9.999000099990002e-05
9170	-0.0099071210925047	0.040423559554728	9.999000099990002e-05
9171	-0.0053529069922795	0.040423559554728	9.999000099990002e-05
9172	-0.0080245921575438	0.040423559554728	9.999000099990002e-05
9173	-0.0031999190864374	0.040423559554728	9.999000099990002e-05
9174	-0.0017977677327382	0.040423559554728	9.999000099990002e-05
9175	-0.0028956349962393	0.040423559554728	9.999000099990002e-05
9176	-0.0023632600037757	0.040423559554728	9.999000099990002e-05
9177	-0.0023917141936598	0.040423559554728	9.999000099990002e-05
9178	-0.004599588332716	0.040423559554728	9.999000099990002e-05
9179	-0.0029841937081667	0.040423559554728	9.999000099990002e-05
9180	-0.0056000206648638	0.040423559554728	9.999000099990002e-05
9181	-0.0027394290850248	0.040423559554728	9.999000099990002e-05
9182	-0.0007990793699837	0.040423559554728	9.999000099990002e-05
9183	-0.0067848671033982	0.040423559554728	9.999000099990002e-05
9184	-0.0024318291253786	0.040423559554728	9.999000099990002e-05
9185	-0.0035872468787113	0.040423559554728	9.999000099990002e-05
9186	-0.0047792147179651	0.040423559554728	9.999000099990002e-05
9187	-0.0032189266600232	0.040423559554728	9.999000099990002e-05
9188	-0.0019165435517683	0.040423559554728	9.999000099990002e-05
9189	-0.0036474066668484	0.040423559554728	9.999000099990002e-05
9190	-0.0019305398391131	0.040423559554728	9.999000099990002e-05
9191	-0.0024358334453078	0.040423559554728	9.999000099990002e-05
9192	-0.0032884750668001	0.040423559554728	9.999000099990002e-05
9193	-0.0047098802581063	0.040423559554728	9.999000099990002e-05
9194	-0.0056230148416811	0.040423559554728	9.999000099990002e-05
9195	-0.0012783530528602	0.040423559554728	9.999000099990002e-05
9196	-0.0022107747529638	0.040423559554728	9.999000099990002e-05
9197	-0.0052739163743332	0.040423559554728	9.999000099990002e-05
9198	-0.0043621901431872	0.040423559554728	9.999000099990002e-05
9199	-0.0043332622961404	0.040423559554728	9.999000099990002e-05
9200	-0.0055830437595444	0.040423559554728	9.999000099990002e-05
9201	-0.0048452094360395	0.040423559554728	9.999000099990002e-05
9202	-0.001714540400265	0.040423559554728	9.999000099990002e-05
9203	-0.0015678576661053	0.040423559554728	9.999000099990002e-05
9204	-0.0022172438675797	0.040423559554728	9.999000099990002e-05
9205	-4.785066518199904e-05	0.040423559554728	9.999000099990002e-05
9206	-0.0009472280887396	0.040423559554728	9.999000099990002e-05
9207	-0.0013861743741798	0.040423559554728	9.999000099990002e-05
9208	-0.0063264805414434	0.040423559554728	9.999000099990002e-05
9209	-0.0056856441758885	0.040423559554728	9.999000099990002e-05
9210	-0.0030339971535489	0.040423559554728	9.999000099990002e-05
9211	-0.0096178428721097	0.040423559554728	9.999000099990002e-05
9212	-0.0023377880669578	0.040423559554728	9.999000099990002e-05
9213	-0.0047297325199783	0.040423559554728	9.999000099990002e-05
9214	-0.0026585703653833	0.040423559554728	9.999000099990002e-05
9215	-0.0035895115574307	0.040423559554728	9.999000099990002e-05
9216	-0.0026033150823919	0.040423559554728	9.999000099990002e-05
9217	-0.0001202181044172	0.040423559554728	9.999000099990002e-05
9218	-0.0024310946614982	0.040423559554728	9.999000099990002e-05
9219	-0.0034036509913645	0.040423559554728	9.999000099990002e-05
9220	-0.0020371870685298	0.040423559554728	9.999000099990002e-05
9221	-0.0010352101327376	0.040423559554728	9.999000099990002e-05
9222	0.0029776999132869	0.040423559554728	9.999000099990002e-05
9223	-0.0028041170764183	0.040423559554728	9.999000099990002e-05
9224	-0.0051128889052047	0.040423559554728	9.999000099990002e-05
9225	-0.0055928468642698	0.040423559554728	9.999000099990002e-05
9226	-0.0047253297186242	0.040423559554728	9.999000099990002e-05
9227	-0.0016842823389284	0.040423559554728	9.999000099990002e-05
9228	-0.0059328063433641	0.040423559554728	9.999000099990002e-05
9229	-0.0010798838727791	0.040423559554728	9.999000099990002e-05
9230	0.0003086435327719	0.040423559554728	9.999000099990002e-05
9231	-0.0044708115436486	0.040423559554728	9.999000099990002e-05
9232	-0.0037455797939381	0.040423559554728	9.999000099990002e-05
9233	-0.0023421012845321	0.040423559554728	9.999000099990002e-05
9234	-0.0031148602013738	0.040423559554728	9.999000099990002e-05
9235	-0.0023180483955652	0.040423559554728	9.999000099990002e-05
9236	-0.0037462632621991	0.040423559554728	9.999000099990002e-05
9237	-0.0027858539696259	0.040423559554728	9.999000099990002e-05
9238	-0.0025186298445983	0.040423559554728	9.999000099990002e-05
9239	-0.0063900440322984	0.040423559554728	9.999000099990002e-05
9240	-0.0009903394892027	0.040423559554728	9.999000099990002e-05
9241	-0.003025814616897	0.040423559554728	9.999000099990002e-05
9242	-0.0052604435471156	0.040423559554728	9.999000099990002e-05
9243	-0.001003382287347	0.040423559554728	9.999000099990002e-05
9244	-0.0009167822419495	0.040423559554728	9.999000099990002e-05
9245	-0.0018831480767973	0.040423559554728	9.999000099990002e-05
9246	-0.0034312136523991	0.040423559554728	9.999000099990002e-05
9247	-0.0044109879303309	0.040423559554728	9.999000099990002e-05
9248	-0.002893526863107	0.040423559554728	9.999000099990002e-05
9249	0.0016543320402912	0.040423559554728	9.999000099990002e-05
9250	-0.0029971989569148	0.040423559554728	9.999000099990002e-05
9251	-0.0064558657961613	0.040423559554728	9.999000099990002e-05
9252	-0.0020584070940877	0.040423559554728	9.999000099990002e-05
9253	-0.0047494831176296	0.040423559554728	9.999000099990002e-05
9254	-0.0045162756484647	0.040423559554728	9.999000099990002e-05
9255	-0.0041958392776985	0.040423559554728	9.999000099990002e-05
9256	-0.0065285192609966	0.040423559554728	9.999000099990002e-05
9257	-0.0022700562661109	0.040423559554728	9.999000099990002e-05
9258	-0.0008351784399508	0.040423559554728	9.999000099990002e-05
9259	-0.0036753169098702	0.040423559554728	9.999000099990002e-05
9260	-0.0042942888314393	0.040423559554728	9.999000099990002e-05
9261	-0.0018985047410616	0.040423559554728	9.999000099990002e-05
9262	0.000589306513586	0.040423559554728	9.999000099990002e-05
9263	-0.0047029403333107	0.040423559554728	9.999000099990002e-05
9264	-0.0021262376929359	0.040423559554728	9.999000099990002e-05
9265	-0.0049826668298763	0.040423559554728	9.999000099990002e-05
9266	-0.0045340881817396	0.040423559554728	9.999000099990002e-05
9267	-0.0026889831833245	0.040423559554728	9.999000099990002e-05
9268	-0.0038809426547569	0.040423559554728	9.999000099990002e-05
9269	-0.0016384179252322	0.040423559554728	9.999000099990002e-05
9270	-0.0012323914762541	0.040423559554728	9.999000099990002e-05
9271	6.819941778901939e-05	0.040423559554728	9.999000099990002e-05
9272	-0.0027094880198456	0.040423559554728	9.999000099990002e-05
9273	-0.0035742454772373	0.040423559554728	9.999000099990002e-05
9274	-0.0056152595255923	0.040423559554728	9.999000099990002e-05
9275	-0.0037756902353638	0.040423559554728	9.999000099990002e-05
9276	-0.0005235981288937	0.040423559554728	9.999000099990002e-05
9277	-0.005803489108454	0.040423559554728	9.999000099990002e-05
9278	-0.0066608479113113	0.040423559554728	9.999000099990002e-05
9279	-0.0014288901209645	0.040423559554728	9.999000099990002e-05
9280	-0.0011545941096363	0.040423559554728	9.999000099990002e-05
9281	-0.0016148800708619	0.040423559554728	9.999000099990002e-05
9282	-0.0035542180682076	0.040423559554728	9.999000099990002e-05
9283	0.0001643500135973	0.040423559554728	9.999000099990002e-05
9284	-0.0031240039987202	0.040423559554728	9.999000099990002e-05
9285	-0.0040284897752467	0.040423559554728	9.999000099990002e-05
9286	-0.0021515756099572	0.040423559554728	9.999000099990002e-05
9287	-0.0030440586027366	0.040423559554728	9.999000099990002e-05
9288	-0.0032541374328511	0.040423559554728	9.999000099990002e-05
9289	-0.0008355298884486	0.040423559554728	9.999000099990002e-05
9290	-0.0075231547127489	0.040423559554728	9.999000099990002e-05
9291	-0.0072710702464845	0.040423559554728	9.999000099990002e-05
9292	-0.0044006715992277	0.040423559554728	9.999000099990002e-05
9293	-0.0018737964304625	0.040423559554728	9.999000099990002e-05
9294	-0.0012510277301708	0.040423559554728	9.999000099990002e-05
9295	-0.0041458859425136	0.040423559554728	9.999000099990002e-05
9296	0.0032884356322396	0.040423559554728	9.999000099990002e-05
9297	-0.0068019083159058	0.040423559554728	9.999000099990002e-05
9298	-0.0020951395408058	0.040423559554728	9.999000099990002e-05
9299	-0.0044419191107608	0.040423559554728	9.999000099990002e-05
9300	-0.0037979920951894	0.040423559554728	9.999000099990002e-05
9301	-0.0073572045408679	0.040423559554728	9.999000099990002e-05
9302	-0.0021559805080757	0.040423559554728	9.999000099990002e-05
9303	0.0035922875581271	0.040423559554728	9.999000099990002e-05
9304	0.0053337003030177	0.040423559554728	9.999000099990002e-05
9305	-0.0039739870575608	0.040423559554728	9.999000099990002e-05
9306	0.0021158817349085	0.040423559554728	9.999000099990002e-05
9307	-0.0075787676191133	0.040423559554728	9.999000099990002e-05
9308	3.589662639889579e-05	0.040423559554728	9.999000099990002e-05
9309	-0.0032255039022803	0.040423559554728	9.999000099990002e-05
9310	-0.0023225980473753	0.040423559554728	9.999000099990002e-05
9311	-0.0051167696314503	0.040423559554728	9.999000099990002e-05
9312	-0.0050320688121962	0.040423559554728	9.999000099990002e-05
9313	-0.0026082238387755	0.040423559554728	9.999000099990002e-05
9314	0.0001324897164488	0.040423559554728	9.999000099990002e-05
9315	-0.0020657983041466	0.040423559554728	9.999000099990002e-05
9316	-0.0041630983971957	0.040423559554728	9.999000099990002e-05
9317	-0.0017272253057272	0.040423559554728	9.999000099990002e-05
9318	-0.0037725426072163	0.040423559554728	9.999000099990002e-05
9319	-0.0001562932828115	0.040423559554728	9.999000099990002e-05
9320	-0.0029140175031864	0.040423559554728	9.999000099990002e-05
9321	-0.0090554707212091	0.040423559554728	9.999000099990002e-05
9322	-0.0004599134489015	0.040423559554728	9.999000099990002e-05
9323	-0.0071462718659546	0.040423559554728	9.999000099990002e-05
9324	-0.0055215582007193	0.040423559554728	9.999000099990002e-05
9325	-0.0031642518345261	0.040423559554728	9.999000099990002e-05
9326	-0.0031974834540891	0.040423559554728	9.999000099990002e-05
9327	-0.0029670956714192	0.040423559554728	9.999000099990002e-05
9328	-0.0066985057813645	0.040423559554728	9.999000099990002e-05
9329	-0.0041135151313157	0.040423559554728	9.999000099990002e-05
9330	-0.0038936029376643	0.040423559554728	9.999000099990002e-05
9331	-0.0012364008168761	0.040423559554728	9.999000099990002e-05
9332	-0.0072367101444542	0.040423559554728	9.999000099990002e-05
9333	-0.0037806076673507	0.040423559554728	9.999000099990002e-05
9334	-0.00639749708729	0.040423559554728	9.999000099990002e-05
9335	0.0011496870845261	0.040423559554728	9.999000099990002e-05
9336	-0.0021716045194239	0.040423559554728	9.999000099990002e-05
9337	-0.0028304236409005	0.040423559554728	9.999000099990002e-05
9338	-0.0027783356263913	0.040423559554728	9.999000099990002e-05
9339	-0.007098695780732	0.040423559554728	9.999000099990002e-05
9340	-0.0087759056947415	0.040423559554728	9.999000099990002e-05
9341	-0.0047580486696642	0.040423559554728	9.999000099990002e-05
9342	-0.0015767230554544	0.040423559554728	9.999000099990002e-05
9343	-0.0092015209634909	0.040423559554728	9.999000099990002e-05
9344	0.0006805452751913	0.040423559554728	9.999000099990002e-05
9345	-0.006336171036453	0.040423559554728	9.999000099990002e-05
9346	-0.0041273332706288	0.040423559554728	9.999000099990002e-05
9347	-0.0050244674063116	0.040423559554728	9.999000099990002e-05
9348	-0.0035318529014851	0.040423559554728	9.999000099990002e-05
9349	-0.003275434461602	0.040423559554728	9.999000099990002e-05
9350	-0.0031318395881851	0.040423559554728	9.999000099990002e-05
9351	-0.0054077280719051	0.040423559554728	9.999000099990002e-05
9352	-0.0040333353978608	0.040423559554728	9.999000099990002e-05
9353	-0.0044782075050911	0.040423559554728	9.999000099990002e-05
9354	-0.0052315630407778	0.040423559554728	9.999000099990002e-05
9355	-0.0029167315050592	0.040423559554728	9.999000099990002e-05
9356	-0.004770108316124	0.040423559554728	9.999000099990002e-05
9357	-0.0017982158440003	0.040423559554728	9.999000099990002e-05
9358	-0.0054204345413392	0.040423559554728	9.999000099990002e-05
9359	-0.0044747208166688	0.040423559554728	9.999000099990002e-05
9360	-0.0070909970003375	0.040423559554728	9.999000099990002e-05
9361	-0.0020885450242875	0.040423559554728	9.999000099990002e-05
9362	-0.0030870920958972	0.040423559554728	9.999000099990002e-05
9363	-0.0021606865708183	0.040423559554728	9.999000099990002e-05
9364	-0.003685159391447	0.040423559554728	9.999000099990002e-05
9365	-0.0070051841457133	0.040423559554728	9.999000099990002e-05
9366	-0.0042771182158641	0.040423559554728	9.999000099990002e-05
9367	-0.0021351147202894	0.040423559554728	9.999000099990002e-05
9368	-0.0034319526175904	0.040423559554728	9.999000099990002e-05
9369	-0.0026468857319758	0.040423559554728	9.999000099990002e-05
9370	-0.0051435076484972	0.040423559554728	9.999000099990002e-05
9371	-0.0055925073230856	0.040423559554728	9.999000099990002e-05
9372	-0.003686571494968	0.040423559554728	9.999000099990002e-05
9373	-0.0019419245197879	0.040423559554728	9.999000099990002e-05
9374	-0.0036366089070886	0.040423559554728	9.999000099990002e-05
9375	-0.0036569924775271	0.040423559554728	9.999000099990002e-05
9376	0.0025835661005957	0.040423559554728	9.999000099990002e-05
9377	-0.001908889996082	0.040423559554728	9.999000099990002e-05
9378	-0.0074111001586855	0.040423559554728	9.999000099990002e-05
9379	-0.0013614059499214	0.040423559554728	9.999000099990002e-05
9380	-0.0016452089605164	0.040423559554728	9.999000099990002e-05
9381	-0.0032361447894347	0.040423559554728	9.999000099990002e-05
9382	-0.0007350652094292	0.040423559554728	9.999000099990002e-05
9383	-0.0014293481389576	0.040423559554728	9.999000099990002e-05
9384	-0.0004950462374814	0.040423559554728	9.999000099990002e-05
9385	0.0006915596557247	0.040423559554728	9.999000099990002e-05
9386	-0.0025920530720549	0.040423559554728	9.999000099990002e-05
9387	-0.0052386741308024	0.040423559554728	9.999000099990002e-05
9388	-0.0097799399411739	0.040423559554728	9.999000099990002e-05
9389	-0.0008704157204979	0.040423559554728	9.999000099990002e-05
9390	0.001232284964468	0.040423559554728	9.999000099990002e-05
9391	0.000356600555849	0.040423559554728	9.999000099990002e-05
9392	-0.0054244458055982	0.040423559554728	9.999000099990002e-05
9393	-0.0012706643523241	0.040423559554728	9.999000099990002e-05
9394	-0.000906340932144	0.040423559554728	9.999000099990002e-05
9395	-0.0022640207970062	0.040423559554728	9.999000099990002e-05
9396	0.0010732932227714	0.040423559554728	9.999000099990002e-05
9397	-0.0016576008575758	0.040423559554728	9.999000099990002e-05
9398	-0.0001829874601689	0.040423559554728	9.999000099990002e-05
9399	-0.0023446146510556	0.040423559554728	9.999000099990002e-05
9400	-0.0037097137341327	0.040423559554728	9.999000099990002e-05
9401	0.0004593999916872	0.040423559554728	9.999000099990002e-05
9402	-0.0076194183222367	0.040423559554728	9.999000099990002e-05
9403	-0.0010481781398715	0.040423559554728	9.999000099990002e-05
9404	0.0007658471348568	0.040423559554728	9.999000099990002e-05
9405	0.0002825218105785	0.040423559554728	9.999000099990002e-05
9406	-0.0018173436256683	0.040423559554728	9.999000099990002e-05
9407	-0.0030579474934222	0.040423559554728	9.999000099990002e-05
9408	-0.0051657741711093	0.040423559554728	9.999000099990002e-05
9409	-9.831509150757257e-05	0.040423559554728	9.999000099990002e-05
9410	-0.0045518347919711	0.040423559554728	9.999000099990002e-05
9411	-0.004005058144117	0.040423559554728	9.999000099990002e-05
9412	-0.0045526116528132	0.040423559554728	9.999000099990002e-05
9413	-0.0030222517332091	0.040423559554728	9.999000099990002e-05
9414	-0.0036929697812659	0.040423559554728	9.999000099990002e-05
9415	-0.0028020136946697	0.040423559554728	9.999000099990002e-05
9416	-0.0071973830960181	0.040423559554728	9.999000099990002e-05
9417	-0.0005308170772504	0.040423559554728	9.999000099990002e-05
9418	-0.0032404581801364	0.040423559554728	9.999000099990002e-05
9419	-0.0034719216029625	0.040423559554728	9.999000099990002e-05
9420	-0.0033359146699705	0.040423559554728	9.999000099990002e-05
9421	-0.0057262764698049	0.040423559554728	9.999000099990002e-05
9422	-0.0030414983956498	0.040423559554728	9.999000099990002e-05
9423	-0.0006344051465898	0.040423559554728	9.999000099990002e-05
9424	-0.0057694630460058	0.040423559554728	9.999000099990002e-05
9425	-0.0034370553727753	0.040423559554728	9.999000099990002e-05
9426	-0.0035712596462062	0.040423559554728	9.999000099990002e-05
9427	0.001447633906195	0.040423559554728	9.999000099990002e-05
9428	-0.0043000166917357	0.040423559554728	9.999000099990002e-05
9429	-0.0048709533751432	0.040423559554728	9.999000099990002e-05
9430	-0.0043902173818173	0.040423559554728	9.999000099990002e-05
9431	-0.0029029392579014	0.040423559554728	9.999000099990002e-05
9432	-0.0027353326613514	0.040423559554728	9.999000099990002e-05
9433	-0.001612226471194	0.040423559554728	9.999000099990002e-05
9434	-0.0002824477120775	0.040423559554728	9.999000099990002e-05
9435	0.0002466417274587	0.040423559554728	9.999000099990002e-05
9436	-0.0055306198779979	0.040423559554728	9.999000099990002e-05
9437	-0.0036227979237055	0.040423559554728	9.999000099990002e-05
9438	6.275356269120763e-05	0.040423559554728	9.999000099990002e-05
9439	-0.0065435887839513	0.040423559554728	9.999000099990002e-05
9440	-0.005104700212914	0.040423559554728	9.999000099990002e-05
9441	-0.0017875546432381	0.040423559554728	9.999000099990002e-05
9442	-0.0043559686776114	0.040423559554728	9.999000099990002e-05
9443	-0.0026666041087058	0.040423559554728	9.999000099990002e-05
9444	-0.0037313826404075	0.040423559554728	9.999000099990002e-05
9445	-0.0041892861001415	0.040423559554728	9.999000099990002e-05
9446	-0.000450881280216	0.040423559554728	9.999000099990002e-05
9447	-0.0021130419079331	0.040423559554728	9.999000099990002e-05
9448	-0.0042144320574168	0.040423559554728	9.999000099990002e-05
9449	-0.0089865483621258	0.040423559554728	9.999000099990002e-05
9450	-0.0035256613484662	0.040423559554728	9.999000099990002e-05
9451	-0.0034670303324402	0.040423559554728	9.999000099990002e-05
9452	-0.0058794489592065	0.040423559554728	9.999000099990002e-05
9453	-0.0064278480795348	0.040423559554728	9.999000099990002e-05
9454	-0.0008267225544671	0.040423559554728	9.999000099990002e-05
9455	-0.0040923683963312	0.040423559554728	9.999000099990002e-05
9456	-0.0013149416307597	0.040423559554728	9.999000099990002e-05
9457	-0.0095724716020199	0.040423559554728	9.999000099990002e-05
9458	-0.0031020691688529	0.040423559554728	9.999000099990002e-05
9459	-0.00391510067871	0.040423559554728	9.999000099990002e-05
9460	0.0015190735752577	0.040423559554728	9.999000099990002e-05
9461	-0.0016757839603013	0.040423559554728	9.999000099990002e-05
9462	-0.0022353507173305	0.040423559554728	9.999000099990002e-05
9463	-0.0062495145130702	0.040423559554728	9.999000099990002e-05
9464	-0.0055719065163096	0.040423559554728	9.999000099990002e-05
9465	-0.0040780436479518	0.040423559554728	9.999000099990002e-05
9466	-0.0052302104930613	0.040423559554728	9.999000099990002e-05
9467	0.0024601894994815	0.040423559554728	9.999000099990002e-05
9468	-0.0067776375365647	0.040423559554728	9.999000099990002e-05
9469	-0.0039358804029725	0.040423559554728	9.999000099990002e-05
9470	-0.0023042120778814	0.040423559554728	9.999000099990002e-05
9471	-0.0014981025068131	0.040423559554728	9.999000099990002e-05
9472	-0.0051718354169512	0.040423559554728	9.999000099990002e-05
9473	-0.0068245684146682	0.040423559554728	9.999000099990002e-05
9474	-0.0011056833280494	0.040423559554728	9.999000099990002e-05
9475	-0.0052579235440441	0.040423559554728	9.999000099990002e-05
9476	-0.0046863758365488	0.040423559554728	9.999000099990002e-05
9477	-0.0063935310669755	0.040423559554728	9.999000099990002e-05
9478	-0.0004887447870751	0.040423559554728	9.999000099990002e-05
9479	-0.0077472964842337	0.040423559554728	9.999000099990002e-05
9480	-0.0047926671738659	0.040423559554728	9.999000099990002e-05
9481	-0.0020736555730016	0.040423559554728	9.999000099990002e-05
9482	-0.0057153979365234	0.040423559554728	9.999000099990002e-05
9483	0.0011547672562115	0.040423559554728	9.999000099990002e-05
9484	-0.0037663730221331	0.040423559554728	9.999000099990002e-05
9485	-0.0047505897091067	0.040423559554728	9.999000099990002e-05
9486	-0.0022191863755578	0.040423559554728	9.999000099990002e-05
9487	-0.0011630951813553	0.040423559554728	9.999000099990002e-05
9488	-0.0061957108643422	0.040423559554728	9.999000099990002e-05
9489	-0.0040457627090792	0.040423559554728	9.999000099990002e-05
9490	-0.0026745623107993	0.040423559554728	9.999000099990002e-05
9491	-0.0003407498246324	0.040423559554728	9.999000099990002e-05
9492	-0.0052801671561384	0.040423559554728	9.999000099990002e-05
9493	-0.0009329934819946	0.040423559554728	9.999000099990002e-05
9494	-0.0001509445329144	0.040423559554728	9.999000099990002e-05
9495	-0.003380334797697	0.040423559554728	9.999000099990002e-05
9496	-0.0044383556307455	0.040423559554728	9.999000099990002e-05
9497	-0.0030077205978055	0.040423559554728	9.999000099990002e-05
9498	-0.0005471519494519	0.040423559554728	9.999000099990002e-05
9499	-0.0046107562579626	0.040423559554728	9.999000099990002e-05
9500	-0.0032297557365949	0.040423559554728	9.999000099990002e-05
9501	-0.0085599888761068	0.040423559554728	9.999000099990002e-05
9502	-0.0027016104181465	0.040423559554728	9.999000099990002e-05
9503	0.0021111076138854	0.040423559554728	9.999000099990002e-05
9504	-0.0030726931335986	0.040423559554728	9.999000099990002e-05
9505	-0.0040147041454005	0.040423559554728	9.999000099990002e-05
9506	-0.006087371969225	0.040423559554728	9.999000099990002e-05
9507	-0.0047989153972338	0.040423559554728	9.999000099990002e-05
9508	-0.008031098263701	0.040423559554728	9.999000099990002e-05
9509	-1.0174655230876797e-05	0.040423559554728	9.999000099990002e-05
9510	-0.0047452897234101	0.040423559554728	9.999000099990002e-05
9511	-0.0002193867906507	0.040423559554728	9.999000099990002e-05
9512	-0.0022377152328153	0.040423559554728	9.999000099990002e-05
9513	-0.009522396673734	0.040423559554728	9.999000099990002e-05
9514	-0.0031281152151629	0.040423559554728	9.999000099990002e-05
9515	-0.004752906287555	0.040423559554728	9.999000099990002e-05
9516	-0.007583938547997	0.040423559554728	9.999000099990002e-05
9517	-0.0074045233588649	0.040423559554728	9.999000099990002e-05
9518	-0.0081254706301393	0.040423559554728	9.999000099990002e-05
9519	-0.0095538422539604	0.040423559554728	9.999000099990002e-05
9520	-0.0036923266709113	0.040423559554728	9.999000099990002e-05
9521	-0.0042288636446006	0.040423559554728	9.999000099990002e-05
9522	-0.0013992230394172	0.040423559554728	9.999000099990002e-05
9523	-0.0085365361042053	0.040423559554728	9.999000099990002e-05
9524	-0.0007542880957154	0.040423559554728	9.999000099990002e-05
9525	-0.0021195599406404	0.040423559554728	9.999000099990002e-05
9526	-0.0056005444327729	0.040423559554728	9.999000099990002e-05
9527	-4.728596227544374e-05	0.040423559554728	9.999000099990002e-05
9528	-0.003431228791423	0.040423559554728	9.999000099990002e-05
9529	-0.0073224698874582	0.040423559554728	9.999000099990002e-05
9530	-0.0092333037380643	0.040423559554728	9.999000099990002e-05
9531	-0.0014253312961509	0.040423559554728	9.999000099990002e-05
9532	-0.0015060440502094	0.040423559554728	9.999000099990002e-05
9533	-0.0049945730855139	0.040423559554728	9.999000099990002e-05
9534	-0.0023819833599802	0.040423559554728	9.999000099990002e-05
9535	-0.0028095155523344	0.040423559554728	9.999000099990002e-05
9536	-0.0059891701991789	0.040423559554728	9.999000099990002e-05
9537	-0.0010551454764958	0.040423559554728	9.999000099990002e-05
9538	-0.0055802121849722	0.040423559554728	9.999000099990002e-05
9539	0.0016138113750356	0.040423559554728	9.999000099990002e-05
9540	-0.0033555975363596	0.040423559554728	9.999000099990002e-05
9541	-0.0008353198849866	0.040423559554728	9.999000099990002e-05
9542	-0.0040808323638895	0.040423559554728	9.999000099990002e-05
9543	-0.0051785844015284	0.040423559554728	9.999000099990002e-05
9544	-0.0055475287058004	0.040423559554728	9.999000099990002e-05
9545	-0.00453622463081	0.040423559554728	9.999000099990002e-05
9546	-0.0011139982878792	0.040423559554728	9.999000099990002e-05
9547	-0.0036574730213107	0.040423559554728	9.999000099990002e-05
9548	-0.0051600043947605	0.040423559554728	9.999000099990002e-05
9549	-0.0009330127183656	0.040423559554728	9.999000099990002e-05
9550	-0.0014227380409788	0.040423559554728	9.999000099990002e-05
9551	-0.0039166468020277	0.040423559554728	9.999000099990002e-05
9552	-0.0018255693287367	0.040423559554728	9.999000099990002e-05
9553	-0.0024572683218932	0.040423559554728	9.999000099990002e-05
9554	-0.0033496472843783	0.040423559554728	9.999000099990002e-05
9555	0.0010181431242565	0.040423559554728	9.999000099990002e-05
9556	-0.003340483211897	0.040423559554728	9.999000099990002e-05
9557	-0.0049171010828749	0.040423559554728	9.999000099990002e-05
9558	-0.0073394963649056	0.040423559554728	9.999000099990002e-05
9559	-0.0012718804949339	0.040423559554728	9.999000099990002e-05
9560	-0.0043593593188334	0.040423559554728	9.999000099990002e-05
9561	-0.0045191815139017	0.040423559554728	9.999000099990002e-05
9562	-0.0061608106819602	0.040423559554728	9.999000099990002e-05
9563	-0.0019742187894657	0.040423559554728	9.999000099990002e-05
9564	-0.0055087951378818	0.040423559554728	9.999000099990002e-05
9565	-0.0044260834416227	0.040423559554728	9.999000099990002e-05
9566	-0.003873552637353	0.040423559554728	9.999000099990002e-05
9567	0.0021382572123258	0.040423559554728	9.999000099990002e-05
9568	-0.0047159889985482	0.040423559554728	9.999000099990002e-05
9569	-0.0028264491373464	0.040423559554728	9.999000099990002e-05
9570	0.0018988282391124	0.040423559554728	9.999000099990002e-05
9571	-0.0095801719405605	0.040423559554728	9.999000099990002e-05
9572	-0.0020272645444134	0.040423559554728	9.999000099990002e-05
9573	-0.0016202728720485	0.040423559554728	9.999000099990002e-05
9574	-0.0044667870832391	0.040423559554728	9.999000099990002e-05
9575	-0.0005527681233784	0.040423559554728	9.999000099990002e-05
9576	-0.0051861460265978	0.040423559554728	9.999000099990002e-05
9577	-0.0059483156097594	0.040423559554728	9.999000099990002e-05
9578	0.000367150781987	0.040423559554728	9.999000099990002e-05
9579	-0.0025819614217648	0.040423559554728	9.999000099990002e-05
9580	-0.0010382895294772	0.040423559554728	9.999000099990002e-05
9581	-0.0029754871727691	0.040423559554728	9.999000099990002e-05
9582	-0.0007318230345184	0.040423559554728	9.999000099990002e-05
9583	-0.0025619716198403	0.040423559554728	9.999000099990002e-05
9584	-0.0052553672227043	0.040423559554728	9.999000099990002e-05
9585	-0.0024969665553438	0.040423559554728	9.999000099990002e-05
9586	-0.0021236375703793	0.040423559554728	9.999000099990002e-05
9587	-0.0051845944786235	0.040423559554728	9.999000099990002e-05
9588	-0.0029834024200463	0.040423559554728	9.999000099990002e-05
9589	-0.0038447653697054	0.040423559554728	9.999000099990002e-05
9590	-0.0058979190301143	0.040423559554728	9.999000099990002e-05
9591	-0.0086387038176205	0.040423559554728	9.999000099990002e-05
9592	-0.0036231157662632	0.040423559554728	9.999000099990002e-05
9593	-0.0019049182625653	0.040423559554728	9.999000099990002e-05
9594	-0.0031753458921081	0.040423559554728	9.999000099990002e-05
9595	-4.92486492067512e-05	0.040423559554728	9.999000099990002e-05
9596	-0.0020038245262259	0.040423559554728	9.999000099990002e-05
9597	-0.0063184595133621	0.040423559554728	9.999000099990002e-05
9598	0.0001603563313813	0.040423559554728	9.999000099990002e-05
9599	-0.004590789212665	0.040423559554728	9.999000099990002e-05
9600	-0.0019637069783606	0.040423559554728	9.999000099990002e-05
9601	-0.0074841546826195	0.040423559554728	9.999000099990002e-05
9602	-0.0035068920750441	0.040423559554728	9.999000099990002e-05
9603	-0.0049839783464135	0.040423559554728	9.999000099990002e-05
9604	-0.0035716648218882	0.040423559554728	9.999000099990002e-05
9605	-0.0012536444344792	0.040423559554728	9.999000099990002e-05
9606	-0.0056124009431552	0.040423559554728	9.999000099990002e-05
9607	-0.0012360232646228	0.040423559554728	9.999000099990002e-05
9608	-0.0057135515719274	0.040423559554728	9.999000099990002e-05
9609	-0.00056217570908	0.040423559554728	9.999000099990002e-05
9610	-0.0023035446142811	0.040423559554728	9.999000099990002e-05
9611	-0.0047837717565417	0.040423559554728	9.999000099990002e-05
9612	-0.0048519601711265	0.040423559554728	9.999000099990002e-05
9613	-0.0030912364950798	0.040423559554728	9.999000099990002e-05
9614	-0.0043404601999073	0.040423559554728	9.999000099990002e-05
9615	7.91815581646288e-05	0.040423559554728	9.999000099990002e-05
9616	-0.0052579317387382	0.040423559554728	9.999000099990002e-05
9617	-0.0051406742464697	0.040423559554728	9.999000099990002e-05
9618	-0.0016280866859415	0.040423559554728	9.999000099990002e-05
9619	-0.0006195723848892	0.040423559554728	9.999000099990002e-05
9620	-0.0055286187952701	0.040423559554728	9.999000099990002e-05
9621	-0.0025537945847904	0.040423559554728	9.999000099990002e-05
9622	-0.0050683951021773	0.040423559554728	9.999000099990002e-05
9623	-0.0028057567462081	0.040423559554728	9.999000099990002e-05
9624	-0.0048608637061993	0.040423559554728	9.999000099990002e-05
9625	-0.0024625984317468	0.040423559554728	9.999000099990002e-05
9626	-0.0006026719249081	0.040423559554728	9.999000099990002e-05
9627	-0.0053336351301928	0.040423559554728	9.999000099990002e-05
9628	-0.0031052343213343	0.040423559554728	9.999000099990002e-05
9629	-0.00532790725066	0.040423559554728	9.999000099990002e-05
9630	-0.0069357215139146	0.040423559554728	9.999000099990002e-05
9631	-0.0081326281567635	0.040423559554728	9.999000099990002e-05
9632	-0.0059568279924646	0.040423559554728	9.999000099990002e-05
9633	-0.0039119520502713	0.040423559554728	9.999000099990002e-05
9634	-0.0054864226421019	0.040423559554728	9.999000099990002e-05
9635	-0.0027665227440984	0.040423559554728	9.999000099990002e-05
9636	-0.0032332720490286	0.040423559554728	9.999000099990002e-05
9637	-0.0001575824082129	0.040423559554728	9.999000099990002e-05
9638	0.0008637551462816	0.040423559554728	9.999000099990002e-05
9639	-0.0020338691023173	0.040423559554728	9.999000099990002e-05
9640	-0.0053885366178491	0.040423559554728	9.999000099990002e-05
9641	-0.0033326535664707	0.040423559554728	9.999000099990002e-05
9642	-0.0012761357533225	0.040423559554728	9.999000099990002e-05
9643	-0.0030317955701264	0.040423559554728	9.999000099990002e-05
9644	-0.0034791768118786	0.040423559554728	9.999000099990002e-05
9645	-0.0017248574431139	0.040423559554728	9.999000099990002e-05
9646	-0.0063260988148976	0.040423559554728	9.999000099990002e-05
9647	3.452216845584027e-05	0.040423559554728	9.999000099990002e-05
9648	-0.0049181419821451	0.040423559554728	9.999000099990002e-05
9649	-0.002826266699604	0.040423559554728	9.999000099990002e-05
9650	-0.0006902994041162	0.040423559554728	9.999000099990002e-05
9651	-0.0070822988904704	0.040423559554728	9.999000099990002e-05
9652	-0.0072804216042737	0.040423559554728	9.999000099990002e-05
9653	-0.005387055340338	0.040423559554728	9.999000099990002e-05
9654	-0.0038134374006512	0.040423559554728	9.999000099990002e-05
9655	0.001107224776929	0.040423559554728	9.999000099990002e-05
9656	-0.0046693938528275	0.040423559554728	9.999000099990002e-05
9657	-0.0052912346867648	0.040423559554728	9.999000099990002e-05
9658	-0.0048406232928336	0.040423559554728	9.999000099990002e-05
9659	-0.0032671636107709	0.040423559554728	9.999000099990002e-05
9660	-0.0023995105216916	0.040423559554728	9.999000099990002e-05
9661	-0.0041179047365192	0.040423559554728	9.999000099990002e-05
9662	-0.0039853868195505	0.040423559554728	9.999000099990002e-05
9663	-0.0066442126824132	0.040423559554728	9.999000099990002e-05
9664	-0.0063381412832781	0.040423559554728	9.999000099990002e-05
9665	-4.358382649805731e-05	0.040423559554728	9.999000099990002e-05
9666	-0.0013434533566294	0.040423559554728	9.999000099990002e-05
9667	-0.002438415351021	0.040423559554728	9.999000099990002e-05
9668	-0.0012764074093536	0.040423559554728	9.999000099990002e-05
9669	0.0024212124760517	0.040423559554728	9.999000099990002e-05
9670	-0.0093952048846901	0.040423559554728	9.999000099990002e-05
9671	-0.0015250393317541	0.040423559554728	9.999000099990002e-05
9672	-0.0048597961645552	0.040423559554728	9.999000099990002e-05
9673	-0.0001835554140222	0.040423559554728	9.999000099990002e-05
9674	-0.0061056328830711	0.040423559554728	9.999000099990002e-05
9675	-0.0039624150915782	0.040423559554728	9.999000099990002e-05
9676	-0.0025308927810266	0.040423559554728	9.999000099990002e-05
9677	-0.0045979076702197	0.040423559554728	9.999000099990002e-05
9678	-0.0045952519160782	0.040423559554728	9.999000099990002e-05
9679	-0.0044293482192694	0.040423559554728	9.999000099990002e-05
9680	-0.0022458193812555	0.040423559554728	9.999000099990002e-05
9681	9.693001508774836e-05	0.040423559554728	9.999000099990002e-05
9682	-0.0029418516855974	0.040423559554728	9.999000099990002e-05
9683	-0.0038772428658168	0.040423559554728	9.999000099990002e-05
9684	-0.0070753773941182	0.040423559554728	9.999000099990002e-05
9685	-0.0007196985614884	0.040423559554728	9.999000099990002e-05
9686	-0.0025749949507772	0.040423559554728	9.999000099990002e-05
9687	-6.61550916992451e-05	0.040423559554728	9.999000099990002e-05
9688	-8.672794802820905e-05	0.040423559554728	9.999000099990002e-05
9689	-0.0033922027152473	0.040423559554728	9.999000099990002e-05
9690	-0.0051338786136928	0.040423559554728	9.999000099990002e-05
9691	-0.0010701432285503	0.040423559554728	9.999000099990002e-05
9692	-0.0032192090114765	0.040423559554728	9.999000099990002e-05
9693	-0.0004710001966625	0.040423559554728	9.999000099990002e-05
9694	-0.0038957427146268	0.040423559554728	9.999000099990002e-05
9695	-0.0023799904334737	0.040423559554728	9.999000099990002e-05
9696	-0.0029153367335084	0.040423559554728	9.999000099990002e-05
9697	-0.0059999613031543	0.040423559554728	9.999000099990002e-05
9698	-0.0064913019615479	0.040423559554728	9.999000099990002e-05
9699	-0.0022547510206663	0.040423559554728	9.999000099990002e-05
9700	-0.0002459491411578	0.040423559554728	9.999000099990002e-05
9701	-0.0004403832423525	0.040423559554728	9.999000099990002e-05
9702	-0.0018554885221621	0.040423559554728	9.999000099990002e-05
9703	-0.0049193928464046	0.040423559554728	9.999000099990002e-05
9704	-0.003033660478584	0.040423559554728	9.999000099990002e-05
9705	-0.0088370071032382	0.040423559554728	9.999000099990002e-05
9706	-0.0036509139766605	0.040423559554728	9.999000099990002e-05
9707	-0.0067567556286995	0.040423559554728	9.999000099990002e-05
9708	-0.007201116009989	0.040423559554728	9.999000099990002e-05
9709	-0.004852727356074	0.040423559554728	9.999000099990002e-05
9710	-0.0040675094264746	0.040423559554728	9.999000099990002e-05
9711	-0.0014481943963363	0.040423559554728	9.999000099990002e-05
9712	-0.0024565676755529	0.040423559554728	9.999000099990002e-05
9713	-0.0076710637463224	0.040423559554728	9.999000099990002e-05
9714	-0.0051917491967375	0.040423559554728	9.999000099990002e-05
9715	-0.0007768430677104	0.040423559554728	9.999000099990002e-05
9716	-0.0036159382915224	0.040423559554728	9.999000099990002e-05
9717	-0.0034884528592754	0.040423559554728	9.999000099990002e-05
9718	-0.0036528416533966	0.040423559554728	9.999000099990002e-05
9719	-0.0008667504993164	0.040423559554728	9.999000099990002e-05
9720	-0.0006454932601332	0.040423559554728	9.999000099990002e-05
9721	-0.0003636045569964	0.040423559554728	9.999000099990002e-05
9722	-0.0002008022633356	0.040423559554728	9.999000099990002e-05
9723	-0.0026369621113863	0.040423559554728	9.999000099990002e-05
9724	-0.0041380387535169	0.040423559554728	9.999000099990002e-05
9725	-0.0009842103774439	0.040423559554728	9.999000099990002e-05
9726	-0.0012819484844877	0.040423559554728	9.999000099990002e-05
9727	-0.0063105615018734	0.040423559554728	9.999000099990002e-05
9728	-0.0055124638985555	0.040423559554728	9.999000099990002e-05
9729	-0.0044246022602934	0.040423559554728	9.999000099990002e-05
9730	-0.0012317452496073	0.040423559554728	9.999000099990002e-05
9731	-0.0020111190927569	0.040423559554728	9.999000099990002e-05
9732	-0.006701268874456	0.040423559554728	9.999000099990002e-05
9733	-0.0036105411813886	0.040423559554728	9.999000099990002e-05
9734	-0.0021664095066037	0.040423559554728	9.999000099990002e-05
9735	-0.0055180874592484	0.040423559554728	9.999000099990002e-05
9736	-0.0031559802527129	0.040423559554728	9.999000099990002e-05
9737	-0.0064762271101185	0.040423559554728	9.999000099990002e-05
9738	-0.0007790173162498	0.040423559554728	9.999000099990002e-05
9739	-0.0035851887024345	0.040423559554728	9.999000099990002e-05
9740	-0.0041684016915481	0.040423559554728	9.999000099990002e-05
9741	-0.0020753628586354	0.040423559554728	9.999000099990002e-05
9742	-0.000784371567749	0.040423559554728	9.999000099990002e-05
9743	-0.0064470817381887	0.040423559554728	9.999000099990002e-05
9744	-0.0087909353599355	0.040423559554728	9.999000099990002e-05
9745	0.0007850875070042	0.040423559554728	9.999000099990002e-05
9746	-0.0054489230681455	0.040423559554728	9.999000099990002e-05
9747	-0.0009953234020877	0.040423559554728	9.999000099990002e-05
9748	0.0023175988608117	0.040423559554728	9.999000099990002e-05
9749	0.0007342540886104	0.040423559554728	9.999000099990002e-05
9750	-0.0031232418729382	0.040423559554728	9.999000099990002e-05
9751	-0.0061579822621528	0.040423559554728	9.999000099990002e-05
9752	-0.0043808594451892	0.040423559554728	9.999000099990002e-05
9753	-0.0033404628982892	0.040423559554728	9.999000099990002e-05
9754	-0.0028878262222756	0.040423559554728	9.999000099990002e-05
9755	-0.0031992638764054	0.040423559554728	9.999000099990002e-05
9756	-0.0083024060779245	0.040423559554728	9.999000099990002e-05
9757	0.0002556774933455	0.040423559554728	9.999000099990002e-05
9758	-0.0026087785002964	0.040423559554728	9.999000099990002e-05
9759	-0.0048246605867015	0.040423559554728	9.999000099990002e-05
9760	-0.007379150046921	0.040423559554728	9.999000099990002e-05
9761	-0.0008238588166826	0.040423559554728	9.999000099990002e-05
9762	-0.0050366305444473	0.040423559554728	9.999000099990002e-05
9763	-0.0040941989678666	0.040423559554728	9.999000099990002e-05
9764	-0.0071778578524528	0.040423559554728	9.999000099990002e-05
9765	-0.0053428874014351	0.040423559554728	9.999000099990002e-05
9766	-0.0024178952600577	0.040423559554728	9.999000099990002e-05
9767	0.0019894684033255	0.040423559554728	9.999000099990002e-05
9768	-0.0061773705812295	0.040423559554728	9.999000099990002e-05
9769	-0.0053375322650628	0.040423559554728	9.999000099990002e-05
9770	-0.0008547390784386	0.040423559554728	9.999000099990002e-05
9771	-0.0004494638866929	0.040423559554728	9.999000099990002e-05
9772	-0.0070710311861676	0.040423559554728	9.999000099990002e-05
9773	-0.0045384294459429	0.040423559554728	9.999000099990002e-05
9774	-0.0035182191427878	0.040423559554728	9.999000099990002e-05
9775	-0.0063632802385144	0.040423559554728	9.999000099990002e-05
9776	-0.0024303095097802	0.040423559554728	9.999000099990002e-05
9777	-0.0022335653897397	0.040423559554728	9.999000099990002e-05
9778	0.000194987281515	0.040423559554728	9.999000099990002e-05
9779	-0.0055616387185704	0.040423559554728	9.999000099990002e-05
9780	-0.0028640755559331	0.040423559554728	9.999000099990002e-05
9781	-0.0033914607684185	0.040423559554728	9.999000099990002e-05
9782	0.0018299951944996	0.040423559554728	9.999000099990002e-05
9783	-0.0046782522209011	0.040423559554728	9.999000099990002e-05
9784	-0.0004569225394684	0.040423559554728	9.999000099990002e-05
9785	-0.0044006379932876	0.040423559554728	9.999000099990002e-05
9786	-0.0021091150143972	0.040423559554728	9.999000099990002e-05
9787	-0.0011293917128485	0.040423559554728	9.999000099990002e-05
9788	-0.0049385569271046	0.040423559554728	9.999000099990002e-05
9789	-0.0035154135950255	0.040423559554728	9.999000099990002e-05
9790	-0.0054750850328269	0.040423559554728	9.999000099990002e-05
9791	-0.007966471328549	0.040423559554728	9.999000099990002e-05
9792	-0.0056886297953195	0.040423559554728	9.999000099990002e-05
9793	-0.0013029934590697	0.040423559554728	9.999000099990002e-05
9794	-0.0028887019003554	0.040423559554728	9.999000099990002e-05
9795	-0.0035214395998358	0.040423559554728	9.999000099990002e-05
9796	-0.0058848623433101	0.040423559554728	9.999000099990002e-05
9797	-0.0062156212585273	0.040423559554728	9.999000099990002e-05
9798	-0.0019595910874798	0.040423559554728	9.999000099990002e-05
9799	0.0013553178308692	0.040423559554728	9.999000099990002e-05
9800	0.0018245788287585	0.040423559554728	9.999000099990002e-05
9801	-0.0042168381234629	0.040423559554728	9.999000099990002e-05
9802	-0.0066098353638309	0.040423559554728	9.999000099990002e-05
9803	-0.0009955533536664	0.040423559554728	9.999000099990002e-05
9804	-0.0028230056538132	0.040423559554728	9.999000099990002e-05
9805	-0.003841479816778	0.040423559554728	9.999000099990002e-05
9806	-0.002672300902263	0.040423559554728	9.999000099990002e-05
9807	-0.0003359735683721	0.040423559554728	9.999000099990002e-05
9808	-0.0040564876591747	0.040423559554728	9.999000099990002e-05
9809	-0.0019855680559815	0.040423559554728	9.999000099990002e-05
9810	-0.0016882247754521	0.040423559554728	9.999000099990002e-05
9811	-0.0020784169787835	0.040423559554728	9.999000099990002e-05
9812	-0.0054712830410478	0.040423559554728	9.999000099990002e-05
9813	-0.0047421595041784	0.040423559554728	9.999000099990002e-05
9814	-0.0022888550096533	0.040423559554728	9.999000099990002e-05
9815	-0.0060073149061079	0.040423559554728	9.999000099990002e-05
9816	-2.0422677980692917e-05	0.040423559554728	9.999000099990002e-05
9817	-0.006039006769592	0.040423559554728	9.999000099990002e-05
9818	-0.0038529460404294	0.040423559554728	9.999000099990002e-05
9819	0.0001685990971108	0.040423559554728	9.999000099990002e-05
9820	-0.0016138808568076	0.040423559554728	9.999000099990002e-05
9821	-0.0016230852102498	0.040423559554728	9.999000099990002e-05
9822	-0.0036814145316896	0.040423559554728	9.999000099990002e-05
9823	-0.0004310719346877	0.040423559554728	9.999000099990002e-05
9824	-0.0034296225159733	0.040423559554728	9.999000099990002e-05
9825	-0.0023206592712531	0.040423559554728	9.999000099990002e-05
9826	-0.0067309765255097	0.040423559554728	9.999000099990002e-05
9827	-0.0051150219302011	0.040423559554728	9.999000099990002e-05
9828	-0.0049020114194398	0.040423559554728	9.999000099990002e-05
9829	-0.0024452605751623	0.040423559554728	9.999000099990002e-05
9830	-0.0038539345975341	0.040423559554728	9.999000099990002e-05
9831	-0.0051391138497648	0.040423559554728	9.999000099990002e-05
9832	-0.0071335773230705	0.040423559554728	9.999000099990002e-05
9833	-0.0025077359414564	0.040423559554728	9.999000099990002e-05
9834	-0.0054488850570764	0.040423559554728	9.999000099990002e-05
9835	-0.006962442237464	0.040423559554728	9.999000099990002e-05
9836	-0.000652002713419	0.040423559554728	9.999000099990002e-05
9837	-0.0041443369145039	0.040423559554728	9.999000099990002e-05
9838	-0.0045492371509064	0.040423559554728	9.999000099990002e-05
9839	-0.005202158304858	0.040423559554728	9.999000099990002e-05
9840	-0.0008976569417733	0.040423559554728	9.999000099990002e-05
9841	-0.0041939965487767	0.040423559554728	9.999000099990002e-05
9842	-0.0021855996525865	0.040423559554728	9.999000099990002e-05
9843	0.0001660089582308	0.040423559554728	9.999000099990002e-05
9844	-0.0044955624051003	0.040423559554728	9.999000099990002e-05
9845	-0.0024049892709838	0.040423559554728	9.999000099990002e-05
9846	-0.0035307133388681	0.040423559554728	9.999000099990002e-05
9847	-0.005424100608921	0.040423559554728	9.999000099990002e-05
9848	-0.0026659666346078	0.040423559554728	9.999000099990002e-05
9849	-0.0015922922431453	0.040423559554728	9.999000099990002e-05
9850	-0.004300888195523	0.040423559554728	9.999000099990002e-05
9851	-0.0037989171337972	0.040423559554728	9.999000099990002e-05
9852	0.0003467835239911	0.040423559554728	9.999000099990002e-05
9853	0.0010215649283996	0.040423559554728	9.999000099990002e-05
9854	-0.0087242062741625	0.040423559554728	9.999000099990002e-05
9855	-0.0052886584750174	0.040423559554728	9.999000099990002e-05
9856	0.002450822002377	0.040423559554728	9.999000099990002e-05
9857	-0.0012507043090655	0.040423559554728	9.999000099990002e-05
9858	-0.0002376739044341	0.040423559554728	9.999000099990002e-05
9859	-0.0045564484431875	0.040423559554728	9.999000099990002e-05
9860	-0.0057045589147479	0.040423559554728	9.999000099990002e-05
9861	-0.0050991928399018	0.040423559554728	9.999000099990002e-05
9862	-0.0006386246253284	0.040423559554728	9.999000099990002e-05
9863	-0.0026578299767006	0.040423559554728	9.999000099990002e-05
9864	-0.0046529258649388	0.040423559554728	9.999000099990002e-05
9865	-0.0058503082232421	0.040423559554728	9.999000099990002e-05
9866	-0.0037676375057432	0.040423559554728	9.999000099990002e-05
9867	-0.0024640614154691	0.040423559554728	9.999000099990002e-05
9868	-0.0040077709533347	0.040423559554728	9.999000099990002e-05
9869	0.003747645280036	0.040423559554728	9.999000099990002e-05
9870	-0.0009688689676218	0.040423559554728	9.999000099990002e-05
9871	-0.0034381481910108	0.040423559554728	9.999000099990002e-05
9872	-0.0053517681029355	0.040423559554728	9.999000099990002e-05
9873	-0.0084620629363841	0.040423559554728	9.999000099990002e-05
9874	-0.0054612535434723	0.040423559554728	9.999000099990002e-05
9875	-9.20293379799389e-05	0.040423559554728	9.999000099990002e-05
9876	-0.0046173249400346	0.040423559554728	9.999000099990002e-05
9877	-0.0040561389807143	0.040423559554728	9.999000099990002e-05
9878	-0.006565105088095	0.040423559554728	9.999000099990002e-05
9879	0.0003625182021816	0.040423559554728	9.999000099990002e-05
9880	-0.0021087611805893	0.040423559554728	9.999000099990002e-05
9881	0.0017548702599568	0.040423559554728	9.999000099990002e-05
9882	-0.0023140643315347	0.040423559554728	9.999000099990002e-05
9883	-0.0034104955422328	0.040423559554728	9.999000099990002e-05
9884	-0.0002188162591237	0.040423559554728	9.999000099990002e-05
9885	-0.0049030001111992	0.040423559554728	9.999000099990002e-05
9886	-0.0053489894091471	0.040423559554728	9.999000099990002e-05
9887	-0.003304335146893	0.040423559554728	9.999000099990002e-05
9888	-0.0101714902322966	0.040423559554728	9.999000099990002e-05
9889	-0.0010607984303636	0.040423559554728	9.999000099990002e-05
9890	-0.0031485844836341	0.040423559554728	9.999000099990002e-05
9891	-0.0027825249617365	0.040423559554728	9.999000099990002e-05
9892	-0.0061749780960613	0.040423559554728	9.999000099990002e-05
9893	-0.0031493773491369	0.040423559554728	9.999000099990002e-05
9894	-0.0027787259131221	0.040423559554728	9.999000099990002e-05
9895	-0.0012350900697937	0.040423559554728	9.999000099990002e-05
9896	-0.0055074541512242	0.040423559554728	9.999000099990002e-05
9897	-0.0064308100959386	0.040423559554728	9.999000099990002e-05
9898	-0.0066092873965671	0.040423559554728	9.999000099990002e-05
9899	-0.002262806039415	0.040423559554728	9.999000099990002e-05
9900	-0.0040334343882258	0.040423559554728	9.999000099990002e-05
9901	-0.0034399428290052	0.040423559554728	9.999000099990002e-05
9902	-0.0035413243711747	0.040423559554728	9.999000099990002e-05
9903	0.0005016892488909	0.040423559554728	9.999000099990002e-05
9904	-0.0028970473305969	0.040423559554728	9.999000099990002e-05
9905	-0.0041819868399359	0.040423559554728	9.999000099990002e-05
9906	-0.0046895956010874	0.040423559554728	9.999000099990002e-05
9907	-0.0026172358285079	0.040423559554728	9.999000099990002e-05
9908	-0.0019653878716934	0.040423559554728	9.999000099990002e-05
9909	-0.0073161547215193	0.040423559554728	9.999000099990002e-05
9910	-0.0057398002541692	0.040423559554728	9.999000099990002e-05
9911	-0.003310334124602	0.040423559554728	9.999000099990002e-05
9912	-0.0033579482786028	0.040423559554728	9.999000099990002e-05
9913	-0.0006212668975727	0.040423559554728	9.999000099990002e-05
9914	-0.0052608806936461	0.040423559554728	9.999000099990002e-05
9915	-0.0020220456977295	0.040423559554728	9.999000099990002e-05
9916	-0.0064317388856387	0.040423559554728	9.999000099990002e-05
9917	-0.0030879581365552	0.040423559554728	9.999000099990002e-05
9918	-0.0024784197120795	0.040423559554728	9.999000099990002e-05
9919	-0.0055845812842043	0.040423559554728	9.999000099990002e-05
9920	-0.005526200802674	0.040423559554728	9.999000099990002e-05
9921	-0.0080812924382507	0.040423559554728	9.999000099990002e-05
9922	-0.0043783408079001	0.040423559554728	9.999000099990002e-05
9923	-0.0040540399463855	0.040423559554728	9.999000099990002e-05
9924	-0.0002515237837593	0.040423559554728	9.999000099990002e-05
9925	-5.482550399096009e-05	0.040423559554728	9.999000099990002e-05
9926	-0.0053202330928203	0.040423559554728	9.999000099990002e-05
9927	-0.0043427812796664	0.040423559554728	9.999000099990002e-05
9928	-0.0016842214365779	0.040423559554728	9.999000099990002e-05
9929	-0.0029399796404461	0.040423559554728	9.999000099990002e-05
9930	-0.0021009647563757	0.040423559554728	9.999000099990002e-05
9931	-0.003704667303042	0.040423559554728	9.999000099990002e-05
9932	-0.0047713954794155	0.040423559554728	9.999000099990002e-05
9933	-0.0048556651731232	0.040423559554728	9.999000099990002e-05
9934	-0.0032797712437308	0.040423559554728	9.999000099990002e-05
9935	-0.003880891793792	0.040423559554728	9.999000099990002e-05
9936	-0.0031716921358037	0.040423559554728	9.999000099990002e-05
9937	-0.003680586829119	0.040423559554728	9.999000099990002e-05
9938	-0.0066674798425711	0.040423559554728	9.999000099990002e-05
9939	-0.0046670673868845	0.040423559554728	9.999000099990002e-05
9940	0.0043741848284222	0.040423559554728	9.999000099990002e-05
9941	-0.0031298760740898	0.040423559554728	9.999000099990002e-05
9942	-0.0040627090478051	0.040423559554728	9.999000099990002e-05
9943	-0.004191873257384	0.040423559554728	9.999000099990002e-05
9944	-0.004322752908818	0.040423559554728	9.999000099990002e-05
9945	-0.0003216601502153	0.040423559554728	9.999000099990002e-05
9946	-0.0051546573184277	0.040423559554728	9.999000099990002e-05
9947	-0.0098284186161594	0.040423559554728	9.999000099990002e-05
9948	-0.000466687748543	0.040423559554728	9.999000099990002e-05
9949	-0.0059394455844449	0.040423559554728	9.999000099990002e-05
9950	-0.003843068837203	0.040423559554728	9.999000099990002e-05
9951	-0.0051918883526452	0.040423559554728	9.999000099990002e-05
9952	-0.0007079273259387	0.040423559554728	9.999000099990002e-05
9953	-0.0063106120165836	0.040423559554728	9.999000099990002e-05
9954	-0.0038973090553704	0.040423559554728	9.999000099990002e-05
9955	-0.0031481531657239	0.040423559554728	9.999000099990002e-05
9956	-0.004485361434514	0.040423559554728	9.999000099990002e-05
9957	-0.0033942541010852	0.040423559554728	9.999000099990002e-05
9958	-0.0033763083751776	0.040423559554728	9.999000099990002e-05
9959	-0.0050104143909087	0.040423559554728	9.999000099990002e-05
9960	-0.0056567163480781	0.040423559554728	9.999000099990002e-05
9961	-0.0061733094562968	0.040423559554728	9.999000099990002e-05
9962	0.001782218127673	0.040423559554728	9.999000099990002e-05
9963	-0.0026255681587807	0.040423559554728	9.999000099990002e-05
9964	-0.001791513161368	0.040423559554728	9.999000099990002e-05
9965	-0.0063095173901292	0.040423559554728	9.999000099990002e-05
9966	0.0071175428652747	0.040423559554728	9.999000099990002e-05
9967	-0.0076246091992372	0.040423559554728	9.999000099990002e-05
9968	-0.002406795046837	0.040423559554728	9.999000099990002e-05
9969	-0.0040438207974285	0.040423559554728	9.999000099990002e-05
9970	-0.0056229840827239	0.040423559554728	9.999000099990002e-05
9971	0.00097814840062	0.040423559554728	9.999000099990002e-05
9972	0.0025711009899084	0.040423559554728	9.999000099990002e-05
9973	-0.0040795583967485	0.040423559554728	9.999000099990002e-05
9974	-0.0007476263865533	0.040423559554728	9.999000099990002e-05
9975	-0.0017395416423214	0.040423559554728	9.999000099990002e-05
9976	-0.000247370324246	0.040423559554728	9.999000099990002e-05
9977	-0.0024849060432473	0.040423559554728	9.999000099990002e-05
9978	-0.0018472237307878	0.040423559554728	9.999000099990002e-05
9979	-0.0058296599795752	0.040423559554728	9.999000099990002e-05
9980	-0.0021770519519041	0.040423559554728	9.999000099990002e-05
9981	-0.0034489375637128	0.040423559554728	9.999000099990002e-05
9982	-0.007004672554427	0.040423559554728	9.999000099990002e-05
9983	-0.0036291235542302	0.040423559554728	9.999000099990002e-05
9984	-0.0019993835214391	0.040423559554728	9.999000099990002e-05
9985	-0.0025124026465839	0.040423559554728	9.999000099990002e-05
9986	-0.0047984398356703	0.040423559554728	9.999000099990002e-05
9987	-0.0027144829551712	0.040423559554728	9.999000099990002e-05
9988	-0.0030935710787714	0.040423559554728	9.999000099990002e-05
9989	-0.0058868856055736	0.040423559554728	9.999000099990002e-05
9990	-0.0039355319553486	0.040423559554728	9.999000099990002e-05
9991	-0.0004491687238165	0.040423559554728	9.999000099990002e-05
9992	-0.0061402010456899	0.040423559554728	9.999000099990002e-05
9993	-0.001733914272827	0.040423559554728	9.999000099990002e-05
9994	-0.0016548239142972	0.040423559554728	9.999000099990002e-05
9995	0.0001694721205714	0.040423559554728	9.999000099990002e-05
9996	-0.0013202151664462	0.040423559554728	9.999000099990002e-05
9997	9.989968756724392e-05	0.040423559554728	9.999000099990002e-05
9998	-0.002010001363421	0.040423559554728	9.999000099990002e-05
9999	-0.0033157593198374	0.040423559554728	9.999000099990002e-05
10000	-0.0079719637741373	0.040423559554728	9.999000099990002e-05
