permutation	T_perm_repeat_OOF	T_obs_repeat_OOF	empirical_upper_tail_P
1	-0.010340488445632645	0.04042355955472804	9.999000099990002e-05
2	-0.0030504762600600923	0.04042355955472804	9.999000099990002e-05
3	-0.004119845147732969	0.04042355955472804	9.999000099990002e-05
4	-0.0031812185253325687	0.04042355955472804	9.999000099990002e-05
5	-0.004217375933922867	0.04042355955472804	9.999000099990002e-05
6	-0.0059154078152655635	0.04042355955472804	9.999000099990002e-05
7	-0.003952712343000269	0.04042355955472804	9.999000099990002e-05
8	-0.0009572058981862378	0.04042355955472804	9.999000099990002e-05
9	-0.004585607799959084	0.04042355955472804	9.999000099990002e-05
10	-0.001254364548026933	0.04042355955472804	9.999000099990002e-05
11	-0.0008076221653914237	0.04042355955472804	9.999000099990002e-05
12	-0.002256773802020598	0.04042355955472804	9.999000099990002e-05
13	-0.003566450322624254	0.04042355955472804	9.999000099990002e-05
14	-0.006956374912928907	0.04042355955472804	9.999000099990002e-05
15	0.002031434778042297	0.04042355955472804	9.999000099990002e-05
16	-0.0018010350111132376	0.04042355955472804	9.999000099990002e-05
17	-0.003912322465830986	0.04042355955472804	9.999000099990002e-05
18	-0.001728822193827978	0.04042355955472804	9.999000099990002e-05
19	-0.0020416139153476122	0.04042355955472804	9.999000099990002e-05
20	-0.005369179384748049	0.04042355955472804	9.999000099990002e-05
21	-0.0030696817951396367	0.04042355955472804	9.999000099990002e-05
22	-0.0036590614838809253	0.04042355955472804	9.999000099990002e-05
23	-0.006225610802160264	0.04042355955472804	9.999000099990002e-05
24	-0.005756722162704052	0.04042355955472804	9.999000099990002e-05
25	-0.0038913983533678904	0.04042355955472804	9.999000099990002e-05
26	0.001101445497813	0.04042355955472804	9.999000099990002e-05
27	0.00045966610764346246	0.04042355955472804	9.999000099990002e-05
28	-0.0029384853014391516	0.04042355955472804	9.999000099990002e-05
29	-0.0019335456182610026	0.04042355955472804	9.999000099990002e-05
30	-0.001094237648842325	0.04042355955472804	9.999000099990002e-05
31	-0.00478142736230105	0.04042355955472804	9.999000099990002e-05
32	-0.008606853388730398	0.04042355955472804	9.999000099990002e-05
33	-0.0032486229616180058	0.04042355955472804	9.999000099990002e-05
34	-0.002350554957833145	0.04042355955472804	9.999000099990002e-05
35	-0.005015212634341119	0.04042355955472804	9.999000099990002e-05
36	-0.0022256461028246576	0.04042355955472804	9.999000099990002e-05
37	-0.005032348297430235	0.04042355955472804	9.999000099990002e-05
38	-0.0033257799879185994	0.04042355955472804	9.999000099990002e-05
39	-0.00429664928804981	0.04042355955472804	9.999000099990002e-05
40	-0.004226574324090024	0.04042355955472804	9.999000099990002e-05
41	-0.004984843559907605	0.04042355955472804	9.999000099990002e-05
42	-0.0026359408332144894	0.04042355955472804	9.999000099990002e-05
43	-0.002399107865974218	0.04042355955472804	9.999000099990002e-05
44	-0.005309336092622752	0.04042355955472804	9.999000099990002e-05
45	-0.004936711466618139	0.04042355955472804	9.999000099990002e-05
46	0.001971408951992747	0.04042355955472804	9.999000099990002e-05
47	-0.0036352375846741155	0.04042355955472804	9.999000099990002e-05
48	-0.0037808058981537275	0.04042355955472804	9.999000099990002e-05
49	-0.007419372683081004	0.04042355955472804	9.999000099990002e-05
50	-0.00015103140436581453	0.04042355955472804	9.999000099990002e-05
51	-0.00573725256996004	0.04042355955472804	9.999000099990002e-05
52	-0.0022618064791060724	0.04042355955472804	9.999000099990002e-05
53	-0.0027838894937121826	0.04042355955472804	9.999000099990002e-05
54	-0.006382709415642997	0.04042355955472804	9.999000099990002e-05
55	-0.0021167915383105153	0.04042355955472804	9.999000099990002e-05
56	-0.0050272800715311676	0.04042355955472804	9.999000099990002e-05
57	-0.006247027500375106	0.04042355955472804	9.999000099990002e-05
58	-0.0023479188247901156	0.04042355955472804	9.999000099990002e-05
59	-0.006151996923030885	0.04042355955472804	9.999000099990002e-05
60	-0.004425676072994466	0.04042355955472804	9.999000099990002e-05
61	-0.0012856978647922998	0.04042355955472804	9.999000099990002e-05
62	-0.0031367225101225347	0.04042355955472804	9.999000099990002e-05
63	0.0031858141520693523	0.04042355955472804	9.999000099990002e-05
64	-0.006793758904284686	0.04042355955472804	9.999000099990002e-05
65	-0.006792883572459508	0.04042355955472804	9.999000099990002e-05
66	-0.0015730329616452682	0.04042355955472804	9.999000099990002e-05
67	-0.00015620885437931525	0.04042355955472804	9.999000099990002e-05
68	-0.008068055371995817	0.04042355955472804	9.999000099990002e-05
69	-0.0030779152697019653	0.04042355955472804	9.999000099990002e-05
70	-0.006027421184258694	0.04042355955472804	9.999000099990002e-05
71	-0.00510064649398424	0.04042355955472804	9.999000099990002e-05
72	-0.004097006843229804	0.04042355955472804	9.999000099990002e-05
73	-0.002438959240174228	0.04042355955472804	9.999000099990002e-05
74	-0.0027267066686392063	0.04042355955472804	9.999000099990002e-05
75	0.00018129675628700132	0.04042355955472804	9.999000099990002e-05
76	0.0017537661884443486	0.04042355955472804	9.999000099990002e-05
77	-0.004491429701631314	0.04042355955472804	9.999000099990002e-05
78	-0.002138002003392046	0.04042355955472804	9.999000099990002e-05
79	-0.0025943729206862553	0.04042355955472804	9.999000099990002e-05
80	-0.001586171537680725	0.04042355955472804	9.999000099990002e-05
81	-0.0031366911548378353	0.04042355955472804	9.999000099990002e-05
82	-0.004369471455858681	0.04042355955472804	9.999000099990002e-05
83	-0.007723147297993611	0.04042355955472804	9.999000099990002e-05
84	-0.001037935888033073	0.04042355955472804	9.999000099990002e-05
85	-0.0032296745591093813	0.04042355955472804	9.999000099990002e-05
86	-0.003032116259667074	0.04042355955472804	9.999000099990002e-05
87	-0.004554788286662651	0.04042355955472804	9.999000099990002e-05
88	-0.004792878735474028	0.04042355955472804	9.999000099990002e-05
89	-0.004530834984388246	0.04042355955472804	9.999000099990002e-05
90	-0.002809525786083826	0.04042355955472804	9.999000099990002e-05
91	0.0036861795539093354	0.04042355955472804	9.999000099990002e-05
92	-0.004480090361082936	0.04042355955472804	9.999000099990002e-05
93	-0.0017548999609136625	0.04042355955472804	9.999000099990002e-05
94	-0.0046114789107113046	0.04042355955472804	9.999000099990002e-05
95	-0.00589000157065449	0.04042355955472804	9.999000099990002e-05
96	-0.0038440583945990965	0.04042355955472804	9.999000099990002e-05
97	-0.005810401659893755	0.04042355955472804	9.999000099990002e-05
98	-0.005092566044753073	0.04042355955472804	9.999000099990002e-05
99	-0.005801816756069955	0.04042355955472804	9.999000099990002e-05
100	-0.0026571229438851983	0.04042355955472804	9.999000099990002e-05
101	-0.003916742926173586	0.04042355955472804	9.999000099990002e-05
102	-0.004968396174172239	0.04042355955472804	9.999000099990002e-05
103	-0.0029216947965545804	0.04042355955472804	9.999000099990002e-05
104	-0.005178631338273683	0.04042355955472804	9.999000099990002e-05
105	-0.006214390207729963	0.04042355955472804	9.999000099990002e-05
106	-0.0007439877500365774	0.04042355955472804	9.999000099990002e-05
107	-0.005073894992241275	0.04042355955472804	9.999000099990002e-05
108	0.0016462885248923697	0.04042355955472804	9.999000099990002e-05
109	-0.0017396695064793688	0.04042355955472804	9.999000099990002e-05
110	-0.0038337894234412835	0.04042355955472804	9.999000099990002e-05
111	-0.008417237267484631	0.04042355955472804	9.999000099990002e-05
112	-0.006932865336023946	0.04042355955472804	9.999000099990002e-05
113	-0.0004561912303528537	0.04042355955472804	9.999000099990002e-05
114	-0.001744185552349385	0.04042355955472804	9.999000099990002e-05
115	-0.002959472336071732	0.04042355955472804	9.999000099990002e-05
116	-0.0038844810505445347	0.04042355955472804	9.999000099990002e-05
117	-0.0025298047718839214	0.04042355955472804	9.999000099990002e-05
118	-0.004671110218028381	0.04042355955472804	9.999000099990002e-05
119	-0.005265628633968384	0.04042355955472804	9.999000099990002e-05
120	-0.007715329252099015	0.04042355955472804	9.999000099990002e-05
121	-0.0012137800564924195	0.04042355955472804	9.999000099990002e-05
122	-0.0017022291228364224	0.04042355955472804	9.999000099990002e-05
123	-0.003291538401169916	0.04042355955472804	9.999000099990002e-05
124	-0.0038854698961948778	0.04042355955472804	9.999000099990002e-05
125	-0.0017553193522738166	0.04042355955472804	9.999000099990002e-05
126	-0.0040396749362817145	0.04042355955472804	9.999000099990002e-05
127	-0.004567433392073302	0.04042355955472804	9.999000099990002e-05
128	-0.006534660241596282	0.04042355955472804	9.999000099990002e-05
129	-0.006859523651543964	0.04042355955472804	9.999000099990002e-05
130	-0.005554322337994718	0.04042355955472804	9.999000099990002e-05
131	-0.001989852361290334	0.04042355955472804	9.999000099990002e-05
132	-0.00428741082852188	0.04042355955472804	9.999000099990002e-05
133	-0.00297433008581824	0.04042355955472804	9.999000099990002e-05
134	-0.005305189288893742	0.04042355955472804	9.999000099990002e-05
135	-0.008897445010826949	0.04042355955472804	9.999000099990002e-05
136	-0.0008077686503564537	0.04042355955472804	9.999000099990002e-05
137	-0.005772858534793384	0.04042355955472804	9.999000099990002e-05
138	-0.0016241184534443814	0.04042355955472804	9.999000099990002e-05
139	-0.002123958856247524	0.04042355955472804	9.999000099990002e-05
140	-0.0030639618794644414	0.04042355955472804	9.999000099990002e-05
141	5.789433996287174e-05	0.04042355955472804	9.999000099990002e-05
142	-0.001947286504308285	0.04042355955472804	9.999000099990002e-05
143	-0.004944723819096021	0.04042355955472804	9.999000099990002e-05
144	-0.004386392671884082	0.04042355955472804	9.999000099990002e-05
145	-0.007725277437534324	0.04042355955472804	9.999000099990002e-05
146	-0.002504230266735874	0.04042355955472804	9.999000099990002e-05
147	-0.007026793111456121	0.04042355955472804	9.999000099990002e-05
148	-0.004017064044156302	0.04042355955472804	9.999000099990002e-05
149	0.00041126347403249857	0.04042355955472804	9.999000099990002e-05
150	-0.00635304279576864	0.04042355955472804	9.999000099990002e-05
151	-0.005671383080660763	0.04042355955472804	9.999000099990002e-05
152	-0.010023329683172622	0.04042355955472804	9.999000099990002e-05
153	-0.005170233488921315	0.04042355955472804	9.999000099990002e-05
154	-0.004400507224437694	0.04042355955472804	9.999000099990002e-05
155	-0.00473535992794547	0.04042355955472804	9.999000099990002e-05
156	-0.005783491746635744	0.04042355955472804	9.999000099990002e-05
157	-0.0005590413925013471	0.04042355955472804	9.999000099990002e-05
158	-0.00738108228267709	0.04042355955472804	9.999000099990002e-05
159	-0.004258489156350189	0.04042355955472804	9.999000099990002e-05
160	-0.0001792027618873565	0.04042355955472804	9.999000099990002e-05
161	-0.00042821560290606103	0.04042355955472804	9.999000099990002e-05
162	-0.004919892164886195	0.04042355955472804	9.999000099990002e-05
163	-0.008448305564766983	0.04042355955472804	9.999000099990002e-05
164	-0.0047007582748047365	0.04042355955472804	9.999000099990002e-05
165	-0.0035026978151879453	0.04042355955472804	9.999000099990002e-05
166	-0.000992735379208555	0.04042355955472804	9.999000099990002e-05
167	-0.008687763373300515	0.04042355955472804	9.999000099990002e-05
168	-0.007073061508179351	0.04042355955472804	9.999000099990002e-05
169	-0.0019977139583288394	0.04042355955472804	9.999000099990002e-05
170	-0.0011382345764072265	0.04042355955472804	9.999000099990002e-05
171	-0.0033334845199880308	0.04042355955472804	9.999000099990002e-05
172	-3.894397534440208e-05	0.04042355955472804	9.999000099990002e-05
173	-0.0015158392680226797	0.04042355955472804	9.999000099990002e-05
174	-0.0008083379122829304	0.04042355955472804	9.999000099990002e-05
175	0.0015451358185920917	0.04042355955472804	9.999000099990002e-05
176	0.0007067090288553693	0.04042355955472804	9.999000099990002e-05
177	-0.0034387700067028777	0.04042355955472804	9.999000099990002e-05
178	-0.0008912273578998667	0.04042355955472804	9.999000099990002e-05
179	-0.00294963418267844	0.04042355955472804	9.999000099990002e-05
180	-0.007089865497759991	0.04042355955472804	9.999000099990002e-05
181	0.0011790329571506968	0.04042355955472804	9.999000099990002e-05
182	-0.0006441626034068892	0.04042355955472804	9.999000099990002e-05
183	-0.0051854308567975144	0.04042355955472804	9.999000099990002e-05
184	-0.006644094705750054	0.04042355955472804	9.999000099990002e-05
185	-0.005857563162848941	0.04042355955472804	9.999000099990002e-05
186	-0.007138350828529804	0.04042355955472804	9.999000099990002e-05
187	-0.006868436170001964	0.04042355955472804	9.999000099990002e-05
188	-0.00874476547266811	0.04042355955472804	9.999000099990002e-05
189	-0.010396246682779794	0.04042355955472804	9.999000099990002e-05
190	-0.004542390464800978	0.04042355955472804	9.999000099990002e-05
191	-0.0028325196358827535	0.04042355955472804	9.999000099990002e-05
192	-0.0003352388159461317	0.04042355955472804	9.999000099990002e-05
193	0.00015740349072642794	0.04042355955472804	9.999000099990002e-05
194	-0.0014577231519387625	0.04042355955472804	9.999000099990002e-05
195	-0.0025129753133481076	0.04042355955472804	9.999000099990002e-05
196	-0.0023883994783940655	0.04042355955472804	9.999000099990002e-05
197	0.0006181696110081445	0.04042355955472804	9.999000099990002e-05
198	-0.0002650460676868263	0.04042355955472804	9.999000099990002e-05
199	-0.009140038771030742	0.04042355955472804	9.999000099990002e-05
200	-0.004598767362875282	0.04042355955472804	9.999000099990002e-05
201	-0.005833554748371665	0.04042355955472804	9.999000099990002e-05
202	-0.003081323050530574	0.04042355955472804	9.999000099990002e-05
203	-0.0025912845213250575	0.04042355955472804	9.999000099990002e-05
204	-0.008633289798716673	0.04042355955472804	9.999000099990002e-05
205	-0.00420302286960544	0.04042355955472804	9.999000099990002e-05
206	-5.36548746348342e-05	0.04042355955472804	9.999000099990002e-05
207	-0.005494480834851913	0.04042355955472804	9.999000099990002e-05
208	-0.0013492407534940146	0.04042355955472804	9.999000099990002e-05
209	0.0009724440086961869	0.04042355955472804	9.999000099990002e-05
210	-0.00221878121911223	0.04042355955472804	9.999000099990002e-05
211	-0.0008214272816814125	0.04042355955472804	9.999000099990002e-05
212	0.0004791127129241568	0.04042355955472804	9.999000099990002e-05
213	-0.004506556645153352	0.04042355955472804	9.999000099990002e-05
214	-0.0026979905563278214	0.04042355955472804	9.999000099990002e-05
215	-0.0031742995297085715	0.04042355955472804	9.999000099990002e-05
216	-0.00811367184810646	0.04042355955472804	9.999000099990002e-05
217	-0.005652513835818736	0.04042355955472804	9.999000099990002e-05
218	-0.0021969392239713503	0.04042355955472804	9.999000099990002e-05
219	-0.0018862141812045514	0.04042355955472804	9.999000099990002e-05
220	0.00023242910788582178	0.04042355955472804	9.999000099990002e-05
221	0.00019642893210193997	0.04042355955472804	9.999000099990002e-05
222	-0.005148259493802755	0.04042355955472804	9.999000099990002e-05
223	-0.0014315125192387104	0.04042355955472804	9.999000099990002e-05
224	-0.0035351662702049784	0.04042355955472804	9.999000099990002e-05
225	-0.004073431747245277	0.04042355955472804	9.999000099990002e-05
226	8.628064469376751e-05	0.04042355955472804	9.999000099990002e-05
227	-0.006348377206350611	0.04042355955472804	9.999000099990002e-05
228	-0.0049559372575963215	0.04042355955472804	9.999000099990002e-05
229	-0.004588819985367551	0.04042355955472804	9.999000099990002e-05
230	-0.004481580737397526	0.04042355955472804	9.999000099990002e-05
231	-0.010057940204280375	0.04042355955472804	9.999000099990002e-05
232	-0.0052704762379286495	0.04042355955472804	9.999000099990002e-05
233	-0.001737534673264135	0.04042355955472804	9.999000099990002e-05
234	-0.0036012982782590492	0.04042355955472804	9.999000099990002e-05
235	-0.00578593407324113	0.04042355955472804	9.999000099990002e-05
236	-0.0008113931481405559	0.04042355955472804	9.999000099990002e-05
237	-0.0028083005061977444	0.04042355955472804	9.999000099990002e-05
238	-0.0015817760269112844	0.04042355955472804	9.999000099990002e-05
239	-0.0062451951013844514	0.04042355955472804	9.999000099990002e-05
240	-0.009224019130482451	0.04042355955472804	9.999000099990002e-05
241	-0.0030283046304660595	0.04042355955472804	9.999000099990002e-05
242	-0.0018125829316321784	0.04042355955472804	9.999000099990002e-05
243	-0.006464253931146334	0.04042355955472804	9.999000099990002e-05
244	-0.0053503412258815285	0.04042355955472804	9.999000099990002e-05
245	-0.0007161954067325005	0.04042355955472804	9.999000099990002e-05
246	-0.008523103538712171	0.04042355955472804	9.999000099990002e-05
247	-0.0074476867937115915	0.04042355955472804	9.999000099990002e-05
248	-0.0005183071073459972	0.04042355955472804	9.999000099990002e-05
249	-0.002330377101145936	0.04042355955472804	9.999000099990002e-05
250	-0.002082067330250252	0.04042355955472804	9.999000099990002e-05
251	-0.005522287874743419	0.04042355955472804	9.999000099990002e-05
252	-0.004920470006234123	0.04042355955472804	9.999000099990002e-05
253	-0.0044871240824234755	0.04042355955472804	9.999000099990002e-05
254	-0.004648042154310213	0.04042355955472804	9.999000099990002e-05
255	-0.0017084620725257142	0.04042355955472804	9.999000099990002e-05
256	-0.0035944451672056607	0.04042355955472804	9.999000099990002e-05
257	-0.003435266486455882	0.04042355955472804	9.999000099990002e-05
258	-0.00414957830621455	0.04042355955472804	9.999000099990002e-05
259	-0.0032889189460605247	0.04042355955472804	9.999000099990002e-05
260	-0.007384055648539814	0.04042355955472804	9.999000099990002e-05
261	-0.0025989449828685658	0.04042355955472804	9.999000099990002e-05
262	-0.003055689451250876	0.04042355955472804	9.999000099990002e-05
263	-0.0035167136466856762	0.04042355955472804	9.999000099990002e-05
264	-0.004060795990710925	0.04042355955472804	9.999000099990002e-05
265	-0.006596566172836523	0.04042355955472804	9.999000099990002e-05
266	-0.0016389968822896922	0.04042355955472804	9.999000099990002e-05
267	-0.002266109982313107	0.04042355955472804	9.999000099990002e-05
268	-0.006807329375321433	0.04042355955472804	9.999000099990002e-05
269	-0.0010750882070205679	0.04042355955472804	9.999000099990002e-05
270	-0.005704407947708458	0.04042355955472804	9.999000099990002e-05
271	-0.004032538473483763	0.04042355955472804	9.999000099990002e-05
272	-0.0010289496942742116	0.04042355955472804	9.999000099990002e-05
273	-0.0008840251836586335	0.04042355955472804	9.999000099990002e-05
274	-0.006148636175129322	0.04042355955472804	9.999000099990002e-05
275	-0.005429740097329138	0.04042355955472804	9.999000099990002e-05
276	-0.0029471910096727253	0.04042355955472804	9.999000099990002e-05
277	-0.003398926307814888	0.04042355955472804	9.999000099990002e-05
278	0.0003092643096998901	0.04042355955472804	9.999000099990002e-05
279	-0.004701864981700099	0.04042355955472804	9.999000099990002e-05
280	-0.003817218347840505	0.04042355955472804	9.999000099990002e-05
281	0.00023144107016306593	0.04042355955472804	9.999000099990002e-05
282	-0.004762086749424473	0.04042355955472804	9.999000099990002e-05
283	-0.005935405985011424	0.04042355955472804	9.999000099990002e-05
284	-0.0038441523065622304	0.04042355955472804	9.999000099990002e-05
285	-0.004323327653110301	0.04042355955472804	9.999000099990002e-05
286	-0.0032707366704990137	0.04042355955472804	9.999000099990002e-05
287	-0.004229355345479302	0.04042355955472804	9.999000099990002e-05
288	-0.004638882890921621	0.04042355955472804	9.999000099990002e-05
289	-0.006724459646984765	0.04042355955472804	9.999000099990002e-05
290	-0.004729651650274719	0.04042355955472804	9.999000099990002e-05
291	-0.006654165542286752	0.04042355955472804	9.999000099990002e-05
292	-0.0038471661072767603	0.04042355955472804	9.999000099990002e-05
293	-0.0029212147336803397	0.04042355955472804	9.999000099990002e-05
294	-0.0042061392963591545	0.04042355955472804	9.999000099990002e-05
295	-0.0017465661302039164	0.04042355955472804	9.999000099990002e-05
296	-0.00011649225019440546	0.04042355955472804	9.999000099990002e-05
297	-0.006991350982794438	0.04042355955472804	9.999000099990002e-05
298	-0.008200840693757577	0.04042355955472804	9.999000099990002e-05
299	-0.005940562736689745	0.04042355955472804	9.999000099990002e-05
300	-0.0022609227217504123	0.04042355955472804	9.999000099990002e-05
301	-0.0042529858614486216	0.04042355955472804	9.999000099990002e-05
302	-0.004591652598703802	0.04042355955472804	9.999000099990002e-05
303	-0.004258924167643584	0.04042355955472804	9.999000099990002e-05
304	-0.003297999840473727	0.04042355955472804	9.999000099990002e-05
305	-0.0036186788972962488	0.04042355955472804	9.999000099990002e-05
306	-0.001120401248615331	0.04042355955472804	9.999000099990002e-05
307	-0.0025563326508142247	0.04042355955472804	9.999000099990002e-05
308	0.006231610049178505	0.04042355955472804	9.999000099990002e-05
309	-0.003914116603679759	0.04042355955472804	9.999000099990002e-05
310	-0.006091299151306554	0.04042355955472804	9.999000099990002e-05
311	-0.006224643789790987	0.04042355955472804	9.999000099990002e-05
312	-0.002456473436571531	0.04042355955472804	9.999000099990002e-05
313	-0.0027687712450298304	0.04042355955472804	9.999000099990002e-05
314	-0.005798537647326832	0.04042355955472804	9.999000099990002e-05
315	-0.008574205073644679	0.04042355955472804	9.999000099990002e-05
316	-6.830610270247839e-05	0.04042355955472804	9.999000099990002e-05
317	-0.0004992671012387526	0.04042355955472804	9.999000099990002e-05
318	-0.004778188630700629	0.04042355955472804	9.999000099990002e-05
319	-0.0029479636192768486	0.04042355955472804	9.999000099990002e-05
320	-0.006243721460712613	0.04042355955472804	9.999000099990002e-05
321	-0.0015402007083802239	0.04042355955472804	9.999000099990002e-05
322	-0.002762223299765704	0.04042355955472804	9.999000099990002e-05
323	-0.004950615342436753	0.04042355955472804	9.999000099990002e-05
324	-0.002865215445568417	0.04042355955472804	9.999000099990002e-05
325	-0.004484819161216016	0.04042355955472804	9.999000099990002e-05
326	-0.006745993956371786	0.04042355955472804	9.999000099990002e-05
327	-0.00974461332692001	0.04042355955472804	9.999000099990002e-05
328	0.00010351635614835597	0.04042355955472804	9.999000099990002e-05
329	-0.0005093676387322485	0.04042355955472804	9.999000099990002e-05
330	-0.0016872436628229625	0.04042355955472804	9.999000099990002e-05
331	-0.004108679165359884	0.04042355955472804	9.999000099990002e-05
332	-0.005363097748352903	0.04042355955472804	9.999000099990002e-05
333	-0.003712580318900176	0.04042355955472804	9.999000099990002e-05
334	0.00024953855180128576	0.04042355955472804	9.999000099990002e-05
335	-0.007330688684669464	0.04042355955472804	9.999000099990002e-05
336	-0.005046039746004087	0.04042355955472804	9.999000099990002e-05
337	0.0006980462369654591	0.04042355955472804	9.999000099990002e-05
338	-0.001700539861682246	0.04042355955472804	9.999000099990002e-05
339	-0.002717703412219277	0.04042355955472804	9.999000099990002e-05
340	-0.0028978706088021973	0.04042355955472804	9.999000099990002e-05
341	-0.005668581649481882	0.04042355955472804	9.999000099990002e-05
342	-0.0011835770688859645	0.04042355955472804	9.999000099990002e-05
343	-0.0016320256214457374	0.04042355955472804	9.999000099990002e-05
344	-0.0066580979566611635	0.04042355955472804	9.999000099990002e-05
345	-0.004906897650033021	0.04042355955472804	9.999000099990002e-05
346	-0.005877031505228841	0.04042355955472804	9.999000099990002e-05
347	-0.004634529219259065	0.04042355955472804	9.999000099990002e-05
348	0.000973506510411018	0.04042355955472804	9.999000099990002e-05
349	-0.0064202762784251535	0.04042355955472804	9.999000099990002e-05
350	-0.0057124302261537755	0.04042355955472804	9.999000099990002e-05
351	-0.007935192200640697	0.04042355955472804	9.999000099990002e-05
352	-0.003902049474271639	0.04042355955472804	9.999000099990002e-05
353	-0.005004621819460405	0.04042355955472804	9.999000099990002e-05
354	-0.0035538811046971304	0.04042355955472804	9.999000099990002e-05
355	-0.002737920337975959	0.04042355955472804	9.999000099990002e-05
356	-0.006129665746975927	0.04042355955472804	9.999000099990002e-05
357	-0.0020145528619228054	0.04042355955472804	9.999000099990002e-05
358	0.0009352708374825519	0.04042355955472804	9.999000099990002e-05
359	-0.00799381498349992	0.04042355955472804	9.999000099990002e-05
360	-0.0006537243686219177	0.04042355955472804	9.999000099990002e-05
361	-0.0015483844953963015	0.04042355955472804	9.999000099990002e-05
362	-0.0031789873563714557	0.04042355955472804	9.999000099990002e-05
363	0.00034834746018835014	0.04042355955472804	9.999000099990002e-05
364	0.001119439718611795	0.04042355955472804	9.999000099990002e-05
365	-0.0039246495940293	0.04042355955472804	9.999000099990002e-05
366	-0.003520562479028172	0.04042355955472804	9.999000099990002e-05
367	-0.0005930294631168592	0.04042355955472804	9.999000099990002e-05
368	-0.00010606717588606957	0.04042355955472804	9.999000099990002e-05
369	-0.004613419398870505	0.04042355955472804	9.999000099990002e-05
370	-0.004571203066749204	0.04042355955472804	9.999000099990002e-05
371	-0.007282075528214476	0.04042355955472804	9.999000099990002e-05
372	-0.0005636321524362554	0.04042355955472804	9.999000099990002e-05
373	-0.0010328565435115927	0.04042355955472804	9.999000099990002e-05
374	-0.0024659899386056325	0.04042355955472804	9.999000099990002e-05
375	0.0007946387114515771	0.04042355955472804	9.999000099990002e-05
376	5.5616138074705834e-05	0.04042355955472804	9.999000099990002e-05
377	-0.003581400580078825	0.04042355955472804	9.999000099990002e-05
378	-0.001178206697307893	0.04042355955472804	9.999000099990002e-05
379	-0.002002725052206074	0.04042355955472804	9.999000099990002e-05
380	-0.0027084983855041253	0.04042355955472804	9.999000099990002e-05
381	-0.004319960037824297	0.04042355955472804	9.999000099990002e-05
382	-0.004305135374635874	0.04042355955472804	9.999000099990002e-05
383	-0.004429884798601663	0.04042355955472804	9.999000099990002e-05
384	-0.00025275139124635997	0.04042355955472804	9.999000099990002e-05
385	-0.0005024287719370205	0.04042355955472804	9.999000099990002e-05
386	-0.004534182959339476	0.04042355955472804	9.999000099990002e-05
387	-0.002654238661656491	0.04042355955472804	9.999000099990002e-05
388	0.0008056031736022567	0.04042355955472804	9.999000099990002e-05
389	-0.005559171769410223	0.04042355955472804	9.999000099990002e-05
390	0.0013772718586347308	0.04042355955472804	9.999000099990002e-05
391	-0.004473616475847095	0.04042355955472804	9.999000099990002e-05
392	-0.004792365586041706	0.04042355955472804	9.999000099990002e-05
393	-0.006015336511280239	0.04042355955472804	9.999000099990002e-05
394	-0.003979574588530974	0.04042355955472804	9.999000099990002e-05
395	-0.004856218257261716	0.04042355955472804	9.999000099990002e-05
396	-0.0009678966844869491	0.04042355955472804	9.999000099990002e-05
397	-0.006941418480599255	0.04042355955472804	9.999000099990002e-05
398	-0.004634745109050599	0.04042355955472804	9.999000099990002e-05
399	-0.0019368057214695824	0.04042355955472804	9.999000099990002e-05
400	-0.005900592058516905	0.04042355955472804	9.999000099990002e-05
401	-0.00014558691505034692	0.04042355955472804	9.999000099990002e-05
402	-0.005248386920766049	0.04042355955472804	9.999000099990002e-05
403	-0.0018534416376350352	0.04042355955472804	9.999000099990002e-05
404	-0.0007401947416426746	0.04042355955472804	9.999000099990002e-05
405	-0.0007836112309495463	0.04042355955472804	9.999000099990002e-05
406	-0.009466381457906962	0.04042355955472804	9.999000099990002e-05
407	-0.004471780825909745	0.04042355955472804	9.999000099990002e-05
408	-0.005195376099068068	0.04042355955472804	9.999000099990002e-05
409	-0.004971966579281133	0.04042355955472804	9.999000099990002e-05
410	-0.004996868965627063	0.04042355955472804	9.999000099990002e-05
411	-0.007773402086348224	0.04042355955472804	9.999000099990002e-05
412	-0.005259960541076624	0.04042355955472804	9.999000099990002e-05
413	0.0025900969447261043	0.04042355955472804	9.999000099990002e-05
414	-0.005094059883614442	0.04042355955472804	9.999000099990002e-05
415	-0.0026230763177564178	0.04042355955472804	9.999000099990002e-05
416	-0.009444616100468069	0.04042355955472804	9.999000099990002e-05
417	0.001354014220480522	0.04042355955472804	9.999000099990002e-05
418	-0.004224723054219443	0.04042355955472804	9.999000099990002e-05
419	-0.005891222329993398	0.04042355955472804	9.999000099990002e-05
420	-0.00554601780427798	0.04042355955472804	9.999000099990002e-05
421	-0.0073951668842010794	0.04042355955472804	9.999000099990002e-05
422	-0.001169312607293295	0.04042355955472804	9.999000099990002e-05
423	-0.002419386425063523	0.04042355955472804	9.999000099990002e-05
424	-0.007229285405400773	0.04042355955472804	9.999000099990002e-05
425	-0.0004053041809567934	0.04042355955472804	9.999000099990002e-05
426	-0.004219116209932881	0.04042355955472804	9.999000099990002e-05
427	-0.0065651869388536205	0.04042355955472804	9.999000099990002e-05
428	-0.005454867799288379	0.04042355955472804	9.999000099990002e-05
429	-0.0029440079866026618	0.04042355955472804	9.999000099990002e-05
430	-0.001323511222432218	0.04042355955472804	9.999000099990002e-05
431	-0.005299977463485296	0.04042355955472804	9.999000099990002e-05
432	-0.0069218298916643535	0.04042355955472804	9.999000099990002e-05
433	-0.0037695890163430223	0.04042355955472804	9.999000099990002e-05
434	-0.005344112315830147	0.04042355955472804	9.999000099990002e-05
435	-0.0038332855267034045	0.04042355955472804	9.999000099990002e-05
436	-0.003261125102319512	0.04042355955472804	9.999000099990002e-05
437	-0.002370837383433015	0.04042355955472804	9.999000099990002e-05
438	-0.004376318776764398	0.04042355955472804	9.999000099990002e-05
439	-0.002582617208887965	0.04042355955472804	9.999000099990002e-05
440	-7.684431985390539e-05	0.04042355955472804	9.999000099990002e-05
441	-0.0035316721180706557	0.04042355955472804	9.999000099990002e-05
442	-0.0013434958305365396	0.04042355955472804	9.999000099990002e-05
443	-0.00476815663239694	0.04042355955472804	9.999000099990002e-05
444	-0.004193998991795828	0.04042355955472804	9.999000099990002e-05
445	-0.0017898772811432997	0.04042355955472804	9.999000099990002e-05
446	-0.008777004457015698	0.04042355955472804	9.999000099990002e-05
447	-0.001269339274145387	0.04042355955472804	9.999000099990002e-05
448	-0.005870636527586767	0.04042355955472804	9.999000099990002e-05
449	-0.004566373160250245	0.04042355955472804	9.999000099990002e-05
450	-0.004140566951282449	0.04042355955472804	9.999000099990002e-05
451	-0.0010607437028882268	0.04042355955472804	9.999000099990002e-05
452	-0.007822807569687604	0.04042355955472804	9.999000099990002e-05
453	-0.006242407962829205	0.04042355955472804	9.999000099990002e-05
454	-0.002548862302325129	0.04042355955472804	9.999000099990002e-05
455	0.0003104641591035365	0.04042355955472804	9.999000099990002e-05
456	-0.004383944574367396	0.04042355955472804	9.999000099990002e-05
457	-0.0054053964313783886	0.04042355955472804	9.999000099990002e-05
458	-0.0021371547181957633	0.04042355955472804	9.999000099990002e-05
459	-0.0016587363036094775	0.04042355955472804	9.999000099990002e-05
460	0.0022751536543484776	0.04042355955472804	9.999000099990002e-05
461	-0.001898926402313561	0.04042355955472804	9.999000099990002e-05
462	-0.005284695147794842	0.04042355955472804	9.999000099990002e-05
463	-0.003987246514951591	0.04042355955472804	9.999000099990002e-05
464	-0.0002463989836932745	0.04042355955472804	9.999000099990002e-05
465	-0.005052481044827482	0.04042355955472804	9.999000099990002e-05
466	-0.004849739620642243	0.04042355955472804	9.999000099990002e-05
467	-0.003551464054683215	0.04042355955472804	9.999000099990002e-05
468	-0.0029014780631616112	0.04042355955472804	9.999000099990002e-05
469	-0.0037510732590541663	0.04042355955472804	9.999000099990002e-05
470	-0.00017475764051714526	0.04042355955472804	9.999000099990002e-05
471	-0.0032534456737142114	0.04042355955472804	9.999000099990002e-05
472	-0.0043132301741997964	0.04042355955472804	9.999000099990002e-05
473	-0.0027744722705887194	0.04042355955472804	9.999000099990002e-05
474	-0.007516580779147663	0.04042355955472804	9.999000099990002e-05
475	0.003111231625479158	0.04042355955472804	9.999000099990002e-05
476	-0.010140950242706993	0.04042355955472804	9.999000099990002e-05
477	-0.002955426253981186	0.04042355955472804	9.999000099990002e-05
478	-0.006108492004126595	0.04042355955472804	9.999000099990002e-05
479	-0.0033930506737165885	0.04042355955472804	9.999000099990002e-05
480	-0.0013131843690341205	0.04042355955472804	9.999000099990002e-05
481	-0.0019956754223867347	0.04042355955472804	9.999000099990002e-05
482	-0.0017524153335284841	0.04042355955472804	9.999000099990002e-05
483	-0.008263688860921273	0.04042355955472804	9.999000099990002e-05
484	-0.007095799456535103	0.04042355955472804	9.999000099990002e-05
485	-0.00263301869380769	0.04042355955472804	9.999000099990002e-05
486	-0.0014296304711745491	0.04042355955472804	9.999000099990002e-05
487	-0.0010201529018240368	0.04042355955472804	9.999000099990002e-05
488	-0.0032162856217055847	0.04042355955472804	9.999000099990002e-05
489	-0.008168877366606169	0.04042355955472804	9.999000099990002e-05
490	-0.005169002553542158	0.04042355955472804	9.999000099990002e-05
491	-0.004261797523613569	0.04042355955472804	9.999000099990002e-05
492	-0.0027196196240783037	0.04042355955472804	9.999000099990002e-05
493	-0.005766349408525907	0.04042355955472804	9.999000099990002e-05
494	-0.009780618100196557	0.04042355955472804	9.999000099990002e-05
495	-0.0006998163678232347	0.04042355955472804	9.999000099990002e-05
496	-0.00508029995355988	0.04042355955472804	9.999000099990002e-05
497	-0.011660725810851032	0.04042355955472804	9.999000099990002e-05
498	-0.0010235688773466936	0.04042355955472804	9.999000099990002e-05
499	-0.0018743065982573636	0.04042355955472804	9.999000099990002e-05
500	-0.0028992203672449104	0.04042355955472804	9.999000099990002e-05
501	-0.006490625803107964	0.04042355955472804	9.999000099990002e-05
502	-0.0006515419061521255	0.04042355955472804	9.999000099990002e-05
503	-0.007177271739465396	0.04042355955472804	9.999000099990002e-05
504	-0.005104966752070393	0.04042355955472804	9.999000099990002e-05
505	0.0004762186393826223	0.04042355955472804	9.999000099990002e-05
506	-0.0001592112479258459	0.04042355955472804	9.999000099990002e-05
507	-0.003294768707239852	0.04042355955472804	9.999000099990002e-05
508	-0.0032251340061027352	0.04042355955472804	9.999000099990002e-05
509	-0.0004129796276332948	0.04042355955472804	9.999000099990002e-05
510	-0.005716364852710848	0.04042355955472804	9.999000099990002e-05
511	-0.0004718478281135127	0.04042355955472804	9.999000099990002e-05
512	-0.005456339516323119	0.04042355955472804	9.999000099990002e-05
513	-0.006712226892422492	0.04042355955472804	9.999000099990002e-05
514	-0.006092277686262043	0.04042355955472804	9.999000099990002e-05
515	-0.00566985965626083	0.04042355955472804	9.999000099990002e-05
516	-0.006363265984363519	0.04042355955472804	9.999000099990002e-05
517	0.0011146179106250168	0.04042355955472804	9.999000099990002e-05
518	0.0002695762715258898	0.04042355955472804	9.999000099990002e-05
519	0.0013723614863959482	0.04042355955472804	9.999000099990002e-05
520	-0.0056944013414144705	0.04042355955472804	9.999000099990002e-05
521	-0.005967049218949691	0.04042355955472804	9.999000099990002e-05
522	-0.0014320614483210536	0.04042355955472804	9.999000099990002e-05
523	-0.002761501377999108	0.04042355955472804	9.999000099990002e-05
524	-0.0036050216509899966	0.04042355955472804	9.999000099990002e-05
525	-0.005577457786720444	0.04042355955472804	9.999000099990002e-05
526	-0.0010125827550422877	0.04042355955472804	9.999000099990002e-05
527	-0.004780846789388435	0.04042355955472804	9.999000099990002e-05
528	-0.001396067543594115	0.04042355955472804	9.999000099990002e-05
529	-0.0036074606497032034	0.04042355955472804	9.999000099990002e-05
530	-0.0033204145023787586	0.04042355955472804	9.999000099990002e-05
531	-0.008007870018721707	0.04042355955472804	9.999000099990002e-05
532	-0.0034507050976605737	0.04042355955472804	9.999000099990002e-05
533	-0.0014816445218373401	0.04042355955472804	9.999000099990002e-05
534	-0.003089017002595967	0.04042355955472804	9.999000099990002e-05
535	-0.0028429605609607738	0.04042355955472804	9.999000099990002e-05
536	-0.005153700905298865	0.04042355955472804	9.999000099990002e-05
537	-0.009257253539319249	0.04042355955472804	9.999000099990002e-05
538	-0.0018068995842982188	0.04042355955472804	9.999000099990002e-05
539	-0.0010591871149847206	0.04042355955472804	9.999000099990002e-05
540	-0.0060645956827819255	0.04042355955472804	9.999000099990002e-05
541	-0.002850714241958069	0.04042355955472804	9.999000099990002e-05
542	-0.004608532745077156	0.04042355955472804	9.999000099990002e-05
543	-0.007303689783959297	0.04042355955472804	9.999000099990002e-05
544	-0.0009716570102865543	0.04042355955472804	9.999000099990002e-05
545	-0.005544927794552644	0.04042355955472804	9.999000099990002e-05
546	-0.006241384895674891	0.04042355955472804	9.999000099990002e-05
547	-0.003052627309536074	0.04042355955472804	9.999000099990002e-05
548	-0.00271830549139465	0.04042355955472804	9.999000099990002e-05
549	-0.0030398931589641397	0.04042355955472804	9.999000099990002e-05
550	-0.002588233344341713	0.04042355955472804	9.999000099990002e-05
551	-0.004240941681031088	0.04042355955472804	9.999000099990002e-05
552	-0.0015927486837559943	0.04042355955472804	9.999000099990002e-05
553	-0.003517360508132701	0.04042355955472804	9.999000099990002e-05
554	-0.0006210430439235984	0.04042355955472804	9.999000099990002e-05
555	-0.0032363379033630304	0.04042355955472804	9.999000099990002e-05
556	-0.006796054534324964	0.04042355955472804	9.999000099990002e-05
557	-0.0034479177090325107	0.04042355955472804	9.999000099990002e-05
558	2.634565278799017e-05	0.04042355955472804	9.999000099990002e-05
559	-0.0038298441399346904	0.04042355955472804	9.999000099990002e-05
560	-0.00506529660372141	0.04042355955472804	9.999000099990002e-05
561	-0.006195860138581091	0.04042355955472804	9.999000099990002e-05
562	-0.006129124320078258	0.04042355955472804	9.999000099990002e-05
563	-0.005690768264208912	0.04042355955472804	9.999000099990002e-05
564	-0.006688959982337467	0.04042355955472804	9.999000099990002e-05
565	-0.002006121021902911	0.04042355955472804	9.999000099990002e-05
566	-0.0006327550314506408	0.04042355955472804	9.999000099990002e-05
567	-0.00129873393020679	0.04042355955472804	9.999000099990002e-05
568	-0.0035230976980690346	0.04042355955472804	9.999000099990002e-05
569	-0.0004981744368942221	0.04042355955472804	9.999000099990002e-05
570	-0.004034662457385767	0.04042355955472804	9.999000099990002e-05
571	-0.005502066736221505	0.04042355955472804	9.999000099990002e-05
572	-0.007222673941639668	0.04042355955472804	9.999000099990002e-05
573	-0.0021945274831958197	0.04042355955472804	9.999000099990002e-05
574	-0.00045981490097300737	0.04042355955472804	9.999000099990002e-05
575	-0.0031480272059667734	0.04042355955472804	9.999000099990002e-05
576	-0.0036668806070122976	0.04042355955472804	9.999000099990002e-05
577	-0.006982564654930079	0.04042355955472804	9.999000099990002e-05
578	-0.004220038478503256	0.04042355955472804	9.999000099990002e-05
579	-0.010857828598318485	0.04042355955472804	9.999000099990002e-05
580	-0.0007776512646008773	0.04042355955472804	9.999000099990002e-05
581	-0.004279058607841481	0.04042355955472804	9.999000099990002e-05
582	-0.004334444101828108	0.04042355955472804	9.999000099990002e-05
583	-0.005669852962003728	0.04042355955472804	9.999000099990002e-05
584	-0.002660052797076749	0.04042355955472804	9.999000099990002e-05
585	-0.0036383231370524086	0.04042355955472804	9.999000099990002e-05
586	-0.007598398201046128	0.04042355955472804	9.999000099990002e-05
587	-0.0017183353707687892	0.04042355955472804	9.999000099990002e-05
588	-0.004063447974523647	0.04042355955472804	9.999000099990002e-05
589	-0.003941967810279029	0.04042355955472804	9.999000099990002e-05
590	-0.0011832709605145279	0.04042355955472804	9.999000099990002e-05
591	-0.0007539300876151095	0.04042355955472804	9.999000099990002e-05
592	-0.002312617621782244	0.04042355955472804	9.999000099990002e-05
593	-0.007007242956790434	0.04042355955472804	9.999000099990002e-05
594	-0.0010852363737686125	0.04042355955472804	9.999000099990002e-05
595	-0.0032400350953930733	0.04042355955472804	9.999000099990002e-05
596	-0.0006233139167544186	0.04042355955472804	9.999000099990002e-05
597	-0.0028797189575432954	0.04042355955472804	9.999000099990002e-05
598	-0.006544204174695402	0.04042355955472804	9.999000099990002e-05
599	-0.008140901700686641	0.04042355955472804	9.999000099990002e-05
600	-0.004630127418196314	0.04042355955472804	9.999000099990002e-05
601	1.8945593998463683e-05	0.04042355955472804	9.999000099990002e-05
602	-0.004398787377453657	0.04042355955472804	9.999000099990002e-05
603	-0.007064696072112081	0.04042355955472804	9.999000099990002e-05
604	-0.0038275132303900268	0.04042355955472804	9.999000099990002e-05
605	0.0005977963320281151	0.04042355955472804	9.999000099990002e-05
606	-0.004227451521843185	0.04042355955472804	9.999000099990002e-05
607	-0.005702551503254079	0.04042355955472804	9.999000099990002e-05
608	-0.0007690164423943685	0.04042355955472804	9.999000099990002e-05
609	-0.007002159495685554	0.04042355955472804	9.999000099990002e-05
610	-0.005918518567289842	0.04042355955472804	9.999000099990002e-05
611	-0.003332019054773866	0.04042355955472804	9.999000099990002e-05
612	-0.0016873287260554426	0.04042355955472804	9.999000099990002e-05
613	-0.002555849529357004	0.04042355955472804	9.999000099990002e-05
614	-0.0007683635407268671	0.04042355955472804	9.999000099990002e-05
615	-0.006010750887456383	0.04042355955472804	9.999000099990002e-05
616	-0.0032799623955493407	0.04042355955472804	9.999000099990002e-05
617	-0.002399365883418203	0.04042355955472804	9.999000099990002e-05
618	-0.004642209475028315	0.04042355955472804	9.999000099990002e-05
619	0.0004759244767975651	0.04042355955472804	9.999000099990002e-05
620	-0.0017885956002175033	0.04042355955472804	9.999000099990002e-05
621	-0.0035127128470124197	0.04042355955472804	9.999000099990002e-05
622	-0.003097172704510415	0.04042355955472804	9.999000099990002e-05
623	-0.004765590827526219	0.04042355955472804	9.999000099990002e-05
624	-0.0027775806180666204	0.04042355955472804	9.999000099990002e-05
625	-0.002576015324839612	0.04042355955472804	9.999000099990002e-05
626	-0.0019060728487880541	0.04042355955472804	9.999000099990002e-05
627	0.0006387779199688124	0.04042355955472804	9.999000099990002e-05
628	0.0007331098515553303	0.04042355955472804	9.999000099990002e-05
629	-0.006165435605690039	0.04042355955472804	9.999000099990002e-05
630	-0.0011233825398628953	0.04042355955472804	9.999000099990002e-05
631	7.775781663911657e-05	0.04042355955472804	9.999000099990002e-05
632	-0.0014739470687524334	0.04042355955472804	9.999000099990002e-05
633	-0.003909717226399744	0.04042355955472804	9.999000099990002e-05
634	-0.008603008711444033	0.04042355955472804	9.999000099990002e-05
635	-0.005171752527428663	0.04042355955472804	9.999000099990002e-05
636	-0.00373740864521782	0.04042355955472804	9.999000099990002e-05
637	-0.005170654746209452	0.04042355955472804	9.999000099990002e-05
638	-0.0036064570112835743	0.04042355955472804	9.999000099990002e-05
639	-0.005344127839581526	0.04042355955472804	9.999000099990002e-05
640	-0.0005661378244112864	0.04042355955472804	9.999000099990002e-05
641	-0.0033499057827316076	0.04042355955472804	9.999000099990002e-05
642	0.0012029759872030019	0.04042355955472804	9.999000099990002e-05
643	-0.0021065239329350364	0.04042355955472804	9.999000099990002e-05
644	-0.0019004621764636687	0.04042355955472804	9.999000099990002e-05
645	-0.005605161969736305	0.04042355955472804	9.999000099990002e-05
646	-0.0038900761606447927	0.04042355955472804	9.999000099990002e-05
647	-0.004379845900038587	0.04042355955472804	9.999000099990002e-05
648	-0.004432814440193146	0.04042355955472804	9.999000099990002e-05
649	-0.005820968313892512	0.04042355955472804	9.999000099990002e-05
650	-0.004125715260992792	0.04042355955472804	9.999000099990002e-05
651	-0.008719262315220038	0.04042355955472804	9.999000099990002e-05
652	-0.008726089957318243	0.04042355955472804	9.999000099990002e-05
653	-0.007533710671325489	0.04042355955472804	9.999000099990002e-05
654	-0.008359514323587221	0.04042355955472804	9.999000099990002e-05
655	-0.005391040154587011	0.04042355955472804	9.999000099990002e-05
656	-0.002123159065651195	0.04042355955472804	9.999000099990002e-05
657	-0.002289089674142988	0.04042355955472804	9.999000099990002e-05
658	-0.010892558307980846	0.04042355955472804	9.999000099990002e-05
659	-0.0023268532480548165	0.04042355955472804	9.999000099990002e-05
660	-0.003900574794835766	0.04042355955472804	9.999000099990002e-05
661	-0.0015179319351127276	0.04042355955472804	9.999000099990002e-05
662	-0.0022027598228122557	0.04042355955472804	9.999000099990002e-05
663	-0.0008322120184180035	0.04042355955472804	9.999000099990002e-05
664	-0.004557523429307132	0.04042355955472804	9.999000099990002e-05
665	-0.0038605671635942697	0.04042355955472804	9.999000099990002e-05
666	-0.00487819182918012	0.04042355955472804	9.999000099990002e-05
667	-0.0036768134418235705	0.04042355955472804	9.999000099990002e-05
668	-0.00540304869000912	0.04042355955472804	9.999000099990002e-05
669	-0.002493706759917226	0.04042355955472804	9.999000099990002e-05
670	-0.0008162477541398567	0.04042355955472804	9.999000099990002e-05
671	-0.002865247858853523	0.04042355955472804	9.999000099990002e-05
672	-0.004106226239514087	0.04042355955472804	9.999000099990002e-05
673	-0.005037836183998637	0.04042355955472804	9.999000099990002e-05
674	-0.005425787407819712	0.04042355955472804	9.999000099990002e-05
675	-0.002349054520896529	0.04042355955472804	9.999000099990002e-05
676	-0.008868896235706742	0.04042355955472804	9.999000099990002e-05
677	-0.003490571533939062	0.04042355955472804	9.999000099990002e-05
678	0.00018033909279402128	0.04042355955472804	9.999000099990002e-05
679	-0.00603687514885073	0.04042355955472804	9.999000099990002e-05
680	-0.004416433785428714	0.04042355955472804	9.999000099990002e-05
681	-0.004782986835660204	0.04042355955472804	9.999000099990002e-05
682	-0.0013271656135368294	0.04042355955472804	9.999000099990002e-05
683	0.0014067515586922486	0.04042355955472804	9.999000099990002e-05
684	-0.0010011827429798365	0.04042355955472804	9.999000099990002e-05
685	-0.00397905739946075	0.04042355955472804	9.999000099990002e-05
686	-0.004484899800083172	0.04042355955472804	9.999000099990002e-05
687	-0.004460943804716821	0.04042355955472804	9.999000099990002e-05
688	-0.0030685247658977953	0.04042355955472804	9.999000099990002e-05
689	-0.0076186540419813	0.04042355955472804	9.999000099990002e-05
690	-0.004445516485261911	0.04042355955472804	9.999000099990002e-05
691	0.000631662905724506	0.04042355955472804	9.999000099990002e-05
692	-0.007162641421333012	0.04042355955472804	9.999000099990002e-05
693	-0.0010642645166327389	0.04042355955472804	9.999000099990002e-05
694	0.00023332852364747053	0.04042355955472804	9.999000099990002e-05
695	-0.0022835330175483225	0.04042355955472804	9.999000099990002e-05
696	-0.001405707543129918	0.04042355955472804	9.999000099990002e-05
697	-0.006824180224701782	0.04042355955472804	9.999000099990002e-05
698	-0.005235891839812691	0.04042355955472804	9.999000099990002e-05
699	-0.007051299055432478	0.04042355955472804	9.999000099990002e-05
700	-0.0013508744600087912	0.04042355955472804	9.999000099990002e-05
701	-0.005535277888285781	0.04042355955472804	9.999000099990002e-05
702	-0.0015021717302579577	0.04042355955472804	9.999000099990002e-05
703	-0.004390803398622964	0.04042355955472804	9.999000099990002e-05
704	-0.002062036189364523	0.04042355955472804	9.999000099990002e-05
705	-0.006369619449917004	0.04042355955472804	9.999000099990002e-05
706	-0.004895768563019483	0.04042355955472804	9.999000099990002e-05
707	-0.007623653805636027	0.04042355955472804	9.999000099990002e-05
708	-0.0018725304271790867	0.04042355955472804	9.999000099990002e-05
709	-0.006083505631784962	0.04042355955472804	9.999000099990002e-05
710	-0.0036991072608460822	0.04042355955472804	9.999000099990002e-05
711	-0.0050099342318527095	0.04042355955472804	9.999000099990002e-05
712	-0.0002625601899375371	0.04042355955472804	9.999000099990002e-05
713	-0.004129614415681779	0.04042355955472804	9.999000099990002e-05
714	-0.0021152736732217917	0.04042355955472804	9.999000099990002e-05
715	-0.0025102818559195454	0.04042355955472804	9.999000099990002e-05
716	-0.0069029414873968175	0.04042355955472804	9.999000099990002e-05
717	-0.00420966530392383	0.04042355955472804	9.999000099990002e-05
718	-0.0020978402311098753	0.04042355955472804	9.999000099990002e-05
719	-0.00035906327300770093	0.04042355955472804	9.999000099990002e-05
720	-0.0010725528533251053	0.04042355955472804	9.999000099990002e-05
721	-0.0018233539720726249	0.04042355955472804	9.999000099990002e-05
722	-0.0009544545200446481	0.04042355955472804	9.999000099990002e-05
723	-0.0028546298437442386	0.04042355955472804	9.999000099990002e-05
724	-0.006741611680225579	0.04042355955472804	9.999000099990002e-05
725	-0.0014393963342856947	0.04042355955472804	9.999000099990002e-05
726	-0.004920956917256437	0.04042355955472804	9.999000099990002e-05
727	-0.005206047668234172	0.04042355955472804	9.999000099990002e-05
728	-0.0037017967171094762	0.04042355955472804	9.999000099990002e-05
729	-0.011599713062788244	0.04042355955472804	9.999000099990002e-05
730	-0.004504582166326621	0.04042355955472804	9.999000099990002e-05
731	-0.00573971361355439	0.04042355955472804	9.999000099990002e-05
732	-0.002935272827485122	0.04042355955472804	9.999000099990002e-05
733	-0.0041569905031541635	0.04042355955472804	9.999000099990002e-05
734	-0.00442761421431641	0.04042355955472804	9.999000099990002e-05
735	-0.0051597005947536245	0.04042355955472804	9.999000099990002e-05
736	-0.0047034840493365496	0.04042355955472804	9.999000099990002e-05
737	-0.00279812269620201	0.04042355955472804	9.999000099990002e-05
738	-0.0006637503459414815	0.04042355955472804	9.999000099990002e-05
739	0.0003495707394918543	0.04042355955472804	9.999000099990002e-05
740	-0.0022729400097213177	0.04042355955472804	9.999000099990002e-05
741	-0.0047625367073781165	0.04042355955472804	9.999000099990002e-05
742	0.00047420339868578103	0.04042355955472804	9.999000099990002e-05
743	-0.004940736734955283	0.04042355955472804	9.999000099990002e-05
744	-0.0013916980596346135	0.04042355955472804	9.999000099990002e-05
745	0.00026077082270877796	0.04042355955472804	9.999000099990002e-05
746	-0.003112419663751005	0.04042355955472804	9.999000099990002e-05
747	6.870798896504854e-05	0.04042355955472804	9.999000099990002e-05
748	-0.0033429493916024206	0.04042355955472804	9.999000099990002e-05
749	-0.0023522053038088227	0.04042355955472804	9.999000099990002e-05
750	-0.00037699007032620526	0.04042355955472804	9.999000099990002e-05
751	0.0017022741167081606	0.04042355955472804	9.999000099990002e-05
752	-0.0002602107942403689	0.04042355955472804	9.999000099990002e-05
753	-0.004315399998373841	0.04042355955472804	9.999000099990002e-05
754	-0.0017620959025706942	0.04042355955472804	9.999000099990002e-05
755	0.0009438493933039346	0.04042355955472804	9.999000099990002e-05
756	-0.009466160778259052	0.04042355955472804	9.999000099990002e-05
757	-0.005466940584189566	0.04042355955472804	9.999000099990002e-05
758	-0.007894510142232563	0.04042355955472804	9.999000099990002e-05
759	-0.00474456843644378	0.04042355955472804	9.999000099990002e-05
760	-0.000669022650500288	0.04042355955472804	9.999000099990002e-05
761	-0.0033576339370646026	0.04042355955472804	9.999000099990002e-05
762	-0.005813589453583812	0.04042355955472804	9.999000099990002e-05
763	-0.005697430165734739	0.04042355955472804	9.999000099990002e-05
764	0.00037674690336062937	0.04042355955472804	9.999000099990002e-05
765	-0.0038170358908617323	0.04042355955472804	9.999000099990002e-05
766	-0.008460323179756193	0.04042355955472804	9.999000099990002e-05
767	-0.0025754334438537695	0.04042355955472804	9.999000099990002e-05
768	-0.0035042978965262443	0.04042355955472804	9.999000099990002e-05
769	-0.0018729581478878793	0.04042355955472804	9.999000099990002e-05
770	-0.0011099392212383374	0.04042355955472804	9.999000099990002e-05
771	-0.0047758710519610545	0.04042355955472804	9.999000099990002e-05
772	-0.0029059848371008113	0.04042355955472804	9.999000099990002e-05
773	-0.0029899496728011316	0.04042355955472804	9.999000099990002e-05
774	-0.006592175817414514	0.04042355955472804	9.999000099990002e-05
775	-0.002603027998791399	0.04042355955472804	9.999000099990002e-05
776	-0.0008399126647404942	0.04042355955472804	9.999000099990002e-05
777	-0.00856819249582136	0.04042355955472804	9.999000099990002e-05
778	-0.003169797795698566	0.04042355955472804	9.999000099990002e-05
779	-0.0045975192301804715	0.04042355955472804	9.999000099990002e-05
780	-0.004594467764651565	0.04042355955472804	9.999000099990002e-05
781	-0.003354157847882633	0.04042355955472804	9.999000099990002e-05
782	-0.0013463973293172727	0.04042355955472804	9.999000099990002e-05
783	-0.005243617012508181	0.04042355955472804	9.999000099990002e-05
784	-0.0027408419964734766	0.04042355955472804	9.999000099990002e-05
785	-0.0017046559449267972	0.04042355955472804	9.999000099990002e-05
786	-0.0060932747266064236	0.04042355955472804	9.999000099990002e-05
787	0.0002864226965409125	0.04042355955472804	9.999000099990002e-05
788	-0.005379442873540136	0.04042355955472804	9.999000099990002e-05
789	-0.008777870305309975	0.04042355955472804	9.999000099990002e-05
790	-0.002728838077780403	0.04042355955472804	9.999000099990002e-05
791	-0.005314349571809986	0.04042355955472804	9.999000099990002e-05
792	-0.0021740550984325037	0.04042355955472804	9.999000099990002e-05
793	-0.003622220851812466	0.04042355955472804	9.999000099990002e-05
794	-0.004542585694730074	0.04042355955472804	9.999000099990002e-05
795	-0.003951069441500156	0.04042355955472804	9.999000099990002e-05
796	-0.0065966642590921665	0.04042355955472804	9.999000099990002e-05
797	-0.0028519265565301057	0.04042355955472804	9.999000099990002e-05
798	-0.004387936563782742	0.04042355955472804	9.999000099990002e-05
799	0.000727668324640987	0.04042355955472804	9.999000099990002e-05
800	-0.0017583657394007828	0.04042355955472804	9.999000099990002e-05
801	-0.005618628179642336	0.04042355955472804	9.999000099990002e-05
802	0.0024794849645953993	0.04042355955472804	9.999000099990002e-05
803	-0.0012847884845904767	0.04042355955472804	9.999000099990002e-05
804	-0.003605030922920807	0.04042355955472804	9.999000099990002e-05
805	-0.0034319767977087313	0.04042355955472804	9.999000099990002e-05
806	-0.0055864809912570725	0.04042355955472804	9.999000099990002e-05
807	-0.005342985833945419	0.04042355955472804	9.999000099990002e-05
808	-0.004748498484744563	0.04042355955472804	9.999000099990002e-05
809	-0.0027487672274271887	0.04042355955472804	9.999000099990002e-05
810	-0.005349106270100835	0.04042355955472804	9.999000099990002e-05
811	-0.005555446049842018	0.04042355955472804	9.999000099990002e-05
812	-0.0036819561894238114	0.04042355955472804	9.999000099990002e-05
813	-0.0011204373552836655	0.04042355955472804	9.999000099990002e-05
814	-0.0025703067778596643	0.04042355955472804	9.999000099990002e-05
815	-0.00929822741347518	0.04042355955472804	9.999000099990002e-05
816	-0.004651435392442361	0.04042355955472804	9.999000099990002e-05
817	-0.002378887920107306	0.04042355955472804	9.999000099990002e-05
818	-0.00037561526612846506	0.04042355955472804	9.999000099990002e-05
819	-0.004377205073321032	0.04042355955472804	9.999000099990002e-05
820	-0.004437526023774191	0.04042355955472804	9.999000099990002e-05
821	-0.0034903402935234805	0.04042355955472804	9.999000099990002e-05
822	-0.0037655996238377676	0.04042355955472804	9.999000099990002e-05
823	-0.005514577994962857	0.04042355955472804	9.999000099990002e-05
824	0.001536142776685162	0.04042355955472804	9.999000099990002e-05
825	-0.005690080121509766	0.04042355955472804	9.999000099990002e-05
826	-0.003545849092648097	0.04042355955472804	9.999000099990002e-05
827	-0.007966022928741406	0.04042355955472804	9.999000099990002e-05
828	-0.0002552298629928271	0.04042355955472804	9.999000099990002e-05
829	-0.01101377052881405	0.04042355955472804	9.999000099990002e-05
830	-0.004893202873566986	0.04042355955472804	9.999000099990002e-05
831	0.002295287748291704	0.04042355955472804	9.999000099990002e-05
832	-0.00046343745588362797	0.04042355955472804	9.999000099990002e-05
833	-0.0003575424070451097	0.04042355955472804	9.999000099990002e-05
834	-0.005671417879255876	0.04042355955472804	9.999000099990002e-05
835	-0.009917312233305537	0.04042355955472804	9.999000099990002e-05
836	-0.0030874333683548554	0.04042355955472804	9.999000099990002e-05
837	-0.005754115538254112	0.04042355955472804	9.999000099990002e-05
838	-0.002353410577869085	0.04042355955472804	9.999000099990002e-05
839	-0.006809178990864122	0.04042355955472804	9.999000099990002e-05
840	-0.0036679843322701506	0.04042355955472804	9.999000099990002e-05
841	-0.0061847277429117374	0.04042355955472804	9.999000099990002e-05
842	-0.003483092625264876	0.04042355955472804	9.999000099990002e-05
843	-0.0035068391173148526	0.04042355955472804	9.999000099990002e-05
844	-0.0059974012307221405	0.04042355955472804	9.999000099990002e-05
845	0.0002314073872774769	0.04042355955472804	9.999000099990002e-05
846	-0.0030201516216435535	0.04042355955472804	9.999000099990002e-05
847	-0.0024788417772952263	0.04042355955472804	9.999000099990002e-05
848	-0.00635929044204536	0.04042355955472804	9.999000099990002e-05
849	-0.0013658514175462807	0.04042355955472804	9.999000099990002e-05
850	-0.00495667237551341	0.04042355955472804	9.999000099990002e-05
851	-0.0016551466428932251	0.04042355955472804	9.999000099990002e-05
852	0.0026411190719192084	0.04042355955472804	9.999000099990002e-05
853	-0.005431956454284593	0.04042355955472804	9.999000099990002e-05
854	-0.003288280317780287	0.04042355955472804	9.999000099990002e-05
855	-0.005944739452975634	0.04042355955472804	9.999000099990002e-05
856	-0.009386255105381549	0.04042355955472804	9.999000099990002e-05
857	-0.003669754540073415	0.04042355955472804	9.999000099990002e-05
858	-0.0011318274990878036	0.04042355955472804	9.999000099990002e-05
859	-0.0011059183195574085	0.04042355955472804	9.999000099990002e-05
860	-0.006829102446545089	0.04042355955472804	9.999000099990002e-05
861	-0.006647659416893143	0.04042355955472804	9.999000099990002e-05
862	-0.002275160983405812	0.04042355955472804	9.999000099990002e-05
863	0.0001913735368623326	0.04042355955472804	9.999000099990002e-05
864	-0.0037299280437429983	0.04042355955472804	9.999000099990002e-05
865	-0.00574680954531869	0.04042355955472804	9.999000099990002e-05
866	-0.00680762498063432	0.04042355955472804	9.999000099990002e-05
867	-0.0018677884116591493	0.04042355955472804	9.999000099990002e-05
868	-0.0011819847782779057	0.04042355955472804	9.999000099990002e-05
869	-0.0014848165224668238	0.04042355955472804	9.999000099990002e-05
870	-0.0023773207521997517	0.04042355955472804	9.999000099990002e-05
871	-0.0024900982475574095	0.04042355955472804	9.999000099990002e-05
872	-0.0010598031020563185	0.04042355955472804	9.999000099990002e-05
873	2.8216370629637057e-05	0.04042355955472804	9.999000099990002e-05
874	-0.00636914446544472	0.04042355955472804	9.999000099990002e-05
875	-0.0031217096190440524	0.04042355955472804	9.999000099990002e-05
876	-0.0011646564244606721	0.04042355955472804	9.999000099990002e-05
877	-0.002802097776847259	0.04042355955472804	9.999000099990002e-05
878	-0.007621348403519296	0.04042355955472804	9.999000099990002e-05
879	-0.001779715091080819	0.04042355955472804	9.999000099990002e-05
880	-0.002510869796362247	0.04042355955472804	9.999000099990002e-05
881	-0.009164950371598372	0.04042355955472804	9.999000099990002e-05
882	-0.004620861700730711	0.04042355955472804	9.999000099990002e-05
883	0.0010369653554079192	0.04042355955472804	9.999000099990002e-05
884	-0.0012200930102486186	0.04042355955472804	9.999000099990002e-05
885	-0.0031798978522827896	0.04042355955472804	9.999000099990002e-05
886	-0.00613162606783361	0.04042355955472804	9.999000099990002e-05
887	-0.002619980185374085	0.04042355955472804	9.999000099990002e-05
888	-4.2307897247129135e-06	0.04042355955472804	9.999000099990002e-05
889	-0.0031570235950022577	0.04042355955472804	9.999000099990002e-05
890	-0.0011977519274626077	0.04042355955472804	9.999000099990002e-05
891	-0.0022602817273965443	0.04042355955472804	9.999000099990002e-05
892	-0.003606115142498481	0.04042355955472804	9.999000099990002e-05
893	-0.0026576589268898763	0.04042355955472804	9.999000099990002e-05
894	-0.0056949137598646905	0.04042355955472804	9.999000099990002e-05
895	-0.004295945756253879	0.04042355955472804	9.999000099990002e-05
896	-0.0016024154795565807	0.04042355955472804	9.999000099990002e-05
897	-0.005057392821321345	0.04042355955472804	9.999000099990002e-05
898	-0.004549730352222071	0.04042355955472804	9.999000099990002e-05
899	-0.004952875346717971	0.04042355955472804	9.999000099990002e-05
900	-0.002338687636610422	0.04042355955472804	9.999000099990002e-05
901	-0.0024148631078452763	0.04042355955472804	9.999000099990002e-05
902	-0.0013141069453864243	0.04042355955472804	9.999000099990002e-05
903	-0.0063001413905488055	0.04042355955472804	9.999000099990002e-05
904	-0.0029871496458773296	0.04042355955472804	9.999000099990002e-05
905	-0.0018615850859811697	0.04042355955472804	9.999000099990002e-05
906	-0.005968781281029294	0.04042355955472804	9.999000099990002e-05
907	-0.0010493818750221748	0.04042355955472804	9.999000099990002e-05
908	-0.007391839626821403	0.04042355955472804	9.999000099990002e-05
909	-0.00537968782948822	0.04042355955472804	9.999000099990002e-05
910	-0.0041736039180074805	0.04042355955472804	9.999000099990002e-05
911	-0.003126036590623683	0.04042355955472804	9.999000099990002e-05
912	-0.007319753711875511	0.04042355955472804	9.999000099990002e-05
913	-0.0027061732853435024	0.04042355955472804	9.999000099990002e-05
914	-0.00719895449592729	0.04042355955472804	9.999000099990002e-05
915	-0.0014011168024313778	0.04042355955472804	9.999000099990002e-05
916	-0.004814138484138022	0.04042355955472804	9.999000099990002e-05
917	-0.0025004148864425256	0.04042355955472804	9.999000099990002e-05
918	-0.0031466938561485066	0.04042355955472804	9.999000099990002e-05
919	-0.004482226425425914	0.04042355955472804	9.999000099990002e-05
920	-0.002004772475351575	0.04042355955472804	9.999000099990002e-05
921	0.001372395438590733	0.04042355955472804	9.999000099990002e-05
922	-0.002273446022460002	0.04042355955472804	9.999000099990002e-05
923	-0.0016242390847268126	0.04042355955472804	9.999000099990002e-05
924	-0.004443985712568256	0.04042355955472804	9.999000099990002e-05
925	0.002257105013856173	0.04042355955472804	9.999000099990002e-05
926	-0.001158633535942509	0.04042355955472804	9.999000099990002e-05
927	-0.006391786462782011	0.04042355955472804	9.999000099990002e-05
928	-0.0028771720043161307	0.04042355955472804	9.999000099990002e-05
929	-0.00016567703464950427	0.04042355955472804	9.999000099990002e-05
930	-0.007113391983435037	0.04042355955472804	9.999000099990002e-05
931	-0.008617735923177057	0.04042355955472804	9.999000099990002e-05
932	-0.006146072774804975	0.04042355955472804	9.999000099990002e-05
933	0.0014638671334122667	0.04042355955472804	9.999000099990002e-05
934	-0.008735124645968352	0.04042355955472804	9.999000099990002e-05
935	-0.0033222736783978177	0.04042355955472804	9.999000099990002e-05
936	-0.004394592675160898	0.04042355955472804	9.999000099990002e-05
937	-0.0025024442081629183	0.04042355955472804	9.999000099990002e-05
938	-0.006272343545642631	0.04042355955472804	9.999000099990002e-05
939	-0.006105629766779037	0.04042355955472804	9.999000099990002e-05
940	-0.004156408622168327	0.04042355955472804	9.999000099990002e-05
941	-0.00622053095749314	0.04042355955472804	9.999000099990002e-05
942	-0.004174980011042065	0.04042355955472804	9.999000099990002e-05
943	0.0011038782831783848	0.04042355955472804	9.999000099990002e-05
944	-0.004595635777861233	0.04042355955472804	9.999000099990002e-05
945	-0.00532309246394867	0.04042355955472804	9.999000099990002e-05
946	-0.003995410661632904	0.04042355955472804	9.999000099990002e-05
947	-0.007452538283418797	0.04042355955472804	9.999000099990002e-05
948	-0.005281338381822075	0.04042355955472804	9.999000099990002e-05
949	-0.0003951564181725417	0.04042355955472804	9.999000099990002e-05
950	-0.004839383624142109	0.04042355955472804	9.999000099990002e-05
951	-0.0011487898424743666	0.04042355955472804	9.999000099990002e-05
952	-0.0035844175932673	0.04042355955472804	9.999000099990002e-05
953	-0.007306466823419777	0.04042355955472804	9.999000099990002e-05
954	-0.005173463064009146	0.04042355955472804	9.999000099990002e-05
955	-0.0048872350972516895	0.04042355955472804	9.999000099990002e-05
956	-0.004540459287045331	0.04042355955472804	9.999000099990002e-05
957	-0.0035487140038512276	0.04042355955472804	9.999000099990002e-05
958	-0.0033187570581821825	0.04042355955472804	9.999000099990002e-05
959	-0.0023340807950693724	0.04042355955472804	9.999000099990002e-05
960	-0.001245573738088132	0.04042355955472804	9.999000099990002e-05
961	-0.004354570828241247	0.04042355955472804	9.999000099990002e-05
962	-0.0029883338176386236	0.04042355955472804	9.999000099990002e-05
963	-0.007323700861310093	0.04042355955472804	9.999000099990002e-05
964	-0.0023697637246230196	0.04042355955472804	9.999000099990002e-05
965	-0.005288275690471243	0.04042355955472804	9.999000099990002e-05
966	0.0024471748633842967	0.04042355955472804	9.999000099990002e-05
967	-0.004482782645092873	0.04042355955472804	9.999000099990002e-05
968	-0.0034181857047331774	0.04042355955472804	9.999000099990002e-05
969	-0.0039595937315189955	0.04042355955472804	9.999000099990002e-05
970	-0.002635392231150445	0.04042355955472804	9.999000099990002e-05
971	-0.004745184404279	0.04042355955472804	9.999000099990002e-05
972	-0.002113927781289647	0.04042355955472804	9.999000099990002e-05
973	-0.001554729304582858	0.04042355955472804	9.999000099990002e-05
974	-0.0020823446033015904	0.04042355955472804	9.999000099990002e-05
975	-0.0026534920403895575	0.04042355955472804	9.999000099990002e-05
976	-0.0033627078569294726	0.04042355955472804	9.999000099990002e-05
977	0.0005819414649917392	0.04042355955472804	9.999000099990002e-05
978	-0.00023405442734284466	0.04042355955472804	9.999000099990002e-05
979	-0.004790146843776245	0.04042355955472804	9.999000099990002e-05
980	-0.004822546297930562	0.04042355955472804	9.999000099990002e-05
981	-0.004814618354648539	0.04042355955472804	9.999000099990002e-05
982	-0.002619658418596667	0.04042355955472804	9.999000099990002e-05
983	0.0018447837702561074	0.04042355955472804	9.999000099990002e-05
984	-0.0076159589494612075	0.04042355955472804	9.999000099990002e-05
985	-0.006598015768044631	0.04042355955472804	9.999000099990002e-05
986	-0.005266083920396793	0.04042355955472804	9.999000099990002e-05
987	-0.007486876282858842	0.04042355955472804	9.999000099990002e-05
988	-0.004316037684071908	0.04042355955472804	9.999000099990002e-05
989	-0.0006443297289979874	0.04042355955472804	9.999000099990002e-05
990	-0.005725988308967607	0.04042355955472804	9.999000099990002e-05
991	-0.006746986110677937	0.04042355955472804	9.999000099990002e-05
992	-0.0019414700028143911	0.04042355955472804	9.999000099990002e-05
993	-0.003305017557153614	0.04042355955472804	9.999000099990002e-05
994	-0.003395140936260263	0.04042355955472804	9.999000099990002e-05
995	-0.006252110634461671	0.04042355955472804	9.999000099990002e-05
996	-0.003908252915367838	0.04042355955472804	9.999000099990002e-05
997	-0.0038507246435447603	0.04042355955472804	9.999000099990002e-05
998	-0.005131548204293883	0.04042355955472804	9.999000099990002e-05
999	0.0007297863837407326	0.04042355955472804	9.999000099990002e-05
1000	-0.0060610390124419145	0.04042355955472804	9.999000099990002e-05
1001	-0.004463384861721728	0.04042355955472804	9.999000099990002e-05
1002	-0.003378532984536306	0.04042355955472804	9.999000099990002e-05
1003	-0.007385515439024537	0.04042355955472804	9.999000099990002e-05
1004	-0.0015930338821921798	0.04042355955472804	9.999000099990002e-05
1005	-0.002646718144711875	0.04042355955472804	9.999000099990002e-05
1006	-0.0043249000148380175	0.04042355955472804	9.999000099990002e-05
1007	-0.00540075752280691	0.04042355955472804	9.999000099990002e-05
1008	-0.004115715502846877	0.04042355955472804	9.999000099990002e-05
1009	-0.0011522664125656209	0.04042355955472804	9.999000099990002e-05
1010	-0.0070974508989839254	0.04042355955472804	9.999000099990002e-05
1011	-0.006122649819278549	0.04042355955472804	9.999000099990002e-05
1012	-0.0040153623947792125	0.04042355955472804	9.999000099990002e-05
1013	-0.0009207061538479472	0.04042355955472804	9.999000099990002e-05
1014	-0.005275163872227822	0.04042355955472804	9.999000099990002e-05
1015	-0.005243656620196031	0.04042355955472804	9.999000099990002e-05
1016	-0.00052613373266205	0.04042355955472804	9.999000099990002e-05
1017	-0.002188381808921677	0.04042355955472804	9.999000099990002e-05
1018	0.000509537322760692	0.04042355955472804	9.999000099990002e-05
1019	-0.007435107553635188	0.04042355955472804	9.999000099990002e-05
1020	0.00033272483385885095	0.04042355955472804	9.999000099990002e-05
1021	6.603274837980594e-05	0.04042355955472804	9.999000099990002e-05
1022	-0.0010524953201383898	0.04042355955472804	9.999000099990002e-05
1023	-0.0034405740897554453	0.04042355955472804	9.999000099990002e-05
1024	-0.005526660955904285	0.04042355955472804	9.999000099990002e-05
1025	-0.002978379611219194	0.04042355955472804	9.999000099990002e-05
1026	-0.002077575695335018	0.04042355955472804	9.999000099990002e-05
1027	-0.0016298740141150014	0.04042355955472804	9.999000099990002e-05
1028	9.834496559171513e-05	0.04042355955472804	9.999000099990002e-05
1029	0.0010512577097385207	0.04042355955472804	9.999000099990002e-05
1030	-0.0019147338324590965	0.04042355955472804	9.999000099990002e-05
1031	-0.005368075043926333	0.04042355955472804	9.999000099990002e-05
1032	-0.0005967554712306297	0.04042355955472804	9.999000099990002e-05
1033	-0.003261472722779532	0.04042355955472804	9.999000099990002e-05
1034	-0.004025411205671139	0.04042355955472804	9.999000099990002e-05
1035	-0.0076822788199142926	0.04042355955472804	9.999000099990002e-05
1036	-0.0021470670855083113	0.04042355955472804	9.999000099990002e-05
1037	-0.0017301731833984286	0.04042355955472804	9.999000099990002e-05
1038	-0.006934377276310405	0.04042355955472804	9.999000099990002e-05
1039	-0.004704806145877797	0.04042355955472804	9.999000099990002e-05
1040	-0.004861336805507266	0.04042355955472804	9.999000099990002e-05
1041	-0.00619071025428721	0.04042355955472804	9.999000099990002e-05
1042	-0.00465295633535044	0.04042355955472804	9.999000099990002e-05
1043	-0.003401104172792013	0.04042355955472804	9.999000099990002e-05
1044	-0.001109952936770854	0.04042355955472804	9.999000099990002e-05
1045	-0.0009570077635651222	0.04042355955472804	9.999000099990002e-05
1046	-0.003425481194610043	0.04042355955472804	9.999000099990002e-05
1047	-0.0020164039201933104	0.04042355955472804	9.999000099990002e-05
1048	0.0003207490579765243	0.04042355955472804	9.999000099990002e-05
1049	-0.0015824383351642033	0.04042355955472804	9.999000099990002e-05
1050	-0.006203151973547466	0.04042355955472804	9.999000099990002e-05
1051	-0.0012968488235596432	0.04042355955472804	9.999000099990002e-05
1052	-0.004656354401811713	0.04042355955472804	9.999000099990002e-05
1053	-0.006735232245571265	0.04042355955472804	9.999000099990002e-05
1054	-0.00481472798272677	0.04042355955472804	9.999000099990002e-05
1055	-0.005833519757412852	0.04042355955472804	9.999000099990002e-05
1056	-0.007754907412121962	0.04042355955472804	9.999000099990002e-05
1057	-0.0017026226797503443	0.04042355955472804	9.999000099990002e-05
1058	-0.002984435720950046	0.04042355955472804	9.999000099990002e-05
1059	-0.0023775213106036154	0.04042355955472804	9.999000099990002e-05
1060	-0.0041209943092990805	0.04042355955472804	9.999000099990002e-05
1061	0.00019909032250008257	0.04042355955472804	9.999000099990002e-05
1062	-0.0014641283440938277	0.04042355955472804	9.999000099990002e-05
1063	-0.005761683165071261	0.04042355955472804	9.999000099990002e-05
1064	-0.003134397756216591	0.04042355955472804	9.999000099990002e-05
1065	-0.00889784024130515	0.04042355955472804	9.999000099990002e-05
1066	-0.002462485514249206	0.04042355955472804	9.999000099990002e-05
1067	-0.0032595866735502105	0.04042355955472804	9.999000099990002e-05
1068	-0.004728314914855168	0.04042355955472804	9.999000099990002e-05
1069	-0.004941005428585164	0.04042355955472804	9.999000099990002e-05
1070	-0.003944967318369921	0.04042355955472804	9.999000099990002e-05
1071	-0.004445320735950791	0.04042355955472804	9.999000099990002e-05
1072	-0.00334714255498549	0.04042355955472804	9.999000099990002e-05
1073	0.0010411910282579566	0.04042355955472804	9.999000099990002e-05
1074	-0.0035116742945794643	0.04042355955472804	9.999000099990002e-05
1075	-0.002801222637385796	0.04042355955472804	9.999000099990002e-05
1076	0.0020727375171965432	0.04042355955472804	9.999000099990002e-05
1077	-0.004392165506815843	0.04042355955472804	9.999000099990002e-05
1078	-0.003339442543463239	0.04042355955472804	9.999000099990002e-05
1079	-7.440741790513128e-05	0.04042355955472804	9.999000099990002e-05
1080	-0.002008115064118929	0.04042355955472804	9.999000099990002e-05
1081	-0.00671706145412322	0.04042355955472804	9.999000099990002e-05
1082	-0.0027821425234450608	0.04042355955472804	9.999000099990002e-05
1083	-0.0036419741617920902	0.04042355955472804	9.999000099990002e-05
1084	-0.004398571179880182	0.04042355955472804	9.999000099990002e-05
1085	-0.004722021716851964	0.04042355955472804	9.999000099990002e-05
1086	-0.00425067043718261	0.04042355955472804	9.999000099990002e-05
1087	-0.002791443616596902	0.04042355955472804	9.999000099990002e-05
1088	-0.006263767009640211	0.04042355955472804	9.999000099990002e-05
1089	-0.005464163737092793	0.04042355955472804	9.999000099990002e-05
1090	-0.0014255173695674917	0.04042355955472804	9.999000099990002e-05
1091	-0.0037298196083197692	0.04042355955472804	9.999000099990002e-05
1092	-0.0002828143380720585	0.04042355955472804	9.999000099990002e-05
1093	-0.004912394423804823	0.04042355955472804	9.999000099990002e-05
1094	-0.005768556416605068	0.04042355955472804	9.999000099990002e-05
1095	-0.0015315760814503421	0.04042355955472804	9.999000099990002e-05
1096	-0.002909737295224683	0.04042355955472804	9.999000099990002e-05
1097	-0.0016438540851990743	0.04042355955472804	9.999000099990002e-05
1098	-0.004878490146821309	0.04042355955472804	9.999000099990002e-05
1099	-0.0027796977153478133	0.04042355955472804	9.999000099990002e-05
1100	-0.006606310356557574	0.04042355955472804	9.999000099990002e-05
1101	-0.0038431359529013886	0.04042355955472804	9.999000099990002e-05
1102	-0.0026561045896417667	0.04042355955472804	9.999000099990002e-05
1103	-0.005935004848967326	0.04042355955472804	9.999000099990002e-05
1104	-0.00432669848087026	0.04042355955472804	9.999000099990002e-05
1105	-0.0023878677851001105	0.04042355955472804	9.999000099990002e-05
1106	-0.0029432695215570333	0.04042355955472804	9.999000099990002e-05
1107	-0.00825096744482694	0.04042355955472804	9.999000099990002e-05
1108	0.0020159117768781126	0.04042355955472804	9.999000099990002e-05
1109	-0.004441739500765025	0.04042355955472804	9.999000099990002e-05
1110	-0.0036672652959592	0.04042355955472804	9.999000099990002e-05
1111	-0.005652880307922316	0.04042355955472804	9.999000099990002e-05
1112	0.0005622667740603174	0.04042355955472804	9.999000099990002e-05
1113	-0.0036135084493217826	0.04042355955472804	9.999000099990002e-05
1114	-0.0026140834489768185	0.04042355955472804	9.999000099990002e-05
1115	-0.007417044678228363	0.04042355955472804	9.999000099990002e-05
1116	-0.005783840328914309	0.04042355955472804	9.999000099990002e-05
1117	-0.0020154667819081706	0.04042355955472804	9.999000099990002e-05
1118	-0.0047071555608113325	0.04042355955472804	9.999000099990002e-05
1119	-0.005025290934589757	0.04042355955472804	9.999000099990002e-05
1120	-0.003856357187622959	0.04042355955472804	9.999000099990002e-05
1121	-0.001441036735057573	0.04042355955472804	9.999000099990002e-05
1122	-0.0038303297236473898	0.04042355955472804	9.999000099990002e-05
1123	0.0022056743253797903	0.04042355955472804	9.999000099990002e-05
1124	-0.004346342085826181	0.04042355955472804	9.999000099990002e-05
1125	-0.0017564625890376605	0.04042355955472804	9.999000099990002e-05
1126	-0.0019274700028499737	0.04042355955472804	9.999000099990002e-05
1127	-0.0036448423816510243	0.04042355955472804	9.999000099990002e-05
1128	-0.0017542407112437278	0.04042355955472804	9.999000099990002e-05
1129	-0.005673285269205343	0.04042355955472804	9.999000099990002e-05
1130	-0.0008164832650297882	0.04042355955472804	9.999000099990002e-05
1131	-0.0017873541617797971	0.04042355955472804	9.999000099990002e-05
1132	-0.0013340523882394277	0.04042355955472804	9.999000099990002e-05
1133	-0.009337063992160386	0.04042355955472804	9.999000099990002e-05
1134	-0.003983941417871281	0.04042355955472804	9.999000099990002e-05
1135	-0.002732249667410476	0.04042355955472804	9.999000099990002e-05
1136	-0.0043896690682988845	0.04042355955472804	9.999000099990002e-05
1137	5.820770044616813e-05	0.04042355955472804	9.999000099990002e-05
1138	-0.0026936248234606663	0.04042355955472804	9.999000099990002e-05
1139	-0.001695838030941288	0.04042355955472804	9.999000099990002e-05
1140	-0.009095555875025719	0.04042355955472804	9.999000099990002e-05
1141	0.0018135081048945817	0.04042355955472804	9.999000099990002e-05
1142	-0.004710214278452108	0.04042355955472804	9.999000099990002e-05
1143	-0.002945300574550817	0.04042355955472804	9.999000099990002e-05
1144	-0.0017116449032320638	0.04042355955472804	9.999000099990002e-05
1145	-0.002557026141224504	0.04042355955472804	9.999000099990002e-05
1146	0.002185980378841007	0.04042355955472804	9.999000099990002e-05
1147	-0.0007317138681131402	0.04042355955472804	9.999000099990002e-05
1148	-0.0033293453723346757	0.04042355955472804	9.999000099990002e-05
1149	0.0002925535203366636	0.04042355955472804	9.999000099990002e-05
1150	-0.009105262182332301	0.04042355955472804	9.999000099990002e-05
1151	-0.0018869573399247109	0.04042355955472804	9.999000099990002e-05
1152	-0.004862561604484073	0.04042355955472804	9.999000099990002e-05
1153	-0.004368723641936745	0.04042355955472804	9.999000099990002e-05
1154	-0.005321501962323115	0.04042355955472804	9.999000099990002e-05
1155	-0.003305980183630308	0.04042355955472804	9.999000099990002e-05
1156	-0.006468326424774245	0.04042355955472804	9.999000099990002e-05
1157	-0.010653934953984156	0.04042355955472804	9.999000099990002e-05
1158	-0.0027426642578966265	0.04042355955472804	9.999000099990002e-05
1159	-0.0036346520487777895	0.04042355955472804	9.999000099990002e-05
1160	0.002264516325922726	0.04042355955472804	9.999000099990002e-05
1161	-0.0038467159377230317	0.04042355955472804	9.999000099990002e-05
1162	-0.006441470123282158	0.04042355955472804	9.999000099990002e-05
1163	-0.00029857281165344003	0.04042355955472804	9.999000099990002e-05
1164	-0.0027315872437393323	0.04042355955472804	9.999000099990002e-05
1165	-0.004878462850410886	0.04042355955472804	9.999000099990002e-05
1166	-0.0051216204863572855	0.04042355955472804	9.999000099990002e-05
1167	-0.006519999606943226	0.04042355955472804	9.999000099990002e-05
1168	-0.000983785138227053	0.04042355955472804	9.999000099990002e-05
1169	-0.00438886554584658	0.04042355955472804	9.999000099990002e-05
1170	-0.0013825447787573955	0.04042355955472804	9.999000099990002e-05
1171	-0.0013492940190052648	0.04042355955472804	9.999000099990002e-05
1172	-0.0034437723095585822	0.04042355955472804	9.999000099990002e-05
1173	-0.00336741416974487	0.04042355955472804	9.999000099990002e-05
1174	-0.005458137366791481	0.04042355955472804	9.999000099990002e-05
1175	-0.0046317673765316645	0.04042355955472804	9.999000099990002e-05
1176	-0.003924566185124721	0.04042355955472804	9.999000099990002e-05
1177	0.0004932348446079343	0.04042355955472804	9.999000099990002e-05
1178	-0.004160269534951792	0.04042355955472804	9.999000099990002e-05
1179	-0.0032553467465492717	0.04042355955472804	9.999000099990002e-05
1180	-0.0038014060316567413	0.04042355955472804	9.999000099990002e-05
1181	-0.0031259041097367254	0.04042355955472804	9.999000099990002e-05
1182	-0.005645210786048077	0.04042355955472804	9.999000099990002e-05
1183	-0.0019651373949068894	0.04042355955472804	9.999000099990002e-05
1184	-0.006317904274750168	0.04042355955472804	9.999000099990002e-05
1185	-0.0037270468200972864	0.04042355955472804	9.999000099990002e-05
1186	-0.002249533655183049	0.04042355955472804	9.999000099990002e-05
1187	-0.006674311793616436	0.04042355955472804	9.999000099990002e-05
1188	-0.0033912533233938697	0.04042355955472804	9.999000099990002e-05
1189	-0.004737080755984435	0.04042355955472804	9.999000099990002e-05
1190	-0.006562706908961111	0.04042355955472804	9.999000099990002e-05
1191	-0.001964049693546066	0.04042355955472804	9.999000099990002e-05
1192	-0.0013311623350994312	0.04042355955472804	9.999000099990002e-05
1193	-0.004875668363561926	0.04042355955472804	9.999000099990002e-05
1194	-0.0055250752826078555	0.04042355955472804	9.999000099990002e-05
1195	-0.001409888068217259	0.04042355955472804	9.999000099990002e-05
1196	-0.00456458498567648	0.04042355955472804	9.999000099990002e-05
1197	-0.006071410513457063	0.04042355955472804	9.999000099990002e-05
1198	-0.0030723477253213212	0.04042355955472804	9.999000099990002e-05
1199	-0.004738567842879583	0.04042355955472804	9.999000099990002e-05
1200	-0.001855591417510527	0.04042355955472804	9.999000099990002e-05
1201	-0.0059314713392179755	0.04042355955472804	9.999000099990002e-05
1202	-0.004034996285367788	0.04042355955472804	9.999000099990002e-05
1203	-0.007789932804042688	0.04042355955472804	9.999000099990002e-05
1204	-0.005048255737468493	0.04042355955472804	9.999000099990002e-05
1205	-0.001587538378020871	0.04042355955472804	9.999000099990002e-05
1206	-0.0014927299615251244	0.04042355955472804	9.999000099990002e-05
1207	-0.0014115871783933766	0.04042355955472804	9.999000099990002e-05
1208	-0.0007001879183287527	0.04042355955472804	9.999000099990002e-05
1209	-0.0038670455693772974	0.04042355955472804	9.999000099990002e-05
1210	-0.005496733490839421	0.04042355955472804	9.999000099990002e-05
1211	-0.0010465975642134668	0.04042355955472804	9.999000099990002e-05
1212	-0.004305340569005142	0.04042355955472804	9.999000099990002e-05
1213	-0.007063509091840624	0.04042355955472804	9.999000099990002e-05
1214	-0.009623890344710001	0.04042355955472804	9.999000099990002e-05
1215	-0.006103859405084802	0.04042355955472804	9.999000099990002e-05
1216	-0.004774209452708358	0.04042355955472804	9.999000099990002e-05
1217	-0.00882936953297617	0.04042355955472804	9.999000099990002e-05
1218	-0.0007656503660180433	0.04042355955472804	9.999000099990002e-05
1219	-0.00048078229527080685	0.04042355955472804	9.999000099990002e-05
1220	-0.002865880139131334	0.04042355955472804	9.999000099990002e-05
1221	0.0008239244511804896	0.04042355955472804	9.999000099990002e-05
1222	-0.005964442248245064	0.04042355955472804	9.999000099990002e-05
1223	-0.0015447610171398633	0.04042355955472804	9.999000099990002e-05
1224	-0.006155715544378206	0.04042355955472804	9.999000099990002e-05
1225	-0.002335888090595892	0.04042355955472804	9.999000099990002e-05
1226	-0.005782996487028437	0.04042355955472804	9.999000099990002e-05
1227	-0.001572505307989222	0.04042355955472804	9.999000099990002e-05
1228	-0.004200265855207157	0.04042355955472804	9.999000099990002e-05
1229	-0.006254640409609548	0.04042355955472804	9.999000099990002e-05
1230	-0.003066586990066902	0.04042355955472804	9.999000099990002e-05
1231	-0.001613960168365193	0.04042355955472804	9.999000099990002e-05
1232	-0.0046961254449264895	0.04042355955472804	9.999000099990002e-05
1233	0.0016578949624518348	0.04042355955472804	9.999000099990002e-05
1234	-0.0027289175047561912	0.04042355955472804	9.999000099990002e-05
1235	-0.0038047672412312066	0.04042355955472804	9.999000099990002e-05
1236	0.0004656538320754744	0.04042355955472804	9.999000099990002e-05
1237	-0.0020890587508110028	0.04042355955472804	9.999000099990002e-05
1238	-0.0037542549548146243	0.04042355955472804	9.999000099990002e-05
1239	-0.006829968737275897	0.04042355955472804	9.999000099990002e-05
1240	-0.0042425722712537695	0.04042355955472804	9.999000099990002e-05
1241	-0.0020847771001214115	0.04042355955472804	9.999000099990002e-05
1242	-0.0010970519491533964	0.04042355955472804	9.999000099990002e-05
1243	-0.002061128021054083	0.04042355955472804	9.999000099990002e-05
1244	-0.0027706784735036087	0.04042355955472804	9.999000099990002e-05
1245	0.00147369166745491	0.04042355955472804	9.999000099990002e-05
1246	-0.003782777183742876	0.04042355955472804	9.999000099990002e-05
1247	-0.003011952080039633	0.04042355955472804	9.999000099990002e-05
1248	0.0005304717074458926	0.04042355955472804	9.999000099990002e-05
1249	-0.0005193795350282568	0.04042355955472804	9.999000099990002e-05
1250	-0.0007610742641978336	0.04042355955472804	9.999000099990002e-05
1251	-0.005738604790658242	0.04042355955472804	9.999000099990002e-05
1252	-0.0013960877802563832	0.04042355955472804	9.999000099990002e-05
1253	-0.0023981251567262232	0.04042355955472804	9.999000099990002e-05
1254	-0.0053145500147956295	0.04042355955472804	9.999000099990002e-05
1255	-0.0029261287800659798	0.04042355955472804	9.999000099990002e-05
1256	-0.006281758652765285	0.04042355955472804	9.999000099990002e-05
1257	-0.005330510277908609	0.04042355955472804	9.999000099990002e-05
1258	-0.002945533219221473	0.04042355955472804	9.999000099990002e-05
1259	-0.00023341204797026476	0.04042355955472804	9.999000099990002e-05
1260	-0.0027308368521436798	0.04042355955472804	9.999000099990002e-05
1261	6.474306512367078e-05	0.04042355955472804	9.999000099990002e-05
1262	-0.00020479911955283148	0.04042355955472804	9.999000099990002e-05
1263	-0.0027656393907065854	0.04042355955472804	9.999000099990002e-05
1264	-0.0016267852492627562	0.04042355955472804	9.999000099990002e-05
1265	-0.006431931460948689	0.04042355955472804	9.999000099990002e-05
1266	-0.0021627455550227784	0.04042355955472804	9.999000099990002e-05
1267	-0.007091905938102813	0.04042355955472804	9.999000099990002e-05
1268	-0.00405066107782249	0.04042355955472804	9.999000099990002e-05
1269	-0.0032618503712146586	0.04042355955472804	9.999000099990002e-05
1270	-0.005919388224385572	0.04042355955472804	9.999000099990002e-05
1271	-0.00419473435978573	0.04042355955472804	9.999000099990002e-05
1272	-0.003929094734635871	0.04042355955472804	9.999000099990002e-05
1273	-0.005558923293206244	0.04042355955472804	9.999000099990002e-05
1274	0.0004098964413286471	0.04042355955472804	9.999000099990002e-05
1275	-0.001045407102158863	0.04042355955472804	9.999000099990002e-05
1276	-0.0045158552183406	0.04042355955472804	9.999000099990002e-05
1277	0.0004813992826336988	0.04042355955472804	9.999000099990002e-05
1278	-0.0019917592819821777	0.04042355955472804	9.999000099990002e-05
1279	-0.005359065362558496	0.04042355955472804	9.999000099990002e-05
1280	-0.0022712192586278475	0.04042355955472804	9.999000099990002e-05
1281	-0.00304275160674661	0.04042355955472804	9.999000099990002e-05
1282	-0.0012600401815761179	0.04042355955472804	9.999000099990002e-05
1283	-0.0038347083448831117	0.04042355955472804	9.999000099990002e-05
1284	-0.0038880034609078294	0.04042355955472804	9.999000099990002e-05
1285	-0.003890494821022854	0.04042355955472804	9.999000099990002e-05
1286	-0.0017786651314798633	0.04042355955472804	9.999000099990002e-05
1287	-0.0022604738217971696	0.04042355955472804	9.999000099990002e-05
1288	-0.003011441008135379	0.04042355955472804	9.999000099990002e-05
1289	-0.0045583612694452685	0.04042355955472804	9.999000099990002e-05
1290	-0.005728456527728335	0.04042355955472804	9.999000099990002e-05
1291	-0.0045235069080989355	0.04042355955472804	9.999000099990002e-05
1292	-0.005990832279340902	0.04042355955472804	9.999000099990002e-05
1293	-0.004357867557500177	0.04042355955472804	9.999000099990002e-05
1294	-0.0010124591228859905	0.04042355955472804	9.999000099990002e-05
1295	-0.00177283978125531	0.04042355955472804	9.999000099990002e-05
1296	-0.003545547697187548	0.04042355955472804	9.999000099990002e-05
1297	-0.0026526510454865926	0.04042355955472804	9.999000099990002e-05
1298	-0.000625240227708207	0.04042355955472804	9.999000099990002e-05
1299	-0.004383853894114584	0.04042355955472804	9.999000099990002e-05
1300	-0.0016873467312986876	0.04042355955472804	9.999000099990002e-05
1301	-0.003959621835857	0.04042355955472804	9.999000099990002e-05
1302	-0.004080102997647399	0.04042355955472804	9.999000099990002e-05
1303	-0.0026939439740916254	0.04042355955472804	9.999000099990002e-05
1304	0.002253968273494701	0.04042355955472804	9.999000099990002e-05
1305	-0.003055993943767152	0.04042355955472804	9.999000099990002e-05
1306	-0.0019717402215374213	0.04042355955472804	9.999000099990002e-05
1307	-0.0009658387775192637	0.04042355955472804	9.999000099990002e-05
1308	0.0004984487667808138	0.04042355955472804	9.999000099990002e-05
1309	-0.008111904929722625	0.04042355955472804	9.999000099990002e-05
1310	0.0017143980126470408	0.04042355955472804	9.999000099990002e-05
1311	-0.0007508863551073372	0.04042355955472804	9.999000099990002e-05
1312	-0.005425101496539594	0.04042355955472804	9.999000099990002e-05
1313	0.0006424907126957272	0.04042355955472804	9.999000099990002e-05
1314	-0.0062949991046214624	0.04042355955472804	9.999000099990002e-05
1315	-0.0037566034848751013	0.04042355955472804	9.999000099990002e-05
1316	-0.005356587160121222	0.04042355955472804	9.999000099990002e-05
1317	-0.0023729482866027495	0.04042355955472804	9.999000099990002e-05
1318	-0.0027173335545144063	0.04042355955472804	9.999000099990002e-05
1319	-0.0024229713151597706	0.04042355955472804	9.999000099990002e-05
1320	-0.005102931582493217	0.04042355955472804	9.999000099990002e-05
1321	-0.008285463701891054	0.04042355955472804	9.999000099990002e-05
1322	-0.002600050574054394	0.04042355955472804	9.999000099990002e-05
1323	-0.0020727921484901255	0.04042355955472804	9.999000099990002e-05
1324	-0.000957431752417938	0.04042355955472804	9.999000099990002e-05
1325	-0.006923215910666358	0.04042355955472804	9.999000099990002e-05
1326	-0.006737427827246058	0.04042355955472804	9.999000099990002e-05
1327	-0.002289024866809153	0.04042355955472804	9.999000099990002e-05
1328	-0.0010792435709346653	0.04042355955472804	9.999000099990002e-05
1329	-0.006621778630246311	0.04042355955472804	9.999000099990002e-05
1330	-0.006664141120314343	0.04042355955472804	9.999000099990002e-05
1331	-0.0029414223490334622	0.04042355955472804	9.999000099990002e-05
1332	-0.0026556073294518798	0.04042355955472804	9.999000099990002e-05
1333	-0.005819740610223688	0.04042355955472804	9.999000099990002e-05
1334	0.0002434643983544607	0.04042355955472804	9.999000099990002e-05
1335	0.001100786478979525	0.04042355955472804	9.999000099990002e-05
1336	-0.0020285987406320136	0.04042355955472804	9.999000099990002e-05
1337	-0.006616894938854092	0.04042355955472804	9.999000099990002e-05
1338	-0.00046268966119807076	0.04042355955472804	9.999000099990002e-05
1339	-0.0042663146467203554	0.04042355955472804	9.999000099990002e-05
1340	-0.004786189056628506	0.04042355955472804	9.999000099990002e-05
1341	0.0008795569786432644	0.04042355955472804	9.999000099990002e-05
1342	-0.0017411600559212996	0.04042355955472804	9.999000099990002e-05
1343	-0.0018068023444429066	0.04042355955472804	9.999000099990002e-05
1344	-0.007790819735399569	0.04042355955472804	9.999000099990002e-05
1345	-0.0036837426134878224	0.04042355955472804	9.999000099990002e-05
1346	-0.0018311633616002812	0.04042355955472804	9.999000099990002e-05
1347	-0.0005349681514538642	0.04042355955472804	9.999000099990002e-05
1348	-0.004826037872391176	0.04042355955472804	9.999000099990002e-05
1349	-0.0022254355030351405	0.04042355955472804	9.999000099990002e-05
1350	-0.002571845860665581	0.04042355955472804	9.999000099990002e-05
1351	-0.004266004748783833	0.04042355955472804	9.999000099990002e-05
1352	-0.0046218906349781794	0.04042355955472804	9.999000099990002e-05
1353	-0.0012205103625534564	0.04042355955472804	9.999000099990002e-05
1354	-0.004245578262001682	0.04042355955472804	9.999000099990002e-05
1355	-0.0004261498474990244	0.04042355955472804	9.999000099990002e-05
1356	-0.005549060113294302	0.04042355955472804	9.999000099990002e-05
1357	-0.004704951226587735	0.04042355955472804	9.999000099990002e-05
1358	-0.0017449562383164128	0.04042355955472804	9.999000099990002e-05
1359	-0.0032403736170496106	0.04042355955472804	9.999000099990002e-05
1360	-0.0013136238816383247	0.04042355955472804	9.999000099990002e-05
1361	-0.0029245966223536146	0.04042355955472804	9.999000099990002e-05
1362	-0.004894631039457827	0.04042355955472804	9.999000099990002e-05
1363	-0.006804644631968927	0.04042355955472804	9.999000099990002e-05
1364	-0.0029154430721672064	0.04042355955472804	9.999000099990002e-05
1365	-0.0002510389117924061	0.04042355955472804	9.999000099990002e-05
1366	0.00047597604950816165	0.04042355955472804	9.999000099990002e-05
1367	-0.004414048994808933	0.04042355955472804	9.999000099990002e-05
1368	-0.003532462963754471	0.04042355955472804	9.999000099990002e-05
1369	-0.0046252760246709695	0.04042355955472804	9.999000099990002e-05
1370	-0.007266046918275389	0.04042355955472804	9.999000099990002e-05
1371	-0.008298343375609463	0.04042355955472804	9.999000099990002e-05
1372	-0.002345087615708946	0.04042355955472804	9.999000099990002e-05
1373	-0.004720904083697894	0.04042355955472804	9.999000099990002e-05
1374	-0.0032477187944727273	0.04042355955472804	9.999000099990002e-05
1375	-0.005624373910527385	0.04042355955472804	9.999000099990002e-05
1376	-0.004616583666478859	0.04042355955472804	9.999000099990002e-05
1377	-0.0033992060238853387	0.04042355955472804	9.999000099990002e-05
1378	-0.0028774349655074556	0.04042355955472804	9.999000099990002e-05
1379	-0.003427868370539823	0.04042355955472804	9.999000099990002e-05
1380	-0.0043739448739305966	0.04042355955472804	9.999000099990002e-05
1381	-0.004036306955504667	0.04042355955472804	9.999000099990002e-05
1382	-0.0043051538800247605	0.04042355955472804	9.999000099990002e-05
1383	3.115357211491143e-05	0.04042355955472804	9.999000099990002e-05
1384	-0.0004198366821427324	0.04042355955472804	9.999000099990002e-05
1385	-0.0031305705263187113	0.04042355955472804	9.999000099990002e-05
1386	-0.003926584061204381	0.04042355955472804	9.999000099990002e-05
1387	-0.0007550940996596145	0.04042355955472804	9.999000099990002e-05
1388	-0.006119522081538688	0.04042355955472804	9.999000099990002e-05
1389	0.002194168955713463	0.04042355955472804	9.999000099990002e-05
1390	-0.0014997186120484507	0.04042355955472804	9.999000099990002e-05
1391	-0.00513973712742101	0.04042355955472804	9.999000099990002e-05
1392	-0.0025102261666255523	0.04042355955472804	9.999000099990002e-05
1393	-0.006546261793117521	0.04042355955472804	9.999000099990002e-05
1394	0.00023256605161084548	0.04042355955472804	9.999000099990002e-05
1395	-0.004303673545095829	0.04042355955472804	9.999000099990002e-05
1396	-0.0029432277786320014	0.04042355955472804	9.999000099990002e-05
1397	-0.009369590040872145	0.04042355955472804	9.999000099990002e-05
1398	-0.0032006638417764093	0.04042355955472804	9.999000099990002e-05
1399	-0.005676367070491291	0.04042355955472804	9.999000099990002e-05
1400	-0.0019597792191880124	0.04042355955472804	9.999000099990002e-05
1401	-0.0011868558890835185	0.04042355955472804	9.999000099990002e-05
1402	0.0005297953181694195	0.04042355955472804	9.999000099990002e-05
1403	0.0005937997835928494	0.04042355955472804	9.999000099990002e-05
1404	-0.0033106444265023683	0.04042355955472804	9.999000099990002e-05
1405	-0.0017537571281136075	0.04042355955472804	9.999000099990002e-05
1406	0.0008276134100437538	0.04042355955472804	9.999000099990002e-05
1407	-9.145001543143655e-05	0.04042355955472804	9.999000099990002e-05
1408	-0.0021974082066958988	0.04042355955472804	9.999000099990002e-05
1409	-0.005625883503976592	0.04042355955472804	9.999000099990002e-05
1410	-0.004071907707281471	0.04042355955472804	9.999000099990002e-05
1411	-0.006524515325794939	0.04042355955472804	9.999000099990002e-05
1412	-0.006744303771871801	0.04042355955472804	9.999000099990002e-05
1413	-0.0006109950217228835	0.04042355955472804	9.999000099990002e-05
1414	-0.0011256925202359283	0.04042355955472804	9.999000099990002e-05
1415	-0.0020628355952334323	0.04042355955472804	9.999000099990002e-05
1416	-0.00241835277790516	0.04042355955472804	9.999000099990002e-05
1417	0.000280993153885703	0.04042355955472804	9.999000099990002e-05
1418	-0.0039043914254932367	0.04042355955472804	9.999000099990002e-05
1419	-0.005420699253040315	0.04042355955472804	9.999000099990002e-05
1420	-0.004911429027290711	0.04042355955472804	9.999000099990002e-05
1421	-0.0019340564400924312	0.04042355955472804	9.999000099990002e-05
1422	-0.0059422589037011015	0.04042355955472804	9.999000099990002e-05
1423	-0.0023851335465650673	0.04042355955472804	9.999000099990002e-05
1424	-0.008757016309419113	0.04042355955472804	9.999000099990002e-05
1425	-0.0030056597476731243	0.04042355955472804	9.999000099990002e-05
1426	-0.0057066988840742145	0.04042355955472804	9.999000099990002e-05
1427	-0.003893858627507403	0.04042355955472804	9.999000099990002e-05
1428	-0.005078343306849059	0.04042355955472804	9.999000099990002e-05
1429	-0.004082121123799886	0.04042355955472804	9.999000099990002e-05
1430	0.0010425342463345338	0.04042355955472804	9.999000099990002e-05
1431	-0.003364195405497529	0.04042355955472804	9.999000099990002e-05
1432	-0.002388924342776316	0.04042355955472804	9.999000099990002e-05
1433	-0.008267461690362018	0.04042355955472804	9.999000099990002e-05
1434	-0.0037674156142039643	0.04042355955472804	9.999000099990002e-05
1435	0.0013363506921352825	0.04042355955472804	9.999000099990002e-05
1436	-0.004991418032127312	0.04042355955472804	9.999000099990002e-05
1437	-0.005584937926522369	0.04042355955472804	9.999000099990002e-05
1438	-0.0036299914223434718	0.04042355955472804	9.999000099990002e-05
1439	-0.0021589423128795136	0.04042355955472804	9.999000099990002e-05
1440	-0.0021021305574027843	0.04042355955472804	9.999000099990002e-05
1441	-0.0006548036444522426	0.04042355955472804	9.999000099990002e-05
1442	-0.002920301756277159	0.04042355955472804	9.999000099990002e-05
1443	-0.004550080896610478	0.04042355955472804	9.999000099990002e-05
1444	-0.004756663862553609	0.04042355955472804	9.999000099990002e-05
1445	-0.004918767048783819	0.04042355955472804	9.999000099990002e-05
1446	-0.0026994376700440735	0.04042355955472804	9.999000099990002e-05
1447	-0.004963117040701734	0.04042355955472804	9.999000099990002e-05
1448	-0.004040073783197659	0.04042355955472804	9.999000099990002e-05
1449	-0.002169225961388381	0.04042355955472804	9.999000099990002e-05
1450	-0.0031859639072174387	0.04042355955472804	9.999000099990002e-05
1451	-0.0008498802789105072	0.04042355955472804	9.999000099990002e-05
1452	-0.002723367927146045	0.04042355955472804	9.999000099990002e-05
1453	0.0007452459818261606	0.04042355955472804	9.999000099990002e-05
1454	-0.005973676187225811	0.04042355955472804	9.999000099990002e-05
1455	-0.0018559044125027776	0.04042355955472804	9.999000099990002e-05
1456	-0.007556591372790293	0.04042355955472804	9.999000099990002e-05
1457	-0.0025927304616226734	0.04042355955472804	9.999000099990002e-05
1458	-0.004139847780316905	0.04042355955472804	9.999000099990002e-05
1459	0.0008029327998188701	0.04042355955472804	9.999000099990002e-05
1460	-0.005503877590476656	0.04042355955472804	9.999000099990002e-05
1461	-0.0024412023549217217	0.04042355955472804	9.999000099990002e-05
1462	0.000702537948826179	0.04042355955472804	9.999000099990002e-05
1463	-0.00011878128215943445	0.04042355955472804	9.999000099990002e-05
1464	-0.00585270528666657	0.04042355955472804	9.999000099990002e-05
1465	-0.002786888424711938	0.04042355955472804	9.999000099990002e-05
1466	-0.003476453845856972	0.04042355955472804	9.999000099990002e-05
1467	-0.0025411035813986418	0.04042355955472804	9.999000099990002e-05
1468	-0.0070403863583561165	0.04042355955472804	9.999000099990002e-05
1469	-0.0013497318388088209	0.04042355955472804	9.999000099990002e-05
1470	-0.003482210733837199	0.04042355955472804	9.999000099990002e-05
1471	-0.006602744548941342	0.04042355955472804	9.999000099990002e-05
1472	-0.0008356174139366193	0.04042355955472804	9.999000099990002e-05
1473	-0.007022231879350668	0.04042355955472804	9.999000099990002e-05
1474	0.0007319258529213779	0.04042355955472804	9.999000099990002e-05
1475	-0.0068773736957422425	0.04042355955472804	9.999000099990002e-05
1476	-0.003294115940226937	0.04042355955472804	9.999000099990002e-05
1477	-0.002235589671530934	0.04042355955472804	9.999000099990002e-05
1478	-0.005269417602724387	0.04042355955472804	9.999000099990002e-05
1479	-0.0012473258059935654	0.04042355955472804	9.999000099990002e-05
1480	-0.006761999444192944	0.04042355955472804	9.999000099990002e-05
1481	-0.002497875743181982	0.04042355955472804	9.999000099990002e-05
1482	-0.0024431926652817696	0.04042355955472804	9.999000099990002e-05
1483	-0.0013976249586615725	0.04042355955472804	9.999000099990002e-05
1484	-0.006209789560300369	0.04042355955472804	9.999000099990002e-05
1485	-0.004003114424247493	0.04042355955472804	9.999000099990002e-05
1486	-0.004730382305353742	0.04042355955472804	9.999000099990002e-05
1487	-0.005364149477699987	0.04042355955472804	9.999000099990002e-05
1488	-0.00495167555502343	0.04042355955472804	9.999000099990002e-05
1489	-0.003160047706411631	0.04042355955472804	9.999000099990002e-05
1490	-0.0023829635300273073	0.04042355955472804	9.999000099990002e-05
1491	-0.0007783522956685788	0.04042355955472804	9.999000099990002e-05
1492	-0.00017399865026367507	0.04042355955472804	9.999000099990002e-05
1493	-0.004770664689681972	0.04042355955472804	9.999000099990002e-05
1494	0.0007323035398292376	0.04042355955472804	9.999000099990002e-05
1495	-0.0011316871889978596	0.04042355955472804	9.999000099990002e-05
1496	-0.0055167622079424035	0.04042355955472804	9.999000099990002e-05
1497	-5.425462620931715e-05	0.04042355955472804	9.999000099990002e-05
1498	-0.003447446225579731	0.04042355955472804	9.999000099990002e-05
1499	-0.0010074779608019945	0.04042355955472804	9.999000099990002e-05
1500	-0.005350339436899028	0.04042355955472804	9.999000099990002e-05
1501	-0.002130287756955271	0.04042355955472804	9.999000099990002e-05
1502	-0.0002053713246440686	0.04042355955472804	9.999000099990002e-05
1503	0.0011770092909233656	0.04042355955472804	9.999000099990002e-05
1504	-0.0012024927310911732	0.04042355955472804	9.999000099990002e-05
1505	-0.0014447791133230512	0.04042355955472804	9.999000099990002e-05
1506	-0.0014977625809014946	0.04042355955472804	9.999000099990002e-05
1507	-0.007595524210275898	0.04042355955472804	9.999000099990002e-05
1508	-0.0029035390287122736	0.04042355955472804	9.999000099990002e-05
1509	-0.0011107749261392934	0.04042355955472804	9.999000099990002e-05
1510	-0.0029023310807964444	0.04042355955472804	9.999000099990002e-05
1511	-0.001467103845193729	0.04042355955472804	9.999000099990002e-05
1512	-0.006370942296676717	0.04042355955472804	9.999000099990002e-05
1513	-0.0071758763715870895	0.04042355955472804	9.999000099990002e-05
1514	-0.004629607266724954	0.04042355955472804	9.999000099990002e-05
1515	-0.002009908682585676	0.04042355955472804	9.999000099990002e-05
1516	-0.0035950660595518505	0.04042355955472804	9.999000099990002e-05
1517	-0.006900057301349965	0.04042355955472804	9.999000099990002e-05
1518	-0.004429620394682515	0.04042355955472804	9.999000099990002e-05
1519	-0.0006432995251500331	0.04042355955472804	9.999000099990002e-05
1520	-0.0036655803245157536	0.04042355955472804	9.999000099990002e-05
1521	-0.003164120719421554	0.04042355955472804	9.999000099990002e-05
1522	-0.0058576770806378995	0.04042355955472804	9.999000099990002e-05
1523	-0.002827751651261985	0.04042355955472804	9.999000099990002e-05
1524	-0.0015100470043562298	0.04042355955472804	9.999000099990002e-05
1525	-0.00602472570701118	0.04042355955472804	9.999000099990002e-05
1526	-0.00455997775940801	0.04042355955472804	9.999000099990002e-05
1527	-0.0011336332749410192	0.04042355955472804	9.999000099990002e-05
1528	-0.006998952927297415	0.04042355955472804	9.999000099990002e-05
1529	-0.0012820828890118346	0.04042355955472804	9.999000099990002e-05
1530	-0.0029934368228964154	0.04042355955472804	9.999000099990002e-05
1531	-0.003060420078839192	0.04042355955472804	9.999000099990002e-05
1532	-0.001212635607837198	0.04042355955472804	9.999000099990002e-05
1533	-0.002262957044927272	0.04042355955472804	9.999000099990002e-05
1534	-0.0038363057908385816	0.04042355955472804	9.999000099990002e-05
1535	-0.0005558706422359713	0.04042355955472804	9.999000099990002e-05
1536	-0.00542340773407461	0.04042355955472804	9.999000099990002e-05
1537	-0.003853018234529712	0.04042355955472804	9.999000099990002e-05
1538	-0.004269110249278826	0.04042355955472804	9.999000099990002e-05
1539	-0.005160188044394315	0.04042355955472804	9.999000099990002e-05
1540	-0.0028882676008077897	0.04042355955472804	9.999000099990002e-05
1541	-0.002497290707431296	0.04042355955472804	9.999000099990002e-05
1542	0.0005719396293177636	0.04042355955472804	9.999000099990002e-05
1543	-0.006339120780052188	0.04042355955472804	9.999000099990002e-05
1544	-0.004743878947198664	0.04042355955472804	9.999000099990002e-05
1545	-0.0010634087097241118	0.04042355955472804	9.999000099990002e-05
1546	-0.00400236932265387	0.04042355955472804	9.999000099990002e-05
1547	-0.0054458891077141984	0.04042355955472804	9.999000099990002e-05
1548	-0.007133201425145197	0.04042355955472804	9.999000099990002e-05
1549	-0.0009975637467978375	0.04042355955472804	9.999000099990002e-05
1550	-0.002921833471552987	0.04042355955472804	9.999000099990002e-05
1551	-0.003215050512033932	0.04042355955472804	9.999000099990002e-05
1552	-0.003203106918600258	0.04042355955472804	9.999000099990002e-05
1553	-0.0016819933069634363	0.04042355955472804	9.999000099990002e-05
1554	-0.0008533719687893431	0.04042355955472804	9.999000099990002e-05
1555	-0.0033680184995756508	0.04042355955472804	9.999000099990002e-05
1556	-0.005490268973716244	0.04042355955472804	9.999000099990002e-05
1557	-0.003774961600103763	0.04042355955472804	9.999000099990002e-05
1558	-0.0014190446385139138	0.04042355955472804	9.999000099990002e-05
1559	-0.0006705273194385159	0.04042355955472804	9.999000099990002e-05
1560	-0.005546278861068582	0.04042355955472804	9.999000099990002e-05
1561	-0.006750525814538747	0.04042355955472804	9.999000099990002e-05
1562	-0.00902260316920337	0.04042355955472804	9.999000099990002e-05
1563	-0.004657818924443696	0.04042355955472804	9.999000099990002e-05
1564	-0.007207477978018545	0.04042355955472804	9.999000099990002e-05
1565	-0.005245333647018263	0.04042355955472804	9.999000099990002e-05
1566	-0.005806995552629414	0.04042355955472804	9.999000099990002e-05
1567	-0.002561411822208373	0.04042355955472804	9.999000099990002e-05
1568	-0.0025205842021810186	0.04042355955472804	9.999000099990002e-05
1569	-0.0053730324106194246	0.04042355955472804	9.999000099990002e-05
1570	-0.0019894387600778466	0.04042355955472804	9.999000099990002e-05
1571	-0.0024978487930262332	0.04042355955472804	9.999000099990002e-05
1572	-0.0067860525062872715	0.04042355955472804	9.999000099990002e-05
1573	-0.002331507141759291	0.04042355955472804	9.999000099990002e-05
1574	-0.004552138014886948	0.04042355955472804	9.999000099990002e-05
1575	0.0017532308594762846	0.04042355955472804	9.999000099990002e-05
1576	-0.0009395130151388806	0.04042355955472804	9.999000099990002e-05
1577	-0.004256706618033119	0.04042355955472804	9.999000099990002e-05
1578	-0.0005851001925252453	0.04042355955472804	9.999000099990002e-05
1579	-0.0025022046383987055	0.04042355955472804	9.999000099990002e-05
1580	-0.004295921268353618	0.04042355955472804	9.999000099990002e-05
1581	-0.005106698948804602	0.04042355955472804	9.999000099990002e-05
1582	-0.004975310918558247	0.04042355955472804	9.999000099990002e-05
1583	-0.005290654960252547	0.04042355955472804	9.999000099990002e-05
1584	-0.008367978596128593	0.04042355955472804	9.999000099990002e-05
1585	-0.006068884066201367	0.04042355955472804	9.999000099990002e-05
1586	-0.0007880520433726599	0.04042355955472804	9.999000099990002e-05
1587	-0.009829582608967543	0.04042355955472804	9.999000099990002e-05
1588	-0.002437739365708391	0.04042355955472804	9.999000099990002e-05
1589	-0.0043861409447334045	0.04042355955472804	9.999000099990002e-05
1590	-0.004913284471453805	0.04042355955472804	9.999000099990002e-05
1591	-0.003280493723352244	0.04042355955472804	9.999000099990002e-05
1592	-0.003787618920609985	0.04042355955472804	9.999000099990002e-05
1593	4.310697609778702e-05	0.04042355955472804	9.999000099990002e-05
1594	-0.006237364705739684	0.04042355955472804	9.999000099990002e-05
1595	0.0013847728121900564	0.04042355955472804	9.999000099990002e-05
1596	-0.005139842715861334	0.04042355955472804	9.999000099990002e-05
1597	-0.010274191004788128	0.04042355955472804	9.999000099990002e-05
1598	-0.0033419856301798332	0.04042355955472804	9.999000099990002e-05
1599	-0.00431852119574757	0.04042355955472804	9.999000099990002e-05
1600	-0.0017669138825196482	0.04042355955472804	9.999000099990002e-05
1601	-0.006457420383482235	0.04042355955472804	9.999000099990002e-05
1602	-0.002701717795569339	0.04042355955472804	9.999000099990002e-05
1603	-0.004500603892443783	0.04042355955472804	9.999000099990002e-05
1604	-0.003044304424321416	0.04042355955472804	9.999000099990002e-05
1605	-0.002653728474625304	0.04042355955472804	9.999000099990002e-05
1606	-0.0063994404609048665	0.04042355955472804	9.999000099990002e-05
1607	-0.0023778565620770895	0.04042355955472804	9.999000099990002e-05
1608	-0.0053070540626967535	0.04042355955472804	9.999000099990002e-05
1609	-0.004843130311354686	0.04042355955472804	9.999000099990002e-05
1610	2.8140079182326083e-05	0.04042355955472804	9.999000099990002e-05
1611	-0.0013287010414322579	0.04042355955472804	9.999000099990002e-05
1612	-0.004189462093699662	0.04042355955472804	9.999000099990002e-05
1613	-0.002278287624672519	0.04042355955472804	9.999000099990002e-05
1614	-0.008042977588419277	0.04042355955472804	9.999000099990002e-05
1615	-0.004597145429019546	0.04042355955472804	9.999000099990002e-05
1616	-0.003860808041431708	0.04042355955472804	9.999000099990002e-05
1617	-0.004695583325519476	0.04042355955472804	9.999000099990002e-05
1618	-0.00012358127610151843	0.04042355955472804	9.999000099990002e-05
1619	-0.007241149379494949	0.04042355955472804	9.999000099990002e-05
1620	-0.0017342288452017283	0.04042355955472804	9.999000099990002e-05
1621	-0.005918549999520022	0.04042355955472804	9.999000099990002e-05
1622	-0.007852091481961266	0.04042355955472804	9.999000099990002e-05
1623	-0.0024605923860353597	0.04042355955472804	9.999000099990002e-05
1624	-0.005196955058871029	0.04042355955472804	9.999000099990002e-05
1625	-0.0038125065911321144	0.04042355955472804	9.999000099990002e-05
1626	-0.0016977769609544404	0.04042355955472804	9.999000099990002e-05
1627	-0.0012291726158249762	0.04042355955472804	9.999000099990002e-05
1628	-0.0045013537261846745	0.04042355955472804	9.999000099990002e-05
1629	-0.0015360388040999873	0.04042355955472804	9.999000099990002e-05
1630	-0.001295504720610001	0.04042355955472804	9.999000099990002e-05
1631	-0.00806706242899846	0.04042355955472804	9.999000099990002e-05
1632	-0.0044742605095475785	0.04042355955472804	9.999000099990002e-05
1633	-0.0020954972988333556	0.04042355955472804	9.999000099990002e-05
1634	-0.0010769993981867647	0.04042355955472804	9.999000099990002e-05
1635	-0.0039755763857678055	0.04042355955472804	9.999000099990002e-05
1636	-0.0042963501240082915	0.04042355955472804	9.999000099990002e-05
1637	-0.0024244041362523837	0.04042355955472804	9.999000099990002e-05
1638	-0.0006661055125499485	0.04042355955472804	9.999000099990002e-05
1639	-0.0031637941243150155	0.04042355955472804	9.999000099990002e-05
1640	-0.0016409409291775327	0.04042355955472804	9.999000099990002e-05
1641	-0.004601620097455577	0.04042355955472804	9.999000099990002e-05
1642	-0.006272160492336365	0.04042355955472804	9.999000099990002e-05
1643	-0.004574830046025162	0.04042355955472804	9.999000099990002e-05
1644	-0.004502253969110276	0.04042355955472804	9.999000099990002e-05
1645	-0.004475402515183682	0.04042355955472804	9.999000099990002e-05
1646	-0.009849332398691282	0.04042355955472804	9.999000099990002e-05
1647	-0.007072856294573706	0.04042355955472804	9.999000099990002e-05
1648	-0.0059308086462376425	0.04042355955472804	9.999000099990002e-05
1649	-0.006858413693701918	0.04042355955472804	9.999000099990002e-05
1650	-0.0066198025355644246	0.04042355955472804	9.999000099990002e-05
1651	-0.0038251310366803322	0.04042355955472804	9.999000099990002e-05
1652	2.0085733706573516e-05	0.04042355955472804	9.999000099990002e-05
1653	0.001763364637418835	0.04042355955472804	9.999000099990002e-05
1654	-0.001859310981440028	0.04042355955472804	9.999000099990002e-05
1655	-0.000470718595427741	0.04042355955472804	9.999000099990002e-05
1656	-0.004841160814748039	0.04042355955472804	9.999000099990002e-05
1657	0.0038519552326692517	0.04042355955472804	9.999000099990002e-05
1658	-0.004511132862391796	0.04042355955472804	9.999000099990002e-05
1659	-0.006828594760242124	0.04042355955472804	9.999000099990002e-05
1660	-0.0038371061585260437	0.04042355955472804	9.999000099990002e-05
1661	-0.0036606283247701725	0.04042355955472804	9.999000099990002e-05
1662	-0.002583526569853406	0.04042355955472804	9.999000099990002e-05
1663	-0.006204458700228291	0.04042355955472804	9.999000099990002e-05
1664	-0.003234034347937907	0.04042355955472804	9.999000099990002e-05
1665	-0.006211070664135046	0.04042355955472804	9.999000099990002e-05
1666	-0.007947129465308319	0.04042355955472804	9.999000099990002e-05
1667	-0.0013665454465749487	0.04042355955472804	9.999000099990002e-05
1668	-0.006352426327787777	0.04042355955472804	9.999000099990002e-05
1669	0.001019664528837555	0.04042355955472804	9.999000099990002e-05
1670	-0.006937892492270959	0.04042355955472804	9.999000099990002e-05
1671	-0.004053209127522795	0.04042355955472804	9.999000099990002e-05
1672	-0.0028387373118934772	0.04042355955472804	9.999000099990002e-05
1673	-0.005237853007070699	0.04042355955472804	9.999000099990002e-05
1674	-0.00574004647971787	0.04042355955472804	9.999000099990002e-05
1675	-0.002268695196682151	0.04042355955472804	9.999000099990002e-05
1676	-0.00675398961167966	0.04042355955472804	9.999000099990002e-05
1677	-0.0031029895522589933	0.04042355955472804	9.999000099990002e-05
1678	-0.004673157102555491	0.04042355955472804	9.999000099990002e-05
1679	-0.007221978104392129	0.04042355955472804	9.999000099990002e-05
1680	-0.002689479866423268	0.04042355955472804	9.999000099990002e-05
1681	-0.005031546602433172	0.04042355955472804	9.999000099990002e-05
1682	-0.003209295316854363	0.04042355955472804	9.999000099990002e-05
1683	-2.734648269744483e-05	0.04042355955472804	9.999000099990002e-05
1684	-0.0007894873459571266	0.04042355955472804	9.999000099990002e-05
1685	-0.002071055008008574	0.04042355955472804	9.999000099990002e-05
1686	-0.003046983185162541	0.04042355955472804	9.999000099990002e-05
1687	-0.001244129933027692	0.04042355955472804	9.999000099990002e-05
1688	-0.003867850034411771	0.04042355955472804	9.999000099990002e-05
1689	-0.0011534935006705758	0.04042355955472804	9.999000099990002e-05
1690	-0.0016365219885082368	0.04042355955472804	9.999000099990002e-05
1691	-0.0003468080311277488	0.04042355955472804	9.999000099990002e-05
1692	-0.006851674077237323	0.04042355955472804	9.999000099990002e-05
1693	-0.0046370794811420295	0.04042355955472804	9.999000099990002e-05
1694	-0.004844226534427851	0.04042355955472804	9.999000099990002e-05
1695	-0.010451694464135656	0.04042355955472804	9.999000099990002e-05
1696	-0.006299373474619195	0.04042355955472804	9.999000099990002e-05
1697	-0.00027533367888812746	0.04042355955472804	9.999000099990002e-05
1698	-0.0027917451659484156	0.04042355955472804	9.999000099990002e-05
1699	-0.0019951660240467516	0.04042355955472804	9.999000099990002e-05
1700	-0.00547714322834023	0.04042355955472804	9.999000099990002e-05
1701	-0.0035885101311937716	0.04042355955472804	9.999000099990002e-05
1702	-0.003761736518107997	0.04042355955472804	9.999000099990002e-05
1703	-0.0012086879005478556	0.04042355955472804	9.999000099990002e-05
1704	-0.0073890424853532465	0.04042355955472804	9.999000099990002e-05
1705	-0.0015457031184087186	0.04042355955472804	9.999000099990002e-05
1706	-0.002670644362175942	0.04042355955472804	9.999000099990002e-05
1707	-0.006165261381878051	0.04042355955472804	9.999000099990002e-05
1708	-0.004414527865028163	0.04042355955472804	9.999000099990002e-05
1709	0.00011617398443651283	0.04042355955472804	9.999000099990002e-05
1710	-0.0016677293839891514	0.04042355955472804	9.999000099990002e-05
1711	-0.00510869914665933	0.04042355955472804	9.999000099990002e-05
1712	-0.000570367094462694	0.04042355955472804	9.999000099990002e-05
1713	-0.0033632449364072946	0.04042355955472804	9.999000099990002e-05
1714	-0.002254969161113271	0.04042355955472804	9.999000099990002e-05
1715	0.0002938742895682994	0.04042355955472804	9.999000099990002e-05
1716	-0.003435749184712937	0.04042355955472804	9.999000099990002e-05
1717	-0.003794319795023415	0.04042355955472804	9.999000099990002e-05
1718	0.00020834120872365163	0.04042355955472804	9.999000099990002e-05
1719	-0.0025686099183389486	0.04042355955472804	9.999000099990002e-05
1720	-0.005298497051610879	0.04042355955472804	9.999000099990002e-05
1721	-0.004809585369781125	0.04042355955472804	9.999000099990002e-05
1722	0.0005000544459030698	0.04042355955472804	9.999000099990002e-05
1723	-0.0024758331896372345	0.04042355955472804	9.999000099990002e-05
1724	-0.005296593420338475	0.04042355955472804	9.999000099990002e-05
1725	-0.002413677185574223	0.04042355955472804	9.999000099990002e-05
1726	-0.0018929523934140657	0.04042355955472804	9.999000099990002e-05
1727	0.0006789935733261157	0.04042355955472804	9.999000099990002e-05
1728	-0.002291828587116179	0.04042355955472804	9.999000099990002e-05
1729	-0.007748652398315153	0.04042355955472804	9.999000099990002e-05
1730	-0.0006235712416890471	0.04042355955472804	9.999000099990002e-05
1731	-0.006923545756719588	0.04042355955472804	9.999000099990002e-05
1732	-0.0058810984972546484	0.04042355955472804	9.999000099990002e-05
1733	-0.004134601483331661	0.04042355955472804	9.999000099990002e-05
1734	-0.009172542313188444	0.04042355955472804	9.999000099990002e-05
1735	-0.003798945545917147	0.04042355955472804	9.999000099990002e-05
1736	-0.000195946657045043	0.04042355955472804	9.999000099990002e-05
1737	-0.0028108742941624146	0.04042355955472804	9.999000099990002e-05
1738	0.00224635680698808	0.04042355955472804	9.999000099990002e-05
1739	-0.008285357343995898	0.04042355955472804	9.999000099990002e-05
1740	-0.0028631383599388716	0.04042355955472804	9.999000099990002e-05
1741	-0.003017259529448224	0.04042355955472804	9.999000099990002e-05
1742	-0.003333987493380104	0.04042355955472804	9.999000099990002e-05
1743	-0.007548512135450505	0.04042355955472804	9.999000099990002e-05
1744	-0.0024116071789292036	0.04042355955472804	9.999000099990002e-05
1745	-0.0049146137239250475	0.04042355955472804	9.999000099990002e-05
1746	-0.002430480444172764	0.04042355955472804	9.999000099990002e-05
1747	-0.0054479909505532	0.04042355955472804	9.999000099990002e-05
1748	-0.007438205994382037	0.04042355955472804	9.999000099990002e-05
1749	-0.00669756831606113	0.04042355955472804	9.999000099990002e-05
1750	-0.00468198507716303	0.04042355955472804	9.999000099990002e-05
1751	-0.004371174124763425	0.04042355955472804	9.999000099990002e-05
1752	-0.000968392963621921	0.04042355955472804	9.999000099990002e-05
1753	-0.0008194302963006453	0.04042355955472804	9.999000099990002e-05
1754	-0.003957172045539674	0.04042355955472804	9.999000099990002e-05
1755	-0.0083941433885566	0.04042355955472804	9.999000099990002e-05
1756	0.0017261920432963276	0.04042355955472804	9.999000099990002e-05
1757	-0.008817810166816502	0.04042355955472804	9.999000099990002e-05
1758	-0.0032375138227211677	0.04042355955472804	9.999000099990002e-05
1759	-0.0023396559378165522	0.04042355955472804	9.999000099990002e-05
1760	-0.0025407098128846324	0.04042355955472804	9.999000099990002e-05
1761	-0.004598183519779605	0.04042355955472804	9.999000099990002e-05
1762	-0.004352908594188298	0.04042355955472804	9.999000099990002e-05
1763	-0.006035994584732649	0.04042355955472804	9.999000099990002e-05
1764	-0.004780583578124281	0.04042355955472804	9.999000099990002e-05
1765	-0.002749185060641285	0.04042355955472804	9.999000099990002e-05
1766	-0.0013852823644209893	0.04042355955472804	9.999000099990002e-05
1767	-0.00493038889467644	0.04042355955472804	9.999000099990002e-05
1768	-0.008332925119106232	0.04042355955472804	9.999000099990002e-05
1769	-0.002164380819683609	0.04042355955472804	9.999000099990002e-05
1770	0.0008663243175173321	0.04042355955472804	9.999000099990002e-05
1771	0.0005032891186292118	0.04042355955472804	9.999000099990002e-05
1772	-0.005970868638880951	0.04042355955472804	9.999000099990002e-05
1773	-0.0010457360633390241	0.04042355955472804	9.999000099990002e-05
1774	6.050029113983391e-05	0.04042355955472804	9.999000099990002e-05
1775	-0.0052594461028074415	0.04042355955472804	9.999000099990002e-05
1776	0.000543341820687919	0.04042355955472804	9.999000099990002e-05
1777	-0.006935527168858609	0.04042355955472804	9.999000099990002e-05
1778	-0.0014559671982863939	0.04042355955472804	9.999000099990002e-05
1779	-0.004033549094706055	0.04042355955472804	9.999000099990002e-05
1780	0.0016003564568794024	0.04042355955472804	9.999000099990002e-05
1781	0.001285495825187885	0.04042355955472804	9.999000099990002e-05
1782	-0.00670149515188795	0.04042355955472804	9.999000099990002e-05
1783	-0.005515721847290572	0.04042355955472804	9.999000099990002e-05
1784	-0.007250841163341437	0.04042355955472804	9.999000099990002e-05
1785	-0.004557330988651821	0.04042355955472804	9.999000099990002e-05
1786	-0.001862492773382339	0.04042355955472804	9.999000099990002e-05
1787	0.001475275898023523	0.04042355955472804	9.999000099990002e-05
1788	-0.002384804566148535	0.04042355955472804	9.999000099990002e-05
1789	-0.00765301768350387	0.04042355955472804	9.999000099990002e-05
1790	-0.003525008158253136	0.04042355955472804	9.999000099990002e-05
1791	-0.0021768559140475153	0.04042355955472804	9.999000099990002e-05
1792	-0.005121815812468239	0.04042355955472804	9.999000099990002e-05
1793	-0.007190571285453233	0.04042355955472804	9.999000099990002e-05
1794	-0.0027506934614354938	0.04042355955472804	9.999000099990002e-05
1795	-0.001668503263193763	0.04042355955472804	9.999000099990002e-05
1796	-0.0022300356695554606	0.04042355955472804	9.999000099990002e-05
1797	-0.005578400445844062	0.04042355955472804	9.999000099990002e-05
1798	-0.007107996239083638	0.04042355955472804	9.999000099990002e-05
1799	-0.009087997981812283	0.04042355955472804	9.999000099990002e-05
1800	-0.0036519175766074052	0.04042355955472804	9.999000099990002e-05
1801	0.0005387898028041696	0.04042355955472804	9.999000099990002e-05
1802	-0.005046087817695176	0.04042355955472804	9.999000099990002e-05
1803	-0.0021661233271126567	0.04042355955472804	9.999000099990002e-05
1804	-0.005623392124625194	0.04042355955472804	9.999000099990002e-05
1805	-0.004064603637983148	0.04042355955472804	9.999000099990002e-05
1806	-0.006454917943217529	0.04042355955472804	9.999000099990002e-05
1807	-0.00862776688271671	0.04042355955472804	9.999000099990002e-05
1808	-0.005485188167230558	0.04042355955472804	9.999000099990002e-05
1809	-0.00120170205853469	0.04042355955472804	9.999000099990002e-05
1810	-0.005622612782291222	0.04042355955472804	9.999000099990002e-05
1811	-0.003912746974065816	0.04042355955472804	9.999000099990002e-05
1812	-0.0030505962565422805	0.04042355955472804	9.999000099990002e-05
1813	-0.0009689674578413077	0.04042355955472804	9.999000099990002e-05
1814	0.00030143999274835214	0.04042355955472804	9.999000099990002e-05
1815	-0.006591213364065153	0.04042355955472804	9.999000099990002e-05
1816	-0.0008899484470114738	0.04042355955472804	9.999000099990002e-05
1817	-0.005385464319330473	0.04042355955472804	9.999000099990002e-05
1818	-0.0024907519379161304	0.04042355955472804	9.999000099990002e-05
1819	-0.003523915070708439	0.04042355955472804	9.999000099990002e-05
1820	-0.007023559208184818	0.04042355955472804	9.999000099990002e-05
1821	-0.004695602273344891	0.04042355955472804	9.999000099990002e-05
1822	-0.003986884101722286	0.04042355955472804	9.999000099990002e-05
1823	-0.00459696429935038	0.04042355955472804	9.999000099990002e-05
1824	-0.0070629504868636745	0.04042355955472804	9.999000099990002e-05
1825	-0.00578255139587665	0.04042355955472804	9.999000099990002e-05
1826	-0.002105857700462442	0.04042355955472804	9.999000099990002e-05
1827	-0.0025360693461671108	0.04042355955472804	9.999000099990002e-05
1828	-0.005014390125590659	0.04042355955472804	9.999000099990002e-05
1829	-0.0025610502169066463	0.04042355955472804	9.999000099990002e-05
1830	-0.004328103255333978	0.04042355955472804	9.999000099990002e-05
1831	-0.0032039054395961095	0.04042355955472804	9.999000099990002e-05
1832	-0.008698879533472759	0.04042355955472804	9.999000099990002e-05
1833	-0.009432720636434598	0.04042355955472804	9.999000099990002e-05
1834	-0.0021880810674977393	0.04042355955472804	9.999000099990002e-05
1835	-0.0019500644671145665	0.04042355955472804	9.999000099990002e-05
1836	-0.004402010777666404	0.04042355955472804	9.999000099990002e-05
1837	-0.006545756973033832	0.04042355955472804	9.999000099990002e-05
1838	-0.0045351518953458516	0.04042355955472804	9.999000099990002e-05
1839	-0.005955023005302648	0.04042355955472804	9.999000099990002e-05
1840	-0.006109293660650904	0.04042355955472804	9.999000099990002e-05
1841	-0.0006813731124166083	0.04042355955472804	9.999000099990002e-05
1842	-0.004143244096268409	0.04042355955472804	9.999000099990002e-05
1843	-0.0010087901890849182	0.04042355955472804	9.999000099990002e-05
1844	-0.001103740204507464	0.04042355955472804	9.999000099990002e-05
1845	-0.0008074152397487683	0.04042355955472804	9.999000099990002e-05
1846	-0.010624439306975082	0.04042355955472804	9.999000099990002e-05
1847	-0.0025083401943417154	0.04042355955472804	9.999000099990002e-05
1848	-0.0008108701496862922	0.04042355955472804	9.999000099990002e-05
1849	-0.0013267069799798707	0.04042355955472804	9.999000099990002e-05
1850	-0.0035836486385736597	0.04042355955472804	9.999000099990002e-05
1851	-0.006927322125652597	0.04042355955472804	9.999000099990002e-05
1852	-0.00018760492018682907	0.04042355955472804	9.999000099990002e-05
1853	-0.0028105131697699695	0.04042355955472804	9.999000099990002e-05
1854	-0.0015129019511191833	0.04042355955472804	9.999000099990002e-05
1855	-0.0023940040527888453	0.04042355955472804	9.999000099990002e-05
1856	-0.006904043808399579	0.04042355955472804	9.999000099990002e-05
1857	-0.0028305806866332313	0.04042355955472804	9.999000099990002e-05
1858	-0.004801366399442511	0.04042355955472804	9.999000099990002e-05
1859	-0.00795806651563034	0.04042355955472804	9.999000099990002e-05
1860	-0.0024646823462881177	0.04042355955472804	9.999000099990002e-05
1861	-0.0018314991324557758	0.04042355955472804	9.999000099990002e-05
1862	-0.002234055667126954	0.04042355955472804	9.999000099990002e-05
1863	-0.005133779161654912	0.04042355955472804	9.999000099990002e-05
1864	-0.007258871963499098	0.04042355955472804	9.999000099990002e-05
1865	-0.0014968879223493062	0.04042355955472804	9.999000099990002e-05
1866	-8.842798155013071e-05	0.04042355955472804	9.999000099990002e-05
1867	-0.0033644801614971798	0.04042355955472804	9.999000099990002e-05
1868	-0.004702610871984927	0.04042355955472804	9.999000099990002e-05
1869	-0.00824272398658807	0.04042355955472804	9.999000099990002e-05
1870	-0.0035684186650486393	0.04042355955472804	9.999000099990002e-05
1871	-0.0011377252550127267	0.04042355955472804	9.999000099990002e-05
1872	-0.00047402325007152996	0.04042355955472804	9.999000099990002e-05
1873	-0.0039012895991450995	0.04042355955472804	9.999000099990002e-05
1874	-0.008540819870895756	0.04042355955472804	9.999000099990002e-05
1875	-0.005339182033947397	0.04042355955472804	9.999000099990002e-05
1876	0.004073807799061624	0.04042355955472804	9.999000099990002e-05
1877	-0.0026873550938300572	0.04042355955472804	9.999000099990002e-05
1878	-0.00539845694901929	0.04042355955472804	9.999000099990002e-05
1879	-0.002161326853426469	0.04042355955472804	9.999000099990002e-05
1880	-0.002345966544735502	0.04042355955472804	9.999000099990002e-05
1881	-0.0015437944664434878	0.04042355955472804	9.999000099990002e-05
1882	-0.0007409575022248579	0.04042355955472804	9.999000099990002e-05
1883	-5.568648548337635e-05	0.04042355955472804	9.999000099990002e-05
1884	0.002699903690367497	0.04042355955472804	9.999000099990002e-05
1885	-0.005472727076944727	0.04042355955472804	9.999000099990002e-05
1886	-0.0037042811136581977	0.04042355955472804	9.999000099990002e-05
1887	-0.0036800073142068622	0.04042355955472804	9.999000099990002e-05
1888	-0.0035787758349674083	0.04042355955472804	9.999000099990002e-05
1889	-0.0029813189479416468	0.04042355955472804	9.999000099990002e-05
1890	6.162636906076046e-05	0.04042355955472804	9.999000099990002e-05
1891	-0.004786791693658632	0.04042355955472804	9.999000099990002e-05
1892	-0.00014982016703055518	0.04042355955472804	9.999000099990002e-05
1893	-0.005699188235387913	0.04042355955472804	9.999000099990002e-05
1894	-0.006292273676344331	0.04042355955472804	9.999000099990002e-05
1895	-0.004545006168818024	0.04042355955472804	9.999000099990002e-05
1896	-0.0019322369487067101	0.04042355955472804	9.999000099990002e-05
1897	0.0010959742507054963	0.04042355955472804	9.999000099990002e-05
1898	-0.004961917922280181	0.04042355955472804	9.999000099990002e-05
1899	-0.005076534876376647	0.04042355955472804	9.999000099990002e-05
1900	-0.0020647921072896635	0.04042355955472804	9.999000099990002e-05
1901	-0.0008822841574301452	0.04042355955472804	9.999000099990002e-05
1902	-0.005886066078460722	0.04042355955472804	9.999000099990002e-05
1903	-0.0020876848507227082	0.04042355955472804	9.999000099990002e-05
1904	-0.003208109106037743	0.04042355955472804	9.999000099990002e-05
1905	-0.0030178366398140644	0.04042355955472804	9.999000099990002e-05
1906	-0.0022083195187535473	0.04042355955472804	9.999000099990002e-05
1907	-0.0019851353145799292	0.04042355955472804	9.999000099990002e-05
1908	-0.0031352998073610624	0.04042355955472804	9.999000099990002e-05
1909	-0.004808193656813296	0.04042355955472804	9.999000099990002e-05
1910	-0.0016040573038199196	0.04042355955472804	9.999000099990002e-05
1911	0.001556599541515244	0.04042355955472804	9.999000099990002e-05
1912	-0.004901518314306073	0.04042355955472804	9.999000099990002e-05
1913	-0.00075447586193262	0.04042355955472804	9.999000099990002e-05
1914	-0.002237726043655851	0.04042355955472804	9.999000099990002e-05
1915	-0.0021791582768176387	0.04042355955472804	9.999000099990002e-05
1916	-0.0075632805322537995	0.04042355955472804	9.999000099990002e-05
1917	-0.004943531394931576	0.04042355955472804	9.999000099990002e-05
1918	-0.003191857181067928	0.04042355955472804	9.999000099990002e-05
1919	-0.005039060617484393	0.04042355955472804	9.999000099990002e-05
1920	-0.0046450612477900634	0.04042355955472804	9.999000099990002e-05
1921	-0.0030228778578482635	0.04042355955472804	9.999000099990002e-05
1922	-0.0017576229076989385	0.04042355955472804	9.999000099990002e-05
1923	0.000716448384247298	0.04042355955472804	9.999000099990002e-05
1924	3.233618573016128e-05	0.04042355955472804	9.999000099990002e-05
1925	0.0017859079137002437	0.04042355955472804	9.999000099990002e-05
1926	-0.005219067536624297	0.04042355955472804	9.999000099990002e-05
1927	-0.0072174238550893445	0.04042355955472804	9.999000099990002e-05
1928	-0.003209061037092162	0.04042355955472804	9.999000099990002e-05
1929	-0.009296036025329257	0.04042355955472804	9.999000099990002e-05
1930	-0.004744757145243111	0.04042355955472804	9.999000099990002e-05
1931	-0.0055582648129911556	0.04042355955472804	9.999000099990002e-05
1932	-0.0026523393393311874	0.04042355955472804	9.999000099990002e-05
1933	-0.0029817374544287346	0.04042355955472804	9.999000099990002e-05
1934	-0.004240018835369589	0.04042355955472804	9.999000099990002e-05
1935	-0.0029077568531229473	0.04042355955472804	9.999000099990002e-05
1936	-0.0009709675018050631	0.04042355955472804	9.999000099990002e-05
1937	-0.001078946599839438	0.04042355955472804	9.999000099990002e-05
1938	-0.001451545160561371	0.04042355955472804	9.999000099990002e-05
1939	-0.0025044910542172797	0.04042355955472804	9.999000099990002e-05
1940	0.0008678337570755687	0.04042355955472804	9.999000099990002e-05
1941	-0.0018799984480672924	0.04042355955472804	9.999000099990002e-05
1942	-0.004082493501469356	0.04042355955472804	9.999000099990002e-05
1943	-0.003187748426880718	0.04042355955472804	9.999000099990002e-05
1944	-0.006378055656593123	0.04042355955472804	9.999000099990002e-05
1945	-0.003111955470882842	0.04042355955472804	9.999000099990002e-05
1946	-0.0019220340352468473	0.04042355955472804	9.999000099990002e-05
1947	-0.0036970228653955576	0.04042355955472804	9.999000099990002e-05
1948	-0.003158110373017271	0.04042355955472804	9.999000099990002e-05
1949	-0.0006989847795056695	0.04042355955472804	9.999000099990002e-05
1950	-0.0034534654976601494	0.04042355955472804	9.999000099990002e-05
1951	-0.002366570044603435	0.04042355955472804	9.999000099990002e-05
1952	-0.0007835940913430053	0.04042355955472804	9.999000099990002e-05
1953	-0.0029199778157898175	0.04042355955472804	9.999000099990002e-05
1954	-0.0010355081618332624	0.04042355955472804	9.999000099990002e-05
1955	-0.005792472342610652	0.04042355955472804	9.999000099990002e-05
1956	-0.007065123889002728	0.04042355955472804	9.999000099990002e-05
1957	-0.008890040700799436	0.04042355955472804	9.999000099990002e-05
1958	-0.0016695696506555378	0.04042355955472804	9.999000099990002e-05
1959	-0.008077490369526071	0.04042355955472804	9.999000099990002e-05
1960	-0.0026130766173196084	0.04042355955472804	9.999000099990002e-05
1961	-0.004735647011546008	0.04042355955472804	9.999000099990002e-05
1962	-0.004301225486051887	0.04042355955472804	9.999000099990002e-05
1963	-0.006035629632302378	0.04042355955472804	9.999000099990002e-05
1964	-0.004324737871467009	0.04042355955472804	9.999000099990002e-05
1965	-0.0012974240487611296	0.04042355955472804	9.999000099990002e-05
1966	-0.00451872434230897	0.04042355955472804	9.999000099990002e-05
1967	0.0014258024333490924	0.04042355955472804	9.999000099990002e-05
1968	-0.005571858136836631	0.04042355955472804	9.999000099990002e-05
1969	-0.0012657878553346464	0.04042355955472804	9.999000099990002e-05
1970	-0.0018360858527527806	0.04042355955472804	9.999000099990002e-05
1971	-0.007516908816982025	0.04042355955472804	9.999000099990002e-05
1972	-0.007896060959224778	0.04042355955472804	9.999000099990002e-05
1973	4.763229389861123e-05	0.04042355955472804	9.999000099990002e-05
1974	-0.002109782535706686	0.04042355955472804	9.999000099990002e-05
1975	-0.004910766565146825	0.04042355955472804	9.999000099990002e-05
1976	-0.0008259034697907577	0.04042355955472804	9.999000099990002e-05
1977	0.003247850159650176	0.04042355955472804	9.999000099990002e-05
1978	-0.0027786063206037674	0.04042355955472804	9.999000099990002e-05
1979	0.0003604542165206948	0.04042355955472804	9.999000099990002e-05
1980	-0.0036781965753699313	0.04042355955472804	9.999000099990002e-05
1981	-0.0007413496356473273	0.04042355955472804	9.999000099990002e-05
1982	-0.003452825542070312	0.04042355955472804	9.999000099990002e-05
1983	-0.0015654648539188381	0.04042355955472804	9.999000099990002e-05
1984	-0.005748365267585508	0.04042355955472804	9.999000099990002e-05
1985	-0.005763760327646289	0.04042355955472804	9.999000099990002e-05
1986	-0.0010004739788910006	0.04042355955472804	9.999000099990002e-05
1987	-0.004352541410338995	0.04042355955472804	9.999000099990002e-05
1988	-0.0028796222755427285	0.04042355955472804	9.999000099990002e-05
1989	-0.004376635041939718	0.04042355955472804	9.999000099990002e-05
1990	-0.001930352265259723	0.04042355955472804	9.999000099990002e-05
1991	-0.004876772204238003	0.04042355955472804	9.999000099990002e-05
1992	-0.008309482984917932	0.04042355955472804	9.999000099990002e-05
1993	-0.003250003594436143	0.04042355955472804	9.999000099990002e-05
1994	-0.0024821977545767884	0.04042355955472804	9.999000099990002e-05
1995	-0.00529547957674949	0.04042355955472804	9.999000099990002e-05
1996	-0.005504307061695202	0.04042355955472804	9.999000099990002e-05
1997	-0.005060659695732517	0.04042355955472804	9.999000099990002e-05
1998	-0.0008471508687045798	0.04042355955472804	9.999000099990002e-05
1999	-0.0012483393703806175	0.04042355955472804	9.999000099990002e-05
2000	-0.003368971296266765	0.04042355955472804	9.999000099990002e-05
2001	-0.005052818931683789	0.04042355955472804	9.999000099990002e-05
2002	-0.002052891237835951	0.04042355955472804	9.999000099990002e-05
2003	-0.004849988962482915	0.04042355955472804	9.999000099990002e-05
2004	-0.001997961434241523	0.04042355955472804	9.999000099990002e-05
2005	-0.0010764768036962843	0.04042355955472804	9.999000099990002e-05
2006	-0.001811257007053113	0.04042355955472804	9.999000099990002e-05
2007	-0.0051469330883144124	0.04042355955472804	9.999000099990002e-05
2008	-0.0063233429931543435	0.04042355955472804	9.999000099990002e-05
2009	-0.0019236415418243473	0.04042355955472804	9.999000099990002e-05
2010	-0.005310871443572697	0.04042355955472804	9.999000099990002e-05
2011	-0.0024459734558345894	0.04042355955472804	9.999000099990002e-05
2012	-0.0036677110026748587	0.04042355955472804	9.999000099990002e-05
2013	-0.005296140923183859	0.04042355955472804	9.999000099990002e-05
2014	-0.003960920367843788	0.04042355955472804	9.999000099990002e-05
2015	-0.011204609294563073	0.04042355955472804	9.999000099990002e-05
2016	-0.0015496153923027112	0.04042355955472804	9.999000099990002e-05
2017	-0.0058056461212050115	0.04042355955472804	9.999000099990002e-05
2018	-0.006199575662872679	0.04042355955472804	9.999000099990002e-05
2019	-0.004611986000686766	0.04042355955472804	9.999000099990002e-05
2020	-0.002551933292770586	0.04042355955472804	9.999000099990002e-05
2021	-0.004857755724212469	0.04042355955472804	9.999000099990002e-05
2022	-0.003971037794870997	0.04042355955472804	9.999000099990002e-05
2023	-0.006486689618404838	0.04042355955472804	9.999000099990002e-05
2024	-0.0027490525605179646	0.04042355955472804	9.999000099990002e-05
2025	-0.003665774304080739	0.04042355955472804	9.999000099990002e-05
2026	-0.004371233430495168	0.04042355955472804	9.999000099990002e-05
2027	-0.0012798527780511228	0.04042355955472804	9.999000099990002e-05
2028	-0.0009087122765405325	0.04042355955472804	9.999000099990002e-05
2029	-0.007750180093189446	0.04042355955472804	9.999000099990002e-05
2030	-0.005267261647973809	0.04042355955472804	9.999000099990002e-05
2031	0.002639560060232944	0.04042355955472804	9.999000099990002e-05
2032	-0.005048448312778406	0.04042355955472804	9.999000099990002e-05
2033	-0.009802040896340992	0.04042355955472804	9.999000099990002e-05
2034	-0.004836743259097456	0.04042355955472804	9.999000099990002e-05
2035	-0.004595292177802748	0.04042355955472804	9.999000099990002e-05
2036	-0.0035051964658875737	0.04042355955472804	9.999000099990002e-05
2037	-0.002740516247767259	0.04042355955472804	9.999000099990002e-05
2038	-0.0043959246399604465	0.04042355955472804	9.999000099990002e-05
2039	-0.005292284877202248	0.04042355955472804	9.999000099990002e-05
2040	-0.007417896137717152	0.04042355955472804	9.999000099990002e-05
2041	-0.0052870676271371915	0.04042355955472804	9.999000099990002e-05
2042	-0.0015908690017654727	0.04042355955472804	9.999000099990002e-05
2043	-0.004182332479049783	0.04042355955472804	9.999000099990002e-05
2044	-0.002371787910232362	0.04042355955472804	9.999000099990002e-05
2045	-0.004808516673954831	0.04042355955472804	9.999000099990002e-05
2046	-0.003837212747257657	0.04042355955472804	9.999000099990002e-05
2047	-0.0034642906692485416	0.04042355955472804	9.999000099990002e-05
2048	-0.002754493991250449	0.04042355955472804	9.999000099990002e-05
2049	-0.0032965060593214785	0.04042355955472804	9.999000099990002e-05
2050	-0.006675925552014508	0.04042355955472804	9.999000099990002e-05
2051	-0.0033795419514306953	0.04042355955472804	9.999000099990002e-05
2052	-0.00649082822743981	0.04042355955472804	9.999000099990002e-05
2053	-0.003982559496216291	0.04042355955472804	9.999000099990002e-05
2054	-0.004203860498143487	0.04042355955472804	9.999000099990002e-05
2055	-0.0067889152245441	0.04042355955472804	9.999000099990002e-05
2056	-0.0003726615213641482	0.04042355955472804	9.999000099990002e-05
2057	-0.003754538345031931	0.04042355955472804	9.999000099990002e-05
2058	-0.00508528327011743	0.04042355955472804	9.999000099990002e-05
2059	-0.007496790496863005	0.04042355955472804	9.999000099990002e-05
2060	-0.003876401390004579	0.04042355955472804	9.999000099990002e-05
2061	-0.0015683149146435663	0.04042355955472804	9.999000099990002e-05
2062	-0.003244134789249546	0.04042355955472804	9.999000099990002e-05
2063	-0.005435560253733519	0.04042355955472804	9.999000099990002e-05
2064	-0.0018736747796524525	0.04042355955472804	9.999000099990002e-05
2065	-0.004559473689542795	0.04042355955472804	9.999000099990002e-05
2066	-0.004686885292597925	0.04042355955472804	9.999000099990002e-05
2067	-0.008747105942689145	0.04042355955472804	9.999000099990002e-05
2068	-0.006112075586149622	0.04042355955472804	9.999000099990002e-05
2069	-0.004974440895971469	0.04042355955472804	9.999000099990002e-05
2070	-0.007898755551599232	0.04042355955472804	9.999000099990002e-05
2071	-0.004278446256444005	0.04042355955472804	9.999000099990002e-05
2072	-0.008430952915413186	0.04042355955472804	9.999000099990002e-05
2073	-0.010074588975583552	0.04042355955472804	9.999000099990002e-05
2074	-0.002260614112650744	0.04042355955472804	9.999000099990002e-05
2075	0.0012251063163085357	0.04042355955472804	9.999000099990002e-05
2076	0.0006439015273799351	0.04042355955472804	9.999000099990002e-05
2077	-0.000818620348900427	0.04042355955472804	9.999000099990002e-05
2078	-0.004681420066474535	0.04042355955472804	9.999000099990002e-05
2079	-0.0038635478969870794	0.04042355955472804	9.999000099990002e-05
2080	-0.0062439280401005905	0.04042355955472804	9.999000099990002e-05
2081	-0.0009115206135765913	0.04042355955472804	9.999000099990002e-05
2082	-0.0005628792601123839	0.04042355955472804	9.999000099990002e-05
2083	-0.003722755435803965	0.04042355955472804	9.999000099990002e-05
2084	-0.007930587590518682	0.04042355955472804	9.999000099990002e-05
2085	-0.004074678187139441	0.04042355955472804	9.999000099990002e-05
2086	-0.004726625230500827	0.04042355955472804	9.999000099990002e-05
2087	-0.002370121059450378	0.04042355955472804	9.999000099990002e-05
2088	-0.004601001436528415	0.04042355955472804	9.999000099990002e-05
2089	-0.00485773941176988	0.04042355955472804	9.999000099990002e-05
2090	-0.001084219019816471	0.04042355955472804	9.999000099990002e-05
2091	-0.005895784466208286	0.04042355955472804	9.999000099990002e-05
2092	-0.006017948079477529	0.04042355955472804	9.999000099990002e-05
2093	-0.005375274755912077	0.04042355955472804	9.999000099990002e-05
2094	-0.0028319199035446384	0.04042355955472804	9.999000099990002e-05
2095	-0.001642884995301734	0.04042355955472804	9.999000099990002e-05
2096	-0.0050614174356218775	0.04042355955472804	9.999000099990002e-05
2097	-0.002527627868725345	0.04042355955472804	9.999000099990002e-05
2098	0.003722616183714432	0.04042355955472804	9.999000099990002e-05
2099	-0.0013156350634608862	0.04042355955472804	9.999000099990002e-05
2100	-0.004388591023596303	0.04042355955472804	9.999000099990002e-05
2101	-0.0034504470225074748	0.04042355955472804	9.999000099990002e-05
2102	-0.0008047428076736904	0.04042355955472804	9.999000099990002e-05
2103	-0.004759465793878141	0.04042355955472804	9.999000099990002e-05
2104	-0.0030454463145392907	0.04042355955472804	9.999000099990002e-05
2105	-0.0038362163801862552	0.04042355955472804	9.999000099990002e-05
2106	-0.0027133892328263546	0.04042355955472804	9.999000099990002e-05
2107	-0.008271674301716155	0.04042355955472804	9.999000099990002e-05
2108	-0.005287436138296096	0.04042355955472804	9.999000099990002e-05
2109	-0.0019531129125332323	0.04042355955472804	9.999000099990002e-05
2110	0.0004544109234548302	0.04042355955472804	9.999000099990002e-05
2111	-0.00590361136083353	0.04042355955472804	9.999000099990002e-05
2112	-0.007335303932504636	0.04042355955472804	9.999000099990002e-05
2113	-0.0020624240138398973	0.04042355955472804	9.999000099990002e-05
2114	5.95555352517832e-05	0.04042355955472804	9.999000099990002e-05
2115	-0.006343449213596014	0.04042355955472804	9.999000099990002e-05
2116	0.0012855684424883372	0.04042355955472804	9.999000099990002e-05
2117	-0.004008555239416106	0.04042355955472804	9.999000099990002e-05
2118	-0.004475161271855192	0.04042355955472804	9.999000099990002e-05
2119	-0.004383203243102482	0.04042355955472804	9.999000099990002e-05
2120	-0.006513011206492722	0.04042355955472804	9.999000099990002e-05
2121	-0.00118087114628901	0.04042355955472804	9.999000099990002e-05
2122	-0.005460740663349251	0.04042355955472804	9.999000099990002e-05
2123	-0.003958203769060935	0.04042355955472804	9.999000099990002e-05
2124	-0.005991681680537995	0.04042355955472804	9.999000099990002e-05
2125	-0.0021181886566985844	0.04042355955472804	9.999000099990002e-05
2126	-0.001493764070356378	0.04042355955472804	9.999000099990002e-05
2127	0.001284583463348564	0.04042355955472804	9.999000099990002e-05
2128	-0.004980597938940856	0.04042355955472804	9.999000099990002e-05
2129	-0.0025626177310688796	0.04042355955472804	9.999000099990002e-05
2130	-0.005867652235465329	0.04042355955472804	9.999000099990002e-05
2131	-0.0041640462501394805	0.04042355955472804	9.999000099990002e-05
2132	-0.005536043957523773	0.04042355955472804	9.999000099990002e-05
2133	-0.0016914187632536797	0.04042355955472804	9.999000099990002e-05
2134	-0.009383004812722164	0.04042355955472804	9.999000099990002e-05
2135	-0.002330871283516468	0.04042355955472804	9.999000099990002e-05
2136	0.0013459390612513764	0.04042355955472804	9.999000099990002e-05
2137	-0.0029763507126989567	0.04042355955472804	9.999000099990002e-05
2138	-0.004458910462594891	0.04042355955472804	9.999000099990002e-05
2139	-0.0034661377263538852	0.04042355955472804	9.999000099990002e-05
2140	-0.004796762154811544	0.04042355955472804	9.999000099990002e-05
2141	-0.0025920157150224597	0.04042355955472804	9.999000099990002e-05
2142	-0.00359447155950665	0.04042355955472804	9.999000099990002e-05
2143	0.0013362719769052234	0.04042355955472804	9.999000099990002e-05
2144	-0.005883545902261973	0.04042355955472804	9.999000099990002e-05
2145	-0.0069570395872554525	0.04042355955472804	9.999000099990002e-05
2146	-0.006203299574222014	0.04042355955472804	9.999000099990002e-05
2147	-0.0005677100707207741	0.04042355955472804	9.999000099990002e-05
2148	-0.0005773806753228222	0.04042355955472804	9.999000099990002e-05
2149	-0.005771850087281013	0.04042355955472804	9.999000099990002e-05
2150	-0.0036404650877249105	0.04042355955472804	9.999000099990002e-05
2151	-0.0022395707154511902	0.04042355955472804	9.999000099990002e-05
2152	-0.004166021690784753	0.04042355955472804	9.999000099990002e-05
2153	0.0008596807674894222	0.04042355955472804	9.999000099990002e-05
2154	-0.00045706333046770383	0.04042355955472804	9.999000099990002e-05
2155	-0.005454451235674758	0.04042355955472804	9.999000099990002e-05
2156	-0.0016799882423068498	0.04042355955472804	9.999000099990002e-05
2157	-0.004270603511049071	0.04042355955472804	9.999000099990002e-05
2158	-0.006547227285813492	0.04042355955472804	9.999000099990002e-05
2159	-0.0041996378069309535	0.04042355955472804	9.999000099990002e-05
2160	-0.0026303501667159237	0.04042355955472804	9.999000099990002e-05
2161	-0.0009726438361179438	0.04042355955472804	9.999000099990002e-05
2162	-0.001949021509552651	0.04042355955472804	9.999000099990002e-05
2163	-0.0030049475787466153	0.04042355955472804	9.999000099990002e-05
2164	-0.003294477718656004	0.04042355955472804	9.999000099990002e-05
2165	-0.0028538161260153196	0.04042355955472804	9.999000099990002e-05
2166	-0.0007658664481732913	0.04042355955472804	9.999000099990002e-05
2167	0.0011498285487983068	0.04042355955472804	9.999000099990002e-05
2168	-0.005082289763774285	0.04042355955472804	9.999000099990002e-05
2169	-0.0031363418415771673	0.04042355955472804	9.999000099990002e-05
2170	-0.003957045585636837	0.04042355955472804	9.999000099990002e-05
2171	-0.005692542146159036	0.04042355955472804	9.999000099990002e-05
2172	-0.0034841523954150288	0.04042355955472804	9.999000099990002e-05
2173	-0.0066635630096572125	0.04042355955472804	9.999000099990002e-05
2174	-0.0030529464216942984	0.04042355955472804	9.999000099990002e-05
2175	-0.0017754782226628684	0.04042355955472804	9.999000099990002e-05
2176	-0.004630173277704737	0.04042355955472804	9.999000099990002e-05
2177	-0.0014929145922138107	0.04042355955472804	9.999000099990002e-05
2178	-0.005653761622258867	0.04042355955472804	9.999000099990002e-05
2179	-0.007049935831530083	0.04042355955472804	9.999000099990002e-05
2180	-0.0034982031216897248	0.04042355955472804	9.999000099990002e-05
2181	-5.310032853215602e-05	0.04042355955472804	9.999000099990002e-05
2182	-0.004486304632256005	0.04042355955472804	9.999000099990002e-05
2183	-0.0023454355824236465	0.04042355955472804	9.999000099990002e-05
2184	-0.0009609959441790078	0.04042355955472804	9.999000099990002e-05
2185	-0.0013615003427938116	0.04042355955472804	9.999000099990002e-05
2186	0.0007990784466379061	0.04042355955472804	9.999000099990002e-05
2187	-0.001747549916688694	0.04042355955472804	9.999000099990002e-05
2188	-0.003784697050512378	0.04042355955472804	9.999000099990002e-05
2189	-0.0013569616172424109	0.04042355955472804	9.999000099990002e-05
2190	-0.00423067261369142	0.04042355955472804	9.999000099990002e-05
2191	0.0003660908771822777	0.04042355955472804	9.999000099990002e-05
2192	-0.002933515892777833	0.04042355955472804	9.999000099990002e-05
2193	-0.006017580991810083	0.04042355955472804	9.999000099990002e-05
2194	-0.0032414814011817368	0.04042355955472804	9.999000099990002e-05
2195	-0.007239081296487021	0.04042355955472804	9.999000099990002e-05
2196	-0.0012538488401572664	0.04042355955472804	9.999000099990002e-05
2197	-0.007396405341001291	0.04042355955472804	9.999000099990002e-05
2198	-0.00926878657088704	0.04042355955472804	9.999000099990002e-05
2199	0.00015411647583483956	0.04042355955472804	9.999000099990002e-05
2200	-0.007045392662376986	0.04042355955472804	9.999000099990002e-05
2201	-0.003800342106450452	0.04042355955472804	9.999000099990002e-05
2202	-0.003390624774972027	0.04042355955472804	9.999000099990002e-05
2203	-0.006367318933838496	0.04042355955472804	9.999000099990002e-05
2204	0.0005604870827261562	0.04042355955472804	9.999000099990002e-05
2205	-0.001720478706460002	0.04042355955472804	9.999000099990002e-05
2206	-0.0026468712277521525	0.04042355955472804	9.999000099990002e-05
2207	-0.0006410068382745188	0.04042355955472804	9.999000099990002e-05
2208	-0.00011979636621980289	0.04042355955472804	9.999000099990002e-05
2209	-0.0018024395932132494	0.04042355955472804	9.999000099990002e-05
2210	-0.0064966851060763945	0.04042355955472804	9.999000099990002e-05
2211	-0.002202434747379031	0.04042355955472804	9.999000099990002e-05
2212	-0.003218559168391978	0.04042355955472804	9.999000099990002e-05
2213	-0.0057115331572293844	0.04042355955472804	9.999000099990002e-05
2214	-0.007658060979066133	0.04042355955472804	9.999000099990002e-05
2215	-0.005380722727010692	0.04042355955472804	9.999000099990002e-05
2216	-0.002588799951648993	0.04042355955472804	9.999000099990002e-05
2217	-0.0005221977595590066	0.04042355955472804	9.999000099990002e-05
2218	-0.0042251256907004705	0.04042355955472804	9.999000099990002e-05
2219	-0.001813634045415387	0.04042355955472804	9.999000099990002e-05
2220	-0.006824228661883917	0.04042355955472804	9.999000099990002e-05
2221	-0.004044078718690679	0.04042355955472804	9.999000099990002e-05
2222	-0.0021736161821558006	0.04042355955472804	9.999000099990002e-05
2223	-0.0033203398267866017	0.04042355955472804	9.999000099990002e-05
2224	-0.004542784271787727	0.04042355955472804	9.999000099990002e-05
2225	-0.004176508783153138	0.04042355955472804	9.999000099990002e-05
2226	-0.0015104522954564477	0.04042355955472804	9.999000099990002e-05
2227	-0.0019055736841974424	0.04042355955472804	9.999000099990002e-05
2228	-0.0007762922919364618	0.04042355955472804	9.999000099990002e-05
2229	-0.004584932526392124	0.04042355955472804	9.999000099990002e-05
2230	-0.0021610955745381523	0.04042355955472804	9.999000099990002e-05
2231	-0.004799110954181217	0.04042355955472804	9.999000099990002e-05
2232	-0.0033050526250579166	0.04042355955472804	9.999000099990002e-05
2233	-0.002597157269967701	0.04042355955472804	9.999000099990002e-05
2234	-0.004361357458396518	0.04042355955472804	9.999000099990002e-05
2235	0.0006603375828927963	0.04042355955472804	9.999000099990002e-05
2236	-0.002900709531668137	0.04042355955472804	9.999000099990002e-05
2237	-0.0008423609161481479	0.04042355955472804	9.999000099990002e-05
2238	-0.0013480931693103284	0.04042355955472804	9.999000099990002e-05
2239	-0.004751986731312991	0.04042355955472804	9.999000099990002e-05
2240	-0.0031929664271642373	0.04042355955472804	9.999000099990002e-05
2241	-0.00045350262048978184	0.04042355955472804	9.999000099990002e-05
2242	-0.005248321267031885	0.04042355955472804	9.999000099990002e-05
2243	-0.00263314186429109	0.04042355955472804	9.999000099990002e-05
2244	0.0006856595721989545	0.04042355955472804	9.999000099990002e-05
2245	-0.0003905293207328464	0.04042355955472804	9.999000099990002e-05
2246	-0.007352882262962791	0.04042355955472804	9.999000099990002e-05
2247	-0.0013533902503149605	0.04042355955472804	9.999000099990002e-05
2248	0.002588053253436584	0.04042355955472804	9.999000099990002e-05
2249	-0.0028667763424190308	0.04042355955472804	9.999000099990002e-05
2250	-0.000675139220145135	0.04042355955472804	9.999000099990002e-05
2251	-0.008131328470594511	0.04042355955472804	9.999000099990002e-05
2252	-0.0021750888032999738	0.04042355955472804	9.999000099990002e-05
2253	-0.007520783233697928	0.04042355955472804	9.999000099990002e-05
2254	-0.003487535072779514	0.04042355955472804	9.999000099990002e-05
2255	-0.007093996854683096	0.04042355955472804	9.999000099990002e-05
2256	-0.005783172499822927	0.04042355955472804	9.999000099990002e-05
2257	-0.006865211384770503	0.04042355955472804	9.999000099990002e-05
2258	-0.000963801607359513	0.04042355955472804	9.999000099990002e-05
2259	-0.007958921726211468	0.04042355955472804	9.999000099990002e-05
2260	-0.0005558620820508883	0.04042355955472804	9.999000099990002e-05
2261	-0.0027251499268447278	0.04042355955472804	9.999000099990002e-05
2262	-0.002064591645067658	0.04042355955472804	9.999000099990002e-05
2263	-0.010744768713034803	0.04042355955472804	9.999000099990002e-05
2264	-0.0011161960047912742	0.04042355955472804	9.999000099990002e-05
2265	-0.001918910240963044	0.04042355955472804	9.999000099990002e-05
2266	-0.005113826562871901	0.04042355955472804	9.999000099990002e-05
2267	-0.0003080761367734136	0.04042355955472804	9.999000099990002e-05
2268	-0.004912560068195357	0.04042355955472804	9.999000099990002e-05
2269	-0.005341308633995859	0.04042355955472804	9.999000099990002e-05
2270	-0.003936833141954599	0.04042355955472804	9.999000099990002e-05
2271	-0.0058835995140279	0.04042355955472804	9.999000099990002e-05
2272	0.002107400072687805	0.04042355955472804	9.999000099990002e-05
2273	-0.005653080731671578	0.04042355955472804	9.999000099990002e-05
2274	-0.0050664576918375255	0.04042355955472804	9.999000099990002e-05
2275	-0.002727568054095418	0.04042355955472804	9.999000099990002e-05
2276	-0.0030670311963456225	0.04042355955472804	9.999000099990002e-05
2277	-0.0018496468787313758	0.04042355955472804	9.999000099990002e-05
2278	-0.0016131018607283359	0.04042355955472804	9.999000099990002e-05
2279	-2.2887741976584942e-05	0.04042355955472804	9.999000099990002e-05
2280	-0.006260812957093943	0.04042355955472804	9.999000099990002e-05
2281	-0.0007908678825934073	0.04042355955472804	9.999000099990002e-05
2282	-0.002465269574985082	0.04042355955472804	9.999000099990002e-05
2283	-0.003814885264585921	0.04042355955472804	9.999000099990002e-05
2284	-0.003723269393163879	0.04042355955472804	9.999000099990002e-05
2285	-0.0014381814997490472	0.04042355955472804	9.999000099990002e-05
2286	-0.0029146206595986003	0.04042355955472804	9.999000099990002e-05
2287	-0.0002948761197690469	0.04042355955472804	9.999000099990002e-05
2288	-0.004225136540013707	0.04042355955472804	9.999000099990002e-05
2289	-0.003937694296574363	0.04042355955472804	9.999000099990002e-05
2290	-0.006258747701832559	0.04042355955472804	9.999000099990002e-05
2291	-0.004170393117617721	0.04042355955472804	9.999000099990002e-05
2292	-0.003043232169766491	0.04042355955472804	9.999000099990002e-05
2293	-0.0005989823697173894	0.04042355955472804	9.999000099990002e-05
2294	-0.002651780311154073	0.04042355955472804	9.999000099990002e-05
2295	-0.004518076230497832	0.04042355955472804	9.999000099990002e-05
2296	-0.004186615957194618	0.04042355955472804	9.999000099990002e-05
2297	0.0013309154747506268	0.04042355955472804	9.999000099990002e-05
2298	-0.008717784923455865	0.04042355955472804	9.999000099990002e-05
2299	-0.0005985495898430282	0.04042355955472804	9.999000099990002e-05
2300	-0.002913818849183322	0.04042355955472804	9.999000099990002e-05
2301	-0.0026569334848673964	0.04042355955472804	9.999000099990002e-05
2302	-0.005567327836815725	0.04042355955472804	9.999000099990002e-05
2303	-0.0027052035221731773	0.04042355955472804	9.999000099990002e-05
2304	0.00031733918038347186	0.04042355955472804	9.999000099990002e-05
2305	-0.0006483822552728113	0.04042355955472804	9.999000099990002e-05
2306	-0.0035047897705322616	0.04042355955472804	9.999000099990002e-05
2307	-0.0008446750131045663	0.04042355955472804	9.999000099990002e-05
2308	-0.004252756852452082	0.04042355955472804	9.999000099990002e-05
2309	-0.0026582046819710074	0.04042355955472804	9.999000099990002e-05
2310	-0.005467845540026055	0.04042355955472804	9.999000099990002e-05
2311	-0.00024131631127960186	0.04042355955472804	9.999000099990002e-05
2312	-0.0007970345822210332	0.04042355955472804	9.999000099990002e-05
2313	-0.004791014827307705	0.04042355955472804	9.999000099990002e-05
2314	0.0017091274585979948	0.04042355955472804	9.999000099990002e-05
2315	-0.0009714192487412149	0.04042355955472804	9.999000099990002e-05
2316	-0.00534498570478185	0.04042355955472804	9.999000099990002e-05
2317	-0.003256275093812877	0.04042355955472804	9.999000099990002e-05
2318	-0.0011700442626635956	0.04042355955472804	9.999000099990002e-05
2319	-0.006073955485338012	0.04042355955472804	9.999000099990002e-05
2320	-0.004752222530748496	0.04042355955472804	9.999000099990002e-05
2321	-0.001990069462973239	0.04042355955472804	9.999000099990002e-05
2322	-0.008041295271595026	0.04042355955472804	9.999000099990002e-05
2323	-0.0027441514409736315	0.04042355955472804	9.999000099990002e-05
2324	-0.0028082440282125353	0.04042355955472804	9.999000099990002e-05
2325	-0.004850293070271775	0.04042355955472804	9.999000099990002e-05
2326	-0.007874125263720841	0.04042355955472804	9.999000099990002e-05
2327	-0.00622173630849888	0.04042355955472804	9.999000099990002e-05
2328	0.00016629448368530586	0.04042355955472804	9.999000099990002e-05
2329	-0.0009960727356830069	0.04042355955472804	9.999000099990002e-05
2330	-0.0012272162384233468	0.04042355955472804	9.999000099990002e-05
2331	0.0004624024237065774	0.04042355955472804	9.999000099990002e-05
2332	-0.0015161980071051323	0.04042355955472804	9.999000099990002e-05
2333	-0.003148714386847368	0.04042355955472804	9.999000099990002e-05
2334	-0.0017879312336728903	0.04042355955472804	9.999000099990002e-05
2335	-0.0005836109896292824	0.04042355955472804	9.999000099990002e-05
2336	-0.0035486827062756396	0.04042355955472804	9.999000099990002e-05
2337	-0.0003397767143335839	0.04042355955472804	9.999000099990002e-05
2338	-0.0024246271819739263	0.04042355955472804	9.999000099990002e-05
2339	-0.004645642378557439	0.04042355955472804	9.999000099990002e-05
2340	-0.004688140215731694	0.04042355955472804	9.999000099990002e-05
2341	-0.007844914430420537	0.04042355955472804	9.999000099990002e-05
2342	-0.003101851759388134	0.04042355955472804	9.999000099990002e-05
2343	-0.001592899381486275	0.04042355955472804	9.999000099990002e-05
2344	-0.007454752851391759	0.04042355955472804	9.999000099990002e-05
2345	0.0012393549848406377	0.04042355955472804	9.999000099990002e-05
2346	0.001179188079246296	0.04042355955472804	9.999000099990002e-05
2347	-0.002923194040836188	0.04042355955472804	9.999000099990002e-05
2348	-0.0038447468258438074	0.04042355955472804	9.999000099990002e-05
2349	-0.002671066581282626	0.04042355955472804	9.999000099990002e-05
2350	-0.00504240943883595	0.04042355955472804	9.999000099990002e-05
2351	-0.004622090116145258	0.04042355955472804	9.999000099990002e-05
2352	-0.004014110587937549	0.04042355955472804	9.999000099990002e-05
2353	-0.002652181543380025	0.04042355955472804	9.999000099990002e-05
2354	-0.002111727255867506	0.04042355955472804	9.999000099990002e-05
2355	0.001349236771565228	0.04042355955472804	9.999000099990002e-05
2356	-0.0036653774962201206	0.04042355955472804	9.999000099990002e-05
2357	-0.0007280990269872778	0.04042355955472804	9.999000099990002e-05
2358	0.0045006906292405545	0.04042355955472804	9.999000099990002e-05
2359	-0.0074512105506208594	0.04042355955472804	9.999000099990002e-05
2360	-0.004916083017177037	0.04042355955472804	9.999000099990002e-05
2361	-0.0025492405470877557	0.04042355955472804	9.999000099990002e-05
2362	-0.005490814209415368	0.04042355955472804	9.999000099990002e-05
2363	-0.0013912109562486008	0.04042355955472804	9.999000099990002e-05
2364	9.696606404696606e-05	0.04042355955472804	9.999000099990002e-05
2365	-0.0036752412339868174	0.04042355955472804	9.999000099990002e-05
2366	-0.005470524070030733	0.04042355955472804	9.999000099990002e-05
2367	0.0008326206181740459	0.04042355955472804	9.999000099990002e-05
2368	-0.005231474418816699	0.04042355955472804	9.999000099990002e-05
2369	0.0018265176241171132	0.04042355955472804	9.999000099990002e-05
2370	-0.0029679407636692356	0.04042355955472804	9.999000099990002e-05
2371	-0.00046234080961030934	0.04042355955472804	9.999000099990002e-05
2372	0.0011558721933607602	0.04042355955472804	9.999000099990002e-05
2373	-0.009273744745507712	0.04042355955472804	9.999000099990002e-05
2374	-0.007490324229230075	0.04042355955472804	9.999000099990002e-05
2375	-0.007358866428666162	0.04042355955472804	9.999000099990002e-05
2376	-0.004458647559112681	0.04042355955472804	9.999000099990002e-05
2377	-0.0030987559924968515	0.04042355955472804	9.999000099990002e-05
2378	-0.010848743144885355	0.04042355955472804	9.999000099990002e-05
2379	-0.006551701280976531	0.04042355955472804	9.999000099990002e-05
2380	-0.00019440970947630227	0.04042355955472804	9.999000099990002e-05
2381	-0.005892321207685758	0.04042355955472804	9.999000099990002e-05
2382	-0.0051545330899439275	0.04042355955472804	9.999000099990002e-05
2383	0.0005796133447208779	0.04042355955472804	9.999000099990002e-05
2384	-0.0002659483689041217	0.04042355955472804	9.999000099990002e-05
2385	-0.004918613311706928	0.04042355955472804	9.999000099990002e-05
2386	-0.0020376859638112713	0.04042355955472804	9.999000099990002e-05
2387	0.0008342609420004434	0.04042355955472804	9.999000099990002e-05
2388	-0.0004776395146888379	0.04042355955472804	9.999000099990002e-05
2389	-0.005364593164596698	0.04042355955472804	9.999000099990002e-05
2390	-0.00602030765121495	0.04042355955472804	9.999000099990002e-05
2391	-0.008179270354647706	0.04042355955472804	9.999000099990002e-05
2392	-0.0025781856299229343	0.04042355955472804	9.999000099990002e-05
2393	-0.00318667859610854	0.04042355955472804	9.999000099990002e-05
2394	-0.0036777791461196224	0.04042355955472804	9.999000099990002e-05
2395	-0.004956627246987082	0.04042355955472804	9.999000099990002e-05
2396	-0.007083388457759303	0.04042355955472804	9.999000099990002e-05
2397	-0.0022457402428253488	0.04042355955472804	9.999000099990002e-05
2398	-0.0014097822489404915	0.04042355955472804	9.999000099990002e-05
2399	-0.0067243026012520635	0.04042355955472804	9.999000099990002e-05
2400	1.203769776052105e-05	0.04042355955472804	9.999000099990002e-05
2401	-0.0030126753675885644	0.04042355955472804	9.999000099990002e-05
2402	-0.0018920314329169256	0.04042355955472804	9.999000099990002e-05
2403	-0.004322166911248859	0.04042355955472804	9.999000099990002e-05
2404	-0.00010264979610833808	0.04042355955472804	9.999000099990002e-05
2405	-0.0055771435221277105	0.04042355955472804	9.999000099990002e-05
2406	-0.004239085929086059	0.04042355955472804	9.999000099990002e-05
2407	-0.0021536087789518626	0.04042355955472804	9.999000099990002e-05
2408	-0.003949948749763102	0.04042355955472804	9.999000099990002e-05
2409	-0.00255378115780351	0.04042355955472804	9.999000099990002e-05
2410	-0.0032902390227828107	0.04042355955472804	9.999000099990002e-05
2411	-0.009500834471609109	0.04042355955472804	9.999000099990002e-05
2412	-0.0052226593902868395	0.04042355955472804	9.999000099990002e-05
2413	-0.00304613993960417	0.04042355955472804	9.999000099990002e-05
2414	-0.004793467176062371	0.04042355955472804	9.999000099990002e-05
2415	-0.0024845987614573045	0.04042355955472804	9.999000099990002e-05
2416	-0.007560442667388275	0.04042355955472804	9.999000099990002e-05
2417	0.0026240544102753864	0.04042355955472804	9.999000099990002e-05
2418	-0.0037324046687978426	0.04042355955472804	9.999000099990002e-05
2419	-0.002671760283292991	0.04042355955472804	9.999000099990002e-05
2420	0.0005170818274599212	0.04042355955472804	9.999000099990002e-05
2421	-0.005471675924688772	0.04042355955472804	9.999000099990002e-05
2422	0.00032122136859324827	0.04042355955472804	9.999000099990002e-05
2423	-9.08316815225782e-05	0.04042355955472804	9.999000099990002e-05
2424	-0.00642502720038486	0.04042355955472804	9.999000099990002e-05
2425	-0.010694529467667947	0.04042355955472804	9.999000099990002e-05
2426	-0.0017953527217796834	0.04042355955472804	9.999000099990002e-05
2427	0.000850969211399076	0.04042355955472804	9.999000099990002e-05
2428	-0.0033008435724324074	0.04042355955472804	9.999000099990002e-05
2429	-0.007075181375497961	0.04042355955472804	9.999000099990002e-05
2430	-0.001857749276661827	0.04042355955472804	9.999000099990002e-05
2431	-0.003517671444833255	0.04042355955472804	9.999000099990002e-05
2432	-0.0073777627775549175	0.04042355955472804	9.999000099990002e-05
2433	-0.0023292519273344415	0.04042355955472804	9.999000099990002e-05
2434	-0.001953281596270373	0.04042355955472804	9.999000099990002e-05
2435	-0.00702337198058605	0.04042355955472804	9.999000099990002e-05
2436	-0.005937077548704292	0.04042355955472804	9.999000099990002e-05
2437	-0.008634607490128957	0.04042355955472804	9.999000099990002e-05
2438	-0.0021386013894754917	0.04042355955472804	9.999000099990002e-05
2439	-0.0025033645723325617	0.04042355955472804	9.999000099990002e-05
2440	-0.004513102743725858	0.04042355955472804	9.999000099990002e-05
2441	-0.0046631642117940155	0.04042355955472804	9.999000099990002e-05
2442	-0.005254302720406956	0.04042355955472804	9.999000099990002e-05
2443	-0.0009234475483129972	0.04042355955472804	9.999000099990002e-05
2444	-0.0057738515354998545	0.04042355955472804	9.999000099990002e-05
2445	-0.0034178933696033644	0.04042355955472804	9.999000099990002e-05
2446	-0.0011116529318200355	0.04042355955472804	9.999000099990002e-05
2447	-0.002578174857555188	0.04042355955472804	9.999000099990002e-05
2448	-0.008020513258204378	0.04042355955472804	9.999000099990002e-05
2449	-0.004071924962306241	0.04042355955472804	9.999000099990002e-05
2450	-0.002425725405629668	0.04042355955472804	9.999000099990002e-05
2451	-0.0011010535375178584	0.04042355955472804	9.999000099990002e-05
2452	-0.0021154401640126426	0.04042355955472804	9.999000099990002e-05
2453	-0.004129004968976321	0.04042355955472804	9.999000099990002e-05
2454	-0.003121602241621231	0.04042355955472804	9.999000099990002e-05
2455	-0.0032793970578425466	0.04042355955472804	9.999000099990002e-05
2456	-0.0046893792880957725	0.04042355955472804	9.999000099990002e-05
2457	-4.2970128554607745e-05	0.04042355955472804	9.999000099990002e-05
2458	0.0012934660115405713	0.04042355955472804	9.999000099990002e-05
2459	-0.003414995160242068	0.04042355955472804	9.999000099990002e-05
2460	-0.0035654324877628487	0.04042355955472804	9.999000099990002e-05
2461	-0.004279295369095532	0.04042355955472804	9.999000099990002e-05
2462	-0.007590355339683863	0.04042355955472804	9.999000099990002e-05
2463	-0.006863744880792307	0.04042355955472804	9.999000099990002e-05
2464	-0.0036519220586818434	0.04042355955472804	9.999000099990002e-05
2465	-0.0016141535323663096	0.04042355955472804	9.999000099990002e-05
2466	-0.0005667537345373924	0.04042355955472804	9.999000099990002e-05
2467	-0.007261999720475323	0.04042355955472804	9.999000099990002e-05
2468	-0.0033677369175772118	0.04042355955472804	9.999000099990002e-05
2469	-0.006010060647992801	0.04042355955472804	9.999000099990002e-05
2470	-0.000932998714287607	0.04042355955472804	9.999000099990002e-05
2471	0.001083233540531059	0.04042355955472804	9.999000099990002e-05
2472	-0.005018111882466448	0.04042355955472804	9.999000099990002e-05
2473	0.0008136463427464505	0.04042355955472804	9.999000099990002e-05
2474	-0.002373830966721642	0.04042355955472804	9.999000099990002e-05
2475	-0.0060041403855138255	0.04042355955472804	9.999000099990002e-05
2476	-0.0014541503038107474	0.04042355955472804	9.999000099990002e-05
2477	-0.003208391938400293	0.04042355955472804	9.999000099990002e-05
2478	-0.003764505497529039	0.04042355955472804	9.999000099990002e-05
2479	-0.0008045636785871072	0.04042355955472804	9.999000099990002e-05
2480	-0.0027873145295655697	0.04042355955472804	9.999000099990002e-05
2481	-0.0031858078040669187	0.04042355955472804	9.999000099990002e-05
2482	-0.0019036920593334423	0.04042355955472804	9.999000099990002e-05
2483	-0.004996931387650902	0.04042355955472804	9.999000099990002e-05
2484	-0.0018103165408757892	0.04042355955472804	9.999000099990002e-05
2485	-0.006039081021984009	0.04042355955472804	9.999000099990002e-05
2486	-0.0034218218212853564	0.04042355955472804	9.999000099990002e-05
2487	-0.0008921358532286122	0.04042355955472804	9.999000099990002e-05
2488	-0.0032431286501016913	0.04042355955472804	9.999000099990002e-05
2489	-0.0039620690485006145	0.04042355955472804	9.999000099990002e-05
2490	-0.0040539672713759455	0.04042355955472804	9.999000099990002e-05
2491	-0.0013289041967461958	0.04042355955472804	9.999000099990002e-05
2492	-0.004365709418022055	0.04042355955472804	9.999000099990002e-05
2493	-0.0048574245123769065	0.04042355955472804	9.999000099990002e-05
2494	-0.0026628677706608097	0.04042355955472804	9.999000099990002e-05
2495	-0.003720580744828057	0.04042355955472804	9.999000099990002e-05
2496	-0.003394715312315913	0.04042355955472804	9.999000099990002e-05
2497	-0.006153643537150595	0.04042355955472804	9.999000099990002e-05
2498	-0.0048747296094216255	0.04042355955472804	9.999000099990002e-05
2499	-0.005924465452906251	0.04042355955472804	9.999000099990002e-05
2500	-0.005967121759304664	0.04042355955472804	9.999000099990002e-05
2501	-0.004078460134620034	0.04042355955472804	9.999000099990002e-05
2502	-0.0070983451786345185	0.04042355955472804	9.999000099990002e-05
2503	-0.003414052866609503	0.04042355955472804	9.999000099990002e-05
2504	-0.0060521813368775755	0.04042355955472804	9.999000099990002e-05
2505	-0.0028532848751578995	0.04042355955472804	9.999000099990002e-05
2506	-0.0022789021497799183	0.04042355955472804	9.999000099990002e-05
2507	-0.0035691748467919517	0.04042355955472804	9.999000099990002e-05
2508	-0.005459102340105437	0.04042355955472804	9.999000099990002e-05
2509	-0.005396056596175388	0.04042355955472804	9.999000099990002e-05
2510	-0.0006043501251490127	0.04042355955472804	9.999000099990002e-05
2511	-0.0019476193897081258	0.04042355955472804	9.999000099990002e-05
2512	-0.004535086087720723	0.04042355955472804	9.999000099990002e-05
2513	-0.010137128745247671	0.04042355955472804	9.999000099990002e-05
2514	-0.0018676296538894257	0.04042355955472804	9.999000099990002e-05
2515	-0.003737236710533985	0.04042355955472804	9.999000099990002e-05
2516	-0.004496506968624733	0.04042355955472804	9.999000099990002e-05
2517	-0.0014629323419643805	0.04042355955472804	9.999000099990002e-05
2518	-0.0032344594525002433	0.04042355955472804	9.999000099990002e-05
2519	-0.0005317254763973877	0.04042355955472804	9.999000099990002e-05
2520	0.0007172314392008758	0.04042355955472804	9.999000099990002e-05
2521	-0.004917372450360348	0.04042355955472804	9.999000099990002e-05
2522	0.0009483833867080738	0.04042355955472804	9.999000099990002e-05
2523	-0.0036756972513973278	0.04042355955472804	9.999000099990002e-05
2524	-0.004016287914296285	0.04042355955472804	9.999000099990002e-05
2525	-0.006779779487237224	0.04042355955472804	9.999000099990002e-05
2526	-0.004575243974255962	0.04042355955472804	9.999000099990002e-05
2527	-0.001833586759616619	0.04042355955472804	9.999000099990002e-05
2528	-0.0012973827290362534	0.04042355955472804	9.999000099990002e-05
2529	-0.003622476541655556	0.04042355955472804	9.999000099990002e-05
2530	-0.0022451864661775177	0.04042355955472804	9.999000099990002e-05
2531	-0.003650164873901733	0.04042355955472804	9.999000099990002e-05
2532	-0.0039494422176424016	0.04042355955472804	9.999000099990002e-05
2533	-0.0009294441599484018	0.04042355955472804	9.999000099990002e-05
2534	-0.0027314914850845836	0.04042355955472804	9.999000099990002e-05
2535	-0.0018109261799449578	0.04042355955472804	9.999000099990002e-05
2536	-0.002203203375054376	0.04042355955472804	9.999000099990002e-05
2537	-0.003329786423848556	0.04042355955472804	9.999000099990002e-05
2538	-0.005164981709570346	0.04042355955472804	9.999000099990002e-05
2539	0.0005443196246613213	0.04042355955472804	9.999000099990002e-05
2540	-0.00044674753798291944	0.04042355955472804	9.999000099990002e-05
2541	-0.0033119450167808416	0.04042355955472804	9.999000099990002e-05
2542	-0.007581994731945711	0.04042355955472804	9.999000099990002e-05
2543	-0.0011641867492267698	0.04042355955472804	9.999000099990002e-05
2544	-0.0050218226169016595	0.04042355955472804	9.999000099990002e-05
2545	-0.0035735737623990584	0.04042355955472804	9.999000099990002e-05
2546	-0.003808119852147844	0.04042355955472804	9.999000099990002e-05
2547	0.000145344363648639	0.04042355955472804	9.999000099990002e-05
2548	-0.007031250601812866	0.04042355955472804	9.999000099990002e-05
2549	-0.0033848166990086232	0.04042355955472804	9.999000099990002e-05
2550	-0.0004692136956530618	0.04042355955472804	9.999000099990002e-05
2551	-0.002986135312035433	0.04042355955472804	9.999000099990002e-05
2552	-0.005290223719287872	0.04042355955472804	9.999000099990002e-05
2553	-0.004381441287702364	0.04042355955472804	9.999000099990002e-05
2554	-0.0010895587478555748	0.04042355955472804	9.999000099990002e-05
2555	-0.0022632528810765996	0.04042355955472804	9.999000099990002e-05
2556	-0.004509644794441723	0.04042355955472804	9.999000099990002e-05
2557	-0.0049580141508621615	0.04042355955472804	9.999000099990002e-05
2558	-0.0020647725054276323	0.04042355955472804	9.999000099990002e-05
2559	-0.004891074561481516	0.04042355955472804	9.999000099990002e-05
2560	-0.007291918202154951	0.04042355955472804	9.999000099990002e-05
2561	-0.008980038023967043	0.04042355955472804	9.999000099990002e-05
2562	-0.004314155982262426	0.04042355955472804	9.999000099990002e-05
2563	-0.001206827935837583	0.04042355955472804	9.999000099990002e-05
2564	-0.006587398368499217	0.04042355955472804	9.999000099990002e-05
2565	-0.0012782504268210426	0.04042355955472804	9.999000099990002e-05
2566	-0.0054481127937270005	0.04042355955472804	9.999000099990002e-05
2567	0.0001826239312301803	0.04042355955472804	9.999000099990002e-05
2568	-0.0010096963760491532	0.04042355955472804	9.999000099990002e-05
2569	-0.001549701763608423	0.04042355955472804	9.999000099990002e-05
2570	8.967028562454072e-05	0.04042355955472804	9.999000099990002e-05
2571	-0.005588199703295223	0.04042355955472804	9.999000099990002e-05
2572	-0.004493744529569832	0.04042355955472804	9.999000099990002e-05
2573	-0.009959044212841876	0.04042355955472804	9.999000099990002e-05
2574	0.002034261274212569	0.04042355955472804	9.999000099990002e-05
2575	-0.0035234197341556485	0.04042355955472804	9.999000099990002e-05
2576	-0.0047601801172781925	0.04042355955472804	9.999000099990002e-05
2577	-0.0012343860763249516	0.04042355955472804	9.999000099990002e-05
2578	-0.006278739177321318	0.04042355955472804	9.999000099990002e-05
2579	-0.00021903953568178368	0.04042355955472804	9.999000099990002e-05
2580	-0.00038199862500247624	0.04042355955472804	9.999000099990002e-05
2581	-0.0050210094185547584	0.04042355955472804	9.999000099990002e-05
2582	-0.0009933937247690512	0.04042355955472804	9.999000099990002e-05
2583	-0.0031037647010640893	0.04042355955472804	9.999000099990002e-05
2584	-0.004000480464914381	0.04042355955472804	9.999000099990002e-05
2585	-0.0016142153195899066	0.04042355955472804	9.999000099990002e-05
2586	-0.0004879450349515216	0.04042355955472804	9.999000099990002e-05
2587	-0.0055824104405026425	0.04042355955472804	9.999000099990002e-05
2588	-0.004913993100888051	0.04042355955472804	9.999000099990002e-05
2589	-0.0015135028761122937	0.04042355955472804	9.999000099990002e-05
2590	-0.0036180588128776336	0.04042355955472804	9.999000099990002e-05
2591	-0.004030140679077199	0.04042355955472804	9.999000099990002e-05
2592	-0.004230063128513223	0.04042355955472804	9.999000099990002e-05
2593	-0.006829835544643221	0.04042355955472804	9.999000099990002e-05
2594	-0.0017367368447776476	0.04042355955472804	9.999000099990002e-05
2595	-0.002252865471582656	0.04042355955472804	9.999000099990002e-05
2596	-0.007599070685339296	0.04042355955472804	9.999000099990002e-05
2597	-0.006257751911852291	0.04042355955472804	9.999000099990002e-05
2598	-0.010044197067577693	0.04042355955472804	9.999000099990002e-05
2599	-0.006867631070167242	0.04042355955472804	9.999000099990002e-05
2600	-0.00707304215639014	0.04042355955472804	9.999000099990002e-05
2601	-0.008152682092748897	0.04042355955472804	9.999000099990002e-05
2602	-0.006220581818458014	0.04042355955472804	9.999000099990002e-05
2603	0.00010860185630855306	0.04042355955472804	9.999000099990002e-05
2604	0.000612711579287492	0.04042355955472804	9.999000099990002e-05
2605	-0.005177506510716866	0.04042355955472804	9.999000099990002e-05
2606	-0.006357257176868909	0.04042355955472804	9.999000099990002e-05
2607	-0.005689357257160995	0.04042355955472804	9.999000099990002e-05
2608	-0.006568094439382101	0.04042355955472804	9.999000099990002e-05
2609	0.00011872632384754972	0.04042355955472804	9.999000099990002e-05
2610	-0.005435292041012917	0.04042355955472804	9.999000099990002e-05
2611	-0.0053318175047350775	0.04042355955472804	9.999000099990002e-05
2612	-0.001579145126161159	0.04042355955472804	9.999000099990002e-05
2613	-0.005925900082217733	0.04042355955472804	9.999000099990002e-05
2614	0.0009961663398642088	0.04042355955472804	9.999000099990002e-05
2615	-0.003153281466809603	0.04042355955472804	9.999000099990002e-05
2616	-0.0072597476992880645	0.04042355955472804	9.999000099990002e-05
2617	-0.0037360961283893395	0.04042355955472804	9.999000099990002e-05
2618	-0.008332613336005348	0.04042355955472804	9.999000099990002e-05
2619	-0.0044769263820201525	0.04042355955472804	9.999000099990002e-05
2620	-0.0020187778999726	0.04042355955472804	9.999000099990002e-05
2621	0.0019047262451101984	0.04042355955472804	9.999000099990002e-05
2622	-0.0021299913244784375	0.04042355955472804	9.999000099990002e-05
2623	-0.0032354876557656093	0.04042355955472804	9.999000099990002e-05
2624	-0.00290915858824006	0.04042355955472804	9.999000099990002e-05
2625	-0.002575014360275546	0.04042355955472804	9.999000099990002e-05
2626	-0.002882531103380809	0.04042355955472804	9.999000099990002e-05
2627	-7.756258671000326e-06	0.04042355955472804	9.999000099990002e-05
2628	-0.008151157321802988	0.04042355955472804	9.999000099990002e-05
2629	-0.0040167909838702085	0.04042355955472804	9.999000099990002e-05
2630	-0.006440289279413043	0.04042355955472804	9.999000099990002e-05
2631	-0.005676868235664495	0.04042355955472804	9.999000099990002e-05
2632	-0.002963699413176846	0.04042355955472804	9.999000099990002e-05
2633	-0.00425473308178857	0.04042355955472804	9.999000099990002e-05
2634	-0.003826003829304535	0.04042355955472804	9.999000099990002e-05
2635	-0.005853067546004913	0.04042355955472804	9.999000099990002e-05
2636	-0.006797489067454593	0.04042355955472804	9.999000099990002e-05
2637	-0.004126297026560406	0.04042355955472804	9.999000099990002e-05
2638	-0.0032757497457224574	0.04042355955472804	9.999000099990002e-05
2639	-0.0046044319739839065	0.04042355955472804	9.999000099990002e-05
2640	-0.007627276533674003	0.04042355955472804	9.999000099990002e-05
2641	-0.005263630590587204	0.04042355955472804	9.999000099990002e-05
2642	-0.0033483817427678005	0.04042355955472804	9.999000099990002e-05
2643	-0.0018115017321647512	0.04042355955472804	9.999000099990002e-05
2644	-0.0019488914716848161	0.04042355955472804	9.999000099990002e-05
2645	-0.0030319618300808327	0.04042355955472804	9.999000099990002e-05
2646	-0.003091082931130347	0.04042355955472804	9.999000099990002e-05
2647	-0.00352463066370898	0.04042355955472804	9.999000099990002e-05
2648	-0.005034167288670311	0.04042355955472804	9.999000099990002e-05
2649	-0.0007004815615318002	0.04042355955472804	9.999000099990002e-05
2650	-0.004471133021880546	0.04042355955472804	9.999000099990002e-05
2651	-0.0028287543855721755	0.04042355955472804	9.999000099990002e-05
2652	0.0005049137455768876	0.04042355955472804	9.999000099990002e-05
2653	-0.00828231495803409	0.04042355955472804	9.999000099990002e-05
2654	-0.0034764695619720716	0.04042355955472804	9.999000099990002e-05
2655	-0.007729542698835841	0.04042355955472804	9.999000099990002e-05
2656	-0.002556335440088013	0.04042355955472804	9.999000099990002e-05
2657	-0.0044750829028798135	0.04042355955472804	9.999000099990002e-05
2658	-0.0013964767973867573	0.04042355955472804	9.999000099990002e-05
2659	-0.00419559509120533	0.04042355955472804	9.999000099990002e-05
2660	-0.0036406539696515845	0.04042355955472804	9.999000099990002e-05
2661	-0.00557898326941207	0.04042355955472804	9.999000099990002e-05
2662	-0.0071571567087658165	0.04042355955472804	9.999000099990002e-05
2663	-0.0002370505690688182	0.04042355955472804	9.999000099990002e-05
2664	-0.002544459289371011	0.04042355955472804	9.999000099990002e-05
2665	0.0006480648166788755	0.04042355955472804	9.999000099990002e-05
2666	-0.0018097722285224799	0.04042355955472804	9.999000099990002e-05
2667	-0.005856245759982222	0.04042355955472804	9.999000099990002e-05
2668	-0.0016667360755007437	0.04042355955472804	9.999000099990002e-05
2669	-0.0003395823500411801	0.04042355955472804	9.999000099990002e-05
2670	-0.004141670791958515	0.04042355955472804	9.999000099990002e-05
2671	-0.0034430245533457553	0.04042355955472804	9.999000099990002e-05
2672	-0.0033045606741064102	0.04042355955472804	9.999000099990002e-05
2673	-0.006844507567227899	0.04042355955472804	9.999000099990002e-05
2674	-0.0016189881902489017	0.04042355955472804	9.999000099990002e-05
2675	-0.0013352579700816325	0.04042355955472804	9.999000099990002e-05
2676	-0.0038210116255435996	0.04042355955472804	9.999000099990002e-05
2677	-0.001304088181705991	0.04042355955472804	9.999000099990002e-05
2678	-0.0029083010115852985	0.04042355955472804	9.999000099990002e-05
2679	-0.0028765992606065048	0.04042355955472804	9.999000099990002e-05
2680	3.313966970971416e-05	0.04042355955472804	9.999000099990002e-05
2681	-0.007365392521412856	0.04042355955472804	9.999000099990002e-05
2682	-0.0024191146151415475	0.04042355955472804	9.999000099990002e-05
2683	-0.002847222282770026	0.04042355955472804	9.999000099990002e-05
2684	-0.0027975371603056825	0.04042355955472804	9.999000099990002e-05
2685	-0.005045179591675619	0.04042355955472804	9.999000099990002e-05
2686	-0.009777001508560933	0.04042355955472804	9.999000099990002e-05
2687	-0.005830214968114478	0.04042355955472804	9.999000099990002e-05
2688	-0.0014782629024732625	0.04042355955472804	9.999000099990002e-05
2689	-0.0037831211877651497	0.04042355955472804	9.999000099990002e-05
2690	-0.004108576500847951	0.04042355955472804	9.999000099990002e-05
2691	-0.005558252751786549	0.04042355955472804	9.999000099990002e-05
2692	-0.0010106483071035733	0.04042355955472804	9.999000099990002e-05
2693	0.0005824487280945506	0.04042355955472804	9.999000099990002e-05
2694	-0.0035813652621016962	0.04042355955472804	9.999000099990002e-05
2695	-0.007829306846933143	0.04042355955472804	9.999000099990002e-05
2696	-0.004979231868055553	0.04042355955472804	9.999000099990002e-05
2697	-0.004340576002860627	0.04042355955472804	9.999000099990002e-05
2698	-0.0022532932115278126	0.04042355955472804	9.999000099990002e-05
2699	-0.006715977811636684	0.04042355955472804	9.999000099990002e-05
2700	-0.0074035024461842165	0.04042355955472804	9.999000099990002e-05
2701	-0.008095357995767426	0.04042355955472804	9.999000099990002e-05
2702	-0.0032989546569838005	0.04042355955472804	9.999000099990002e-05
2703	-0.0023025488050645	0.04042355955472804	9.999000099990002e-05
2704	-0.00023761894612222417	0.04042355955472804	9.999000099990002e-05
2705	-0.00512536838546124	0.04042355955472804	9.999000099990002e-05
2706	-0.002476664835663912	0.04042355955472804	9.999000099990002e-05
2707	-0.0035668049258869516	0.04042355955472804	9.999000099990002e-05
2708	-0.0036858222960274465	0.04042355955472804	9.999000099990002e-05
2709	-0.0029304645041944035	0.04042355955472804	9.999000099990002e-05
2710	-0.007714437684776729	0.04042355955472804	9.999000099990002e-05
2711	-0.0028209698301994574	0.04042355955472804	9.999000099990002e-05
2712	-0.007852946423233205	0.04042355955472804	9.999000099990002e-05
2713	-0.0036796491906882834	0.04042355955472804	9.999000099990002e-05
2714	-0.002920253242149537	0.04042355955472804	9.999000099990002e-05
2715	0.00014088620001891233	0.04042355955472804	9.999000099990002e-05
2716	-0.006852281965796733	0.04042355955472804	9.999000099990002e-05
2717	-0.00476250352463817	0.04042355955472804	9.999000099990002e-05
2718	-0.008282173147507205	0.04042355955472804	9.999000099990002e-05
2719	-0.003344962881789498	0.04042355955472804	9.999000099990002e-05
2720	-0.004781446444781065	0.04042355955472804	9.999000099990002e-05
2721	-0.0015916735245090601	0.04042355955472804	9.999000099990002e-05
2722	-0.0025427484642449607	0.04042355955472804	9.999000099990002e-05
2723	-0.0054275726199923425	0.04042355955472804	9.999000099990002e-05
2724	-0.0010881929078067232	0.04042355955472804	9.999000099990002e-05
2725	0.001960440007767632	0.04042355955472804	9.999000099990002e-05
2726	-0.0008525719858293049	0.04042355955472804	9.999000099990002e-05
2727	-0.002971740120065568	0.04042355955472804	9.999000099990002e-05
2728	-0.0032235961544245643	0.04042355955472804	9.999000099990002e-05
2729	-0.004472308787347727	0.04042355955472804	9.999000099990002e-05
2730	-0.00044635623172439994	0.04042355955472804	9.999000099990002e-05
2731	-0.005353487930683169	0.04042355955472804	9.999000099990002e-05
2732	-0.006574192888365485	0.04042355955472804	9.999000099990002e-05
2733	-0.005685350744285557	0.04042355955472804	9.999000099990002e-05
2734	-0.0019658785145717215	0.04042355955472804	9.999000099990002e-05
2735	-0.0046711875097669945	0.04042355955472804	9.999000099990002e-05
2736	-0.004526880525132686	0.04042355955472804	9.999000099990002e-05
2737	-0.003084508766692577	0.04042355955472804	9.999000099990002e-05
2738	-0.0038701805015198946	0.04042355955472804	9.999000099990002e-05
2739	-0.007677542786905721	0.04042355955472804	9.999000099990002e-05
2740	-0.002760321765257745	0.04042355955472804	9.999000099990002e-05
2741	-0.007873509449776592	0.04042355955472804	9.999000099990002e-05
2742	-0.006979963455136748	0.04042355955472804	9.999000099990002e-05
2743	-0.003971673556931963	0.04042355955472804	9.999000099990002e-05
2744	-0.002238099363907503	0.04042355955472804	9.999000099990002e-05
2745	-0.008847959215638718	0.04042355955472804	9.999000099990002e-05
2746	-0.0037954597038950834	0.04042355955472804	9.999000099990002e-05
2747	-0.0015855602827563973	0.04042355955472804	9.999000099990002e-05
2748	-0.0039087957080478465	0.04042355955472804	9.999000099990002e-05
2749	-0.003769502241073522	0.04042355955472804	9.999000099990002e-05
2750	-0.00627537046556217	0.04042355955472804	9.999000099990002e-05
2751	-0.006958559722235953	0.04042355955472804	9.999000099990002e-05
2752	-0.006567784368318237	0.04042355955472804	9.999000099990002e-05
2753	0.00013181680895554688	0.04042355955472804	9.999000099990002e-05
2754	0.00044897530210637887	0.04042355955472804	9.999000099990002e-05
2755	-0.0028914977337503867	0.04042355955472804	9.999000099990002e-05
2756	-0.004227638845623818	0.04042355955472804	9.999000099990002e-05
2757	-0.00295761918103679	0.04042355955472804	9.999000099990002e-05
2758	-0.001354220049650029	0.04042355955472804	9.999000099990002e-05
2759	-0.004942930489174838	0.04042355955472804	9.999000099990002e-05
2760	-0.0011497262305410455	0.04042355955472804	9.999000099990002e-05
2761	8.357843471640397e-05	0.04042355955472804	9.999000099990002e-05
2762	-0.005030815312553912	0.04042355955472804	9.999000099990002e-05
2763	-0.004111676172722544	0.04042355955472804	9.999000099990002e-05
2764	-0.003891215761734525	0.04042355955472804	9.999000099990002e-05
2765	-0.0018526913614576146	0.04042355955472804	9.999000099990002e-05
2766	-0.003497258981365545	0.04042355955472804	9.999000099990002e-05
2767	-0.0039505077779402155	0.04042355955472804	9.999000099990002e-05
2768	-0.0015444234765382466	0.04042355955472804	9.999000099990002e-05
2769	-0.006435532932796724	0.04042355955472804	9.999000099990002e-05
2770	-0.004186849832993021	0.04042355955472804	9.999000099990002e-05
2771	-0.00511650276527569	0.04042355955472804	9.999000099990002e-05
2772	-0.004097686945125882	0.04042355955472804	9.999000099990002e-05
2773	-0.0036802527125914864	0.04042355955472804	9.999000099990002e-05
2774	-0.0011081367732773046	0.04042355955472804	9.999000099990002e-05
2775	-0.006313396058083141	0.04042355955472804	9.999000099990002e-05
2776	-0.005472339560251294	0.04042355955472804	9.999000099990002e-05
2777	0.00016451783169775663	0.04042355955472804	9.999000099990002e-05
2778	-0.0038397269794177694	0.04042355955472804	9.999000099990002e-05
2779	-0.0034895220744837587	0.04042355955472804	9.999000099990002e-05
2780	-0.0027936652443180123	0.04042355955472804	9.999000099990002e-05
2781	-0.002177229041935459	0.04042355955472804	9.999000099990002e-05
2782	-0.0008950265604052238	0.04042355955472804	9.999000099990002e-05
2783	-0.004840181664228678	0.04042355955472804	9.999000099990002e-05
2784	-0.0017635291853362156	0.04042355955472804	9.999000099990002e-05
2785	-0.004315886351541393	0.04042355955472804	9.999000099990002e-05
2786	-0.004982165645466793	0.04042355955472804	9.999000099990002e-05
2787	0.0024832507535243616	0.04042355955472804	9.999000099990002e-05
2788	-0.0035062128964939016	0.04042355955472804	9.999000099990002e-05
2789	-0.0024017151829335225	0.04042355955472804	9.999000099990002e-05
2790	-0.0030008756622098413	0.04042355955472804	9.999000099990002e-05
2791	-0.0044406662843915635	0.04042355955472804	9.999000099990002e-05
2792	-0.0014589986772258535	0.04042355955472804	9.999000099990002e-05
2793	-0.0033506197983497244	0.04042355955472804	9.999000099990002e-05
2794	5.309800093128425e-05	0.04042355955472804	9.999000099990002e-05
2795	-0.0068421889881970345	0.04042355955472804	9.999000099990002e-05
2796	-0.0012635876954035495	0.04042355955472804	9.999000099990002e-05
2797	0.0010545186785838045	0.04042355955472804	9.999000099990002e-05
2798	-0.0024335547432740344	0.04042355955472804	9.999000099990002e-05
2799	-0.0059235223321097335	0.04042355955472804	9.999000099990002e-05
2800	-0.010352338954267137	0.04042355955472804	9.999000099990002e-05
2801	5.696312647999469e-05	0.04042355955472804	9.999000099990002e-05
2802	-0.004612619435146839	0.04042355955472804	9.999000099990002e-05
2803	-0.0009903831942375887	0.04042355955472804	9.999000099990002e-05
2804	-0.001192373226535899	0.04042355955472804	9.999000099990002e-05
2805	-0.001626407177627473	0.04042355955472804	9.999000099990002e-05
2806	-0.004239827683551139	0.04042355955472804	9.999000099990002e-05
2807	-0.0041405205146828935	0.04042355955472804	9.999000099990002e-05
2808	-0.001990611890162197	0.04042355955472804	9.999000099990002e-05
2809	0.0005206395173275979	0.04042355955472804	9.999000099990002e-05
2810	-0.005016310357851214	0.04042355955472804	9.999000099990002e-05
2811	-0.002629908191856237	0.04042355955472804	9.999000099990002e-05
2812	-0.0104055542970614	0.04042355955472804	9.999000099990002e-05
2813	-0.002947380430217789	0.04042355955472804	9.999000099990002e-05
2814	-0.0024713218951508574	0.04042355955472804	9.999000099990002e-05
2815	-0.001218404422367425	0.04042355955472804	9.999000099990002e-05
2816	-0.004333581235171332	0.04042355955472804	9.999000099990002e-05
2817	-0.00836587498354346	0.04042355955472804	9.999000099990002e-05
2818	-0.0010304652509984136	0.04042355955472804	9.999000099990002e-05
2819	-0.0035837837933161793	0.04042355955472804	9.999000099990002e-05
2820	-0.0006802095620450005	0.04042355955472804	9.999000099990002e-05
2821	-0.0022803640177927187	0.04042355955472804	9.999000099990002e-05
2822	-0.0034454429306692708	0.04042355955472804	9.999000099990002e-05
2823	-0.004068634927304411	0.04042355955472804	9.999000099990002e-05
2824	-0.005878109761531509	0.04042355955472804	9.999000099990002e-05
2825	-0.007104680215744607	0.04042355955472804	9.999000099990002e-05
2826	0.001698981253959786	0.04042355955472804	9.999000099990002e-05
2827	-0.0008593912601061362	0.04042355955472804	9.999000099990002e-05
2828	-0.0020832667179809987	0.04042355955472804	9.999000099990002e-05
2829	-0.0029327275093494988	0.04042355955472804	9.999000099990002e-05
2830	-0.0011941260446597921	0.04042355955472804	9.999000099990002e-05
2831	-0.0007968270025417668	0.04042355955472804	9.999000099990002e-05
2832	-0.0028781439989054927	0.04042355955472804	9.999000099990002e-05
2833	-0.009669480159210455	0.04042355955472804	9.999000099990002e-05
2834	0.003998156114972233	0.04042355955472804	9.999000099990002e-05
2835	-0.005247853496198713	0.04042355955472804	9.999000099990002e-05
2836	-0.0034645886021623133	0.04042355955472804	9.999000099990002e-05
2837	0.0014257891410167465	0.04042355955472804	9.999000099990002e-05
2838	-0.0014140696128322598	0.04042355955472804	9.999000099990002e-05
2839	-0.00495052029552773	0.04042355955472804	9.999000099990002e-05
2840	-0.008689510324331262	0.04042355955472804	9.999000099990002e-05
2841	-0.005919170199356863	0.04042355955472804	9.999000099990002e-05
2842	-0.003380174289417627	0.04042355955472804	9.999000099990002e-05
2843	-0.004839968025092548	0.04042355955472804	9.999000099990002e-05
2844	-0.0037668562397721746	0.04042355955472804	9.999000099990002e-05
2845	-0.003960319212014227	0.04042355955472804	9.999000099990002e-05
2846	-0.0031558656231782415	0.04042355955472804	9.999000099990002e-05
2847	-0.007867282905798837	0.04042355955472804	9.999000099990002e-05
2848	-0.005504595222532517	0.04042355955472804	9.999000099990002e-05
2849	-0.0013294450465527394	0.04042355955472804	9.999000099990002e-05
2850	-0.002685917579062927	0.04042355955472804	9.999000099990002e-05
2851	-0.0007236295138986646	0.04042355955472804	9.999000099990002e-05
2852	-0.009066007251050974	0.04042355955472804	9.999000099990002e-05
2853	-0.005134567160355827	0.04042355955472804	9.999000099990002e-05
2854	-0.0007344657464003742	0.04042355955472804	9.999000099990002e-05
2855	0.000671027118829387	0.04042355955472804	9.999000099990002e-05
2856	-0.002011633934989966	0.04042355955472804	9.999000099990002e-05
2857	-0.004174335784977876	0.04042355955472804	9.999000099990002e-05
2858	-0.007461424024848395	0.04042355955472804	9.999000099990002e-05
2859	-0.0019413271919962115	0.04042355955472804	9.999000099990002e-05
2860	-0.004081012454794697	0.04042355955472804	9.999000099990002e-05
2861	-0.001923490093875603	0.04042355955472804	9.999000099990002e-05
2862	-0.003939622300328796	0.04042355955472804	9.999000099990002e-05
2863	-0.0032240656950038747	0.04042355955472804	9.999000099990002e-05
2864	0.0009197888482612951	0.04042355955472804	9.999000099990002e-05
2865	-0.0029266331769495016	0.04042355955472804	9.999000099990002e-05
2866	0.002110719885591919	0.04042355955472804	9.999000099990002e-05
2867	-0.0014171711891075869	0.04042355955472804	9.999000099990002e-05
2868	-0.0013712951374069125	0.04042355955472804	9.999000099990002e-05
2869	0.0014009514465864279	0.04042355955472804	9.999000099990002e-05
2870	-0.004987252395991115	0.04042355955472804	9.999000099990002e-05
2871	-0.006613843915761706	0.04042355955472804	9.999000099990002e-05
2872	-0.0028994751529785702	0.04042355955472804	9.999000099990002e-05
2873	-0.002714473086912976	0.04042355955472804	9.999000099990002e-05
2874	-0.005788905092266597	0.04042355955472804	9.999000099990002e-05
2875	-0.002836958947868916	0.04042355955472804	9.999000099990002e-05
2876	-0.004203220715680992	0.04042355955472804	9.999000099990002e-05
2877	-0.007055184090625159	0.04042355955472804	9.999000099990002e-05
2878	-0.00520429692763833	0.04042355955472804	9.999000099990002e-05
2879	-0.0032644357394746707	0.04042355955472804	9.999000099990002e-05
2880	-0.0066395173920384635	0.04042355955472804	9.999000099990002e-05
2881	-0.0021964501969482337	0.04042355955472804	9.999000099990002e-05
2882	-0.0026832341053109054	0.04042355955472804	9.999000099990002e-05
2883	-0.005471654206825935	0.04042355955472804	9.999000099990002e-05
2884	-0.004531420943484734	0.04042355955472804	9.999000099990002e-05
2885	-0.010748333481887	0.04042355955472804	9.999000099990002e-05
2886	-0.0015592279800098739	0.04042355955472804	9.999000099990002e-05
2887	-0.003476398483581289	0.04042355955472804	9.999000099990002e-05
2888	-0.0052866970384502195	0.04042355955472804	9.999000099990002e-05
2889	-0.004200661797431079	0.04042355955472804	9.999000099990002e-05
2890	-0.004245123321827948	0.04042355955472804	9.999000099990002e-05
2891	0.005401373240569313	0.04042355955472804	9.999000099990002e-05
2892	-0.0021283091423087834	0.04042355955472804	9.999000099990002e-05
2893	-0.002912007706382602	0.04042355955472804	9.999000099990002e-05
2894	-0.0033216857379551185	0.04042355955472804	9.999000099990002e-05
2895	-0.008433324740718926	0.04042355955472804	9.999000099990002e-05
2896	-0.005380982648855406	0.04042355955472804	9.999000099990002e-05
2897	0.0038476815650736102	0.04042355955472804	9.999000099990002e-05
2898	-0.007555811568783414	0.04042355955472804	9.999000099990002e-05
2899	-0.0035058782221115458	0.04042355955472804	9.999000099990002e-05
2900	-0.002034488032553701	0.04042355955472804	9.999000099990002e-05
2901	-0.0027669256883614255	0.04042355955472804	9.999000099990002e-05
2902	-0.0007801705366901862	0.04042355955472804	9.999000099990002e-05
2903	-0.0028018475308971558	0.04042355955472804	9.999000099990002e-05
2904	-0.002342743433068313	0.04042355955472804	9.999000099990002e-05
2905	-0.0034968948176264834	0.04042355955472804	9.999000099990002e-05
2906	-0.0037377813499056	0.04042355955472804	9.999000099990002e-05
2907	-0.0008052295455686517	0.04042355955472804	9.999000099990002e-05
2908	-0.0029869673043167884	0.04042355955472804	9.999000099990002e-05
2909	0.0013842173042688268	0.04042355955472804	9.999000099990002e-05
2910	-0.002012589463245766	0.04042355955472804	9.999000099990002e-05
2911	-0.0021179823081470565	0.04042355955472804	9.999000099990002e-05
2912	-0.0019793993172985912	0.04042355955472804	9.999000099990002e-05
2913	-0.003724490152502778	0.04042355955472804	9.999000099990002e-05
2914	-0.003705100563825681	0.04042355955472804	9.999000099990002e-05
2915	-0.0004679899354402883	0.04042355955472804	9.999000099990002e-05
2916	0.0010302058292993577	0.04042355955472804	9.999000099990002e-05
2917	0.0002316903927673683	0.04042355955472804	9.999000099990002e-05
2918	-0.00447742810504811	0.04042355955472804	9.999000099990002e-05
2919	-0.000433210018849664	0.04042355955472804	9.999000099990002e-05
2920	-0.009134863840981848	0.04042355955472804	9.999000099990002e-05
2921	-0.0026224424216234415	0.04042355955472804	9.999000099990002e-05
2922	-0.0056513720994918306	0.04042355955472804	9.999000099990002e-05
2923	-0.0022587655358720926	0.04042355955472804	9.999000099990002e-05
2924	-0.00023899313475608114	0.04042355955472804	9.999000099990002e-05
2925	-0.0012983777303253077	0.04042355955472804	9.999000099990002e-05
2926	-0.0005818311636405213	0.04042355955472804	9.999000099990002e-05
2927	-0.0054293541580181185	0.04042355955472804	9.999000099990002e-05
2928	0.002324078478486119	0.04042355955472804	9.999000099990002e-05
2929	-0.008288124438252577	0.04042355955472804	9.999000099990002e-05
2930	-0.005463642893112086	0.04042355955472804	9.999000099990002e-05
2931	0.00038220695490021603	0.04042355955472804	9.999000099990002e-05
2932	-0.002664406738048501	0.04042355955472804	9.999000099990002e-05
2933	-0.0011645939062549834	0.04042355955472804	9.999000099990002e-05
2934	-0.004205530849944991	0.04042355955472804	9.999000099990002e-05
2935	-0.002790175151057958	0.04042355955472804	9.999000099990002e-05
2936	-0.006324035579455186	0.04042355955472804	9.999000099990002e-05
2937	-0.000958924764115357	0.04042355955472804	9.999000099990002e-05
2938	-0.003234968235276349	0.04042355955472804	9.999000099990002e-05
2939	-0.0012025255098673346	0.04042355955472804	9.999000099990002e-05
2940	-0.00325181196719944	0.04042355955472804	9.999000099990002e-05
2941	-0.004521963035436644	0.04042355955472804	9.999000099990002e-05
2942	0.001006017150789608	0.04042355955472804	9.999000099990002e-05
2943	-2.282770526274569e-05	0.04042355955472804	9.999000099990002e-05
2944	-0.005968072247631258	0.04042355955472804	9.999000099990002e-05
2945	-0.009584930326232196	0.04042355955472804	9.999000099990002e-05
2946	-0.00907166382135652	0.04042355955472804	9.999000099990002e-05
2947	-0.003504835418440605	0.04042355955472804	9.999000099990002e-05
2948	-0.005874358342171665	0.04042355955472804	9.999000099990002e-05
2949	-0.004650587260845755	0.04042355955472804	9.999000099990002e-05
2950	-0.002311751484942394	0.04042355955472804	9.999000099990002e-05
2951	-0.00681962224354303	0.04042355955472804	9.999000099990002e-05
2952	-0.004040822809010966	0.04042355955472804	9.999000099990002e-05
2953	-0.009029588068634352	0.04042355955472804	9.999000099990002e-05
2954	-0.005164328923321061	0.04042355955472804	9.999000099990002e-05
2955	-0.0008050528595011846	0.04042355955472804	9.999000099990002e-05
2956	-0.0011748994457540282	0.04042355955472804	9.999000099990002e-05
2957	-0.006846743064372491	0.04042355955472804	9.999000099990002e-05
2958	3.608666250782266e-05	0.04042355955472804	9.999000099990002e-05
2959	-0.0029053401108909693	0.04042355955472804	9.999000099990002e-05
2960	-0.005579721407439406	0.04042355955472804	9.999000099990002e-05
2961	-0.0036167089005439594	0.04042355955472804	9.999000099990002e-05
2962	-0.0028322810087007184	0.04042355955472804	9.999000099990002e-05
2963	-0.002752696121545703	0.04042355955472804	9.999000099990002e-05
2964	-0.002294586774933098	0.04042355955472804	9.999000099990002e-05
2965	-0.006170622192979742	0.04042355955472804	9.999000099990002e-05
2966	-0.002042637309520244	0.04042355955472804	9.999000099990002e-05
2967	-0.0030308794571947796	0.04042355955472804	9.999000099990002e-05
2968	-0.0023453448444617207	0.04042355955472804	9.999000099990002e-05
2969	-0.005774584864434443	0.04042355955472804	9.999000099990002e-05
2970	-0.004018560518400492	0.04042355955472804	9.999000099990002e-05
2971	-0.0048785550118642645	0.04042355955472804	9.999000099990002e-05
2972	-0.006400795336222261	0.04042355955472804	9.999000099990002e-05
2973	-0.006565324151887835	0.04042355955472804	9.999000099990002e-05
2974	-0.0030528007254204737	0.04042355955472804	9.999000099990002e-05
2975	-0.0014842029399416063	0.04042355955472804	9.999000099990002e-05
2976	-0.00048625694721597527	0.04042355955472804	9.999000099990002e-05
2977	-0.00039086753460746136	0.04042355955472804	9.999000099990002e-05
2978	0.0010493597147228125	0.04042355955472804	9.999000099990002e-05
2979	-0.003037409955070411	0.04042355955472804	9.999000099990002e-05
2980	-0.0016633288909996282	0.04042355955472804	9.999000099990002e-05
2981	-1.754405124506364e-05	0.04042355955472804	9.999000099990002e-05
2982	0.001489970369453139	0.04042355955472804	9.999000099990002e-05
2983	0.0007808323832702149	0.04042355955472804	9.999000099990002e-05
2984	-0.003435541643506414	0.04042355955472804	9.999000099990002e-05
2985	9.34727006038541e-05	0.04042355955472804	9.999000099990002e-05
2986	0.0011687186458664747	0.04042355955472804	9.999000099990002e-05
2987	-0.00597450050419514	0.04042355955472804	9.999000099990002e-05
2988	-0.0019347539701406208	0.04042355955472804	9.999000099990002e-05
2989	-0.0032208087273237554	0.04042355955472804	9.999000099990002e-05
2990	-0.0035699332214815596	0.04042355955472804	9.999000099990002e-05
2991	-0.004255175249011964	0.04042355955472804	9.999000099990002e-05
2992	-0.002753822968921474	0.04042355955472804	9.999000099990002e-05
2993	-0.010076742814333323	0.04042355955472804	9.999000099990002e-05
2994	0.0019737128729089156	0.04042355955472804	9.999000099990002e-05
2995	-0.0023116124252165653	0.04042355955472804	9.999000099990002e-05
2996	-0.005631845605562446	0.04042355955472804	9.999000099990002e-05
2997	-0.002046012946372945	0.04042355955472804	9.999000099990002e-05
2998	-0.0009978224375148087	0.04042355955472804	9.999000099990002e-05
2999	-0.0020424436762099345	0.04042355955472804	9.999000099990002e-05
3000	-0.001765358102543714	0.04042355955472804	9.999000099990002e-05
3001	-0.0033175439741553016	0.04042355955472804	9.999000099990002e-05
3002	-0.00601690779577118	0.04042355955472804	9.999000099990002e-05
3003	-0.004612787291720035	0.04042355955472804	9.999000099990002e-05
3004	0.0015336169257569644	0.04042355955472804	9.999000099990002e-05
3005	-0.0044362018497048905	0.04042355955472804	9.999000099990002e-05
3006	-0.00510683852791245	0.04042355955472804	9.999000099990002e-05
3007	-0.005162405459350176	0.04042355955472804	9.999000099990002e-05
3008	-0.004983964342335489	0.04042355955472804	9.999000099990002e-05
3009	-0.002305431663801749	0.04042355955472804	9.999000099990002e-05
3010	-0.0006585984995377589	0.04042355955472804	9.999000099990002e-05
3011	0.0013303835313838567	0.04042355955472804	9.999000099990002e-05
3012	-0.0028468577727762874	0.04042355955472804	9.999000099990002e-05
3013	-0.003049117768304964	0.04042355955472804	9.999000099990002e-05
3014	-0.004624247705987369	0.04042355955472804	9.999000099990002e-05
3015	-0.004025275723910307	0.04042355955472804	9.999000099990002e-05
3016	-0.0030814886179756236	0.04042355955472804	9.999000099990002e-05
3017	-0.0022796795684767945	0.04042355955472804	9.999000099990002e-05
3018	-0.001960068995880487	0.04042355955472804	9.999000099990002e-05
3019	-0.0036063186055943592	0.04042355955472804	9.999000099990002e-05
3020	-0.0014290478592066031	0.04042355955472804	9.999000099990002e-05
3021	0.0013514911011170041	0.04042355955472804	9.999000099990002e-05
3022	-0.003782111028215758	0.04042355955472804	9.999000099990002e-05
3023	-0.0063779720360884595	0.04042355955472804	9.999000099990002e-05
3024	0.0012841290810295934	0.04042355955472804	9.999000099990002e-05
3025	-0.0008647611892476758	0.04042355955472804	9.999000099990002e-05
3026	0.002681623751750509	0.04042355955472804	9.999000099990002e-05
3027	0.00012751932673263773	0.04042355955472804	9.999000099990002e-05
3028	-0.003130230311861518	0.04042355955472804	9.999000099990002e-05
3029	-0.003840753586064351	0.04042355955472804	9.999000099990002e-05
3030	-0.0030318622626246184	0.04042355955472804	9.999000099990002e-05
3031	-0.0076336929791060906	0.04042355955472804	9.999000099990002e-05
3032	-0.0008450801118410802	0.04042355955472804	9.999000099990002e-05
3033	0.0006843143920125403	0.04042355955472804	9.999000099990002e-05
3034	-0.0051985606225750615	0.04042355955472804	9.999000099990002e-05
3035	-0.0005884663073743093	0.04042355955472804	9.999000099990002e-05
3036	-0.009413694615169062	0.04042355955472804	9.999000099990002e-05
3037	-0.0010536085866362482	0.04042355955472804	9.999000099990002e-05
3038	0.0009390464946698332	0.04042355955472804	9.999000099990002e-05
3039	-0.000684982086449322	0.04042355955472804	9.999000099990002e-05
3040	-0.0006045273883076144	0.04042355955472804	9.999000099990002e-05
3041	-0.003682704407309534	0.04042355955472804	9.999000099990002e-05
3042	-0.004042059361410446	0.04042355955472804	9.999000099990002e-05
3043	-0.0012939917030867693	0.04042355955472804	9.999000099990002e-05
3044	-0.00047135437672507914	0.04042355955472804	9.999000099990002e-05
3045	-0.002555602842135525	0.04042355955472804	9.999000099990002e-05
3046	-0.006586385669748859	0.04042355955472804	9.999000099990002e-05
3047	-0.005368493165686006	0.04042355955472804	9.999000099990002e-05
3048	-0.00413038290870252	0.04042355955472804	9.999000099990002e-05
3049	-0.002294147204619787	0.04042355955472804	9.999000099990002e-05
3050	-0.003986923170791754	0.04042355955472804	9.999000099990002e-05
3051	6.979513247110797e-05	0.04042355955472804	9.999000099990002e-05
3052	-0.0073168714687021266	0.04042355955472804	9.999000099990002e-05
3053	-0.005766666866356222	0.04042355955472804	9.999000099990002e-05
3054	-0.0031227800269073612	0.04042355955472804	9.999000099990002e-05
3055	-0.005699779599904653	0.04042355955472804	9.999000099990002e-05
3056	-0.005399251103358922	0.04042355955472804	9.999000099990002e-05
3057	-0.005734400758725551	0.04042355955472804	9.999000099990002e-05
3058	-0.0033146613847272453	0.04042355955472804	9.999000099990002e-05
3059	-0.007618234208184612	0.04042355955472804	9.999000099990002e-05
3060	-0.0046567612318216154	0.04042355955472804	9.999000099990002e-05
3061	-0.004741674093593054	0.04042355955472804	9.999000099990002e-05
3062	-0.0038054554993485826	0.04042355955472804	9.999000099990002e-05
3063	-0.00773878921840321	0.04042355955472804	9.999000099990002e-05
3064	-0.008404599914331488	0.04042355955472804	9.999000099990002e-05
3065	-0.0005266193933202337	0.04042355955472804	9.999000099990002e-05
3066	-0.0031394436871616848	0.04042355955472804	9.999000099990002e-05
3067	-0.004146300024635385	0.04042355955472804	9.999000099990002e-05
3068	-0.001871002328341005	0.04042355955472804	9.999000099990002e-05
3069	-0.0011580222233090604	0.04042355955472804	9.999000099990002e-05
3070	-0.0013113850950742995	0.04042355955472804	9.999000099990002e-05
3071	-0.0016425014605370909	0.04042355955472804	9.999000099990002e-05
3072	-0.0037327939937101553	0.04042355955472804	9.999000099990002e-05
3073	-0.006960308846976626	0.04042355955472804	9.999000099990002e-05
3074	-0.003440200019285322	0.04042355955472804	9.999000099990002e-05
3075	-0.006751227461170325	0.04042355955472804	9.999000099990002e-05
3076	-0.004011477725077581	0.04042355955472804	9.999000099990002e-05
3077	0.0005554360733791286	0.04042355955472804	9.999000099990002e-05
3078	-0.003742532848956444	0.04042355955472804	9.999000099990002e-05
3079	0.0005055428326171188	0.04042355955472804	9.999000099990002e-05
3080	-0.0018450948993203708	0.04042355955472804	9.999000099990002e-05
3081	-0.003095218770127893	0.04042355955472804	9.999000099990002e-05
3082	-0.0027656061694939006	0.04042355955472804	9.999000099990002e-05
3083	-0.003926453369299932	0.04042355955472804	9.999000099990002e-05
3084	-0.0013598301064105325	0.04042355955472804	9.999000099990002e-05
3085	-0.002505256488655035	0.04042355955472804	9.999000099990002e-05
3086	-0.002664745048104963	0.04042355955472804	9.999000099990002e-05
3087	-0.0030460286187252938	0.04042355955472804	9.999000099990002e-05
3088	-0.003059748517891836	0.04042355955472804	9.999000099990002e-05
3089	-0.007599576563423388	0.04042355955472804	9.999000099990002e-05
3090	-0.00638833409204546	0.04042355955472804	9.999000099990002e-05
3091	-0.0002523257865383738	0.04042355955472804	9.999000099990002e-05
3092	-0.004761795068331269	0.04042355955472804	9.999000099990002e-05
3093	-0.0064112719832411956	0.04042355955472804	9.999000099990002e-05
3094	-0.0075993999158286574	0.04042355955472804	9.999000099990002e-05
3095	-0.004475460243533004	0.04042355955472804	9.999000099990002e-05
3096	-0.00215458866045333	0.04042355955472804	9.999000099990002e-05
3097	-0.005175636293020864	0.04042355955472804	9.999000099990002e-05
3098	-0.004930582508750374	0.04042355955472804	9.999000099990002e-05
3099	-0.005280946767781616	0.04042355955472804	9.999000099990002e-05
3100	-0.002642567743781492	0.04042355955472804	9.999000099990002e-05
3101	0.0021578400688222407	0.04042355955472804	9.999000099990002e-05
3102	0.0030387211638256916	0.04042355955472804	9.999000099990002e-05
3103	-0.002271962398111625	0.04042355955472804	9.999000099990002e-05
3104	-0.003754149424083411	0.04042355955472804	9.999000099990002e-05
3105	-0.0015599494016308197	0.04042355955472804	9.999000099990002e-05
3106	-0.003949945902780203	0.04042355955472804	9.999000099990002e-05
3107	-0.003829627634579279	0.04042355955472804	9.999000099990002e-05
3108	-0.006449545186329451	0.04042355955472804	9.999000099990002e-05
3109	-0.001782955707845596	0.04042355955472804	9.999000099990002e-05
3110	-0.0024324536533990083	0.04042355955472804	9.999000099990002e-05
3111	-0.006797829782057428	0.04042355955472804	9.999000099990002e-05
3112	-0.003113874087288236	0.04042355955472804	9.999000099990002e-05
3113	-0.0034475373290326987	0.04042355955472804	9.999000099990002e-05
3114	-0.0030755397894857385	0.04042355955472804	9.999000099990002e-05
3115	-0.0015350010788309858	0.04042355955472804	9.999000099990002e-05
3116	-0.001790757325879369	0.04042355955472804	9.999000099990002e-05
3117	-0.001247332365596067	0.04042355955472804	9.999000099990002e-05
3118	-0.003878626480272461	0.04042355955472804	9.999000099990002e-05
3119	-0.0008646479832044487	0.04042355955472804	9.999000099990002e-05
3120	-0.00787054602911766	0.04042355955472804	9.999000099990002e-05
3121	-0.0026230718356819727	0.04042355955472804	9.999000099990002e-05
3122	-0.007004411170618142	0.04042355955472804	9.999000099990002e-05
3123	-0.004801684145818395	0.04042355955472804	9.999000099990002e-05
3124	-0.0051128081701557375	0.04042355955472804	9.999000099990002e-05
3125	-0.0022403349379975708	0.04042355955472804	9.999000099990002e-05
3126	-0.006361977763071578	0.04042355955472804	9.999000099990002e-05
3127	-0.0014101991203360434	0.04042355955472804	9.999000099990002e-05
3128	-0.006935178913598346	0.04042355955472804	9.999000099990002e-05
3129	-0.005288492580554067	0.04042355955472804	9.999000099990002e-05
3130	-0.003101817768720609	0.04042355955472804	9.999000099990002e-05
3131	-0.004165171962569357	0.04042355955472804	9.999000099990002e-05
3132	-0.0035274768771595107	0.04042355955472804	9.999000099990002e-05
3133	-0.0034780600635976196	0.04042355955472804	9.999000099990002e-05
3134	-0.0001335613746762887	0.04042355955472804	9.999000099990002e-05
3135	-0.0005188116196477479	0.04042355955472804	9.999000099990002e-05
3136	-0.003148805201754776	0.04042355955472804	9.999000099990002e-05
3137	-0.002898362001898942	0.04042355955472804	9.999000099990002e-05
3138	-0.005213188863179385	0.04042355955472804	9.999000099990002e-05
3139	-0.005696612793095327	0.04042355955472804	9.999000099990002e-05
3140	-0.005661797712418549	0.04042355955472804	9.999000099990002e-05
3141	-0.0033517400668866145	0.04042355955472804	9.999000099990002e-05
3142	-0.0014526313230125072	0.04042355955472804	9.999000099990002e-05
3143	0.0006897198507312893	0.04042355955472804	9.999000099990002e-05
3144	-0.00313631789229529	0.04042355955472804	9.999000099990002e-05
3145	-0.004017682339592416	0.04042355955472804	9.999000099990002e-05
3146	-0.0007254322696416376	0.04042355955472804	9.999000099990002e-05
3147	-0.001734879111486412	0.04042355955472804	9.999000099990002e-05
3148	-0.002855948054538533	0.04042355955472804	9.999000099990002e-05
3149	-0.0012930419649786334	0.04042355955472804	9.999000099990002e-05
3150	-0.005540437602365229	0.04042355955472804	9.999000099990002e-05
3151	-0.004429378074117257	0.04042355955472804	9.999000099990002e-05
3152	-0.004561385650163829	0.04042355955472804	9.999000099990002e-05
3153	-0.004478880104802586	0.04042355955472804	9.999000099990002e-05
3154	-0.0029644718881263856	0.04042355955472804	9.999000099990002e-05
3155	-0.008384227616406392	0.04042355955472804	9.999000099990002e-05
3156	-0.005029097523861573	0.04042355955472804	9.999000099990002e-05
3157	-0.001495156187287998	0.04042355955472804	9.999000099990002e-05
3158	-0.007506861083326884	0.04042355955472804	9.999000099990002e-05
3159	0.0005874260236679695	0.04042355955472804	9.999000099990002e-05
3160	-0.005930265603484812	0.04042355955472804	9.999000099990002e-05
3161	-0.005490184949247795	0.04042355955472804	9.999000099990002e-05
3162	-0.002767021119997866	0.04042355955472804	9.999000099990002e-05
3163	-0.002924898748796259	0.04042355955472804	9.999000099990002e-05
3164	0.004789807629610353	0.04042355955472804	9.999000099990002e-05
3165	-0.003558123647844522	0.04042355955472804	9.999000099990002e-05
3166	0.0011694810986667332	0.04042355955472804	9.999000099990002e-05
3167	-0.005760424009935874	0.04042355955472804	9.999000099990002e-05
3168	-0.0038171354775543105	0.04042355955472804	9.999000099990002e-05
3169	-0.003391084851256805	0.04042355955472804	9.999000099990002e-05
3170	0.000861780475091245	0.04042355955472804	9.999000099990002e-05
3171	-0.002312064152916342	0.04042355955472804	9.999000099990002e-05
3172	-0.0017638021109677008	0.04042355955472804	9.999000099990002e-05
3173	-0.004163571381085411	0.04042355955472804	9.999000099990002e-05
3174	-0.005957768400932863	0.04042355955472804	9.999000099990002e-05
3175	-0.002310404727373562	0.04042355955472804	9.999000099990002e-05
3176	-0.002493668518011713	0.04042355955472804	9.999000099990002e-05
3177	-0.0017124229374928038	0.04042355955472804	9.999000099990002e-05
3178	-0.004853805650849498	0.04042355955472804	9.999000099990002e-05
3179	-0.006656076464143757	0.04042355955472804	9.999000099990002e-05
3180	-0.005253048778328108	0.04042355955472804	9.999000099990002e-05
3181	-0.002147628018086155	0.04042355955472804	9.999000099990002e-05
3182	-0.0057216782269217045	0.04042355955472804	9.999000099990002e-05
3183	-0.002817219949749289	0.04042355955472804	9.999000099990002e-05
3184	-0.002717694140288461	0.04042355955472804	9.999000099990002e-05
3185	-0.005358955888371241	0.04042355955472804	9.999000099990002e-05
3186	-0.007002555784164162	0.04042355955472804	9.999000099990002e-05
3187	-0.00446426961936869	0.04042355955472804	9.999000099990002e-05
3188	-0.0011218731580137794	0.04042355955472804	9.999000099990002e-05
3189	-0.00644494359631768	0.04042355955472804	9.999000099990002e-05
3190	-0.0012970953376537822	0.04042355955472804	9.999000099990002e-05
3191	-0.003615038471796973	0.04042355955472804	9.999000099990002e-05
3192	4.7473882383573805e-05	0.04042355955472804	9.999000099990002e-05
3193	-0.004650288770077222	0.04042355955472804	9.999000099990002e-05
3194	-0.004548471677995961	0.04042355955472804	9.999000099990002e-05
3195	-0.003394798394202188	0.04042355955472804	9.999000099990002e-05
3196	-0.004684832406323074	0.04042355955472804	9.999000099990002e-05
3197	-0.00047613199876771347	0.04042355955472804	9.999000099990002e-05
3198	-0.004094871009723278	0.04042355955472804	9.999000099990002e-05
3199	-0.0014558694005763178	0.04042355955472804	9.999000099990002e-05
3200	-0.006937861021568029	0.04042355955472804	9.999000099990002e-05
3201	-0.00476661791508208	0.04042355955472804	9.999000099990002e-05
3202	-0.0045649166976577	0.04042355955472804	9.999000099990002e-05
3203	-0.00498342239605581	0.04042355955472804	9.999000099990002e-05
3204	-0.0016000325356284192	0.04042355955472804	9.999000099990002e-05
3205	-0.0049264713884895365	0.04042355955472804	9.999000099990002e-05
3206	-0.004660660713528905	0.04042355955472804	9.999000099990002e-05
3207	-0.0012263785906489176	0.04042355955472804	9.999000099990002e-05
3208	-0.0005453782213928309	0.04042355955472804	9.999000099990002e-05
3209	-0.003708920503138956	0.04042355955472804	9.999000099990002e-05
3210	-0.004774540818434894	0.04042355955472804	9.999000099990002e-05
3211	-0.00242075961340609	0.04042355955472804	9.999000099990002e-05
3212	-0.005610754117435437	0.04042355955472804	9.999000099990002e-05
3213	-0.00033726411726499593	0.04042355955472804	9.999000099990002e-05
3214	0.0009329107078903734	0.04042355955472804	9.999000099990002e-05
3215	-0.0006460366876134604	0.04042355955472804	9.999000099990002e-05
3216	-0.0060012023568646	0.04042355955472804	9.999000099990002e-05
3217	-0.0019433198876662617	0.04042355955472804	9.999000099990002e-05
3218	-0.006237521289799477	0.04042355955472804	9.999000099990002e-05
3219	-0.0038323042024741155	0.04042355955472804	9.999000099990002e-05
3220	-0.002044799054418485	0.04042355955472804	9.999000099990002e-05
3221	-0.0024396412272346597	0.04042355955472804	9.999000099990002e-05
3222	-0.00031050072744476936	0.04042355955472804	9.999000099990002e-05
3223	-0.002869603665753255	0.04042355955472804	9.999000099990002e-05
3224	-0.00015384039543849258	0.04042355955472804	9.999000099990002e-05
3225	-0.0011101261795279204	0.04042355955472804	9.999000099990002e-05
3226	-0.0007097484524160314	0.04042355955472804	9.999000099990002e-05
3227	-0.00169539626768168	0.04042355955472804	9.999000099990002e-05
3228	-0.0012633759606681533	0.04042355955472804	9.999000099990002e-05
3229	-0.00392470157070369	0.04042355955472804	9.999000099990002e-05
3230	-0.00032929520051278445	0.04042355955472804	9.999000099990002e-05
3231	-0.0031339695161257787	0.04042355955472804	9.999000099990002e-05
3232	-0.005859460811609966	0.04042355955472804	9.999000099990002e-05
3233	-0.007377562700060332	0.04042355955472804	9.999000099990002e-05
3234	-0.0022878955571779035	0.04042355955472804	9.999000099990002e-05
3235	-0.0026502651199209193	0.04042355955472804	9.999000099990002e-05
3236	-0.0026077545482690685	0.04042355955472804	9.999000099990002e-05
3237	-0.005963986846398431	0.04042355955472804	9.999000099990002e-05
3238	-0.005831366995899856	0.04042355955472804	9.999000099990002e-05
3239	1.4293066076333238e-05	0.04042355955472804	9.999000099990002e-05
3240	-0.004949243712240234	0.04042355955472804	9.999000099990002e-05
3241	-0.006186867423692466	0.04042355955472804	9.999000099990002e-05
3242	-0.007009720870682139	0.04042355955472804	9.999000099990002e-05
3243	-0.0023939642912100324	0.04042355955472804	9.999000099990002e-05
3244	-0.002203459122606585	0.04042355955472804	9.999000099990002e-05
3245	-0.002325046991292326	0.04042355955472804	9.999000099990002e-05
3246	-0.003403382336207436	0.04042355955472804	9.999000099990002e-05
3247	-0.004850651597754137	0.04042355955472804	9.999000099990002e-05
3248	-0.0047465403953059065	0.04042355955472804	9.999000099990002e-05
3249	-0.0024806203336835047	0.04042355955472804	9.999000099990002e-05
3250	-0.001602913893928734	0.04042355955472804	9.999000099990002e-05
3251	-0.0015109346666952032	0.04042355955472804	9.999000099990002e-05
3252	-0.0012084732034113282	0.04042355955472804	9.999000099990002e-05
3253	-0.0011008645978820716	0.04042355955472804	9.999000099990002e-05
3254	-0.0021884676608453684	0.04042355955472804	9.999000099990002e-05
3255	-0.004570301227204816	0.04042355955472804	9.999000099990002e-05
3256	-0.00494753700369757	0.04042355955472804	9.999000099990002e-05
3257	-0.001331749063650757	0.04042355955472804	9.999000099990002e-05
3258	-0.0014597666316282065	0.04042355955472804	9.999000099990002e-05
3259	-0.00030795941047430386	0.04042355955472804	9.999000099990002e-05
3260	-0.00020047437939224312	0.04042355955472804	9.999000099990002e-05
3261	-0.000927255330239811	0.04042355955472804	9.999000099990002e-05
3262	-0.0010113150012490788	0.04042355955472804	9.999000099990002e-05
3263	-0.0029156373210413823	0.04042355955472804	9.999000099990002e-05
3264	-0.0035484483303315885	0.04042355955472804	9.999000099990002e-05
3265	-0.004661258753066373	0.04042355955472804	9.999000099990002e-05
3266	-0.007089982204822734	0.04042355955472804	9.999000099990002e-05
3267	-0.00340940024250552	0.04042355955472804	9.999000099990002e-05
3268	-0.004212339851999714	0.04042355955472804	9.999000099990002e-05
3269	-0.0039037610496161527	0.04042355955472804	9.999000099990002e-05
3270	0.0010070447769638558	0.04042355955472804	9.999000099990002e-05
3271	-0.004821926713657593	0.04042355955472804	9.999000099990002e-05
3272	-0.0032044845505445245	0.04042355955472804	9.999000099990002e-05
3273	-0.002447773730085706	0.04042355955472804	9.999000099990002e-05
3274	-0.007743464868443262	0.04042355955472804	9.999000099990002e-05
3275	0.0009154781121787789	0.04042355955472804	9.999000099990002e-05
3276	-0.0034712026243607684	0.04042355955472804	9.999000099990002e-05
3277	-0.0036744029706485284	0.04042355955472804	9.999000099990002e-05
3278	-0.0010265968745030052	0.04042355955472804	9.999000099990002e-05
3279	-0.0032878619459477967	0.04042355955472804	9.999000099990002e-05
3280	-0.0012198834492231428	0.04042355955472804	9.999000099990002e-05
3281	-0.009221203483625411	0.04042355955472804	9.999000099990002e-05
3282	-0.0051671455512330156	0.04042355955472804	9.999000099990002e-05
3283	-0.006285287372658268	0.04042355955472804	9.999000099990002e-05
3284	0.00042398352434450115	0.04042355955472804	9.999000099990002e-05
3285	-0.003192056258271218	0.04042355955472804	9.999000099990002e-05
3286	-0.004029003905734002	0.04042355955472804	9.999000099990002e-05
3287	-0.006803921479074595	0.04042355955472804	9.999000099990002e-05
3288	-0.0023901434285509434	0.04042355955472804	9.999000099990002e-05
3289	0.0007100270143042389	0.04042355955472804	9.999000099990002e-05
3290	-0.0020710902490402154	0.04042355955472804	9.999000099990002e-05
3291	-0.007350198423719723	0.04042355955472804	9.999000099990002e-05
3292	-0.0009633123687363187	0.04042355955472804	9.999000099990002e-05
3293	-0.0034521346870428557	0.04042355955472804	9.999000099990002e-05
3294	-0.0028164237178815972	0.04042355955472804	9.999000099990002e-05
3295	-0.009720904422738935	0.04042355955472804	9.999000099990002e-05
3296	-0.002003509973087633	0.04042355955472804	9.999000099990002e-05
3297	-0.004074144223953721	0.04042355955472804	9.999000099990002e-05
3298	-0.0027119076475333	0.04042355955472804	9.999000099990002e-05
3299	-0.004962225107888398	0.04042355955472804	9.999000099990002e-05
3300	-0.001875079900370849	0.04042355955472804	9.999000099990002e-05
3301	-0.004469033295042354	0.04042355955472804	9.999000099990002e-05
3302	-0.0006410328843208316	0.04042355955472804	9.999000099990002e-05
3303	-0.006043260873798362	0.04042355955472804	9.999000099990002e-05
3304	-0.004467275610116598	0.04042355955472804	9.999000099990002e-05
3305	-0.002564602501354078	0.04042355955472804	9.999000099990002e-05
3306	-0.005301370253689895	0.04042355955472804	9.999000099990002e-05
3307	-0.0028932364708507243	0.04042355955472804	9.999000099990002e-05
3308	-0.0027714608744205615	0.04042355955472804	9.999000099990002e-05
3309	-0.004693334074369634	0.04042355955472804	9.999000099990002e-05
3310	-0.005494394559728055	0.04042355955472804	9.999000099990002e-05
3311	-0.0014925330772681197	0.04042355955472804	9.999000099990002e-05
3312	-0.0027351729994722755	0.04042355955472804	9.999000099990002e-05
3313	-0.0066536812474109015	0.04042355955472804	9.999000099990002e-05
3314	0.0010818859750346397	0.04042355955472804	9.999000099990002e-05
3315	-0.0028960143567115237	0.04042355955472804	9.999000099990002e-05
3316	-0.004863267771662833	0.04042355955472804	9.999000099990002e-05
3317	-0.004722784535143262	0.04042355955472804	9.999000099990002e-05
3318	-0.00022326890191505104	0.04042355955472804	9.999000099990002e-05
3319	-0.0017564691486401662	0.04042355955472804	9.999000099990002e-05
3320	-0.003777457653893308	0.04042355955472804	9.999000099990002e-05
3321	-0.0060634313437191185	0.04042355955472804	9.999000099990002e-05
3322	-0.004168145501559417	0.04042355955472804	9.999000099990002e-05
3323	0.0006670512110201823	0.04042355955472804	9.999000099990002e-05
3324	-0.00389864003911512	0.04042355955472804	9.999000099990002e-05
3325	-0.0032272261153380192	0.04042355955472804	9.999000099990002e-05
3326	-0.005523881896624868	0.04042355955472804	9.999000099990002e-05
3327	-0.004075294655120311	0.04042355955472804	9.999000099990002e-05
3328	-0.0008538070955009622	0.04042355955472804	9.999000099990002e-05
3329	-0.008341528239773353	0.04042355955472804	9.999000099990002e-05
3330	-0.0045821656052627766	0.04042355955472804	9.999000099990002e-05
3331	0.0003300419756706974	0.04042355955472804	9.999000099990002e-05
3332	-0.0015354198738636387	0.04042355955472804	9.999000099990002e-05
3333	-0.003900600898591182	0.04042355955472804	9.999000099990002e-05
3334	-0.005978064926792657	0.04042355955472804	9.999000099990002e-05
3335	0.0012270004640500473	0.04042355955472804	9.999000099990002e-05
3336	-0.004655503981086958	0.04042355955472804	9.999000099990002e-05
3337	-0.004425487114122308	0.04042355955472804	9.999000099990002e-05
3338	-0.0038865938004058825	0.04042355955472804	9.999000099990002e-05
3339	-0.0019751495028029753	0.04042355955472804	9.999000099990002e-05
3340	-0.006074541155888935	0.04042355955472804	9.999000099990002e-05
3341	-0.0020971469715360415	0.04042355955472804	9.999000099990002e-05
3342	-0.0007924502664704112	0.04042355955472804	9.999000099990002e-05
3343	-0.003816006591123218	0.04042355955472804	9.999000099990002e-05
3344	-0.005462573639431039	0.04042355955472804	9.999000099990002e-05
3345	-0.004670124834924823	0.04042355955472804	9.999000099990002e-05
3346	-0.004044912942391067	0.04042355955472804	9.999000099990002e-05
3347	-0.0008145531260381811	0.04042355955472804	9.999000099990002e-05
3348	-0.008134641319932332	0.04042355955472804	9.999000099990002e-05
3349	7.427162836237955e-05	0.04042355955472804	9.999000099990002e-05
3350	-0.0011759581579037781	0.04042355955472804	9.999000099990002e-05
3351	-0.0022563258638859038	0.04042355955472804	9.999000099990002e-05
3352	-0.0032981311671784292	0.04042355955472804	9.999000099990002e-05
3353	-0.002514333189539372	0.04042355955472804	9.999000099990002e-05
3354	-0.006186705318794202	0.04042355955472804	9.999000099990002e-05
3355	-0.007623819430790192	0.04042355955472804	9.999000099990002e-05
3356	-0.0037839776102376473	0.04042355955472804	9.999000099990002e-05
3357	-0.005663552127161242	0.04042355955472804	9.999000099990002e-05
3358	-0.002089808411424547	0.04042355955472804	9.999000099990002e-05
3359	-0.0048587433194987	0.04042355955472804	9.999000099990002e-05
3360	-0.0037950782274221344	0.04042355955472804	9.999000099990002e-05
3361	-0.00315242088928097	0.04042355955472804	9.999000099990002e-05
3362	-0.005880754531705114	0.04042355955472804	9.999000099990002e-05
3363	-0.002145843767732068	0.04042355955472804	9.999000099990002e-05
3364	-0.004435558200731826	0.04042355955472804	9.999000099990002e-05
3365	-0.002777009913412323	0.04042355955472804	9.999000099990002e-05
3366	-0.0041970748490431364	0.04042355955472804	9.999000099990002e-05
3367	-0.0016460290262478097	0.04042355955472804	9.999000099990002e-05
3368	-0.004617390805368905	0.04042355955472804	9.999000099990002e-05
3369	-0.0041421776510975295	0.04042355955472804	9.999000099990002e-05
3370	-0.00249807393551221	0.04042355955472804	9.999000099990002e-05
3371	-0.002577555581064153	0.04042355955472804	9.999000099990002e-05
3372	-0.008587796300725722	0.04042355955472804	9.999000099990002e-05
3373	-0.00493678948933884	0.04042355955472804	9.999000099990002e-05
3374	-0.0063073623587244845	0.04042355955472804	9.999000099990002e-05
3375	-0.005173920312547394	0.04042355955472804	9.999000099990002e-05
3376	-0.007486657642266264	0.04042355955472804	9.999000099990002e-05
3377	-0.006294507095960858	0.04042355955472804	9.999000099990002e-05
3378	-0.004045505249489978	0.04042355955472804	9.999000099990002e-05
3379	-0.002551674448162651	0.04042355955472804	9.999000099990002e-05
3380	-0.0006557693487482918	0.04042355955472804	9.999000099990002e-05
3381	-0.007936817173843048	0.04042355955472804	9.999000099990002e-05
3382	-0.004010517214601693	0.04042355955472804	9.999000099990002e-05
3383	-0.002426710884915087	0.04042355955472804	9.999000099990002e-05
3384	-0.003944561892615103	0.04042355955472804	9.999000099990002e-05
3385	-0.0004133311915493681	0.04042355955472804	9.999000099990002e-05
3386	-0.005117337142867046	0.04042355955472804	9.999000099990002e-05
3387	-0.010786165075606622	0.04042355955472804	9.999000099990002e-05
3388	-0.0021417273382328393	0.04042355955472804	9.999000099990002e-05
3389	-0.0038776594871395647	0.04042355955472804	9.999000099990002e-05
3390	0.00015587081363204608	0.04042355955472804	9.999000099990002e-05
3391	-0.005073078235165734	0.04042355955472804	9.999000099990002e-05
3392	-0.007699021945617139	0.04042355955472804	9.999000099990002e-05
3393	-0.009422698814171165	0.04042355955472804	9.999000099990002e-05
3394	-0.0028254630232607434	0.04042355955472804	9.999000099990002e-05
3395	-0.0009773982975699092	0.04042355955472804	9.999000099990002e-05
3396	-0.0018497561605549232	0.04042355955472804	9.999000099990002e-05
3397	-0.0036526061809794537	0.04042355955472804	9.999000099990002e-05
3398	-0.005653416771836268	0.04042355955472804	9.999000099990002e-05
3399	-0.007142235652122403	0.04042355955472804	9.999000099990002e-05
3400	-0.007320659494875948	0.04042355955472804	9.999000099990002e-05
3401	-0.0029753647717406365	0.04042355955472804	9.999000099990002e-05
3402	-0.009507269095411781	0.04042355955472804	9.999000099990002e-05
3403	-0.00231990799478443	0.04042355955472804	9.999000099990002e-05
3404	-0.007015432053044908	0.04042355955472804	9.999000099990002e-05
3405	-0.005305758512347469	0.04042355955472804	9.999000099990002e-05
3406	-0.0031107019135314133	0.04042355955472804	9.999000099990002e-05
3407	-0.001715110508591844	0.04042355955472804	9.999000099990002e-05
3408	-0.004660354682102949	0.04042355955472804	9.999000099990002e-05
3409	-0.006618869129135253	0.04042355955472804	9.999000099990002e-05
3410	-0.0053751551249209386	0.04042355955472804	9.999000099990002e-05
3411	-0.0033307838104476087	0.04042355955472804	9.999000099990002e-05
3412	-0.008473987370392367	0.04042355955472804	9.999000099990002e-05
3413	-0.0033460683767934777	0.04042355955472804	9.999000099990002e-05
3414	-0.0022442416141076104	0.04042355955472804	9.999000099990002e-05
3415	-0.006253993086489623	0.04042355955472804	9.999000099990002e-05
3416	-0.0012785867747676719	0.04042355955472804	9.999000099990002e-05
3417	0.000187064647471423	0.04042355955472804	9.999000099990002e-05
3418	-0.0022413624487535866	0.04042355955472804	9.999000099990002e-05
3419	-0.0034892050398535935	0.04042355955472804	9.999000099990002e-05
3420	-0.0015668900958812834	0.04042355955472804	9.999000099990002e-05
3421	-0.004519249706836861	0.04042355955472804	9.999000099990002e-05
3422	-0.0013047655905101194	0.04042355955472804	9.999000099990002e-05
3423	-0.0037789103846298825	0.04042355955472804	9.999000099990002e-05
3424	-0.0016337014556129666	0.04042355955472804	9.999000099990002e-05
3425	-0.004086295435539404	0.04042355955472804	9.999000099990002e-05
3426	-0.006905891885032588	0.04042355955472804	9.999000099990002e-05
3427	-0.008371789167329207	0.04042355955472804	9.999000099990002e-05
3428	-0.004303456905085821	0.04042355955472804	9.999000099990002e-05
3429	-0.007016584811812386	0.04042355955472804	9.999000099990002e-05
3430	0.002056175001780855	0.04042355955472804	9.999000099990002e-05
3431	0.001419462664091746	0.04042355955472804	9.999000099990002e-05
3432	-0.006797837341951225	0.04042355955472804	9.999000099990002e-05
3433	-0.002965597889101826	0.04042355955472804	9.999000099990002e-05
3434	-0.0013370324291228821	0.04042355955472804	9.999000099990002e-05
3435	-0.004469288427030689	0.04042355955472804	9.999000099990002e-05
3436	-0.005416094546736439	0.04042355955472804	9.999000099990002e-05
3437	-0.007860088560760595	0.04042355955472804	9.999000099990002e-05
3438	-0.0008380422739171598	0.04042355955472804	9.999000099990002e-05
3439	0.0005962481888914697	0.04042355955472804	9.999000099990002e-05
3440	-0.0033599572290063536	0.04042355955472804	9.999000099990002e-05
3441	0.002593797945557598	0.04042355955472804	9.999000099990002e-05
3442	-0.003686867023335491	0.04042355955472804	9.999000099990002e-05
3443	-0.003171220286859966	0.04042355955472804	9.999000099990002e-05
3444	-0.00564050928232542	0.04042355955472804	9.999000099990002e-05
3445	0.00029553406136575977	0.04042355955472804	9.999000099990002e-05
3446	-0.003882009311527909	0.04042355955472804	9.999000099990002e-05
3447	-0.00018532140906026283	0.04042355955472804	9.999000099990002e-05
3448	-0.00089264692513287	0.04042355955472804	9.999000099990002e-05
3449	-0.004334186045911383	0.04042355955472804	9.999000099990002e-05
3450	-0.0010474172067446482	0.04042355955472804	9.999000099990002e-05
3451	-0.001641554646357346	0.04042355955472804	9.999000099990002e-05
3452	-0.003747886561837245	0.04042355955472804	9.999000099990002e-05
3453	-0.003992732804901214	0.04042355955472804	9.999000099990002e-05
3454	-0.0014655253278273023	0.04042355955472804	9.999000099990002e-05
3455	-0.000930711201995886	0.04042355955472804	9.999000099990002e-05
3456	-0.0012772513474213418	0.04042355955472804	9.999000099990002e-05
3457	-0.002504226996552808	0.04042355955472804	9.999000099990002e-05
3458	-0.0003138508183968061	0.04042355955472804	9.999000099990002e-05
3459	-0.005542947564050998	0.04042355955472804	9.999000099990002e-05
3460	-0.0025691909144517204	0.04042355955472804	9.999000099990002e-05
3461	-0.007358543892433908	0.04042355955472804	9.999000099990002e-05
3462	-0.0016875576965792436	0.04042355955472804	9.999000099990002e-05
3463	-0.006599708876473006	0.04042355955472804	9.999000099990002e-05
3464	-0.00016524869837684363	0.04042355955472804	9.999000099990002e-05
3465	-0.005123573574339481	0.04042355955472804	9.999000099990002e-05
3466	-0.00348008403760689	0.04042355955472804	9.999000099990002e-05
3467	-0.0007618138257166091	0.04042355955472804	9.999000099990002e-05
3468	0.0010440986826774038	0.04042355955472804	9.999000099990002e-05
3469	0.0005135589554237207	0.04042355955472804	9.999000099990002e-05
3470	-0.01030207479779985	0.04042355955472804	9.999000099990002e-05
3471	-0.007308129903873044	0.04042355955472804	9.999000099990002e-05
3472	-0.004929406800992313	0.04042355955472804	9.999000099990002e-05
3473	-0.0007143202260527851	0.04042355955472804	9.999000099990002e-05
3474	-0.0012978532891432261	0.04042355955472804	9.999000099990002e-05
3475	0.002791227015059654	0.04042355955472804	9.999000099990002e-05
3476	-0.0016862298483630814	0.04042355955472804	9.999000099990002e-05
3477	0.0006652764057242536	0.04042355955472804	9.999000099990002e-05
3478	-0.001506953565065837	0.04042355955472804	9.999000099990002e-05
3479	-0.00202042270587343	0.04042355955472804	9.999000099990002e-05
3480	-0.001586108711693096	0.04042355955472804	9.999000099990002e-05
3481	-0.0015456595672648191	0.04042355955472804	9.999000099990002e-05
3482	-0.0038832832209598476	0.04042355955472804	9.999000099990002e-05
3483	0.003007790348886749	0.04042355955472804	9.999000099990002e-05
3484	-0.0037592155532180345	0.04042355955472804	9.999000099990002e-05
3485	-0.0033683085840500574	0.04042355955472804	9.999000099990002e-05
3486	-0.0012175033138051377	0.04042355955472804	9.999000099990002e-05
3487	-0.0031763252157548565	0.04042355955472804	9.999000099990002e-05
3488	-0.006402863996321319	0.04042355955472804	9.999000099990002e-05
3489	-0.0037601935880278853	0.04042355955472804	9.999000099990002e-05
3490	-0.003286007655966962	0.04042355955472804	9.999000099990002e-05
3491	-0.005170061207982794	0.04042355955472804	9.999000099990002e-05
3492	-0.0012043887447606705	0.04042355955472804	9.999000099990002e-05
3493	-0.0057393774002623636	0.04042355955472804	9.999000099990002e-05
3494	-0.0037936925931475463	0.04042355955472804	9.999000099990002e-05
3495	-0.004513085430991973	0.04042355955472804	9.999000099990002e-05
3496	-0.0008168823620185658	0.04042355955472804	9.999000099990002e-05
3497	-0.0026100244785177184	0.04042355955472804	9.999000099990002e-05
3498	-0.0002782285218844938	0.04042355955472804	9.999000099990002e-05
3499	-0.00855721897333996	0.04042355955472804	9.999000099990002e-05
3500	-0.007112529001360035	0.04042355955472804	9.999000099990002e-05
3501	-0.004347052504242924	0.04042355955472804	9.999000099990002e-05
3502	-0.0020675237873873696	0.04042355955472804	9.999000099990002e-05
3503	-0.002221077753261942	0.04042355955472804	9.999000099990002e-05
3504	-0.0009217995299382095	0.04042355955472804	9.999000099990002e-05
3505	-0.005616414862033488	0.04042355955472804	9.999000099990002e-05
3506	-0.003929873422933229	0.04042355955472804	9.999000099990002e-05
3507	-0.0020189226729006153	0.04042355955472804	9.999000099990002e-05
3508	-0.005386855147425233	0.04042355955472804	9.999000099990002e-05
3509	-0.011259956258098617	0.04042355955472804	9.999000099990002e-05
3510	-0.006324081246599894	0.04042355955472804	9.999000099990002e-05
3511	-0.00016837397386121472	0.04042355955472804	9.999000099990002e-05
3512	-0.001479882951164642	0.04042355955472804	9.999000099990002e-05
3513	-0.004981567625165703	0.04042355955472804	9.999000099990002e-05
3514	-0.0041572864354853575	0.04042355955472804	9.999000099990002e-05
3515	-0.002447172343419686	0.04042355955472804	9.999000099990002e-05
3516	-0.001381605505235077	0.04042355955472804	9.999000099990002e-05
3517	-0.0010718228715190694	0.04042355955472804	9.999000099990002e-05
3518	-0.0027412033324660094	0.04042355955472804	9.999000099990002e-05
3519	-0.003911452924153469	0.04042355955472804	9.999000099990002e-05
3520	-0.00353068408034789	0.04042355955472804	9.999000099990002e-05
3521	-0.0030382322137480515	0.04042355955472804	9.999000099990002e-05
3522	-0.0011899404219341421	0.04042355955472804	9.999000099990002e-05
3523	-0.004123650986786321	0.04042355955472804	9.999000099990002e-05
3524	-0.0013892550982289795	0.04042355955472804	9.999000099990002e-05
3525	-0.002860292338852051	0.04042355955472804	9.999000099990002e-05
3526	-0.0033766553993102104	0.04042355955472804	9.999000099990002e-05
3527	-0.002043632137681964	0.04042355955472804	9.999000099990002e-05
3528	-0.008059607912042686	0.04042355955472804	9.999000099990002e-05
3529	-0.003968132737361639	0.04042355955472804	9.999000099990002e-05
3530	-0.0001614704635158573	0.04042355955472804	9.999000099990002e-05
3531	-0.004831802301028819	0.04042355955472804	9.999000099990002e-05
3532	-0.004468444123471913	0.04042355955472804	9.999000099990002e-05
3533	-0.007699533594612525	0.04042355955472804	9.999000099990002e-05
3534	-0.00475676325688248	0.04042355955472804	9.999000099990002e-05
3535	-0.005148232947610793	0.04042355955472804	9.999000099990002e-05
3536	-0.004516786931969119	0.04042355955472804	9.999000099990002e-05
3537	-0.0019693097060638166	0.04042355955472804	9.999000099990002e-05
3538	-0.000525128132132581	0.04042355955472804	9.999000099990002e-05
3539	-0.0026520308264133736	0.04042355955472804	9.999000099990002e-05
3540	-0.0004266287177182554	0.04042355955472804	9.999000099990002e-05
3541	-0.004558111408222573	0.04042355955472804	9.999000099990002e-05
3542	-0.0030498761622309327	0.04042355955472804	9.999000099990002e-05
3543	-0.005098614556117387	0.04042355955472804	9.999000099990002e-05
3544	-0.003933560477395762	0.04042355955472804	9.999000099990002e-05
3545	-0.002510942971517467	0.04042355955472804	9.999000099990002e-05
3546	-0.004048859995643794	0.04042355955472804	9.999000099990002e-05
3547	-0.00945190360725098	0.04042355955472804	9.999000099990002e-05
3548	-0.002392871492210899	0.04042355955472804	9.999000099990002e-05
3549	-0.007174875041531979	0.04042355955472804	9.999000099990002e-05
3550	-0.007767719623887334	0.04042355955472804	9.999000099990002e-05
3551	-0.006484010645963626	0.04042355955472804	9.999000099990002e-05
3552	-0.004330829453065949	0.04042355955472804	9.999000099990002e-05
3553	-0.0033723536273765732	0.04042355955472804	9.999000099990002e-05
3554	-0.0012155060014060553	0.04042355955472804	9.999000099990002e-05
3555	-0.0006808401879949161	0.04042355955472804	9.999000099990002e-05
3556	-0.0036710421842742215	0.04042355955472804	9.999000099990002e-05
3557	-0.00030208192968439603	0.04042355955472804	9.999000099990002e-05
3558	-0.004339918138209406	0.04042355955472804	9.999000099990002e-05
3559	-0.006614472079456139	0.04042355955472804	9.999000099990002e-05
3560	-0.0024968438465333823	0.04042355955472804	9.999000099990002e-05
3561	-0.004281544408645295	0.04042355955472804	9.999000099990002e-05
3562	-0.0009080863250287702	0.04042355955472804	9.999000099990002e-05
3563	-0.0012851352971229204	0.04042355955472804	9.999000099990002e-05
3564	-0.0009073814851596071	0.04042355955472804	9.999000099990002e-05
3565	-0.0029868025832720676	0.04042355955472804	9.999000099990002e-05
3566	-0.0032883881568760128	0.04042355955472804	9.999000099990002e-05
3567	-0.0017382784667845333	0.04042355955472804	9.999000099990002e-05
3568	-0.002846329272719919	0.04042355955472804	9.999000099990002e-05
3569	0.002777940338204006	0.04042355955472804	9.999000099990002e-05
3570	-0.004242523949489857	0.04042355955472804	9.999000099990002e-05
3571	-0.005816425433284977	0.04042355955472804	9.999000099990002e-05
3572	-0.001773188440479366	0.04042355955472804	9.999000099990002e-05
3573	-0.0010003068148271648	0.04042355955472804	9.999000099990002e-05
3574	0.0025503571799505354	0.04042355955472804	9.999000099990002e-05
3575	-0.002281529799583347	0.04042355955472804	9.999000099990002e-05
3576	-0.0014555012741448354	0.04042355955472804	9.999000099990002e-05
3577	-0.006028623207372262	0.04042355955472804	9.999000099990002e-05
3578	-0.0026700895660004415	0.04042355955472804	9.999000099990002e-05
3579	-0.007324749762910643	0.04042355955472804	9.999000099990002e-05
3580	-0.0024259422187670092	0.04042355955472804	9.999000099990002e-05
3581	-0.0021896111476820386	0.04042355955472804	9.999000099990002e-05
3582	-0.0013743892884430287	0.04042355955472804	9.999000099990002e-05
3583	-0.0035114535379860688	0.04042355955472804	9.999000099990002e-05
3584	-0.0022811307410673222	0.04042355955472804	9.999000099990002e-05
3585	-0.00557487253387866	0.04042355955472804	9.999000099990002e-05
3586	-0.005558498708025925	0.04042355955472804	9.999000099990002e-05
3587	-0.0006691897953277556	0.04042355955472804	9.999000099990002e-05
3588	-0.0035095814543620804	0.04042355955472804	9.999000099990002e-05
3589	-0.005592143813383199	0.04042355955472804	9.999000099990002e-05
3590	-0.00017984833449751213	0.04042355955472804	9.999000099990002e-05
3591	-0.0005974757001965828	0.04042355955472804	9.999000099990002e-05
3592	-0.0021915259745223558	0.04042355955472804	9.999000099990002e-05
3593	-0.0040909203015600595	0.04042355955472804	9.999000099990002e-05
3594	-0.002847355283039002	0.04042355955472804	9.999000099990002e-05
3595	-0.006250499203664495	0.04042355955472804	9.999000099990002e-05
3596	-0.00036569712790463643	0.04042355955472804	9.999000099990002e-05
3597	-0.0068519541203260845	0.04042355955472804	9.999000099990002e-05
3598	-0.004696805931549995	0.04042355955472804	9.999000099990002e-05
3599	-0.0011250599321761812	0.04042355955472804	9.999000099990002e-05
3600	-0.0017698842475084963	0.04042355955472804	9.999000099990002e-05
3601	-0.0032077283028377744	0.04042355955472804	9.999000099990002e-05
3602	-0.00022585251966530384	0.04042355955472804	9.999000099990002e-05
3603	-0.0009428464281572805	0.04042355955472804	9.999000099990002e-05
3604	-0.0024318604806633976	0.04042355955472804	9.999000099990002e-05
3605	-0.0036263988954079508	0.04042355955472804	9.999000099990002e-05
3606	-0.0038087839686196346	0.04042355955472804	9.999000099990002e-05
3607	-0.0012891873232521	0.04042355955472804	9.999000099990002e-05
3608	-0.005169654839645797	0.04042355955472804	9.999000099990002e-05
3609	-0.0006920719202840167	0.04042355955472804	9.999000099990002e-05
3610	-0.0038885138787754722	0.04042355955472804	9.999000099990002e-05
3611	0.00015105814292148967	0.04042355955472804	9.999000099990002e-05
3612	-0.0022844293554906137	0.04042355955472804	9.999000099990002e-05
3613	-0.0006616747030397579	0.04042355955472804	9.999000099990002e-05
3614	0.0004892102880165103	0.04042355955472804	9.999000099990002e-05
3615	-0.006860207254459556	0.04042355955472804	9.999000099990002e-05
3616	-0.002774701664312683	0.04042355955472804	9.999000099990002e-05
3617	-0.0036713032987739343	0.04042355955472804	9.999000099990002e-05
3618	-0.0028089489834999216	0.04042355955472804	9.999000099990002e-05
3619	-0.0008592508153615925	0.04042355955472804	9.999000099990002e-05
3620	-0.0037641134410520472	0.04042355955472804	9.999000099990002e-05
3621	-0.0017268741265386092	0.04042355955472804	9.999000099990002e-05
3622	-0.0014448392654551113	0.04042355955472804	9.999000099990002e-05
3623	-0.003210195290470769	0.04042355955472804	9.999000099990002e-05
3624	-0.002821747806751089	0.04042355955472804	9.999000099990002e-05
3625	-0.004857843115045844	0.04042355955472804	9.999000099990002e-05
3626	0.0003623565397198686	0.04042355955472804	9.999000099990002e-05
3627	-0.005433597970765992	0.04042355955472804	9.999000099990002e-05
3628	0.0004889221848883157	0.04042355955472804	9.999000099990002e-05
3629	-0.00511760879889806	0.04042355955472804	9.999000099990002e-05
3630	-0.005700238675898138	0.04042355955472804	9.999000099990002e-05
3631	-0.005915342546258816	0.04042355955472804	9.999000099990002e-05
3632	-0.005663469737784328	0.04042355955472804	9.999000099990002e-05
3633	-0.002818658599462315	0.04042355955472804	9.999000099990002e-05
3634	-0.003592329454943176	0.04042355955472804	9.999000099990002e-05
3635	-0.002328426360001	0.04042355955472804	9.999000099990002e-05
3636	-0.002950764434891863	0.04042355955472804	9.999000099990002e-05
3637	-0.002669809619093538	0.04042355955472804	9.999000099990002e-05
3638	-0.005046148450736507	0.04042355955472804	9.999000099990002e-05
3639	-0.006142661646847805	0.04042355955472804	9.999000099990002e-05
3640	-0.005574634676151463	0.04042355955472804	9.999000099990002e-05
3641	-0.0035620224947515667	0.04042355955472804	9.999000099990002e-05
3642	-0.004046496653577659	0.04042355955472804	9.999000099990002e-05
3643	-0.005700264087144203	0.04042355955472804	9.999000099990002e-05
3644	-0.003121327430825378	0.04042355955472804	9.999000099990002e-05
3645	-0.002616251099440953	0.04042355955472804	9.999000099990002e-05
3646	-0.006883778560879003	0.04042355955472804	9.999000099990002e-05
3647	-0.004925247647513136	0.04042355955472804	9.999000099990002e-05
3648	-0.005161038984501082	0.04042355955472804	9.999000099990002e-05
3649	-0.002106189162370832	0.04042355955472804	9.999000099990002e-05
3650	-0.005942071079774837	0.04042355955472804	9.999000099990002e-05
3651	-0.0022486514175006854	0.04042355955472804	9.999000099990002e-05
3652	-0.003667604086924943	0.04042355955472804	9.999000099990002e-05
3653	-0.003137589166344394	0.04042355955472804	9.999000099990002e-05
3654	-0.00013788942349269028	0.04042355955472804	9.999000099990002e-05
3655	-0.004306439292806541	0.04042355955472804	9.999000099990002e-05
3656	-0.007299354079067247	0.04042355955472804	9.999000099990002e-05
3657	-0.0012020977314494308	0.04042355955472804	9.999000099990002e-05
3658	-0.004609035718469229	0.04042355955472804	9.999000099990002e-05
3659	-0.007996758282914795	0.04042355955472804	9.999000099990002e-05
3660	-0.005414074900910647	0.04042355955472804	9.999000099990002e-05
3661	-0.004195466919265476	0.04042355955472804	9.999000099990002e-05
3662	-0.0005667089137930098	0.04042355955472804	9.999000099990002e-05
3663	-0.00838571564588372	0.04042355955472804	9.999000099990002e-05
3664	-0.004396524410771307	0.04042355955472804	9.999000099990002e-05
3665	-0.006348162470741332	0.04042355955472804	9.999000099990002e-05
3666	-0.0021576279301230307	0.04042355955472804	9.999000099990002e-05
3667	-0.0025937836721703217	0.04042355955472804	9.999000099990002e-05
3668	0.0037162269769836554	0.04042355955472804	9.999000099990002e-05
3669	-0.0028182383617018332	0.04042355955472804	9.999000099990002e-05
3670	-0.0035775113898300057	0.04042355955472804	9.999000099990002e-05
3671	-0.0021987404792773806	0.04042355955472804	9.999000099990002e-05
3672	-0.008177919172713547	0.04042355955472804	9.999000099990002e-05
3673	0.0005556042569706224	0.04042355955472804	9.999000099990002e-05
3674	-0.0015633481028923299	0.04042355955472804	9.999000099990002e-05
3675	-0.002967708080525831	0.04042355955472804	9.999000099990002e-05
3676	-0.0007813238340760558	0.04042355955472804	9.999000099990002e-05
3677	0.0004623044528691583	0.04042355955472804	9.999000099990002e-05
3678	-0.005152837057587167	0.04042355955472804	9.999000099990002e-05
3679	-0.006344097844789162	0.04042355955472804	9.999000099990002e-05
3680	0.00019176676675795035	0.04042355955472804	9.999000099990002e-05
3681	0.0019040131720742537	0.04042355955472804	9.999000099990002e-05
3682	-0.0027712887473730144	0.04042355955472804	9.999000099990002e-05
3683	-0.002850052876287322	0.04042355955472804	9.999000099990002e-05
3684	-0.002610537012386169	0.04042355955472804	9.999000099990002e-05
3685	-0.0023555486620310193	0.04042355955472804	9.999000099990002e-05
3686	-0.001031430128130524	0.04042355955472804	9.999000099990002e-05
3687	0.0007501967119712599	0.04042355955472804	9.999000099990002e-05
3688	-0.0030762534011400666	0.04042355955472804	9.999000099990002e-05
3689	-0.006405914192249741	0.04042355955472804	9.999000099990002e-05
3690	-0.0036549609436241277	0.04042355955472804	9.999000099990002e-05
3691	-0.0034465100491131383	0.04042355955472804	9.999000099990002e-05
3692	-0.0072761125609919165	0.04042355955472804	9.999000099990002e-05
3693	-0.0031485999689127688	0.04042355955472804	9.999000099990002e-05
3694	-0.0063845198466979895	0.04042355955472804	9.999000099990002e-05
3695	-0.005443172912895142	0.04042355955472804	9.999000099990002e-05
3696	-0.0005940622254021532	0.04042355955472804	9.999000099990002e-05
3697	-0.005475491612764072	0.04042355955472804	9.999000099990002e-05
3698	-0.0022227960420999364	0.04042355955472804	9.999000099990002e-05
3699	-0.006989233385367601	0.04042355955472804	9.999000099990002e-05
3700	-0.009119943399902308	0.04042355955472804	9.999000099990002e-05
3701	-0.004890917015603171	0.04042355955472804	9.999000099990002e-05
3702	-0.0036281844538352606	0.04042355955472804	9.999000099990002e-05
3703	-0.0013069565362195112	0.04042355955472804	9.999000099990002e-05
3704	-0.004469305335800783	0.04042355955472804	9.999000099990002e-05
3705	-0.001857510726425278	0.04042355955472804	9.999000099990002e-05
3706	-0.004249342146529914	0.04042355955472804	9.999000099990002e-05
3707	-0.00577844410365364	0.04042355955472804	9.999000099990002e-05
3708	-0.000917394381746904	0.04042355955472804	9.999000099990002e-05
3709	-0.008262385212059808	0.04042355955472804	9.999000099990002e-05
3710	-0.007332214821397709	0.04042355955472804	9.999000099990002e-05
3711	-0.0023738878679070026	0.04042355955472804	9.999000099990002e-05
3712	-0.004505550217459931	0.04042355955472804	9.999000099990002e-05
3713	-0.005769226457879121	0.04042355955472804	9.999000099990002e-05
3714	0.00021547584406636093	0.04042355955472804	9.999000099990002e-05
3715	-0.001413289231734255	0.04042355955472804	9.999000099990002e-05
3716	1.3587225915880074e-05	0.04042355955472804	9.999000099990002e-05
3717	-0.008995451243162037	0.04042355955472804	9.999000099990002e-05
3718	-0.0044894601280791886	0.04042355955472804	9.999000099990002e-05
3719	-0.0021348025332248	0.04042355955472804	9.999000099990002e-05
3720	-0.00033502421499145423	0.04042355955472804	9.999000099990002e-05
3721	-0.0026894444715006597	0.04042355955472804	9.999000099990002e-05
3722	-0.004992611014146518	0.04042355955472804	9.999000099990002e-05
3723	-0.005661835473414786	0.04042355955472804	9.999000099990002e-05
3724	-0.004843036303209695	0.04042355955472804	9.999000099990002e-05
3725	-0.0007260419087108047	0.04042355955472804	9.999000099990002e-05
3726	-0.005769207413871845	0.04042355955472804	9.999000099990002e-05
3727	-0.002828342650287671	0.04042355955472804	9.999000099990002e-05
3728	-0.003934321468231823	0.04042355955472804	9.999000099990002e-05
3729	-0.009590766872024653	0.04042355955472804	9.999000099990002e-05
3730	-0.006091736932637365	0.04042355955472804	9.999000099990002e-05
3731	-0.004681130751454961	0.04042355955472804	9.999000099990002e-05
3732	-0.004937182238325189	0.04042355955472804	9.999000099990002e-05
3733	0.00022870390769963027	0.04042355955472804	9.999000099990002e-05
3734	-0.00403540011450382	0.04042355955472804	9.999000099990002e-05
3735	-0.0032316479991720782	0.04042355955472804	9.999000099990002e-05
3736	-0.0060453107207266	0.04042355955472804	9.999000099990002e-05
3737	-0.004882048067525439	0.04042355955472804	9.999000099990002e-05
3738	0.0013489692321176042	0.04042355955472804	9.999000099990002e-05
3739	-0.0037672435448655337	0.04042355955472804	9.999000099990002e-05
3740	-0.003392013698666056	0.04042355955472804	9.999000099990002e-05
3741	-0.004602348713479268	0.04042355955472804	9.999000099990002e-05
3742	-0.0018143805705004665	0.04042355955472804	9.999000099990002e-05
3743	-0.0031752872981221426	0.04042355955472804	9.999000099990002e-05
3744	0.001100124786290474	0.04042355955472804	9.999000099990002e-05
3745	-0.004735810366808394	0.04042355955472804	9.999000099990002e-05
3746	-0.0041192115209091815	0.04042355955472804	9.999000099990002e-05
3747	-0.0030885707380255505	0.04042355955472804	9.999000099990002e-05
3748	-0.0010972794384766324	0.04042355955472804	9.999000099990002e-05
3749	-0.005240722842784794	0.04042355955472804	9.999000099990002e-05
3750	-0.007061053049702726	0.04042355955472804	9.999000099990002e-05
3751	-0.004788637962072772	0.04042355955472804	9.999000099990002e-05
3752	-0.00016636084916518413	0.04042355955472804	9.999000099990002e-05
3753	-0.004160625157742138	0.04042355955472804	9.999000099990002e-05
3754	-0.004992463721253904	0.04042355955472804	9.999000099990002e-05
3755	-0.00019057630470333263	0.04042355955472804	9.999000099990002e-05
3756	-0.003654715545239509	0.04042355955472804	9.999000099990002e-05
3757	-0.0028108441315327208	0.04042355955472804	9.999000099990002e-05
3758	-0.002754790846927445	0.04042355955472804	9.999000099990002e-05
3759	-0.0035920688982982287	0.04042355955472804	9.999000099990002e-05
3760	0.0003539493799639415	0.04042355955472804	9.999000099990002e-05
3761	-0.0027537682606824016	0.04042355955472804	9.999000099990002e-05
3762	0.0019586451774095044	0.04042355955472804	9.999000099990002e-05
3763	-0.0041175613672972166	0.04042355955472804	9.999000099990002e-05
3764	-0.0005215702114284556	0.04042355955472804	9.999000099990002e-05
3765	-0.00013823983322650558	0.04042355955472804	9.999000099990002e-05
3766	-0.001561594246004394	0.04042355955472804	9.999000099990002e-05
3767	-0.003942154768568605	0.04042355955472804	9.999000099990002e-05
3768	-0.0030028932112711945	0.04042355955472804	9.999000099990002e-05
3769	-0.004400816314446633	0.04042355955472804	9.999000099990002e-05
3770	-0.0057823220021526915	0.04042355955472804	9.999000099990002e-05
3771	-0.0018534531986939995	0.04042355955472804	9.999000099990002e-05
3772	-0.002179177032279346	0.04042355955472804	9.999000099990002e-05
3773	-0.002849979604950251	0.04042355955472804	9.999000099990002e-05
3774	-0.001542553566624172	0.04042355955472804	9.999000099990002e-05
3775	-0.007828151529728327	0.04042355955472804	9.999000099990002e-05
3776	-0.002036408360996117	0.04042355955472804	9.999000099990002e-05
3777	-0.0021275472858360315	0.04042355955472804	9.999000099990002e-05
3778	-0.0038329612399613825	0.04042355955472804	9.999000099990002e-05
3779	-0.0020867687185546825	0.04042355955472804	9.999000099990002e-05
3780	-0.004211237011614936	0.04042355955472804	9.999000099990002e-05
3781	-0.0013036027903569878	0.04042355955472804	9.999000099990002e-05
3782	-0.0028191230808760487	0.04042355955472804	9.999000099990002e-05
3783	-0.004181733362275538	0.04042355955472804	9.999000099990002e-05
3784	-0.0001584641457496372	0.04042355955472804	9.999000099990002e-05
3785	-0.0020617831926133716	0.04042355955472804	9.999000099990002e-05
3786	-0.006198417075484792	0.04042355955472804	9.999000099990002e-05
3787	-0.00019012979006009372	0.04042355955472804	9.999000099990002e-05
3788	-0.006519699904283323	0.04042355955472804	9.999000099990002e-05
3789	-0.003808429096047755	0.04042355955472804	9.999000099990002e-05
3790	-0.00027874855793762616	0.04042355955472804	9.999000099990002e-05
3791	-0.007392695856930191	0.04042355955472804	9.999000099990002e-05
3792	-0.007968770998227192	0.04042355955472804	9.999000099990002e-05
3793	-0.008193236210053623	0.04042355955472804	9.999000099990002e-05
3794	-0.006014675395682326	0.04042355955472804	9.999000099990002e-05
3795	-0.0036641640082294468	0.04042355955472804	9.999000099990002e-05
3796	-0.008296131019819169	0.04042355955472804	9.999000099990002e-05
3797	0.0011681294358232967	0.04042355955472804	9.999000099990002e-05
3798	-0.00620885942405427	0.04042355955472804	9.999000099990002e-05
3799	-0.007060413478840312	0.04042355955472804	9.999000099990002e-05
3800	-0.002941082904031109	0.04042355955472804	9.999000099990002e-05
3801	-0.0036534240152917632	0.04042355955472804	9.999000099990002e-05
3802	-0.0014412200192002913	0.04042355955472804	9.999000099990002e-05
3803	-0.0045248517612670475	0.04042355955472804	9.999000099990002e-05
3804	-0.004646092394220196	0.04042355955472804	9.999000099990002e-05
3805	-0.00694624313556894	0.04042355955472804	9.999000099990002e-05
3806	-0.006750212684891893	0.04042355955472804	9.999000099990002e-05
3807	-0.004996692183377732	0.04042355955472804	9.999000099990002e-05
3808	-0.0053269189243917185	0.04042355955472804	9.999000099990002e-05
3809	-0.006275744324432214	0.04042355955472804	9.999000099990002e-05
3810	-0.006235291409675219	0.04042355955472804	9.999000099990002e-05
3811	-0.004694415331546175	0.04042355955472804	9.999000099990002e-05
3812	-0.007459663993085376	0.04042355955472804	9.999000099990002e-05
3813	-0.0052366156659800055	0.04042355955472804	9.999000099990002e-05
3814	-0.002869718545360761	0.04042355955472804	9.999000099990002e-05
3815	-0.0005161620211450266	0.04042355955472804	9.999000099990002e-05
3816	-0.00030643252352759024	0.04042355955472804	9.999000099990002e-05
3817	-0.0031751433138853353	0.04042355955472804	9.999000099990002e-05
3818	-0.0061528679266725905	0.04042355955472804	9.999000099990002e-05
3819	-0.0030958265817418243	0.04042355955472804	9.999000099990002e-05
3820	-0.004379725326465263	0.04042355955472804	9.999000099990002e-05
3821	-0.0018214617864409574	0.04042355955472804	9.999000099990002e-05
3822	-0.006880163219607487	0.04042355955472804	9.999000099990002e-05
3823	-0.0017944675601689372	0.04042355955472804	9.999000099990002e-05
3824	-0.004048194898117084	0.04042355955472804	9.999000099990002e-05
3825	6.193919092609135e-07	0.04042355955472804	9.999000099990002e-05
3826	-0.0027759387360941786	0.04042355955472804	9.999000099990002e-05
3827	-0.002797972075417224	0.04042355955472804	9.999000099990002e-05
3828	-0.006024809019733908	0.04042355955472804	9.999000099990002e-05
3829	-0.004719259104669719	0.04042355955472804	9.999000099990002e-05
3830	-0.0015685447700404323	0.04042355955472804	9.999000099990002e-05
3831	-0.005069411725147412	0.04042355955472804	9.999000099990002e-05
3832	-0.007219794757049274	0.04042355955472804	9.999000099990002e-05
3833	-0.005321203586972812	0.04042355955472804	9.999000099990002e-05
3834	-0.0013008295596979593	0.04042355955472804	9.999000099990002e-05
3835	-0.006443467243317536	0.04042355955472804	9.999000099990002e-05
3836	-0.0033888761119042514	0.04042355955472804	9.999000099990002e-05
3837	-0.0031169196280148815	0.04042355955472804	9.999000099990002e-05
3838	-0.00593616166660909	0.04042355955472804	9.999000099990002e-05
3839	-0.0009158733234205963	0.04042355955472804	9.999000099990002e-05
3840	-0.0023388441244883568	0.04042355955472804	9.999000099990002e-05
3841	-0.0037619597754296173	0.04042355955472804	9.999000099990002e-05
3842	-0.0052822136174653905	0.04042355955472804	9.999000099990002e-05
3843	-0.00615632985788552	0.04042355955472804	9.999000099990002e-05
3844	-0.007305819269463404	0.04042355955472804	9.999000099990002e-05
3845	-0.008737729192890233	0.04042355955472804	9.999000099990002e-05
3846	-0.003413428280880082	0.04042355955472804	9.999000099990002e-05
3847	-0.005805400491983935	0.04042355955472804	9.999000099990002e-05
3848	0.0013032569781158466	0.04042355955472804	9.999000099990002e-05
3849	-0.005714939072130017	0.04042355955472804	9.999000099990002e-05
3850	-0.005197210960314202	0.04042355955472804	9.999000099990002e-05
3851	0.0002485644027383785	0.04042355955472804	9.999000099990002e-05
3852	-0.0025809370273008904	0.04042355955472804	9.999000099990002e-05
3853	-0.00499654125481101	0.04042355955472804	9.999000099990002e-05
3854	-0.007086119599238617	0.04042355955472804	9.999000099990002e-05
3855	-0.004140452668002441	0.04042355955472804	9.999000099990002e-05
3856	-0.0038365160059006752	0.04042355955472804	9.999000099990002e-05
3857	-0.003736976211598146	0.04042355955472804	9.999000099990002e-05
3858	-0.0020709768891060214	0.04042355955472804	9.999000099990002e-05
3859	-0.0032822294403423422	0.04042355955472804	9.999000099990002e-05
3860	-0.002917334776889602	0.04042355955472804	9.999000099990002e-05
3861	-0.003298141554818758	0.04042355955472804	9.999000099990002e-05
3862	-0.006661241987607239	0.04042355955472804	9.999000099990002e-05
3863	-0.00476698581067711	0.04042355955472804	9.999000099990002e-05
3864	-0.00403809437985996	0.04042355955472804	9.999000099990002e-05
3865	-0.002715372041001721	0.04042355955472804	9.999000099990002e-05
3866	-0.005122518113136432	0.04042355955472804	9.999000099990002e-05
3867	-0.001254833415333248	0.04042355955472804	9.999000099990002e-05
3868	-0.003534853332921836	0.04042355955472804	9.999000099990002e-05
3869	-0.0023784586220160888	0.04042355955472804	9.999000099990002e-05
3870	-0.004862958546999292	0.04042355955472804	9.999000099990002e-05
3871	-0.006215471541851983	0.04042355955472804	9.999000099990002e-05
3872	-0.00013173728579790044	0.04042355955472804	9.999000099990002e-05
3873	-0.008713198222395229	0.04042355955472804	9.999000099990002e-05
3874	-0.0020444524919588647	0.04042355955472804	9.999000099990002e-05
3875	0.0011919779960577026	0.04042355955472804	9.999000099990002e-05
3876	-0.006336611953312315	0.04042355955472804	9.999000099990002e-05
3877	-0.0058234659835372125	0.04042355955472804	9.999000099990002e-05
3878	-0.0028819500110861774	0.04042355955472804	9.999000099990002e-05
3879	-0.001179414318205413	0.04042355955472804	9.999000099990002e-05
3880	-0.006484925989440446	0.04042355955472804	9.999000099990002e-05
3881	-0.002738991803839669	0.04042355955472804	9.999000099990002e-05
3882	-0.003439808847681401	0.04042355955472804	9.999000099990002e-05
3883	-0.0028888397097171737	0.04042355955472804	9.999000099990002e-05
3884	-0.0034469244967259517	0.04042355955472804	9.999000099990002e-05
3885	-0.004036505263253121	0.04042355955472804	9.999000099990002e-05
3886	-0.0012489468357398642	0.04042355955472804	9.999000099990002e-05
3887	-0.0020557244090269517	0.04042355955472804	9.999000099990002e-05
3888	-0.0017056151665658242	0.04042355955472804	9.999000099990002e-05
3889	-0.002614569475126055	0.04042355955472804	9.999000099990002e-05
3890	-0.0032464095863000463	0.04042355955472804	9.999000099990002e-05
3891	-0.004160424849411105	0.04042355955472804	9.999000099990002e-05
3892	-0.0040017057063277215	0.04042355955472804	9.999000099990002e-05
3893	-0.005129414544497271	0.04042355955472804	9.999000099990002e-05
3894	-0.003453277923806701	0.04042355955472804	9.999000099990002e-05
3895	0.0015431241750966274	0.04042355955472804	9.999000099990002e-05
3896	-0.00411979465225914	0.04042355955472804	9.999000099990002e-05
3897	-0.0036576092532899936	0.04042355955472804	9.999000099990002e-05
3898	-0.006231522427508671	0.04042355955472804	9.999000099990002e-05
3899	-0.007011205379903575	0.04042355955472804	9.999000099990002e-05
3900	-0.00014696870205074125	0.04042355955472804	9.999000099990002e-05
3901	-0.005660140268221978	0.04042355955472804	9.999000099990002e-05
3902	-0.003956386201312309	0.04042355955472804	9.999000099990002e-05
3903	-0.002118997930825807	0.04042355955472804	9.999000099990002e-05
3904	-0.0008613279779366254	0.04042355955472804	9.999000099990002e-05
3905	-0.0038938547802332053	0.04042355955472804	9.999000099990002e-05
3906	0.00013819662833729484	0.04042355955472804	9.999000099990002e-05
3907	-0.0072165165524156	0.04042355955472804	9.999000099990002e-05
3908	-0.005320127658271033	0.04042355955472804	9.999000099990002e-05
3909	-0.0025770079985277692	0.04042355955472804	9.999000099990002e-05
3910	-0.0008667425354588476	0.04042355955472804	9.999000099990002e-05
3911	-0.0052597535769612165	0.04042355955472804	9.999000099990002e-05
3912	-0.0043584753498777315	0.04042355955472804	9.999000099990002e-05
3913	-0.005001871230010018	0.04042355955472804	9.999000099990002e-05
3914	-0.006309894903909779	0.04042355955472804	9.999000099990002e-05
3915	0.0010062146506104887	0.04042355955472804	9.999000099990002e-05
3916	-0.005170462459445113	0.04042355955472804	9.999000099990002e-05
3917	-0.003559336154780271	0.04042355955472804	9.999000099990002e-05
3918	-0.0021427135100276135	0.04042355955472804	9.999000099990002e-05
3919	-0.0024732765989882153	0.04042355955472804	9.999000099990002e-05
3920	-0.006803181455882909	0.04042355955472804	9.999000099990002e-05
3921	-0.002088765223026187	0.04042355955472804	9.999000099990002e-05
3922	-0.007417658991735682	0.04042355955472804	9.999000099990002e-05
3923	0.00017928016904419363	0.04042355955472804	9.999000099990002e-05
3924	-0.0005981891387235663	0.04042355955472804	9.999000099990002e-05
3925	-0.0046528326262486545	0.04042355955472804	9.999000099990002e-05
3926	-0.006323484784444851	0.04042355955472804	9.999000099990002e-05
3927	-0.001644931822119726	0.04042355955472804	9.999000099990002e-05
3928	0.0013775232972398355	0.04042355955472804	9.999000099990002e-05
3929	-0.003479640543073892	0.04042355955472804	9.999000099990002e-05
3930	-0.003727357679852353	0.04042355955472804	9.999000099990002e-05
3931	0.0017007916657784104	0.04042355955472804	9.999000099990002e-05
3932	-0.0029956138607095868	0.04042355955472804	9.999000099990002e-05
3933	-0.0046208977112171855	0.04042355955472804	9.999000099990002e-05
3934	-0.00410929546021341	0.04042355955472804	9.999000099990002e-05
3935	-0.00600585905907923	0.04042355955472804	9.999000099990002e-05
3936	-0.002747833551688822	0.04042355955472804	9.999000099990002e-05
3937	0.0004938725495423693	0.04042355955472804	9.999000099990002e-05
3938	-0.0030062132742481387	0.04042355955472804	9.999000099990002e-05
3939	-0.0036617063117636447	0.04042355955472804	9.999000099990002e-05
3940	-0.0030600497209886694	0.04042355955472804	9.999000099990002e-05
3941	-0.005614132081889024	0.04042355955472804	9.999000099990002e-05
3942	-0.003879471899540765	0.04042355955472804	9.999000099990002e-05
3943	-0.0025891212375171377	0.04042355955472804	9.999000099990002e-05
3944	-0.008010649001055657	0.04042355955472804	9.999000099990002e-05
3945	-0.002141145053283204	0.04042355955472804	9.999000099990002e-05
3946	-0.0036826604137291026	0.04042355955472804	9.999000099990002e-05
3947	-0.0035975578236306675	0.04042355955472804	9.999000099990002e-05
3948	-0.005049949211387919	0.04042355955472804	9.999000099990002e-05
3949	5.338123725762006e-05	0.04042355955472804	9.999000099990002e-05
3950	-0.0005965979830614018	0.04042355955472804	9.999000099990002e-05
3951	-0.004119010231523229	0.04042355955472804	9.999000099990002e-05
3952	-0.001633982248920196	0.04042355955472804	9.999000099990002e-05
3953	-0.002166103821432487	0.04042355955472804	9.999000099990002e-05
3954	0.00022321861804130982	0.04042355955472804	9.999000099990002e-05
3955	-0.0007863935604120548	0.04042355955472804	9.999000099990002e-05
3956	-0.00016059403521753168	0.04042355955472804	9.999000099990002e-05
3957	0.0003016772349116764	0.04042355955472804	9.999000099990002e-05
3958	-0.0010550033966597954	0.04042355955472804	9.999000099990002e-05
3959	0.0001307955307837283	0.04042355955472804	9.999000099990002e-05
3960	-0.001970721848057623	0.04042355955472804	9.999000099990002e-05
3961	-0.01037511520223751	0.04042355955472804	9.999000099990002e-05
3962	-0.005453044903064992	0.04042355955472804	9.999000099990002e-05
3963	-0.004257911315002255	0.04042355955472804	9.999000099990002e-05
3964	-0.0031887647035960783	0.04042355955472804	9.999000099990002e-05
3965	-0.00015103025018355505	0.04042355955472804	9.999000099990002e-05
3966	-0.00024702814767898763	0.04042355955472804	9.999000099990002e-05
3967	-0.00620377223109342	0.04042355955472804	9.999000099990002e-05
3968	-0.008980754155585965	0.04042355955472804	9.999000099990002e-05
3969	-0.0056357281015541605	0.04042355955472804	9.999000099990002e-05
3970	-0.006856063163058856	0.04042355955472804	9.999000099990002e-05
3971	-0.0035248878347526325	0.04042355955472804	9.999000099990002e-05
3972	-0.002967957537784731	0.04042355955472804	9.999000099990002e-05
3973	-0.005183581972236928	0.04042355955472804	9.999000099990002e-05
3974	-0.004095179060968189	0.04042355955472804	9.999000099990002e-05
3975	-0.0018269238577995075	0.04042355955472804	9.999000099990002e-05
3976	-0.007355090963842599	0.04042355955472804	9.999000099990002e-05
3977	-0.0029280433375971013	0.04042355955472804	9.999000099990002e-05
3978	0.00043663430448459133	0.04042355955472804	9.999000099990002e-05
3979	0.003821658967899899	0.04042355955472804	9.999000099990002e-05
3980	-0.007049283641608299	0.04042355955472804	9.999000099990002e-05
3981	-0.0033383876978240606	0.04042355955472804	9.999000099990002e-05
3982	-0.006963449319194072	0.04042355955472804	9.999000099990002e-05
3983	0.0008638241086716597	0.04042355955472804	9.999000099990002e-05
3984	0.0018586162214292699	0.04042355955472804	9.999000099990002e-05
3985	-0.001343997476619016	0.04042355955472804	9.999000099990002e-05
3986	-0.005860807338342345	0.04042355955472804	9.999000099990002e-05
3987	0.0005419537626305856	0.04042355955472804	9.999000099990002e-05
3988	-0.0019229940263407173	0.04042355955472804	9.999000099990002e-05
3989	-0.0017952383615542009	0.04042355955472804	9.999000099990002e-05
3990	-0.0029647456024490897	0.04042355955472804	9.999000099990002e-05
3991	-0.0064087225485221794	0.04042355955472804	9.999000099990002e-05
3992	-0.002682710472056399	0.04042355955472804	9.999000099990002e-05
3993	0.0005082065698525137	0.04042355955472804	9.999000099990002e-05
3994	0.0032728277409702702	0.04042355955472804	9.999000099990002e-05
3995	-0.004260883238137153	0.04042355955472804	9.999000099990002e-05
3996	-0.002190718143122951	0.04042355955472804	9.999000099990002e-05
3997	-0.005799589703692226	0.04042355955472804	9.999000099990002e-05
3998	0.0003408870953758053	0.04042355955472804	9.999000099990002e-05
3999	-0.0007127305900639258	0.04042355955472804	9.999000099990002e-05
4000	0.0018754912894006826	0.04042355955472804	9.999000099990002e-05
4001	-0.003181590749111078	0.04042355955472804	9.999000099990002e-05
4002	-0.010585159637720672	0.04042355955472804	9.999000099990002e-05
4003	-0.00024018871368536865	0.04042355955472804	9.999000099990002e-05
4004	-0.002757856508898143	0.04042355955472804	9.999000099990002e-05
4005	-0.004365507955508756	0.04042355955472804	9.999000099990002e-05
4006	-0.004201370830829115	0.04042355955472804	9.999000099990002e-05
4007	-0.0024860359684425017	0.04042355955472804	9.999000099990002e-05
4008	-0.006338615863786647	0.04042355955472804	9.999000099990002e-05
4009	0.0005907655346159682	0.04042355955472804	9.999000099990002e-05
4010	-0.004000121475759108	0.04042355955472804	9.999000099990002e-05
4011	-0.002056100018406748	0.04042355955472804	9.999000099990002e-05
4012	0.0025602219372449038	0.04042355955472804	9.999000099990002e-05
4013	-0.0034952508196532325	0.04042355955472804	9.999000099990002e-05
4014	-0.006079135301425137	0.04042355955472804	9.999000099990002e-05
4015	-0.004361136509439414	0.04042355955472804	9.999000099990002e-05
4016	-0.005544468622377297	0.04042355955472804	9.999000099990002e-05
4017	-0.004062055280500907	0.04042355955472804	9.999000099990002e-05
4018	-0.0010814263988954977	0.04042355955472804	9.999000099990002e-05
4019	-0.005198793536554912	0.04042355955472804	9.999000099990002e-05
4020	-0.006035721158955509	0.04042355955472804	9.999000099990002e-05
4021	-0.004195728283838009	0.04042355955472804	9.999000099990002e-05
4022	-0.0029309554548546156	0.04042355955472804	9.999000099990002e-05
4023	-0.002222170936988499	0.04042355955472804	9.999000099990002e-05
4024	-0.005039370727020998	0.04042355955472804	9.999000099990002e-05
4025	-0.003514269838879723	0.04042355955472804	9.999000099990002e-05
4026	-0.005959117236029765	0.04042355955472804	9.999000099990002e-05
4027	-0.004660912402206835	0.04042355955472804	9.999000099990002e-05
4028	-0.0034263992504151713	0.04042355955472804	9.999000099990002e-05
4029	0.0003634589184317458	0.04042355955472804	9.999000099990002e-05
4030	-0.006315450579449532	0.04042355955472804	9.999000099990002e-05
4031	-0.002299579267239599	0.04042355955472804	9.999000099990002e-05
4032	-0.0016301167001713135	0.04042355955472804	9.999000099990002e-05
4033	-0.0017451070899376572	0.04042355955472804	9.999000099990002e-05
4034	-0.005529070580679009	0.04042355955472804	9.999000099990002e-05
4035	-0.0019765346369319202	0.04042355955472804	9.999000099990002e-05
4036	-0.002877238196668683	0.04042355955472804	9.999000099990002e-05
4037	-0.0017581825899126657	0.04042355955472804	9.999000099990002e-05
4038	-0.0032635052569738865	0.04042355955472804	9.999000099990002e-05
4039	-0.003948364615376341	0.04042355955472804	9.999000099990002e-05
4040	-0.0020835101734921467	0.04042355955472804	9.999000099990002e-05
4041	-0.003922109142695532	0.04042355955472804	9.999000099990002e-05
4042	-0.005879776150640582	0.04042355955472804	9.999000099990002e-05
4043	-0.008631798979965553	0.04042355955472804	9.999000099990002e-05
4044	-0.004216709932286712	0.04042355955472804	9.999000099990002e-05
4045	-0.0023770095269536303	0.04042355955472804	9.999000099990002e-05
4046	-0.003699146579988366	0.04042355955472804	9.999000099990002e-05
4047	-0.005857717380835109	0.04042355955472804	9.999000099990002e-05
4048	-0.003731238252206971	0.04042355955472804	9.999000099990002e-05
4049	-0.006484224458227094	0.04042355955472804	9.999000099990002e-05
4050	-0.005750617692736558	0.04042355955472804	9.999000099990002e-05
4051	-0.004947025912556954	0.04042355955472804	9.999000099990002e-05
4052	-0.005406476111172511	0.04042355955472804	9.999000099990002e-05
4053	-0.0032825200249623973	0.04042355955472804	9.999000099990002e-05
4054	-0.0031325633758797224	0.04042355955472804	9.999000099990002e-05
4055	-0.006510929696497851	0.04042355955472804	9.999000099990002e-05
4056	-0.006236658057651653	0.04042355955472804	9.999000099990002e-05
4057	-0.006816902797777276	0.04042355955472804	9.999000099990002e-05
4058	-0.005292458581632217	0.04042355955472804	9.999000099990002e-05
4059	-0.00554200065368939	0.04042355955472804	9.999000099990002e-05
4060	-0.00589823675725384	0.04042355955472804	9.999000099990002e-05
4061	-0.0008339604698856945	0.04042355955472804	9.999000099990002e-05
4062	-0.0026163956800052584	0.04042355955472804	9.999000099990002e-05
4063	-0.0033073601431754555	0.04042355955472804	9.999000099990002e-05
4064	-0.00815378768393473	0.04042355955472804	9.999000099990002e-05
4065	-0.002536439338526583	0.04042355955472804	9.999000099990002e-05
4066	-0.0038238957346449637	0.04042355955472804	9.999000099990002e-05
4067	-0.004066837673163534	0.04042355955472804	9.999000099990002e-05
4068	-0.004673138481748379	0.04042355955472804	9.999000099990002e-05
4069	-0.005591179167087552	0.04042355955472804	9.999000099990002e-05
4070	-0.004139553175295312	0.04042355955472804	9.999000099990002e-05
4071	-0.005604462631469245	0.04042355955472804	9.999000099990002e-05
4072	-0.0025118686641618718	0.04042355955472804	9.999000099990002e-05
4073	-0.0034956046342247056	0.04042355955472804	9.999000099990002e-05
4074	-0.0016033889553465103	0.04042355955472804	9.999000099990002e-05
4075	-0.0013290162678435426	0.04042355955472804	9.999000099990002e-05
4076	-0.0020752704086365024	0.04042355955472804	9.999000099990002e-05
4077	-0.003482748024915104	0.04042355955472804	9.999000099990002e-05
4078	-0.003102119433490355	0.04042355955472804	9.999000099990002e-05
4079	-0.004769851164316769	0.04042355955472804	9.999000099990002e-05
4080	-0.002857162331220418	0.04042355955472804	9.999000099990002e-05
4081	-0.004001145774041173	0.04042355955472804	9.999000099990002e-05
4082	0.0013186599443251081	0.04042355955472804	9.999000099990002e-05
4083	-0.0043081954003498695	0.04042355955472804	9.999000099990002e-05
4084	-0.004047027692834998	0.04042355955472804	9.999000099990002e-05
4085	-0.00412205638781375	0.04042355955472804	9.999000099990002e-05
4086	-0.003917706129741403	0.04042355955472804	9.999000099990002e-05
4087	-0.005363554766054701	0.04042355955472804	9.999000099990002e-05
4088	-0.00532194736125684	0.04042355955472804	9.999000099990002e-05
4089	-0.003748998366370905	0.04042355955472804	9.999000099990002e-05
4090	-0.0014849519465185395	0.04042355955472804	9.999000099990002e-05
4091	-0.001304568552362148	0.04042355955472804	9.999000099990002e-05
4092	-0.00743864939273318	0.04042355955472804	9.999000099990002e-05
4093	-0.008207380502036782	0.04042355955472804	9.999000099990002e-05
4094	-0.00265481596438604	0.04042355955472804	9.999000099990002e-05
4095	-0.0022670716084985066	0.04042355955472804	9.999000099990002e-05
4096	-0.0036077712016763393	0.04042355955472804	9.999000099990002e-05
4097	-0.005705534621956884	0.04042355955472804	9.999000099990002e-05
4098	-0.0020116696761672465	0.04042355955472804	9.999000099990002e-05
4099	-0.0043389796341419245	0.04042355955472804	9.999000099990002e-05
4100	-0.003755232277878745	0.04042355955472804	9.999000099990002e-05
4101	-0.007182136059832048	0.04042355955472804	9.999000099990002e-05
4102	-0.005451102510505063	0.04042355955472804	9.999000099990002e-05
4103	-0.0034823355586485042	0.04042355955472804	9.999000099990002e-05
4104	-0.0046277766951895475	0.04042355955472804	9.999000099990002e-05
4105	-0.005335974811522645	0.04042355955472804	9.999000099990002e-05
4106	-0.002748472160732687	0.04042355955472804	9.999000099990002e-05
4107	-0.00011451863700436965	0.04042355955472804	9.999000099990002e-05
4108	-0.0058001392483384385	0.04042355955472804	9.999000099990002e-05
4109	-0.007290848736873826	0.04042355955472804	9.999000099990002e-05
4110	-0.002312903474255035	0.04042355955472804	9.999000099990002e-05
4111	-0.003213552633534658	0.04042355955472804	9.999000099990002e-05
4112	-0.002404984942800338	0.04042355955472804	9.999000099990002e-05
4113	-0.0003008664218747653	0.04042355955472804	9.999000099990002e-05
4114	-0.006299705725218799	0.04042355955472804	9.999000099990002e-05
4115	-0.00381952340370256	0.04042355955472804	9.999000099990002e-05
4116	-0.003841346374072538	0.04042355955472804	9.999000099990002e-05
4117	-0.0049823843437684905	0.04042355955472804	9.999000099990002e-05
4118	-0.0032670357466129964	0.04042355955472804	9.999000099990002e-05
4119	-0.001383034286689784	0.04042355955472804	9.999000099990002e-05
4120	-0.004335349096137338	0.04042355955472804	9.999000099990002e-05
4121	-0.00495858652908074	0.04042355955472804	9.999000099990002e-05
4122	-0.0025946994965564186	0.04042355955472804	9.999000099990002e-05
4123	-0.006482032242917218	0.04042355955472804	9.999000099990002e-05
4124	-0.006700580827938797	0.04042355955472804	9.999000099990002e-05
4125	-0.004553441625275672	0.04042355955472804	9.999000099990002e-05
4126	-0.003479276398571196	0.04042355955472804	9.999000099990002e-05
4127	0.000602321688301688	0.04042355955472804	9.999000099990002e-05
4128	-0.004523849757938953	0.04042355955472804	9.999000099990002e-05
4129	-0.003304525298420173	0.04042355955472804	9.999000099990002e-05
4130	0.0005108790788730707	0.04042355955472804	9.999000099990002e-05
4131	-0.0034134899526854514	0.04042355955472804	9.999000099990002e-05
4132	-0.003061755236876326	0.04042355955472804	9.999000099990002e-05
4133	-0.005256979961574776	0.04042355955472804	9.999000099990002e-05
4134	-0.006235493026079485	0.04042355955472804	9.999000099990002e-05
4135	0.0006826282663868366	0.04042355955472804	9.999000099990002e-05
4136	-0.0031148961733876352	0.04042355955472804	9.999000099990002e-05
4137	-0.0008536373922361521	0.04042355955472804	9.999000099990002e-05
4138	-0.004375852390949932	0.04042355955472804	9.999000099990002e-05
4139	-0.0030061767059068973	0.04042355955472804	9.999000099990002e-05
4140	-0.0034817229571782043	0.04042355955472804	9.999000099990002e-05
4141	-0.002600227721794779	0.04042355955472804	9.999000099990002e-05
4142	-0.004169513630736419	0.04042355955472804	9.999000099990002e-05
4143	-0.0016434546419556273	0.04042355955472804	9.999000099990002e-05
4144	-0.000544520394665253	0.04042355955472804	9.999000099990002e-05
4145	-0.004258722108802783	0.04042355955472804	9.999000099990002e-05
4146	-0.0004869512840265794	0.04042355955472804	9.999000099990002e-05
4147	-0.0016177899951731606	0.04042355955472804	9.999000099990002e-05
4148	-0.005473704996336351	0.04042355955472804	9.999000099990002e-05
4149	-0.005190616790050612	0.04042355955472804	9.999000099990002e-05
4150	-0.005640504223159856	0.04042355955472804	9.999000099990002e-05
4151	-0.004530050236634026	0.04042355955472804	9.999000099990002e-05
4152	-0.0002134840717421149	0.04042355955472804	9.999000099990002e-05
4153	0.000971040138341904	0.04042355955472804	9.999000099990002e-05
4154	-0.004589774378677465	0.04042355955472804	9.999000099990002e-05
4155	-0.0017485738687160717	0.04042355955472804	9.999000099990002e-05
4156	-0.005526606343847074	0.04042355955472804	9.999000099990002e-05
4157	-0.005651445620901722	0.04042355955472804	9.999000099990002e-05
4158	-0.0006071689844800013	0.04042355955472804	9.999000099990002e-05
4159	-0.006289611478018623	0.04042355955472804	9.999000099990002e-05
4160	-0.00120817971409925	0.04042355955472804	9.999000099990002e-05
4161	0.003518327558974721	0.04042355955472804	9.999000099990002e-05
4162	-0.0008340658082531954	0.04042355955472804	9.999000099990002e-05
4163	-0.001714174486016222	0.04042355955472804	9.999000099990002e-05
4164	-0.0019387549429412052	0.04042355955472804	9.999000099990002e-05
4165	-0.00498121713848641	0.04042355955472804	9.999000099990002e-05
4166	-0.008999035671585375	0.04042355955472804	9.999000099990002e-05
4167	-0.005630558846234703	0.04042355955472804	9.999000099990002e-05
4168	-0.0028528346094223223	0.04042355955472804	9.999000099990002e-05
4169	-0.007944749791563215	0.04042355955472804	9.999000099990002e-05
4170	-0.0032042953415995475	0.04042355955472804	9.999000099990002e-05
4171	-0.0039340515627105735	0.04042355955472804	9.999000099990002e-05
4172	-0.0040838208687762455	0.04042355955472804	9.999000099990002e-05
4173	-0.005624076727832081	0.04042355955472804	9.999000099990002e-05
4174	-0.004613561074742797	0.04042355955472804	9.999000099990002e-05
4175	-0.0038191369257731507	0.04042355955472804	9.999000099990002e-05
4176	-0.0018577072067184938	0.04042355955472804	9.999000099990002e-05
4177	-0.013062591562150245	0.04042355955472804	9.999000099990002e-05
4178	-0.002083979079271206	0.04042355955472804	9.999000099990002e-05
4179	-0.0033010178347171364	0.04042355955472804	9.999000099990002e-05
4180	-0.006224785888863436	0.04042355955472804	9.999000099990002e-05
4181	-0.003925965573404559	0.04042355955472804	9.999000099990002e-05
4182	-0.004525283386959143	0.04042355955472804	9.999000099990002e-05
4183	0.000531527303303543	0.04042355955472804	9.999000099990002e-05
4184	-0.006217730680496508	0.04042355955472804	9.999000099990002e-05
4185	-2.0655765087884693e-05	0.04042355955472804	9.999000099990002e-05
4186	-0.0023038429703950715	0.04042355955472804	9.999000099990002e-05
4187	-0.00021415872974520772	0.04042355955472804	9.999000099990002e-05
4188	-0.006322502979306294	0.04042355955472804	9.999000099990002e-05
4189	-0.0022882697815389914	0.04042355955472804	9.999000099990002e-05
4190	-0.007746922702309174	0.04042355955472804	9.999000099990002e-05
4191	4.390526625717705e-05	0.04042355955472804	9.999000099990002e-05
4192	-0.007238508648959248	0.04042355955472804	9.999000099990002e-05
4193	-0.0025751542471653356	0.04042355955472804	9.999000099990002e-05
4194	-0.003606781971298581	0.04042355955472804	9.999000099990002e-05
4195	-0.006937629531079632	0.04042355955472804	9.999000099990002e-05
4196	-0.0017310489384237682	0.04042355955472804	9.999000099990002e-05
4197	-0.005438072812329366	0.04042355955472804	9.999000099990002e-05
4198	-0.0035206282097078228	0.04042355955472804	9.999000099990002e-05
4199	-0.0018636307393805381	0.04042355955472804	9.999000099990002e-05
4200	-0.005415170931620103	0.04042355955472804	9.999000099990002e-05
4201	-0.00920855077984822	0.04042355955472804	9.999000099990002e-05
4202	-0.009180264523482808	0.04042355955472804	9.999000099990002e-05
4203	-0.004623706933126322	0.04042355955472804	9.999000099990002e-05
4204	-0.006841001815561874	0.04042355955472804	9.999000099990002e-05
4205	0.00373773383606929	0.04042355955472804	9.999000099990002e-05
4206	-0.0017828919969848991	0.04042355955472804	9.999000099990002e-05
4207	-0.002283967259386879	0.04042355955472804	9.999000099990002e-05
4208	-0.005953374813800522	0.04042355955472804	9.999000099990002e-05
4209	-0.005659921743047619	0.04042355955472804	9.999000099990002e-05
4210	-0.004366877335049871	0.04042355955472804	9.999000099990002e-05
4211	-0.002351246736206411	0.04042355955472804	9.999000099990002e-05
4212	-0.008134806271813504	0.04042355955472804	9.999000099990002e-05
4213	-0.0025577069548662983	0.04042355955472804	9.999000099990002e-05
4214	-0.006161554975626303	0.04042355955472804	9.999000099990002e-05
4215	0.0007599075398250262	0.04042355955472804	9.999000099990002e-05
4216	-0.001863656477644908	0.04042355955472804	9.999000099990002e-05
4217	-0.0026112875578727796	0.04042355955472804	9.999000099990002e-05
4218	0.001523375174064097	0.04042355955472804	9.999000099990002e-05
4219	-0.006609873778863805	0.04042355955472804	9.999000099990002e-05
4220	-0.002097371710058228	0.04042355955472804	9.999000099990002e-05
4221	0.000830513427623912	0.04042355955472804	9.999000099990002e-05
4222	-0.001013353710318514	0.04042355955472804	9.999000099990002e-05
4223	-0.005328045752531113	0.04042355955472804	9.999000099990002e-05
4224	-0.009880418912816945	0.04042355955472804	9.999000099990002e-05
4225	-0.0014880452319179643	0.04042355955472804	9.999000099990002e-05
4226	-0.008655842308456157	0.04042355955472804	9.999000099990002e-05
4227	-0.0025137681403781405	0.04042355955472804	9.999000099990002e-05
4228	-0.002577708664104425	0.04042355955472804	9.999000099990002e-05
4229	-0.001756706948658246	0.04042355955472804	9.999000099990002e-05
4230	-0.005994273896946073	0.04042355955472804	9.999000099990002e-05
4231	-0.003067612153985655	0.04042355955472804	9.999000099990002e-05
4232	-0.0032176399968773333	0.04042355955472804	9.999000099990002e-05
4233	-0.006991749175673767	0.04042355955472804	9.999000099990002e-05
4234	-0.0008239828912755167	0.04042355955472804	9.999000099990002e-05
4235	-0.006150163600694422	0.04042355955472804	9.999000099990002e-05
4236	-0.0033056848668629847	0.04042355955472804	9.999000099990002e-05
4237	-0.0033842506303197253	0.04042355955472804	9.999000099990002e-05
4238	-0.004109760057045377	0.04042355955472804	9.999000099990002e-05
4239	-0.004607466107542563	0.04042355955472804	9.999000099990002e-05
4240	-3.708912750881171e-05	0.04042355955472804	9.999000099990002e-05
4241	-0.005005497863031302	0.04042355955472804	9.999000099990002e-05
4242	-0.005643685957393054	0.04042355955472804	9.999000099990002e-05
4243	-0.0005540627696183215	0.04042355955472804	9.999000099990002e-05
4244	-0.0015062516106523218	0.04042355955472804	9.999000099990002e-05
4245	-0.005871504741954682	0.04042355955472804	9.999000099990002e-05
4246	0.0031274966888903562	0.04042355955472804	9.999000099990002e-05
4247	-0.0013197836176996561	0.04042355955472804	9.999000099990002e-05
4248	-0.006270721227059477	0.04042355955472804	9.999000099990002e-05
4249	-0.0013445364027884544	0.04042355955472804	9.999000099990002e-05
4250	-0.000880073648331467	0.04042355955472804	9.999000099990002e-05
4251	-0.004315015828808959	0.04042355955472804	9.999000099990002e-05
4252	-0.002380402745849408	0.04042355955472804	9.999000099990002e-05
4253	-0.0005006987104399938	0.04042355955472804	9.999000099990002e-05
4254	-0.0008022068191779974	0.04042355955472804	9.999000099990002e-05
4255	-0.0012314422382916843	0.04042355955472804	9.999000099990002e-05
4256	-0.0033311863892195315	0.04042355955472804	9.999000099990002e-05
4257	-0.004326331643275626	0.04042355955472804	9.999000099990002e-05
4258	-0.003972781687318766	0.04042355955472804	9.999000099990002e-05
4259	-0.0038699749031868404	0.04042355955472804	9.999000099990002e-05
4260	0.0023536029992880306	0.04042355955472804	9.999000099990002e-05
4261	-0.004935538413479277	0.04042355955472804	9.999000099990002e-05
4262	0.005465507416842291	0.04042355955472804	9.999000099990002e-05
4263	-0.0031658332758209866	0.04042355955472804	9.999000099990002e-05
4264	-0.004810035443152992	0.04042355955472804	9.999000099990002e-05
4265	-0.0075411362183065616	0.04042355955472804	9.999000099990002e-05
4266	0.001309623024255968	0.04042355955472804	9.999000099990002e-05
4267	-0.005480221163115616	0.04042355955472804	9.999000099990002e-05
4268	-0.00442778368674476	0.04042355955472804	9.999000099990002e-05
4269	-0.006159425817140514	0.04042355955472804	9.999000099990002e-05
4270	0.0005346298221610368	0.04042355955472804	9.999000099990002e-05
4271	-0.009818584656294989	0.04042355955472804	9.999000099990002e-05
4272	-0.004227031803464726	0.04042355955472804	9.999000099990002e-05
4273	-0.0014022113327039024	0.04042355955472804	9.999000099990002e-05
4274	0.0018678267112737872	0.04042355955472804	9.999000099990002e-05
4275	-0.0005382621876208624	0.04042355955472804	9.999000099990002e-05
4276	-0.005393031542183836	0.04042355955472804	9.999000099990002e-05
4277	-0.008234069004664776	0.04042355955472804	9.999000099990002e-05
4278	-0.002330464049542777	0.04042355955472804	9.999000099990002e-05
4279	-0.009121111855548512	0.04042355955472804	9.999000099990002e-05
4280	-0.008188108659186462	0.04042355955472804	9.999000099990002e-05
4281	-0.004348241696697045	0.04042355955472804	9.999000099990002e-05
4282	-0.00041335675668640465	0.04042355955472804	9.999000099990002e-05
4283	-0.008307821885810878	0.04042355955472804	9.999000099990002e-05
4284	-0.005777489171725339	0.04042355955472804	9.999000099990002e-05
4285	0.000896885717187923	0.04042355955472804	9.999000099990002e-05
4286	-0.0015202541690540806	0.04042355955472804	9.999000099990002e-05
4287	-0.0008429366222589052	0.04042355955472804	9.999000099990002e-05
4288	-0.0019005845582558592	0.04042355955472804	9.999000099990002e-05
4289	0.0006671895974730308	0.04042355955472804	9.999000099990002e-05
4290	-0.008824010818638909	0.04042355955472804	9.999000099990002e-05
4291	-0.00026207901135378713	0.04042355955472804	9.999000099990002e-05
4292	-0.006804538504910221	0.04042355955472804	9.999000099990002e-05
4293	-0.006877789547610137	0.04042355955472804	9.999000099990002e-05
4294	-0.0017611363346769853	0.04042355955472804	9.999000099990002e-05
4295	-0.006834849658630704	0.04042355955472804	9.999000099990002e-05
4296	-0.003635262207228973	0.04042355955472804	9.999000099990002e-05
4297	-0.0047903512109815595	0.04042355955472804	9.999000099990002e-05
4298	-0.0011316889395076176	0.04042355955472804	9.999000099990002e-05
4299	-0.0011740891713355184	0.04042355955472804	9.999000099990002e-05
4300	-0.002063517082148224	0.04042355955472804	9.999000099990002e-05
4301	-0.0037727436272931418	0.04042355955472804	9.999000099990002e-05
4302	-0.003808649256313644	0.04042355955472804	9.999000099990002e-05
4303	0.0011828270235450078	0.04042355955472804	9.999000099990002e-05
4304	-0.0017637473065467812	0.04042355955472804	9.999000099990002e-05
4305	-0.001614773943803227	0.04042355955472804	9.999000099990002e-05
4306	-0.00464993722539752	0.04042355955472804	9.999000099990002e-05
4307	-0.003817299602271532	0.04042355955472804	9.999000099990002e-05
4308	-0.0028994090568078778	0.04042355955472804	9.999000099990002e-05
4309	-0.003956477093165199	0.04042355955472804	9.999000099990002e-05
4310	-0.011529173713596578	0.04042355955472804	9.999000099990002e-05
4311	-0.003921923973388451	0.04042355955472804	9.999000099990002e-05
4312	-0.005816071387877054	0.04042355955472804	9.999000099990002e-05
4313	-0.006472171679151729	0.04042355955472804	9.999000099990002e-05
4314	-0.008747054177614835	0.04042355955472804	9.999000099990002e-05
4315	-0.003532823915019581	0.04042355955472804	9.999000099990002e-05
4316	-0.0052789448194171225	0.04042355955472804	9.999000099990002e-05
4317	-0.005396572650299726	0.04042355955472804	9.999000099990002e-05
4318	-0.0028351341664811665	0.04042355955472804	9.999000099990002e-05
4319	-0.003132323748406403	0.04042355955472804	9.999000099990002e-05
4320	-0.004159216805313426	0.04042355955472804	9.999000099990002e-05
4321	-0.009602975119450293	0.04042355955472804	9.999000099990002e-05
4322	0.0018153369451565982	0.04042355955472804	9.999000099990002e-05
4323	-0.005719804815988119	0.04042355955472804	9.999000099990002e-05
4324	-0.003349554430415616	0.04042355955472804	9.999000099990002e-05
4325	-0.0013270615832425546	0.04042355955472804	9.999000099990002e-05
4326	-0.0008987158270504239	0.04042355955472804	9.999000099990002e-05
4327	-0.005137076256404893	0.04042355955472804	9.999000099990002e-05
4328	-0.00018644450534369277	0.04042355955472804	9.999000099990002e-05
4329	-0.005582667957800982	0.04042355955472804	9.999000099990002e-05
4330	-0.004324353317174702	0.04042355955472804	9.999000099990002e-05
4331	-0.005416835474037559	0.04042355955472804	9.999000099990002e-05
4332	-0.00140751597360233	0.04042355955472804	9.999000099990002e-05
4333	-0.004169492970873985	0.04042355955472804	9.999000099990002e-05
4334	-0.0028436216380859415	0.04042355955472804	9.999000099990002e-05
4335	-0.0025499400392457764	0.04042355955472804	9.999000099990002e-05
4336	-0.002651358380592951	0.04042355955472804	9.999000099990002e-05
4337	-0.0053263263672199785	0.04042355955472804	9.999000099990002e-05
4338	-0.005564713556290121	0.04042355955472804	9.999000099990002e-05
4339	-0.0005525717007943742	0.04042355955472804	9.999000099990002e-05
4340	-0.0024291374376962673	0.04042355955472804	9.999000099990002e-05
4341	-0.00662748500351634	0.04042355955472804	9.999000099990002e-05
4342	-0.0015496028694252095	0.04042355955472804	9.999000099990002e-05
4343	-0.00662054434773861	0.04042355955472804	9.999000099990002e-05
4344	-0.0031862316582651415	0.04042355955472804	9.999000099990002e-05
4345	-0.005215944627213555	0.04042355955472804	9.999000099990002e-05
4346	-0.004905882469790816	0.04042355955472804	9.999000099990002e-05
4347	-0.003140004696685003	0.04042355955472804	9.999000099990002e-05
4348	-0.0011437239249398267	0.04042355955472804	9.999000099990002e-05
4349	-0.005910754787197782	0.04042355955472804	9.999000099990002e-05
4350	-0.00390976685623688	0.04042355955472804	9.999000099990002e-05
4351	-0.004312490516499154	0.04042355955472804	9.999000099990002e-05
4352	0.001368252943808819	0.04042355955472804	9.999000099990002e-05
4353	-0.0046553919099896115	0.04042355955472804	9.999000099990002e-05
4354	-0.0016430922864354408	0.04042355955472804	9.999000099990002e-05
4355	-0.0055878549490544814	0.04042355955472804	9.999000099990002e-05
4356	-0.008325365494619413	0.04042355955472804	9.999000099990002e-05
4357	-0.0084884351546005	0.04042355955472804	9.999000099990002e-05
4358	-0.007070546102600603	0.04042355955472804	9.999000099990002e-05
4359	0.0007355113393451198	0.04042355955472804	9.999000099990002e-05
4360	-0.00041873768903215314	0.04042355955472804	9.999000099990002e-05
4361	-0.005273069512337134	0.04042355955472804	9.999000099990002e-05
4362	-0.002240551308698384	0.04042355955472804	9.999000099990002e-05
4363	-0.0018415531756406048	0.04042355955472804	9.999000099990002e-05
4364	-0.002538596620586754	0.04042355955472804	9.999000099990002e-05
4365	-0.0058014922962005885	0.04042355955472804	9.999000099990002e-05
4366	-0.0009812198527383575	0.04042355955472804	9.999000099990002e-05
4367	-0.002805380694391833	0.04042355955472804	9.999000099990002e-05
4368	-0.007225628301967856	0.04042355955472804	9.999000099990002e-05
4369	-0.0006167929408824088	0.04042355955472804	9.999000099990002e-05
4370	-0.0022982333368347222	0.04042355955472804	9.999000099990002e-05
4371	-0.005256589136225532	0.04042355955472804	9.999000099990002e-05
4372	-0.004433105120995059	0.04042355955472804	9.999000099990002e-05
4373	-0.002501553294877254	0.04042355955472804	9.999000099990002e-05
4374	-0.0006682394801284921	0.04042355955472804	9.999000099990002e-05
4375	-0.009131710422686734	0.04042355955472804	9.999000099990002e-05
4376	-0.002472460996094937	0.04042355955472804	9.999000099990002e-05
4377	-0.0078547597012711	0.04042355955472804	9.999000099990002e-05
4378	-0.007030072739581254	0.04042355955472804	9.999000099990002e-05
4379	0.0018486508963874077	0.04042355955472804	9.999000099990002e-05
4380	-0.0003502399536019496	0.04042355955472804	9.999000099990002e-05
4381	-0.0025143093172029798	0.04042355955472804	9.999000099990002e-05
4382	-0.004714052665445156	0.04042355955472804	9.999000099990002e-05
4383	-0.006590048101656534	0.04042355955472804	9.999000099990002e-05
4384	-0.006448499958875757	0.04042355955472804	9.999000099990002e-05
4385	-0.005524458564554168	0.04042355955472804	9.999000099990002e-05
4386	-0.0008369541493561741	0.04042355955472804	9.999000099990002e-05
4387	-0.004769187971190786	0.04042355955472804	9.999000099990002e-05
4388	-0.0015003519695630408	0.04042355955472804	9.999000099990002e-05
4389	-0.0014826360413432466	0.04042355955472804	9.999000099990002e-05
4390	0.00010490337544165478	0.04042355955472804	9.999000099990002e-05
4391	-0.0031841853315927914	0.04042355955472804	9.999000099990002e-05
4392	-0.0037268659982100496	0.04042355955472804	9.999000099990002e-05
4393	-0.007897151219022945	0.04042355955472804	9.999000099990002e-05
4394	-0.0028209009062822267	0.04042355955472804	9.999000099990002e-05
4395	-0.0037181872208958493	0.04042355955472804	9.999000099990002e-05
4396	-0.0007426013270707688	0.04042355955472804	9.999000099990002e-05
4397	0.00035301495400710814	0.04042355955472804	9.999000099990002e-05
4398	-0.006229208734516043	0.04042355955472804	9.999000099990002e-05
4399	-0.006985708358857851	0.04042355955472804	9.999000099990002e-05
4400	-0.0030887193197550234	0.04042355955472804	9.999000099990002e-05
4401	-0.000246179573645848	0.04042355955472804	9.999000099990002e-05
4402	8.87447661074764e-05	0.04042355955472804	9.999000099990002e-05
4403	-0.004201553037735055	0.04042355955472804	9.999000099990002e-05
4404	-0.0035533272895765535	0.04042355955472804	9.999000099990002e-05
4405	-0.0022240561590538624	0.04042355955472804	9.999000099990002e-05
4406	-0.0002155975333491919	0.04042355955472804	9.999000099990002e-05
4407	-0.005441735879037281	0.04042355955472804	9.999000099990002e-05
4408	-0.0029096586954128504	0.04042355955472804	9.999000099990002e-05
4409	0.0012751189187524881	0.04042355955472804	9.999000099990002e-05
4410	-0.005735835464982525	0.04042355955472804	9.999000099990002e-05
4411	-0.005112821443251715	0.04042355955472804	9.999000099990002e-05
4412	-0.004142004850776998	0.04042355955472804	9.999000099990002e-05
4413	-0.004060536530539118	0.04042355955472804	9.999000099990002e-05
4414	-0.0015040071685952284	0.04042355955472804	9.999000099990002e-05
4415	-0.007430274261534942	0.04042355955472804	9.999000099990002e-05
4416	-0.0029947311036452153	0.04042355955472804	9.999000099990002e-05
4417	-0.004546776972948795	0.04042355955472804	9.999000099990002e-05
4418	-0.002003964547770315	0.04042355955472804	9.999000099990002e-05
4419	-0.0074627783807837645	0.04042355955472804	9.999000099990002e-05
4420	-0.003420213718380359	0.04042355955472804	9.999000099990002e-05
4421	-0.0034273204417487714	0.04042355955472804	9.999000099990002e-05
4422	-0.004443576920448507	0.04042355955472804	9.999000099990002e-05
4423	-0.004960883698030695	0.04042355955472804	9.999000099990002e-05
4424	-0.0035125942163125754	0.04042355955472804	9.999000099990002e-05
4425	-0.004523442408547037	0.04042355955472804	9.999000099990002e-05
4426	-0.006455108210162913	0.04042355955472804	9.999000099990002e-05
4427	-0.002525379675575917	0.04042355955472804	9.999000099990002e-05
4428	-0.0056854150707101245	0.04042355955472804	9.999000099990002e-05
4429	-0.004836215490023192	0.04042355955472804	9.999000099990002e-05
4430	0.000515853739063675	0.04042355955472804	9.999000099990002e-05
4431	-0.005336000261241458	0.04042355955472804	9.999000099990002e-05
4432	-0.005558296379875938	0.04042355955472804	9.999000099990002e-05
4433	-0.005108410928112905	0.04042355955472804	9.999000099990002e-05
4434	-0.009212226138597198	0.04042355955472804	9.999000099990002e-05
4435	-0.006843472650469054	0.04042355955472804	9.999000099990002e-05
4436	-0.002367499815358487	0.04042355955472804	9.999000099990002e-05
4437	-0.008661191481553403	0.04042355955472804	9.999000099990002e-05
4438	-0.004179636867147671	0.04042355955472804	9.999000099990002e-05
4439	-0.005398680918086636	0.04042355955472804	9.999000099990002e-05
4440	-0.004156034340098122	0.04042355955472804	9.999000099990002e-05
4441	-0.00658335280579069	0.04042355955472804	9.999000099990002e-05
4442	-0.0034509354532030827	0.04042355955472804	9.999000099990002e-05
4443	-0.007245158046843933	0.04042355955472804	9.999000099990002e-05
4444	-0.004611499570573735	0.04042355955472804	9.999000099990002e-05
4445	0.0010763327232776426	0.04042355955472804	9.999000099990002e-05
4446	-0.00304252684898806	0.04042355955472804	9.999000099990002e-05
4447	-0.004720646354799481	0.04042355955472804	9.999000099990002e-05
4448	-0.005769147511812606	0.04042355955472804	9.999000099990002e-05
4449	-0.002515852497355922	0.04042355955472804	9.999000099990002e-05
4450	-0.005190963679528533	0.04042355955472804	9.999000099990002e-05
4451	-0.0012658612228535677	0.04042355955472804	9.999000099990002e-05
4452	-0.0034101199328530744	0.04042355955472804	9.999000099990002e-05
4453	-0.0031273275434803003	0.04042355955472804	9.999000099990002e-05
4454	-0.005805770792125346	0.04042355955472804	9.999000099990002e-05
4455	-0.0034907522019353267	0.04042355955472804	9.999000099990002e-05
4456	0.0025338403124431823	0.04042355955472804	9.999000099990002e-05
4457	0.0009530218336066473	0.04042355955472804	9.999000099990002e-05
4458	-0.004453792856931524	0.04042355955472804	9.999000099990002e-05
4459	-0.005443425294082424	0.04042355955472804	9.999000099990002e-05
4460	-0.00018958095715960327	0.04042355955472804	9.999000099990002e-05
4461	-0.001496644755383715	0.04042355955472804	9.999000099990002e-05
4462	-0.0048505720361237585	0.04042355955472804	9.999000099990002e-05
4463	-0.0062010924314882575	0.04042355955472804	9.999000099990002e-05
4464	-0.007271045950948024	0.04042355955472804	9.999000099990002e-05
4465	-0.004496184336210622	0.04042355955472804	9.999000099990002e-05
4466	-0.0020367211059155454	0.04042355955472804	9.999000099990002e-05
4467	-0.005632221561196924	0.04042355955472804	9.999000099990002e-05
4468	-0.006268470937145608	0.04042355955472804	9.999000099990002e-05
4469	-0.006701040288659707	0.04042355955472804	9.999000099990002e-05
4470	-0.004299578314077418	0.04042355955472804	9.999000099990002e-05
4471	-0.004375823824939023	0.04042355955472804	9.999000099990002e-05
4472	-0.003535815112998207	0.04042355955472804	9.999000099990002e-05
4473	-0.0012941415928894625	0.04042355955472804	9.999000099990002e-05
4474	-0.0038365499388590906	0.04042355955472804	9.999000099990002e-05
4475	-0.0011101820611856162	0.04042355955472804	9.999000099990002e-05
4476	-0.0033208327972657674	0.04042355955472804	9.999000099990002e-05
4477	-0.0035060052013964034	0.04042355955472804	9.999000099990002e-05
4478	-0.00539654696974446	0.04042355955472804	9.999000099990002e-05
4479	-0.0014487646393177415	0.04042355955472804	9.999000099990002e-05
4480	-0.000283300652766863	0.04042355955472804	9.999000099990002e-05
4481	-0.002863514257864237	0.04042355955472804	9.999000099990002e-05
4482	-0.007118180435554533	0.04042355955472804	9.999000099990002e-05
4483	-0.0033750588189914305	0.04042355955472804	9.999000099990002e-05
4484	-0.007113342757561698	0.04042355955472804	9.999000099990002e-05
4485	-0.005008413462071965	0.04042355955472804	9.999000099990002e-05
4486	0.001805587144415223	0.04042355955472804	9.999000099990002e-05
4487	0.002701479918605784	0.04042355955472804	9.999000099990002e-05
4488	-0.008018779330196782	0.04042355955472804	9.999000099990002e-05
4489	-0.0011892652445490413	0.04042355955472804	9.999000099990002e-05
4490	-0.004557912946583147	0.04042355955472804	9.999000099990002e-05
4491	-0.00412737403249896	0.04042355955472804	9.999000099990002e-05
4492	-0.0012276765070718247	0.04042355955472804	9.999000099990002e-05
4493	-0.0018260443709182006	0.04042355955472804	9.999000099990002e-05
4494	-0.006984009133263506	0.04042355955472804	9.999000099990002e-05
4495	0.0001962133693287224	0.04042355955472804	9.999000099990002e-05
4496	-0.00032997905350120454	0.04042355955472804	9.999000099990002e-05
4497	-0.0042719759299368	0.04042355955472804	9.999000099990002e-05
4498	-0.005283956394203639	0.04042355955472804	9.999000099990002e-05
4499	-0.0035899833294290736	0.04042355955472804	9.999000099990002e-05
4500	-0.006472522781394896	0.04042355955472804	9.999000099990002e-05
4501	-0.0066066684800761485	0.04042355955472804	9.999000099990002e-05
4502	-0.004623955390093924	0.04042355955472804	9.999000099990002e-05
4503	-0.0024602646175101855	0.04042355955472804	9.999000099990002e-05
4504	-0.007412222697114247	0.04042355955472804	9.999000099990002e-05
4505	0.0007570648658667495	0.04042355955472804	9.999000099990002e-05
4506	-0.004314908836113558	0.04042355955472804	9.999000099990002e-05
4507	-0.0033551117218105246	0.04042355955472804	9.999000099990002e-05
4508	-0.008811538321185086	0.04042355955472804	9.999000099990002e-05
4509	0.00012178331021493044	0.04042355955472804	9.999000099990002e-05
4510	-0.0020458392227066012	0.04042355955472804	9.999000099990002e-05
4511	-0.003346448641375051	0.04042355955472804	9.999000099990002e-05
4512	-0.006703062685286552	0.04042355955472804	9.999000099990002e-05
4513	-0.007169464812193228	0.04042355955472804	9.999000099990002e-05
4514	-0.001400906548896548	0.04042355955472804	9.999000099990002e-05
4515	-0.0046621651131579425	0.04042355955472804	9.999000099990002e-05
4516	-0.007205233266652261	0.04042355955472804	9.999000099990002e-05
4517	-0.005394455533782166	0.04042355955472804	9.999000099990002e-05
4518	-0.00911131821511767	0.04042355955472804	9.999000099990002e-05
4519	-0.0042605274999285795	0.04042355955472804	9.999000099990002e-05
4520	-0.0031127860589091074	0.04042355955472804	9.999000099990002e-05
4521	0.0007810175333409164	0.04042355955472804	9.999000099990002e-05
4522	0.0004215187488941688	0.04042355955472804	9.999000099990002e-05
4523	-0.004617938484087138	0.04042355955472804	9.999000099990002e-05
4524	-0.004118412846022375	0.04042355955472804	9.999000099990002e-05
4525	-0.004880720738691303	0.04042355955472804	9.999000099990002e-05
4526	-0.003358830766358005	0.04042355955472804	9.999000099990002e-05
4527	-0.004198037090792414	0.04042355955472804	9.999000099990002e-05
4528	-0.004290470604163059	0.04042355955472804	9.999000099990002e-05
4529	-0.0027952744244597884	0.04042355955472804	9.999000099990002e-05
4530	-0.008546743769048846	0.04042355955472804	9.999000099990002e-05
4531	-0.002593124576391363	0.04042355955472804	9.999000099990002e-05
4532	-0.0007728233202117559	0.04042355955472804	9.999000099990002e-05
4533	-0.004821564492792004	0.04042355955472804	9.999000099990002e-05
4534	0.0001345796712106176	0.04042355955472804	9.999000099990002e-05
4535	-0.001912163891768613	0.04042355955472804	9.999000099990002e-05
4536	-0.0010100748131754793	0.04042355955472804	9.999000099990002e-05
4537	-0.0018067560617343243	0.04042355955472804	9.999000099990002e-05
4538	-0.0012365739057422442	0.04042355955472804	9.999000099990002e-05
4539	-0.004059590697414297	0.04042355955472804	9.999000099990002e-05
4540	-0.0013681316969625073	0.04042355955472804	9.999000099990002e-05
4541	-0.003926069565226098	0.04042355955472804	9.999000099990002e-05
4542	-0.008579861740132089	0.04042355955472804	9.999000099990002e-05
4543	-0.007418771450305952	0.04042355955472804	9.999000099990002e-05
4544	-0.006267773926479432	0.04042355955472804	9.999000099990002e-05
4545	0.002085145688225805	0.04042355955472804	9.999000099990002e-05
4546	-0.002554471512685319	0.04042355955472804	9.999000099990002e-05
4547	-0.005458199711869842	0.04042355955472804	9.999000099990002e-05
4548	-0.00980014924932772	0.04042355955472804	9.999000099990002e-05
4549	0.0038203868089777397	0.04042355955472804	9.999000099990002e-05
4550	-0.0021094469572149055	0.04042355955472804	9.999000099990002e-05
4551	-0.0032140031878158046	0.04042355955472804	9.999000099990002e-05
4552	-0.004200036365301338	0.04042355955472804	9.999000099990002e-05
4553	-0.0019483929803671821	0.04042355955472804	9.999000099990002e-05
4554	-0.0055909749537732005	0.04042355955472804	9.999000099990002e-05
4555	0.0009897978122322473	0.04042355955472804	9.999000099990002e-05
4556	-0.005070862609192378	0.04042355955472804	9.999000099990002e-05
4557	-0.004241717926309338	0.04042355955472804	9.999000099990002e-05
4558	-0.007773151436434328	0.04042355955472804	9.999000099990002e-05
4559	-0.0008976917018957004	0.04042355955472804	9.999000099990002e-05
4560	-0.004259987400340513	0.04042355955472804	9.999000099990002e-05
4561	-0.0036124581242297895	0.04042355955472804	9.999000099990002e-05
4562	0.0025357894569693245	0.04042355955472804	9.999000099990002e-05
4563	-0.0033340128469170603	0.04042355955472804	9.999000099990002e-05
4564	-0.00376412642560246	0.04042355955472804	9.999000099990002e-05
4565	-0.0007465227959500941	0.04042355955472804	9.999000099990002e-05
4566	-0.0005934951179492276	0.04042355955472804	9.999000099990002e-05
4567	-0.0019486487663921276	0.04042355955472804	9.999000099990002e-05
4568	0.0016894302611125205	0.04042355955472804	9.999000099990002e-05
4569	-0.007539072040281943	0.04042355955472804	9.999000099990002e-05
4570	-0.0006893670364510926	0.04042355955472804	9.999000099990002e-05
4571	-0.0015951028116004337	0.04042355955472804	9.999000099990002e-05
4572	-0.004198603140244936	0.04042355955472804	9.999000099990002e-05
4573	-0.006973675316299115	0.04042355955472804	9.999000099990002e-05
4574	-0.00010285658709639073	0.04042355955472804	9.999000099990002e-05
4575	-0.0038355650174284315	0.04042355955472804	9.999000099990002e-05
4576	-0.005702686369451031	0.04042355955472804	9.999000099990002e-05
4577	0.0004219420452376374	0.04042355955472804	9.999000099990002e-05
4578	-0.003695975214159125	0.04042355955472804	9.999000099990002e-05
4579	-0.002206905837850061	0.04042355955472804	9.999000099990002e-05
4580	-0.0022205258617784634	0.04042355955472804	9.999000099990002e-05
4581	-0.00686318881501632	0.04042355955472804	9.999000099990002e-05
4582	-0.0011652404791564319	0.04042355955472804	9.999000099990002e-05
4583	-0.0058006395863476915	0.04042355955472804	9.999000099990002e-05
4584	-0.005333161896230287	0.04042355955472804	9.999000099990002e-05
4585	0.0007867919648914742	0.04042355955472804	9.999000099990002e-05
4586	0.0007942934570651886	0.04042355955472804	9.999000099990002e-05
4587	-0.0024320620008858084	0.04042355955472804	9.999000099990002e-05
4588	0.0001283100185254904	0.04042355955472804	9.999000099990002e-05
4589	-0.006925769096477718	0.04042355955472804	9.999000099990002e-05
4590	-0.00846241213422664	0.04042355955472804	9.999000099990002e-05
4591	-0.006659373443475514	0.04042355955472804	9.999000099990002e-05
4592	-0.0019079610717272933	0.04042355955472804	9.999000099990002e-05
4593	-0.0069760860567833465	0.04042355955472804	9.999000099990002e-05
4594	-0.005702476327516278	0.04042355955472804	9.999000099990002e-05
4595	-0.005025390713646044	0.04042355955472804	9.999000099990002e-05
4596	-0.003866143441287338	0.04042355955472804	9.999000099990002e-05
4597	-0.006274557748124537	0.04042355955472804	9.999000099990002e-05
4598	0.0002445400577470447	0.04042355955472804	9.999000099990002e-05
4599	-0.0030249904922913908	0.04042355955472804	9.999000099990002e-05
4600	-0.006711285060462829	0.04042355955472804	9.999000099990002e-05
4601	-0.0029995524691954546	0.04042355955472804	9.999000099990002e-05
4602	-0.002272254425459508	0.04042355955472804	9.999000099990002e-05
4603	-0.0005865440552947979	0.04042355955472804	9.999000099990002e-05
4604	-0.004469712839083669	0.04042355955472804	9.999000099990002e-05
4605	-0.0020718030912397047	0.04042355955472804	9.999000099990002e-05
4606	-0.004739427689426116	0.04042355955472804	9.999000099990002e-05
4607	-0.004953864807932179	0.04042355955472804	9.999000099990002e-05
4608	0.000385485121061159	0.04042355955472804	9.999000099990002e-05
4609	0.000397647566687491	0.04042355955472804	9.999000099990002e-05
4610	-0.005300588449100434	0.04042355955472804	9.999000099990002e-05
4611	-0.0014912157705832597	0.04042355955472804	9.999000099990002e-05
4612	-0.00048414598633712694	0.04042355955472804	9.999000099990002e-05
4613	-0.007647470702803807	0.04042355955472804	9.999000099990002e-05
4614	0.0003491707191572782	0.04042355955472804	9.999000099990002e-05
4615	-0.0019722825140717814	0.04042355955472804	9.999000099990002e-05
4616	-0.0017312769663653915	0.04042355955472804	9.999000099990002e-05
4617	-0.001795543084906931	0.04042355955472804	9.999000099990002e-05
4618	0.001432513483802772	0.04042355955472804	9.999000099990002e-05
4619	-0.003329303590936901	0.04042355955472804	9.999000099990002e-05
4620	-0.0009865553872485833	0.04042355955472804	9.999000099990002e-05
4621	0.0017975892961610562	0.04042355955472804	9.999000099990002e-05
4622	0.002369728791373324	0.04042355955472804	9.999000099990002e-05
4623	-0.0033803847930252845	0.04042355955472804	9.999000099990002e-05
4624	-0.005811616532903134	0.04042355955472804	9.999000099990002e-05
4625	-0.000952203172130374	0.04042355955472804	9.999000099990002e-05
4626	-0.0037643097674542937	0.04042355955472804	9.999000099990002e-05
4627	-0.004822396542782463	0.04042355955472804	9.999000099990002e-05
4628	-0.0038378186159981147	0.04042355955472804	9.999000099990002e-05
4629	-0.00387799706621393	0.04042355955472804	9.999000099990002e-05
4630	-0.00033428765434654896	0.04042355955472804	9.999000099990002e-05
4631	-0.0057051453739900585	0.04042355955472804	9.999000099990002e-05
4632	-0.005073238628026984	0.04042355955472804	9.999000099990002e-05
4633	-0.0019629279822813523	0.04042355955472804	9.999000099990002e-05
4634	-0.006350389330755349	0.04042355955472804	9.999000099990002e-05
4635	-0.0013482709133782037	0.04042355955472804	9.999000099990002e-05
4636	-0.004836065465565897	0.04042355955472804	9.999000099990002e-05
4637	-0.006997606631401485	0.04042355955472804	9.999000099990002e-05
4638	-0.003083651767128946	0.04042355955472804	9.999000099990002e-05
4639	-0.00606352175466273	0.04042355955472804	9.999000099990002e-05
4640	-0.002591366718338263	0.04042355955472804	9.999000099990002e-05
4641	-0.0040419490215864926	0.04042355955472804	9.999000099990002e-05
4642	-0.006688315621618675	0.04042355955472804	9.999000099990002e-05
4643	-0.006769182228172228	0.04042355955472804	9.999000099990002e-05
4644	-0.0005203842891573981	0.04042355955472804	9.999000099990002e-05
4645	-0.002324264051756979	0.04042355955472804	9.999000099990002e-05
4646	-0.008257558979707709	0.04042355955472804	9.999000099990002e-05
4647	-0.0014583771693157832	0.04042355955472804	9.999000099990002e-05
4648	-0.007512017873477937	0.04042355955472804	9.999000099990002e-05
4649	-0.0025692074577307726	0.04042355955472804	9.999000099990002e-05
4650	-0.004168419831445997	0.04042355955472804	9.999000099990002e-05
4651	-0.007726753829007216	0.04042355955472804	9.999000099990002e-05
4652	-0.003688036017600081	0.04042355955472804	9.999000099990002e-05
4653	-0.002349977962885537	0.04042355955472804	9.999000099990002e-05
4654	-0.003827737180221005	0.04042355955472804	9.999000099990002e-05
4655	-0.002668979973649445	0.04042355955472804	9.999000099990002e-05
4656	-0.00516109792474177	0.04042355955472804	9.999000099990002e-05
4657	-0.005147155518472083	0.04042355955472804	9.999000099990002e-05
4658	-0.004607225056577779	0.04042355955472804	9.999000099990002e-05
4659	-0.004444763515992543	0.04042355955472804	9.999000099990002e-05
4660	-0.006195830014424132	0.04042355955472804	9.999000099990002e-05
4661	-0.003844968140291957	0.04042355955472804	9.999000099990002e-05
4662	-0.0015024081260209571	0.04042355955472804	9.999000099990002e-05
4663	-0.0016306187117448398	0.04042355955472804	9.999000099990002e-05
4664	-0.0007852812557327477	0.04042355955472804	9.999000099990002e-05
4665	-0.0018983044712033354	0.04042355955472804	9.999000099990002e-05
4666	-0.0038871538481106624	0.04042355955472804	9.999000099990002e-05
4667	-0.006479222790171636	0.04042355955472804	9.999000099990002e-05
4668	-0.009509977537973335	0.04042355955472804	9.999000099990002e-05
4669	-0.0026628408397414345	0.04042355955472804	9.999000099990002e-05
4670	-0.003011119029757879	0.04042355955472804	9.999000099990002e-05
4671	-0.002357230440236885	0.04042355955472804	9.999000099990002e-05
4672	-0.004290159398153315	0.04042355955472804	9.999000099990002e-05
4673	-0.0009583875692193017	0.04042355955472804	9.999000099990002e-05
4674	-0.006844594611806592	0.04042355955472804	9.999000099990002e-05
4675	-0.0019296760298742096	0.04042355955472804	9.999000099990002e-05
4676	-0.002804882356965166	0.04042355955472804	9.999000099990002e-05
4677	-0.004913053250274598	0.04042355955472804	9.999000099990002e-05
4678	-0.0035810826413392284	0.04042355955472804	9.999000099990002e-05
4679	-0.0003274361783846949	0.04042355955472804	9.999000099990002e-05
4680	-0.00120854951409501	0.04042355955472804	9.999000099990002e-05
4681	-0.0083304360865921	0.04042355955472804	9.999000099990002e-05
4682	-0.008194748650485733	0.04042355955472804	9.999000099990002e-05
4683	-0.0035445897836217503	0.04042355955472804	9.999000099990002e-05
4684	-0.0034622609820370966	0.04042355955472804	9.999000099990002e-05
4685	-0.005777579582668955	0.04042355955472804	9.999000099990002e-05
4686	-0.006658205545684066	0.04042355955472804	9.999000099990002e-05
4687	-0.003275347897932643	0.04042355955472804	9.999000099990002e-05
4688	-0.005956375226000847	0.04042355955472804	9.999000099990002e-05
4689	-0.004517771026235823	0.04042355955472804	9.999000099990002e-05
4690	-0.0016922045690083028	0.04042355955472804	9.999000099990002e-05
4691	-0.002361888604415709	0.04042355955472804	9.999000099990002e-05
4692	-0.0008164199773692621	0.04042355955472804	9.999000099990002e-05
4693	-0.003995499091230308	0.04042355955472804	9.999000099990002e-05
4694	-0.004200350225930282	0.04042355955472804	9.999000099990002e-05
4695	0.001545611610991969	0.04042355955472804	9.999000099990002e-05
4696	-0.004897059689003438	0.04042355955472804	9.999000099990002e-05
4697	-0.004445375540371717	0.04042355955472804	9.999000099990002e-05
4698	-0.004169990904336854	0.04042355955472804	9.999000099990002e-05
4699	-0.0035767782532591342	0.04042355955472804	9.999000099990002e-05
4700	-0.0009064198589742043	0.04042355955472804	9.999000099990002e-05
4701	-0.0047396788779584045	0.04042355955472804	9.999000099990002e-05
4702	0.00024909828897861643	0.04042355955472804	9.999000099990002e-05
4703	-0.0018652525193453035	0.04042355955472804	9.999000099990002e-05
4704	0.0006889247922822167	0.04042355955472804	9.999000099990002e-05
4705	-0.004027277960820368	0.04042355955472804	9.999000099990002e-05
4706	-0.005794630836562199	0.04042355955472804	9.999000099990002e-05
4707	-0.0014611799470406431	0.04042355955472804	9.999000099990002e-05
4708	-0.0015475986896416813	0.04042355955472804	9.999000099990002e-05
4709	-0.0038934326380720015	0.04042355955472804	9.999000099990002e-05
4710	-0.007243760197473771	0.04042355955472804	9.999000099990002e-05
4711	-0.002116613986606344	0.04042355955472804	9.999000099990002e-05
4712	-0.004215153902237959	0.04042355955472804	9.999000099990002e-05
4713	-0.0047077452902365355	0.04042355955472804	9.999000099990002e-05
4714	-0.005700211206360375	0.04042355955472804	9.999000099990002e-05
4715	-0.0026891979958792666	0.04042355955472804	9.999000099990002e-05
4716	-0.0023245822982785116	0.04042355955472804	9.999000099990002e-05
4717	-0.002849875343819523	0.04042355955472804	9.999000099990002e-05
4718	-0.0024281760808200605	0.04042355955472804	9.999000099990002e-05
4719	-0.0026535273583666807	0.04042355955472804	9.999000099990002e-05
4720	0.002199109259745491	0.04042355955472804	9.999000099990002e-05
4721	-0.003963400782463722	0.04042355955472804	9.999000099990002e-05
4722	-0.005757718741375532	0.04042355955472804	9.999000099990002e-05
4723	-0.0006254577525912714	0.04042355955472804	9.999000099990002e-05
4724	-0.002997350808827426	0.04042355955472804	9.999000099990002e-05
4725	-0.003256377065815455	0.04042355955472804	9.999000099990002e-05
4726	-0.004754827789416101	0.04042355955472804	9.999000099990002e-05
4727	-0.005071563717205564	0.04042355955472804	9.999000099990002e-05
4728	-0.0010951328326023497	0.04042355955472804	9.999000099990002e-05
4729	-0.003412041396241379	0.04042355955472804	9.999000099990002e-05
4730	-0.006069636804634272	0.04042355955472804	9.999000099990002e-05
4731	-0.0009572620106803889	0.04042355955472804	9.999000099990002e-05
4732	-0.0034840690057468216	0.04042355955472804	9.999000099990002e-05
4733	0.0003121297787577734	0.04042355955472804	9.999000099990002e-05
4734	0.0030151749993431233	0.04042355955472804	9.999000099990002e-05
4735	0.00028884255506500257	0.04042355955472804	9.999000099990002e-05
4736	-0.005057697929401489	0.04042355955472804	9.999000099990002e-05
4737	-0.005553428481544287	0.04042355955472804	9.999000099990002e-05
4738	-0.0035191920799594045	0.04042355955472804	9.999000099990002e-05
4739	-0.0048278568443948814	0.04042355955472804	9.999000099990002e-05
4740	-0.0016107305932773625	0.04042355955472804	9.999000099990002e-05
4741	-0.0012725071966642174	0.04042355955472804	9.999000099990002e-05
4742	-0.005869127511228696	0.04042355955472804	9.999000099990002e-05
4743	-0.00405734529353865	0.04042355955472804	9.999000099990002e-05
4744	-0.006121427905757383	0.04042355955472804	9.999000099990002e-05
4745	-0.002248682041803292	0.04042355955472804	9.999000099990002e-05
4746	-0.009336721738647875	0.04042355955472804	9.999000099990002e-05
4747	-0.002392550321760978	0.04042355955472804	9.999000099990002e-05
4748	-0.003601332018853755	0.04042355955472804	9.999000099990002e-05
4749	-0.004722326228604613	0.04042355955472804	9.999000099990002e-05
4750	-0.0037702456498664967	0.04042355955472804	9.999000099990002e-05
4751	-0.003224698879391123	0.04042355955472804	9.999000099990002e-05
4752	-0.006472229946119436	0.04042355955472804	9.999000099990002e-05
4753	-0.003385412853381725	0.04042355955472804	9.999000099990002e-05
4754	-0.005603610229398283	0.04042355955472804	9.999000099990002e-05
4755	-0.0036550414478366947	0.04042355955472804	9.999000099990002e-05
4756	-0.003917449631970729	0.04042355955472804	9.999000099990002e-05
4757	-0.004958952558747787	0.04042355955472804	9.999000099990002e-05
4758	-0.007253321039342989	0.04042355955472804	9.999000099990002e-05
4759	-0.00022526738773276516	0.04042355955472804	9.999000099990002e-05
4760	-0.002385237711513942	0.04042355955472804	9.999000099990002e-05
4761	-0.006073610481024438	0.04042355955472804	9.999000099990002e-05
4762	-0.0017227159925870873	0.04042355955472804	9.999000099990002e-05
4763	-0.0034334901614866396	0.04042355955472804	9.999000099990002e-05
4764	-0.005340871737538106	0.04042355955472804	9.999000099990002e-05
4765	-0.005872276678285829	0.04042355955472804	9.999000099990002e-05
4766	-0.007911618431965762	0.04042355955472804	9.999000099990002e-05
4767	-0.0019407425602093228	0.04042355955472804	9.999000099990002e-05
4768	0.0014263437448285329	0.04042355955472804	9.999000099990002e-05
4769	-0.0039016316218211554	0.04042355955472804	9.999000099990002e-05
4770	-0.00190317638993652	0.04042355955472804	9.999000099990002e-05
4771	-0.0024662499181594536	0.04042355955472804	9.999000099990002e-05
4772	-0.0018144267570271906	0.04042355955472804	9.999000099990002e-05
4773	-0.0005290234972564853	0.04042355955472804	9.999000099990002e-05
4774	-0.004689302419557328	0.04042355955472804	9.999000099990002e-05
4775	-0.0035746417464796202	0.04042355955472804	9.999000099990002e-05
4776	-0.0035655339211470407	0.04042355955472804	9.999000099990002e-05
4777	-0.0012299872953724436	0.04042355955472804	9.999000099990002e-05
4778	-0.005666207246502436	0.04042355955472804	9.999000099990002e-05
4779	-0.006965199867426196	0.04042355955472804	9.999000099990002e-05
4780	-0.0073302620604338235	0.04042355955472804	9.999000099990002e-05
4781	-0.006130203749799554	0.04042355955472804	9.999000099990002e-05
4782	-0.00707486139770305	0.04042355955472804	9.999000099990002e-05
4783	-0.0009990920187632631	0.04042355955472804	9.999000099990002e-05
4784	-0.004477141598538706	0.04042355955472804	9.999000099990002e-05
4785	-0.0008675265522309669	0.04042355955472804	9.999000099990002e-05
4786	-0.0027458189265558456	0.04042355955472804	9.999000099990002e-05
4787	-0.0031187726291588514	0.04042355955472804	9.999000099990002e-05
4788	-0.00047226181405341796	0.04042355955472804	9.999000099990002e-05
4789	-0.0014359507155153565	0.04042355955472804	9.999000099990002e-05
4790	-0.002738487291537914	0.04042355955472804	9.999000099990002e-05
4791	7.962447560649343e-05	0.04042355955472804	9.999000099990002e-05
4792	-0.0034014586414001014	0.04042355955472804	9.999000099990002e-05
4793	0.0021790480716482917	0.04042355955472804	9.999000099990002e-05
4794	-0.0055180219401689155	0.04042355955472804	9.999000099990002e-05
4795	-0.0019103387833625557	0.04042355955472804	9.999000099990002e-05
4796	-0.006347614541950276	0.04042355955472804	9.999000099990002e-05
4797	0.0008588001071894904	0.04042355955472804	9.999000099990002e-05
4798	-0.004346968229701655	0.04042355955472804	9.999000099990002e-05
4799	-0.005471257802929105	0.04042355955472804	9.999000099990002e-05
4800	-0.0033603671175992415	0.04042355955472804	9.999000099990002e-05
4801	0.0020054447480446617	0.04042355955472804	9.999000099990002e-05
4802	-0.00603994396558627	0.04042355955472804	9.999000099990002e-05
4803	-0.006279914769661159	0.04042355955472804	9.999000099990002e-05
4804	-0.0021178606765733313	0.04042355955472804	9.999000099990002e-05
4805	0.00024955124780613595	0.04042355955472804	9.999000099990002e-05
4806	-0.004034905701296837	0.04042355955472804	9.999000099990002e-05
4807	-0.002646699446959282	0.04042355955472804	9.999000099990002e-05
4808	-9.296466804620818e-05	0.04042355955472804	9.999000099990002e-05
4809	-0.0049706654311478995	0.04042355955472804	9.999000099990002e-05
4810	-0.004511453263386878	0.04042355955472804	9.999000099990002e-05
4811	-0.007908742209776507	0.04042355955472804	9.999000099990002e-05
4812	-0.006070467758151593	0.04042355955472804	9.999000099990002e-05
4813	0.0008106445455274211	0.04042355955472804	9.999000099990002e-05
4814	-0.0024222414102992194	0.04042355955472804	9.999000099990002e-05
4815	-0.003024357692631552	0.04042355955472804	9.999000099990002e-05
4816	-0.005234464097122011	0.04042355955472804	9.999000099990002e-05
4817	-0.003168160857473466	0.04042355955472804	9.999000099990002e-05
4818	-0.0031574454101451627	0.04042355955472804	9.999000099990002e-05
4819	-0.004473731316981857	0.04042355955472804	9.999000099990002e-05
4820	-0.003732635101285846	0.04042355955472804	9.999000099990002e-05
4821	-0.00578269943898773	0.04042355955472804	9.999000099990002e-05
4822	-0.006159097509996954	0.04042355955472804	9.999000099990002e-05
4823	-0.0023912744502192123	0.04042355955472804	9.999000099990002e-05
4824	-0.002176369772480054	0.04042355955472804	9.999000099990002e-05
4825	-0.007037445155705678	0.04042355955472804	9.999000099990002e-05
4826	-0.0021681495710137028	0.04042355955472804	9.999000099990002e-05
4827	-0.004418277764714702	0.04042355955472804	9.999000099990002e-05
4828	-0.005180320041573101	0.04042355955472804	9.999000099990002e-05
4829	-0.006418620469320116	0.04042355955472804	9.999000099990002e-05
4830	-0.005640041588437732	0.04042355955472804	9.999000099990002e-05
4831	-0.0016888566325298157	0.04042355955472804	9.999000099990002e-05
4832	-0.004831445812601774	0.04042355955472804	9.999000099990002e-05
4833	-0.004831296134399164	0.04042355955472804	9.999000099990002e-05
4834	-0.0007517453937262886	0.04042355955472804	9.999000099990002e-05
4835	-0.004799378512865207	0.04042355955472804	9.999000099990002e-05
4836	-0.005968368006835119	0.04042355955472804	9.999000099990002e-05
4837	-0.004844851293284614	0.04042355955472804	9.999000099990002e-05
4838	-0.0014895184301532693	0.04042355955472804	9.999000099990002e-05
4839	-0.005141840509169694	0.04042355955472804	9.999000099990002e-05
4840	-0.00473306749114278	0.04042355955472804	9.999000099990002e-05
4841	-0.0035722927162734923	0.04042355955472804	9.999000099990002e-05
4842	-0.001584578400672347	0.04042355955472804	9.999000099990002e-05
4843	-0.003073145900062485	0.04042355955472804	9.999000099990002e-05
4844	-0.0032890575441134468	0.04042355955472804	9.999000099990002e-05
4845	-0.0033426399745751733	0.04042355955472804	9.999000099990002e-05
4846	-0.005214926638461179	0.04042355955472804	9.999000099990002e-05
4847	-0.0014439424466035522	0.04042355955472804	9.999000099990002e-05
4848	-0.00867489512598647	0.04042355955472804	9.999000099990002e-05
4849	-0.0023053138987386007	0.04042355955472804	9.999000099990002e-05
4850	-0.0004928572154091662	0.04042355955472804	9.999000099990002e-05
4851	-0.004115612626734865	0.04042355955472804	9.999000099990002e-05
4852	-0.006309838752942884	0.04042355955472804	9.999000099990002e-05
4853	-0.0003006751738744651	0.04042355955472804	9.999000099990002e-05
4854	-0.005747608720351144	0.04042355955472804	9.999000099990002e-05
4855	-0.0025141925909038616	0.04042355955472804	9.999000099990002e-05
4856	-0.003367600339343235	0.04042355955472804	9.999000099990002e-05
4857	-0.0033674120537440636	0.04042355955472804	9.999000099990002e-05
4858	-0.006665857312387896	0.04042355955472804	9.999000099990002e-05
4859	-0.00536257632728106	0.04042355955472804	9.999000099990002e-05
4860	-0.007619507521289035	0.04042355955472804	9.999000099990002e-05
4861	-0.002990159483899431	0.04042355955472804	9.999000099990002e-05
4862	-0.0026585116752155164	0.04042355955472804	9.999000099990002e-05
4863	-0.002236106822128421	0.04042355955472804	9.999000099990002e-05
4864	-0.0078409110338372	0.04042355955472804	9.999000099990002e-05
4865	-0.0057539293878921165	0.04042355955472804	9.999000099990002e-05
4866	-0.00244495060028035	0.04042355955472804	9.999000099990002e-05
4867	-0.0019379259900064783	0.04042355955472804	9.999000099990002e-05
4868	-0.0050075655805481775	0.04042355955472804	9.999000099990002e-05
4869	-0.006864299946276994	0.04042355955472804	9.999000099990002e-05
4870	-0.0007469612697902694	0.04042355955472804	9.999000099990002e-05
4871	0.001064769490607398	0.04042355955472804	9.999000099990002e-05
4872	-0.006111591829892156	0.04042355955472804	9.999000099990002e-05
4873	0.003254360921009193	0.04042355955472804	9.999000099990002e-05
4874	-0.00582367717965423	0.04042355955472804	9.999000099990002e-05
4875	-0.003050998392877666	0.04042355955472804	9.999000099990002e-05
4876	-0.003963191548456544	0.04042355955472804	9.999000099990002e-05
4877	-0.003203328233048419	0.04042355955472804	9.999000099990002e-05
4878	-0.003906804916778519	0.04042355955472804	9.999000099990002e-05
4879	-0.005357751364529449	0.04042355955472804	9.999000099990002e-05
4880	-0.0023827384452504417	0.04042355955472804	9.999000099990002e-05
4881	-0.005232272131884957	0.04042355955472804	9.999000099990002e-05
4882	-0.0065670967834738515	0.04042355955472804	9.999000099990002e-05
4883	-0.00471690605406206	0.04042355955472804	9.999000099990002e-05
4884	-0.0010288807703569811	0.04042355955472804	9.999000099990002e-05
4885	-0.003579590014369233	0.04042355955472804	9.999000099990002e-05
4886	-5.345470095839272e-05	0.04042355955472804	9.999000099990002e-05
4887	-0.0012585167571761897	0.04042355955472804	9.999000099990002e-05
4888	-0.0026689520424387813	0.04042355955472804	9.999000099990002e-05
4889	-0.0020899457014042526	0.04042355955472804	9.999000099990002e-05
4890	-0.0017455135929292528	0.04042355955472804	9.999000099990002e-05
4891	-0.005406216727946181	0.04042355955472804	9.999000099990002e-05
4892	-0.0062729612255148755	0.04042355955472804	9.999000099990002e-05
4893	-0.005183890331263775	0.04042355955472804	9.999000099990002e-05
4894	-0.007019264957672226	0.04042355955472804	9.999000099990002e-05
4895	-0.003082017041086506	0.04042355955472804	9.999000099990002e-05
4896	-0.003594446282915181	0.04042355955472804	9.999000099990002e-05
4897	-0.003422398931651194	0.04042355955472804	9.999000099990002e-05
4898	-0.001990697434303956	0.04042355955472804	9.999000099990002e-05
4899	-0.007954069967195072	0.04042355955472804	9.999000099990002e-05
4900	-0.003074081172419643	0.04042355955472804	9.999000099990002e-05
4901	-0.0068770812067214596	0.04042355955472804	9.999000099990002e-05
4902	-0.00038714877860554774	0.04042355955472804	9.999000099990002e-05
4903	-0.0017492037444475181	0.04042355955472804	9.999000099990002e-05
4904	-0.0027334045229423913	0.04042355955472804	9.999000099990002e-05
4905	0.0030176219234411645	0.04042355955472804	9.999000099990002e-05
4906	-0.00179732562322399	0.04042355955472804	9.999000099990002e-05
4907	-0.00478810940430729	0.04042355955472804	9.999000099990002e-05
4908	-0.001644268975248421	0.04042355955472804	9.999000099990002e-05
4909	-0.005764235081282133	0.04042355955472804	9.999000099990002e-05
4910	0.001058094700713022	0.04042355955472804	9.999000099990002e-05
4911	-0.0029892493534791494	0.04042355955472804	9.999000099990002e-05
4912	-0.0051999564521262795	0.04042355955472804	9.999000099990002e-05
4913	-0.003912259235879563	0.04042355955472804	9.999000099990002e-05
4914	-0.0005270058520132736	0.04042355955472804	9.999000099990002e-05
4915	-0.00041125926126724804	0.04042355955472804	9.999000099990002e-05
4916	-0.004513761146995467	0.04042355955472804	9.999000099990002e-05
4917	-0.0037284281454247684	0.04042355955472804	9.999000099990002e-05
4918	-0.0034392676323838174	0.04042355955472804	9.999000099990002e-05
4919	-0.005376953167753015	0.04042355955472804	9.999000099990002e-05
4920	-0.00201982864826476	0.04042355955472804	9.999000099990002e-05
4921	-0.0076810077189925245	0.04042355955472804	9.999000099990002e-05
4922	-0.0060070130105017135	0.04042355955472804	9.999000099990002e-05
4923	-0.0025301965782880908	0.04042355955472804	9.999000099990002e-05
4924	-0.0023624307622954754	0.04042355955472804	9.999000099990002e-05
4925	-0.00027957104745171963	0.04042355955472804	9.999000099990002e-05
4926	-0.0008501981984137333	0.04042355955472804	9.999000099990002e-05
4927	-0.002501295758342534	0.04042355955472804	9.999000099990002e-05
4928	-0.006508021907423803	0.04042355955472804	9.999000099990002e-05
4929	0.0010625373405913686	0.04042355955472804	9.999000099990002e-05
4930	-0.008438592274657729	0.04042355955472804	9.999000099990002e-05
4931	-0.003228619751942943	0.04042355955472804	9.999000099990002e-05
4932	-0.008107748623226354	0.04042355955472804	9.999000099990002e-05
4933	-0.007114324447282032	0.04042355955472804	9.999000099990002e-05
4934	-0.0043682561596491325	0.04042355955472804	9.999000099990002e-05
4935	-0.006705294508284283	0.04042355955472804	9.999000099990002e-05
4936	-0.005092120742001205	0.04042355955472804	9.999000099990002e-05
4937	-0.006204535549530367	0.04042355955472804	9.999000099990002e-05
4938	-0.006112207586127296	0.04042355955472804	9.999000099990002e-05
4939	-0.005290225469797631	0.04042355955472804	9.999000099990002e-05
4940	-0.00802096827532359	0.04042355955472804	9.999000099990002e-05
4941	-0.005270723271404801	0.04042355955472804	9.999000099990002e-05
4942	-0.0016290457921623604	0.04042355955472804	9.999000099990002e-05
4943	-0.007189701993848549	0.04042355955472804	9.999000099990002e-05
4944	-0.005031707745512891	0.04042355955472804	9.999000099990002e-05
4945	-0.006442686689092185	0.04042355955472804	9.999000099990002e-05
4946	0.00021246290898853382	0.04042355955472804	9.999000099990002e-05
4947	-0.005854687825532741	0.04042355955472804	9.999000099990002e-05
4948	-0.004018758114403223	0.04042355955472804	9.999000099990002e-05
4949	-0.009114575394397865	0.04042355955472804	9.999000099990002e-05
4950	-0.000778318343473794	0.04042355955472804	9.999000099990002e-05
4951	-0.0029854967414643095	0.04042355955472804	9.999000099990002e-05
4952	-0.00576548375259533	0.04042355955472804	9.999000099990002e-05
4953	-0.002697234066802576	0.04042355955472804	9.999000099990002e-05
4954	-0.005443277731880619	0.04042355955472804	9.999000099990002e-05
4955	-0.0023407266149890527	0.04042355955472804	9.999000099990002e-05
4956	-0.002691601618906243	0.04042355955472804	9.999000099990002e-05
4957	-0.003803968373980689	0.04042355955472804	9.999000099990002e-05
4958	0.001362616167729011	0.04042355955472804	9.999000099990002e-05
4959	-0.00551353305605473	0.04042355955472804	9.999000099990002e-05
4960	-0.0005692816245209079	0.04042355955472804	9.999000099990002e-05
4961	-0.007172668437416612	0.04042355955472804	9.999000099990002e-05
4962	-0.006350560572929838	0.04042355955472804	9.999000099990002e-05
4963	-0.003818734558601318	0.04042355955472804	9.999000099990002e-05
4964	-0.004193662836212905	0.04042355955472804	9.999000099990002e-05
4965	-0.006204616746252277	0.04042355955472804	9.999000099990002e-05
4966	8.585096187513075e-05	0.04042355955472804	9.999000099990002e-05
4967	-0.004456272309732908	0.04042355955472804	9.999000099990002e-05
4968	-0.003431648067365012	0.04042355955472804	9.999000099990002e-05
4969	-0.004892618453380182	0.04042355955472804	9.999000099990002e-05
4970	-0.0037738235763964513	0.04042355955472804	9.999000099990002e-05
4971	-0.008854277267033228	0.04042355955472804	9.999000099990002e-05
4972	-0.007958994208857331	0.04042355955472804	9.999000099990002e-05
4973	-0.001303015273114444	0.04042355955472804	9.999000099990002e-05
4974	-0.002947884346192038	0.04042355955472804	9.999000099990002e-05
4975	-0.008564486839788095	0.04042355955472804	9.999000099990002e-05
4976	-0.002158467559243664	0.04042355955472804	9.999000099990002e-05
4977	-0.004411255912215055	0.04042355955472804	9.999000099990002e-05
4978	-0.0034480058308479665	0.04042355955472804	9.999000099990002e-05
4979	-0.003932342103366866	0.04042355955472804	9.999000099990002e-05
4980	-0.007448746717752715	0.04042355955472804	9.999000099990002e-05
4981	-0.005592990502251984	0.04042355955472804	9.999000099990002e-05
4982	-0.0010795141882016426	0.04042355955472804	9.999000099990002e-05
4983	-0.006502254189366718	0.04042355955472804	9.999000099990002e-05
4984	0.0018783115337503876	0.04042355955472804	9.999000099990002e-05
4985	-0.004230109719003734	0.04042355955472804	9.999000099990002e-05
4986	-0.003140856848683149	0.04042355955472804	9.999000099990002e-05
4987	-0.003965597422138924	0.04042355955472804	9.999000099990002e-05
4988	-0.0002411180227675197	0.04042355955472804	9.999000099990002e-05
4989	-0.007285560812381778	0.04042355955472804	9.999000099990002e-05
4990	-0.007473223941827198	0.04042355955472804	9.999000099990002e-05
4991	-0.0024165814543923815	0.04042355955472804	9.999000099990002e-05
4992	-0.00298992345362748	0.04042355955472804	9.999000099990002e-05
4993	-0.004739456043836942	0.04042355955472804	9.999000099990002e-05
4994	-0.0027488529446962813	0.04042355955472804	9.999000099990002e-05
4995	-0.003246118386116113	0.04042355955472804	9.999000099990002e-05
4996	-0.0030151628611930228	0.04042355955472804	9.999000099990002e-05
4997	-0.005069368828040122	0.04042355955472804	9.999000099990002e-05
4998	-0.002620291776111251	0.04042355955472804	9.999000099990002e-05
4999	-0.0017356138062033315	0.04042355955472804	9.999000099990002e-05
5000	-0.006433299609362056	0.04042355955472804	9.999000099990002e-05
5001	-0.00406974040307202	0.04042355955472804	9.999000099990002e-05
5002	-0.004971433597150328	0.04042355955472804	9.999000099990002e-05
5003	-0.004766461542622358	0.04042355955472804	9.999000099990002e-05
5004	-0.001673072439920438	0.04042355955472804	9.999000099990002e-05
5005	-0.002038126265106682	0.04042355955472804	9.999000099990002e-05
5006	-0.0002490313848803355	0.04042355955472804	9.999000099990002e-05
5007	-0.00433024222436898	0.04042355955472804	9.999000099990002e-05
5008	-0.006668460051090902	0.04042355955472804	9.999000099990002e-05
5009	-0.006192370141502898	0.04042355955472804	9.999000099990002e-05
5010	-0.003236060399475241	0.04042355955472804	9.999000099990002e-05
5011	-0.00426407316706439	0.04042355955472804	9.999000099990002e-05
5012	-0.004161880754148896	0.04042355955472804	9.999000099990002e-05
5013	-0.008490785531352596	0.04042355955472804	9.999000099990002e-05
5014	-0.004940074272811396	0.04042355955472804	9.999000099990002e-05
5015	-0.002722317948308724	0.04042355955472804	9.999000099990002e-05
5016	-0.003997348629827507	0.04042355955472804	9.999000099990002e-05
5017	-0.002579950566960555	0.04042355955472804	9.999000099990002e-05
5018	0.0020124096993589385	0.04042355955472804	9.999000099990002e-05
5019	-0.003852509182444408	0.04042355955472804	9.999000099990002e-05
5020	0.00014349572916087517	0.04042355955472804	9.999000099990002e-05
5021	-0.007312770178226863	0.04042355955472804	9.999000099990002e-05
5022	-0.005196724241655612	0.04042355955472804	9.999000099990002e-05
5023	-0.0002501618679302195	0.04042355955472804	9.999000099990002e-05
5024	-0.001288473788543258	0.04042355955472804	9.999000099990002e-05
5025	0.000803720240665029	0.04042355955472804	9.999000099990002e-05
5026	-0.0038869335724265445	0.04042355955472804	9.999000099990002e-05
5027	-0.004284522641309874	0.04042355955472804	9.999000099990002e-05
5028	-0.003322347334462311	0.04042355955472804	9.999000099990002e-05
5029	0.0025874208000314343	0.04042355955472804	9.999000099990002e-05
5030	-0.0023361763091423226	0.04042355955472804	9.999000099990002e-05
5031	-0.0025622742656649876	0.04042355955472804	9.999000099990002e-05
5032	-0.006343015029466574	0.04042355955472804	9.999000099990002e-05
5033	-0.006119098169631354	0.04042355955472804	9.999000099990002e-05
5034	-0.004875713857579307	0.04042355955472804	9.999000099990002e-05
5035	-0.0015490553830706758	0.04042355955472804	9.999000099990002e-05
5036	-0.0027363010587394113	0.04042355955472804	9.999000099990002e-05
5037	-0.0012401515629629975	0.04042355955472804	9.999000099990002e-05
5038	-0.005139097556558595	0.04042355955472804	9.999000099990002e-05
5039	-0.0013528866998317652	0.04042355955472804	9.999000099990002e-05
5040	-0.0008165412626883042	0.04042355955472804	9.999000099990002e-05
5041	-0.0032765635211604903	0.04042355955472804	9.999000099990002e-05
5042	-0.005586304863044367	0.04042355955472804	9.999000099990002e-05
5043	-0.004454044237827517	0.04042355955472804	9.999000099990002e-05
5044	-0.001914152393909785	0.04042355955472804	9.999000099990002e-05
5045	-0.0036345621764525536	0.04042355955472804	9.999000099990002e-05
5046	-0.00289574395104463	0.04042355955472804	9.999000099990002e-05
5047	-0.002203979235605197	0.04042355955472804	9.999000099990002e-05
5048	-0.006796403943767483	0.04042355955472804	9.999000099990002e-05
5049	-0.007097226852971095	0.04042355955472804	9.999000099990002e-05
5050	-0.002851926518057363	0.04042355955472804	9.999000099990002e-05
5051	-0.002801446991180563	0.04042355955472804	9.999000099990002e-05
5052	-0.0033103028654992025	0.04042355955472804	9.999000099990002e-05
5053	-0.0030635921756505327	0.04042355955472804	9.999000099990002e-05
5054	-0.0011757408830935304	0.04042355955472804	9.999000099990002e-05
5055	-0.006909206927316699	0.04042355955472804	9.999000099990002e-05
5056	-0.006324317680835638	0.04042355955472804	9.999000099990002e-05
5057	-0.006994921849576239	0.04042355955472804	9.999000099990002e-05
5058	-0.002018895107180993	0.04042355955472804	9.999000099990002e-05
5059	-0.0066848236816670166	0.04042355955472804	9.999000099990002e-05
5060	-0.002557764971761187	0.04042355955472804	9.999000099990002e-05
5061	-0.006758198318050486	0.04042355955472804	9.999000099990002e-05
5062	-0.00028837895852431433	0.04042355955472804	9.999000099990002e-05
5063	-0.002000704386852617	0.04042355955472804	9.999000099990002e-05
5064	-0.0028766974815167407	0.04042355955472804	9.999000099990002e-05
5065	-0.0032693395136382	0.04042355955472804	9.999000099990002e-05
5066	0.0006425344946760809	0.04042355955472804	9.999000099990002e-05
5067	-0.0028034855078862913	0.04042355955472804	9.999000099990002e-05
5068	-0.0050226086342563606	0.04042355955472804	9.999000099990002e-05
5069	-0.0037480021339541094	0.04042355955472804	9.999000099990002e-05
5070	9.248250840757088e-06	0.04042355955472804	9.999000099990002e-05
5071	-0.0026380228241186425	0.04042355955472804	9.999000099990002e-05
5072	-0.006036553574437024	0.04042355955472804	9.999000099990002e-05
5073	-0.006984003920206964	0.04042355955472804	9.999000099990002e-05
5074	-0.0011452138395815173	0.04042355955472804	9.999000099990002e-05
5075	-0.0009530591136935968	0.04042355955472804	9.999000099990002e-05
5076	-0.009384601200677235	0.04042355955472804	9.999000099990002e-05
5077	-0.004121156856633874	0.04042355955472804	9.999000099990002e-05
5078	-0.00462926889895938	0.04042355955472804	9.999000099990002e-05
5079	-0.0037353140737270514	0.04042355955472804	9.999000099990002e-05
5080	-0.0044582764318073205	0.04042355955472804	9.999000099990002e-05
5081	-0.00481680851166673	0.04042355955472804	9.999000099990002e-05
5082	-0.0010600373625821336	0.04042355955472804	9.999000099990002e-05
5083	-0.005827246469053615	0.04042355955472804	9.999000099990002e-05
5084	-0.0022213463891827103	0.04042355955472804	9.999000099990002e-05
5085	-0.0012369916427744875	0.04042355955472804	9.999000099990002e-05
5086	-0.003401335124662028	0.04042355955472804	9.999000099990002e-05
5087	-0.007196025104408628	0.04042355955472804	9.999000099990002e-05
5088	-0.0015974042317883728	0.04042355955472804	9.999000099990002e-05
5089	-0.0017094518415218586	0.04042355955472804	9.999000099990002e-05
5090	-0.004103308582181726	0.04042355955472804	9.999000099990002e-05
5091	-0.0034997218716515096	0.04042355955472804	9.999000099990002e-05
5092	-0.00026436283026228246	0.04042355955472804	9.999000099990002e-05
5093	-0.00584903394831913	0.04042355955472804	9.999000099990002e-05
5094	-0.0018818511799020734	0.04042355955472804	9.999000099990002e-05
5095	-0.001626451517462589	0.04042355955472804	9.999000099990002e-05
5096	-0.009328059331485391	0.04042355955472804	9.999000099990002e-05
5097	-0.004806082022661466	0.04042355955472804	9.999000099990002e-05
5098	-0.004161814677214573	0.04042355955472804	9.999000099990002e-05
5099	-0.003714562146020624	0.04042355955472804	9.999000099990002e-05
5100	-1.569855228576583e-05	0.04042355955472804	9.999000099990002e-05
5101	-0.0025543477651107913	0.04042355955472804	9.999000099990002e-05
5102	-0.0022099802523695517	0.04042355955472804	9.999000099990002e-05
5103	-0.0044208914681491684	0.04042355955472804	9.999000099990002e-05
5104	-0.005349915659646288	0.04042355955472804	9.999000099990002e-05
5105	2.9429108401839153e-05	0.04042355955472804	9.999000099990002e-05
5106	0.0010716627094942866	0.04042355955472804	9.999000099990002e-05
5107	-0.0045036925611141795	0.04042355955472804	9.999000099990002e-05
5108	-0.005464276693063208	0.04042355955472804	9.999000099990002e-05
5109	-0.0033418160230968873	0.04042355955472804	9.999000099990002e-05
5110	-0.0027171309762915887	0.04042355955472804	9.999000099990002e-05
5111	-0.006147697074734336	0.04042355955472804	9.999000099990002e-05
5112	-0.005063328915333637	0.04042355955472804	9.999000099990002e-05
5113	-0.0056620577881542275	0.04042355955472804	9.999000099990002e-05
5114	-0.00352226349360502	0.04042355955472804	9.999000099990002e-05
5115	-0.007088500234802264	0.04042355955472804	9.999000099990002e-05
5116	-0.0055615022557547215	0.04042355955472804	9.999000099990002e-05
5117	-0.0033359011852745315	0.04042355955472804	9.999000099990002e-05
5118	0.002006985388996635	0.04042355955472804	9.999000099990002e-05
5119	-0.004130308848674237	0.04042355955472804	9.999000099990002e-05
5120	-0.0020805904963408324	0.04042355955472804	9.999000099990002e-05
5121	-0.0027155309334260342	0.04042355955472804	9.999000099990002e-05
5122	-0.005725750855204205	0.04042355955472804	9.999000099990002e-05
5123	0.0007508986279120278	0.04042355955472804	9.999000099990002e-05
5124	-0.005821346058509487	0.04042355955472804	9.999000099990002e-05
5125	-0.004987998478639658	0.04042355955472804	9.999000099990002e-05
5126	0.0004435904070682117	0.04042355955472804	9.999000099990002e-05
5127	-0.006643717826769773	0.04042355955472804	9.999000099990002e-05
5128	-0.000533321710461497	0.04042355955472804	9.999000099990002e-05
5129	-0.0033717182500430294	0.04042355955472804	9.999000099990002e-05
5130	-0.0049501090988616145	0.04042355955472804	9.999000099990002e-05
5131	-0.00438639426850287	0.04042355955472804	9.999000099990002e-05
5132	-0.005215883609444798	0.04042355955472804	9.999000099990002e-05
5133	-8.625323286510777e-05	0.04042355955472804	9.999000099990002e-05
5134	-0.004247352644097449	0.04042355955472804	9.999000099990002e-05
5135	-0.0017894551005093614	0.04042355955472804	9.999000099990002e-05
5136	-0.0019507499744308918	0.04042355955472804	9.999000099990002e-05
5137	-0.002901896223394022	0.04042355955472804	9.999000099990002e-05
5138	-0.00022653427588927854	0.04042355955472804	9.999000099990002e-05
5139	-0.003761534901703732	0.04042355955472804	9.999000099990002e-05
5140	-0.0065007023143740985	0.04042355955472804	9.999000099990002e-05
5141	-0.0014754312701919388	0.04042355955472804	9.999000099990002e-05
5142	-0.004441805731590321	0.04042355955472804	9.999000099990002e-05
5143	-0.0036194713011261175	0.04042355955472804	9.999000099990002e-05
5144	-0.0005796950223520628	0.04042355955472804	9.999000099990002e-05
5145	-0.00756875247187066	0.04042355955472804	9.999000099990002e-05
5146	-0.006136749001971741	0.04042355955472804	9.999000099990002e-05
5147	-0.0033668912097633494	0.04042355955472804	9.999000099990002e-05
5148	-0.005948720708495965	0.04042355955472804	9.999000099990002e-05
5149	-0.00436568873892325	0.04042355955472804	9.999000099990002e-05
5150	5.896038116996877e-05	0.04042355955472804	9.999000099990002e-05
5151	-0.0015197032778618863	0.04042355955472804	9.999000099990002e-05
5152	-0.0030822127519248774	0.04042355955472804	9.999000099990002e-05
5153	-0.005602007685804494	0.04042355955472804	9.999000099990002e-05
5154	-0.00575593556825822	0.04042355955472804	9.999000099990002e-05
5155	-0.0018452563694183965	0.04042355955472804	9.999000099990002e-05
5156	-0.00398847300672905	0.04042355955472804	9.999000099990002e-05
5157	-0.003492327679955133	0.04042355955472804	9.999000099990002e-05
5158	0.0004337141848967482	0.04042355955472804	9.999000099990002e-05
5159	-0.0017395248297332176	0.04042355955472804	9.999000099990002e-05
5160	-0.0017542825695869902	0.04042355955472804	9.999000099990002e-05
5161	-0.006488586189929084	0.04042355955472804	9.999000099990002e-05
5162	-0.00551399597932242	0.04042355955472804	9.999000099990002e-05
5163	-0.0036370660402087196	0.04042355955472804	9.999000099990002e-05
5164	-0.0038715220652685693	0.04042355955472804	9.999000099990002e-05
5165	-0.002027276778745367	0.04042355955472804	9.999000099990002e-05
5166	-0.0031368370434753643	0.04042355955472804	9.999000099990002e-05
5167	-0.002669137346400452	0.04042355955472804	9.999000099990002e-05
5168	-0.008050976513910216	0.04042355955472804	9.999000099990002e-05
5169	-0.0011982013083251212	0.04042355955472804	9.999000099990002e-05
5170	-0.0036247613223825983	0.04042355955472804	9.999000099990002e-05
5171	-0.0025555852023833358	0.04042355955472804	9.999000099990002e-05
5172	-0.00578477962167301	0.04042355955472804	9.999000099990002e-05
5173	-0.0016286151859979225	0.04042355955472804	9.999000099990002e-05
5174	-0.005035343862065065	0.04042355955472804	9.999000099990002e-05
5175	-0.002897071933915388	0.04042355955472804	9.999000099990002e-05
5176	0.0004535534429819299	0.04042355955472804	9.999000099990002e-05
5177	-0.006943392709353166	0.04042355955472804	9.999000099990002e-05
5178	-0.004479888898569639	0.04042355955472804	9.999000099990002e-05
5179	0.0020752545963395722	0.04042355955472804	9.999000099990002e-05
5180	-0.00474100395613714	0.04042355955472804	9.999000099990002e-05
5181	-0.003735960338846575	0.04042355955472804	9.999000099990002e-05
5182	-0.001857044321374446	0.04042355955472804	9.999000099990002e-05
5183	-0.002322399431844932	0.04042355955472804	9.999000099990002e-05
5184	-0.0059113331864004744	0.04042355955472804	9.999000099990002e-05
5185	-0.003997206780827882	0.04042355955472804	9.999000099990002e-05
5186	-0.01038388850707871	0.04042355955472804	9.999000099990002e-05
5187	-0.004292502984466445	0.04042355955472804	9.999000099990002e-05
5188	-0.005379983646401187	0.04042355955472804	9.999000099990002e-05
5189	-0.0015090585241969308	0.04042355955472804	9.999000099990002e-05
5190	-0.005861717507235376	0.04042355955472804	9.999000099990002e-05
5191	-0.006670380379533318	0.04042355955472804	9.999000099990002e-05
5192	-0.004880345975711825	0.04042355955472804	9.999000099990002e-05
5193	-0.0049089305881911665	0.04042355955472804	9.999000099990002e-05
5194	-0.004384075477871929	0.04042355955472804	9.999000099990002e-05
5195	-0.005953784894757117	0.04042355955472804	9.999000099990002e-05
5196	-0.00039296431828089035	0.04042355955472804	9.999000099990002e-05
5197	0.001488948167935511	0.04042355955472804	9.999000099990002e-05
5198	-0.0073629558310641646	0.04042355955472804	9.999000099990002e-05
5199	-0.004912148717638272	0.04042355955472804	9.999000099990002e-05
5200	-0.0019937806975540997	0.04042355955472804	9.999000099990002e-05
5201	-0.0038598800211864168	0.04042355955472804	9.999000099990002e-05
5202	-0.0012389079892881141	0.04042355955472804	9.999000099990002e-05
5203	-0.005038292663082042	0.04042355955472804	9.999000099990002e-05
5204	-0.004043269156017888	0.04042355955472804	9.999000099990002e-05
5205	0.00011119703511776186	0.04042355955472804	9.999000099990002e-05
5206	-0.004390330914878904	0.04042355955472804	9.999000099990002e-05
5207	-0.005357332723387763	0.04042355955472804	9.999000099990002e-05
5208	-0.0028631763517715596	0.04042355955472804	9.999000099990002e-05
5209	-0.006852287082671417	0.04042355955472804	9.999000099990002e-05
5210	-0.00614194336075533	0.04042355955472804	9.999000099990002e-05
5211	-0.004181293561125771	0.04042355955472804	9.999000099990002e-05
5212	-0.006427892534788147	0.04042355955472804	9.999000099990002e-05
5213	-0.005826764270942199	0.04042355955472804	9.999000099990002e-05
5214	-0.004519907340651634	0.04042355955472804	9.999000099990002e-05
5215	-0.0023714422518821806	0.04042355955472804	9.999000099990002e-05
5216	-0.0019227537640671478	0.04042355955472804	9.999000099990002e-05
5217	-0.0072610146451537	0.04042355955472804	9.999000099990002e-05
5218	-0.0008952768448280704	0.04042355955472804	9.999000099990002e-05
5219	-0.0036313295235453737	0.04042355955472804	9.999000099990002e-05
5220	-0.0025307925787702314	0.04042355955472804	9.999000099990002e-05
5221	-0.004734036292494559	0.04042355955472804	9.999000099990002e-05
5222	-0.006327464404873656	0.04042355955472804	9.999000099990002e-05
5223	-0.005398961615212009	0.04042355955472804	9.999000099990002e-05
5224	-0.0022189676580197937	0.04042355955472804	9.999000099990002e-05
5225	-0.0038268213943076584	0.04042355955472804	9.999000099990002e-05
5226	-0.006456438886125607	0.04042355955472804	9.999000099990002e-05
5227	-0.001852612415391111	0.04042355955472804	9.999000099990002e-05
5228	-0.00458134584731338	0.04042355955472804	9.999000099990002e-05
5229	2.814581162087354e-05	0.04042355955472804	9.999000099990002e-05
5230	-0.007456808911667824	0.04042355955472804	9.999000099990002e-05
5231	-0.004185236805577047	0.04042355955472804	9.999000099990002e-05
5232	-0.0021733448916158387	0.04042355955472804	9.999000099990002e-05
5233	-0.003867493469039242	0.04042355955472804	9.999000099990002e-05
5234	-8.610492044482804e-05	0.04042355955472804	9.999000099990002e-05
5235	-0.0014264931537219417	0.04042355955472804	9.999000099990002e-05
5236	-0.00017350546818443308	0.04042355955472804	9.999000099990002e-05
5237	-0.007498194463399138	0.04042355955472804	9.999000099990002e-05
5238	-0.0025601163872773156	0.04042355955472804	9.999000099990002e-05
5239	-0.003939916559095714	0.04042355955472804	9.999000099990002e-05
5240	-0.0029160720822619516	0.04042355955472804	9.999000099990002e-05
5241	-0.005398499499871902	0.04042355955472804	9.999000099990002e-05
5242	-0.006732049010901124	0.04042355955472804	9.999000099990002e-05
5243	-0.0024230075949554413	0.04042355955472804	9.999000099990002e-05
5244	-0.002979844056905695	0.04042355955472804	9.999000099990002e-05
5245	-0.0008897395977317298	0.04042355955472804	9.999000099990002e-05
5246	-0.005422395535469896	0.04042355955472804	9.999000099990002e-05
5247	-0.004496317047934026	0.04042355955472804	9.999000099990002e-05
5248	-0.0032173044183855513	0.04042355955472804	9.999000099990002e-05
5249	-0.0027073350082598576	0.04042355955472804	9.999000099990002e-05
5250	-0.008968111089230643	0.04042355955472804	9.999000099990002e-05
5251	-0.006941604226997462	0.04042355955472804	9.999000099990002e-05
5252	-0.0024443051430884126	0.04042355955472804	9.999000099990002e-05
5253	-0.00554358461494881	0.04042355955472804	9.999000099990002e-05
5254	-0.004615525896911293	0.04042355955472804	9.999000099990002e-05
5255	-0.002807414921386829	0.04042355955472804	9.999000099990002e-05
5256	-0.0032401911215981056	0.04042355955472804	9.999000099990002e-05
5257	-0.004467423383918484	0.04042355955472804	9.999000099990002e-05
5258	-0.0033256011281412104	0.04042355955472804	9.999000099990002e-05
5259	-0.0012469688943663598	0.04042355955472804	9.999000099990002e-05
5260	-0.001708071901213075	0.04042355955472804	9.999000099990002e-05
5261	-0.001429850323658502	0.04042355955472804	9.999000099990002e-05
5262	0.0020090671683006987	0.04042355955472804	9.999000099990002e-05
5263	8.215369289960584e-05	0.04042355955472804	9.999000099990002e-05
5264	-0.003307725172551215	0.04042355955472804	9.999000099990002e-05
5265	-0.004062348385085563	0.04042355955472804	9.999000099990002e-05
5266	5.321314984797349e-05	0.04042355955472804	9.999000099990002e-05
5267	-0.00715717717626454	0.04042355955472804	9.999000099990002e-05
5268	-0.00038345947348760595	0.04042355955472804	9.999000099990002e-05
5269	-0.0038390251788952305	0.04042355955472804	9.999000099990002e-05
5270	0.001138414070984864	0.04042355955472804	9.999000099990002e-05
5271	-0.00168033016880106	0.04042355955472804	9.999000099990002e-05
5272	-0.0005785601534095908	0.04042355955472804	9.999000099990002e-05
5273	-0.002874296186090662	0.04042355955472804	9.999000099990002e-05
5274	-0.003325117891265765	0.04042355955472804	9.999000099990002e-05
5275	-0.005110610818734802	0.04042355955472804	9.999000099990002e-05
5276	-0.0036364707899450427	0.04042355955472804	9.999000099990002e-05
5277	-0.003977912219823437	0.04042355955472804	9.999000099990002e-05
5278	-0.004786304917290931	0.04042355955472804	9.999000099990002e-05
5279	-0.006108239161266403	0.04042355955472804	9.999000099990002e-05
5280	-0.004202460686663488	0.04042355955472804	9.999000099990002e-05
5281	-0.002889826631730423	0.04042355955472804	9.999000099990002e-05
5282	-0.0026526118609989007	0.04042355955472804	9.999000099990002e-05
5283	-0.0038218415018241468	0.04042355955472804	9.999000099990002e-05
5284	-0.004528187290286249	0.04042355955472804	9.999000099990002e-05
5285	0.001347095955838623	0.04042355955472804	9.999000099990002e-05
5286	-0.0031414962848909725	0.04042355955472804	9.999000099990002e-05
5287	-0.0013464447469717477	0.04042355955472804	9.999000099990002e-05
5288	-0.004406492525086958	0.04042355955472804	9.999000099990002e-05
5289	-0.0010570580719171524	0.04042355955472804	9.999000099990002e-05
5290	-0.005572418299959636	0.04042355955472804	9.999000099990002e-05
5291	-0.003127153473559284	0.04042355955472804	9.999000099990002e-05
5292	-0.004872704308102766	0.04042355955472804	9.999000099990002e-05
5293	-0.001956255289151407	0.04042355955472804	9.999000099990002e-05
5294	-0.0037362469223014656	0.04042355955472804	9.999000099990002e-05
5295	-0.0023271399084551876	0.04042355955472804	9.999000099990002e-05
5296	-0.0025335186033748694	0.04042355955472804	9.999000099990002e-05
5297	-0.005956870754917345	0.04042355955472804	9.999000099990002e-05
5298	0.001418284147823508	0.04042355955472804	9.999000099990002e-05
5299	-0.0009672049830591695	0.04042355955472804	9.999000099990002e-05
5300	-0.0029245309109103405	0.04042355955472804	9.999000099990002e-05
5301	7.770622469215199e-05	0.04042355955472804	9.999000099990002e-05
5302	-0.005487350393038079	0.04042355955472804	9.999000099990002e-05
5303	-0.005624764678167522	0.04042355955472804	9.999000099990002e-05
5304	-0.001051809928240298	0.04042355955472804	9.999000099990002e-05
5305	-0.00036048920747950295	0.04042355955472804	9.999000099990002e-05
5306	0.0009226609346307979	0.04042355955472804	9.999000099990002e-05
5307	-0.005599315767285613	0.04042355955472804	9.999000099990002e-05
5308	-0.004017697555561861	0.04042355955472804	9.999000099990002e-05
5309	-0.007256208168554597	0.04042355955472804	9.999000099990002e-05
5310	-0.008778645665715155	0.04042355955472804	9.999000099990002e-05
5311	-0.00967752663701046	0.04042355955472804	9.999000099990002e-05
5312	-0.0029181706933906343	0.04042355955472804	9.999000099990002e-05
5313	-0.006972214006141074	0.04042355955472804	9.999000099990002e-05
5314	-0.006962451355503885	0.04042355955472804	9.999000099990002e-05
5315	-0.006611274956126149	0.04042355955472804	9.999000099990002e-05
5316	-0.005319760609076324	0.04042355955472804	9.999000099990002e-05
5317	0.0016003763088142484	0.04042355955472804	9.999000099990002e-05
5318	-0.002610131259613041	0.04042355955472804	9.999000099990002e-05
5319	-0.0013766966911423484	0.04042355955472804	9.999000099990002e-05
5320	-0.003369171777725144	0.04042355955472804	9.999000099990002e-05
5321	-0.005606823318916186	0.04042355955472804	9.999000099990002e-05
5322	-0.008445972192966836	0.04042355955472804	9.999000099990002e-05
5323	-0.0057925939741843725	0.04042355955472804	9.999000099990002e-05
5324	-0.005829393652019016	0.04042355955472804	9.999000099990002e-05
5325	-0.0012771195782801128	0.04042355955472804	9.999000099990002e-05
5326	-0.007054332958154681	0.04042355955472804	9.999000099990002e-05
5327	-0.006341194306953106	0.04042355955472804	9.999000099990002e-05
5328	-0.0003457964865596477	0.04042355955472804	9.999000099990002e-05
5329	-0.001809039611333621	0.04042355955472804	9.999000099990002e-05
5330	-0.008503109524022442	0.04042355955472804	9.999000099990002e-05
5331	-0.006632741822796509	0.04042355955472804	9.999000099990002e-05
5332	-0.004237015672368216	0.04042355955472804	9.999000099990002e-05
5333	-0.0028985796229638676	0.04042355955472804	9.999000099990002e-05
5334	-0.002166429281593135	0.04042355955472804	9.999000099990002e-05
5335	-0.009683824528688193	0.04042355955472804	9.999000099990002e-05
5336	-0.005898808269835724	0.04042355955472804	9.999000099990002e-05
5337	-0.0008756048662249521	0.04042355955472804	9.999000099990002e-05
5338	-0.004941021702555008	0.04042355955472804	9.999000099990002e-05
5339	-0.007670277805913238	0.04042355955472804	9.999000099990002e-05
5340	-0.006329925390758892	0.04042355955472804	9.999000099990002e-05
5341	-0.003439131554295488	0.04042355955472804	9.999000099990002e-05
5342	-0.0009567370885890311	0.04042355955472804	9.999000099990002e-05
5343	0.0013204768580371215	0.04042355955472804	9.999000099990002e-05
5344	-0.0010267282781531869	0.04042355955472804	9.999000099990002e-05
5345	-0.0056795516324710275	0.04042355955472804	9.999000099990002e-05
5346	0.0005603922666535782	0.04042355955472804	9.999000099990002e-05
5347	0.0002987328582600257	0.04042355955472804	9.999000099990002e-05
5348	-0.0001005199258768144	0.04042355955472804	9.999000099990002e-05
5349	-0.0026173932204952787	0.04042355955472804	9.999000099990002e-05
5350	-0.006268279419836107	0.04042355955472804	9.999000099990002e-05
5351	-0.00406427773538597	0.04042355955472804	9.999000099990002e-05
5352	-0.004441729459379375	0.04042355955472804	9.999000099990002e-05
5353	-0.005927553005867121	0.04042355955472804	9.999000099990002e-05
5354	-0.004369591683177315	0.04042355955472804	9.999000099990002e-05
5355	-0.0066073915175522595	0.04042355955472804	9.999000099990002e-05
5356	-0.0010985986495622214	0.04042355955472804	9.999000099990002e-05
5357	0.0006178919724657464	0.04042355955472804	9.999000099990002e-05
5358	-0.0015671882981042565	0.04042355955472804	9.999000099990002e-05
5359	-0.007385221815057873	0.04042355955472804	9.999000099990002e-05
5360	-0.006615197598424108	0.04042355955472804	9.999000099990002e-05
5361	-0.003999456128159581	0.04042355955472804	9.999000099990002e-05
5362	-0.005477654800390136	0.04042355955472804	9.999000099990002e-05
5363	-0.0028815925223678483	0.04042355955472804	9.999000099990002e-05
5364	-0.003328860808149629	0.04042355955472804	9.999000099990002e-05
5365	-0.0035810945871256107	0.04042355955472804	9.999000099990002e-05
5366	-0.005340378497749753	0.04042355955472804	9.999000099990002e-05
5367	0.0018185508041293444	0.04042355955472804	9.999000099990002e-05
5368	-0.004720388298882748	0.04042355955472804	9.999000099990002e-05
5369	-0.00026556314133882597	0.04042355955472804	9.999000099990002e-05
5370	-0.004410965750795165	0.04042355955472804	9.999000099990002e-05
5371	0.00013715451717569716	0.04042355955472804	9.999000099990002e-05
5372	-0.0022358835455704314	0.04042355955472804	9.999000099990002e-05
5373	0.0015121154336188395	0.04042355955472804	9.999000099990002e-05
5374	-0.0031904546572596145	0.04042355955472804	9.999000099990002e-05
5375	-0.005145680954454437	0.04042355955472804	9.999000099990002e-05
5376	-0.005334617185404203	0.04042355955472804	9.999000099990002e-05
5377	-0.00010781703160884227	0.04042355955472804	9.999000099990002e-05
5378	-0.0058572560349498416	0.04042355955472804	9.999000099990002e-05
5379	-0.0017449725507590066	0.04042355955472804	9.999000099990002e-05
5380	-0.006263743868285913	0.04042355955472804	9.999000099990002e-05
5381	-0.0050031008765523185	0.04042355955472804	9.999000099990002e-05
5382	0.00037759528503005234	0.04042355955472804	9.999000099990002e-05
5383	-0.0004630094851020186	0.04042355955472804	9.999000099990002e-05
5384	-0.003724595221561085	0.04042355955472804	9.999000099990002e-05
5385	-0.005087356104508995	0.04042355955472804	9.999000099990002e-05
5386	-0.00027125552976715455	0.04042355955472804	9.999000099990002e-05
5387	-0.0011546315051415054	0.04042355955472804	9.999000099990002e-05
5388	-0.001070238006150219	0.04042355955472804	9.999000099990002e-05
5389	-0.002978926924446379	0.04042355955472804	9.999000099990002e-05
5390	-0.0018846512452986158	0.04042355955472804	9.999000099990002e-05
5391	-0.002197366271407146	0.04042355955472804	9.999000099990002e-05
5392	-0.004432072377946142	0.04042355955472804	9.999000099990002e-05
5393	-0.003607921399260966	0.04042355955472804	9.999000099990002e-05
5394	-0.0014462018545572607	0.04042355955472804	9.999000099990002e-05
5395	-0.0008036108626596177	0.04042355955472804	9.999000099990002e-05
5396	-0.006417854765573166	0.04042355955472804	9.999000099990002e-05
5397	-0.002390866312136082	0.04042355955472804	9.999000099990002e-05
5398	-0.005027898039948979	0.04042355955472804	9.999000099990002e-05
5399	-0.004727976258544026	0.04042355955472804	9.999000099990002e-05
5400	-0.0026770516126227023	0.04042355955472804	9.999000099990002e-05
5401	-0.00225729016392687	0.04042355955472804	9.999000099990002e-05
5402	-0.0018706810040001146	0.04042355955472804	9.999000099990002e-05
5403	-0.002792795933476955	0.04042355955472804	9.999000099990002e-05
5404	-0.0004782696982022175	0.04042355955472804	9.999000099990002e-05
5405	-0.004224550523208104	0.04042355955472804	9.999000099990002e-05
5406	-0.0027064903392100296	0.04042355955472804	9.999000099990002e-05
5407	0.0017440993349346484	0.04042355955472804	9.999000099990002e-05
5408	-0.0028622182843147936	0.04042355955472804	9.999000099990002e-05
5409	-0.0018649466033375723	0.04042355955472804	9.999000099990002e-05
5410	-0.0023025842576962136	0.04042355955472804	9.999000099990002e-05
5411	-0.006044677151611932	0.04042355955472804	9.999000099990002e-05
5412	-0.008024386136010602	0.04042355955472804	9.999000099990002e-05
5413	-0.0077864088932424564	0.04042355955472804	9.999000099990002e-05
5414	-0.0009175672397765567	0.04042355955472804	9.999000099990002e-05
5415	-0.0009559827150645919	0.04042355955472804	9.999000099990002e-05
5416	-0.007392979574165806	0.04042355955472804	9.999000099990002e-05
5417	-0.000485235053480286	0.04042355955472804	9.999000099990002e-05
5418	-0.007669525913880657	0.04042355955472804	9.999000099990002e-05
5419	-0.0029019913664848976	0.04042355955472804	9.999000099990002e-05
5420	-0.001020897599453874	0.04042355955472804	9.999000099990002e-05
5421	-0.005143432068795644	0.04042355955472804	9.999000099990002e-05
5422	-0.004549423666759499	0.04042355955472804	9.999000099990002e-05
5423	-0.00290395270687025	0.04042355955472804	9.999000099990002e-05
5424	-0.004384783395560451	0.04042355955472804	9.999000099990002e-05
5425	-0.004177756954320687	0.04042355955472804	9.999000099990002e-05
5426	-0.0031464438987439695	0.04042355955472804	9.999000099990002e-05
5427	-0.0005883990762577326	0.04042355955472804	9.999000099990002e-05
5428	-0.00219858914674687	0.04042355955472804	9.999000099990002e-05
5429	-0.004249241617255163	0.04042355955472804	9.999000099990002e-05
5430	-0.0006348044551787169	0.04042355955472804	9.999000099990002e-05
5431	-0.007057869199468714	0.04042355955472804	9.999000099990002e-05
5432	-0.0047713659323497595	0.04042355955472804	9.999000099990002e-05
5433	-0.0069544314816049405	0.04042355955472804	9.999000099990002e-05
5434	-0.0036320295543217835	0.04042355955472804	9.999000099990002e-05
5435	-0.005709755254877725	0.04042355955472804	9.999000099990002e-05
5436	-0.0013167352876992152	0.04042355955472804	9.999000099990002e-05
5437	-0.005736055048157281	0.04042355955472804	9.999000099990002e-05
5438	-0.002624689422117876	0.04042355955472804	9.999000099990002e-05
5439	0.0007313390089518174	0.04042355955472804	9.999000099990002e-05
5440	-0.002524837787005349	0.04042355955472804	9.999000099990002e-05
5441	-0.004426908662701521	0.04042355955472804	9.999000099990002e-05
5442	-0.003634836852593816	0.04042355955472804	9.999000099990002e-05
5443	-0.0026881917605495534	0.04042355955472804	9.999000099990002e-05
5444	-0.004442839744239727	0.04042355955472804	9.999000099990002e-05
5445	-0.006369269117128676	0.04042355955472804	9.999000099990002e-05
5446	-0.0016155596149032558	0.04042355955472804	9.999000099990002e-05
5447	-0.003171480381832016	0.04042355955472804	9.999000099990002e-05
5448	-0.007895404364174045	0.04042355955472804	9.999000099990002e-05
5449	-0.0029043558434969268	0.04042355955472804	9.999000099990002e-05
5450	-0.005819429423450302	0.04042355955472804	9.999000099990002e-05
5451	-0.0005625961584406327	0.04042355955472804	9.999000099990002e-05
5452	-0.002357038365072625	0.04042355955472804	9.999000099990002e-05
5453	-0.0022913533910438127	0.04042355955472804	9.999000099990002e-05
5454	-0.0027900597905411843	0.04042355955472804	9.999000099990002e-05
5455	0.0010781854358760529	0.04042355955472804	9.999000099990002e-05
5456	-0.007559561256869867	0.04042355955472804	9.999000099990002e-05
5457	-0.009871988534761247	0.04042355955472804	9.999000099990002e-05
5458	-0.003331607704216785	0.04042355955472804	9.999000099990002e-05
5459	-0.009306395368957946	0.04042355955472804	9.999000099990002e-05
5460	-0.001178515691134975	0.04042355955472804	9.999000099990002e-05
5461	-0.009297736347396744	0.04042355955472804	9.999000099990002e-05
5462	-0.0022564122544279875	0.04042355955472804	9.999000099990002e-05
5463	-0.003071197448045697	0.04042355955472804	9.999000099990002e-05
5464	-0.005682352582740637	0.04042355955472804	9.999000099990002e-05
5465	-0.0018744799179599135	0.04042355955472804	9.999000099990002e-05
5466	0.0008567652646306115	0.04042355955472804	9.999000099990002e-05
5467	0.0009668165622563035	0.04042355955472804	9.999000099990002e-05
5468	-0.003967065118772123	0.04042355955472804	9.999000099990002e-05
5469	-0.003145482484158646	0.04042355955472804	9.999000099990002e-05
5470	0.0007274471640838137	0.04042355955472804	9.999000099990002e-05
5471	-0.0013946128699840715	0.04042355955472804	9.999000099990002e-05
5472	-0.0025637735868920806	0.04042355955472804	9.999000099990002e-05
5473	-0.0018606898445120285	0.04042355955472804	9.999000099990002e-05
5474	0.0003211901864358893	0.04042355955472804	9.999000099990002e-05
5475	0.0003828953861449311	0.04042355955472804	9.999000099990002e-05
5476	-0.006154408856170125	0.04042355955472804	9.999000099990002e-05
5477	-0.002797014065669565	0.04042355955472804	9.999000099990002e-05
5478	-0.00335273972337745	0.04042355955472804	9.999000099990002e-05
5479	-0.00587848519778397	0.04042355955472804	9.999000099990002e-05
5480	-0.0053771805224216524	0.04042355955472804	9.999000099990002e-05
5481	-0.0018504964915285484	0.04042355955472804	9.999000099990002e-05
5482	-0.0007669105791538372	0.04042355955472804	9.999000099990002e-05
5483	-0.0017628067057148561	0.04042355955472804	9.999000099990002e-05
5484	-0.0038093974934357384	0.04042355955472804	9.999000099990002e-05
5485	-0.002751810286661978	0.04042355955472804	9.999000099990002e-05
5486	-0.003451806783863094	0.04042355955472804	9.999000099990002e-05
5487	-0.002473039664606827	0.04042355955472804	9.999000099990002e-05
5488	-0.005467546375984541	0.04042355955472804	9.999000099990002e-05
5489	-0.0008722732806617992	0.04042355955472804	9.999000099990002e-05
5490	-0.006698974667907268	0.04042355955472804	9.999000099990002e-05
5491	-0.006286360723686329	0.04042355955472804	9.999000099990002e-05
5492	-0.004627782658464555	0.04042355955472804	9.999000099990002e-05
5493	-0.005204203400402621	0.04042355955472804	9.999000099990002e-05
5494	-0.0013564733212013944	0.04042355955472804	9.999000099990002e-05
5495	-0.005423023583746092	0.04042355955472804	9.999000099990002e-05
5496	0.003344659716582832	0.04042355955472804	9.999000099990002e-05
5497	-0.0026130425689429707	0.04042355955472804	9.999000099990002e-05
5498	-0.005433388409740519	0.04042355955472804	9.999000099990002e-05
5499	-0.0033631093777009846	0.04042355955472804	9.999000099990002e-05
5500	-0.0040088470166911635	0.04042355955472804	9.999000099990002e-05
5501	-0.002774331729662326	0.04042355955472804	9.999000099990002e-05
5502	-0.006398153701577124	0.04042355955472804	9.999000099990002e-05
5503	-0.0020503664256717887	0.04042355955472804	9.999000099990002e-05
5504	-0.002263739542026079	0.04042355955472804	9.999000099990002e-05
5505	0.0006753305258545672	0.04042355955472804	9.999000099990002e-05
5506	-0.0055210449358687715	0.04042355955472804	9.999000099990002e-05
5507	-0.0040225570091266495	0.04042355955472804	9.999000099990002e-05
5508	-0.00323809274130588	0.04042355955472804	9.999000099990002e-05
5509	-0.005462755788627867	0.04042355955472804	9.999000099990002e-05
5510	-0.007200687038916176	0.04042355955472804	9.999000099990002e-05
5511	-0.0010548158035699792	0.04042355955472804	9.999000099990002e-05
5512	-0.0007416301404089942	0.04042355955472804	9.999000099990002e-05
5513	0.0004006681963137193	0.04042355955472804	9.999000099990002e-05
5514	-0.0035976109160145778	0.04042355955472804	9.999000099990002e-05
5515	-0.004939188303273065	0.04042355955472804	9.999000099990002e-05
5516	-0.0023920235337416287	0.04042355955472804	9.999000099990002e-05
5517	-0.004898350103241668	0.04042355955472804	9.999000099990002e-05
5518	-0.005893539677896517	0.04042355955472804	9.999000099990002e-05
5519	-0.012608749015748827	0.04042355955472804	9.999000099990002e-05
5520	-0.0009436453531169147	0.04042355955472804	9.999000099990002e-05
5521	-0.0076100882783466245	0.04042355955472804	9.999000099990002e-05
5522	-0.0011575924635449473	0.04042355955472804	9.999000099990002e-05
5523	-0.0039677963701786455	0.04042355955472804	9.999000099990002e-05
5524	-0.000996121326756104	0.04042355955472804	9.999000099990002e-05
5525	-0.0017073319934396147	0.04042355955472804	9.999000099990002e-05
5526	-0.0036465934877379065	0.04042355955472804	9.999000099990002e-05
5527	-0.0017951466040646152	0.04042355955472804	9.999000099990002e-05
5528	0.000983916022495228	0.04042355955472804	9.999000099990002e-05
5529	-0.003211443865602105	0.04042355955472804	9.999000099990002e-05
5530	-0.003504622587232056	0.04042355955472804	9.999000099990002e-05
5531	-0.005265145435565684	0.04042355955472804	9.999000099990002e-05
5532	-0.0018881251030615567	0.04042355955472804	9.999000099990002e-05
5533	-0.0005514527595670823	0.04042355955472804	9.999000099990002e-05
5534	-0.0019381136985145223	0.04042355955472804	9.999000099990002e-05
5535	-0.0034909729777650848	0.04042355955472804	9.999000099990002e-05
5536	-0.002756869798484976	0.04042355955472804	9.999000099990002e-05
5537	-0.00202408502236289	0.04042355955472804	9.999000099990002e-05
5538	0.0007802713737468881	0.04042355955472804	9.999000099990002e-05
5539	-0.0023686970678520477	0.04042355955472804	9.999000099990002e-05
5540	-0.0032810187993345718	0.04042355955472804	9.999000099990002e-05
5541	-0.0035595720696340013	0.04042355955472804	9.999000099990002e-05
5542	-0.002858536962290807	0.04042355955472804	9.999000099990002e-05
5543	-0.0009102719422633951	0.04042355955472804	9.999000099990002e-05
5544	-0.003197346875855199	0.04042355955472804	9.999000099990002e-05
5545	-0.006774962449870453	0.04042355955472804	9.999000099990002e-05
5546	-0.001122880797598569	0.04042355955472804	9.999000099990002e-05
5547	-0.0005529825319694412	0.04042355955472804	9.999000099990002e-05
5548	-0.004405077593819357	0.04042355955472804	9.999000099990002e-05
5549	-0.00044928668124346455	0.04042355955472804	9.999000099990002e-05
5550	-0.0024989404955522154	0.04042355955472804	9.999000099990002e-05
5551	-0.007260574055312723	0.04042355955472804	9.999000099990002e-05
5552	-0.005521675888836996	0.04042355955472804	9.999000099990002e-05
5553	-0.00800490607868077	0.04042355955472804	9.999000099990002e-05
5554	-0.0016873438650794076	0.04042355955472804	9.999000099990002e-05
5555	0.0006737350997180411	0.04042355955472804	9.999000099990002e-05
5556	-0.0037904225062624225	0.04042355955472804	9.999000099990002e-05
5557	-0.00042705080217035065	0.04042355955472804	9.999000099990002e-05
5558	-0.0030481039538450814	0.04042355955472804	9.999000099990002e-05
5559	-0.0027254441279025224	0.04042355955472804	9.999000099990002e-05
5560	-0.006411042397153522	0.04042355955472804	9.999000099990002e-05
5561	-0.004990932948560253	0.04042355955472804	9.999000099990002e-05
5562	-0.0009157605598138982	0.04042355955472804	9.999000099990002e-05
5563	-0.00437842123516727	0.04042355955472804	9.999000099990002e-05
5564	-0.003540821301600848	0.04042355955472804	9.999000099990002e-05
5565	-0.004580493791497088	0.04042355955472804	9.999000099990002e-05
5566	-0.0018577233267973725	0.04042355955472804	9.999000099990002e-05
5567	-0.00511909386597426	0.04042355955472804	9.999000099990002e-05
5568	-0.003996043557474592	0.04042355955472804	9.999000099990002e-05
5569	-0.0006420297323014995	0.04042355955472804	9.999000099990002e-05
5570	-0.0007895696006794475	0.04042355955472804	9.999000099990002e-05
5571	-0.0022411397492867247	0.04042355955472804	9.999000099990002e-05
5572	0.0007862611372342204	0.04042355955472804	9.999000099990002e-05
5573	-0.0042831642649729645	0.04042355955472804	9.999000099990002e-05
5574	-0.004711241731499007	0.04042355955472804	9.999000099990002e-05
5575	-0.0024492238831485755	0.04042355955472804	9.999000099990002e-05
5576	-0.00029707404828110544	0.04042355955472804	9.999000099990002e-05
5577	-0.00033971611976498645	0.04042355955472804	9.999000099990002e-05
5578	-0.003007549913485838	0.04042355955472804	9.999000099990002e-05
5579	-0.003998577064478434	0.04042355955472804	9.999000099990002e-05
5580	-0.0016122984729306372	0.04042355955472804	9.999000099990002e-05
5581	-0.007641918528283576	0.04042355955472804	9.999000099990002e-05
5582	-0.005055583640630472	0.04042355955472804	9.999000099990002e-05
5583	-0.004898344986366992	0.04042355955472804	9.999000099990002e-05
5584	-0.005137721905960541	0.04042355955472804	9.999000099990002e-05
5585	-0.005048469049586321	0.04042355955472804	9.999000099990002e-05
5586	0.0006519608358393853	0.04042355955472804	9.999000099990002e-05
5587	0.0012868839601906975	0.04042355955472804	9.999000099990002e-05
5588	-0.002091199662719466	0.04042355955472804	9.999000099990002e-05
5589	-0.005350897464784847	0.04042355955472804	9.999000099990002e-05
5590	-0.003156120428148268	0.04042355955472804	9.999000099990002e-05
5591	-0.003007895879617954	0.04042355955472804	9.999000099990002e-05
5592	-0.003249777220822424	0.04042355955472804	9.999000099990002e-05
5593	-0.003962042194526729	0.04042355955472804	9.999000099990002e-05
5594	-0.002817349583653342	0.04042355955472804	9.999000099990002e-05
5595	-0.008101874758874188	0.04042355955472804	9.999000099990002e-05
5596	-0.004868881502570208	0.04042355955472804	9.999000099990002e-05
5597	-0.0034136887605795557	0.04042355955472804	9.999000099990002e-05
5598	-0.004200041828430696	0.04042355955472804	9.999000099990002e-05
5599	-0.004009442478554922	0.04042355955472804	9.999000099990002e-05
5600	-0.003882415987646852	0.04042355955472804	9.999000099990002e-05
5601	-0.005649574402914431	0.04042355955472804	9.999000099990002e-05
5602	-0.007432828986255977	0.04042355955472804	9.999000099990002e-05
5603	0.0012893067426431675	0.04042355955472804	9.999000099990002e-05
5604	-0.005740702920877636	0.04042355955472804	9.999000099990002e-05
5605	-0.006913293982877433	0.04042355955472804	9.999000099990002e-05
5606	-0.003881751294083935	0.04042355955472804	9.999000099990002e-05
5607	-0.004441386320993798	0.04042355955472804	9.999000099990002e-05
5608	-0.000571469473174574	0.04042355955472804	9.999000099990002e-05
5609	-0.00414297205550998	0.04042355955472804	9.999000099990002e-05
5610	-0.0025894664919035317	0.04042355955472804	9.999000099990002e-05
5611	-0.00027312417008073104	0.04042355955472804	9.999000099990002e-05
5612	-0.003949243063493625	0.04042355955472804	9.999000099990002e-05
5613	-0.00047783720687342155	0.04042355955472804	9.999000099990002e-05
5614	-0.002191954849413405	0.04042355955472804	9.999000099990002e-05
5615	-0.0018488062300830803	0.04042355955472804	9.999000099990002e-05
5616	-0.0058834850383841855	0.04042355955472804	9.999000099990002e-05
5617	-0.004918994307270603	0.04042355955472804	9.999000099990002e-05
5618	-0.001833666109646924	0.04042355955472804	9.999000099990002e-05
5619	-0.003065593873942203	0.04042355955472804	9.999000099990002e-05
5620	-0.0034753963648349677	0.04042355955472804	9.999000099990002e-05
5621	-0.004649157921536295	0.04042355955472804	9.999000099990002e-05
5622	0.0021455851731969635	0.04042355955472804	9.999000099990002e-05
5623	-0.0027758560581716994	0.04042355955472804	9.999000099990002e-05
5624	-0.0013338438467416114	0.04042355955472804	9.999000099990002e-05
5625	-0.0018121163342176283	0.04042355955472804	9.999000099990002e-05
5626	-0.004359951279677719	0.04042355955472804	9.999000099990002e-05
5627	-0.00448180470646487	0.04042355955472804	9.999000099990002e-05
5628	-0.005270735851991427	0.04042355955472804	9.999000099990002e-05
5629	0.0016911555712259107	0.04042355955472804	9.999000099990002e-05
5630	-0.003284723070349137	0.04042355955472804	9.999000099990002e-05
5631	-0.005142134690991128	0.04042355955472804	9.999000099990002e-05
5632	-0.0027682488044303275	0.04042355955472804	9.999000099990002e-05
5633	-0.004865345607510856	0.04042355955472804	9.999000099990002e-05
5634	-0.007615941251999899	0.04042355955472804	9.999000099990002e-05
5635	0.0014541383003152664	0.04042355955472804	9.999000099990002e-05
5636	-0.009239984895197537	0.04042355955472804	9.999000099990002e-05
5637	-0.0016935263192948678	0.04042355955472804	9.999000099990002e-05
5638	-0.001261587805330755	0.04042355955472804	9.999000099990002e-05
5639	-0.004479990947517701	0.04042355955472804	9.999000099990002e-05
5640	-0.005538601663882324	0.04042355955472804	9.999000099990002e-05
5641	-0.003237824701712619	0.04042355955472804	9.999000099990002e-05
5642	0.0017120950727857963	0.04042355955472804	9.999000099990002e-05
5643	-0.004458962035305501	0.04042355955472804	9.999000099990002e-05
5644	-0.0053076983464700606	0.04042355955472804	9.999000099990002e-05
5645	-0.007284095635713169	0.04042355955472804	9.999000099990002e-05
5646	-0.0034780889950995777	0.04042355955472804	9.999000099990002e-05
5647	-0.007906721602132162	0.04042355955472804	9.999000099990002e-05
5648	-0.0013119863470857265	0.04042355955472804	9.999000099990002e-05
5649	-0.008866383061547025	0.04042355955472804	9.999000099990002e-05
5650	-0.0020671156685406074	0.04042355955472804	9.999000099990002e-05
5651	-0.005152841481952488	0.04042355955472804	9.999000099990002e-05
5652	-0.005251006164275362	0.04042355955472804	9.999000099990002e-05
5653	-0.0030750779626912026	0.04042355955472804	9.999000099990002e-05
5654	-0.0008059310767820113	0.04042355955472804	9.999000099990002e-05
5655	-0.004765568628754105	0.04042355955472804	9.999000099990002e-05
5656	-0.003892860586871734	0.04042355955472804	9.999000099990002e-05
5657	-0.003332398145936814	0.04042355955472804	9.999000099990002e-05
5658	-0.005743406246564509	0.04042355955472804	9.999000099990002e-05
5659	-0.006135851182828886	0.04042355955472804	9.999000099990002e-05
5660	-0.0017538737967036089	0.04042355955472804	9.999000099990002e-05
5661	-0.003823826022036525	0.04042355955472804	9.999000099990002e-05
5662	-0.00664185684253184	0.04042355955472804	9.999000099990002e-05
5663	-0.0019815558683766695	0.04042355955472804	9.999000099990002e-05
5664	-0.0038179064905396478	0.04042355955472804	9.999000099990002e-05
5665	4.2240935439792625e-05	0.04042355955472804	9.999000099990002e-05
5666	-0.004239910611546443	0.04042355955472804	9.999000099990002e-05
5667	-0.0024047461424909627	0.04042355955472804	9.999000099990002e-05
5668	-0.0036664181646538924	0.04042355955472804	9.999000099990002e-05
5669	0.0005919801383161589	0.04042355955472804	9.999000099990002e-05
5670	-0.007114917773908612	0.04042355955472804	9.999000099990002e-05
5671	-0.0009349863315557191	0.04042355955472804	9.999000099990002e-05
5672	-0.005160432654087723	0.04042355955472804	9.999000099990002e-05
5673	-0.0026288951468512027	0.04042355955472804	9.999000099990002e-05
5674	-0.0041377351651101495	0.04042355955472804	9.999000099990002e-05
5675	0.0006251002254002089	0.04042355955472804	9.999000099990002e-05
5676	-0.004199740625333853	0.04042355955472804	9.999000099990002e-05
5677	-0.004240426858034492	0.04042355955472804	9.999000099990002e-05
5678	-0.001748293671736352	0.04042355955472804	9.999000099990002e-05
5679	0.0007994368587020434	0.04042355955472804	9.999000099990002e-05
5680	-0.006388742884165204	0.04042355955472804	9.999000099990002e-05
5681	-0.006266584099225069	0.04042355955472804	9.999000099990002e-05
5682	0.002336963788461227	0.04042355955472804	9.999000099990002e-05
5683	-0.00040922237965304863	0.04042355955472804	9.999000099990002e-05
5684	-0.006384910691283605	0.04042355955472804	9.999000099990002e-05
5685	-0.0021868355894221272	0.04042355955472804	9.999000099990002e-05
5686	-0.004464598330476027	0.04042355955472804	9.999000099990002e-05
5687	-0.007934332854239804	0.04042355955472804	9.999000099990002e-05
5688	-0.001751534846355879	0.04042355955472804	9.999000099990002e-05
5689	-0.0008091352021510359	0.04042355955472804	9.999000099990002e-05
5690	-0.001358149174604996	0.04042355955472804	9.999000099990002e-05
5691	-0.0031882232382256697	0.04042355955472804	9.999000099990002e-05
5692	-0.0060774093565115	0.04042355955472804	9.999000099990002e-05
5693	-0.0030402448190620644	0.04042355955472804	9.999000099990002e-05
5694	-0.0060305784883007505	0.04042355955472804	9.999000099990002e-05
5695	-0.003250896392886167	0.04042355955472804	9.999000099990002e-05
5696	-0.0013111734757571213	0.04042355955472804	9.999000099990002e-05
5697	-0.004501730355092134	0.04042355955472804	9.999000099990002e-05
5698	-0.003049493954775888	0.04042355955472804	9.999000099990002e-05
5699	-0.0005911420288688227	0.04042355955472804	9.999000099990002e-05
5700	-0.004777147019684682	0.04042355955472804	9.999000099990002e-05
5701	-0.002793379026354166	0.04042355955472804	9.999000099990002e-05
5702	-0.00024448823496360376	0.04042355955472804	9.999000099990002e-05
5703	-0.0020538433227813334	0.04042355955472804	9.999000099990002e-05
5704	-0.004399559563857623	0.04042355955472804	9.999000099990002e-05
5705	-0.00429275575038115	0.04042355955472804	9.999000099990002e-05
5706	-0.006442643464966591	0.04042355955472804	9.999000099990002e-05
5707	-0.0030982706780933443	0.04042355955472804	9.999000099990002e-05
5708	-0.0030715342769015953	0.04042355955472804	9.999000099990002e-05
5709	-0.0051777860344236135	0.04042355955472804	9.999000099990002e-05
5710	0.0014176646789687789	0.04042355955472804	9.999000099990002e-05
5711	-0.0022418459549382237	0.04042355955472804	9.999000099990002e-05
5712	-0.0069043944297334705	0.04042355955472804	9.999000099990002e-05
5713	-0.004596646803047316	0.04042355955472804	9.999000099990002e-05
5714	-0.007619401567357668	0.04042355955472804	9.999000099990002e-05
5715	-0.009758362542315928	0.04042355955472804	9.999000099990002e-05
5716	-0.0024888155471039495	0.04042355955472804	9.999000099990002e-05
5717	-0.0011321480155011138	0.04042355955472804	9.999000099990002e-05
5718	0.001571518289794134	0.04042355955472804	9.999000099990002e-05
5719	-0.0036259822356124725	0.04042355955472804	9.999000099990002e-05
5720	-0.0033136718465675468	0.04042355955472804	9.999000099990002e-05
5721	-0.005638073149831493	0.04042355955472804	9.999000099990002e-05
5722	-0.00031629891591348905	0.04042355955472804	9.999000099990002e-05
5723	-0.003941955902965394	0.04042355955472804	9.999000099990002e-05
5724	-0.002240119567588053	0.04042355955472804	9.999000099990002e-05
5725	-0.004783297195269634	0.04042355955472804	9.999000099990002e-05
5726	-0.006087114394217594	0.04042355955472804	9.999000099990002e-05
5727	-0.005247935654739177	0.04042355955472804	9.999000099990002e-05
5728	-0.005777726317706807	0.04042355955472804	9.999000099990002e-05
5729	-0.004716653807529371	0.04042355955472804	9.999000099990002e-05
5730	-0.0047501747421119555	0.04042355955472804	9.999000099990002e-05
5731	-0.0035090117307627023	0.04042355955472804	9.999000099990002e-05
5732	-0.010296119255816496	0.04042355955472804	9.999000099990002e-05
5733	-0.006222465597795558	0.04042355955472804	9.999000099990002e-05
5734	-0.0009401595495675929	0.04042355955472804	9.999000099990002e-05
5735	-0.0040779371938748765	0.04042355955472804	9.999000099990002e-05
5736	-0.005370523833952373	0.04042355955472804	9.999000099990002e-05
5737	-5.42987736807235e-05	0.04042355955472804	9.999000099990002e-05
5738	-0.0022231391997218795	0.04042355955472804	9.999000099990002e-05
5739	-0.0027382654384713783	0.04042355955472804	9.999000099990002e-05
5740	-0.0006276333669129955	0.04042355955472804	9.999000099990002e-05
5741	-2.305881102373092e-05	0.04042355955472804	9.999000099990002e-05
5742	-0.0033964270030786533	0.04042355955472804	9.999000099990002e-05
5743	-0.00292343028270822	0.04042355955472804	9.999000099990002e-05
5744	-0.0034671434807743207	0.04042355955472804	9.999000099990002e-05
5745	-0.003058954440497685	0.04042355955472804	9.999000099990002e-05
5746	-0.0009598928729577752	0.04042355955472804	9.999000099990002e-05
5747	-0.003398813698099154	0.04042355955472804	9.999000099990002e-05
5748	-0.009090249387435675	0.04042355955472804	9.999000099990002e-05
5749	-0.0009602755036129923	0.04042355955472804	9.999000099990002e-05
5750	-0.0008296673350826192	0.04042355955472804	9.999000099990002e-05
5751	-0.0036013708763231273	0.04042355955472804	9.999000099990002e-05
5752	-0.004356286731769231	0.04042355955472804	9.999000099990002e-05
5753	-0.002630028476883989	0.04042355955472804	9.999000099990002e-05
5754	-0.0022382532741117302	0.04042355955472804	9.999000099990002e-05
5755	-0.0016281713644466205	0.04042355955472804	9.999000099990002e-05
5756	-0.002831182861990454	0.04042355955472804	9.999000099990002e-05
5757	-0.0030105543653240626	0.04042355955472804	9.999000099990002e-05
5758	-0.002602292034473991	0.04042355955472804	9.999000099990002e-05
5759	-0.0066885093126380964	0.04042355955472804	9.999000099990002e-05
5760	-0.0006663529692262637	0.04042355955472804	9.999000099990002e-05
5761	-0.0015059702594903302	0.04042355955472804	9.999000099990002e-05
5762	-0.006788630314653483	0.04042355955472804	9.999000099990002e-05
5763	-0.0011100114538113784	0.04042355955472804	9.999000099990002e-05
5764	-0.006138070906149274	0.04042355955472804	9.999000099990002e-05
5765	-0.004118387242412601	0.04042355955472804	9.999000099990002e-05
5766	-0.0022865018628638657	0.04042355955472804	9.999000099990002e-05
5767	-0.009384286378229736	0.04042355955472804	9.999000099990002e-05
5768	-0.0026513178880320358	0.04042355955472804	9.999000099990002e-05
5769	-0.005228101436583197	0.04042355955472804	9.999000099990002e-05
5770	-0.0033325779675327585	0.04042355955472804	9.999000099990002e-05
5771	-0.004622226963688432	0.04042355955472804	9.999000099990002e-05
5772	-0.0048247013293353305	0.04042355955472804	9.999000099990002e-05
5773	0.0004745658503878286	0.04042355955472804	9.999000099990002e-05
5774	-0.005065760431098532	0.04042355955472804	9.999000099990002e-05
5775	-0.010150615441888788	0.04042355955472804	9.999000099990002e-05
5776	-0.004393153967738764	0.04042355955472804	9.999000099990002e-05
5777	-0.005804811974450106	0.04042355955472804	9.999000099990002e-05
5778	-0.004395666603280094	0.04042355955472804	9.999000099990002e-05
5779	-0.006098484166704868	0.04042355955472804	9.999000099990002e-05
5780	-0.0031429806402214445	0.04042355955472804	9.999000099990002e-05
5781	-0.0024030790801089037	0.04042355955472804	9.999000099990002e-05
5782	-0.0042126521737189835	0.04042355955472804	9.999000099990002e-05
5783	-0.0017759846008926022	0.04042355955472804	9.999000099990002e-05
5784	-0.0066919894414579715	0.04042355955472804	9.999000099990002e-05
5785	-0.008286412843671688	0.04042355955472804	9.999000099990002e-05
5786	-0.0051919316344799914	0.04042355955472804	9.999000099990002e-05
5787	-0.002954565714925296	0.04042355955472804	9.999000099990002e-05
5788	-0.0063450943657515245	0.04042355955472804	9.999000099990002e-05
5789	-0.007002734720887039	0.04042355955472804	9.999000099990002e-05
5790	-0.0005807050087741142	0.04042355955472804	9.999000099990002e-05
5791	-0.0008397866472741933	0.04042355955472804	9.999000099990002e-05
5792	-0.009525481668257585	0.04042355955472804	9.999000099990002e-05
5793	-0.004138836101094204	0.04042355955472804	9.999000099990002e-05
5794	-0.004660443669555111	0.04042355955472804	9.999000099990002e-05
5795	-0.003155940144879428	0.04042355955472804	9.999000099990002e-05
5796	-0.0047065281280990095	0.04042355955472804	9.999000099990002e-05
5797	-0.005702338979827462	0.04042355955472804	9.999000099990002e-05
5798	0.0004719775774357976	0.04042355955472804	9.999000099990002e-05
5799	-0.003349808408221694	0.04042355955472804	9.999000099990002e-05
5800	-0.001196435447941699	0.04042355955472804	9.999000099990002e-05
5801	-0.00477303489913255	0.04042355955472804	9.999000099990002e-05
5802	-0.004126628469232435	0.04042355955472804	9.999000099990002e-05
5803	-0.0017622966725746327	0.04042355955472804	9.999000099990002e-05
5804	-0.006042050540572533	0.04042355955472804	9.999000099990002e-05
5805	-0.002579282814814646	0.04042355955472804	9.999000099990002e-05
5806	-0.007232960302476843	0.04042355955472804	9.999000099990002e-05
5807	-0.002967141954127826	0.04042355955472804	9.999000099990002e-05
5808	-0.0020533285574938554	0.04042355955472804	9.999000099990002e-05
5809	-0.0022811721762104192	0.04042355955472804	9.999000099990002e-05
5810	-0.0009559705769144999	0.04042355955472804	9.999000099990002e-05
5811	-0.0073837475972949014	0.04042355955472804	9.999000099990002e-05
5812	-0.003563684113240641	0.04042355955472804	9.999000099990002e-05
5813	-0.003720655959038595	0.04042355955472804	9.999000099990002e-05
5814	-0.00536220646957619	0.04042355955472804	9.999000099990002e-05
5815	-0.004399267825055302	0.04042355955472804	9.999000099990002e-05
5816	-0.005879948893252003	0.04042355955472804	9.999000099990002e-05
5817	-0.006090573786229556	0.04042355955472804	9.999000099990002e-05
5818	-0.00463637102483513	0.04042355955472804	9.999000099990002e-05
5819	-0.005361949125405187	0.04042355955472804	9.999000099990002e-05
5820	-0.005245824232187423	0.04042355955472804	9.999000099990002e-05
5821	6.975144667260846e-05	0.04042355955472804	9.999000099990002e-05
5822	-0.00026480195813906315	0.04042355955472804	9.999000099990002e-05
5823	0.005219068921643017	0.04042355955472804	9.999000099990002e-05
5824	-0.005958001699640137	0.04042355955472804	9.999000099990002e-05
5825	-0.00398707981256066	0.04042355955472804	9.999000099990002e-05
5826	-0.0006681674783919081	0.04042355955472804	9.999000099990002e-05
5827	-0.003156625863795827	0.04042355955472804	9.999000099990002e-05
5828	-0.004077463863730495	0.04042355955472804	9.999000099990002e-05
5829	-0.009952495017213639	0.04042355955472804	9.999000099990002e-05
5830	-0.002417931058944123	0.04042355955472804	9.999000099990002e-05
5831	-0.0013025054323379346	0.04042355955472804	9.999000099990002e-05
5832	-0.0018684247508112387	0.04042355955472804	9.999000099990002e-05
5833	-0.003963692059593131	0.04042355955472804	9.999000099990002e-05
5834	-0.0010109366218318595	0.04042355955472804	9.999000099990002e-05
5835	-0.0030587800243219872	0.04042355955472804	9.999000099990002e-05
5836	-0.002731937384163946	0.04042355955472804	9.999000099990002e-05
5837	-0.006082044648645231	0.04042355955472804	9.999000099990002e-05
5838	-0.006002435523662789	0.04042355955472804	9.999000099990002e-05
5839	-0.005258337279911282	0.04042355955472804	9.999000099990002e-05
5840	-0.004232485949438436	0.04042355955472804	9.999000099990002e-05
5841	-0.0032112416528703404	0.04042355955472804	9.999000099990002e-05
5842	-5.5925670520169665e-05	0.04042355955472804	9.999000099990002e-05
5843	-0.004340440328736086	0.04042355955472804	9.999000099990002e-05
5844	-0.002698471811857052	0.04042355955472804	9.999000099990002e-05
5845	-0.0005414663514626286	0.04042355955472804	9.999000099990002e-05
5846	-0.0008585628650261565	0.04042355955472804	9.999000099990002e-05
5847	-0.0012365894679663646	0.04042355955472804	9.999000099990002e-05
5848	-0.009061714847229993	0.04042355955472804	9.999000099990002e-05
5849	-0.003879257644840761	0.04042355955472804	9.999000099990002e-05
5850	-0.0024754811448118837	0.04042355955472804	9.999000099990002e-05
5851	-0.0044369643602142576	0.04042355955472804	9.999000099990002e-05
5852	-0.006614943235890608	0.04042355955472804	9.999000099990002e-05
5853	-0.00022296592907207897	0.04042355955472804	9.999000099990002e-05
5854	-0.0028470616398359586	0.04042355955472804	9.999000099990002e-05
5855	-0.003931349160369505	0.04042355955472804	9.999000099990002e-05
5856	-0.0016491052874589214	0.04042355955472804	9.999000099990002e-05
5857	-0.0019918888966498514	0.04042355955472804	9.999000099990002e-05
5858	-0.003925290396019458	0.04042355955472804	9.999000099990002e-05
5859	-0.003851311545223432	0.04042355955472804	9.999000099990002e-05
5860	-0.005318939504580951	0.04042355955472804	9.999000099990002e-05
5861	-0.0028928889850453068	0.04042355955472804	9.999000099990002e-05
5862	-0.00528019089382024	0.04042355955472804	9.999000099990002e-05
5863	-0.0051615303006523425	0.04042355955472804	9.999000099990002e-05
5864	-0.0006364486839884248	0.04042355955472804	9.999000099990002e-05
5865	-0.0036262566232081643	0.04042355955472804	9.999000099990002e-05
5866	-0.003609884605574301	0.04042355955472804	9.999000099990002e-05
5867	-0.0040704915064133885	0.04042355955472804	9.999000099990002e-05
5868	-0.005847204069293073	0.04042355955472804	9.999000099990002e-05
5869	-0.006319793440271589	0.04042355955472804	9.999000099990002e-05
5870	-0.0023625007249767405	0.04042355955472804	9.999000099990002e-05
5871	-0.0007526205139513811	0.04042355955472804	9.999000099990002e-05
5872	-0.0027906118936247394	0.04042355955472804	9.999000099990002e-05
5873	-0.0074650704520954165	0.04042355955472804	9.999000099990002e-05
5874	-0.003276905159109139	0.04042355955472804	9.999000099990002e-05
5875	-0.0022837051830686184	0.04042355955472804	9.999000099990002e-05
5876	0.000723535755826507	0.04042355955472804	9.999000099990002e-05
5877	-0.007676267280855006	0.04042355955472804	9.999000099990002e-05
5878	-0.004977710232638123	0.04042355955472804	9.999000099990002e-05
5879	-0.002256416082465808	0.04042355955472804	9.999000099990002e-05
5880	-0.005967466167290725	0.04042355955472804	9.999000099990002e-05
5881	-0.0021616678373384936	0.04042355955472804	9.999000099990002e-05
5882	0.003030860855624039	0.04042355955472804	9.999000099990002e-05
5883	0.000728265517778133	0.04042355955472804	9.999000099990002e-05
5884	-0.002269740924281491	0.04042355955472804	9.999000099990002e-05
5885	-0.0015731536506368104	0.04042355955472804	9.999000099990002e-05
5886	-0.004344389748062456	0.04042355955472804	9.999000099990002e-05
5887	-0.004092652594476125	0.04042355955472804	9.999000099990002e-05
5888	-0.0005948197729278015	0.04042355955472804	9.999000099990002e-05
5889	0.00019668898860125266	0.04042355955472804	9.999000099990002e-05
5890	-0.005466637149673695	0.04042355955472804	9.999000099990002e-05
5891	-0.0011835874757626652	0.04042355955472804	9.999000099990002e-05
5892	-0.008585036920253804	0.04042355955472804	9.999000099990002e-05
5893	-0.001410256714030765	0.04042355955472804	9.999000099990002e-05
5894	-0.006059224657167241	0.04042355955472804	9.999000099990002e-05
5895	-0.003940479549965252	0.04042355955472804	9.999000099990002e-05
5896	-0.005183237968214652	0.04042355955472804	9.999000099990002e-05
5897	-0.004119435586158392	0.04042355955472804	9.999000099990002e-05
5898	-0.0020195926949382924	0.04042355955472804	9.999000099990002e-05
5899	-0.008009577419773723	0.04042355955472804	9.999000099990002e-05
5900	-0.002005613489490914	0.04042355955472804	9.999000099990002e-05
5901	-0.004551984720246585	0.04042355955472804	9.999000099990002e-05
5902	-0.002627197383221051	0.04042355955472804	9.999000099990002e-05
5903	0.0003625570788873586	0.04042355955472804	9.999000099990002e-05
5904	-0.002808561716879307	0.04042355955472804	9.999000099990002e-05
5905	-0.0019314474688052294	0.04042355955472804	9.999000099990002e-05
5906	-0.0018162187596387866	0.04042355955472804	9.999000099990002e-05
5907	-0.0020450392205101945	0.04042355955472804	9.999000099990002e-05
5908	-0.006756757917827707	0.04042355955472804	9.999000099990002e-05
5909	-0.001761846579966389	0.04042355955472804	9.999000099990002e-05
5910	0.0005129488931543927	0.04042355955472804	9.999000099990002e-05
5911	-0.002260361096663216	0.04042355955472804	9.999000099990002e-05
5912	-0.0024300170977049145	0.04042355955472804	9.999000099990002e-05
5913	-0.004782913314250311	0.04042355955472804	9.999000099990002e-05
5914	-0.001489914507031799	0.04042355955472804	9.999000099990002e-05
5915	-0.0017508432218735896	0.04042355955472804	9.999000099990002e-05
5916	-0.001832623786885247	0.04042355955472804	9.999000099990002e-05
5917	-0.0028260381522803744	0.04042355955472804	9.999000099990002e-05
5918	-0.00146963948743475	0.04042355955472804	9.999000099990002e-05
5919	-0.0037247113130599516	0.04042355955472804	9.999000099990002e-05
5920	-0.004108022262527211	0.04042355955472804	9.999000099990002e-05
5921	-0.0038900195864777385	0.04042355955472804	9.999000099990002e-05
5922	0.001346822972498009	0.04042355955472804	9.999000099990002e-05
5923	-0.00234889660952714	0.04042355955472804	9.999000099990002e-05
5924	-0.005236591832116365	0.04042355955472804	9.999000099990002e-05
5925	-0.005561443565586853	0.04042355955472804	9.999000099990002e-05
5926	-0.0025065595411890005	0.04042355955472804	9.999000099990002e-05
5927	-0.001306056427948507	0.04042355955472804	9.999000099990002e-05
5928	-0.005370676378374258	0.04042355955472804	9.999000099990002e-05
5929	-0.0040945029217645396	0.04042355955472804	9.999000099990002e-05
5930	-0.005138278125627491	0.04042355955472804	9.999000099990002e-05
5931	-0.0012404045597141603	0.04042355955472804	9.999000099990002e-05
5932	-0.0019949244536999616	0.04042355955472804	9.999000099990002e-05
5933	-0.003972952467820347	0.04042355955472804	9.999000099990002e-05
5934	-0.007145404305623338	0.04042355955472804	9.999000099990002e-05
5935	-0.0019864256133999337	0.04042355955472804	9.999000099990002e-05
5936	-0.005842912531108796	0.04042355955472804	9.999000099990002e-05
5937	-0.0015999155784928443	0.04042355955472804	9.999000099990002e-05
5938	-0.007789516163483589	0.04042355955472804	9.999000099990002e-05
5939	-0.0039393070546811446	0.04042355955472804	9.999000099990002e-05
5940	-0.007105373783100376	0.04042355955472804	9.999000099990002e-05
5941	-0.0027043840335329596	0.04042355955472804	9.999000099990002e-05
5942	-0.0006279647134031632	0.04042355955472804	9.999000099990002e-05
5943	-0.0007098756433009737	0.04042355955472804	9.999000099990002e-05
5944	-0.006645544012412602	0.04042355955472804	9.999000099990002e-05
5945	-0.006963556965926085	0.04042355955472804	9.999000099990002e-05
5946	-0.0003994103877242944	0.04042355955472804	9.999000099990002e-05
5947	-0.0030179456715647953	0.04042355955472804	9.999000099990002e-05
5948	-0.0036557813940828895	0.04042355955472804	9.999000099990002e-05
5949	-0.004476102738323803	0.04042355955472804	9.999000099990002e-05
5950	-0.004677403743049903	0.04042355955472804	9.999000099990002e-05
5951	-0.00788315420069603	0.04042355955472804	9.999000099990002e-05
5952	-0.006307404370958713	0.04042355955472804	9.999000099990002e-05
5953	-0.00021856535913707397	0.04042355955472804	9.999000099990002e-05
5954	-0.0007046219595492689	0.04042355955472804	9.999000099990002e-05
5955	-0.004348678554682049	0.04042355955472804	9.999000099990002e-05
5956	-0.002427820611920685	0.04042355955472804	9.999000099990002e-05
5957	-0.006510288028870999	0.04042355955472804	9.999000099990002e-05
5958	-0.004635289979258671	0.04042355955472804	9.999000099990002e-05
5959	-0.003959365164958989	0.04042355955472804	9.999000099990002e-05
5960	-0.004738218625800772	0.04042355955472804	9.999000099990002e-05
5961	-0.0007498217951008079	0.04042355955472804	9.999000099990002e-05
5962	-0.007748546348201937	0.04042355955472804	9.999000099990002e-05
5963	0.00045065621467555025	0.04042355955472804	9.999000099990002e-05
5964	-0.005162918070164109	0.04042355955472804	9.999000099990002e-05
5965	-0.0021883707672447337	0.04042355955472804	9.999000099990002e-05
5966	-0.003444649565020852	0.04042355955472804	9.999000099990002e-05
5967	-0.005052280101696208	0.04042355955472804	9.999000099990002e-05
5968	-0.007790456552715421	0.04042355955472804	9.999000099990002e-05
5969	-0.002857941731263508	0.04042355955472804	9.999000099990002e-05
5970	-0.005109825378471229	0.04042355955472804	9.999000099990002e-05
5971	-0.006430794476005415	0.04042355955472804	9.999000099990002e-05
5972	-0.0043758176115912	0.04042355955472804	9.999000099990002e-05
5973	-0.005858185998068602	0.04042355955472804	9.999000099990002e-05
5974	-0.0016056698695629853	0.04042355955472804	9.999000099990002e-05
5975	-0.008476969527276624	0.04042355955472804	9.999000099990002e-05
5976	-0.006978673387153196	0.04042355955472804	9.999000099990002e-05
5977	-0.004000127304379521	0.04042355955472804	9.999000099990002e-05
5978	-2.333133269143417e-05	0.04042355955472804	9.999000099990002e-05
5979	-0.0032715768574744022	0.04042355955472804	9.999000099990002e-05
5980	-0.0010636195403500748	0.04042355955472804	9.999000099990002e-05
5981	-0.0018692865979403617	0.04042355955472804	9.999000099990002e-05
5982	-0.0068483683838295156	0.04042355955472804	9.999000099990002e-05
5983	-0.0024190210494330843	0.04042355955472804	9.999000099990002e-05
5984	-0.0008691299037523331	0.04042355955472804	9.999000099990002e-05
5985	0.0006846579343619125	0.04042355955472804	9.999000099990002e-05
5986	-0.004809279107518714	0.04042355955472804	9.999000099990002e-05
5987	-0.0007865103059475506	0.04042355955472804	9.999000099990002e-05
5988	-0.0025750459848694423	0.04042355955472804	9.999000099990002e-05
5989	0.0009562183029000179	0.04042355955472804	9.999000099990002e-05
5990	-0.002134589221106978	0.04042355955472804	9.999000099990002e-05
5991	-0.006732327303480119	0.04042355955472804	9.999000099990002e-05
5992	-0.0022625760301272155	0.04042355955472804	9.999000099990002e-05
5993	0.0013984286157684767	0.04042355955472804	9.999000099990002e-05
5994	-0.0019310592788388079	0.04042355955472804	9.999000099990002e-05
5995	-0.009010442166304856	0.04042355955472804	9.999000099990002e-05
5996	-0.0033055100467235033	0.04042355955472804	9.999000099990002e-05
5997	2.072255376794896e-05	0.04042355955472804	9.999000099990002e-05
5998	-0.0015938155136543037	0.04042355955472804	9.999000099990002e-05
5999	-0.004220684897513741	0.04042355955472804	9.999000099990002e-05
6000	-0.004303207120808621	0.04042355955472804	9.999000099990002e-05
6001	0.003384731289521467	0.04042355955472804	9.999000099990002e-05
6002	-0.0019267063766310918	0.04042355955472804	9.999000099990002e-05
6003	-0.003830753866391179	0.04042355955472804	9.999000099990002e-05
6004	-0.004771382013955901	0.04042355955472804	9.999000099990002e-05
6005	-0.0060925246812654574	0.04042355955472804	9.999000099990002e-05
6006	-0.005842823601365746	0.04042355955472804	9.999000099990002e-05
6007	-0.002283940559303954	0.04042355955472804	9.999000099990002e-05
6008	-0.005837284161323101	0.04042355955472804	9.999000099990002e-05
6009	-0.0029798379589760977	0.04042355955472804	9.999000099990002e-05
6010	-0.00022411114718213221	0.04042355955472804	9.999000099990002e-05
6011	0.0019022736847554456	0.04042355955472804	9.999000099990002e-05
6012	-0.0014067362273045669	0.04042355955472804	9.999000099990002e-05
6013	-0.001079718843952518	0.04042355955472804	9.999000099990002e-05
6014	-0.009738563161227797	0.04042355955472804	9.999000099990002e-05
6015	-0.00032990720565558295	0.04042355955472804	9.999000099990002e-05
6016	-0.0038556241857066824	0.04042355955472804	9.999000099990002e-05
6017	-3.0682935062459335e-05	0.04042355955472804	9.999000099990002e-05
6018	-0.004568017466005441	0.04042355955472804	9.999000099990002e-05
6019	-0.0011824270801559025	0.04042355955472804	9.999000099990002e-05
6020	-0.001443079118273867	0.04042355955472804	9.999000099990002e-05
6021	-0.000305338916600878	0.04042355955472804	9.999000099990002e-05
6022	-0.006352454662962234	0.04042355955472804	9.999000099990002e-05
6023	-0.0028661568735642877	0.04042355955472804	9.999000099990002e-05
6024	-0.003537578665017116	0.04042355955472804	9.999000099990002e-05
6025	-0.0027201177883776294	0.04042355955472804	9.999000099990002e-05
6026	-0.003054665249150669	0.04042355955472804	9.999000099990002e-05
6027	-0.0017940791393660656	0.04042355955472804	9.999000099990002e-05
6028	-0.005014988896110221	0.04042355955472804	9.999000099990002e-05
6029	-0.0013223113153194577	0.04042355955472804	9.999000099990002e-05
6030	0.0017298540520038375	0.04042355955472804	9.999000099990002e-05
6031	-0.004903827621406115	0.04042355955472804	9.999000099990002e-05
6032	-0.007276332490421358	0.04042355955472804	9.999000099990002e-05
6033	-0.008510519778088584	0.04042355955472804	9.999000099990002e-05
6034	-0.0017190913986211364	0.04042355955472804	9.999000099990002e-05
6035	-0.0020782609910512577	0.04042355955472804	9.999000099990002e-05
6036	-0.0015533250495011557	0.04042355955472804	9.999000099990002e-05
6037	-0.003802075957512563	0.04042355955472804	9.999000099990002e-05
6038	-0.0014125544215991062	0.04042355955472804	9.999000099990002e-05
6039	-0.002412257676050329	0.04042355955472804	9.999000099990002e-05
6040	-0.004529604145190947	0.04042355955472804	9.999000099990002e-05
6041	-0.005653296717644968	0.04042355955472804	9.999000099990002e-05
6042	-0.0036082654609923604	0.04042355955472804	9.999000099990002e-05
6043	-0.007347960522028761	0.04042355955472804	9.999000099990002e-05
6044	-0.0049979180211185805	0.04042355955472804	9.999000099990002e-05
6045	6.542751443959078e-05	0.04042355955472804	9.999000099990002e-05
6046	-0.0015043604253119416	0.04042355955472804	9.999000099990002e-05
6047	-0.008493346854148882	0.04042355955472804	9.999000099990002e-05
6048	-0.005572364668957332	0.04042355955472804	9.999000099990002e-05
6049	-0.0005063404495035187	0.04042355955472804	9.999000099990002e-05
6050	-0.004158840753497091	0.04042355955472804	9.999000099990002e-05
6051	-0.007196868119130557	0.04042355955472804	9.999000099990002e-05
6052	-0.0023120173892984845	0.04042355955472804	9.999000099990002e-05
6053	-0.001039301978154747	0.04042355955472804	9.999000099990002e-05
6054	-0.00306100992368262	0.04042355955472804	9.999000099990002e-05
6055	-0.00281340458869231	0.04042355955472804	9.999000099990002e-05
6056	-0.003831007305578865	0.04042355955472804	9.999000099990002e-05
6057	-0.003188735772094116	0.04042355955472804	9.999000099990002e-05
6058	-0.0016491955829843086	0.04042355955472804	9.999000099990002e-05
6059	-0.004708264056689175	0.04042355955472804	9.999000099990002e-05
6060	-0.005575985781140144	0.04042355955472804	9.999000099990002e-05
6061	-0.003486504984349792	0.04042355955472804	9.999000099990002e-05
6062	-0.0007697793953402698	0.04042355955472804	9.999000099990002e-05
6063	-0.00429633240731062	0.04042355955472804	9.999000099990002e-05
6064	-0.00576853625688827	0.04042355955472804	9.999000099990002e-05
6065	-0.004865611146375891	0.04042355955472804	9.999000099990002e-05
6066	-0.0038385968233861935	0.04042355955472804	9.999000099990002e-05
6067	-0.008358261516454258	0.04042355955472804	9.999000099990002e-05
6068	-0.0039307807640797205	0.04042355955472804	9.999000099990002e-05
6069	-0.005398252100904703	0.04042355955472804	9.999000099990002e-05
6070	-0.002737070225033135	0.04042355955472804	9.999000099990002e-05
6071	-0.0021189258906164758	0.04042355955472804	9.999000099990002e-05
6072	-0.014126676103296076	0.04042355955472804	9.999000099990002e-05
6073	-0.0028634438335100668	0.04042355955472804	9.999000099990002e-05
6074	-0.00358347781959934	0.04042355955472804	9.999000099990002e-05
6075	-0.008057201057305388	0.04042355955472804	9.999000099990002e-05
6076	-0.003247842272738062	0.04042355955472804	9.999000099990002e-05
6077	-0.0036519947529277856	0.04042355955472804	9.999000099990002e-05
6078	-0.0032869806700839845	0.04042355955472804	9.999000099990002e-05
6079	-0.004977533123370489	0.04042355955472804	9.999000099990002e-05
6080	-0.0023645350866263334	0.04042355955472804	9.999000099990002e-05
6081	-0.0026227183673651717	0.04042355955472804	9.999000099990002e-05
6082	-0.0014352881764259835	0.04042355955472804	9.999000099990002e-05
6083	-0.002057132088182692	0.04042355955472804	9.999000099990002e-05
6084	-0.0034650638559438037	0.04042355955472804	9.999000099990002e-05
6085	-0.0016612073116439973	0.04042355955472804	9.999000099990002e-05
6086	-0.005393698640293125	0.04042355955472804	9.999000099990002e-05
6087	-0.004918065498334094	0.04042355955472804	9.999000099990002e-05
6088	-0.002086524647479655	0.04042355955472804	9.999000099990002e-05
6089	-0.0029466560269593377	0.04042355955472804	9.999000099990002e-05
6090	-0.0015291027073421823	0.04042355955472804	9.999000099990002e-05
6091	-0.0059958904830906806	0.04042355955472804	9.999000099990002e-05
6092	-0.006818834225605743	0.04042355955472804	9.999000099990002e-05
6093	0.0035243120516964084	0.04042355955472804	9.999000099990002e-05
6094	-0.007564380160164625	0.04042355955472804	9.999000099990002e-05
6095	-0.0034497059220790134	0.04042355955472804	9.999000099990002e-05
6096	-0.005090687959381339	0.04042355955472804	9.999000099990002e-05
6097	-0.0016055459680974881	0.04042355955472804	9.999000099990002e-05
6098	-0.002957159951152327	0.04042355955472804	9.999000099990002e-05
6099	-0.004524711758959042	0.04042355955472804	9.999000099990002e-05
6100	0.002197125162733271	0.04042355955472804	9.999000099990002e-05
6101	-0.0028412629896943306	0.04042355955472804	9.999000099990002e-05
6102	-0.0010970770141447872	0.04042355955472804	9.999000099990002e-05
6103	-0.0014547954916935015	0.04042355955472804	9.999000099990002e-05
6104	-0.002579398560058842	0.04042355955472804	9.999000099990002e-05
6105	-0.0025417722568903582	0.04042355955472804	9.999000099990002e-05
6106	-0.002579202637620394	0.04042355955472804	9.999000099990002e-05
6107	-0.005390552531818983	0.04042355955472804	9.999000099990002e-05
6108	-0.0026320456219815574	0.04042355955472804	9.999000099990002e-05
6109	-0.00020683440454823953	0.04042355955472804	9.999000099990002e-05
6110	0.00045440688381692684	0.04042355955472804	9.999000099990002e-05
6111	-0.0015456120534284884	0.04042355955472804	9.999000099990002e-05
6112	-0.0038444650130089243	0.04042355955472804	9.999000099990002e-05
6113	-0.0072478489073624155	0.04042355955472804	9.999000099990002e-05
6114	-0.005157714766468012	0.04042355955472804	9.999000099990002e-05
6115	-0.007511126460046626	0.04042355955472804	9.999000099990002e-05
6116	0.0002999090661637366	0.04042355955472804	9.999000099990002e-05
6117	-0.0037448214192485644	0.04042355955472804	9.999000099990002e-05
6118	-0.003716324928584694	0.04042355955472804	9.999000099990002e-05
6119	-0.002397323346310945	0.04042355955472804	9.999000099990002e-05
6120	-0.0010394338627142021	0.04042355955472804	9.999000099990002e-05
6121	-0.0033498885277068414	0.04042355955472804	9.999000099990002e-05
6122	-0.0037623463110681376	0.04042355955472804	9.999000099990002e-05
6123	-0.0027193606255794004	0.04042355955472804	9.999000099990002e-05
6124	-0.002983826389662812	0.04042355955472804	9.999000099990002e-05
6125	-0.0070717929272221865	0.04042355955472804	9.999000099990002e-05
6126	-0.0056571993925898425	0.04042355955472804	9.999000099990002e-05
6127	-0.009195892382105223	0.04042355955472804	9.999000099990002e-05
6128	-0.00020235852422083588	0.04042355955472804	9.999000099990002e-05
6129	-0.001902085283738028	0.04042355955472804	9.999000099990002e-05
6130	-0.003052384623479759	0.04042355955472804	9.999000099990002e-05
6131	-0.002908953028379743	0.04042355955472804	9.999000099990002e-05
6132	-0.002553963787909612	0.04042355955472804	9.999000099990002e-05
6133	-0.00493256412427074	0.04042355955472804	9.999000099990002e-05
6134	0.0017150161541921879	0.04042355955472804	9.999000099990002e-05
6135	-0.00633154588188681	0.04042355955472804	9.999000099990002e-05
6136	-0.003933815609384103	0.04042355955472804	9.999000099990002e-05
6137	-0.0006582396065643467	0.04042355955472804	9.999000099990002e-05
6138	-0.005791882478530852	0.04042355955472804	9.999000099990002e-05
6139	-0.006884415631013184	0.04042355955472804	9.999000099990002e-05
6140	-0.003578078631937533	0.04042355955472804	9.999000099990002e-05
6141	0.0005542767934818796	0.04042355955472804	9.999000099990002e-05
6142	-0.0070906413967835496	0.04042355955472804	9.999000099990002e-05
6143	-0.006643032280980706	0.04042355955472804	9.999000099990002e-05
6144	-0.0023141651493550214	0.04042355955472804	9.999000099990002e-05
6145	-0.0030259991514038367	0.04042355955472804	9.999000099990002e-05
6146	-0.006494511742410089	0.04042355955472804	9.999000099990002e-05
6147	-0.006323476878296373	0.04042355955472804	9.999000099990002e-05
6148	-0.007150477783051674	0.04042355955472804	9.999000099990002e-05
6149	-0.004543900404504857	0.04042355955472804	9.999000099990002e-05
6150	-0.0021012572261601887	0.04042355955472804	9.999000099990002e-05
6151	-0.002908829492405289	0.04042355955472804	9.999000099990002e-05
6152	-0.0026052873490360062	0.04042355955472804	9.999000099990002e-05
6153	-0.004506848749446721	0.04042355955472804	9.999000099990002e-05
6154	-0.0024867177631392222	0.04042355955472804	9.999000099990002e-05
6155	0.0022422799659403345	0.04042355955472804	9.999000099990002e-05
6156	-0.0006210288859545554	0.04042355955472804	9.999000099990002e-05
6157	-0.003329385922604705	0.04042355955472804	9.999000099990002e-05
6158	-0.003085153319775072	0.04042355955472804	9.999000099990002e-05
6159	-0.0019327935723374532	0.04042355955472804	9.999000099990002e-05
6160	-0.0006469750185536096	0.04042355955472804	9.999000099990002e-05
6161	-0.0017104746778397266	0.04042355955472804	9.999000099990002e-05
6162	-0.006284426852838749	0.04042355955472804	9.999000099990002e-05
6163	-0.0001272744862027636	0.04042355955472804	9.999000099990002e-05
6164	-0.004158801145809236	0.04042355955472804	9.999000099990002e-05
6165	-0.0005946273899816127	0.04042355955472804	9.999000099990002e-05
6166	-0.0016456103081606444	0.04042355955472804	9.999000099990002e-05
6167	-0.00457595791292859	0.04042355955472804	9.999000099990002e-05
6168	-0.0008140666959251502	0.04042355955472804	9.999000099990002e-05
6169	-0.004031969403920995	0.04042355955472804	9.999000099990002e-05
6170	-0.0035113051293839516	0.04042355955472804	9.999000099990002e-05
6171	-0.00588381571160137	0.04042355955472804	9.999000099990002e-05
6172	-0.003948577331166668	0.04042355955472804	9.999000099990002e-05
6173	-0.001963304034097682	0.04042355955472804	9.999000099990002e-05
6174	-0.0012736039006466568	0.04042355955472804	9.999000099990002e-05
6175	-0.003750656426131349	0.04042355955472804	9.999000099990002e-05
6176	-0.000263370791374358	0.04042355955472804	9.999000099990002e-05
6177	-0.006931236130819975	0.04042355955472804	9.999000099990002e-05
6178	-0.002034678010953522	0.04042355955472804	9.999000099990002e-05
6179	-0.00738955902038686	0.04042355955472804	9.999000099990002e-05
6180	-0.0029610238840460422	0.04042355955472804	9.999000099990002e-05
6181	-0.00239380589893136	0.04042355955472804	9.999000099990002e-05
6182	-0.003195697164679766	0.04042355955472804	9.999000099990002e-05
6183	-0.0022006865075114234	0.04042355955472804	9.999000099990002e-05
6184	-0.0006375378280770644	0.04042355955472804	9.999000099990002e-05
6185	-0.007867155849568496	0.04042355955472804	9.999000099990002e-05
6186	-0.007217005906457012	0.04042355955472804	9.999000099990002e-05
6187	-0.004252207019260298	0.04042355955472804	9.999000099990002e-05
6188	-0.0037437120000249112	0.04042355955472804	9.999000099990002e-05
6189	-0.0011196155005698232	0.04042355955472804	9.999000099990002e-05
6190	-0.005220863174909998	0.04042355955472804	9.999000099990002e-05
6191	-0.002760608098639812	0.04042355955472804	9.999000099990002e-05
6192	-0.002912312429735338	0.04042355955472804	9.999000099990002e-05
6193	-0.004238553485573648	0.04042355955472804	9.999000099990002e-05
6194	0.0020926606843319484	0.04042355955472804	9.999000099990002e-05
6195	-0.003729222973037384	0.04042355955472804	9.999000099990002e-05
6196	-0.002927080672647664	0.04042355955472804	9.999000099990002e-05
6197	-0.007222864862621664	0.04042355955472804	9.999000099990002e-05
6198	-0.003501435062851188	0.04042355955472804	9.999000099990002e-05
6199	-0.007280520594638866	0.04042355955472804	9.999000099990002e-05
6200	-0.00311319706321152	0.04042355955472804	9.999000099990002e-05
6201	-0.0035611937726532845	0.04042355955472804	9.999000099990002e-05
6202	-0.0003644786961666174	0.04042355955472804	9.999000099990002e-05
6203	-0.005326819145335432	0.04042355955472804	9.999000099990002e-05
6204	-0.00624606035335123	0.04042355955472804	9.999000099990002e-05
6205	-0.005828113490766525	0.04042355955472804	9.999000099990002e-05
6206	0.001037562067635786	0.04042355955472804	9.999000099990002e-05
6207	-0.007362893601404038	0.04042355955472804	9.999000099990002e-05
6208	-0.0068226483940077316	0.04042355955472804	9.999000099990002e-05
6209	-0.00164120844938878	0.04042355955472804	9.999000099990002e-05
6210	-0.006805778135129055	0.04042355955472804	9.999000099990002e-05
6211	-0.0043992028638305	0.04042355955472804	9.999000099990002e-05
6212	-0.004875260802569924	0.04042355955472804	9.999000099990002e-05
6213	-0.002143992190079544	0.04042355955472804	9.999000099990002e-05
6214	-0.0006709102194029176	0.04042355955472804	9.999000099990002e-05
6215	-0.00293655868270343	0.04042355955472804	9.999000099990002e-05
6216	-0.005474163495238717	0.04042355955472804	9.999000099990002e-05
6217	-0.002978547871756179	0.04042355955472804	9.999000099990002e-05
6218	-0.004972690828648617	0.04042355955472804	9.999000099990002e-05
6219	-0.0031267425654387337	0.04042355955472804	9.999000099990002e-05
6220	-0.0027169539247330703	0.04042355955472804	9.999000099990002e-05
6221	-0.0013233764331807493	0.04042355955472804	9.999000099990002e-05
6222	-0.00529577491275318	0.04042355955472804	9.999000099990002e-05
6223	-0.004512471194430143	0.04042355955472804	9.999000099990002e-05
6224	-0.0021093566616895085	0.04042355955472804	9.999000099990002e-05
6225	-0.005113287598229722	0.04042355955472804	9.999000099990002e-05
6226	-0.005163010616344911	0.04042355955472804	9.999000099990002e-05
6227	-0.007184343452638628	0.04042355955472804	9.999000099990002e-05
6228	0.0003672956703332647	0.04042355955472804	9.999000099990002e-05
6229	-0.004748788011364214	0.04042355955472804	9.999000099990002e-05
6230	-0.0009024755565225307	0.04042355955472804	9.999000099990002e-05
6231	-0.0034685252870110816	0.04042355955472804	9.999000099990002e-05
6232	-0.002560769789090464	0.04042355955472804	9.999000099990002e-05
6233	-0.0029809163114606157	0.04042355955472804	9.999000099990002e-05
6234	-0.002000834501665946	0.04042355955472804	9.999000099990002e-05
6235	-0.0039267988352864	0.04042355955472804	9.999000099990002e-05
6236	0.0005564908997819362	0.04042355955472804	9.999000099990002e-05
6237	-0.0015794803006891553	0.04042355955472804	9.999000099990002e-05
6238	-0.00229206175116886	0.04042355955472804	9.999000099990002e-05
6239	-0.0009588234846221302	0.04042355955472804	9.999000099990002e-05
6240	-0.0010185214652010319	0.04042355955472804	9.999000099990002e-05
6241	-0.004824761481467391	0.04042355955472804	9.999000099990002e-05
6242	-0.006406751705369565	0.04042355955472804	9.999000099990002e-05
6243	-0.0065256272842195585	0.04042355955472804	9.999000099990002e-05
6244	0.0011903591207849562	0.04042355955472804	9.999000099990002e-05
6245	-0.0001004611587634624	0.04042355955472804	9.999000099990002e-05
6246	-0.0006026164856869811	0.04042355955472804	9.999000099990002e-05
6247	-0.006803737944859052	0.04042355955472804	9.999000099990002e-05
6248	-0.009801719206509062	0.04042355955472804	9.999000099990002e-05
6249	0.0002748132388712077	0.04042355955472804	9.999000099990002e-05
6250	-0.0004074861625173107	0.04042355955472804	9.999000099990002e-05
6251	-0.0019445189291423276	0.04042355955472804	9.999000099990002e-05
6252	-0.0023144210315618266	0.04042355955472804	9.999000099990002e-05
6253	-0.0029219629900388107	0.04042355955472804	9.999000099990002e-05
6254	-0.001999665757474177	0.04042355955472804	9.999000099990002e-05
6255	-0.004883041799214015	0.04042355955472804	9.999000099990002e-05
6256	-0.001712361881251305	0.04042355955472804	9.999000099990002e-05
6257	-0.001548273309172024	0.04042355955472804	9.999000099990002e-05
6258	-0.0017728641345009788	0.04042355955472804	9.999000099990002e-05
6259	-0.0023140258780291094	0.04042355955472804	9.999000099990002e-05
6260	-0.0014376641375514767	0.04042355955472804	9.999000099990002e-05
6261	-0.005881816283201477	0.04042355955472804	9.999000099990002e-05
6262	-0.0015862629873883705	0.04042355955472804	9.999000099990002e-05
6263	-0.002569479460016455	0.04042355955472804	9.999000099990002e-05
6264	0.0008637306391450523	0.04042355955472804	9.999000099990002e-05
6265	-0.004659778899046704	0.04042355955472804	9.999000099990002e-05
6266	-0.003282326987979596	0.04042355955472804	9.999000099990002e-05
6267	-0.0015668197869453434	0.04042355955472804	9.999000099990002e-05
6268	-0.005800424350592771	0.04042355955472804	9.999000099990002e-05
6269	-0.0028517124941938145	0.04042355955472804	9.999000099990002e-05
6270	0.001665485038113923	0.04042355955472804	9.999000099990002e-05
6271	-0.001217455876914303	0.04042355955472804	9.999000099990002e-05
6272	-0.005179925888331677	0.04042355955472804	9.999000099990002e-05
6273	-0.004257480689601449	0.04042355955472804	9.999000099990002e-05
6274	-0.0005007579776989928	0.04042355955472804	9.999000099990002e-05
6275	-0.00017269654031189103	0.04042355955472804	9.999000099990002e-05
6276	-0.005237062411459699	0.04042355955472804	9.999000099990002e-05
6277	-0.0037135742237160902	0.04042355955472804	9.999000099990002e-05
6278	-0.0037033149284528776	0.04042355955472804	9.999000099990002e-05
6279	-0.005007139244858104	0.04042355955472804	9.999000099990002e-05
6280	-0.003933674529839316	0.04042355955472804	9.999000099990002e-05
6281	-0.006026071925961632	0.04042355955472804	9.999000099990002e-05
6282	-0.0034867141991205886	0.04042355955472804	9.999000099990002e-05
6283	-0.005447614552482195	0.04042355955472804	9.999000099990002e-05
6284	-0.004201493539639611	0.04042355955472804	9.999000099990002e-05
6285	-0.008517874766060907	0.04042355955472804	9.999000099990002e-05
6286	-0.006253847890361449	0.04042355955472804	9.999000099990002e-05
6287	0.0009869436541604909	0.04042355955472804	9.999000099990002e-05
6288	-0.0037601263376749335	0.04042355955472804	9.999000099990002e-05
6289	-0.0052115356317480625	0.04042355955472804	9.999000099990002e-05
6290	-0.004294489024352135	0.04042355955472804	9.999000099990002e-05
6291	-0.003427686240579364	0.04042355955472804	9.999000099990002e-05
6292	-0.005049862416882043	0.04042355955472804	9.999000099990002e-05
6293	-0.00013849738899759101	0.04042355955472804	9.999000099990002e-05
6294	-0.007327434987172421	0.04042355955472804	9.999000099990002e-05
6295	-0.000777990825021456	0.04042355955472804	9.999000099990002e-05
6296	0.00033640748319242465	0.04042355955472804	9.999000099990002e-05
6297	-0.00482681629137934	0.04042355955472804	9.999000099990002e-05
6298	-0.006276434929386843	0.04042355955472804	9.999000099990002e-05
6299	-0.0014674087609101729	0.04042355955472804	9.999000099990002e-05
6300	-0.00235502574052224	0.04042355955472804	9.999000099990002e-05
6301	-0.003993201883807605	0.04042355955472804	9.999000099990002e-05
6302	-0.004886744800628094	0.04042355955472804	9.999000099990002e-05
6303	-0.002836028715440958	0.04042355955472804	9.999000099990002e-05
6304	0.001488888208167155	0.04042355955472804	9.999000099990002e-05
6305	-0.007783368873354278	0.04042355955472804	9.999000099990002e-05
6306	-0.003002418746180918	0.04042355955472804	9.999000099990002e-05
6307	-0.0025625479030422075	0.04042355955472804	9.999000099990002e-05
6308	-0.003995673007260355	0.04042355955472804	9.999000099990002e-05
6309	-0.0007238236281182462	0.04042355955472804	9.999000099990002e-05
6310	-0.0048665821406739624	0.04042355955472804	9.999000099990002e-05
6311	-0.003476729810835082	0.04042355955472804	9.999000099990002e-05
6312	-0.008261131404635556	0.04042355955472804	9.999000099990002e-05
6313	-0.001949537313604173	0.04042355955472804	9.999000099990002e-05
6314	-0.0009753020717512398	0.04042355955472804	9.999000099990002e-05
6315	-0.0026321819886154438	0.04042355955472804	9.999000099990002e-05
6316	-0.004847031947535529	0.04042355955472804	9.999000099990002e-05
6317	0.0008847609556123473	0.04042355955472804	9.999000099990002e-05
6318	-0.0008678761155644588	0.04042355955472804	9.999000099990002e-05
6319	-0.005765421965371739	0.04042355955472804	9.999000099990002e-05
6320	-0.0029991935954584116	0.04042355955472804	9.999000099990002e-05
6321	-0.004737219623346551	0.04042355955472804	9.999000099990002e-05
6322	-0.0021683060588916377	0.04042355955472804	9.999000099990002e-05
6323	-0.0023633374878780965	0.04042355955472804	9.999000099990002e-05
6324	-0.0011371603212697284	0.04042355955472804	9.999000099990002e-05
6325	-0.005312388943170367	0.04042355955472804	9.999000099990002e-05
6326	-0.0057278437531307	0.04042355955472804	9.999000099990002e-05
6327	-0.001700481094568894	0.04042355955472804	9.999000099990002e-05
6328	-0.004472336430012823	0.04042355955472804	9.999000099990002e-05
6329	-0.006434657427844208	0.04042355955472804	9.999000099990002e-05
6330	-0.006914743616558283	0.04042355955472804	9.999000099990002e-05
6331	-0.0002601606065484735	0.04042355955472804	9.999000099990002e-05
6332	-0.002480169933293323	0.04042355955472804	9.999000099990002e-05
6333	-0.0005451594653820294	0.04042355955472804	9.999000099990002e-05
6334	0.001361664582929266	0.04042355955472804	9.999000099990002e-05
6335	-0.007432790840532315	0.04042355955472804	9.999000099990002e-05
6336	-0.0018729345063879424	0.04042355955472804	9.999000099990002e-05
6337	-0.005662198213662395	0.04042355955472804	9.999000099990002e-05
6338	-0.001179296341542181	0.04042355955472804	9.999000099990002e-05
6339	-0.0008478610947576113	0.04042355955472804	9.999000099990002e-05
6340	-0.0048268377591693555	0.04042355955472804	9.999000099990002e-05
6341	-0.0038107004113151085	0.04042355955472804	9.999000099990002e-05
6342	-0.0030506809158109744	0.04042355955472804	9.999000099990002e-05
6343	-0.0031909055770317995	0.04042355955472804	9.999000099990002e-05
6344	-0.005334458042907069	0.04042355955472804	9.999000099990002e-05
6345	-0.007578276456853074	0.04042355955472804	9.999000099990002e-05
6346	-0.0022329510377596742	0.04042355955472804	9.999000099990002e-05
6347	-0.002268327897414614	0.04042355955472804	9.999000099990002e-05
6348	0.00012544758881422036	0.04042355955472804	9.999000099990002e-05
6349	-0.004271915181477232	0.04042355955472804	9.999000099990002e-05
6350	-0.005666737708668643	0.04042355955472804	9.999000099990002e-05
6351	-0.005947741846522164	0.04042355955472804	9.999000099990002e-05
6352	0.0009029697773658141	0.04042355955472804	9.999000099990002e-05
6353	-0.007170620475652732	0.04042355955472804	9.999000099990002e-05
6354	-0.0035608884145003168	0.04042355955472804	9.999000099990002e-05
6355	-0.0029454001997161333	0.04042355955472804	9.999000099990002e-05
6356	-0.0034594495094725604	0.04042355955472804	9.999000099990002e-05
6357	0.00017357414202884419	0.04042355955472804	9.999000099990002e-05
6358	-0.001570832455459499	0.04042355955472804	9.999000099990002e-05
6359	-0.00272716318619535	0.04042355955472804	9.999000099990002e-05
6360	-0.002299254037915409	0.04042355955472804	9.999000099990002e-05
6361	-0.0026098426755755675	0.04042355955472804	9.999000099990002e-05
6362	-0.004716309514961536	0.04042355955472804	9.999000099990002e-05
6363	-0.004624868752224539	0.04042355955472804	9.999000099990002e-05
6364	-0.0030850685258517864	0.04042355955472804	9.999000099990002e-05
6365	-0.007074940189878589	0.04042355955472804	9.999000099990002e-05
6366	-0.00223118446563052	0.04042355955472804	9.999000099990002e-05
6367	-0.002711009424426661	0.04042355955472804	9.999000099990002e-05
6368	-0.006232848505978704	0.04042355955472804	9.999000099990002e-05
6369	-0.00024110676949049974	0.04042355955472804	9.999000099990002e-05
6370	0.0007685057936902898	0.04042355955472804	9.999000099990002e-05
6371	0.0006537628028911446	0.04042355955472804	9.999000099990002e-05
6372	-0.0030747787217041992	0.04042355955472804	9.999000099990002e-05
6373	-0.001231676075617341	0.04042355955472804	9.999000099990002e-05
6374	-0.00411961761993699	0.04042355955472804	9.999000099990002e-05
6375	-0.003940565517307168	0.04042355955472804	9.999000099990002e-05
6376	-0.0005854002991489401	0.04042355955472804	9.999000099990002e-05
6377	-0.00866390808033626	0.04042355955472804	9.999000099990002e-05
6378	-0.0032177844043142986	0.04042355955472804	9.999000099990002e-05
6379	-0.0006797525443432067	0.04042355955472804	9.999000099990002e-05
6380	-0.005651461510144155	0.04042355955472804	9.999000099990002e-05
6381	-0.0037596132844244607	0.04042355955472804	9.999000099990002e-05
6382	-0.003985172988050674	0.04042355955472804	9.999000099990002e-05
6383	-0.0049496261505317385	0.04042355955472804	9.999000099990002e-05
6384	-0.0012973371773097695	0.04042355955472804	9.999000099990002e-05
6385	-0.008170885162827445	0.04042355955472804	9.999000099990002e-05
6386	-0.002935289524655137	0.04042355955472804	9.999000099990002e-05
6387	-0.003658391923516148	0.04042355955472804	9.999000099990002e-05
6388	-0.0020635536504894593	0.04042355955472804	9.999000099990002e-05
6389	-0.006473085983864516	0.04042355955472804	9.999000099990002e-05
6390	-0.0009618832794996799	0.04042355955472804	9.999000099990002e-05
6391	0.00038579394176089935	0.04042355955472804	9.999000099990002e-05
6392	-0.0032582539200594492	0.04042355955472804	9.999000099990002e-05
6393	0.002516180169699238	0.04042355955472804	9.999000099990002e-05
6394	-0.006781681656545434	0.04042355955472804	9.999000099990002e-05
6395	3.196086489592187e-05	0.04042355955472804	9.999000099990002e-05
6396	-0.004390311851635251	0.04042355955472804	9.999000099990002e-05
6397	-0.006993528559225996	0.04042355955472804	9.999000099990002e-05
6398	-0.0030135935003391774	0.04042355955472804	9.999000099990002e-05
6399	-0.0006466883004441176	0.04042355955472804	9.999000099990002e-05
6400	-0.004066575904627212	0.04042355955472804	9.999000099990002e-05
6401	-0.009034699634077234	0.04042355955472804	9.999000099990002e-05
6402	-0.00013905320470074812	0.04042355955472804	9.999000099990002e-05
6403	-0.002887589230185103	0.04042355955472804	9.999000099990002e-05
6404	-0.007335567855514516	0.04042355955472804	9.999000099990002e-05
6405	-0.003622031604394736	0.04042355955472804	9.999000099990002e-05
6406	-0.007033139901988885	0.04042355955472804	9.999000099990002e-05
6407	-0.0031698738370730603	0.04042355955472804	9.999000099990002e-05
6408	-0.005430267577857836	0.04042355955472804	9.999000099990002e-05
6409	-0.0038365964908768646	0.04042355955472804	9.999000099990002e-05
6410	-0.00015093549182009503	0.04042355955472804	9.999000099990002e-05
6411	-0.004596971185971188	0.04042355955472804	9.999000099990002e-05
6412	-0.00475326681562001	0.04042355955472804	9.999000099990002e-05
6413	-0.0001616826406877922	0.04042355955472804	9.999000099990002e-05
6414	-0.003929704662250606	0.04042355955472804	9.999000099990002e-05
6415	-0.004203596709788207	0.04042355955472804	9.999000099990002e-05
6416	-0.008274917765463845	0.04042355955472804	9.999000099990002e-05
6417	-0.004363195147389193	0.04042355955472804	9.999000099990002e-05
6418	-0.0038919929880676927	0.04042355955472804	9.999000099990002e-05
6419	-0.006348000154242988	0.04042355955472804	9.999000099990002e-05
6420	-0.0018256976160948679	0.04042355955472804	9.999000099990002e-05
6421	-0.003934254506424431	0.04042355955472804	9.999000099990002e-05
6422	-0.004469009403469592	0.04042355955472804	9.999000099990002e-05
6423	-0.003226051292453025	0.04042355955472804	9.999000099990002e-05
6424	-0.004028556410035846	0.04042355955472804	9.999000099990002e-05
6425	-0.002297875078661543	0.04042355955472804	9.999000099990002e-05
6426	-0.00475630445019818	0.04042355955472804	9.999000099990002e-05
6427	-0.002022560232180609	0.04042355955472804	9.999000099990002e-05
6428	-0.0024003406288086214	0.04042355955472804	9.999000099990002e-05
6429	-0.004074619189189642	0.04042355955472804	9.999000099990002e-05
6430	-0.003935253989787929	0.04042355955472804	9.999000099990002e-05
6431	-0.003140392925124168	0.04042355955472804	9.999000099990002e-05
6432	-0.005935068559828026	0.04042355955472804	9.999000099990002e-05
6433	-0.004033799571492613	0.04042355955472804	9.999000099990002e-05
6434	0.001903615902540734	0.04042355955472804	9.999000099990002e-05
6435	0.002584222387864586	0.04042355955472804	9.999000099990002e-05
6436	0.00040438874129813116	0.04042355955472804	9.999000099990002e-05
6437	-0.0077922107558580315	0.04042355955472804	9.999000099990002e-05
6438	-0.00448683946107842	0.04042355955472804	9.999000099990002e-05
6439	-0.001220562993264457	0.04042355955472804	9.999000099990002e-05
6440	-0.007004017613704219	0.04042355955472804	9.999000099990002e-05
6441	-0.0026024024127706867	0.04042355955472804	9.999000099990002e-05
6442	-0.005491434409252205	0.04042355955472804	9.999000099990002e-05
6443	-0.002075848249984441	0.04042355955472804	9.999000099990002e-05
6444	-0.0024438254841779765	0.04042355955472804	9.999000099990002e-05
6445	-0.008446248234890428	0.04042355955472804	9.999000099990002e-05
6446	-0.006663445879394309	0.04042355955472804	9.999000099990002e-05
6447	-0.0019189106256904647	0.04042355955472804	9.999000099990002e-05
6448	-0.00045926583723605586	0.04042355955472804	9.999000099990002e-05
6449	-0.0024001170444686915	0.04042355955472804	9.999000099990002e-05
6450	-0.011172563654980237	0.04042355955472804	9.999000099990002e-05
6451	0.0008744522036393393	0.04042355955472804	9.999000099990002e-05
6452	-0.002545206718565525	0.04042355955472804	9.999000099990002e-05
6453	-0.007141504823916044	0.04042355955472804	9.999000099990002e-05
6454	-0.0009560454833431057	0.04042355955472804	9.999000099990002e-05
6455	-0.003518988039772385	0.04042355955472804	9.999000099990002e-05
6456	-0.0026768642118965916	0.04042355955472804	9.999000099990002e-05
6457	-0.0017316192775870224	0.04042355955472804	9.999000099990002e-05
6458	-0.0032558634739465963	0.04042355955472804	9.999000099990002e-05
6459	-0.006827818168709201	0.04042355955472804	9.999000099990002e-05
6460	-0.0026997577055481075	0.04042355955472804	9.999000099990002e-05
6461	-0.0052427620904726135	0.04042355955472804	9.999000099990002e-05
6462	-0.0010080727878655077	0.04042355955472804	9.999000099990002e-05
6463	-0.003927080494230321	0.04042355955472804	9.999000099990002e-05
6464	-0.007672821084993541	0.04042355955472804	9.999000099990002e-05
6465	-0.0035099558518505063	0.04042355955472804	9.999000099990002e-05
6466	-0.0025492341606125845	0.04042355955472804	9.999000099990002e-05
6467	-0.0076159140132985885	0.04042355955472804	9.999000099990002e-05
6468	-0.005231542534806349	0.04042355955472804	9.999000099990002e-05
6469	-0.0001502823977888798	0.04042355955472804	9.999000099990002e-05
6470	-0.005881287610017771	0.04042355955472804	9.999000099990002e-05
6471	-0.0034870847685711916	0.04042355955472804	9.999000099990002e-05
6472	-0.0065529356789024605	0.04042355955472804	9.999000099990002e-05
6473	-0.006260436616732057	0.04042355955472804	9.999000099990002e-05
6474	-0.003615822238496269	0.04042355955472804	9.999000099990002e-05
6475	-0.00749465979946753	0.04042355955472804	9.999000099990002e-05
6476	-0.002101602826801248	0.04042355955472804	9.999000099990002e-05
6477	-0.005383101689010067	0.04042355955472804	9.999000099990002e-05
6478	-0.0030914956859425134	0.04042355955472804	9.999000099990002e-05
6479	-0.007982177209892121	0.04042355955472804	9.999000099990002e-05
6480	-0.006275911219186854	0.04042355955472804	9.999000099990002e-05
6481	-0.004609543924154203	0.04042355955472804	9.999000099990002e-05
6482	-0.008518757042215995	0.04042355955472804	9.999000099990002e-05
6483	-0.006508571298179051	0.04042355955472804	9.999000099990002e-05
6484	-0.0001881206857656026	0.04042355955472804	9.999000099990002e-05
6485	-0.0022320748787705486	0.04042355955472804	9.999000099990002e-05
6486	-0.0034749792048938493	0.04042355955472804	9.999000099990002e-05
6487	-0.0032683723666143264	0.04042355955472804	9.999000099990002e-05
6488	-0.005029064379594367	0.04042355955472804	9.999000099990002e-05
6489	0.0005371115640905713	0.04042355955472804	9.999000099990002e-05
6490	0.0015524985780582812	0.04042355955472804	9.999000099990002e-05
6491	-0.0020843684618926258	0.04042355955472804	9.999000099990002e-05
6492	-0.003248627462928813	0.04042355955472804	9.999000099990002e-05
6493	-0.001161341189812852	0.04042355955472804	9.999000099990002e-05
6494	0.00020079962795281349	0.04042355955472804	9.999000099990002e-05
6495	-0.0064500617021266944	0.04042355955472804	9.999000099990002e-05
6496	-0.0007579037640052827	0.04042355955472804	9.999000099990002e-05
6497	-0.004160169217277118	0.04042355955472804	9.999000099990002e-05
6498	-0.004153931997113473	0.04042355955472804	9.999000099990002e-05
6499	-0.004874354654078443	0.04042355955472804	9.999000099990002e-05
6500	-0.0069434299317310145	0.04042355955472804	9.999000099990002e-05
6501	-0.0030326132120750277	0.04042355955472804	9.999000099990002e-05
6502	-0.005806382701086288	0.04042355955472804	9.999000099990002e-05
6503	-0.002308041500725648	0.04042355955472804	9.999000099990002e-05
6504	0.00024092815978593308	0.04042355955472804	9.999000099990002e-05
6505	-0.0001818783487272699	0.04042355955472804	9.999000099990002e-05
6506	-0.0032955779428943304	0.04042355955472804	9.999000099990002e-05
6507	-0.0011923849030130856	0.04042355955472804	9.999000099990002e-05
6508	-0.007409845870352055	0.04042355955472804	9.999000099990002e-05
6509	-0.004573530513747084	0.04042355955472804	9.999000099990002e-05
6510	-0.006199213826734504	0.04042355955472804	9.999000099990002e-05
6511	-0.007869363646338869	0.04042355955472804	9.999000099990002e-05
6512	-0.00576092305910827	0.04042355955472804	9.999000099990002e-05
6513	-0.004042411887145073	0.04042355955472804	9.999000099990002e-05
6514	-0.001517898983209237	0.04042355955472804	9.999000099990002e-05
6515	-0.00417187104800029	0.04042355955472804	9.999000099990002e-05
6516	-0.0051349730477835516	0.04042355955472804	9.999000099990002e-05
6517	-0.0036533394522049304	0.04042355955472804	9.999000099990002e-05
6518	-0.007087980852785747	0.04042355955472804	9.999000099990002e-05
6519	0.001299926123534792	0.04042355955472804	9.999000099990002e-05
6520	-0.00806911114098081	0.04042355955472804	9.999000099990002e-05
6521	-0.00021554088223665196	0.04042355955472804	9.999000099990002e-05
6522	-0.002580158646785466	0.04042355955472804	9.999000099990002e-05
6523	0.0007459443198019292	0.04042355955472804	9.999000099990002e-05
6524	-0.003667153801952988	0.04042355955472804	9.999000099990002e-05
6525	-0.007908766620731282	0.04042355955472804	9.999000099990002e-05
6526	-0.0054818997865566325	0.04042355955472804	9.999000099990002e-05
6527	-0.0037037495550188483	0.04042355955472804	9.999000099990002e-05
6528	-0.007892040653871352	0.04042355955472804	9.999000099990002e-05
6529	-0.0029862995521708876	0.04042355955472804	9.999000099990002e-05
6530	-0.007391714494228162	0.04042355955472804	9.999000099990002e-05
6531	-0.007618479125659955	0.04042355955472804	9.999000099990002e-05
6532	-0.004070396613395333	0.04042355955472804	9.999000099990002e-05
6533	-0.0015902572274591243	0.04042355955472804	9.999000099990002e-05
6534	-0.0038013382234490245	0.04042355955472804	9.999000099990002e-05
6535	-0.007667062542685413	0.04042355955472804	9.999000099990002e-05
6536	-0.002542313933860846	0.04042355955472804	9.999000099990002e-05
6537	-0.0010910271562345072	0.04042355955472804	9.999000099990002e-05
6538	-0.00202200233894938	0.04042355955472804	9.999000099990002e-05
6539	-0.002108417599767272	0.04042355955472804	9.999000099990002e-05
6540	-0.004952811328075344	0.04042355955472804	9.999000099990002e-05
6541	-0.0024472951484120404	0.04042355955472804	9.999000099990002e-05
6542	-0.0005187287878342967	0.04042355955472804	9.999000099990002e-05
6543	-0.009151550527172238	0.04042355955472804	9.999000099990002e-05
6544	-0.004131604322078032	0.04042355955472804	9.999000099990002e-05
6545	-0.0027319561203892812	0.04042355955472804	9.999000099990002e-05
6546	-0.002022718008895405	0.04042355955472804	9.999000099990002e-05
6547	-0.006216189674053492	0.04042355955472804	9.999000099990002e-05
6548	-0.004388411952218829	0.04042355955472804	9.999000099990002e-05
6549	-0.004183233510666584	0.04042355955472804	9.999000099990002e-05
6550	-0.0022138415691168147	0.04042355955472804	9.999000099990002e-05
6551	-0.008358308607090421	0.04042355955472804	9.999000099990002e-05
6552	-0.002539151666835078	0.04042355955472804	9.999000099990002e-05
6553	-0.0018576585771726453	0.04042355955472804	9.999000099990002e-05
6554	0.0002861504634187759	0.04042355955472804	9.999000099990002e-05
6555	0.000573063899019817	0.04042355955472804	9.999000099990002e-05
6556	-0.0074645430100394525	0.04042355955472804	9.999000099990002e-05
6557	-0.004381151972682793	0.04042355955472804	9.999000099990002e-05
6558	-0.004008963223608266	0.04042355955472804	9.999000099990002e-05
6559	-0.0057425213157902165	0.04042355955472804	9.999000099990002e-05
6560	-0.002573493340421981	0.04042355955472804	9.999000099990002e-05
6561	-0.005977133559418817	0.04042355955472804	9.999000099990002e-05
6562	-0.0037929483571906147	0.04042355955472804	9.999000099990002e-05
6563	-0.0038307845099301518	0.04042355955472804	9.999000099990002e-05
6564	-0.0073490444338245005	0.04042355955472804	9.999000099990002e-05
6565	4.5302365408879385e-05	0.04042355955472804	9.999000099990002e-05
6566	-0.0025356394132756573	0.04042355955472804	9.999000099990002e-05
6567	-0.002845936908461001	0.04042355955472804	9.999000099990002e-05
6568	-0.0021828534875014682	0.04042355955472804	9.999000099990002e-05
6569	-0.00300226654801371	0.04042355955472804	9.999000099990002e-05
6570	0.0005915800025633564	0.04042355955472804	9.999000099990002e-05
6571	-0.006993170454943789	0.04042355955472804	9.999000099990002e-05
6572	-0.003882691875679481	0.04042355955472804	9.999000099990002e-05
6573	-0.0050150247911784785	0.04042355955472804	9.999000099990002e-05
6574	-0.004256618303853941	0.04042355955472804	9.999000099990002e-05
6575	0.0016497771177154813	0.04042355955472804	9.999000099990002e-05
6576	0.0011384697025697554	0.04042355955472804	9.999000099990002e-05
6577	-0.006741927079764206	0.04042355955472804	9.999000099990002e-05
6578	-0.0021536892446916795	0.04042355955472804	9.999000099990002e-05
6579	-0.007374566731461698	0.04042355955472804	9.999000099990002e-05
6580	-0.0076716615742598426	0.04042355955472804	9.999000099990002e-05
6581	-0.0067412829691182365	0.04042355955472804	9.999000099990002e-05
6582	-0.009304218888999533	0.04042355955472804	9.999000099990002e-05
6583	-0.00430560149114115	0.04042355955472804	9.999000099990002e-05
6584	0.001526780050200688	0.04042355955472804	9.999000099990002e-05
6585	-0.009018864657448462	0.04042355955472804	9.999000099990002e-05
6586	-0.006619924474920087	0.04042355955472804	9.999000099990002e-05
6587	-0.0020645502099245665	0.04042355955472804	9.999000099990002e-05
6588	-0.002501216023584815	0.04042355955472804	9.999000099990002e-05
6589	-0.0014697272437591753	0.04042355955472804	9.999000099990002e-05
6590	-0.006898447351753352	0.04042355955472804	9.999000099990002e-05
6591	-0.0029163747665593627	0.04042355955472804	9.999000099990002e-05
6592	0.0005802048438922069	0.04042355955472804	9.999000099990002e-05
6593	-0.0007923554311614608	0.04042355955472804	9.999000099990002e-05
6594	-0.001932390647310858	0.04042355955472804	9.999000099990002e-05
6595	-0.0013351154285726515	0.04042355955472804	9.999000099990002e-05
6596	-0.00329583399822847	0.04042355955472804	9.999000099990002e-05
6597	-0.0070683579654013725	0.04042355955472804	9.999000099990002e-05
6598	-0.004301151195187154	0.04042355955472804	9.999000099990002e-05
6599	-0.0028101354251529945	0.04042355955472804	9.999000099990002e-05
6600	-0.004238360910263743	0.04042355955472804	9.999000099990002e-05
6601	-0.0028856644196682533	0.04042355955472804	9.999000099990002e-05
6602	-0.004233922098423224	0.04042355955472804	9.999000099990002e-05
6603	-0.002965727311405797	0.04042355955472804	9.999000099990002e-05
6604	-0.001658388433076638	0.04042355955472804	9.999000099990002e-05
6605	-0.0017480020098795137	0.04042355955472804	9.999000099990002e-05
6606	-0.006707404276508124	0.04042355955472804	9.999000099990002e-05
6607	-0.004023673103371042	0.04042355955472804	9.999000099990002e-05
6608	-0.004588231333179121	0.04042355955472804	9.999000099990002e-05
6609	-0.00451761661588595	0.04042355955472804	9.999000099990002e-05
6610	-0.005769913811887057	0.04042355955472804	9.999000099990002e-05
6611	-0.0015510524646333095	0.04042355955472804	9.999000099990002e-05
6612	-0.006661239583060872	0.04042355955472804	9.999000099990002e-05
6613	-0.004979668745276932	0.04042355955472804	9.999000099990002e-05
6614	-0.004333629903189912	0.04042355955472804	9.999000099990002e-05
6615	0.001235131293336808	0.04042355955472804	9.999000099990002e-05
6616	-0.0035298260997293383	0.04042355955472804	9.999000099990002e-05
6617	-0.0025739155210559306	0.04042355955472804	9.999000099990002e-05
6618	-0.007076354005436668	0.04042355955472804	9.999000099990002e-05
6619	-0.004009244517061143	0.04042355955472804	9.999000099990002e-05
6620	-0.0009190835659556015	0.04042355955472804	9.999000099990002e-05
6621	-0.0019718792427905114	0.04042355955472804	9.999000099990002e-05
6622	-0.005186687992113944	0.04042355955472804	9.999000099990002e-05
6623	-0.0047781686825839175	0.04042355955472804	9.999000099990002e-05
6624	-0.006777913174524523	0.04042355955472804	9.999000099990002e-05
6625	-0.0022999275802089714	0.04042355955472804	9.999000099990002e-05
6626	-0.0042192610790427465	0.04042355955472804	9.999000099990002e-05
6627	-0.0022082475554897007	0.04042355955472804	9.999000099990002e-05
6628	-0.008550152704059715	0.04042355955472804	9.999000099990002e-05
6629	-0.005315687269048096	0.04042355955472804	9.999000099990002e-05
6630	-0.00553247907325335	0.04042355955472804	9.999000099990002e-05
6631	-0.0047348406421108035	0.04042355955472804	9.999000099990002e-05
6632	-0.004067753593731492	0.04042355955472804	9.999000099990002e-05
6633	-0.008979774235611762	0.04042355955472804	9.999000099990002e-05
6634	-0.0016745636626353476	0.04042355955472804	9.999000099990002e-05
6635	-0.0036104405174593166	0.04042355955472804	9.999000099990002e-05
6636	-0.0030030473523118815	0.04042355955472804	9.999000099990002e-05
6637	-0.0037689330753289023	0.04042355955472804	9.999000099990002e-05
6638	-0.006956766411551139	0.04042355955472804	9.999000099990002e-05
6639	-0.007978585048447647	0.04042355955472804	9.999000099990002e-05
6640	0.00047155206890967113	0.04042355955472804	9.999000099990002e-05
6641	-0.004790759252882834	0.04042355955472804	9.999000099990002e-05
6642	-0.0038471798612820115	0.04042355955472804	9.999000099990002e-05
6643	-0.004291639252172972	0.04042355955472804	9.999000099990002e-05
6644	-0.0032784843497485534	0.04042355955472804	9.999000099990002e-05
6645	-0.0018939628415090212	0.04042355955472804	9.999000099990002e-05
6646	-0.005572887955957164	0.04042355955472804	9.999000099990002e-05
6647	-0.005978990773328035	0.04042355955472804	9.999000099990002e-05
6648	-0.004377174949164076	0.04042355955472804	9.999000099990002e-05
6649	-0.0023267145345836652	0.04042355955472804	9.999000099990002e-05
6650	-0.0014437456777647683	0.04042355955472804	9.999000099990002e-05
6651	-0.0048687540423760795	0.04042355955472804	9.999000099990002e-05
6652	-0.002408735977432762	0.04042355955472804	9.999000099990002e-05
6653	-0.0015590176110568134	0.04042355955472804	9.999000099990002e-05
6654	-0.003237829934005522	0.04042355955472804	9.999000099990002e-05
6655	-0.004050241551807739	0.04042355955472804	9.999000099990002e-05
6656	-0.0018135340162862752	0.04042355955472804	9.999000099990002e-05
6657	-0.0034261746465475847	0.04042355955472804	9.999000099990002e-05
6658	-0.006689538189176449	0.04042355955472804	9.999000099990002e-05
6659	-0.0008993185794987771	0.04042355955472804	9.999000099990002e-05
6660	-0.0022280171202028074	0.04042355955472804	9.999000099990002e-05
6661	-0.005288756542036689	0.04042355955472804	9.999000099990002e-05
6662	0.0015567002631537014	0.04042355955472804	9.999000099990002e-05
6663	-0.005559228401286395	0.04042355955472804	9.999000099990002e-05
6664	-0.005982418059836826	0.04042355955472804	9.999000099990002e-05
6665	-0.0017206665688590124	0.04042355955472804	9.999000099990002e-05
6666	-0.00598240213212165	0.04042355955472804	9.999000099990002e-05
6667	-0.0008570818568242322	0.04042355955472804	9.999000099990002e-05
6668	-0.005069414110457417	0.04042355955472804	9.999000099990002e-05
6669	-0.004405437602502292	0.04042355955472804	9.999000099990002e-05
6670	-0.004419266841201494	0.04042355955472804	9.999000099990002e-05
6671	-0.009397095262102934	0.04042355955472804	9.999000099990002e-05
6672	0.00019340872567587958	0.04042355955472804	9.999000099990002e-05
6673	-0.004092310475618204	0.04042355955472804	9.999000099990002e-05
6674	0.000945759584178843	0.04042355955472804	9.999000099990002e-05
6675	-0.005330976990741379	0.04042355955472804	9.999000099990002e-05
6676	-0.0032926912945919914	0.04042355955472804	9.999000099990002e-05
6677	-0.003132889240004165	0.04042355955472804	9.999000099990002e-05
6678	-0.0032510966050353545	0.04042355955472804	9.999000099990002e-05
6679	-0.005158202620072497	0.04042355955472804	9.999000099990002e-05
6680	-0.0020857008691287176	0.04042355955472804	9.999000099990002e-05
6681	-0.0032445288655454847	0.04042355955472804	9.999000099990002e-05
6682	-0.0012580514678348642	0.04042355955472804	9.999000099990002e-05
6683	-0.0037382714734018607	0.04042355955472804	9.999000099990002e-05
6684	-0.005126830407364997	0.04042355955472804	9.999000099990002e-05
6685	-0.001057431257514206	0.04042355955472804	9.999000099990002e-05
6686	-0.003142809263392361	0.04042355955472804	9.999000099990002e-05
6687	-0.0007820010312801218	0.04042355955472804	9.999000099990002e-05
6688	-0.005243040960142749	0.04042355955472804	9.999000099990002e-05
6689	-0.0025516020039895284	0.04042355955472804	9.999000099990002e-05
6690	-0.0007886563924398113	0.04042355955472804	9.999000099990002e-05
6691	-0.0034651984720679373	0.04042355955472804	9.999000099990002e-05
6692	-0.003669998091766424	0.04042355955472804	9.999000099990002e-05
6693	-0.007368528992465135	0.04042355955472804	9.999000099990002e-05
6694	-0.0006309688382230893	0.04042355955472804	9.999000099990002e-05
6695	-0.005553203416003795	0.04042355955472804	9.999000099990002e-05
6696	-0.002805220397712439	0.04042355955472804	9.999000099990002e-05
6697	-0.0019690936239085744	0.04042355955472804	9.999000099990002e-05
6698	-0.005331807405640312	0.04042355955472804	9.999000099990002e-05
6699	0.0001584370224665621	0.04042355955472804	9.999000099990002e-05
6700	-0.007542315157774951	0.04042355955472804	9.999000099990002e-05
6701	-0.00587960094577368	0.04042355955472804	9.999000099990002e-05
6702	-0.00038157561720458116	0.04042355955472804	9.999000099990002e-05
6703	-0.0035666598451769963	0.04042355955472804	9.999000099990002e-05
6704	-0.0038952300845765814	0.04042355955472804	9.999000099990002e-05
6705	-0.0038542071384382757	0.04042355955472804	9.999000099990002e-05
6706	-0.004375046329296667	0.04042355955472804	9.999000099990002e-05
6707	-0.006015851468931433	0.04042355955472804	9.999000099990002e-05
6708	-0.0036312622539560442	0.04042355955472804	9.999000099990002e-05
6709	-0.0013934797323149853	0.04042355955472804	9.999000099990002e-05
6710	0.00017212768234921018	0.04042355955472804	9.999000099990002e-05
6711	-0.005908949800035779	0.04042355955472804	9.999000099990002e-05
6712	-0.0009294705330130159	0.04042355955472804	9.999000099990002e-05
6713	-0.004042186282986186	0.04042355955472804	9.999000099990002e-05
6714	-0.00014663029581242493	0.04042355955472804	9.999000099990002e-05
6715	-0.004609983975376798	0.04042355955472804	9.999000099990002e-05
6716	-0.002662363104468096	0.04042355955472804	9.999000099990002e-05
6717	-0.0045089643847637095	0.04042355955472804	9.999000099990002e-05
6718	-0.00516471338143151	0.04042355955472804	9.999000099990002e-05
6719	-0.00139730755854037	0.04042355955472804	9.999000099990002e-05
6720	-0.003573408675863288	0.04042355955472804	9.999000099990002e-05
6721	-0.008276798774763967	0.04042355955472804	9.999000099990002e-05
6722	-0.0054406456192391235	0.04042355955472804	9.999000099990002e-05
6723	-0.005063423962242661	0.04042355955472804	9.999000099990002e-05
6724	-0.0015824820979081903	0.04042355955472804	9.999000099990002e-05
6725	-0.0027153397238984705	0.04042355955472804	9.999000099990002e-05
6726	-0.007455319266335328	0.04042355955472804	9.999000099990002e-05
6727	-0.009588636251574658	0.04042355955472804	9.999000099990002e-05
6728	-0.004872369268229366	0.04042355955472804	9.999000099990002e-05
6729	-0.0007557760674836809	0.04042355955472804	9.999000099990002e-05
6730	-0.0036337148335471607	0.04042355955472804	9.999000099990002e-05
6731	-0.004832912508943689	0.04042355955472804	9.999000099990002e-05
6732	-0.005682122938943853	0.04042355955472804	9.999000099990002e-05
6733	0.0002296014382969197	0.04042355955472804	9.999000099990002e-05
6734	-0.00205881348166113	0.04042355955472804	9.999000099990002e-05
6735	-0.0029531647107902863	0.04042355955472804	9.999000099990002e-05
6736	-0.004496861725778392	0.04042355955472804	9.999000099990002e-05
6737	-0.0005700087016349247	0.04042355955472804	9.999000099990002e-05
6738	-0.004164518368392494	0.04042355955472804	9.999000099990002e-05
6739	-0.003121301134706246	0.04042355955472804	9.999000099990002e-05
6740	-0.00136577981977348	0.04042355955472804	9.999000099990002e-05
6741	-0.010430125914008286	0.04042355955472804	9.999000099990002e-05
6742	0.00029354713660701	0.04042355955472804	9.999000099990002e-05
6743	-0.002701012474790905	0.04042355955472804	9.999000099990002e-05
6744	-0.0009669100125465277	0.04042355955472804	9.999000099990002e-05
6745	-0.007130815768888725	0.04042355955472804	9.999000099990002e-05
6746	0.00020631938918794362	0.04042355955472804	9.999000099990002e-05
6747	-0.0069973717360754225	0.04042355955472804	9.999000099990002e-05
6748	-0.0028865204766497037	0.04042355955472804	9.999000099990002e-05
6749	-0.004085287930609205	0.04042355955472804	9.999000099990002e-05
6750	-0.000474479190536542	0.04042355955472804	9.999000099990002e-05
6751	-0.008443400655657558	0.04042355955472804	9.999000099990002e-05
6752	-0.0008440411554443347	0.04042355955472804	9.999000099990002e-05
6753	-0.004523285689832646	0.04042355955472804	9.999000099990002e-05
6754	-0.001520350889527372	0.04042355955472804	9.999000099990002e-05
6755	-0.0056368966726185925	0.04042355955472804	9.999000099990002e-05
6756	-0.004499853712448221	0.04042355955472804	9.999000099990002e-05
6757	-3.7366169723695995e-05	0.04042355955472804	9.999000099990002e-05
6758	-0.00611936207340486	0.04042355955472804	9.999000099990002e-05
6759	-0.005180458966644333	0.04042355955472804	9.999000099990002e-05
6760	-0.003423407725418244	0.04042355955472804	9.999000099990002e-05
6761	-0.005786982147677732	0.04042355955472804	9.999000099990002e-05
6762	-0.003239500285807019	0.04042355955472804	9.999000099990002e-05
6763	-0.000637534692548597	0.04042355955472804	9.999000099990002e-05
6764	-0.006147829998057829	0.04042355955472804	9.999000099990002e-05
6765	-0.0016973065547384383	0.04042355955472804	9.999000099990002e-05
6766	-0.0026915659354380685	0.04042355955472804	9.999000099990002e-05
6767	-0.007042095259845062	0.04042355955472804	9.999000099990002e-05
6768	-0.0018669709236015144	0.04042355955472804	9.999000099990002e-05
6769	-0.004630519936346204	0.04042355955472804	9.999000099990002e-05
6770	-0.0009351335090301019	0.04042355955472804	9.999000099990002e-05
6771	-0.004250115217806952	0.04042355955472804	9.999000099990002e-05
6772	-0.002673408032358586	0.04042355955472804	9.999000099990002e-05
6773	-0.004549197216200296	0.04042355955472804	9.999000099990002e-05
6774	-0.00582964397491461	0.04042355955472804	9.999000099990002e-05
6775	-0.0031548387664588383	0.04042355955472804	9.999000099990002e-05
6776	-0.0009709418981952933	0.04042355955472804	9.999000099990002e-05
6777	-0.005189942343647606	0.04042355955472804	9.999000099990002e-05
6778	-0.0027355906980317812	0.04042355955472804	9.999000099990002e-05
6779	-0.003953323713342824	0.04042355955472804	9.999000099990002e-05
6780	-0.004480873858473046	0.04042355955472804	9.999000099990002e-05
6781	-0.0024331614941420403	0.04042355955472804	9.999000099990002e-05
6782	-0.005332461038289918	0.04042355955472804	9.999000099990002e-05
6783	-0.0019919494719820713	0.04042355955472804	9.999000099990002e-05
6784	-0.005662771572935899	0.04042355955472804	9.999000099990002e-05
6785	6.059247182957916e-05	0.04042355955472804	9.999000099990002e-05
6786	0.001249190887578526	0.04042355955472804	9.999000099990002e-05
6787	-0.0038322903907597504	0.04042355955472804	9.999000099990002e-05
6788	0.00047559782398190616	0.04042355955472804	9.999000099990002e-05
6789	-0.0031694559076771004	0.04042355955472804	9.999000099990002e-05
6790	-0.005207246517346521	0.04042355955472804	9.999000099990002e-05
6791	-0.005566969559406175	0.04042355955472804	9.999000099990002e-05
6792	-0.006637413317780426	0.04042355955472804	9.999000099990002e-05
6793	0.001750593918505669	0.04042355955472804	9.999000099990002e-05
6794	-0.0018757123153032573	0.04042355955472804	9.999000099990002e-05
6795	-0.005909707828470698	0.04042355955472804	9.999000099990002e-05
6796	0.0013928287542845836	0.04042355955472804	9.999000099990002e-05
6797	-0.0008376685881744562	0.04042355955472804	9.999000099990002e-05
6798	-0.007241141280982767	0.04042355955472804	9.999000099990002e-05
6799	-0.003859129552645285	0.04042355955472804	9.999000099990002e-05
6800	-0.0077306951498213915	0.04042355955472804	9.999000099990002e-05
6801	-0.00528878379997437	0.04042355955472804	9.999000099990002e-05
6802	-0.003133221894567562	0.04042355955472804	9.999000099990002e-05
6803	-0.008397137606645464	0.04042355955472804	9.999000099990002e-05
6804	-0.0021166949717281863	0.04042355955472804	9.999000099990002e-05
6805	0.0010547399353228308	0.04042355955472804	9.999000099990002e-05
6806	-0.004629389260932615	0.04042355955472804	9.999000099990002e-05
6807	-0.0052292189350826605	0.04042355955472804	9.999000099990002e-05
6808	-0.0007004603053418657	0.04042355955472804	9.999000099990002e-05
6809	-0.004482526608995091	0.04042355955472804	9.999000099990002e-05
6810	-0.008467259026441172	0.04042355955472804	9.999000099990002e-05
6811	-0.00492527890661598	0.04042355955472804	9.999000099990002e-05
6812	-0.00455141299606462	0.04042355955472804	9.999000099990002e-05
6813	0.003641722223041352	0.04042355955472804	9.999000099990002e-05
6814	-0.003641373294508095	0.04042355955472804	9.999000099990002e-05
6815	-0.005857381263724934	0.04042355955472804	9.999000099990002e-05
6816	-0.002526599146077961	0.04042355955472804	9.999000099990002e-05
6817	-0.0004940785133664624	0.04042355955472804	9.999000099990002e-05
6818	-0.006321645306469677	0.04042355955472804	9.999000099990002e-05
6819	-0.004485050805595382	0.04042355955472804	9.999000099990002e-05
6820	-0.004867513584993291	0.04042355955472804	9.999000099990002e-05
6821	-0.0022548746912953747	0.04042355955472804	9.999000099990002e-05
6822	-0.0016858713978261982	0.04042355955472804	9.999000099990002e-05
6823	-0.0069849233033216955	0.04042355955472804	9.999000099990002e-05
6824	-0.004878779788859193	0.04042355955472804	9.999000099990002e-05
6825	-0.003835257774111102	0.04042355955472804	9.999000099990002e-05
6826	-0.001810946281952637	0.04042355955472804	9.999000099990002e-05
6827	-0.003994211062302085	0.04042355955472804	9.999000099990002e-05
6828	-0.004707792265454476	0.04042355955472804	9.999000099990002e-05
6829	-0.002412992043748949	0.04042355955472804	9.999000099990002e-05
6830	-0.003426530057737852	0.04042355955472804	9.999000099990002e-05
6831	-0.0004652294969679616	0.04042355955472804	9.999000099990002e-05
6832	-0.0018358413200048496	0.04042355955472804	9.999000099990002e-05
6833	-0.004327047332458024	0.04042355955472804	9.999000099990002e-05
6834	-0.0029182324036687414	0.04042355955472804	9.999000099990002e-05
6835	-0.002822111393399028	0.04042355955472804	9.999000099990002e-05
6836	-0.003354519068456935	0.04042355955472804	9.999000099990002e-05
6837	-0.0035153816049406485	0.04042355955472804	9.999000099990002e-05
6838	0.0002715903195677313	0.04042355955472804	9.999000099990002e-05
6839	-0.005367342849937634	0.04042355955472804	9.999000099990002e-05
6840	-0.004221165979915631	0.04042355955472804	9.999000099990002e-05
6841	-0.0057594458597078	0.04042355955472804	9.999000099990002e-05
6842	-0.005102210218581383	0.04042355955472804	9.999000099990002e-05
6843	-0.003719326841221947	0.04042355955472804	9.999000099990002e-05
6844	-0.0012648895360461501	0.04042355955472804	9.999000099990002e-05
6845	-0.003329085854453752	0.04042355955472804	9.999000099990002e-05
6846	-0.0025107290630721397	0.04042355955472804	9.999000099990002e-05
6847	-0.0035296803457464066	0.04042355955472804	9.999000099990002e-05
6848	-0.001786382878936156	0.04042355955472804	9.999000099990002e-05
6849	-0.010921286346842234	0.04042355955472804	9.999000099990002e-05
6850	-0.0027642225358018883	0.04042355955472804	9.999000099990002e-05
6851	-0.00021857718950522436	0.04042355955472804	9.999000099990002e-05
6852	-0.002264408255990537	0.04042355955472804	9.999000099990002e-05
6853	-9.904949767892552e-05	0.04042355955472804	9.999000099990002e-05
6854	-0.002514733863910562	0.04042355955472804	9.999000099990002e-05
6855	-0.003729816088063882	0.04042355955472804	9.999000099990002e-05
6856	-0.00369445788768879	0.04042355955472804	9.999000099990002e-05
6857	-0.005613066752427662	0.04042355955472804	9.999000099990002e-05
6858	-0.0034003621105450034	0.04042355955472804	9.999000099990002e-05
6859	-0.0011990105824523437	0.04042355955472804	9.999000099990002e-05
6860	-0.0020711011175898173	0.04042355955472804	9.999000099990002e-05
6861	-0.0034427403744372405	0.04042355955472804	9.999000099990002e-05
6862	-0.002109493355341709	0.04042355955472804	9.999000099990002e-05
6863	-0.0027951271315671726	0.04042355955472804	9.999000099990002e-05
6864	8.296818008336481e-05	0.04042355955472804	9.999000099990002e-05
6865	-0.0042864154617417785	0.04042355955472804	9.999000099990002e-05
6866	-0.003630552508812282	0.04042355955472804	9.999000099990002e-05
6867	-0.003953267177648509	0.04042355955472804	9.999000099990002e-05
6868	-0.0008610087695965468	0.04042355955472804	9.999000099990002e-05
6869	-0.002233192434979131	0.04042355955472804	9.999000099990002e-05
6870	-0.004566837622427612	0.04042355955472804	9.999000099990002e-05
6871	-0.0027323382893715913	0.04042355955472804	9.999000099990002e-05
6872	-0.002029774179080876	0.04042355955472804	9.999000099990002e-05
6873	-0.001999901749273386	0.04042355955472804	9.999000099990002e-05
6874	-0.002641904973855677	0.04042355955472804	9.999000099990002e-05
6875	-0.0002948018289043161	0.04042355955472804	9.999000099990002e-05
6876	-0.0036877739220454566	0.04042355955472804	9.999000099990002e-05
6877	-0.007598442790954065	0.04042355955472804	9.999000099990002e-05
6878	-0.001296832588062534	0.04042355955472804	9.999000099990002e-05
6879	-0.004510903160885901	0.04042355955472804	9.999000099990002e-05
6880	-0.005994768598698621	0.04042355955472804	9.999000099990002e-05
6881	-0.005860404817279544	0.04042355955472804	9.999000099990002e-05
6882	-0.004139890388878628	0.04042355955472804	9.999000099990002e-05
6883	-0.004627923872663931	0.04042355955472804	9.999000099990002e-05
6884	-0.008104944345064561	0.04042355955472804	9.999000099990002e-05
6885	-0.003908003496581687	0.04042355955472804	9.999000099990002e-05
6886	-0.0038547119008128434	0.04042355955472804	9.999000099990002e-05
6887	-0.008490757176941763	0.04042355955472804	9.999000099990002e-05
6888	0.0009185137077016264	0.04042355955472804	9.999000099990002e-05
6889	-0.0035726897934433093	0.04042355955472804	9.999000099990002e-05
6890	-0.0023121684332834415	0.04042355955472804	9.999000099990002e-05
6891	-0.0024897732875424085	0.04042355955472804	9.999000099990002e-05
6892	-0.006331664416404803	0.04042355955472804	9.999000099990002e-05
6893	-0.0021601630914547853	0.04042355955472804	9.999000099990002e-05
6894	-0.0049564257460010435	0.04042355955472804	9.999000099990002e-05
6895	0.002024147194313905	0.04042355955472804	9.999000099990002e-05
6896	-0.005688332035533125	0.04042355955472804	9.999000099990002e-05
6897	-0.002319355410791593	0.04042355955472804	9.999000099990002e-05
6898	-0.00040562656329808794	0.04042355955472804	9.999000099990002e-05
6899	-0.007992059645411425	0.04042355955472804	9.999000099990002e-05
6900	-0.005561084730322553	0.04042355955472804	9.999000099990002e-05
6901	-0.005889200606639537	0.04042355955472804	9.999000099990002e-05
6902	-0.0020460569207170058	0.04042355955472804	9.999000099990002e-05
6903	-0.005509873259529875	0.04042355955472804	9.999000099990002e-05
6904	0.0022681631186607875	0.04042355955472804	9.999000099990002e-05
6905	-0.007735843552914702	0.04042355955472804	9.999000099990002e-05
6906	-0.004823103537125175	0.04042355955472804	9.999000099990002e-05
6907	-0.0018145296139028364	0.04042355955472804	9.999000099990002e-05
6908	-0.002309907640311008	0.04042355955472804	9.999000099990002e-05
6909	-0.004039340665863157	0.04042355955472804	9.999000099990002e-05
6910	-0.00559243632164035	0.04042355955472804	9.999000099990002e-05
6911	-0.005354022817214703	0.04042355955472804	9.999000099990002e-05
6912	-0.001755980544817215	0.04042355955472804	9.999000099990002e-05
6913	-0.006095166027365028	0.04042355955472804	9.999000099990002e-05
6914	0.0012659664265664825	0.04042355955472804	9.999000099990002e-05
6915	0.0003009755498073599	0.04042355955472804	9.999000099990002e-05
6916	0.0004822598216895929	0.04042355955472804	9.999000099990002e-05
6917	-0.002310588203879986	0.04042355955472804	9.999000099990002e-05
6918	-0.005032372400603074	0.04042355955472804	9.999000099990002e-05
6919	-0.006781425370374837	0.04042355955472804	9.999000099990002e-05
6920	-0.00038291893146300134	0.04042355955472804	9.999000099990002e-05
6921	-0.006041524810553589	0.04042355955472804	9.999000099990002e-05
6922	-0.004349811557696534	0.04042355955472804	9.999000099990002e-05
6923	-0.0069882337865858814	0.04042355955472804	9.999000099990002e-05
6924	0.00035933837234912447	0.04042355955472804	9.999000099990002e-05
6925	-0.003960209006844862	0.04042355955472804	9.999000099990002e-05
6926	-0.0003995742238959474	0.04042355955472804	9.999000099990002e-05
6927	-0.004136798930934445	0.04042355955472804	9.999000099990002e-05
6928	-0.0050769931829152985	0.04042355955472804	9.999000099990002e-05
6929	-0.0044936906869674515	0.04042355955472804	9.999000099990002e-05
6930	-0.003113219512056453	0.04042355955472804	9.999000099990002e-05
6931	-0.0017185297158248223	0.04042355955472804	9.999000099990002e-05
6932	-0.003115025788055309	0.04042355955472804	9.999000099990002e-05
6933	-0.004268127328430753	0.04042355955472804	9.999000099990002e-05
6934	0.00044955489396407563	0.04042355955472804	9.999000099990002e-05
6935	-0.00048331060845448887	0.04042355955472804	9.999000099990002e-05
6936	-0.002274064010114181	0.04042355955472804	9.999000099990002e-05
6937	-0.0013157529054695222	0.04042355955472804	9.999000099990002e-05
6938	-0.0021350045920655995	0.04042355955472804	9.999000099990002e-05
6939	-0.0073692781336966735	0.04042355955472804	9.999000099990002e-05
6940	-0.0030852776252043622	0.04042355955472804	9.999000099990002e-05
6941	-0.0038422227831344928	0.04042355955472804	9.999000099990002e-05
6942	-0.0017809468728602895	0.04042355955472804	9.999000099990002e-05
6943	-0.004709200348574002	0.04042355955472804	9.999000099990002e-05
6944	-0.0043584437252838434	0.04042355955472804	9.999000099990002e-05
6945	0.0003919004123109804	0.04042355955472804	9.999000099990002e-05
6946	-0.00348205838177902	0.04042355955472804	9.999000099990002e-05
6947	-0.0016122406676358377	0.04042355955472804	9.999000099990002e-05
6948	-0.004544689038006015	0.04042355955472804	9.999000099990002e-05
6949	-0.004661570690058218	0.04042355955472804	9.999000099990002e-05
6950	-0.003637982422449572	0.04042355955472804	9.999000099990002e-05
6951	-0.0021544802442664767	0.04042355955472804	9.999000099990002e-05
6952	-0.005778829177327962	0.04042355955472804	9.999000099990002e-05
6953	-0.008422270714024956	0.04042355955472804	9.999000099990002e-05
6954	0.00029206012665733557	0.04042355955472804	9.999000099990002e-05
6955	-0.003918503592736844	0.04042355955472804	9.999000099990002e-05
6956	-0.003289453409391892	0.04042355955472804	9.999000099990002e-05
6957	-0.00797753553128322	0.04042355955472804	9.999000099990002e-05
6958	-0.003872899658740085	0.04042355955472804	9.999000099990002e-05
6959	-0.0019020949788690123	0.04042355955472804	9.999000099990002e-05
6960	-0.0036346521064869034	0.04042355955472804	9.999000099990002e-05
6961	-0.005823018526311803	0.04042355955472804	9.999000099990002e-05
6962	-0.005324303989829507	0.04042355955472804	9.999000099990002e-05
6963	-0.0026535622339072763	0.04042355955472804	9.999000099990002e-05
6964	-0.004119089716208131	0.04042355955472804	9.999000099990002e-05
6965	-0.0018767655835600166	0.04042355955472804	9.999000099990002e-05
6966	-0.001221622359450819	0.04042355955472804	9.999000099990002e-05
6967	-0.0033904649014927916	0.04042355955472804	9.999000099990002e-05
6968	-0.006549851049869974	0.04042355955472804	9.999000099990002e-05
6969	-0.005157011407799424	0.04042355955472804	9.999000099990002e-05
6970	-0.002221208060438981	0.04042355955472804	9.999000099990002e-05
6971	-0.007017709735551056	0.04042355955472804	9.999000099990002e-05
6972	-0.00218073456276503	0.04042355955472804	9.999000099990002e-05
6973	6.891097115165335e-05	0.04042355955472804	9.999000099990002e-05
6974	0.001490849029170492	0.04042355955472804	9.999000099990002e-05
6975	0.00023880867719474342	0.04042355955472804	9.999000099990002e-05
6976	-0.005501402138840432	0.04042355955472804	9.999000099990002e-05
6977	-0.001228604411898901	0.04042355955472804	9.999000099990002e-05
6978	-0.0026628470530892638	0.04042355955472804	9.999000099990002e-05
6979	-0.0034225846780493994	0.04042355955472804	9.999000099990002e-05
6980	-0.0026342561887893494	0.04042355955472804	9.999000099990002e-05
6981	-0.006836541632113188	0.04042355955472804	9.999000099990002e-05
6982	-0.0021301322308958843	0.04042355955472804	9.999000099990002e-05
6983	-0.0016966838926461142	0.04042355955472804	9.999000099990002e-05
6984	-0.012019154399034556	0.04042355955472804	9.999000099990002e-05
6985	-0.003717353016431836	0.04042355955472804	9.999000099990002e-05
6986	-0.0005205082675683786	0.04042355955472804	9.999000099990002e-05
6987	-0.00956273874852145	0.04042355955472804	9.999000099990002e-05
6988	-0.003968448906355103	0.04042355955472804	9.999000099990002e-05
6989	-0.0016327763785324314	0.04042355955472804	9.999000099990002e-05
6990	-0.004191368091045694	0.04042355955472804	9.999000099990002e-05
6991	-0.004159552460750694	0.04042355955472804	9.999000099990002e-05
6992	0.0020462140049224615	0.04042355955472804	9.999000099990002e-05
6993	-0.0010947134027694538	0.04042355955472804	9.999000099990002e-05
6994	-0.0035060437510838495	0.04042355955472804	9.999000099990002e-05
6995	-0.0013967087110753258	0.04042355955472804	9.999000099990002e-05
6996	-0.0056767268098650335	0.04042355955472804	9.999000099990002e-05
6997	-0.0008681829933907426	0.04042355955472804	9.999000099990002e-05
6998	-0.007724557862604997	0.04042355955472804	9.999000099990002e-05
6999	-0.0013550125111890063	0.04042355955472804	9.999000099990002e-05
7000	-0.007431941612462564	0.04042355955472804	9.999000099990002e-05
7001	-0.001135194017900662	0.04042355955472804	9.999000099990002e-05
7002	-0.0037290957436797085	0.04042355955472804	9.999000099990002e-05
7003	-0.0016570262864110175	0.04042355955472804	9.999000099990002e-05
7004	-0.0023721581141919147	0.04042355955472804	9.999000099990002e-05
7005	-0.0007656094502569724	0.04042355955472804	9.999000099990002e-05
7006	-0.0019585979521187387	0.04042355955472804	9.999000099990002e-05
7007	-0.001800968491742387	0.04042355955472804	9.999000099990002e-05
7008	-0.0007096821638816308	0.04042355955472804	9.999000099990002e-05
7009	-0.00432098193155999	0.04042355955472804	9.999000099990002e-05
7010	-0.003133131291260234	0.04042355955472804	9.999000099990002e-05
7011	-0.002402654398746727	0.04042355955472804	9.999000099990002e-05
7012	-0.007238606061941905	0.04042355955472804	9.999000099990002e-05
7013	-0.00018347825693823262	0.04042355955472804	9.999000099990002e-05
7014	-0.002935449225007031	0.04042355955472804	9.999000099990002e-05
7015	-0.00312738359826534	0.04042355955472804	9.999000099990002e-05
7016	0.0007309982558762432	0.04042355955472804	9.999000099990002e-05
7017	-0.004746957766847112	0.04042355955472804	9.999000099990002e-05
7018	-0.006576784162191392	0.04042355955472804	9.999000099990002e-05
7019	-0.0037752505688686544	0.04042355955472804	9.999000099990002e-05
7020	0.0005755867106013932	0.04042355955472804	9.999000099990002e-05
7021	-0.0026990651384836304	0.04042355955472804	9.999000099990002e-05
7022	-0.0024436185200625766	0.04042355955472804	9.999000099990002e-05
7023	-0.002864498044349008	0.04042355955472804	9.999000099990002e-05
7024	-0.005431443324088648	0.04042355955472804	9.999000099990002e-05
7025	-0.0029671221406657178	0.04042355955472804	9.999000099990002e-05
7026	-0.005212331228815514	0.04042355955472804	9.999000099990002e-05
7027	-0.00291298097057245	0.04042355955472804	9.999000099990002e-05
7028	-0.004462418272552617	0.04042355955472804	9.999000099990002e-05
7029	-0.0033345865909179704	0.04042355955472804	9.999000099990002e-05
7030	0.003818024140184581	0.04042355955472804	9.999000099990002e-05
7031	-0.0021783335751208834	0.04042355955472804	9.999000099990002e-05
7032	-0.005930400546627255	0.04042355955472804	9.999000099990002e-05
7033	-0.006249285330946397	0.04042355955472804	9.999000099990002e-05
7034	-0.0014662959176124772	0.04042355955472804	9.999000099990002e-05
7035	-0.008801241957434994	0.04042355955472804	9.999000099990002e-05
7036	-0.005381076041436521	0.04042355955472804	9.999000099990002e-05
7037	-0.009451199613782142	0.04042355955472804	9.999000099990002e-05
7038	-0.0043061285869424315	0.04042355955472804	9.999000099990002e-05
7039	-0.0013341390673270808	0.04042355955472804	9.999000099990002e-05
7040	-0.004863373533230494	0.04042355955472804	9.999000099990002e-05
7041	-0.00045730676674248655	0.04042355955472804	9.999000099990002e-05
7042	-0.002414458259181587	0.04042355955472804	9.999000099990002e-05
7043	-0.004613560439942553	0.04042355955472804	9.999000099990002e-05
7044	-0.005056099156136419	0.04042355955472804	9.999000099990002e-05
7045	-0.001101396945212632	0.04042355955472804	9.999000099990002e-05
7046	-0.008254011562062133	0.04042355955472804	9.999000099990002e-05
7047	0.0018397813712185559	0.04042355955472804	9.999000099990002e-05
7048	-0.0047223846302269085	0.04042355955472804	9.999000099990002e-05
7049	-0.0032774203283604127	0.04042355955472804	9.999000099990002e-05
7050	-0.00348204795566595	0.04042355955472804	9.999000099990002e-05
7051	-0.00459695804752981	0.04042355955472804	9.999000099990002e-05
7052	-0.0025859558734356415	0.04042355955472804	9.999000099990002e-05
7053	-0.007992916144829405	0.04042355955472804	9.999000099990002e-05
7054	-0.0019441133110237984	0.04042355955472804	9.999000099990002e-05
7055	0.0009325185359951582	0.04042355955472804	9.999000099990002e-05
7056	-0.002222716518942286	0.04042355955472804	9.999000099990002e-05
7057	-0.004312349456190747	0.04042355955472804	9.999000099990002e-05
7058	-0.009142218617354083	0.04042355955472804	9.999000099990002e-05
7059	-0.004882388455109969	0.04042355955472804	9.999000099990002e-05
7060	-0.00859798815327227	0.04042355955472804	9.999000099990002e-05
7061	-0.006631218013669149	0.04042355955472804	9.999000099990002e-05
7062	-0.0002471251759342236	0.04042355955472804	9.999000099990002e-05
7063	-0.0033696976039259475	0.04042355955472804	9.999000099990002e-05
7064	-0.003942632580787439	0.04042355955472804	9.999000099990002e-05
7065	-0.005531079627264393	0.04042355955472804	9.999000099990002e-05
7066	-0.0010447484103436877	0.04042355955472804	9.999000099990002e-05
7067	-0.0027581285111838343	0.04042355955472804	9.999000099990002e-05
7068	-0.0030429467982029694	0.04042355955472804	9.999000099990002e-05
7069	-0.0028433529444560693	0.04042355955472804	9.999000099990002e-05
7070	-0.005530180865539358	0.04042355955472804	9.999000099990002e-05
7071	-0.0003025850762038068	0.04042355955472804	9.999000099990002e-05
7072	-0.001776350707505135	0.04042355955472804	9.999000099990002e-05
7073	-0.00016124432073858497	0.04042355955472804	9.999000099990002e-05
7074	-0.0022706360503324	0.04042355955472804	9.999000099990002e-05
7075	-0.008167616980343047	0.04042355955472804	9.999000099990002e-05
7076	-0.002897313177243879	0.04042355955472804	9.999000099990002e-05
7077	-0.005099602247585465	0.04042355955472804	9.999000099990002e-05
7078	-0.009598094448168318	0.04042355955472804	9.999000099990002e-05
7079	-0.005361101936390762	0.04042355955472804	9.999000099990002e-05
7080	-0.0025504468406756797	0.04042355955472804	9.999000099990002e-05
7081	0.0018881233140790655	0.04042355955472804	9.999000099990002e-05
7082	-0.006150040526392879	0.04042355955472804	9.999000099990002e-05
7083	-0.005971203871118054	0.04042355955472804	9.999000099990002e-05
7084	-0.00252389033802536	0.04042355955472804	9.999000099990002e-05
7085	-0.007688827534633248	0.04042355955472804	9.999000099990002e-05
7086	-0.005202270818391891	0.04042355955472804	9.999000099990002e-05
7087	-0.004696125541108351	0.04042355955472804	9.999000099990002e-05
7088	-0.0010820939779140602	0.04042355955472804	9.999000099990002e-05
7089	-0.006061161586597812	0.04042355955472804	9.999000099990002e-05
7090	-0.0033991478530994907	0.04042355955472804	9.999000099990002e-05
7091	-0.0045433186004644995	0.04042355955472804	9.999000099990002e-05
7092	-0.004838902003121823	0.04042355955472804	9.999000099990002e-05
7093	-0.0027319049324060958	0.04042355955472804	9.999000099990002e-05
7094	-0.002652460028322738	0.04042355955472804	9.999000099990002e-05
7095	-0.0019994476554999765	0.04042355955472804	9.999000099990002e-05
7096	-0.004593231673924983	0.04042355955472804	9.999000099990002e-05
7097	-0.002352670862459337	0.04042355955472804	9.999000099990002e-05
7098	-0.003816968255781357	0.04042355955472804	9.999000099990002e-05
7099	-0.0062848099836396	0.04042355955472804	9.999000099990002e-05
7100	-0.007916989284453118	0.04042355955472804	9.999000099990002e-05
7101	-0.0001699268299087564	0.04042355955472804	9.999000099990002e-05
7102	-0.005362920158176002	0.04042355955472804	9.999000099990002e-05
7103	-0.004066884109763096	0.04042355955472804	9.999000099990002e-05
7104	-0.0072312246239594966	0.04042355955472804	9.999000099990002e-05
7105	-0.0038143715765352167	0.04042355955472804	9.999000099990002e-05
7106	-0.0054965877368564845	0.04042355955472804	9.999000099990002e-05
7107	-0.0015438948418272798	0.04042355955472804	9.999000099990002e-05
7108	-0.005718386922319382	0.04042355955472804	9.999000099990002e-05
7109	0.0014007337870487648	0.04042355955472804	9.999000099990002e-05
7110	-0.005204247644055882	0.04042355955472804	9.999000099990002e-05
7111	-0.0012031281276610878	0.04042355955472804	9.999000099990002e-05
7112	0.0022336403923502073	0.04042355955472804	9.999000099990002e-05
7113	-0.0032217850308602163	0.04042355955472804	9.999000099990002e-05
7114	-0.0019620686166440886	0.04042355955472804	9.999000099990002e-05
7115	-0.0008927102512661419	0.04042355955472804	9.999000099990002e-05
7116	-0.006407167749601169	0.04042355955472804	9.999000099990002e-05
7117	-0.003064851677040595	0.04042355955472804	9.999000099990002e-05
7118	-0.0016371108907694818	0.04042355955472804	9.999000099990002e-05
7119	-0.0024335629764408104	0.04042355955472804	9.999000099990002e-05
7120	-0.0031969110951069676	0.04042355955472804	9.999000099990002e-05
7121	-0.002051121126214535	0.04042355955472804	9.999000099990002e-05
7122	-0.003979332864293217	0.04042355955472804	9.999000099990002e-05
7123	-0.0012770286671908494	0.04042355955472804	9.999000099990002e-05
7124	0.00031930752280785735	0.04042355955472804	9.999000099990002e-05
7125	-0.0038166852887642185	0.04042355955472804	9.999000099990002e-05
7126	-0.0028310856028987653	0.04042355955472804	9.999000099990002e-05
7127	-0.0036406949046490318	0.04042355955472804	9.999000099990002e-05
7128	-0.0017192523685735123	0.04042355955472804	9.999000099990002e-05
7129	0.0016410631186060149	0.04042355955472804	9.999000099990002e-05
7130	0.00010732556156663048	0.04042355955472804	9.999000099990002e-05
7131	-0.0005147231213591813	0.04042355955472804	9.999000099990002e-05
7132	0.00041946411210956743	0.04042355955472804	9.999000099990002e-05
7133	-0.002775080659293773	0.04042355955472804	9.999000099990002e-05
7134	0.00012254072308597874	0.04042355955472804	9.999000099990002e-05
7135	-0.003920369943922286	0.04042355955472804	9.999000099990002e-05
7136	-0.0008073287337884594	0.04042355955472804	9.999000099990002e-05
7137	-0.002804984348204112	0.04042355955472804	9.999000099990002e-05
7138	-0.004840726438254894	0.04042355955472804	9.999000099990002e-05
7139	0.0016003014793311275	0.04042355955472804	9.999000099990002e-05
7140	-0.0005287445698772486	0.04042355955472804	9.999000099990002e-05
7141	-0.002510256637037192	0.04042355955472804	9.999000099990002e-05
7142	-0.003948801377179506	0.04042355955472804	9.999000099990002e-05
7143	-0.002568667877524723	0.04042355955472804	9.999000099990002e-05
7144	0.00023316980435049428	0.04042355955472804	9.999000099990002e-05
7145	-0.0033263400356233763	0.04042355955472804	9.999000099990002e-05
7146	-0.0008422443245036243	0.04042355955472804	9.999000099990002e-05
7147	-0.0013510912346733934	0.04042355955472804	9.999000099990002e-05
7148	-0.0051163242902257195	0.04042355955472804	9.999000099990002e-05
7149	-0.001738923847030989	0.04042355955472804	9.999000099990002e-05
7150	-0.008073154529979417	0.04042355955472804	9.999000099990002e-05
7151	-0.004946792440722341	0.04042355955472804	9.999000099990002e-05
7152	-0.011187535976552308	0.04042355955472804	9.999000099990002e-05
7153	-0.0016536072907781141	0.04042355955472804	9.999000099990002e-05
7154	-0.0023690175073198664	0.04042355955472804	9.999000099990002e-05
7155	-0.00648030218142019	0.04042355955472804	9.999000099990002e-05
7156	-0.004465117135401419	0.04042355955472804	9.999000099990002e-05
7157	-0.0057332949559396424	0.04042355955472804	9.999000099990002e-05
7158	-0.0025613786009956855	0.04042355955472804	9.999000099990002e-05
7159	-0.005877497410134035	0.04042355955472804	9.999000099990002e-05
7160	-0.002132220993002615	0.04042355955472804	9.999000099990002e-05
7161	-0.0052587121198362455	0.04042355955472804	9.999000099990002e-05
7162	-0.005281848280307699	0.04042355955472804	9.999000099990002e-05
7163	-0.0013460112938243993	0.04042355955472804	9.999000099990002e-05
7164	0.00242376696993635	0.04042355955472804	9.999000099990002e-05
7165	-0.002964462827795654	0.04042355955472804	9.999000099990002e-05
7166	-0.0027966604049890543	0.04042355955472804	9.999000099990002e-05
7167	-0.004218407638207753	0.04042355955472804	9.999000099990002e-05
7168	-0.00512215835452632	0.04042355955472804	9.999000099990002e-05
7169	-0.00018947746548371447	0.04042355955472804	9.999000099990002e-05
7170	-0.0037853437195956964	0.04042355955472804	9.999000099990002e-05
7171	-0.00583155114567927	0.04042355955472804	9.999000099990002e-05
7172	-0.0035918292900612727	0.04042355955472804	9.999000099990002e-05
7173	-0.005315395164754733	0.04042355955472804	9.999000099990002e-05
7174	-0.005646968797992145	0.04042355955472804	9.999000099990002e-05
7175	-0.0052437119055262355	0.04042355955472804	9.999000099990002e-05
7176	-0.005988490558955749	0.04042355955472804	9.999000099990002e-05
7177	-0.004674217045832983	0.04042355955472804	9.999000099990002e-05
7178	0.0029274017661521127	0.04042355955472804	9.999000099990002e-05
7179	-0.002364985487016508	0.04042355955472804	9.999000099990002e-05
7180	-0.004296092029618827	0.04042355955472804	9.999000099990002e-05
7181	-0.0028171597783808607	0.04042355955472804	9.999000099990002e-05
7182	-0.0021257337192525706	0.04042355955472804	9.999000099990002e-05
7183	-0.003301599042429991	0.04042355955472804	9.999000099990002e-05
7184	-0.006226167021827223	0.04042355955472804	9.999000099990002e-05
7185	-0.0018620918104655811	0.04042355955472804	9.999000099990002e-05
7186	-0.001873899287338185	0.04042355955472804	9.999000099990002e-05
7187	-0.0018848194865992277	0.04042355955472804	9.999000099990002e-05
7188	-0.004600343841186387	0.04042355955472804	9.999000099990002e-05
7189	-0.003751557130729853	0.04042355955472804	9.999000099990002e-05
7190	-0.006367327109296168	0.04042355955472804	9.999000099990002e-05
7191	-0.001760082758638297	0.04042355955472804	9.999000099990002e-05
7192	-0.001653243203984535	0.04042355955472804	9.999000099990002e-05
7193	-0.0030107904725415052	0.04042355955472804	9.999000099990002e-05
7194	-0.0019127843224418933	0.04042355955472804	9.999000099990002e-05
7195	-0.0008463570029105125	0.04042355955472804	9.999000099990002e-05
7196	-0.0005848567177777264	0.04042355955472804	9.999000099990002e-05
7197	-0.004259063419733126	0.04042355955472804	9.999000099990002e-05
7198	-0.005368876392668709	0.04042355955472804	9.999000099990002e-05
7199	-0.005168610516301545	0.04042355955472804	9.999000099990002e-05
7200	-0.006509913362073372	0.04042355955472804	9.999000099990002e-05
7201	-0.007079821996106457	0.04042355955472804	9.999000099990002e-05
7202	-0.0040571451775713255	0.04042355955472804	9.999000099990002e-05
7203	-0.004549768093981934	0.04042355955472804	9.999000099990002e-05
7204	-0.007380336123083061	0.04042355955472804	9.999000099990002e-05
7205	-0.00283274743298792	0.04042355955472804	9.999000099990002e-05
7206	-0.004584760553235546	0.04042355955472804	9.999000099990002e-05
7207	-0.0006212822097240222	0.04042355955472804	9.999000099990002e-05
7208	-0.005916977560846824	0.04042355955472804	9.999000099990002e-05
7209	-0.004287978339938603	0.04042355955472804	9.999000099990002e-05
7210	-0.006217705788632459	0.04042355955472804	9.999000099990002e-05
7211	-0.004639513420689677	0.04042355955472804	9.999000099990002e-05
7212	-0.002554010089854575	0.04042355955472804	9.999000099990002e-05
7213	-0.002768487046884939	0.04042355955472804	9.999000099990002e-05
7214	-0.0014949101925758796	0.04042355955472804	9.999000099990002e-05
7215	-5.013600376379546e-05	0.04042355955472804	9.999000099990002e-05
7216	-0.002849547190566945	0.04042355955472804	9.999000099990002e-05
7217	-0.010067299006545169	0.04042355955472804	9.999000099990002e-05
7218	0.0005937084877761706	0.04042355955472804	9.999000099990002e-05
7219	-0.0026024675086500915	0.04042355955472804	9.999000099990002e-05
7220	-0.008322742346126786	0.04042355955472804	9.999000099990002e-05
7221	-0.0013002767063959337	0.04042355955472804	9.999000099990002e-05
7222	0.0003623316478558153	0.04042355955472804	9.999000099990002e-05
7223	-0.002497832365165416	0.04042355955472804	9.999000099990002e-05
7224	-0.005352543328686089	0.04042355955472804	9.999000099990002e-05
7225	-0.004921418705578232	0.04042355955472804	9.999000099990002e-05
7226	-0.00482963097641783	0.04042355955472804	9.999000099990002e-05
7227	-0.00177029500173808	0.04042355955472804	9.999000099990002e-05
7228	-0.004256452967245347	0.04042355955472804	9.999000099990002e-05
7229	-0.004748465686732038	0.04042355955472804	9.999000099990002e-05
7230	-0.006025276944458047	0.04042355955472804	9.999000099990002e-05
7231	-0.0063363138665075746	0.04042355955472804	9.999000099990002e-05
7232	-0.006097963284251409	0.04042355955472804	9.999000099990002e-05
7233	-0.0027486680446984144	0.04042355955472804	9.999000099990002e-05
7234	-0.006035354109760799	0.04042355955472804	9.999000099990002e-05
7235	-0.0003538473310158691	0.04042355955472804	9.999000099990002e-05
7236	8.718034900097732e-05	0.04042355955472804	9.999000099990002e-05
7237	-0.00254236552580782	0.04042355955472804	9.999000099990002e-05
7238	-0.004231705356740341	0.04042355955472804	9.999000099990002e-05
7239	-0.006594187037709813	0.04042355955472804	9.999000099990002e-05
7240	-0.007003814881590435	0.04042355955472804	9.999000099990002e-05
7241	-0.000706021001574439	0.04042355955472804	9.999000099990002e-05
7242	-0.004831098846178372	0.04042355955472804	9.999000099990002e-05
7243	-0.0054677308335458865	0.04042355955472804	9.999000099990002e-05
7244	-0.0005545253466313335	0.04042355955472804	9.999000099990002e-05
7245	-0.006701643214235406	0.04042355955472804	9.999000099990002e-05
7246	-0.006200108491112517	0.04042355955472804	9.999000099990002e-05
7247	-0.0018757615411765989	0.04042355955472804	9.999000099990002e-05
7248	-0.003441624087829137	0.04042355955472804	9.999000099990002e-05
7249	-0.006485889750863028	0.04042355955472804	9.999000099990002e-05
7250	-0.001049325185436893	0.04042355955472804	9.999000099990002e-05
7251	-0.007517092120361113	0.04042355955472804	9.999000099990002e-05
7252	-0.0010644721347847455	0.04042355955472804	9.999000099990002e-05
7253	-0.006671237609933395	0.04042355955472804	9.999000099990002e-05
7254	-0.001367191596276246	0.04042355955472804	9.999000099990002e-05
7255	-0.004593029326538619	0.04042355955472804	9.999000099990002e-05
7256	-0.004585105846094674	0.04042355955472804	9.999000099990002e-05
7257	-0.006097399466217919	0.04042355955472804	9.999000099990002e-05
7258	-0.005102082219768868	0.04042355955472804	9.999000099990002e-05
7259	-0.0042227032545026815	0.04042355955472804	9.999000099990002e-05
7260	-0.003740629025320334	0.04042355955472804	9.999000099990002e-05
7261	-0.00363314953431311	0.04042355955472804	9.999000099990002e-05
7262	-0.0063829607195935055	0.04042355955472804	9.999000099990002e-05
7263	-0.00577131160354811	0.04042355955472804	9.999000099990002e-05
7264	-0.00025346621479206135	0.04042355955472804	9.999000099990002e-05
7265	-0.002989667956148094	0.04042355955472804	9.999000099990002e-05
7266	-0.005135483600305793	0.04042355955472804	9.999000099990002e-05
7267	-0.004265635487406457	0.04042355955472804	9.999000099990002e-05
7268	-0.007514465720921799	0.04042355955472804	9.999000099990002e-05
7269	-0.000895383645159771	0.04042355955472804	9.999000099990002e-05
7270	-0.0031231989181218665	0.04042355955472804	9.999000099990002e-05
7271	-0.00019518764755519503	0.04042355955472804	9.999000099990002e-05
7272	-0.0036176209353649667	0.04042355955472804	9.999000099990002e-05
7273	-0.005880105246475353	0.04042355955472804	9.999000099990002e-05
7274	-0.003648820328515552	0.04042355955472804	9.999000099990002e-05
7275	-0.0008124629019672467	0.04042355955472804	9.999000099990002e-05
7276	-0.003760763831009278	0.04042355955472804	9.999000099990002e-05
7277	-0.0029681162570817073	0.04042355955472804	9.999000099990002e-05
7278	-0.0034682042127430215	0.04042355955472804	9.999000099990002e-05
7279	-0.0038738411059723267	0.04042355955472804	9.999000099990002e-05
7280	-0.0024318901431474513	0.04042355955472804	9.999000099990002e-05
7281	-0.00199625353304386	0.04042355955472804	9.999000099990002e-05
7282	-0.0040744028377251995	0.04042355955472804	9.999000099990002e-05
7283	-0.0028810389573200924	0.04042355955472804	9.999000099990002e-05
7284	-0.0031671765131339375	0.04042355955472804	9.999000099990002e-05
7285	-0.00014715927677806523	0.04042355955472804	9.999000099990002e-05
7286	-0.0032487036581942768	0.04042355955472804	9.999000099990002e-05
7287	-0.0022334308890338286	0.04042355955472804	9.999000099990002e-05
7288	-0.002873037127137129	0.04042355955472804	9.999000099990002e-05
7289	-0.0007647557208764061	0.04042355955472804	9.999000099990002e-05
7290	-0.002410038510584711	0.04042355955472804	9.999000099990002e-05
7291	-0.004336967048064283	0.04042355955472804	9.999000099990002e-05
7292	-5.739863791902333e-05	0.04042355955472804	9.999000099990002e-05
7293	-0.0031587018914249684	0.04042355955472804	9.999000099990002e-05
7294	-0.00445818013453418	0.04042355955472804	9.999000099990002e-05
7295	-0.0018700862538820848	0.04042355955472804	9.999000099990002e-05
7296	-0.001703430184131441	0.04042355955472804	9.999000099990002e-05
7297	-0.006471977680350377	0.04042355955472804	9.999000099990002e-05
7298	-0.004685284730350352	0.04042355955472804	9.999000099990002e-05
7299	-0.004835555278534709	0.04042355955472804	9.999000099990002e-05
7300	-0.003961858891147636	0.04042355955472804	9.999000099990002e-05
7301	-0.005746445189215914	0.04042355955472804	9.999000099990002e-05
7302	-0.0082263973860261	0.04042355955472804	9.999000099990002e-05
7303	-0.005242690281099742	0.04042355955472804	9.999000099990002e-05
7304	0.00023840288594886987	0.04042355955472804	9.999000099990002e-05
7305	-0.0026091672096448942	0.04042355955472804	9.999000099990002e-05
7306	-0.007216400056952928	0.04042355955472804	9.999000099990002e-05
7307	-0.0020038870444316252	0.04042355955472804	9.999000099990002e-05
7308	-0.007245854557364461	0.04042355955472804	9.999000099990002e-05
7309	-0.0059991381596036135	0.04042355955472804	9.999000099990002e-05
7310	-0.003742294394901746	0.04042355955472804	9.999000099990002e-05
7311	-0.0025260269217503503	0.04042355955472804	9.999000099990002e-05
7312	-0.005995502043051435	0.04042355955472804	9.999000099990002e-05
7313	-0.00138151351690904	0.04042355955472804	9.999000099990002e-05
7314	-0.005347114690140308	0.04042355955472804	9.999000099990002e-05
7315	-0.005788100973486794	0.04042355955472804	9.999000099990002e-05
7316	-0.000677591107226902	0.04042355955472804	9.999000099990002e-05
7317	-0.00554647697645332	0.04042355955472804	9.999000099990002e-05
7318	-0.0033645783439346724	0.04042355955472804	9.999000099990002e-05
7319	-0.005551604623502347	0.04042355955472804	9.999000099990002e-05
7320	-0.004237166466280344	0.04042355955472804	9.999000099990002e-05
7321	-0.0029342387186538617	0.04042355955472804	9.999000099990002e-05
7322	-0.004785429200738338	0.04042355955472804	9.999000099990002e-05
7323	-0.003534594334422933	0.04042355955472804	9.999000099990002e-05
7324	-0.0022218961454290058	0.04042355955472804	9.999000099990002e-05
7325	-0.0021635228390650503	0.04042355955472804	9.999000099990002e-05
7326	-0.0036233985024439947	0.04042355955472804	9.999000099990002e-05
7327	0.00013675270785862143	0.04042355955472804	9.999000099990002e-05
7328	-0.0023425607067803543	0.04042355955472804	9.999000099990002e-05
7329	-0.004047806477314212	0.04042355955472804	9.999000099990002e-05
7330	-0.00558899610829026	0.04042355955472804	9.999000099990002e-05
7331	-0.001047236615693864	0.04042355955472804	9.999000099990002e-05
7332	-0.001666960217695425	0.04042355955472804	9.999000099990002e-05
7333	-0.005871148311236746	0.04042355955472804	9.999000099990002e-05
7334	-0.0008721130801642579	0.04042355955472804	9.999000099990002e-05
7335	-0.0035497664641804053	0.04042355955472804	9.999000099990002e-05
7336	-0.004917577413893167	0.04042355955472804	9.999000099990002e-05
7337	-0.003780124064984258	0.04042355955472804	9.999000099990002e-05
7338	-0.002408779663231264	0.04042355955472804	9.999000099990002e-05
7339	-0.0035770090704745515	0.04042355955472804	9.999000099990002e-05
7340	-0.002129830162162351	0.04042355955472804	9.999000099990002e-05
7341	-0.004970081895834151	0.04042355955472804	9.999000099990002e-05
7342	-0.002928797307157745	0.04042355955472804	9.999000099990002e-05
7343	-0.003569947321741487	0.04042355955472804	9.999000099990002e-05
7344	-0.0057002932302462435	0.04042355955472804	9.999000099990002e-05
7345	-0.003235314970863304	0.04042355955472804	9.999000099990002e-05
7346	-0.0058839284752080665	0.04042355955472804	9.999000099990002e-05
7347	-0.002577577414345218	0.04042355955472804	9.999000099990002e-05
7348	-0.003988747452033857	0.04042355955472804	9.999000099990002e-05
7349	-0.004322973684647862	0.04042355955472804	9.999000099990002e-05
7350	-0.006472026040587026	0.04042355955472804	9.999000099990002e-05
7351	-0.0016655060827037687	0.04042355955472804	9.999000099990002e-05
7352	-0.005801532788761507	0.04042355955472804	9.999000099990002e-05
7353	-0.005772995209209211	0.04042355955472804	9.999000099990002e-05
7354	-0.0009150274424793977	0.04042355955472804	9.999000099990002e-05
7355	-0.004298739762193565	0.04042355955472804	9.999000099990002e-05
7356	-0.0021414147472043773	0.04042355955472804	9.999000099990002e-05
7357	-0.0061619223518393235	0.04042355955472804	9.999000099990002e-05
7358	-0.001486397367434142	0.04042355955472804	9.999000099990002e-05
7359	-0.002591864555619279	0.04042355955472804	9.999000099990002e-05
7360	-0.005503570481813923	0.04042355955472804	9.999000099990002e-05
7361	0.0015227892534403515	0.04042355955472804	9.999000099990002e-05
7362	-0.004575479696745967	0.04042355955472804	9.999000099990002e-05
7363	-0.003447534366631572	0.04042355955472804	9.999000099990002e-05
7364	0.0012133350422861232	0.04042355955472804	9.999000099990002e-05
7365	-0.0036778555914579016	0.04042355955472804	9.999000099990002e-05
7366	-0.00039557859880648275	0.04042355955472804	9.999000099990002e-05
7367	-0.0029365852673681235	0.04042355955472804	9.999000099990002e-05
7368	-0.004550933394863299	0.04042355955472804	9.999000099990002e-05
7369	-0.006174923618658709	0.04042355955472804	9.999000099990002e-05
7370	-0.0065160870637400396	0.04042355955472804	9.999000099990002e-05
7371	-3.747995285805494e-05	0.04042355955472804	9.999000099990002e-05
7372	-0.007369095580536044	0.04042355955472804	9.999000099990002e-05
7373	-0.006209756281378572	0.04042355955472804	9.999000099990002e-05
7374	-0.0019537961499577856	0.04042355955472804	9.999000099990002e-05
7375	-0.0028924742681232978	0.04042355955472804	9.999000099990002e-05
7376	-0.002685301034136574	0.04042355955472804	9.999000099990002e-05
7377	-0.0025871345628312075	0.04042355955472804	9.999000099990002e-05
7378	-0.006625274417472173	0.04042355955472804	9.999000099990002e-05
7379	-0.0016454996028456375	0.04042355955472804	9.999000099990002e-05
7380	-0.005649524484531728	0.04042355955472804	9.999000099990002e-05
7381	-0.005549547716825962	0.04042355955472804	9.999000099990002e-05
7382	-0.004049927498815083	0.04042355955472804	9.999000099990002e-05
7383	-0.004906815164474254	0.04042355955472804	9.999000099990002e-05
7384	-0.009299850924713336	0.04042355955472804	9.999000099990002e-05
7385	-0.0009955591822868898	0.04042355955472804	9.999000099990002e-05
7386	-0.003389688194541643	0.04042355955472804	9.999000099990002e-05
7387	-0.004478837957913773	0.04042355955472804	9.999000099990002e-05
7388	-0.0018278076343915442	0.04042355955472804	9.999000099990002e-05
7389	-0.00335718324812886	0.04042355955472804	9.999000099990002e-05
7390	-0.001905237701741866	0.04042355955472804	9.999000099990002e-05
7391	-0.006887887969102823	0.04042355955472804	9.999000099990002e-05
7392	-0.003479573254248196	0.04042355955472804	9.999000099990002e-05
7393	0.0006867773400076243	0.04042355955472804	9.999000099990002e-05
7394	-0.004959214365756857	0.04042355955472804	9.999000099990002e-05
7395	-0.0026484592094131094	0.04042355955472804	9.999000099990002e-05
7396	-0.003156878321928598	0.04042355955472804	9.999000099990002e-05
7397	-0.004953813215985213	0.04042355955472804	9.999000099990002e-05
7398	-0.00420837510128568	0.04042355955472804	9.999000099990002e-05
7399	0.0013489938931452103	0.04042355955472804	9.999000099990002e-05
7400	-0.0017138454863633121	0.04042355955472804	9.999000099990002e-05
7401	-0.003995580384134079	0.04042355955472804	9.999000099990002e-05
7402	-0.0014135719871513283	0.04042355955472804	9.999000099990002e-05
7403	-0.004213502075061715	0.04042355955472804	9.999000099990002e-05
7404	-0.0022388992891584263	0.04042355955472804	9.999000099990002e-05
7405	-0.0058896436394996286	0.04042355955472804	9.999000099990002e-05
7406	-0.004042036931801879	0.04042355955472804	9.999000099990002e-05
7407	-0.004121089856353746	0.04042355955472804	9.999000099990002e-05
7408	-0.0040094277819674885	0.04042355955472804	9.999000099990002e-05
7409	-0.0023568277845194842	0.04042355955472804	9.999000099990002e-05
7410	-0.0014971351481891672	0.04042355955472804	9.999000099990002e-05
7411	-0.0020227067556183808	0.04042355955472804	9.999000099990002e-05
7412	-0.004662947417893047	0.04042355955472804	9.999000099990002e-05
7413	-0.007826741080535164	0.04042355955472804	9.999000099990002e-05
7414	-0.003093807493770791	0.04042355955472804	9.999000099990002e-05
7415	-0.002661422753708999	0.04042355955472804	9.999000099990002e-05
7416	-0.003532301089692655	0.04042355955472804	9.999000099990002e-05
7417	-0.0021581261328951023	0.04042355955472804	9.999000099990002e-05
7418	-0.001648041593089089	0.04042355955472804	9.999000099990002e-05
7419	-0.006048282355315937	0.04042355955472804	9.999000099990002e-05
7420	-0.004611305052390368	0.04042355955472804	9.999000099990002e-05
7421	-0.004945204651425094	0.04042355955472804	9.999000099990002e-05
7422	-0.007680658713513794	0.04042355955472804	9.999000099990002e-05
7423	-0.004149616317283609	0.04042355955472804	9.999000099990002e-05
7424	-0.00011052016493200977	0.04042355955472804	9.999000099990002e-05
7425	-0.004782493615108222	0.04042355955472804	9.999000099990002e-05
7426	-0.005683133252384211	0.04042355955472804	9.999000099990002e-05
7427	-0.006867424433070156	0.04042355955472804	9.999000099990002e-05
7428	-0.003211208720203218	0.04042355955472804	9.999000099990002e-05
7429	-0.00013135138495962845	0.04042355955472804	9.999000099990002e-05
7430	0.0015462090542019344	0.04042355955472804	9.999000099990002e-05
7431	0.0008796722045054439	0.04042355955472804	9.999000099990002e-05
7432	-0.00512751204817076	0.04042355955472804	9.999000099990002e-05
7433	-0.004172752997137083	0.04042355955472804	9.999000099990002e-05
7434	-0.004675382943041843	0.04042355955472804	9.999000099990002e-05
7435	-0.005038479582898879	0.04042355955472804	9.999000099990002e-05
7436	-0.0034329737033985063	0.04042355955472804	9.999000099990002e-05
7437	-0.001145508425366737	0.04042355955472804	9.999000099990002e-05
7438	-0.0010461703628866976	0.04042355955472804	9.999000099990002e-05
7439	-0.01097102392689025	0.04042355955472804	9.999000099990002e-05
7440	-0.002126603568712014	0.04042355955472804	9.999000099990002e-05
7441	-0.007378880968563739	0.04042355955472804	9.999000099990002e-05
7442	-0.004621189488492247	0.04042355955472804	9.999000099990002e-05
7443	-0.0064346948618221435	0.04042355955472804	9.999000099990002e-05
7444	-0.007657708030131355	0.04042355955472804	9.999000099990002e-05
7445	-0.005211571661470904	0.04042355955472804	9.999000099990002e-05
7446	-0.0028282623961479307	0.04042355955472804	9.999000099990002e-05
7447	-0.001962045936962703	0.04042355955472804	9.999000099990002e-05
7448	-0.0010445445240476483	0.04042355955472804	9.999000099990002e-05
7449	-0.009363019473635744	0.04042355955472804	9.999000099990002e-05
7450	-0.0019034847681997382	0.04042355955472804	9.999000099990002e-05
7451	-0.0021041800003672242	0.04042355955472804	9.999000099990002e-05
7452	-0.0003162657908826555	0.04042355955472804	9.999000099990002e-05
7453	-0.0016060066214733993	0.04042355955472804	9.999000099990002e-05
7454	-0.0016233214521218467	0.04042355955472804	9.999000099990002e-05
7455	-0.003990415687834548	0.04042355955472804	9.999000099990002e-05
7456	-0.005673006014807797	0.04042355955472804	9.999000099990002e-05
7457	-0.0004433637833816603	0.04042355955472804	9.999000099990002e-05
7458	-0.0029525224275995603	0.04042355955472804	9.999000099990002e-05
7459	-0.0019096216129795992	0.04042355955472804	9.999000099990002e-05
7460	-0.002842996590683625	0.04042355955472804	9.999000099990002e-05
7461	-0.0017640876748949348	0.04042355955472804	9.999000099990002e-05
7462	-0.0009651220880455821	0.04042355955472804	9.999000099990002e-05
7463	-0.0020093320531291148	0.04042355955472804	9.999000099990002e-05
7464	-0.004903855514144041	0.04042355955472804	9.999000099990002e-05
7465	-0.005514950257214106	0.04042355955472804	9.999000099990002e-05
7466	-0.0035701944706358693	0.04042355955472804	9.999000099990002e-05
7467	-0.005842175720391066	0.04042355955472804	9.999000099990002e-05
7468	-0.0035584673825576007	0.04042355955472804	9.999000099990002e-05
7469	-0.003932124501538316	0.04042355955472804	9.999000099990002e-05
7470	-0.0027297895086891817	0.04042355955472804	9.999000099990002e-05
7471	-0.001826272706641753	0.04042355955472804	9.999000099990002e-05
7472	-0.0022121219914419746	0.04042355955472804	9.999000099990002e-05
7473	-0.006169214610005862	0.04042355955472804	9.999000099990002e-05
7474	-0.0028809475268488094	0.04042355955472804	9.999000099990002e-05
7475	0.0004954304455191044	0.04042355955472804	9.999000099990002e-05
7476	-0.0035813751303600135	0.04042355955472804	9.999000099990002e-05
7477	-0.0018424597473322493	0.04042355955472804	9.999000099990002e-05
7478	-0.0032405381457306275	0.04042355955472804	9.999000099990002e-05
7479	-0.008088252561235864	0.04042355955472804	9.999000099990002e-05
7480	-0.005908102149348451	0.04042355955472804	9.999000099990002e-05
7481	-0.0034447548072064947	0.04042355955472804	9.999000099990002e-05
7482	-0.006442295767561087	0.04042355955472804	9.999000099990002e-05
7483	-0.001412776774811289	0.04042355955472804	9.999000099990002e-05
7484	-0.002418031222727826	0.04042355955472804	9.999000099990002e-05
7485	-0.0024673176714035696	0.04042355955472804	9.999000099990002e-05
7486	-0.005621197062332413	0.04042355955472804	9.999000099990002e-05
7487	-0.005602973351627805	0.04042355955472804	9.999000099990002e-05
7488	-0.0014261155245231887	0.04042355955472804	9.999000099990002e-05
7489	0.0007260208448845896	0.04042355955472804	9.999000099990002e-05
7490	0.0019309996268523962	0.04042355955472804	9.999000099990002e-05
7491	-0.007063131058678082	0.04042355955472804	9.999000099990002e-05
7492	-0.00595275007418013	0.04042355955472804	9.999000099990002e-05
7493	-0.006712547697381356	0.04042355955472804	9.999000099990002e-05
7494	-0.002667967371080944	0.04042355955472804	9.999000099990002e-05
7495	7.004522453024909e-05	0.04042355955472804	9.999000099990002e-05
7496	0.0009715924722619215	0.04042355955472804	9.999000099990002e-05
7497	0.0003019377915566307	0.04042355955472804	9.999000099990002e-05
7498	9.751751309392125e-05	0.04042355955472804	9.999000099990002e-05
7499	-0.004948395773007338	0.04042355955472804	9.999000099990002e-05
7500	-0.005240953082909078	0.04042355955472804	9.999000099990002e-05
7501	0.0018195726978650281	0.04042355955472804	9.999000099990002e-05
7502	-0.0034828693294705186	0.04042355955472804	9.999000099990002e-05
7503	0.0002710144980387505	0.04042355955472804	9.999000099990002e-05
7504	-0.00581570172253589	0.04042355955472804	9.999000099990002e-05
7505	-0.005550202407475971	0.04042355955472804	9.999000099990002e-05
7506	0.0010054408675877285	0.04042355955472804	9.999000099990002e-05
7507	-0.0026056634200887093	0.04042355955472804	9.999000099990002e-05
7508	0.0019584879393131	0.04042355955472804	9.999000099990002e-05
7509	-0.007724933433512051	0.04042355955472804	9.999000099990002e-05
7510	-0.0023464122514511563	0.04042355955472804	9.999000099990002e-05
7511	-0.006104239919739197	0.04042355955472804	9.999000099990002e-05
7512	-0.002093510412547339	0.04042355955472804	9.999000099990002e-05
7513	-0.0026174572968470228	0.04042355955472804	9.999000099990002e-05
7514	-0.0008101362244242085	0.04042355955472804	9.999000099990002e-05
7515	-0.0060067126538052	0.04042355955472804	9.999000099990002e-05
7516	-0.002623327083088542	0.04042355955472804	9.999000099990002e-05
7517	-0.0038550915690669235	0.04042355955472804	9.999000099990002e-05
7518	-0.006347044895296382	0.04042355955472804	9.999000099990002e-05
7519	-0.0006063433979101917	0.04042355955472804	9.999000099990002e-05
7520	-0.00588054947199044	0.04042355955472804	9.999000099990002e-05
7521	-0.0028522845646304583	0.04042355955472804	9.999000099990002e-05
7522	-0.008110060623418333	0.04042355955472804	9.999000099990002e-05
7523	-0.005301976737994221	0.04042355955472804	9.999000099990002e-05
7524	-0.0035595213433237197	0.04042355955472804	9.999000099990002e-05
7525	-0.0059313412244046595	0.04042355955472804	9.999000099990002e-05
7526	-0.006457042100246871	0.04042355955472804	9.999000099990002e-05
7527	-0.0028798615375250124	0.04042355955472804	9.999000099990002e-05
7528	-0.0033032388661107443	0.04042355955472804	9.999000099990002e-05
7529	-0.002469978734783386	0.04042355955472804	9.999000099990002e-05
7530	-0.007726469900171513	0.04042355955472804	9.999000099990002e-05
7531	-0.004508204932837333	0.04042355955472804	9.999000099990002e-05
7532	-0.0012412044657287152	0.04042355955472804	9.999000099990002e-05
7533	-0.0008318408718762743	0.04042355955472804	9.999000099990002e-05
7534	-0.0030299508021492338	0.04042355955472804	9.999000099990002e-05
7535	-0.0013685701515663174	0.04042355955472804	9.999000099990002e-05
7536	-0.005895796008030874	0.04042355955472804	9.999000099990002e-05
7537	-0.0064612739479719935	0.04042355955472804	9.999000099990002e-05
7538	-0.002776146700500867	0.04042355955472804	9.999000099990002e-05
7539	-0.00040056903282129216	0.04042355955472804	9.999000099990002e-05
7540	-0.00026909984432576666	0.04042355955472804	9.999000099990002e-05
7541	-0.0055656282649667	0.04042355955472804	9.999000099990002e-05
7542	-0.005680753847948304	0.04042355955472804	9.999000099990002e-05
7543	-0.0034774009293459126	0.04042355955472804	9.999000099990002e-05
7544	-0.004288341926586536	0.04042355955472804	9.999000099990002e-05
7545	-0.005388110647650124	0.04042355955472804	9.999000099990002e-05
7546	-0.0023420107774067113	0.04042355955472804	9.999000099990002e-05
7547	-0.00505369482136372	0.04042355955472804	9.999000099990002e-05
7548	-0.0068181655116412885	0.04042355955472804	9.999000099990002e-05
7549	-0.0027778016054964675	0.04042355955472804	9.999000099990002e-05
7550	-0.002743515909749124	0.04042355955472804	9.999000099990002e-05
7551	0.0005055856912516657	0.04042355955472804	9.999000099990002e-05
7552	-0.0019304695878863438	0.04042355955472804	9.999000099990002e-05
7553	0.00012796051290111382	0.04042355955472804	9.999000099990002e-05
7554	-0.0035136819176733976	0.04042355955472804	9.999000099990002e-05
7555	-0.004263186389598483	0.04042355955472804	9.999000099990002e-05
7556	-0.0029898653597871154	0.04042355955472804	9.999000099990002e-05
7557	-0.0011613275512258215	0.04042355955472804	9.999000099990002e-05
7558	-0.0020008436774148998	0.04042355955472804	9.999000099990002e-05
7559	0.00147643188850132	0.04042355955472804	9.999000099990002e-05
7560	-0.00398246021730565	0.04042355955472804	9.999000099990002e-05
7561	-0.0010817885620519828	0.04042355955472804	9.999000099990002e-05
7562	-0.007202414753575947	0.04042355955472804	9.999000099990002e-05
7563	-0.005114624679903956	0.04042355955472804	9.999000099990002e-05
7564	-0.0028179864037147116	0.04042355955472804	9.999000099990002e-05
7565	-0.004438368307514024	0.04042355955472804	9.999000099990002e-05
7566	-0.0013772099944656363	0.04042355955472804	9.999000099990002e-05
7567	-0.007662625346700057	0.04042355955472804	9.999000099990002e-05
7568	-0.004015505975052227	0.04042355955472804	9.999000099990002e-05
7569	-0.003514834195531602	0.04042355955472804	9.999000099990002e-05
7570	-0.0009266521161185495	0.04042355955472804	9.999000099990002e-05
7571	-0.008881673822004344	0.04042355955472804	9.999000099990002e-05
7572	-0.0034579613261042615	0.04042355955472804	9.999000099990002e-05
7573	-0.003923321534213065	0.04042355955472804	9.999000099990002e-05
7574	-0.005841951770560091	0.04042355955472804	9.999000099990002e-05
7575	-0.005206486315201675	0.04042355955472804	9.999000099990002e-05
7576	-0.0043441566417188925	0.04042355955472804	9.999000099990002e-05
7577	-0.003100848563405041	0.04042355955472804	9.999000099990002e-05
7578	-0.0027311225507255137	0.04042355955472804	9.999000099990002e-05
7579	0.00014815608628599846	0.04042355955472804	9.999000099990002e-05
7580	-0.005826440619000427	0.04042355955472804	9.999000099990002e-05
7581	-0.00389908638063102	0.04042355955472804	9.999000099990002e-05
7582	-0.008477977032206822	0.04042355955472804	9.999000099990002e-05
7583	-0.0028639297057683364	0.04042355955472804	9.999000099990002e-05
7584	-0.003828275837081245	0.04042355955472804	9.999000099990002e-05
7585	-0.002620992191615092	0.04042355955472804	9.999000099990002e-05
7586	-0.0015132672113313927	0.04042355955472804	9.999000099990002e-05
7587	-0.004659625835242806	0.04042355955472804	9.999000099990002e-05
7588	-0.002177804401791536	0.04042355955472804	9.999000099990002e-05
7589	-0.004076751714040358	0.04042355955472804	9.999000099990002e-05
7590	-0.007740800573353117	0.04042355955472804	9.999000099990002e-05
7591	0.001994133473361552	0.04042355955472804	9.999000099990002e-05
7592	-0.002937423588415533	0.04042355955472804	9.999000099990002e-05
7593	0.0045281090559654725	0.04042355955472804	9.999000099990002e-05
7594	-0.003434521865771531	0.04042355955472804	9.999000099990002e-05
7595	-0.004512809831504915	0.04042355955472804	9.999000099990002e-05
7596	-0.00673240455674599	0.04042355955472804	9.999000099990002e-05
7597	-9.074009716033283e-05	0.04042355955472804	9.999000099990002e-05
7598	-0.002878766257034024	0.04042355955472804	9.999000099990002e-05
7599	-0.005787565548336873	0.04042355955472804	9.999000099990002e-05
7600	0.0012684026360058956	0.04042355955472804	9.999000099990002e-05
7601	-0.004220481030454066	0.04042355955472804	9.999000099990002e-05
7602	5.280235714565096e-05	0.04042355955472804	9.999000099990002e-05
7603	-0.004717899804987005	0.04042355955472804	9.999000099990002e-05
7604	-0.0014590044289007746	0.04042355955472804	9.999000099990002e-05
7605	-0.001510415650169733	0.04042355955472804	9.999000099990002e-05
7606	-0.0035460074464540208	0.04042355955472804	9.999000099990002e-05
7607	-0.004061045890406361	0.04042355955472804	9.999000099990002e-05
7608	-0.00169491608938922	0.04042355955472804	9.999000099990002e-05
7609	-0.005880594619753136	0.04042355955472804	9.999000099990002e-05
7610	-0.004525292601180847	0.04042355955472804	9.999000099990002e-05
7611	-0.008938252913574047	0.04042355955472804	9.999000099990002e-05
7612	-0.004196588861366646	0.04042355955472804	9.999000099990002e-05
7613	-0.001691849754145537	0.04042355955472804	9.999000099990002e-05
7614	-0.005945774946825603	0.04042355955472804	9.999000099990002e-05
7615	-0.003224489164474667	0.04042355955472804	9.999000099990002e-05
7616	-0.008258482056205663	0.04042355955472804	9.999000099990002e-05
7617	-0.004061514623058082	0.04042355955472804	9.999000099990002e-05
7618	-0.0032835799874762622	0.04042355955472804	9.999000099990002e-05
7619	-0.006015766732717256	0.04042355955472804	9.999000099990002e-05
7620	-0.0007734462900860203	0.04042355955472804	9.999000099990002e-05
7621	-0.004062136054022655	0.04042355955472804	9.999000099990002e-05
7622	-0.005016153369827638	0.04042355955472804	9.999000099990002e-05
7623	-0.0011631735888035012	0.04042355955472804	9.999000099990002e-05
7624	-0.011657405786346843	0.04042355955472804	9.999000099990002e-05
7625	-0.0035656103664853138	0.04042355955472804	9.999000099990002e-05
7626	-0.0077500488626666055	0.04042355955472804	9.999000099990002e-05
7627	-0.004397318276565375	0.04042355955472804	9.999000099990002e-05
7628	-0.005622666471002629	0.04042355955472804	9.999000099990002e-05
7629	-0.005533196570654614	0.04042355955472804	9.999000099990002e-05
7630	0.0008553443508516445	0.04042355955472804	9.999000099990002e-05
7631	-0.00303138766287975	0.04042355955472804	9.999000099990002e-05
7632	-0.0034056286249561445	0.04042355955472804	9.999000099990002e-05
7633	-0.006732369161823385	0.04042355955472804	9.999000099990002e-05
7634	-0.00197433903602075	0.04042355955472804	9.999000099990002e-05
7635	-0.0020192496719709367	0.04042355955472804	9.999000099990002e-05
7636	-0.005148341806234189	0.04042355955472804	9.999000099990002e-05
7637	-0.000550434174487198	0.04042355955472804	9.999000099990002e-05
7638	-0.002502080506096763	0.04042355955472804	9.999000099990002e-05
7639	-0.005619310032048167	0.04042355955472804	9.999000099990002e-05
7640	-0.0041371747711506975	0.04042355955472804	9.999000099990002e-05
7641	-0.002695003744241785	0.04042355955472804	9.999000099990002e-05
7642	-0.0026448596804385426	0.04042355955472804	9.999000099990002e-05
7643	-0.003455753721697595	0.04042355955472804	9.999000099990002e-05
7644	-0.0018899426515738157	0.04042355955472804	9.999000099990002e-05
7645	-0.005433647966094179	0.04042355955472804	9.999000099990002e-05
7646	-0.003211524138978217	0.04042355955472804	9.999000099990002e-05
7647	-0.005223943110267966	0.04042355955472804	9.999000099990002e-05
7648	-0.004921924795262404	0.04042355955472804	9.999000099990002e-05
7649	-0.005457904260447925	0.04042355955472804	9.999000099990002e-05
7650	-0.007971168465615446	0.04042355955472804	9.999000099990002e-05
7651	-0.0017888398251834955	0.04042355955472804	9.999000099990002e-05
7652	-6.315175557052854e-05	0.04042355955472804	9.999000099990002e-05
7653	-0.0017375086464541944	0.04042355955472804	9.999000099990002e-05
7654	-0.004187069589295121	0.04042355955472804	9.999000099990002e-05
7655	-0.002925321352630372	0.04042355955472804	9.999000099990002e-05
7656	-0.001240736329404489	0.04042355955472804	9.999000099990002e-05
7657	-0.004465962285360528	0.04042355955472804	9.999000099990002e-05
7658	-0.003296413089940521	0.04042355955472804	9.999000099990002e-05
7659	-0.00026383446486051424	0.04042355955472804	9.999000099990002e-05
7660	-0.0024727160703741603	0.04042355955472804	9.999000099990002e-05
7661	-0.006156997610031424	0.04042355955472804	9.999000099990002e-05
7662	-0.004631445359681423	0.04042355955472804	9.999000099990002e-05
7663	0.0017515654514221324	0.04042355955472804	9.999000099990002e-05
7664	-0.002123207156578649	0.04042355955472804	9.999000099990002e-05
7665	-0.0008225170220975617	0.04042355955472804	9.999000099990002e-05
7666	-0.005365932843181011	0.04042355955472804	9.999000099990002e-05
7667	-0.004566489290221872	0.04042355955472804	9.999000099990002e-05
7668	-0.0033707152464236474	0.04042355955472804	9.999000099990002e-05
7669	-0.004142496340055592	0.04042355955472804	9.999000099990002e-05
7670	-0.003549097327015793	0.04042355955472804	9.999000099990002e-05
7671	-0.00581947157033913	0.04042355955472804	9.999000099990002e-05
7672	-0.008349187354770894	0.04042355955472804	9.999000099990002e-05
7673	-0.0019769340609389965	0.04042355955472804	9.999000099990002e-05
7674	-0.0011899125291962216	0.04042355955472804	9.999000099990002e-05
7675	0.000673242840984603	0.04042355955472804	9.999000099990002e-05
7676	-0.00519245449827966	0.04042355955472804	9.999000099990002e-05
7677	-0.003520383215286987	0.04042355955472804	9.999000099990002e-05
7678	-0.0004073340605319581	0.04042355955472804	9.999000099990002e-05
7679	-0.0023579655581539684	0.04042355955472804	9.999000099990002e-05
7680	-0.0017108667150803434	0.04042355955472804	9.999000099990002e-05
7681	-0.000842701342205418	0.04042355955472804	9.999000099990002e-05
7682	-0.00057209621337755	0.04042355955472804	9.999000099990002e-05
7683	-0.0026831753189611855	0.04042355955472804	9.999000099990002e-05
7684	-0.002066096871860647	0.04042355955472804	9.999000099990002e-05
7685	-0.0032462483855112147	0.04042355955472804	9.999000099990002e-05
7686	-0.006719820026667563	0.04042355955472804	9.999000099990002e-05
7687	-0.004821326788955775	0.04042355955472804	9.999000099990002e-05
7688	-0.006202730985568522	0.04042355955472804	9.999000099990002e-05
7689	-0.005456235235956022	0.04042355955472804	9.999000099990002e-05
7690	-0.008716332481264851	0.04042355955472804	9.999000099990002e-05
7691	-0.007117829891166124	0.04042355955472804	9.999000099990002e-05
7692	-0.0013150013404552518	0.04042355955472804	9.999000099990002e-05
7693	-0.004919919134278319	0.04042355955472804	9.999000099990002e-05
7694	-0.006778867048452422	0.04042355955472804	9.999000099990002e-05
7695	0.002875348723365334	0.04042355955472804	9.999000099990002e-05
7696	-0.002654473153018766	0.04042355955472804	9.999000099990002e-05
7697	6.496214815279039e-05	0.04042355955472804	9.999000099990002e-05
7698	-0.004028303124739119	0.04042355955472804	9.999000099990002e-05
7699	-0.005317083675690437	0.04042355955472804	9.999000099990002e-05
7700	-0.004071980247636444	0.04042355955472804	9.999000099990002e-05
7701	-0.003479736224783152	0.04042355955472804	9.999000099990002e-05
7702	-0.0036230533634758312	0.04042355955472804	9.999000099990002e-05
7703	-0.005090746053221703	0.04042355955472804	9.999000099990002e-05
7704	-0.003415481378755016	0.04042355955472804	9.999000099990002e-05
7705	-0.003310772598442223	0.04042355955472804	9.999000099990002e-05
7706	-0.005543873122040801	0.04042355955472804	9.999000099990002e-05
7707	-0.006348565049513255	0.04042355955472804	9.999000099990002e-05
7708	-0.006433880913256767	0.04042355955472804	9.999000099990002e-05
7709	-0.003598493634606209	0.04042355955472804	9.999000099990002e-05
7710	-0.0020322092728107823	0.04042355955472804	9.999000099990002e-05
7711	-0.0040786949337642455	0.04042355955472804	9.999000099990002e-05
7712	-0.003052987241273515	0.04042355955472804	9.999000099990002e-05
7713	-0.0016693126335028479	0.04042355955472804	9.999000099990002e-05
7714	-0.004158537780654124	0.04042355955472804	9.999000099990002e-05
7715	-0.005860042538704836	0.04042355955472804	9.999000099990002e-05
7716	-0.00687457978598441	0.04042355955472804	9.999000099990002e-05
7717	0.00023767434687066297	0.04042355955472804	9.999000099990002e-05
7718	-0.008396103613232429	0.04042355955472804	9.999000099990002e-05
7719	-0.006590225499469735	0.04042355955472804	9.999000099990002e-05
7720	-0.005819416881336424	0.04042355955472804	9.999000099990002e-05
7721	-0.0016749764943929948	0.04042355955472804	9.999000099990002e-05
7722	-0.008075960077741695	0.04042355955472804	9.999000099990002e-05
7723	0.0003258002212145228	0.04042355955472804	9.999000099990002e-05
7724	0.0019165311443090846	0.04042355955472804	9.999000099990002e-05
7725	-0.005080359432418963	0.04042355955472804	9.999000099990002e-05
7726	-0.004604825088461294	0.04042355955472804	9.999000099990002e-05
7727	-0.0034895594315161997	0.04042355955472804	9.999000099990002e-05
7728	-0.003359245752589203	0.04042355955472804	9.999000099990002e-05
7729	-0.0037438115097720034	0.04042355955472804	9.999000099990002e-05
7730	0.004316099605950106	0.04042355955472804	9.999000099990002e-05
7731	-0.004896518242869405	0.04042355955472804	9.999000099990002e-05
7732	-0.006005440071682867	0.04042355955472804	9.999000099990002e-05
7733	-0.003557197339636241	0.04042355955472804	9.999000099990002e-05
7734	-0.004767963499232283	0.04042355955472804	9.999000099990002e-05
7735	-0.002755913058337811	0.04042355955472804	9.999000099990002e-05
7736	-0.006988112693630551	0.04042355955472804	9.999000099990002e-05
7737	-0.0038342698902793055	0.04042355955472804	9.999000099990002e-05
7738	-0.003224081334173483	0.04042355955472804	9.999000099990002e-05
7739	0.0011319962597704403	0.04042355955472804	9.999000099990002e-05
7740	-0.008479900053741173	0.04042355955472804	9.999000099990002e-05
7741	0.0017385393889205486	0.04042355955472804	9.999000099990002e-05
7742	-0.003057578212808508	0.04042355955472804	9.999000099990002e-05
7743	-0.0028486881519479883	0.04042355955472804	9.999000099990002e-05
7744	-0.0005764791243239989	0.04042355955472804	9.999000099990002e-05
7745	-0.0035456822556025696	0.04042355955472804	9.999000099990002e-05
7746	-0.0030743481155397654	0.04042355955472804	9.999000099990002e-05
7747	-0.0032611909099446446	0.04042355955472804	9.999000099990002e-05
7748	0.001459084279076732	0.04042355955472804	9.999000099990002e-05
7749	-0.004325030456669643	0.04042355955472804	9.999000099990002e-05
7750	-0.0012742819827237823	0.04042355955472804	9.999000099990002e-05
7751	-0.003533610798010982	0.04042355955472804	9.999000099990002e-05
7752	-0.0005440882880638793	0.04042355955472804	9.999000099990002e-05
7753	-0.00027515518460177887	0.04042355955472804	9.999000099990002e-05
7754	-0.0013300011315650882	0.04042355955472804	9.999000099990002e-05
7755	-0.0024329451426776034	0.04042355955472804	9.999000099990002e-05
7756	-0.004877384978835643	0.04042355955472804	9.999000099990002e-05
7757	-0.004601214075373251	0.04042355955472804	9.999000099990002e-05
7758	0.0035802807539784707	0.04042355955472804	9.999000099990002e-05
7759	-0.005931282264927599	0.04042355955472804	9.999000099990002e-05
7760	-0.0028933586795155757	0.04042355955472804	9.999000099990002e-05
7761	-0.0020200147216812695	0.04042355955472804	9.999000099990002e-05
7762	-0.001318421624925005	0.04042355955472804	9.999000099990002e-05
7763	-0.0012941573090045524	0.04042355955472804	9.999000099990002e-05
7764	-0.0026549065292206255	0.04042355955472804	9.999000099990002e-05
7765	-0.0031934261379579706	0.04042355955472804	9.999000099990002e-05
7766	-0.004654109401899862	0.04042355955472804	9.999000099990002e-05
7767	-0.00043195003655032707	0.04042355955472804	9.999000099990002e-05
7768	-0.005146417880590395	0.04042355955472804	9.999000099990002e-05
7769	-0.0026536423341560465	0.04042355955472804	9.999000099990002e-05
7770	-0.0037909239022720725	0.04042355955472804	9.999000099990002e-05
7771	-0.0013537263866615038	0.04042355955472804	9.999000099990002e-05
7772	-0.0017561788910384166	0.04042355955472804	9.999000099990002e-05
7773	5.4119336812205596e-05	0.04042355955472804	9.999000099990002e-05
7774	-0.00288456356062968	0.04042355955472804	9.999000099990002e-05
7775	-0.001930352399914323	0.04042355955472804	9.999000099990002e-05
7776	-0.003532878604022281	0.04042355955472804	9.999000099990002e-05
7777	-0.0015143970211082922	0.04042355955472804	9.999000099990002e-05
7778	-0.004454164349727933	0.04042355955472804	9.999000099990002e-05
7779	-0.0032563337455080053	0.04042355955472804	9.999000099990002e-05
7780	-0.004139769680650716	0.04042355955472804	9.999000099990002e-05
7781	-0.0017492017246285602	0.04042355955472804	9.999000099990002e-05
7782	-0.002594143219180359	0.04042355955472804	9.999000099990002e-05
7783	-0.0022627506771393706	0.04042355955472804	9.999000099990002e-05
7784	-0.0032028359358422325	0.04042355955472804	9.999000099990002e-05
7785	-0.005432684858708209	0.04042355955472804	9.999000099990002e-05
7786	-0.0023698181443165224	0.04042355955472804	9.999000099990002e-05
7787	-0.0031536805060892585	0.04042355955472804	9.999000099990002e-05
7788	-0.002589210475042124	0.04042355955472804	9.999000099990002e-05
7789	-0.007515806938415799	0.04042355955472804	9.999000099990002e-05
7790	-0.0053386472820704635	0.04042355955472804	9.999000099990002e-05
7791	-0.0026026799743675876	0.04042355955472804	9.999000099990002e-05
7792	-0.00506746046462046	0.04042355955472804	9.999000099990002e-05
7793	-0.004846680345146718	0.04042355955472804	9.999000099990002e-05
7794	-0.0030289143272443433	0.04042355955472804	9.999000099990002e-05
7795	-0.00017487677136263785	0.04042355955472804	9.999000099990002e-05
7796	-0.005501215507569167	0.04042355955472804	9.999000099990002e-05
7797	-0.00031663959204358133	0.04042355955472804	9.999000099990002e-05
7798	-0.008706227846424339	0.04042355955472804	9.999000099990002e-05
7799	6.0574447349973084e-05	0.04042355955472804	9.999000099990002e-05
7800	0.0015553239585190364	0.04042355955472804	9.999000099990002e-05
7801	-0.005744719032702196	0.04042355955472804	9.999000099990002e-05
7802	-0.0010126521598687987	0.04042355955472804	9.999000099990002e-05
7803	-0.0037872818032085214	0.04042355955472804	9.999000099990002e-05
7804	-0.0034177191650277506	0.04042355955472804	9.999000099990002e-05
7805	-0.0015891291104828704	0.04042355955472804	9.999000099990002e-05
7806	-0.0011300948214443246	0.04042355955472804	9.999000099990002e-05
7807	-0.0031445477311835127	0.04042355955472804	9.999000099990002e-05
7808	-0.0010148355456843909	0.04042355955472804	9.999000099990002e-05
7809	-0.0007176040284704213	0.04042355955472804	9.999000099990002e-05
7810	-0.00428191838293356	0.04042355955472804	9.999000099990002e-05
7811	-0.003008026321449582	0.04042355955472804	9.999000099990002e-05
7812	-0.003415304692687543	0.04042355955472804	9.999000099990002e-05
7813	-0.006807207974584166	0.04042355955472804	9.999000099990002e-05
7814	-0.002931559688503532	0.04042355955472804	9.999000099990002e-05
7815	-0.0040981511379940576	0.04042355955472804	9.999000099990002e-05
7816	-0.0034312496244128564	0.04042355955472804	9.999000099990002e-05
7817	-0.003700405677414642	0.04042355955472804	9.999000099990002e-05
7818	-0.00383137046902664	0.04042355955472804	9.999000099990002e-05
7819	-0.0007323763687297716	0.04042355955472804	9.999000099990002e-05
7820	-0.005248866214185442	0.04042355955472804	9.999000099990002e-05
7821	-0.006678131021183989	0.04042355955472804	9.999000099990002e-05
7822	-0.005319901957930297	0.04042355955472804	9.999000099990002e-05
7823	-0.003916620832926959	0.04042355955472804	9.999000099990002e-05
7824	-5.985366052926044e-05	0.04042355955472804	9.999000099990002e-05
7825	-0.004510899986884686	0.04042355955472804	9.999000099990002e-05
7826	5.723518647479664e-05	0.04042355955472804	9.999000099990002e-05
7827	-0.004126064882035393	0.04042355955472804	9.999000099990002e-05
7828	-0.003834601429133186	0.04042355955472804	9.999000099990002e-05
7829	-0.005918306467063388	0.04042355955472804	9.999000099990002e-05
7830	-0.002572840515699959	0.04042355955472804	9.999000099990002e-05
7831	-0.0103380165911978	0.04042355955472804	9.999000099990002e-05
7832	-0.0034786016251498785	0.04042355955472804	9.999000099990002e-05
7833	-0.0038651794297919415	0.04042355955472804	9.999000099990002e-05
7834	-0.005429716205756376	0.04042355955472804	9.999000099990002e-05
7835	-0.009904161345992648	0.04042355955472804	9.999000099990002e-05
7836	-0.0037403563305252836	0.04042355955472804	9.999000099990002e-05
7837	-0.0030721241986905053	0.04042355955472804	9.999000099990002e-05
7838	0.00011815836999430062	0.04042355955472804	9.999000099990002e-05
7839	-0.010342116535127103	0.04042355955472804	9.999000099990002e-05
7840	-0.0035741371187596447	0.04042355955472804	9.999000099990002e-05
7841	-0.0007961265100924486	0.04042355955472804	9.999000099990002e-05
7842	-0.003207793725735486	0.04042355955472804	9.999000099990002e-05
7843	0.003782959140576002	0.04042355955472804	9.999000099990002e-05
7844	-0.004895356308352963	0.04042355955472804	9.999000099990002e-05
7845	-0.004141203309670907	0.04042355955472804	9.999000099990002e-05
7846	-3.78365374669537e-05	0.04042355955472804	9.999000099990002e-05
7847	-0.0035223243190100686	0.04042355955472804	9.999000099990002e-05
7848	-0.0009709437448868999	0.04042355955472804	9.999000099990002e-05
7849	-0.00016900434973830675	0.04042355955472804	9.999000099990002e-05
7850	-0.0023200551337860644	0.04042355955472804	9.999000099990002e-05
7851	0.0008315945886186004	0.04042355955472804	9.999000099990002e-05
7852	-0.002275070514753079	0.04042355955472804	9.999000099990002e-05
7853	0.001220511189717416	0.04042355955472804	9.999000099990002e-05
7854	-0.0006328427493023245	0.04042355955472804	9.999000099990002e-05
7855	-0.0003712582473373666	0.04042355955472804	9.999000099990002e-05
7856	-0.0012279408148091254	0.04042355955472804	9.999000099990002e-05
7857	0.0016656597043624446	0.04042355955472804	9.999000099990002e-05
7858	-0.00498745712868748	0.04042355955472804	9.999000099990002e-05
7859	-0.004658853629602458	0.04042355955472804	9.999000099990002e-05
7860	-0.0033179674628624825	0.04042355955472804	9.999000099990002e-05
7861	-0.0033438942629086922	0.04042355955472804	9.999000099990002e-05
7862	-0.008069692906548426	0.04042355955472804	9.999000099990002e-05
7863	-0.0025616958856986656	0.04042355955472804	9.999000099990002e-05
7864	0.0027098582238052325	0.04042355955472804	9.999000099990002e-05
7865	-0.0032841130850252893	0.04042355955472804	9.999000099990002e-05
7866	-0.0072305295369304206	0.04042355955472804	9.999000099990002e-05
7867	-0.0057128015650592156	0.04042355955472804	9.999000099990002e-05
7868	-0.002752794227037718	0.04042355955472804	9.999000099990002e-05
7869	-0.002621726578550075	0.04042355955472804	9.999000099990002e-05
7870	-0.002341660021418221	0.04042355955472804	9.999000099990002e-05
7871	-0.0010068465076881333	0.04042355955472804	9.999000099990002e-05
7872	-0.00338596482181069	0.04042355955472804	9.999000099990002e-05
7873	-0.002829859014939455	0.04042355955472804	9.999000099990002e-05
7874	-0.011183207581481228	0.04042355955472804	9.999000099990002e-05
7875	-0.0064042166017469326	0.04042355955472804	9.999000099990002e-05
7876	-0.003488686138746348	0.04042355955472804	9.999000099990002e-05
7877	-0.00797177531541082	0.04042355955472804	9.999000099990002e-05
7878	-0.006601056692042244	0.04042355955472804	9.999000099990002e-05
7879	-0.0019034718990675547	0.04042355955472804	9.999000099990002e-05
7880	-0.005586016048170439	0.04042355955472804	9.999000099990002e-05
7881	-0.004078258883706816	0.04042355955472804	9.999000099990002e-05
7882	-0.004075049833826817	0.04042355955472804	9.999000099990002e-05
7883	-0.006473335017923248	0.04042355955472804	9.999000099990002e-05
7884	-0.004346380481622655	0.04042355955472804	9.999000099990002e-05
7885	-0.005689373377239874	0.04042355955472804	9.999000099990002e-05
7886	-0.0063173206817273035	0.04042355955472804	9.999000099990002e-05
7887	-0.005042493290177062	0.04042355955472804	9.999000099990002e-05
7888	-0.0010802223367266134	0.04042355955472804	9.999000099990002e-05
7889	-0.004348611977602087	0.04042355955472804	9.999000099990002e-05
7890	-0.006637964362863585	0.04042355955472804	9.999000099990002e-05
7891	-0.003179918512145226	0.04042355955472804	9.999000099990002e-05
7892	-0.0038472863153590315	0.04042355955472804	9.999000099990002e-05
7893	-0.0011011158441234681	0.04042355955472804	9.999000099990002e-05
7894	-0.00011962981771982961	0.04042355955472804	9.999000099990002e-05
7895	-0.0038892804673954866	0.04042355955472804	9.999000099990002e-05
7896	-0.0006795397900801456	0.04042355955472804	9.999000099990002e-05
7897	0.0008507784827807855	0.04042355955472804	9.999000099990002e-05
7898	0.00032754294024365247	0.04042355955472804	9.999000099990002e-05
7899	-0.002896855543978209	0.04042355955472804	9.999000099990002e-05
7900	-0.00851914157727193	0.04042355955472804	9.999000099990002e-05
7901	-0.006983715239987634	0.04042355955472804	9.999000099990002e-05
7902	-0.0007606330395566075	0.04042355955472804	9.999000099990002e-05
7903	-0.008216232368217074	0.04042355955472804	9.999000099990002e-05
7904	-0.0029480435463982864	0.04042355955472804	9.999000099990002e-05
7905	0.000272802499485178	0.04042355955472804	9.999000099990002e-05
7906	-0.002702113160702134	0.04042355955472804	9.999000099990002e-05
7907	-0.004391549904471673	0.04042355955472804	9.999000099990002e-05
7908	-0.012885152679300104	0.04042355955472804	9.999000099990002e-05
7909	0.00024288609533362342	0.04042355955472804	9.999000099990002e-05
7910	-0.0024266319773213114	0.04042355955472804	9.999000099990002e-05
7911	-0.0027436620292231014	0.04042355955472804	9.999000099990002e-05
7912	-0.004262271123067147	0.04042355955472804	9.999000099990002e-05
7913	-0.004507513558427857	0.04042355955472804	9.999000099990002e-05
7914	-0.004920167052627535	0.04042355955472804	9.999000099990002e-05
7915	-0.006426965360943178	0.04042355955472804	9.999000099990002e-05
7916	-0.00538709371689815	0.04042355955472804	9.999000099990002e-05
7917	-0.00047604462717071164	0.04042355955472804	9.999000099990002e-05
7918	-0.0031162180006196736	0.04042355955472804	9.999000099990002e-05
7919	-0.005132670781195284	0.04042355955472804	9.999000099990002e-05
7920	-0.004242079627792915	0.04042355955472804	9.999000099990002e-05
7921	-0.0030196743865158497	0.04042355955472804	9.999000099990002e-05
7922	-0.005528798770757027	0.04042355955472804	9.999000099990002e-05
7923	-0.004673341040734823	0.04042355955472804	9.999000099990002e-05
7924	0.0007449980634769426	0.04042355955472804	9.999000099990002e-05
7925	-0.003355746214271002	0.04042355955472804	9.999000099990002e-05
7926	-0.0038959361940462288	0.04042355955472804	9.999000099990002e-05
7927	-0.0038174522428752744	0.04042355955472804	9.999000099990002e-05
7928	-0.008684064834724505	0.04042355955472804	9.999000099990002e-05
7929	-0.005636134566073014	0.04042355955472804	9.999000099990002e-05
7930	-0.006362645476744743	0.04042355955472804	9.999000099990002e-05
7931	-0.0036311515678774096	0.04042355955472804	9.999000099990002e-05
7932	-0.0021218205220127685	0.04042355955472804	9.999000099990002e-05
7933	-0.003442300227032795	0.04042355955472804	9.999000099990002e-05
7934	-0.0018711359249374768	0.04042355955472804	9.999000099990002e-05
7935	-0.0007232676392877515	0.04042355955472804	9.999000099990002e-05
7936	-0.004419527301664594	0.04042355955472804	9.999000099990002e-05
7937	-0.004566666688035063	0.04042355955472804	9.999000099990002e-05
7938	-0.0073840826371683	0.04042355955472804	9.999000099990002e-05
7939	-0.0027773463190680593	0.04042355955472804	9.999000099990002e-05
7940	-0.0024012636668338293	0.04042355955472804	9.999000099990002e-05
7941	0.0006456187197447672	0.04042355955472804	9.999000099990002e-05
7942	-0.004984056850043541	0.04042355955472804	9.999000099990002e-05
7943	-0.003606620520436922	0.04042355955472804	9.999000099990002e-05
7944	-0.0025582225665541124	0.04042355955472804	9.999000099990002e-05
7945	-0.0010878411130542027	0.04042355955472804	9.999000099990002e-05
7946	-0.004154665749248223	0.04042355955472804	9.999000099990002e-05
7947	-0.005322101156042839	0.04042355955472804	9.999000099990002e-05
7948	-0.005248283833053952	0.04042355955472804	9.999000099990002e-05
7949	-0.004789058815397118	0.04042355955472804	9.999000099990002e-05
7950	-0.0012150035858687388	0.04042355955472804	9.999000099990002e-05
7951	-0.00348728513461134	0.04042355955472804	9.999000099990002e-05
7952	-0.0014985745481206542	0.04042355955472804	9.999000099990002e-05
7953	-0.0021385444305810075	0.04042355955472804	9.999000099990002e-05
7954	0.0004084705838023325	0.04042355955472804	9.999000099990002e-05
7955	-0.0029169822319186052	0.04042355955472804	9.999000099990002e-05
7956	-0.0006872287406890762	0.04042355955472804	9.999000099990002e-05
7957	-0.004942862161585107	0.04042355955472804	9.999000099990002e-05
7958	-0.005811850350992425	0.04042355955472804	9.999000099990002e-05
7959	-0.003947196005839175	0.04042355955472804	9.999000099990002e-05
7960	-0.002966851927362529	0.04042355955472804	9.999000099990002e-05
7961	0.00027120503429332865	0.04042355955472804	9.999000099990002e-05
7962	-0.0039005909918601355	0.04042355955472804	9.999000099990002e-05
7963	-0.001494708941662659	0.04042355955472804	9.999000099990002e-05
7964	0.00038368615488327125	0.04042355955472804	9.999000099990002e-05
7965	-0.00034310414484060305	0.04042355955472804	9.999000099990002e-05
7966	-0.0021044297076989473	0.04042355955472804	9.999000099990002e-05
7967	-0.003280238976091328	0.04042355955472804	9.999000099990002e-05
7968	-0.00568684248638249	0.04042355955472804	9.999000099990002e-05
7969	-0.0017119029591487838	0.04042355955472804	9.999000099990002e-05
7970	-0.0038127439679500412	0.04042355955472804	9.999000099990002e-05
7971	-0.0029529193124056678	0.04042355955472804	9.999000099990002e-05
7972	-0.0017630672815961812	0.04042355955472804	9.999000099990002e-05
7973	-0.0051424990855666415	0.04042355955472804	9.999000099990002e-05
7974	-0.003771674162012012	0.04042355955472804	9.999000099990002e-05
7975	-0.00035980548914568147	0.04042355955472804	9.999000099990002e-05
7976	-0.0024021550417924046	0.04042355955472804	9.999000099990002e-05
7977	-0.004247555818647765	0.04042355955472804	9.999000099990002e-05
7978	-0.0005187651253390879	0.04042355955472804	9.999000099990002e-05
7979	-0.0032035295801434854	0.04042355955472804	9.999000099990002e-05
7980	-0.006444045161610954	0.04042355955472804	9.999000099990002e-05
7981	-6.011146637316389e-05	0.04042355955472804	9.999000099990002e-05
7982	-0.0028217216260501845	0.04042355955472804	9.999000099990002e-05
7983	0.0005149570933394465	0.04042355955472804	9.999000099990002e-05
7984	-0.002069817820808853	0.04042355955472804	9.999000099990002e-05
7985	-0.00039452313760342944	0.04042355955472804	9.999000099990002e-05
7986	-0.0026479423088884473	0.04042355955472804	9.999000099990002e-05
7987	-0.003965223928759931	0.04042355955472804	9.999000099990002e-05
7988	3.623795656559903e-05	0.04042355955472804	9.999000099990002e-05
7989	-0.003028796273635627	0.04042355955472804	9.999000099990002e-05
7990	-0.0027034992181768926	0.04042355955472804	9.999000099990002e-05
7991	-0.004399435200719219	0.04042355955472804	9.999000099990002e-05
7992	-0.004380471389877445	0.04042355955472804	9.999000099990002e-05
7993	-0.003957470093871681	0.04042355955472804	9.999000099990002e-05
7994	-0.0029199469991235045	0.04042355955472804	9.999000099990002e-05
7995	-0.006677344657574612	0.04042355955472804	9.999000099990002e-05
7996	-0.0014647708965937478	0.04042355955472804	9.999000099990002e-05
7997	-0.004057386459372554	0.04042355955472804	9.999000099990002e-05
7998	-0.0035923509996786786	0.04042355955472804	9.999000099990002e-05
7999	-0.002988713543601816	0.04042355955472804	9.999000099990002e-05
8000	-0.0025632020743102018	0.04042355955472804	9.999000099990002e-05
8001	-0.004791590764254912	0.04042355955472804	9.999000099990002e-05
8002	-0.0006357915695556687	0.04042355955472804	9.999000099990002e-05
8003	-0.004390639850996874	0.04042355955472804	9.999000099990002e-05
8004	-0.002556198919563153	0.04042355955472804	9.999000099990002e-05
8005	-0.0033211417333837397	0.04042355955472804	9.999000099990002e-05
8006	-0.009043007764995345	0.04042355955472804	9.999000099990002e-05
8007	-0.004043572494351911	0.04042355955472804	9.999000099990002e-05
8008	0.0007205033920139839	0.04042355955472804	9.999000099990002e-05
8009	-3.001316309754476e-06	0.04042355955472804	9.999000099990002e-05
8010	-0.0055559093193643825	0.04042355955472804	9.999000099990002e-05
8011	-0.004420875886688669	0.04042355955472804	9.999000099990002e-05
8012	-0.0025098193173792816	0.04042355955472804	9.999000099990002e-05
8013	-0.0022203052590760385	0.04042355955472804	9.999000099990002e-05
8014	-0.005506057456036356	0.04042355955472804	9.999000099990002e-05
8015	-0.0030137204026785477	0.04042355955472804	9.999000099990002e-05
8016	-0.009574229325418489	0.04042355955472804	9.999000099990002e-05
8017	-0.002661883830285071	0.04042355955472804	9.999000099990002e-05
8018	-0.0012254263710489294	0.04042355955472804	9.999000099990002e-05
8019	-0.004043455921943756	0.04042355955472804	9.999000099990002e-05
8020	-0.0029847951910145928	0.04042355955472804	9.999000099990002e-05
8021	-0.0011882282117893883	0.04042355955472804	9.999000099990002e-05
8022	-0.001754208548031448	0.04042355955472804	9.999000099990002e-05
8023	-0.0029162615028070203	0.04042355955472804	9.999000099990002e-05
8024	-0.0006371440980358064	0.04042355955472804	9.999000099990002e-05
8025	-0.00627574682516044	0.04042355955472804	9.999000099990002e-05
8026	-0.003052554480635529	0.04042355955472804	9.999000099990002e-05
8027	-0.006042359611345106	0.04042355955472804	9.999000099990002e-05
8028	-0.007501747498065048	0.04042355955472804	9.999000099990002e-05
8029	-0.005047428650461748	0.04042355955472804	9.999000099990002e-05
8030	-0.008627315962944516	0.04042355955472804	9.999000099990002e-05
8031	-0.0054440169856174656	0.04042355955472804	9.999000099990002e-05
8032	-0.0010131745042864459	0.04042355955472804	9.999000099990002e-05
8033	-0.004448205210543202	0.04042355955472804	9.999000099990002e-05
8034	-0.0006778007836706054	0.04042355955472804	9.999000099990002e-05
8035	-0.006741240976120386	0.04042355955472804	9.999000099990002e-05
8036	-0.0024328967247318383	0.04042355955472804	9.999000099990002e-05
8037	-0.00028644041323858257	0.04042355955472804	9.999000099990002e-05
8038	-0.004677730915247566	0.04042355955472804	9.999000099990002e-05
8039	-0.0009445442110238012	0.04042355955472804	9.999000099990002e-05
8040	-0.006186930268916461	0.04042355955472804	9.999000099990002e-05
8041	-0.005544903191234162	0.04042355955472804	9.999000099990002e-05
8042	0.0023092017616778244	0.04042355955472804	9.999000099990002e-05
8043	-0.0033450013930042045	0.04042355955472804	9.999000099990002e-05
8044	0.0007708310285055059	0.04042355955472804	9.999000099990002e-05
8045	-0.004679938365763257	0.04042355955472804	9.999000099990002e-05
8046	-0.006069363763584554	0.04042355955472804	9.999000099990002e-05
8047	0.0012960128878222467	0.04042355955472804	9.999000099990002e-05
8048	-0.005741161150470806	0.04042355955472804	9.999000099990002e-05
8049	-0.00321011628669514	0.04042355955472804	9.999000099990002e-05
8050	-0.002711604943999528	0.04042355955472804	9.999000099990002e-05
8051	-0.006919932531448883	0.04042355955472804	9.999000099990002e-05
8052	-0.006285696376378086	0.04042355955472804	9.999000099990002e-05
8053	-0.006590638773663918	0.04042355955472804	9.999000099990002e-05
8054	0.0013073723688510398	0.04042355955472804	9.999000099990002e-05
8055	-0.0028630164590559572	0.04042355955472804	9.999000099990002e-05
8056	-0.002119255236524062	0.04042355955472804	9.999000099990002e-05
8057	-0.0007350501088780742	0.04042355955472804	9.999000099990002e-05
8058	-0.004862454804152383	0.04042355955472804	9.999000099990002e-05
8059	-0.0070526889794178	0.04042355955472804	9.999000099990002e-05
8060	-0.006917894399470573	0.04042355955472804	9.999000099990002e-05
8061	-0.00482001005936204	0.04042355955472804	9.999000099990002e-05
8062	-0.006437834122148216	0.04042355955472804	9.999000099990002e-05
8063	-0.0026438759901356245	0.04042355955472804	9.999000099990002e-05
8064	-0.007315744602089993	0.04042355955472804	9.999000099990002e-05
8065	0.0016470102542952545	0.04042355955472804	9.999000099990002e-05
8066	-0.005038805331605093	0.04042355955472804	9.999000099990002e-05
8067	-0.003678724036662266	0.04042355955472804	9.999000099990002e-05
8068	-0.0024337073646414032	0.04042355955472804	9.999000099990002e-05
8069	9.068267659296386e-05	0.04042355955472804	9.999000099990002e-05
8070	-0.0021891725391872717	0.04042355955472804	9.999000099990002e-05
8071	0.0019128206984194319	0.04042355955472804	9.999000099990002e-05
8072	-0.006047942179331488	0.04042355955472804	9.999000099990002e-05
8073	-0.0028861453674155478	0.04042355955472804	9.999000099990002e-05
8074	-0.005018913923718174	0.04042355955472804	9.999000099990002e-05
8075	-0.00788248213960302	0.04042355955472804	9.999000099990002e-05
8076	-0.004897110973168482	0.04042355955472804	9.999000099990002e-05
8077	-0.003623881123755565	0.04042355955472804	9.999000099990002e-05
8078	-0.0006057149649065716	0.04042355955472804	9.999000099990002e-05
8079	-0.006843476574688737	0.04042355955472804	9.999000099990002e-05
8080	-0.006079541804416731	0.04042355955472804	9.999000099990002e-05
8081	-0.004908932030918993	0.04042355955472804	9.999000099990002e-05
8082	-0.0008339902093152371	0.04042355955472804	9.999000099990002e-05
8083	-0.006552590674588898	0.04042355955472804	9.999000099990002e-05
8084	-0.0057039713013235325	0.04042355955472804	9.999000099990002e-05
8085	-0.003355721764843486	0.04042355955472804	9.999000099990002e-05
8086	-0.0010039927535801824	0.04042355955472804	9.999000099990002e-05
8087	-0.0016111573521676054	0.04042355955472804	9.999000099990002e-05
8088	-0.0043934460912685045	0.04042355955472804	9.999000099990002e-05
8089	0.0010857702984816003	0.04042355955472804	9.999000099990002e-05
8090	0.000883622374050276	0.04042355955472804	9.999000099990002e-05
8091	-0.0004863572264179036	0.04042355955472804	9.999000099990002e-05
8092	-0.00441114282159005	0.04042355955472804	9.999000099990002e-05
8093	-0.005707005434882185	0.04042355955472804	9.999000099990002e-05
8094	-0.0011017739011384045	0.04042355955472804	9.999000099990002e-05
8095	-0.002225764925888217	0.04042355955472804	9.999000099990002e-05
8096	-0.00018699807039144616	0.04042355955472804	9.999000099990002e-05
8097	-0.002172251380870985	0.04042355955472804	9.999000099990002e-05
8098	-0.005148264476022836	0.04042355955472804	9.999000099990002e-05
8099	-0.002355019084737875	0.04042355955472804	9.999000099990002e-05
8100	-0.00401709397594955	0.04042355955472804	9.999000099990002e-05
8101	-0.008732958149686477	0.04042355955472804	9.999000099990002e-05
8102	-4.2247398860437155e-05	0.04042355955472804	9.999000099990002e-05
8103	-0.002737223154182446	0.04042355955472804	9.999000099990002e-05
8104	-0.0025799388520106256	0.04042355955472804	9.999000099990002e-05
8105	-0.006690470883859901	0.04042355955472804	9.999000099990002e-05
8106	-0.0016229795063912602	0.04042355955472804	9.999000099990002e-05
8107	-0.0030434542151967408	0.04042355955472804	9.999000099990002e-05
8108	-0.0030831922871716656	0.04042355955472804	9.999000099990002e-05
8109	-0.004049108779629712	0.04042355955472804	9.999000099990002e-05
8110	-0.008643741419216965	0.04042355955472804	9.999000099990002e-05
8111	-0.0035897530123593065	0.04042355955472804	9.999000099990002e-05
8112	-0.001787153872685128	0.04042355955472804	9.999000099990002e-05
8113	-0.004137475493338268	0.04042355955472804	9.999000099990002e-05
8114	-0.0007983685283667969	0.04042355955472804	9.999000099990002e-05
8115	-0.0036776621889840475	0.04042355955472804	9.999000099990002e-05
8116	-0.005516901652395652	0.04042355955472804	9.999000099990002e-05
8117	-0.0024670690605449893	0.04042355955472804	9.999000099990002e-05
8118	-0.00895354215435806	0.04042355955472804	9.999000099990002e-05
8119	-0.003838478750541105	0.04042355955472804	9.999000099990002e-05
8120	-0.002447568016334417	0.04042355955472804	9.999000099990002e-05
8121	-0.0015901667395700272	0.04042355955472804	9.999000099990002e-05
8122	0.0008853353921226187	0.04042355955472804	9.999000099990002e-05
8123	-0.006686224358783711	0.04042355955472804	9.999000099990002e-05
8124	-0.0064113345976287445	0.04042355955472804	9.999000099990002e-05
8125	-0.0025391567452370187	0.04042355955472804	9.999000099990002e-05
8126	-0.0030630792185819197	0.04042355955472804	9.999000099990002e-05
8127	-0.001989697046831025	0.04042355955472804	9.999000099990002e-05
8128	-0.001694231409236846	0.04042355955472804	9.999000099990002e-05
8129	-0.005128163872601487	0.04042355955472804	9.999000099990002e-05
8130	-0.007743320153224367	0.04042355955472804	9.999000099990002e-05
8131	-0.00048398903678628505	0.04042355955472804	9.999000099990002e-05
8132	-0.006057504925601429	0.04042355955472804	9.999000099990002e-05
8133	-0.0033248058965648086	0.04042355955472804	9.999000099990002e-05
8134	-0.008278416553563577	0.04042355955472804	9.999000099990002e-05
8135	-0.0033535091205076223	0.04042355955472804	9.999000099990002e-05
8136	0.0005521171645844494	0.04042355955472804	9.999000099990002e-05
8137	-0.0007345860506644958	0.04042355955472804	9.999000099990002e-05
8138	-0.002992372974635621	0.04042355955472804	9.999000099990002e-05
8139	-0.004917756793052572	0.04042355955472804	9.999000099990002e-05
8140	-0.0023779380473445714	0.04042355955472804	9.999000099990002e-05
8141	-0.004267528769511274	0.04042355955472804	9.999000099990002e-05
8142	-0.00032237541619757474	0.04042355955472804	9.999000099990002e-05
8143	-0.006382994594842808	0.04042355955472804	9.999000099990002e-05
8144	0.00022287517187379036	0.04042355955472804	9.999000099990002e-05
8145	-0.0004119777012506931	0.04042355955472804	9.999000099990002e-05
8146	-0.0008518670113055488	0.04042355955472804	9.999000099990002e-05
8147	-0.006314488568536704	0.04042355955472804	9.999000099990002e-05
8148	-0.002436714413389722	0.04042355955472804	9.999000099990002e-05
8149	-0.0061133568054025115	0.04042355955472804	9.999000099990002e-05
8150	-0.002609285686453773	0.04042355955472804	9.999000099990002e-05
8151	-0.006311213422486017	0.04042355955472804	9.999000099990002e-05
8152	0.0012799677153677498	0.04042355955472804	9.999000099990002e-05
8153	-0.005192427394232949	0.04042355955472804	9.999000099990002e-05
8154	-0.0027092495850273442	0.04042355955472804	9.999000099990002e-05
8155	-0.003968987005360583	0.04042355955472804	9.999000099990002e-05
8156	-0.002048268314688752	0.04042355955472804	9.999000099990002e-05
8157	-0.004495587623982748	0.04042355955472804	9.999000099990002e-05
8158	-0.002093540171213244	0.04042355955472804	9.999000099990002e-05
8159	-0.0021860093103429597	0.04042355955472804	9.999000099990002e-05
8160	-0.00636311699867026	0.04042355955472804	9.999000099990002e-05
8161	-0.003197395216855474	0.04042355955472804	9.999000099990002e-05
8162	0.00039888306108656484	0.04042355955472804	9.999000099990002e-05
8163	-0.00044909018171387786	0.04042355955472804	9.999000099990002e-05
8164	-0.001314994434598067	0.04042355955472804	9.999000099990002e-05
8165	0.0010924169070924915	0.04042355955472804	9.999000099990002e-05
8166	0.0019071911744514849	0.04042355955472804	9.999000099990002e-05
8167	-0.004069245181937446	0.04042355955472804	9.999000099990002e-05
8168	-0.003697550884542651	0.04042355955472804	9.999000099990002e-05
8169	-0.003333585607117545	0.04042355955472804	9.999000099990002e-05
8170	-0.00212684773596889	0.04042355955472804	9.999000099990002e-05
8171	-0.001662830822882161	0.04042355955472804	9.999000099990002e-05
8172	-0.0033059514444920613	0.04042355955472804	9.999000099990002e-05
8173	-0.0011498601156830755	0.04042355955472804	9.999000099990002e-05
8174	-0.005011778288084176	0.04042355955472804	9.999000099990002e-05
8175	-0.0028637542893013555	0.04042355955472804	9.999000099990002e-05
8176	-0.0044858686783804304	0.04042355955472804	9.999000099990002e-05
8177	3.2383949639305795e-05	0.04042355955472804	9.999000099990002e-05
8178	-0.003922545673662231	0.04042355955472804	9.999000099990002e-05
8179	-0.003179741499059437	0.04042355955472804	9.999000099990002e-05
8180	-0.0038618349366238564	0.04042355955472804	9.999000099990002e-05
8181	-0.0014390677770693082	0.04042355955472804	9.999000099990002e-05
8182	0.0006800154093526856	0.04042355955472804	9.999000099990002e-05
8183	-0.004238387167910136	0.04042355955472804	9.999000099990002e-05
8184	-0.005725469600224073	0.04042355955472804	9.999000099990002e-05
8185	-0.007626005394279498	0.04042355955472804	9.999000099990002e-05
8186	-0.007359919081359056	0.04042355955472804	9.999000099990002e-05
8187	-0.0035298508184660516	0.04042355955472804	9.999000099990002e-05
8188	-0.0012442301160477634	0.04042355955472804	9.999000099990002e-05
8189	-0.009415668940104819	0.04042355955472804	9.999000099990002e-05
8190	-0.0012507752143289905	0.04042355955472804	9.999000099990002e-05
8191	-0.005779898488718122	0.04042355955472804	9.999000099990002e-05
8192	-0.0019395000060621031	0.04042355955472804	9.999000099990002e-05
8193	-0.0016421823868516094	0.04042355955472804	9.999000099990002e-05
8194	-0.005007232464311883	0.04042355955472804	9.999000099990002e-05
8195	-0.004425509005112481	0.04042355955472804	9.999000099990002e-05
8196	-0.004767692785783451	0.04042355955472804	9.999000099990002e-05
8197	-0.009386471014409448	0.04042355955472804	9.999000099990002e-05
8198	-0.005429208846471715	0.04042355955472804	9.999000099990002e-05
8199	-0.002155101252030897	0.04042355955472804	9.999000099990002e-05
8200	-0.0016457448858120324	0.04042355955472804	9.999000099990002e-05
8201	-0.003984588760227578	0.04042355955472804	9.999000099990002e-05
8202	-0.004939087581634603	0.04042355955472804	9.999000099990002e-05
8203	-0.003758027168691498	0.04042355955472804	9.999000099990002e-05
8204	-0.0059179617320590195	0.04042355955472804	9.999000099990002e-05
8205	-0.004463140117373724	0.04042355955472804	9.999000099990002e-05
8206	-0.006888958742457175	0.04042355955472804	9.999000099990002e-05
8207	-0.005843644551970154	0.04042355955472804	9.999000099990002e-05
8208	-0.0017980912500254603	0.04042355955472804	9.999000099990002e-05
8209	-0.0013657896303226834	0.04042355955472804	9.999000099990002e-05
8210	-0.002626949137853528	0.04042355955472804	9.999000099990002e-05
8211	-0.0025040966509030384	0.04042355955472804	9.999000099990002e-05
8212	-0.006348896953858184	0.04042355955472804	9.999000099990002e-05
8213	-0.004638709955946485	0.04042355955472804	9.999000099990002e-05
8214	-0.004862975378823903	0.04042355955472804	9.999000099990002e-05
8215	-0.0033251266438145606	0.04042355955472804	9.999000099990002e-05
8216	-0.002875679858255409	0.04042355955472804	9.999000099990002e-05
8217	-0.0015398717664364236	0.04042355955472804	9.999000099990002e-05
8218	-0.0002959687071680983	0.04042355955472804	9.999000099990002e-05
8219	-0.006852061767058099	0.04042355955472804	9.999000099990002e-05
8220	-0.0009052659460244639	0.04042355955472804	9.999000099990002e-05
8221	-0.005745374954479946	0.04042355955472804	9.999000099990002e-05
8222	-0.005691062388321224	0.04042355955472804	9.999000099990002e-05
8223	-0.005343474303113773	0.04042355955472804	9.999000099990002e-05
8224	-0.004441736269054701	0.04042355955472804	9.999000099990002e-05
8225	-0.0010002747862694742	0.04042355955472804	9.999000099990002e-05
8226	-0.005066918345213436	0.04042355955472804	9.999000099990002e-05
8227	-0.006115534131761256	0.04042355955472804	9.999000099990002e-05
8228	-0.006290840335869708	0.04042355955472804	9.999000099990002e-05
8229	0.0009481096916217346	0.04042355955472804	9.999000099990002e-05
8230	-0.00530791225491538	0.04042355955472804	9.999000099990002e-05
8231	-0.007400535639924	0.04042355955472804	9.999000099990002e-05
8232	-0.004344080061726005	0.04042355955472804	9.999000099990002e-05
8233	-0.002560075817770913	0.04042355955472804	9.999000099990002e-05
8234	-0.002650301188116512	0.04042355955472804	9.999000099990002e-05
8235	-0.0076674576577453885	0.04042355955472804	9.999000099990002e-05
8236	-0.0027347004964918334	0.04042355955472804	9.999000099990002e-05
8237	-0.0036276679188016426	0.04042355955472804	9.999000099990002e-05
8238	-0.001065009675935473	0.04042355955472804	9.999000099990002e-05
8239	-0.003973666117947416	0.04042355955472804	9.999000099990002e-05
8240	-0.0053656213678620664	0.04042355955472804	9.999000099990002e-05
8241	-0.0035431357063391996	0.04042355955472804	9.999000099990002e-05
8242	-0.004490328150083389	0.04042355955472804	9.999000099990002e-05
8243	-0.009306383730953499	0.04042355955472804	9.999000099990002e-05
8244	-0.005217480959218415	0.04042355955472804	9.999000099990002e-05
8245	-0.0007649639161195473	0.04042355955472804	9.999000099990002e-05
8246	-0.0013863678151264005	0.04042355955472804	9.999000099990002e-05
8247	-0.004130625594758829	0.04042355955472804	9.999000099990002e-05
8248	-0.0015443234858818738	0.04042355955472804	9.999000099990002e-05
8249	0.002966207893662054	0.04042355955472804	9.999000099990002e-05
8250	0.0005620788347158207	0.04042355955472804	9.999000099990002e-05
8251	-0.0032580924499614277	0.04042355955472804	9.999000099990002e-05
8252	-0.004626620262275208	0.04042355955472804	9.999000099990002e-05
8253	-0.002592480350327167	0.04042355955472804	9.999000099990002e-05
8254	-0.002597708045741669	0.04042355955472804	9.999000099990002e-05
8255	-0.0069024128334494814	0.04042355955472804	9.999000099990002e-05
8256	-0.004057875351741067	0.04042355955472804	9.999000099990002e-05
8257	0.002259283552106281	0.04042355955472804	9.999000099990002e-05
8258	-0.004726044599879103	0.04042355955472804	9.999000099990002e-05
8259	-0.004469902009555911	0.04042355955472804	9.999000099990002e-05
8260	-0.005331241894806177	0.04042355955472804	9.999000099990002e-05
8261	0.0006618577371096557	0.04042355955472804	9.999000099990002e-05
8262	-0.0003484184423972636	0.04042355955472804	9.999000099990002e-05
8263	-0.003801160844872205	0.04042355955472804	9.999000099990002e-05
8264	-0.0011659914863159481	0.04042355955472804	9.999000099990002e-05
8265	-0.005006547861104995	0.04042355955472804	9.999000099990002e-05
8266	-0.0025419360738256373	0.04042355955472804	9.999000099990002e-05
8267	-0.005556082196630396	0.04042355955472804	9.999000099990002e-05
8268	-0.0038281558213626886	0.04042355955472804	9.999000099990002e-05
8269	-0.0003685632509991321	0.04042355955472804	9.999000099990002e-05
8270	-0.004643692252976372	0.04042355955472804	9.999000099990002e-05
8271	-0.0056954748270971346	0.04042355955472804	9.999000099990002e-05
8272	-0.004537301425148519	0.04042355955472804	9.999000099990002e-05
8273	-0.006484786602696307	0.04042355955472804	9.999000099990002e-05
8274	-0.004921532834967273	0.04042355955472804	9.999000099990002e-05
8275	-0.0031625878884362106	0.04042355955472804	9.999000099990002e-05
8276	-0.008709188573991323	0.04042355955472804	9.999000099990002e-05
8277	-0.002760401961688368	0.04042355955472804	9.999000099990002e-05
8278	-0.002078033617146248	0.04042355955472804	9.999000099990002e-05
8279	-0.004351535194245651	0.04042355955472804	9.999000099990002e-05
8280	-0.007035518767806404	0.04042355955472804	9.999000099990002e-05
8281	-2.9312689884646026e-05	0.04042355955472804	9.999000099990002e-05
8282	-9.906898412273824e-05	0.04042355955472804	9.999000099990002e-05
8283	-0.00022010549994339463	0.04042355955472804	9.999000099990002e-05
8284	-0.002172449553964842	0.04042355955472804	9.999000099990002e-05
8285	-0.0037459101016643083	0.04042355955472804	9.999000099990002e-05
8286	-0.0006875078219592878	0.04042355955472804	9.999000099990002e-05
8287	-0.0010007585040541958	0.04042355955472804	9.999000099990002e-05
8288	-0.0030931178121619595	0.04042355955472804	9.999000099990002e-05
8289	-0.004100979692456025	0.04042355955472804	9.999000099990002e-05
8290	-0.006237389732258326	0.04042355955472804	9.999000099990002e-05
8291	-0.005855181854012315	0.04042355955472804	9.999000099990002e-05
8292	-0.0033043466887156094	0.04042355955472804	9.999000099990002e-05
8293	-0.0006124755297791607	0.04042355955472804	9.999000099990002e-05
8294	-0.003535886691534629	0.04042355955472804	9.999000099990002e-05
8295	-0.0034635594563147618	0.04042355955472804	9.999000099990002e-05
8296	-0.0009669095124008861	0.04042355955472804	9.999000099990002e-05
8297	-0.005102193329047664	0.04042355955472804	9.999000099990002e-05
8298	0.0011934592158597047	0.04042355955472804	9.999000099990002e-05
8299	-0.0046102674040668454	0.04042355955472804	9.999000099990002e-05
8300	-0.0018155253846467267	0.04042355955472804	9.999000099990002e-05
8301	-0.005570085389832393	0.04042355955472804	9.999000099990002e-05
8302	-0.0017858749810331143	0.04042355955472804	9.999000099990002e-05
8303	-0.005151444979128296	0.04042355955472804	9.999000099990002e-05
8304	-0.0075511427091823225	0.04042355955472804	9.999000099990002e-05
8305	-0.0005423685564980684	0.04042355955472804	9.999000099990002e-05
8306	-0.001096852160204373	0.04042355955472804	9.999000099990002e-05
8307	-0.0034641309304239074	0.04042355955472804	9.999000099990002e-05
8308	-0.002537137791920575	0.04042355955472804	9.999000099990002e-05
8309	-0.003355654033581258	0.04042355955472804	9.999000099990002e-05
8310	-0.0019500147988046903	0.04042355955472804	9.999000099990002e-05
8311	-0.005999797717055476	0.04042355955472804	9.999000099990002e-05
8312	-0.00377683706932905	0.04042355955472804	9.999000099990002e-05
8313	-0.0058157583544120595	0.04042355955472804	9.999000099990002e-05
8314	-0.0038118623265951763	0.04042355955472804	9.999000099990002e-05
8315	-0.005700638927069167	0.04042355955472804	9.999000099990002e-05
8316	-0.005404323022641209	0.04042355955472804	9.999000099990002e-05
8317	0.0002680804513183116	0.04042355955472804	9.999000099990002e-05
8318	-0.003443509406076363	0.04042355955472804	9.999000099990002e-05
8319	-0.003102292464647334	0.04042355955472804	9.999000099990002e-05
8320	-0.0027669450786233785	0.04042355955472804	9.999000099990002e-05
8321	-0.0037645684004621455	0.04042355955472804	9.999000099990002e-05
8322	-0.006492601570771551	0.04042355955472804	9.999000099990002e-05
8323	-0.006590763117565947	0.04042355955472804	9.999000099990002e-05
8324	-0.00633472584637388	0.04042355955472804	9.999000099990002e-05
8325	-0.0011457869103094487	0.04042355955472804	9.999000099990002e-05
8326	-0.0029406527018304637	0.04042355955472804	9.999000099990002e-05
8327	-0.001225056013198407	0.04042355955472804	9.999000099990002e-05
8328	-0.0049285420491711794	0.04042355955472804	9.999000099990002e-05
8329	-0.004121715326956235	0.04042355955472804	9.999000099990002e-05
8330	-0.002013266448849735	0.04042355955472804	9.999000099990002e-05
8331	-0.003421259503688803	0.04042355955472804	9.999000099990002e-05
8332	-0.0009379650643659407	0.04042355955472804	9.999000099990002e-05
8333	-0.0005231143341635658	0.04042355955472804	9.999000099990002e-05
8334	-0.004394840516564633	0.04042355955472804	9.999000099990002e-05
8335	-0.007250738864320559	0.04042355955472804	9.999000099990002e-05
8336	0.0006531051883127512	0.04042355955472804	9.999000099990002e-05
8337	-0.006337333701951569	0.04042355955472804	9.999000099990002e-05
8338	0.0011282990485040252	0.04042355955472804	9.999000099990002e-05
8339	-0.0028898583717425334	0.04042355955472804	9.999000099990002e-05
8340	-0.007736992233571535	0.04042355955472804	9.999000099990002e-05
8341	-0.005821369392227492	0.04042355955472804	9.999000099990002e-05
8342	-0.00727853026504245	0.04042355955472804	9.999000099990002e-05
8343	-0.0036788311063031486	0.04042355955472804	9.999000099990002e-05
8344	-0.004597830647790307	0.04042355955472804	9.999000099990002e-05
8345	0.00034183573701078164	0.04042355955472804	9.999000099990002e-05
8346	-0.005718517498805616	0.04042355955472804	9.999000099990002e-05
8347	-0.003860663499340147	0.04042355955472804	9.999000099990002e-05
8348	-0.0029319649988401334	0.04042355955472804	9.999000099990002e-05
8349	-0.007919636497645835	0.04042355955472804	9.999000099990002e-05
8350	-0.007690634849396141	0.04042355955472804	9.999000099990002e-05
8351	-0.004768150438285488	0.04042355955472804	9.999000099990002e-05
8352	-0.008014226754458275	0.04042355955472804	9.999000099990002e-05
8353	-0.006120712543593298	0.04042355955472804	9.999000099990002e-05
8354	-0.0027153309521133024	0.04042355955472804	9.999000099990002e-05
8355	-0.008054369251896724	0.04042355955472804	9.999000099990002e-05
8356	-0.002757745149546527	0.04042355955472804	9.999000099990002e-05
8357	-0.006125976557276205	0.04042355955472804	9.999000099990002e-05
8358	-0.0028826666620871215	0.04042355955472804	9.999000099990002e-05
8359	-0.0012707281593666686	0.04042355955472804	9.999000099990002e-05
8360	-0.0013204173599416628	0.04042355955472804	9.999000099990002e-05
8361	-0.0021658433224966424	0.04042355955472804	9.999000099990002e-05
8362	-0.002470683555416184	0.04042355955472804	9.999000099990002e-05
8363	-0.0041144507691639074	0.04042355955472804	9.999000099990002e-05
8364	-0.0016818137739130629	0.04042355955472804	9.999000099990002e-05
8365	-0.0029708981248713017	0.04042355955472804	9.999000099990002e-05
8366	-0.004588393784332075	0.04042355955472804	9.999000099990002e-05
8367	-0.0017593093411065782	0.04042355955472804	9.999000099990002e-05
8368	-0.0022848390132470518	0.04042355955472804	9.999000099990002e-05
8369	-0.001859569845284323	0.04042355955472804	9.999000099990002e-05
8370	-0.005003920846101816	0.04042355955472804	9.999000099990002e-05
8371	-0.001677961228950972	0.04042355955472804	9.999000099990002e-05
8372	-0.00234668665828322	0.04042355955472804	9.999000099990002e-05
8373	-0.0019875993205754118	0.04042355955472804	9.999000099990002e-05
8374	-0.001074677221954537	0.04042355955472804	9.999000099990002e-05
8375	-0.0014072483187364856	0.04042355955472804	9.999000099990002e-05
8376	-0.005539481708618378	0.04042355955472804	9.999000099990002e-05
8377	-0.00856587149300776	0.04042355955472804	9.999000099990002e-05
8378	-0.007859341785602698	0.04042355955472804	9.999000099990002e-05
8379	-0.0008381930101201751	0.04042355955472804	9.999000099990002e-05
8380	-0.0035229960723211357	0.04042355955472804	9.999000099990002e-05
8381	-0.002441270586329601	0.04042355955472804	9.999000099990002e-05
8382	-0.0021508094637737894	0.04042355955472804	9.999000099990002e-05
8383	-0.002431564933059628	0.04042355955472804	9.999000099990002e-05
8384	5.339216351634285e-05	0.04042355955472804	9.999000099990002e-05
8385	-0.005643995605256753	0.04042355955472804	9.999000099990002e-05
8386	-0.003924998657217139	0.04042355955472804	9.999000099990002e-05
8387	-0.0031510221742741067	0.04042355955472804	9.999000099990002e-05
8388	-0.0027670014219539755	0.04042355955472804	9.999000099990002e-05
8389	-0.005430261537637347	0.04042355955472804	9.999000099990002e-05
8390	-0.004446585892833919	0.04042355955472804	9.999000099990002e-05
8391	-0.005365482192718009	0.04042355955472804	9.999000099990002e-05
8392	-0.006603075145213034	0.04042355955472804	9.999000099990002e-05
8393	-0.0020167136834752367	0.04042355955472804	9.999000099990002e-05
8394	-0.005913901280399346	0.04042355955472804	9.999000099990002e-05
8395	-0.004107815952448431	0.04042355955472804	9.999000099990002e-05
8396	-0.0035874805813824297	0.04042355955472804	9.999000099990002e-05
8397	-0.002752086328585572	0.04042355955472804	9.999000099990002e-05
8398	-0.007292806537766908	0.04042355955472804	9.999000099990002e-05
8399	-0.006737651680895175	0.04042355955472804	9.999000099990002e-05
8400	-0.0007948970174411207	0.04042355955472804	9.999000099990002e-05
8401	-0.005000937188780608	0.04042355955472804	9.999000099990002e-05
8402	-0.005116163762709874	0.04042355955472804	9.999000099990002e-05
8403	-0.0041386982724961165	0.04042355955472804	9.999000099990002e-05
8404	-0.0022719236368241	0.04042355955472804	9.999000099990002e-05
8405	-0.0038602422612883784	0.04042355955472804	9.999000099990002e-05
8406	-0.0073108033747121565	0.04042355955472804	9.999000099990002e-05
8407	-0.004766455329274532	0.04042355955472804	9.999000099990002e-05
8408	-0.0003205402086967596	0.04042355955472804	9.999000099990002e-05
8409	-0.0022687463077198542	0.04042355955472804	9.999000099990002e-05
8410	-0.002384228802328664	0.04042355955472804	9.999000099990002e-05
8411	-0.0006488354834095183	0.04042355955472804	9.999000099990002e-05
8412	-0.0026751171069748737	0.04042355955472804	9.999000099990002e-05
8413	-0.0052136777940206425	0.04042355955472804	9.999000099990002e-05
8414	-0.010416867822399919	0.04042355955472804	9.999000099990002e-05
8415	-0.003319789339558207	0.04042355955472804	9.999000099990002e-05
8416	-0.002587667044816369	0.04042355955472804	9.999000099990002e-05
8417	-0.0014745441849440932	0.04042355955472804	9.999000099990002e-05
8418	-0.0036826172665489878	0.04042355955472804	9.999000099990002e-05
8419	-0.006095384571775758	0.04042355955472804	9.999000099990002e-05
8420	-0.0029313316990346575	0.04042355955472804	9.999000099990002e-05
8421	-0.0013229130097674167	0.04042355955472804	9.999000099990002e-05
8422	-0.0027617592223157586	0.04042355955472804	9.999000099990002e-05
8423	-0.007122221362297655	0.04042355955472804	9.999000099990002e-05
8424	-0.004895989492740218	0.04042355955472804	9.999000099990002e-05
8425	-0.008559507889886762	0.04042355955472804	9.999000099990002e-05
8426	-0.0024460879699510483	0.04042355955472804	9.999000099990002e-05
8427	-0.00749104932499788	0.04042355955472804	9.999000099990002e-05
8428	-0.00494692282484486	0.04042355955472804	9.999000099990002e-05
8429	-0.0035782274445034525	0.04042355955472804	9.999000099990002e-05
8430	-0.0076703153168366555	0.04042355955472804	9.999000099990002e-05
8431	-0.007504182611031314	0.04042355955472804	9.999000099990002e-05
8432	-0.005094396866361305	0.04042355955472804	9.999000099990002e-05
8433	-0.003004061743862886	0.04042355955472804	9.999000099990002e-05
8434	-0.0050583215148396286	0.04042355955472804	9.999000099990002e-05
8435	-0.002647515030616185	0.04042355955472804	9.999000099990002e-05
8436	-0.0005626257439792059	0.04042355955472804	9.999000099990002e-05
8437	0.0021041801157854604	0.04042355955472804	9.999000099990002e-05
8438	-0.0023702016790811643	0.04042355955472804	9.999000099990002e-05
8439	-0.0030786081060756323	0.04042355955472804	9.999000099990002e-05
8440	0.0007388456180002125	0.04042355955472804	9.999000099990002e-05
8441	-0.0018538548156473698	0.04042355955472804	9.999000099990002e-05
8442	-0.004452571385846894	0.04042355955472804	9.999000099990002e-05
8443	-0.00011597473410587255	0.04042355955472804	9.999000099990002e-05
8444	-0.00030356547708728504	0.04042355955472804	9.999000099990002e-05
8445	-0.005712027820509195	0.04042355955472804	9.999000099990002e-05
8446	-0.01121437963974865	0.04042355955472804	9.999000099990002e-05
8447	-0.0013545268890035544	0.04042355955472804	9.999000099990002e-05
8448	-0.0031775581517165903	0.04042355955472804	9.999000099990002e-05
8449	-0.006730761751427736	0.04042355955472804	9.999000099990002e-05
8450	-0.004861975837751298	0.04042355955472804	9.999000099990002e-05
8451	-0.0034304997521992313	0.04042355955472804	9.999000099990002e-05
8452	-0.002459298855505028	0.04042355955472804	9.999000099990002e-05
8453	-0.007606880921267274	0.04042355955472804	9.999000099990002e-05
8454	-0.0031521403268101934	0.04042355955472804	9.999000099990002e-05
8455	0.0005602491865262183	0.04042355955472804	9.999000099990002e-05
8456	-0.002077942590638755	0.04042355955472804	9.999000099990002e-05
8457	-0.004635376504455352	0.04042355955472804	9.999000099990002e-05
8458	0.004554916958748168	0.04042355955472804	9.999000099990002e-05
8459	0.0013756591390006886	0.04042355955472804	9.999000099990002e-05
8460	-0.0055239514938150765	0.04042355955472804	9.999000099990002e-05
8461	-0.006240637658844084	0.04042355955472804	9.999000099990002e-05
8462	-0.00019568669672758582	0.04042355955472804	9.999000099990002e-05
8463	-0.002713459272453099	0.04042355955472804	9.999000099990002e-05
8464	-0.0006026116381214932	0.04042355955472804	9.999000099990002e-05
8465	-0.002954759040453665	0.04042355955472804	9.999000099990002e-05
8466	-0.0027687286557044693	0.04042355955472804	9.999000099990002e-05
8467	-0.0008684592853871589	0.04042355955472804	9.999000099990002e-05
8468	-0.008617468114420244	0.04042355955472804	9.999000099990002e-05
8469	0.0008729745810387129	0.04042355955472804	9.999000099990002e-05
8470	-0.005926572855056468	0.04042355955472804	9.999000099990002e-05
8471	-0.0003852195244869988	0.04042355955472804	9.999000099990002e-05
8472	-0.0026240407716883476	0.04042355955472804	9.999000099990002e-05
8473	-0.0032958282850262923	0.04042355955472804	9.999000099990002e-05
8474	-0.0008011261968017006	0.04042355955472804	9.999000099990002e-05
8475	-0.0018935823076182538	0.04042355955472804	9.999000099990002e-05
8476	-0.0026544606493776324	0.04042355955472804	9.999000099990002e-05
8477	-0.002487093064737085	0.04042355955472804	9.999000099990002e-05
8478	-0.0028197793873812214	0.04042355955472804	9.999000099990002e-05
8479	-0.0024847399948930565	0.04042355955472804	9.999000099990002e-05
8480	-0.0023916685649878907	0.04042355955472804	9.999000099990002e-05
8481	-0.004472047769029866	0.04042355955472804	9.999000099990002e-05
8482	-0.003172638546019739	0.04042355955472804	9.999000099990002e-05
8483	-0.002299074947301563	0.04042355955472804	9.999000099990002e-05
8484	-0.002212180162227828	0.04042355955472804	9.999000099990002e-05
8485	-0.005317566027692816	0.04042355955472804	9.999000099990002e-05
8486	-0.0024525133602956496	0.04042355955472804	9.999000099990002e-05
8487	-0.002499524627193464	0.04042355955472804	9.999000099990002e-05
8488	-0.0026584153779423718	0.04042355955472804	9.999000099990002e-05
8489	-0.00873768077494447	0.04042355955472804	9.999000099990002e-05
8490	-0.004677087458638207	0.04042355955472804	9.999000099990002e-05
8491	-0.0017658383193089114	0.04042355955472804	9.999000099990002e-05
8492	-0.000976116270389428	0.04042355955472804	9.999000099990002e-05
8493	-0.007189532021274552	0.04042355955472804	9.999000099990002e-05
8494	-0.003940012952550703	0.04042355955472804	9.999000099990002e-05
8495	-0.0036211698534474755	0.04042355955472804	9.999000099990002e-05
8496	-0.00133349849617337	0.04042355955472804	9.999000099990002e-05
8497	-0.002239331491941658	0.04042355955472804	9.999000099990002e-05
8498	-0.006528845817630455	0.04042355955472804	9.999000099990002e-05
8499	-0.006526328045978071	0.04042355955472804	9.999000099990002e-05
8500	-0.006284563411836352	0.04042355955472804	9.999000099990002e-05
8501	-0.0027046282007898424	0.04042355955472804	9.999000099990002e-05
8502	0.001243527219052086	0.04042355955472804	9.999000099990002e-05
8503	-0.0021621160255460127	0.04042355955472804	9.999000099990002e-05
8504	-0.003940804413798395	0.04042355955472804	9.999000099990002e-05
8505	-0.007830917642930082	0.04042355955472804	9.999000099990002e-05
8506	-0.004708341560027869	0.04042355955472804	9.999000099990002e-05
8507	0.00027071829639836454	0.04042355955472804	9.999000099990002e-05
8508	-0.006787742036750642	0.04042355955472804	9.999000099990002e-05
8509	-0.0037063267670575674	0.04042355955472804	9.999000099990002e-05
8510	-0.002615585848023276	0.04042355955472804	9.999000099990002e-05
8511	-0.006604060335952895	0.04042355955472804	9.999000099990002e-05
8512	0.0005559933318101034	0.04042355955472804	9.999000099990002e-05
8513	-0.0009660288905736891	0.04042355955472804	9.999000099990002e-05
8514	-0.0046717812788300995	0.04042355955472804	9.999000099990002e-05
8515	-0.0009296982146999602	0.04042355955472804	9.999000099990002e-05
8516	-0.00493277955238937	0.04042355955472804	9.999000099990002e-05
8517	-0.006168449771895609	0.04042355955472804	9.999000099990002e-05
8518	-0.005486619564831724	0.04042355955472804	9.999000099990002e-05
8519	-0.004570458523010338	0.04042355955472804	9.999000099990002e-05
8520	-0.0023439017703833845	0.04042355955472804	9.999000099990002e-05
8521	-0.001591512362192972	0.04042355955472804	9.999000099990002e-05
8522	-0.002903958881745329	0.04042355955472804	9.999000099990002e-05
8523	-0.0036700077676610236	0.04042355955472804	9.999000099990002e-05
8524	-0.00047607819463807156	0.04042355955472804	9.999000099990002e-05
8525	-0.00039072658971726486	0.04042355955472804	9.999000099990002e-05
8526	-0.005007062376319658	0.04042355955472804	9.999000099990002e-05
8527	-0.004026522952495684	0.04042355955472804	9.999000099990002e-05
8528	-0.0029082083692226436	0.04042355955472804	9.999000099990002e-05
8529	-0.0027555840009757917	0.04042355955472804	9.999000099990002e-05
8530	-0.006159911939471611	0.04042355955472804	9.999000099990002e-05
8531	-0.006486870132510143	0.04042355955472804	9.999000099990002e-05
8532	-0.004103369792314196	0.04042355955472804	9.999000099990002e-05
8533	-0.0025634471072037727	0.04042355955472804	9.999000099990002e-05
8534	-0.0051533406080703625	0.04042355955472804	9.999000099990002e-05
8535	-0.008158497478533274	0.04042355955472804	9.999000099990002e-05
8536	-0.0011529855258220396	0.04042355955472804	9.999000099990002e-05
8537	-0.001408676946300222	0.04042355955472804	9.999000099990002e-05
8538	-0.004644878444556619	0.04042355955472804	9.999000099990002e-05
8539	-0.0029662359787636775	0.04042355955472804	9.999000099990002e-05
8540	0.00029263752556874385	0.04042355955472804	9.999000099990002e-05
8541	-0.00434464132132216	0.04042355955472804	9.999000099990002e-05
8542	-0.003793095265355803	0.04042355955472804	9.999000099990002e-05
8543	-0.0037692966427404634	0.04042355955472804	9.999000099990002e-05
8544	-0.003864331375140813	0.04042355955472804	9.999000099990002e-05
8545	-0.0007726753925189012	0.04042355955472804	9.999000099990002e-05
8546	-0.006088146290866193	0.04042355955472804	9.999000099990002e-05
8547	-0.0022908923144677393	0.04042355955472804	9.999000099990002e-05
8548	-0.001422938156946199	0.04042355955472804	9.999000099990002e-05
8549	-0.004086070004507862	0.04042355955472804	9.999000099990002e-05
8550	-0.009503494669352238	0.04042355955472804	9.999000099990002e-05
8551	0.0008467235519595953	0.04042355955472804	9.999000099990002e-05
8552	-0.009090053041797058	0.04042355955472804	9.999000099990002e-05
8553	-0.0015603022351473733	0.04042355955472804	9.999000099990002e-05
8554	-0.0006754066057017866	0.04042355955472804	9.999000099990002e-05
8555	-0.004595885312065615	0.04042355955472804	9.999000099990002e-05
8556	-0.0031832249365351326	0.04042355955472804	9.999000099990002e-05
8557	-0.0018780461872490496	0.04042355955472804	9.999000099990002e-05
8558	-0.0012383183752811306	0.04042355955472804	9.999000099990002e-05
8559	-0.0015628893154444059	0.04042355955472804	9.999000099990002e-05
8560	-0.0014233687246378982	0.04042355955472804	9.999000099990002e-05
8561	-0.005480142563303783	0.04042355955472804	9.999000099990002e-05
8562	-0.0022916424559905587	0.04042355955472804	9.999000099990002e-05
8563	-0.003733498660451981	0.04042355955472804	9.999000099990002e-05
8564	-0.0017855836077218467	0.04042355955472804	9.999000099990002e-05
8565	-0.007638505149671007	0.04042355955472804	9.999000099990002e-05
8566	-0.002134575313210757	0.04042355955472804	9.999000099990002e-05
8567	-0.001358947426291643	0.04042355955472804	9.999000099990002e-05
8568	-0.0014875015736012646	0.04042355955472804	9.999000099990002e-05
8569	-0.004312092400565311	0.04042355955472804	9.999000099990002e-05
8570	-0.003089245953883396	0.04042355955472804	9.999000099990002e-05
8571	-0.001625832125553335	0.04042355955472804	9.999000099990002e-05
8572	-0.001531915949652854	0.04042355955472804	9.999000099990002e-05
8573	-0.004590653750140543	0.04042355955472804	9.999000099990002e-05
8574	-0.0053555699792964305	0.04042355955472804	9.999000099990002e-05
8575	-0.0009858419679579593	0.04042355955472804	9.999000099990002e-05
8576	-0.00494531349081211	0.04042355955472804	9.999000099990002e-05
8577	-0.0038106926013484893	0.04042355955472804	9.999000099990002e-05
8578	-0.0020949238818507424	0.04042355955472804	9.999000099990002e-05
8579	-0.0016261252878470994	0.04042355955472804	9.999000099990002e-05
8580	-0.0055058164820170645	0.04042355955472804	9.999000099990002e-05
8581	-0.0038964525174797564	0.04042355955472804	9.999000099990002e-05
8582	-0.0014971400727001372	0.04042355955472804	9.999000099990002e-05
8583	-0.00034244862702664526	0.04042355955472804	9.999000099990002e-05
8584	-0.004636835410067016	0.04042355955472804	9.999000099990002e-05
8585	-0.0028863273242486693	0.04042355955472804	9.999000099990002e-05
8586	-0.004504159793328964	0.04042355955472804	9.999000099990002e-05
8587	-0.002003483446132051	0.04042355955472804	9.999000099990002e-05
8588	-0.004851105864654889	0.04042355955472804	9.999000099990002e-05
8589	-0.0016914447131181453	0.04042355955472804	9.999000099990002e-05
8590	-0.003333356809721079	0.04042355955472804	9.999000099990002e-05
8591	-0.0012947159524542436	0.04042355955472804	9.999000099990002e-05
8592	-0.007655529895845038	0.04042355955472804	9.999000099990002e-05
8593	-0.004369377313059089	0.04042355955472804	9.999000099990002e-05
8594	-0.0011044771691161622	0.04042355955472804	9.999000099990002e-05
8595	-0.003874960893599949	0.04042355955472804	9.999000099990002e-05
8596	-0.003918601236555952	0.04042355955472804	9.999000099990002e-05
8597	-0.0040853143998556786	0.04042355955472804	9.999000099990002e-05
8598	-0.00557163784191614	0.04042355955472804	9.999000099990002e-05
8599	-0.0012644173216112705	0.04042355955472804	9.999000099990002e-05
8600	-0.0020424078580871655	0.04042355955472804	9.999000099990002e-05
8601	-0.0006411076176220901	0.04042355955472804	9.999000099990002e-05
8602	-0.0006295710465620344	0.04042355955472804	9.999000099990002e-05
8603	-0.00622353739067758	0.04042355955472804	9.999000099990002e-05
8604	-0.00765698143392661	0.04042355955472804	9.999000099990002e-05
8605	-0.0037387627126076323	0.04042355955472804	9.999000099990002e-05
8606	-0.003966644938720761	0.04042355955472804	9.999000099990002e-05
8607	-0.0046454857944976365	0.04042355955472804	9.999000099990002e-05
8608	-0.0036549393796522596	0.04042355955472804	9.999000099990002e-05
8609	-0.005293309944939151	0.04042355955472804	9.999000099990002e-05
8610	-0.005543015987822572	0.04042355955472804	9.999000099990002e-05
8611	-0.003361816770516461	0.04042355955472804	9.999000099990002e-05
8612	-0.0029378476926865764	0.04042355955472804	9.999000099990002e-05
8613	-0.005996450973231991	0.04042355955472804	9.999000099990002e-05
8614	-0.001962131019431558	0.04042355955472804	9.999000099990002e-05
8615	-0.002000237462419764	0.04042355955472804	9.999000099990002e-05
8616	-0.0029117210844549673	0.04042355955472804	9.999000099990002e-05
8617	-0.004462763353811665	0.04042355955472804	9.999000099990002e-05
8618	-0.004623851340563286	0.04042355955472804	9.999000099990002e-05
8619	-0.004466494555745602	0.04042355955472804	9.999000099990002e-05
8620	-0.004424414455603594	0.04042355955472804	9.999000099990002e-05
8621	0.00013824087199055258	0.04042355955472804	9.999000099990002e-05
8622	-0.003727609599366739	0.04042355955472804	9.999000099990002e-05
8623	-0.005306973135284032	0.04042355955472804	9.999000099990002e-05
8624	-0.007279485966425586	0.04042355955472804	9.999000099990002e-05
8625	-0.004435888469985221	0.04042355955472804	9.999000099990002e-05
8626	0.0007235373909180373	0.04042355955472804	9.999000099990002e-05
8627	-0.012080191615761241	0.04042355955472804	9.999000099990002e-05
8628	-0.0013183877496757007	0.04042355955472804	9.999000099990002e-05
8629	-0.007231900917054111	0.04042355955472804	9.999000099990002e-05
8630	-0.005170047973359555	0.04042355955472804	9.999000099990002e-05
8631	-0.002357977138449302	0.04042355955472804	9.999000099990002e-05
8632	-0.005160518159756743	0.04042355955472804	9.999000099990002e-05
8633	-0.005604814003021606	0.04042355955472804	9.999000099990002e-05
8634	-0.004644152579333973	0.04042355955472804	9.999000099990002e-05
8635	-0.006182734027714032	0.04042355955472804	9.999000099990002e-05
8636	-0.00047314864922844423	0.04042355955472804	9.999000099990002e-05
8637	-0.0016932110351744675	0.04042355955472804	9.999000099990002e-05
8638	-0.0011831068357972985	0.04042355955472804	9.999000099990002e-05
8639	-0.008756634178909551	0.04042355955472804	9.999000099990002e-05
8640	-0.005216691690917019	0.04042355955472804	9.999000099990002e-05
8641	-0.0003317559170888343	0.04042355955472804	9.999000099990002e-05
8642	0.0018239273505825048	0.04042355955472804	9.999000099990002e-05
8643	-0.00416582840372913	0.04042355955472804	9.999000099990002e-05
8644	-0.0026159629386036374	0.04042355955472804	9.999000099990002e-05
8645	-0.003520360477896489	0.04042355955472804	9.999000099990002e-05
8646	-0.00702677529857659	0.04042355955472804	9.999000099990002e-05
8647	-0.005285082606779163	0.04042355955472804	9.999000099990002e-05
8648	-0.003955963674423683	0.04042355955472804	9.999000099990002e-05
8649	-0.0006316861240242763	0.04042355955472804	9.999000099990002e-05
8650	-0.010753527013506643	0.04042355955472804	9.999000099990002e-05
8651	-0.004411108523140592	0.04042355955472804	9.999000099990002e-05
8652	-0.00231192647820922	0.04042355955472804	9.999000099990002e-05
8653	-0.0031035668934612836	0.04042355955472804	9.999000099990002e-05
8654	7.028510207639505e-05	0.04042355955472804	9.999000099990002e-05
8655	-0.004335411979834075	0.04042355955472804	9.999000099990002e-05
8656	-0.002837103816978788	0.04042355955472804	9.999000099990002e-05
8657	-0.0030367881009056756	0.04042355955472804	9.999000099990002e-05
8658	-0.002977963701642189	0.04042355955472804	9.999000099990002e-05
8659	0.00033651497603347236	0.04042355955472804	9.999000099990002e-05
8660	-0.005129358066512065	0.04042355955472804	9.999000099990002e-05
8661	-0.0010255544170867368	0.04042355955472804	9.999000099990002e-05
8662	-0.0035915424372971795	0.04042355955472804	9.999000099990002e-05
8663	-0.0070203973258864665	0.04042355955472804	9.999000099990002e-05
8664	-0.0073429485817512	0.04042355955472804	9.999000099990002e-05
8665	-0.003959734484045477	0.04042355955472804	9.999000099990002e-05
8666	-0.0016702561774995309	0.04042355955472804	9.999000099990002e-05
8667	-0.0036111197921914417	0.04042355955472804	9.999000099990002e-05
8668	0.0009592952950932251	0.04042355955472804	9.999000099990002e-05
8669	-0.0006888597156391813	0.04042355955472804	9.999000099990002e-05
8670	-0.005813784664276536	0.04042355955472804	9.999000099990002e-05
8671	-0.004446051698811746	0.04042355955472804	9.999000099990002e-05
8672	-0.005775271198914715	0.04042355955472804	9.999000099990002e-05
8673	0.0007929446412046542	0.04042355955472804	9.999000099990002e-05
8674	-0.005449897024844717	0.04042355955472804	9.999000099990002e-05
8675	-0.0033763425197361947	0.04042355955472804	9.999000099990002e-05
8676	-0.004032639156649483	0.04042355955472804	9.999000099990002e-05
8677	-0.00501336909749166	0.04042355955472804	9.999000099990002e-05
8678	-0.0006221927056353493	0.04042355955472804	9.999000099990002e-05
8679	-0.004199582983273659	0.04042355955472804	9.999000099990002e-05
8680	0.00181586656092248	0.04042355955472804	9.999000099990002e-05
8681	-0.004526918805510938	0.04042355955472804	9.999000099990002e-05
8682	-0.0005886311246008843	0.04042355955472804	9.999000099990002e-05
8683	-0.0024999712764913	0.04042355955472804	9.999000099990002e-05
8684	-0.0018404429292529958	0.04042355955472804	9.999000099990002e-05
8685	-0.00394843792518616	0.04042355955472804	9.999000099990002e-05
8686	-0.003719651147200341	0.04042355955472804	9.999000099990002e-05
8687	-0.005775876125072997	0.04042355955472804	9.999000099990002e-05
8688	-0.0019448648375653271	0.04042355955472804	9.999000099990002e-05
8689	0.00015802638365520482	0.04042355955472804	9.999000099990002e-05
8690	-0.0032286459518802214	0.04042355955472804	9.999000099990002e-05
8691	-0.0066221954246963866	0.04042355955472804	9.999000099990002e-05
8692	-0.004783379546173812	0.04042355955472804	9.999000099990002e-05
8693	-0.0015100418105360614	0.04042355955472804	9.999000099990002e-05
8694	-0.006909727174969907	0.04042355955472804	9.999000099990002e-05
8695	-0.0025107146935030174	0.04042355955472804	9.999000099990002e-05
8696	8.401735099318464e-06	0.04042355955472804	9.999000099990002e-05
8697	-0.003852461360826151	0.04042355955472804	9.999000099990002e-05
8698	-0.0028102046953249	0.04042355955472804	9.999000099990002e-05
8699	-0.003261095612962796	0.04042355955472804	9.999000099990002e-05
8700	-0.0033912472447006348	0.04042355955472804	9.999000099990002e-05
8701	-0.004662585831827689	0.04042355955472804	9.999000099990002e-05
8702	-0.0036930370508553023	0.04042355955472804	9.999000099990002e-05
8703	-0.00021200573739575817	0.04042355955472804	9.999000099990002e-05
8704	-0.00905756925539236	0.04042355955472804	9.999000099990002e-05
8705	-0.0018418873498773052	0.04042355955472804	9.999000099990002e-05
8706	-0.002979934179303749	0.04042355955472804	9.999000099990002e-05
8707	-0.002580272410683461	0.04042355955472804	9.999000099990002e-05
8708	-0.005909773328313904	0.04042355955472804	9.999000099990002e-05
8709	0.00014937563373352696	0.04042355955472804	9.999000099990002e-05
8710	-0.0030631765930918403	0.04042355955472804	9.999000099990002e-05
8711	-0.0007844282573342854	0.04042355955472804	9.999000099990002e-05
8712	-0.003919248617384989	0.04042355955472804	9.999000099990002e-05
8713	-0.007752849562863392	0.04042355955472804	9.999000099990002e-05
8714	-0.0011086320521209835	0.04042355955472804	9.999000099990002e-05
8715	-0.0012709747119335492	0.04042355955472804	9.999000099990002e-05
8716	-0.0046550299007240975	0.04042355955472804	9.999000099990002e-05
8717	-0.006865570912544158	0.04042355955472804	9.999000099990002e-05
8718	-0.005355651291436574	0.04042355955472804	9.999000099990002e-05
8719	-0.004980604960216267	0.04042355955472804	9.999000099990002e-05
8720	-0.0022750659942059022	0.04042355955472804	9.999000099990002e-05
8721	-0.0018094481533805398	0.04042355955472804	9.999000099990002e-05
8722	-0.0016804472028821142	0.04042355955472804	9.999000099990002e-05
8723	-0.0056275532017414755	0.04042355955472804	9.999000099990002e-05
8724	-0.0006233973064226309	0.04042355955472804	9.999000099990002e-05
8725	-0.005905515069051415	0.04042355955472804	9.999000099990002e-05
8726	-0.0032592407266544693	0.04042355955472804	9.999000099990002e-05
8727	-0.006062880818017978	0.04042355955472804	9.999000099990002e-05
8728	-0.0013118533083440061	0.04042355955472804	9.999000099990002e-05
8729	-0.005704414776620152	0.04042355955472804	9.999000099990002e-05
8730	-0.0036992826773130693	0.04042355955472804	9.999000099990002e-05
8731	-0.0014515095155659436	0.04042355955472804	9.999000099990002e-05
8732	-0.0014396830331588075	0.04042355955472804	9.999000099990002e-05
8733	-0.0017962523683777792	0.04042355955472804	9.999000099990002e-05
8734	-0.0001859111384854714	0.04042355955472804	9.999000099990002e-05
8735	-0.004314725128770682	0.04042355955472804	9.999000099990002e-05
8736	-0.0009091023324349315	0.04042355955472804	9.999000099990002e-05
8737	-0.0036552171913219814	0.04042355955472804	9.999000099990002e-05
8738	-0.0024543545695442093	0.04042355955472804	9.999000099990002e-05
8739	0.00076549449370399	0.04042355955472804	9.999000099990002e-05
8740	-0.0030847323895052473	0.04042355955472804	9.999000099990002e-05
8741	-0.0047262103789242295	0.04042355955472804	9.999000099990002e-05
8742	-0.004742887504638237	0.04042355955472804	9.999000099990002e-05
8743	-0.0038903653987188854	0.04042355955472804	9.999000099990002e-05
8744	-0.005817526426978148	0.04042355955472804	9.999000099990002e-05
8745	0.0011585687286086777	0.04042355955472804	9.999000099990002e-05
8746	-0.0018687711593798882	0.04042355955472804	9.999000099990002e-05
8747	-0.007011288327135252	0.04042355955472804	9.999000099990002e-05
8748	-0.006073164793545155	0.04042355955472804	9.999000099990002e-05
8749	-0.005442587146162359	0.04042355955472804	9.999000099990002e-05
8750	-0.005963637533137764	0.04042355955472804	9.999000099990002e-05
8751	-0.0024953319447196557	0.04042355955472804	9.999000099990002e-05
8752	-0.0050372761170574916	0.04042355955472804	9.999000099990002e-05
8753	-0.000385068595920271	0.04042355955472804	9.999000099990002e-05
8754	0.003086487573702781	0.04042355955472804	9.999000099990002e-05
8755	-0.007239098955475582	0.04042355955472804	9.999000099990002e-05
8756	-0.004302717189676073	0.04042355955472804	9.999000099990002e-05
8757	-0.0027387385762520575	0.04042355955472804	9.999000099990002e-05
8758	-0.010471043733379178	0.04042355955472804	9.999000099990002e-05
8759	-4.5234037819139036e-05	0.04042355955472804	9.999000099990002e-05
8760	-0.003002124198868443	0.04042355955472804	9.999000099990002e-05
8761	-0.0045176988898446456	0.04042355955472804	9.999000099990002e-05
8762	-0.004921970077679699	0.04042355955472804	9.999000099990002e-05
8763	-6.701643868263496e-06	0.04042355955472804	9.999000099990002e-05
8764	-0.00048008422660423265	0.04042355955472804	9.999000099990002e-05
8765	-0.0014553078716709772	0.04042355955472804	9.999000099990002e-05
8766	-0.003583956016545585	0.04042355955472804	9.999000099990002e-05
8767	-0.0055535166225961306	0.04042355955472804	9.999000099990002e-05
8768	0.002193142329830512	0.04042355955472804	9.999000099990002e-05
8769	-0.005849384107980117	0.04042355955472804	9.999000099990002e-05
8770	-0.003519386790506479	0.04042355955472804	9.999000099990002e-05
8771	-0.00448829677007129	0.04042355955472804	9.999000099990002e-05
8772	-0.0057192793745147325	0.04042355955472804	9.999000099990002e-05
8773	-0.0057207878522544135	0.04042355955472804	9.999000099990002e-05
8774	0.002075539525466559	0.04042355955472804	9.999000099990002e-05
8775	-0.0017795958063443515	0.04042355955472804	9.999000099990002e-05
8776	-0.003655704564017194	0.04042355955472804	9.999000099990002e-05
8777	-0.007608753043364005	0.04042355955472804	9.999000099990002e-05
8778	-0.0062035099816478145	0.04042355955472804	9.999000099990002e-05
8779	-0.005139628865125126	0.04042355955472804	9.999000099990002e-05
8780	-0.0028990520874715526	0.04042355955472804	9.999000099990002e-05
8781	-0.001918576162908195	0.04042355955472804	9.999000099990002e-05
8782	-0.0007862693896373646	0.04042355955472804	9.999000099990002e-05
8783	-0.0021545184092265053	0.04042355955472804	9.999000099990002e-05
8784	-0.003127437710176921	0.04042355955472804	9.999000099990002e-05
8785	-0.004859503887134596	0.04042355955472804	9.999000099990002e-05
8786	-0.0042218953846305364	0.04042355955472804	9.999000099990002e-05
8787	-0.006367516568313976	0.04042355955472804	9.999000099990002e-05
8788	-0.0032303125525893774	0.04042355955472804	9.999000099990002e-05
8789	-0.0014809072302103307	0.04042355955472804	9.999000099990002e-05
8790	-0.003008067468047107	0.04042355955472804	9.999000099990002e-05
8791	-0.0038984276503431004	0.04042355955472804	9.999000099990002e-05
8792	0.002226175814772402	0.04042355955472804	9.999000099990002e-05
8793	-0.004350678233154765	0.04042355955472804	9.999000099990002e-05
8794	-0.004531367851100819	0.04042355955472804	9.999000099990002e-05
8795	-0.00391167666238437	0.04042355955472804	9.999000099990002e-05
8796	-0.0037074867971732804	0.04042355955472804	9.999000099990002e-05
8797	-0.00042760486736374695	0.04042355955472804	9.999000099990002e-05
8798	-0.006496141967141713	0.04042355955472804	9.999000099990002e-05
8799	-0.0036771047189529823	0.04042355955472804	9.999000099990002e-05
8800	-0.0016221425318898226	0.04042355955472804	9.999000099990002e-05
8801	-0.004459422073117539	0.04042355955472804	9.999000099990002e-05
8802	-0.004491136058428273	0.04042355955472804	9.999000099990002e-05
8803	0.0009284355585450655	0.04042355955472804	9.999000099990002e-05
8804	0.0005890117546735185	0.04042355955472804	9.999000099990002e-05
8805	-0.004486561784063296	0.04042355955472804	9.999000099990002e-05
8806	-0.006189565651741026	0.04042355955472804	9.999000099990002e-05
8807	-0.002880100164707043	0.04042355955472804	9.999000099990002e-05
8808	-0.002963533133986079	0.04042355955472804	9.999000099990002e-05
8809	-0.005513790477171215	0.04042355955472804	9.999000099990002e-05
8810	-0.0037499291758899935	0.04042355955472804	9.999000099990002e-05
8811	-0.0010773465569738822	0.04042355955472804	9.999000099990002e-05
8812	0.0022934685069788017	0.04042355955472804	9.999000099990002e-05
8813	-0.0020598003459652596	0.04042355955472804	9.999000099990002e-05
8814	-0.0059544727489107	0.04042355955472804	9.999000099990002e-05
8815	-0.0006245060331369304	0.04042355955472804	9.999000099990002e-05
8816	-0.005753557721968368	0.04042355955472804	9.999000099990002e-05
8817	0.001332829878390783	0.04042355955472804	9.999000099990002e-05
8818	-0.004852503002279321	0.04042355955472804	9.999000099990002e-05
8819	-0.006776725193961777	0.04042355955472804	9.999000099990002e-05
8820	-0.0034708118951933776	0.04042355955472804	9.999000099990002e-05
8821	-0.005425146548120434	0.04042355955472804	9.999000099990002e-05
8822	-0.006672812318498374	0.04042355955472804	9.999000099990002e-05
8823	-0.004971296634188935	0.04042355955472804	9.999000099990002e-05
8824	-0.004603469001252534	0.04042355955472804	9.999000099990002e-05
8825	-0.002162236695301184	0.04042355955472804	9.999000099990002e-05
8826	-0.009264652251562807	0.04042355955472804	9.999000099990002e-05
8827	-0.004926217122137894	0.04042355955472804	9.999000099990002e-05
8828	-0.005530193234525904	0.04042355955472804	9.999000099990002e-05
8829	-0.000959668115199222	0.04042355955472804	9.999000099990002e-05
8830	0.00013733747430011157	0.04042355955472804	9.999000099990002e-05
8831	0.001007965487388182	0.04042355955472804	9.999000099990002e-05
8832	-0.003762430508663925	0.04042355955472804	9.999000099990002e-05
8833	-0.0028580639014556125	0.04042355955472804	9.999000099990002e-05
8834	-0.005304328826783331	0.04042355955472804	9.999000099990002e-05
8835	-0.005982761140513294	0.04042355955472804	9.999000099990002e-05
8836	-0.0058737356608429755	0.04042355955472804	9.999000099990002e-05
8837	-0.006407523449337003	0.04042355955472804	9.999000099990002e-05
8838	-0.0033936571964936642	0.04042355955472804	9.999000099990002e-05
8839	-0.006612463860034704	0.04042355955472804	9.999000099990002e-05
8840	0.00026215520661926063	0.04042355955472804	9.999000099990002e-05
8841	-0.00866699794166165	0.04042355955472804	9.999000099990002e-05
8842	-0.005592117959700597	0.04042355955472804	9.999000099990002e-05
8843	-0.0030834005593602873	0.04042355955472804	9.999000099990002e-05
8844	-0.0018347861665837391	0.04042355955472804	9.999000099990002e-05
8845	-4.272134456868998e-05	0.04042355955472804	9.999000099990002e-05
8846	-0.0011803549382736992	0.04042355955472804	9.999000099990002e-05
8847	-0.001379710761166071	0.04042355955472804	9.999000099990002e-05
8848	-0.004608686674517755	0.04042355955472804	9.999000099990002e-05
8849	-0.0031341013237397505	0.04042355955472804	9.999000099990002e-05
8850	-0.0033106229202396085	0.04042355955472804	9.999000099990002e-05
8851	-0.0028986653209965895	0.04042355955472804	9.999000099990002e-05
8852	-0.007070053189830554	0.04042355955472804	9.999000099990002e-05
8853	-0.005426702982132982	0.04042355955472804	9.999000099990002e-05
8854	-0.0060376996389474	0.04042355955472804	9.999000099990002e-05
8855	-0.00524170939930699	0.04042355955472804	9.999000099990002e-05
8856	-0.00495204229643621	0.04042355955472804	9.999000099990002e-05
8857	-0.002832169380039909	0.04042355955472804	9.999000099990002e-05
8858	-0.004374489898029632	0.04042355955472804	9.999000099990002e-05
8859	-0.004786887240713303	0.04042355955472804	9.999000099990002e-05
8860	-0.0025259913729367782	0.04042355955472804	9.999000099990002e-05
8861	-0.007654470414240442	0.04042355955472804	9.999000099990002e-05
8862	-0.007995504494726914	0.04042355955472804	9.999000099990002e-05
8863	-0.0013442277552160472	0.04042355955472804	9.999000099990002e-05
8864	-0.004857408103752459	0.04042355955472804	9.999000099990002e-05
8865	-0.004973934421559874	0.04042355955472804	9.999000099990002e-05
8866	-0.005673233157876352	0.04042355955472804	9.999000099990002e-05
8867	-0.005464395727726846	0.04042355955472804	9.999000099990002e-05
8868	-0.005681827141267258	0.04042355955472804	9.999000099990002e-05
8869	-0.003541698903317797	0.04042355955472804	9.999000099990002e-05
8870	-0.003515341073906983	0.04042355955472804	9.999000099990002e-05
8871	0.002079123492216996	0.04042355955472804	9.999000099990002e-05
8872	-0.0045288284577674615	0.04042355955472804	9.999000099990002e-05
8873	-0.006491997875741011	0.04042355955472804	9.999000099990002e-05
8874	-0.007265609867926677	0.04042355955472804	9.999000099990002e-05
8875	-0.007304764462296963	0.04042355955472804	9.999000099990002e-05
8876	-0.007283325584546384	0.04042355955472804	9.999000099990002e-05
8877	0.0021510850055517505	0.04042355955472804	9.999000099990002e-05
8878	-0.004643876595119489	0.04042355955472804	9.999000099990002e-05
8879	-0.001918336939398657	0.04042355955472804	9.999000099990002e-05
8880	-0.005976786958486455	0.04042355955472804	9.999000099990002e-05
8881	-0.004569672159400959	0.04042355955472804	9.999000099990002e-05
8882	-0.0038270644073822744	0.04042355955472804	9.999000099990002e-05
8883	-0.00542909310122752	0.04042355955472804	9.999000099990002e-05
8884	-0.008760179461317944	0.04042355955472804	9.999000099990002e-05
8885	-0.003770221200438982	0.04042355955472804	9.999000099990002e-05
8886	-0.004714630218247526	0.04042355955472804	9.999000099990002e-05
8887	9.165915325676371e-05	0.04042355955472804	9.999000099990002e-05
8888	0.0006730559019313978	0.04042355955472804	9.999000099990002e-05
8889	-0.007080988835897495	0.04042355955472804	9.999000099990002e-05
8890	-0.006770929275384833	0.04042355955472804	9.999000099990002e-05
8891	-0.00041658027231738224	0.04042355955472804	9.999000099990002e-05
8892	-0.006595069275392178	0.04042355955472804	9.999000099990002e-05
8893	-0.004038632421156339	0.04042355955472804	9.999000099990002e-05
8894	-0.0013007026573585933	0.04042355955472804	9.999000099990002e-05
8895	-0.0007495807826087733	0.04042355955472804	9.999000099990002e-05
8896	-0.0006780927148366339	0.04042355955472804	9.999000099990002e-05
8897	-0.0015000880465531607	0.04042355955472804	9.999000099990002e-05
8898	-0.001844528061176634	0.04042355955472804	9.999000099990002e-05
8899	0.0006536400363715445	0.04042355955472804	9.999000099990002e-05
8900	-0.006907090330181147	0.04042355955472804	9.999000099990002e-05
8901	-0.0028852899837070816	0.04042355955472804	9.999000099990002e-05
8902	-0.00053643500168674	0.04042355955472804	9.999000099990002e-05
8903	-0.003166187013446985	0.04042355955472804	9.999000099990002e-05
8904	-0.005226555082429046	0.04042355955472804	9.999000099990002e-05
8905	-0.00032669103831833304	0.04042355955472804	9.999000099990002e-05
8906	-0.0008409062617744739	0.04042355955472804	9.999000099990002e-05
8907	-0.0030177112763843717	0.04042355955472804	9.999000099990002e-05
8908	-0.0017412362511867604	0.04042355955472804	9.999000099990002e-05
8909	-0.0030191719709785373	0.04042355955472804	9.999000099990002e-05
8910	-7.320912664754293e-05	0.04042355955472804	9.999000099990002e-05
8911	-0.0033022522326430605	0.04042355955472804	9.999000099990002e-05
8912	-0.008286508852399264	0.04042355955472804	9.999000099990002e-05
8913	-0.0013869826672521083	0.04042355955472804	9.999000099990002e-05
8914	-0.0057576570118610506	0.04042355955472804	9.999000099990002e-05
8915	-0.0034274427081227342	0.04042355955472804	9.999000099990002e-05
8916	-0.0005021128145436358	0.04042355955472804	9.999000099990002e-05
8917	-0.002291682890842364	0.04042355955472804	9.999000099990002e-05
8918	-0.005042817269137148	0.04042355955472804	9.999000099990002e-05
8919	-0.0064093046026353516	0.04042355955472804	9.999000099990002e-05
8920	0.0019588553732352285	0.04042355955472804	9.999000099990002e-05
8921	-0.0008611096835987167	0.04042355955472804	9.999000099990002e-05
8922	-0.0016147354710612627	0.04042355955472804	9.999000099990002e-05
8923	-0.0029226669835076434	0.04042355955472804	9.999000099990002e-05
8924	-0.004112182185461234	0.04042355955472804	9.999000099990002e-05
8925	-0.0021264675290964307	0.04042355955472804	9.999000099990002e-05
8926	-0.00908616604449454	0.04042355955472804	9.999000099990002e-05
8927	-0.0035144911148551326	0.04042355955472804	9.999000099990002e-05
8928	-0.0033059652946791683	0.04042355955472804	9.999000099990002e-05
8929	-0.0013321502958767162	0.04042355955472804	9.999000099990002e-05
8930	-0.005172688569240663	0.04042355955472804	9.999000099990002e-05
8931	-0.004239880795171418	0.04042355955472804	9.999000099990002e-05
8932	-0.0033942151089612614	0.04042355955472804	9.999000099990002e-05
8933	-0.004727275496785517	0.04042355955472804	9.999000099990002e-05
8934	-0.00433515563595437	0.04042355955472804	9.999000099990002e-05
8935	-0.0025695088531913226	0.04042355955472804	9.999000099990002e-05
8936	-0.003906242791545678	0.04042355955472804	9.999000099990002e-05
8937	-0.006289735090938555	0.04042355955472804	9.999000099990002e-05
8938	0.00092306709136772	0.04042355955472804	9.999000099990002e-05
8939	-0.005378442447594464	0.04042355955472804	9.999000099990002e-05
8940	-0.005453434304922786	0.04042355955472804	9.999000099990002e-05
8941	-0.0046131673639379	0.04042355955472804	9.999000099990002e-05
8942	-0.0032204893073835977	0.04042355955472804	9.999000099990002e-05
8943	-0.0011608940211329966	0.04042355955472804	9.999000099990002e-05
8944	-0.003107658700405655	0.04042355955472804	9.999000099990002e-05
8945	-0.0037032104557220722	0.04042355955472804	9.999000099990002e-05
8946	-0.003239611606685898	0.04042355955472804	9.999000099990002e-05
8947	3.757873162305858e-05	0.04042355955472804	9.999000099990002e-05
8948	-0.004604934966612351	0.04042355955472804	9.999000099990002e-05
8949	-0.009264354857267416	0.04042355955472804	9.999000099990002e-05
8950	-0.005108477851447556	0.04042355955472804	9.999000099990002e-05
8951	-0.005676033627236692	0.04042355955472804	9.999000099990002e-05
8952	0.002688946826583369	0.04042355955472804	9.999000099990002e-05
8953	-0.006272083700743404	0.04042355955472804	9.999000099990002e-05
8954	-0.003174501434658407	0.04042355955472804	9.999000099990002e-05
8955	-0.0074642240325358215	0.04042355955472804	9.999000099990002e-05
8956	-0.001311738717282064	0.04042355955472804	9.999000099990002e-05
8957	-0.0058420075752723104	0.04042355955472804	9.999000099990002e-05
8958	-0.0010973358395163543	0.04042355955472804	9.999000099990002e-05
8959	-0.0011964866936339954	0.04042355955472804	9.999000099990002e-05
8960	0.0013335615914701975	0.04042355955472804	9.999000099990002e-05
8961	-0.003773598683983301	0.04042355955472804	9.999000099990002e-05
8962	-0.006003280538967296	0.04042355955472804	9.999000099990002e-05
8963	-0.008748472975393004	0.04042355955472804	9.999000099990002e-05
8964	-0.005540263917171629	0.04042355955472804	9.999000099990002e-05
8965	-0.004533023044641991	0.04042355955472804	9.999000099990002e-05
8966	-0.001898485023781374	0.04042355955472804	9.999000099990002e-05
8967	-0.0035229221469474563	0.04042355955472804	9.999000099990002e-05
8968	-0.0008393436721232134	0.04042355955472804	9.999000099990002e-05
8969	-0.003939727369387101	0.04042355955472804	9.999000099990002e-05
8970	-0.005554408093736559	0.04042355955472804	9.999000099990002e-05
8971	-0.0045204124492808735	0.04042355955472804	9.999000099990002e-05
8972	0.0034084071840899495	0.04042355955472804	9.999000099990002e-05
8973	0.0015500632727283013	0.04042355955472804	9.999000099990002e-05
8974	-0.0002781441319249997	0.04042355955472804	9.999000099990002e-05
8975	-0.0015256105557904438	0.04042355955472804	9.999000099990002e-05
8976	-0.007937529419715037	0.04042355955472804	9.999000099990002e-05
8977	-0.006191935707300632	0.04042355955472804	9.999000099990002e-05
8978	-0.0012331317110459386	0.04042355955472804	9.999000099990002e-05
8979	-0.004672306547176139	0.04042355955472804	9.999000099990002e-05
8980	-0.0022367627246697953	0.04042355955472804	9.999000099990002e-05
8981	-0.0038943970920039374	0.04042355955472804	9.999000099990002e-05
8982	0.0017204700116203217	0.04042355955472804	9.999000099990002e-05
8983	-0.0032849903020148257	0.04042355955472804	9.999000099990002e-05
8984	-0.00022655560902470477	0.04042355955472804	9.999000099990002e-05
8985	-0.0017153377093695147	0.04042355955472804	9.999000099990002e-05
8986	-0.0007884278066434214	0.04042355955472804	9.999000099990002e-05
8987	-0.0061769709648587245	0.04042355955472804	9.999000099990002e-05
8988	-0.0010627232985896407	0.04042355955472804	9.999000099990002e-05
8989	-0.004501873993074256	0.04042355955472804	9.999000099990002e-05
8990	-0.002189676031961363	0.04042355955472804	9.999000099990002e-05
8991	-0.005806308448694302	0.04042355955472804	9.999000099990002e-05
8992	-0.0029603328751276236	0.04042355955472804	9.999000099990002e-05
8993	-0.005395323267240798	0.04042355955472804	9.999000099990002e-05
8994	0.0018654907425635554	0.04042355955472804	9.999000099990002e-05
8995	-0.004852625730326185	0.04042355955472804	9.999000099990002e-05
8996	-0.0041759832839706424	0.04042355955472804	9.999000099990002e-05
8997	-0.005138434498087208	0.04042355955472804	9.999000099990002e-05
8998	-0.000498120478873619	0.04042355955472804	9.999000099990002e-05
8999	-0.0014928428405500487	0.04042355955472804	9.999000099990002e-05
9000	0.000311914119802692	0.04042355955472804	9.999000099990002e-05
9001	0.0014508442256755294	0.04042355955472804	9.999000099990002e-05
9002	-0.0030893677970571963	0.04042355955472804	9.999000099990002e-05
9003	-0.004018760268876776	0.04042355955472804	9.999000099990002e-05
9004	-0.003566279907613726	0.04042355955472804	9.999000099990002e-05
9005	-0.0020744349538083726	0.04042355955472804	9.999000099990002e-05
9006	-0.003534616648613276	0.04042355955472804	9.999000099990002e-05
9007	-0.0019573492230964204	0.04042355955472804	9.999000099990002e-05
9008	-0.004419703333695457	0.04042355955472804	9.999000099990002e-05
9009	-0.0043109766525755945	0.04042355955472804	9.999000099990002e-05
9010	-0.005553436887838406	0.04042355955472804	9.999000099990002e-05
9011	-0.003993812292331618	0.04042355955472804	9.999000099990002e-05
9012	-0.0059057235336037505	0.04042355955472804	9.999000099990002e-05
9013	-0.004977900615001733	0.04042355955472804	9.999000099990002e-05
9014	-0.0070268690181760195	0.04042355955472804	9.999000099990002e-05
9015	-0.0032611859469609357	0.04042355955472804	9.999000099990002e-05
9016	-0.006354986727238249	0.04042355955472804	9.999000099990002e-05
9017	-0.0012132562885833129	0.04042355955472804	9.999000099990002e-05
9018	-0.004742143268681312	0.04042355955472804	9.999000099990002e-05
9019	-0.002507613463482375	0.04042355955472804	9.999000099990002e-05
9020	-0.006374536920376678	0.04042355955472804	9.999000099990002e-05
9021	-3.043965267863491e-05	0.04042355955472804	9.999000099990002e-05
9022	-0.00515416986878704	0.04042355955472804	9.999000099990002e-05
9023	-0.005419722103103526	0.04042355955472804	9.999000099990002e-05
9024	-0.001579604125209165	0.04042355955472804	9.999000099990002e-05
9025	-0.00370692411408568	0.04042355955472804	9.999000099990002e-05
9026	-0.0007055160275997882	0.04042355955472804	9.999000099990002e-05
9027	-0.006246900232544689	0.04042355955472804	9.999000099990002e-05
9028	-0.003814230439281316	0.04042355955472804	9.999000099990002e-05
9029	-0.0076413212389645786	0.04042355955472804	9.999000099990002e-05
9030	-0.0024997902237676116	0.04042355955472804	9.999000099990002e-05
9031	-0.003916761316144242	0.04042355955472804	9.999000099990002e-05
9032	-0.002975226346815049	0.04042355955472804	9.999000099990002e-05
9033	-0.003982277067817533	0.04042355955472804	9.999000099990002e-05
9034	0.0015698283746033493	0.04042355955472804	9.999000099990002e-05
9035	-0.006713724578558051	0.04042355955472804	9.999000099990002e-05
9036	-0.0057568463719514865	0.04042355955472804	9.999000099990002e-05
9037	-0.0008760512269772244	0.04042355955472804	9.999000099990002e-05
9038	-0.0029505509111739684	0.04042355955472804	9.999000099990002e-05
9039	-0.00020856315797203873	0.04042355955472804	9.999000099990002e-05
9040	-0.0024307867833806606	0.04042355955472804	9.999000099990002e-05
9041	-0.004100406794855431	0.04042355955472804	9.999000099990002e-05
9042	-0.005524398643258557	0.04042355955472804	9.999000099990002e-05
9043	-0.005946936496614623	0.04042355955472804	9.999000099990002e-05
9044	-0.004415699129184531	0.04042355955472804	9.999000099990002e-05
9045	-0.003990379600402582	0.04042355955472804	9.999000099990002e-05
9046	-0.005291160299718256	0.04042355955472804	9.999000099990002e-05
9047	-0.00431301680437286	0.04042355955472804	9.999000099990002e-05
9048	-0.005146990143390745	0.04042355955472804	9.999000099990002e-05
9049	-0.0072788066724570975	0.04042355955472804	9.999000099990002e-05
9050	-0.0012022311933913051	0.04042355955472804	9.999000099990002e-05
9051	-0.006230724098876541	0.04042355955472804	9.999000099990002e-05
9052	-0.002124721270575032	0.04042355955472804	9.999000099990002e-05
9053	-0.004591828707680134	0.04042355955472804	9.999000099990002e-05
9054	-0.001278405722043989	0.04042355955472804	9.999000099990002e-05
9055	-0.0016587589448181284	0.04042355955472804	9.999000099990002e-05
9056	-0.004810232327409997	0.04042355955472804	9.999000099990002e-05
9057	-0.004378809713679256	0.04042355955472804	9.999000099990002e-05
9058	-0.002937593272443964	0.04042355955472804	9.999000099990002e-05
9059	-0.0023682315669106475	0.04042355955472804	9.999000099990002e-05
9060	-0.003147651635059719	0.04042355955472804	9.999000099990002e-05
9061	-0.005022820926846523	0.04042355955472804	9.999000099990002e-05
9062	-0.006464325875173806	0.04042355955472804	9.999000099990002e-05
9063	-0.004582267327192535	0.04042355955472804	9.999000099990002e-05
9064	-0.0026743568086481733	0.04042355955472804	9.999000099990002e-05
9065	-0.0008454895195246989	0.04042355955472804	9.999000099990002e-05
9066	-0.004874873516712945	0.04042355955472804	9.999000099990002e-05
9067	-0.007427729693617778	0.04042355955472804	9.999000099990002e-05
9068	-0.007062215388182956	0.04042355955472804	9.999000099990002e-05
9069	-0.010176747397831528	0.04042355955472804	9.999000099990002e-05
9070	-0.0038501939313057344	0.04042355955472804	9.999000099990002e-05
9071	-0.00244947099357021	0.04042355955472804	9.999000099990002e-05
9072	-0.007544855743763314	0.04042355955472804	9.999000099990002e-05
9073	-0.0026942635286863873	0.04042355955472804	9.999000099990002e-05
9074	-0.001326396678079557	0.04042355955472804	9.999000099990002e-05
9075	-0.003083424777951353	0.04042355955472804	9.999000099990002e-05
9076	-0.006034066927232895	0.04042355955472804	9.999000099990002e-05
9077	-0.004306031366323483	0.04042355955472804	9.999000099990002e-05
9078	-0.005263396522425093	0.04042355955472804	9.999000099990002e-05
9079	-0.008700682308452097	0.04042355955472804	9.999000099990002e-05
9080	0.0011166215517901493	0.04042355955472804	9.999000099990002e-05
9081	-0.004597473697690357	0.04042355955472804	9.999000099990002e-05
9082	-0.0025605348937644003	0.04042355955472804	9.999000099990002e-05
9083	-0.005856430371434537	0.04042355955472804	9.999000099990002e-05
9084	-0.0006966962284499168	0.04042355955472804	9.999000099990002e-05
9085	-0.004315837318031759	0.04042355955472804	9.999000099990002e-05
9086	-0.0008902715603348696	0.04042355955472804	9.999000099990002e-05
9087	6.345611343221841e-05	0.04042355955472804	9.999000099990002e-05
9088	-0.0031122424967742644	0.04042355955472804	9.999000099990002e-05
9089	-0.006882570247472121	0.04042355955472804	9.999000099990002e-05
9090	-0.002066347848792853	0.04042355955472804	9.999000099990002e-05
9091	-0.0004052572442116015	0.04042355955472804	9.999000099990002e-05
9092	-0.0024645270510651714	0.04042355955472804	9.999000099990002e-05
9093	-0.005107134941152914	0.04042355955472804	9.999000099990002e-05
9094	-0.0007940331889657911	0.04042355955472804	9.999000099990002e-05
9095	-0.0018035156758059944	0.04042355955472804	9.999000099990002e-05
9096	-0.005962021581793403	0.04042355955472804	9.999000099990002e-05
9097	-0.000888458224587857	0.04042355955472804	9.999000099990002e-05
9098	-0.001226117245312755	0.04042355955472804	9.999000099990002e-05
9099	-0.004888347594294695	0.04042355955472804	9.999000099990002e-05
9100	0.001281344096947902	0.04042355955472804	9.999000099990002e-05
9101	0.002616859507382384	0.04042355955472804	9.999000099990002e-05
9102	-0.0033828493184027823	0.04042355955472804	9.999000099990002e-05
9103	-0.002071118911232979	0.04042355955472804	9.999000099990002e-05
9104	-0.0007970418920420025	0.04042355955472804	9.999000099990002e-05
9105	-0.000924122360207054	0.04042355955472804	9.999000099990002e-05
9106	-0.005156516186664853	0.04042355955472804	9.999000099990002e-05
9107	-0.003390296025391945	0.04042355955472804	9.999000099990002e-05
9108	-0.0029566884869359224	0.04042355955472804	9.999000099990002e-05
9109	-0.006715168537509459	0.04042355955472804	9.999000099990002e-05
9110	-0.005844442188092933	0.04042355955472804	9.999000099990002e-05
9111	-0.002733270310782043	0.04042355955472804	9.999000099990002e-05
9112	-0.005104259565363976	0.04042355955472804	9.999000099990002e-05
9113	-0.002975274630106213	0.04042355955472804	9.999000099990002e-05
9114	-0.004176392499290547	0.04042355955472804	9.999000099990002e-05
9115	-0.003261837271246014	0.04042355955472804	9.999000099990002e-05
9116	-0.003074242546335809	0.04042355955472804	9.999000099990002e-05
9117	-0.00318775229339128	0.04042355955472804	9.999000099990002e-05
9118	-0.001030712130583597	0.04042355955472804	9.999000099990002e-05
9119	-0.002781605367021757	0.04042355955472804	9.999000099990002e-05
9120	-0.010048369051716313	0.04042355955472804	9.999000099990002e-05
9121	-0.004700789168416533	0.04042355955472804	9.999000099990002e-05
9122	-0.0034236915195993397	0.04042355955472804	9.999000099990002e-05
9123	-0.006574406354374276	0.04042355955472804	9.999000099990002e-05
9124	-0.002389134634783885	0.04042355955472804	9.999000099990002e-05
9125	-0.004353193600260774	0.04042355955472804	9.999000099990002e-05
9126	-0.003454198307212719	0.04042355955472804	9.999000099990002e-05
9127	-0.0027448937917662064	0.04042355955472804	9.999000099990002e-05
9128	-0.004769175640676986	0.04042355955472804	9.999000099990002e-05
9129	0.0002711290698643204	0.04042355955472804	9.999000099990002e-05
9130	-0.005977019987884536	0.04042355955472804	9.999000099990002e-05
9131	-0.006255422848999248	0.04042355955472804	9.999000099990002e-05
9132	-0.001989936251104188	0.04042355955472804	9.999000099990002e-05
9133	-0.0036826996366895333	0.04042355955472804	9.999000099990002e-05
9134	-0.002447462754912408	0.04042355955472804	9.999000099990002e-05
9135	-0.003636966453516141	0.04042355955472804	9.999000099990002e-05
9136	-0.0026626529196333098	0.04042355955472804	9.999000099990002e-05
9137	-0.004331230012018912	0.04042355955472804	9.999000099990002e-05
9138	-0.0018267932813132797	0.04042355955472804	9.999000099990002e-05
9139	-0.00599402026539467	0.04042355955472804	9.999000099990002e-05
9140	5.428457723894026e-05	0.04042355955472804	9.999000099990002e-05
9141	-0.0014909703914350106	0.04042355955472804	9.999000099990002e-05
9142	-0.0008645088080603963	0.04042355955472804	9.999000099990002e-05
9143	-0.0007925311746467628	0.04042355955472804	9.999000099990002e-05
9144	-0.0032347708701100735	0.04042355955472804	9.999000099990002e-05
9145	-0.002766793226710841	0.04042355955472804	9.999000099990002e-05
9146	-0.005453082106206472	0.04042355955472804	9.999000099990002e-05
9147	-0.006114791550132226	0.04042355955472804	9.999000099990002e-05
9148	-0.004264482132311479	0.04042355955472804	9.999000099990002e-05
9149	-0.004567830411534003	0.04042355955472804	9.999000099990002e-05
9150	-0.0074163818121206855	0.04042355955472804	9.999000099990002e-05
9151	0.00012327285936556686	0.04042355955472804	9.999000099990002e-05
9152	-0.0026836577863817907	0.04042355955472804	9.999000099990002e-05
9153	-0.0044552501274516525	0.04042355955472804	9.999000099990002e-05
9154	-0.0038070283227492007	0.04042355955472804	9.999000099990002e-05
9155	-0.005276591826518577	0.04042355955472804	9.999000099990002e-05
9156	-0.0013684490009018614	0.04042355955472804	9.999000099990002e-05
9157	-0.004324837477395957	0.04042355955472804	9.999000099990002e-05
9158	-0.005445704342370916	0.04042355955472804	9.999000099990002e-05
9159	0.00048462589532039804	0.04042355955472804	9.999000099990002e-05
9160	-0.0003391429336188301	0.04042355955472804	9.999000099990002e-05
9161	-0.00876568294858322	0.04042355955472804	9.999000099990002e-05
9162	-0.00033275466947022827	0.04042355955472804	9.999000099990002e-05
9163	-0.004911138673507105	0.04042355955472804	9.999000099990002e-05
9164	-0.0016532337781627604	0.04042355955472804	9.999000099990002e-05
9165	-0.0006698546812543852	0.04042355955472804	9.999000099990002e-05
9166	-0.0005677828996213149	0.04042355955472804	9.999000099990002e-05
9167	-1.8278572834645736e-05	0.04042355955472804	9.999000099990002e-05
9168	-0.0015746944839524796	0.04042355955472804	9.999000099990002e-05
9169	-0.005995973430322356	0.04042355955472804	9.999000099990002e-05
9170	-0.009907121092504712	0.04042355955472804	9.999000099990002e-05
9171	-0.0053529069922795105	0.04042355955472804	9.999000099990002e-05
9172	-0.008024592157543817	0.04042355955472804	9.999000099990002e-05
9173	-0.0031999190864374595	0.04042355955472804	9.999000099990002e-05
9174	-0.0017977677327382798	0.04042355955472804	9.999000099990002e-05
9175	-0.0028956349962393864	0.04042355955472804	9.999000099990002e-05
9176	-0.002363260003775776	0.04042355955472804	9.999000099990002e-05
9177	-0.002391714193659862	0.04042355955472804	9.999000099990002e-05
9178	-0.004599588332716062	0.04042355955472804	9.999000099990002e-05
9179	-0.002984193708166717	0.04042355955472804	9.999000099990002e-05
9180	-0.005600020664863889	0.04042355955472804	9.999000099990002e-05
9181	-0.0027394290850248303	0.04042355955472804	9.999000099990002e-05
9182	-0.0007990793699837017	0.04042355955472804	9.999000099990002e-05
9183	-0.006784867103398236	0.04042355955472804	9.999000099990002e-05
9184	-0.0024318291253786995	0.04042355955472804	9.999000099990002e-05
9185	-0.0035872468787113724	0.04042355955472804	9.999000099990002e-05
9186	-0.004779214717965193	0.04042355955472804	9.999000099990002e-05
9187	-0.003218926660023223	0.04042355955472804	9.999000099990002e-05
9188	-0.0019165435517683558	0.04042355955472804	9.999000099990002e-05
9189	-0.003647406666848442	0.04042355955472804	9.999000099990002e-05
9190	-0.001930539839113171	0.04042355955472804	9.999000099990002e-05
9191	-0.0024358334453078445	0.04042355955472804	9.999000099990002e-05
9192	-0.0032884750668001105	0.04042355955472804	9.999000099990002e-05
9193	-0.004709880258106367	0.04042355955472804	9.999000099990002e-05
9194	-0.005623014841681119	0.04042355955472804	9.999000099990002e-05
9195	-0.001278353052860237	0.04042355955472804	9.999000099990002e-05
9196	-0.002210774752963861	0.04042355955472804	9.999000099990002e-05
9197	-0.005273916374333251	0.04042355955472804	9.999000099990002e-05
9198	-0.004362190143187233	0.04042355955472804	9.999000099990002e-05
9199	-0.004333262296140443	0.04042355955472804	9.999000099990002e-05
9200	-0.00558304375954449	0.04042355955472804	9.999000099990002e-05
9201	-0.0048452094360395565	0.04042355955472804	9.999000099990002e-05
9202	-0.001714540400265041	0.04042355955472804	9.999000099990002e-05
9203	-0.0015678576661053254	0.04042355955472804	9.999000099990002e-05
9204	-0.002217243867579702	0.04042355955472804	9.999000099990002e-05
9205	-4.785066518199904e-05	0.04042355955472804	9.999000099990002e-05
9206	-0.0009472280887396114	0.04042355955472804	9.999000099990002e-05
9207	-0.001386174374179812	0.04042355955472804	9.999000099990002e-05
9208	-0.006326480541443402	0.04042355955472804	9.999000099990002e-05
9209	-0.00568564417588852	0.04042355955472804	9.999000099990002e-05
9210	-0.003033997153548977	0.04042355955472804	9.999000099990002e-05
9211	-0.009617842872109716	0.04042355955472804	9.999000099990002e-05
9212	-0.0023377880669578077	0.04042355955472804	9.999000099990002e-05
9213	-0.004729732519978334	0.04042355955472804	9.999000099990002e-05
9214	-0.002658570365383381	0.04042355955472804	9.999000099990002e-05
9215	-0.0035895115574307345	0.04042355955472804	9.999000099990002e-05
9216	-0.0026033150823919367	0.04042355955472804	9.999000099990002e-05
9217	-0.00012021810441720654	0.04042355955472804	9.999000099990002e-05
9218	-0.0024310946614982286	0.04042355955472804	9.999000099990002e-05
9219	-0.0034036509913645775	0.04042355955472804	9.999000099990002e-05
9220	-0.00203718706852985	0.04042355955472804	9.999000099990002e-05
9221	-0.0010352101327376364	0.04042355955472804	9.999000099990002e-05
9222	0.00297769991328692	0.04042355955472804	9.999000099990002e-05
9223	-0.0028041170764183778	0.04042355955472804	9.999000099990002e-05
9224	-0.00511288890520475	0.04042355955472804	9.999000099990002e-05
9225	-0.005592846864269858	0.04042355955472804	9.999000099990002e-05
9226	-0.004725329718624291	0.04042355955472804	9.999000099990002e-05
9227	-0.001684282338928475	0.04042355955472804	9.999000099990002e-05
9228	-0.005932806343364144	0.04042355955472804	9.999000099990002e-05
9229	-0.001079883872779175	0.04042355955472804	9.999000099990002e-05
9230	0.0003086435327719239	0.04042355955472804	9.999000099990002e-05
9231	-0.004470811543648696	0.04042355955472804	9.999000099990002e-05
9232	-0.0037455797939381723	0.04042355955472804	9.999000099990002e-05
9233	-0.0023421012845321844	0.04042355955472804	9.999000099990002e-05
9234	-0.0031148602013738925	0.04042355955472804	9.999000099990002e-05
9235	-0.0023180483955652005	0.04042355955472804	9.999000099990002e-05
9236	-0.003746263262199166	0.04042355955472804	9.999000099990002e-05
9237	-0.002785853969625998	0.04042355955472804	9.999000099990002e-05
9238	-0.0025186298445983315	0.04042355955472804	9.999000099990002e-05
9239	-0.006390044032298439	0.04042355955472804	9.999000099990002e-05
9240	-0.0009903394892027185	0.04042355955472804	9.999000099990002e-05
9241	-0.003025814616897013	0.04042355955472804	9.999000099990002e-05
9242	-0.005260443547115611	0.04042355955472804	9.999000099990002e-05
9243	-0.00100338228734706	0.04042355955472804	9.999000099990002e-05
9244	-0.0009167822419495111	0.04042355955472804	9.999000099990002e-05
9245	-0.0018831480767973253	0.04042355955472804	9.999000099990002e-05
9246	-0.003431213652399122	0.04042355955472804	9.999000099990002e-05
9247	-0.004410987930330908	0.04042355955472804	9.999000099990002e-05
9248	-0.0028935268631070793	0.04042355955472804	9.999000099990002e-05
9249	0.001654332040291251	0.04042355955472804	9.999000099990002e-05
9250	-0.0029971989569148928	0.04042355955472804	9.999000099990002e-05
9251	-0.006455865796161307	0.04042355955472804	9.999000099990002e-05
9252	-0.002058407094087758	0.04042355955472804	9.999000099990002e-05
9253	-0.0047494831176296565	0.04042355955472804	9.999000099990002e-05
9254	-0.004516275648464782	0.04042355955472804	9.999000099990002e-05
9255	-0.004195839277698574	0.04042355955472804	9.999000099990002e-05
9256	-0.006528519260996657	0.04042355955472804	9.999000099990002e-05
9257	-0.0022700562661109964	0.04042355955472804	9.999000099990002e-05
9258	-0.0008351784399508025	0.04042355955472804	9.999000099990002e-05
9259	-0.0036753169098702578	0.04042355955472804	9.999000099990002e-05
9260	-0.004294288831439326	0.04042355955472804	9.999000099990002e-05
9261	-0.001898504741061635	0.04042355955472804	9.999000099990002e-05
9262	0.0005893065135860756	0.04042355955472804	9.999000099990002e-05
9263	-0.00470294033331074	0.04042355955472804	9.999000099990002e-05
9264	-0.002126237692935935	0.04042355955472804	9.999000099990002e-05
9265	-0.004982666829876368	0.04042355955472804	9.999000099990002e-05
9266	-0.004534088181739647	0.04042355955472804	9.999000099990002e-05
9267	-0.0026889831833245047	0.04042355955472804	9.999000099990002e-05
9268	-0.0038809426547569484	0.04042355955472804	9.999000099990002e-05
9269	-0.0016384179252322425	0.04042355955472804	9.999000099990002e-05
9270	-0.0012323914762541743	0.04042355955472804	9.999000099990002e-05
9271	6.819941778901939e-05	0.04042355955472804	9.999000099990002e-05
9272	-0.0027094880198456723	0.04042355955472804	9.999000099990002e-05
9273	-0.003574245477237388	0.04042355955472804	9.999000099990002e-05
9274	-0.0056152595255923015	0.04042355955472804	9.999000099990002e-05
9275	-0.0037756902353638295	0.04042355955472804	9.999000099990002e-05
9276	-0.0005235981288937736	0.04042355955472804	9.999000099990002e-05
9277	-0.005803489108454024	0.04042355955472804	9.999000099990002e-05
9278	-0.006660847911311302	0.04042355955472804	9.999000099990002e-05
9279	-0.001428890120964546	0.04042355955472804	9.999000099990002e-05
9280	-0.0011545941096363214	0.04042355955472804	9.999000099990002e-05
9281	-0.0016148800708619404	0.04042355955472804	9.999000099990002e-05
9282	-0.0035542180682076306	0.04042355955472804	9.999000099990002e-05
9283	0.0001643500135973072	0.04042355955472804	9.999000099990002e-05
9284	-0.0031240039987202135	0.04042355955472804	9.999000099990002e-05
9285	-0.0040284897752467606	0.04042355955472804	9.999000099990002e-05
9286	-0.002151575609957268	0.04042355955472804	9.999000099990002e-05
9287	-0.0030440586027366294	0.04042355955472804	9.999000099990002e-05
9288	-0.003254137432851105	0.04042355955472804	9.999000099990002e-05
9289	-0.0008355298884486536	0.04042355955472804	9.999000099990002e-05
9290	-0.007523154712748986	0.04042355955472804	9.999000099990002e-05
9291	-0.007271070246484578	0.04042355955472804	9.999000099990002e-05
9292	-0.004400671599227734	0.04042355955472804	9.999000099990002e-05
9293	-0.0018737964304625433	0.04042355955472804	9.999000099990002e-05
9294	-0.0012510277301708644	0.04042355955472804	9.999000099990002e-05
9295	-0.00414588594251363	0.04042355955472804	9.999000099990002e-05
9296	0.003288435632239603	0.04042355955472804	9.999000099990002e-05
9297	-0.00680190831590582	0.04042355955472804	9.999000099990002e-05
9298	-0.002095139540805824	0.04042355955472804	9.999000099990002e-05
9299	-0.004441919110760891	0.04042355955472804	9.999000099990002e-05
9300	-0.0037979920951894063	0.04042355955472804	9.999000099990002e-05
9301	-0.007357204540867901	0.04042355955472804	9.999000099990002e-05
9302	-0.0021559805080757486	0.04042355955472804	9.999000099990002e-05
9303	0.00359228755812719	0.04042355955472804	9.999000099990002e-05
9304	0.005333700303017716	0.04042355955472804	9.999000099990002e-05
9305	-0.003973987057560883	0.04042355955472804	9.999000099990002e-05
9306	0.002115881734908548	0.04042355955472804	9.999000099990002e-05
9307	-0.007578767619113365	0.04042355955472804	9.999000099990002e-05
9308	3.589662639889579e-05	0.04042355955472804	9.999000099990002e-05
9309	-0.003225503902280355	0.04042355955472804	9.999000099990002e-05
9310	-0.002322598047375321	0.04042355955472804	9.999000099990002e-05
9311	-0.005116769631450327	0.04042355955472804	9.999000099990002e-05
9312	-0.00503206881219623	0.04042355955472804	9.999000099990002e-05
9313	-0.0026082238387755557	0.04042355955472804	9.999000099990002e-05
9314	0.0001324897164488803	0.04042355955472804	9.999000099990002e-05
9315	-0.002065798304146631	0.04042355955472804	9.999000099990002e-05
9316	-0.004163098397195701	0.04042355955472804	9.999000099990002e-05
9317	-0.0017272253057272605	0.04042355955472804	9.999000099990002e-05
9318	-0.0037725426072163807	0.04042355955472804	9.999000099990002e-05
9319	-0.00015629328281154957	0.04042355955472804	9.999000099990002e-05
9320	-0.0029140175031864544	0.04042355955472804	9.999000099990002e-05
9321	-0.009055470721209161	0.04042355955472804	9.999000099990002e-05
9322	-0.00045991344890154164	0.04042355955472804	9.999000099990002e-05
9323	-0.007146271865954639	0.04042355955472804	9.999000099990002e-05
9324	-0.005521558200719321	0.04042355955472804	9.999000099990002e-05
9325	-0.003164251834526173	0.04042355955472804	9.999000099990002e-05
9326	-0.0031974834540891782	0.04042355955472804	9.999000099990002e-05
9327	-0.002967095671419247	0.04042355955472804	9.999000099990002e-05
9328	-0.006698505781364571	0.04042355955472804	9.999000099990002e-05
9329	-0.004113515131315702	0.04042355955472804	9.999000099990002e-05
9330	-0.0038936029376643103	0.04042355955472804	9.999000099990002e-05
9331	-0.0012364008168761404	0.04042355955472804	9.999000099990002e-05
9332	-0.007236710144454264	0.04042355955472804	9.999000099990002e-05
9333	-0.003780607667350759	0.04042355955472804	9.999000099990002e-05
9334	-0.006397497087290019	0.04042355955472804	9.999000099990002e-05
9335	0.0011496870845261007	0.04042355955472804	9.999000099990002e-05
9336	-0.002171604519423967	0.04042355955472804	9.999000099990002e-05
9337	-0.0028304236409005213	0.04042355955472804	9.999000099990002e-05
9338	-0.0027783356263913067	0.04042355955472804	9.999000099990002e-05
9339	-0.007098695780732042	0.04042355955472804	9.999000099990002e-05
9340	-0.008775905694741567	0.04042355955472804	9.999000099990002e-05
9341	-0.0047580486696642554	0.04042355955472804	9.999000099990002e-05
9342	-0.0015767230554544153	0.04042355955472804	9.999000099990002e-05
9343	-0.00920152096349099	0.04042355955472804	9.999000099990002e-05
9344	0.0006805452751913965	0.04042355955472804	9.999000099990002e-05
9345	-0.006336171036453032	0.04042355955472804	9.999000099990002e-05
9346	-0.004127333270628854	0.04042355955472804	9.999000099990002e-05
9347	-0.005024467406311635	0.04042355955472804	9.999000099990002e-05
9348	-0.0035318529014851468	0.04042355955472804	9.999000099990002e-05
9349	-0.003275434461602064	0.04042355955472804	9.999000099990002e-05
9350	-0.0031318395881851494	0.04042355955472804	9.999000099990002e-05
9351	-0.005407728071905138	0.04042355955472804	9.999000099990002e-05
9352	-0.004033335397860813	0.04042355955472804	9.999000099990002e-05
9353	-0.004478207505091199	0.04042355955472804	9.999000099990002e-05
9354	-0.005231563040777816	0.04042355955472804	9.999000099990002e-05
9355	-0.002916731505059225	0.04042355955472804	9.999000099990002e-05
9356	-0.004770108316124058	0.04042355955472804	9.999000099990002e-05
9357	-0.0017982158440003073	0.04042355955472804	9.999000099990002e-05
9358	-0.0054204345413392235	0.04042355955472804	9.999000099990002e-05
9359	-0.0044747208166688104	0.04042355955472804	9.999000099990002e-05
9360	-0.00709099700033753	0.04042355955472804	9.999000099990002e-05
9361	-0.0020885450242875483	0.04042355955472804	9.999000099990002e-05
9362	-0.0030870920958972646	0.04042355955472804	9.999000099990002e-05
9363	-0.0021606865708183225	0.04042355955472804	9.999000099990002e-05
9364	-0.0036851593914470266	0.04042355955472804	9.999000099990002e-05
9365	-0.007005184145713325	0.04042355955472804	9.999000099990002e-05
9366	-0.004277118215864131	0.04042355955472804	9.999000099990002e-05
9367	-0.0021351147202894674	0.04042355955472804	9.999000099990002e-05
9368	-0.003431952617590403	0.04042355955472804	9.999000099990002e-05
9369	-0.002646885731975876	0.04042355955472804	9.999000099990002e-05
9370	-0.005143507648497238	0.04042355955472804	9.999000099990002e-05
9371	-0.0055925073230856425	0.04042355955472804	9.999000099990002e-05
9372	-0.003686571494968094	0.04042355955472804	9.999000099990002e-05
9373	-0.0019419245197879575	0.04042355955472804	9.999000099990002e-05
9374	-0.0036366089070886953	0.04042355955472804	9.999000099990002e-05
9375	-0.003656992477527189	0.04042355955472804	9.999000099990002e-05
9376	0.0025835661005957898	0.04042355955472804	9.999000099990002e-05
9377	-0.001908889996082036	0.04042355955472804	9.999000099990002e-05
9378	-0.007411100158685581	0.04042355955472804	9.999000099990002e-05
9379	-0.0013614059499214002	0.04042355955472804	9.999000099990002e-05
9380	-0.0016452089605164671	0.04042355955472804	9.999000099990002e-05
9381	-0.0032361447894347388	0.04042355955472804	9.999000099990002e-05
9382	-0.0007350652094292962	0.04042355955472804	9.999000099990002e-05
9383	-0.0014293481389576423	0.04042355955472804	9.999000099990002e-05
9384	-0.000495046237481471	0.04042355955472804	9.999000099990002e-05
9385	0.0006915596557247675	0.04042355955472804	9.999000099990002e-05
9386	-0.002592053072054912	0.04042355955472804	9.999000099990002e-05
9387	-0.005238674130802447	0.04042355955472804	9.999000099990002e-05
9388	-0.009779939941173954	0.04042355955472804	9.999000099990002e-05
9389	-0.0008704157204979052	0.04042355955472804	9.999000099990002e-05
9390	0.0012322849644680542	0.04042355955472804	9.999000099990002e-05
9391	0.00035660055584908203	0.04042355955472804	9.999000099990002e-05
9392	-0.005424445805598298	0.04042355955472804	9.999000099990002e-05
9393	-0.0012706643523241203	0.04042355955472804	9.999000099990002e-05
9394	-0.0009063409321440702	0.04042355955472804	9.999000099990002e-05
9395	-0.0022640207970062096	0.04042355955472804	9.999000099990002e-05
9396	0.0010732932227714835	0.04042355955472804	9.999000099990002e-05
9397	-0.0016576008575758861	0.04042355955472804	9.999000099990002e-05
9398	-0.00018298746016899014	0.04042355955472804	9.999000099990002e-05
9399	-0.0023446146510556084	0.04042355955472804	9.999000099990002e-05
9400	-0.0037097137341327744	0.04042355955472804	9.999000099990002e-05
9401	0.00045939999168729677	0.04042355955472804	9.999000099990002e-05
9402	-0.00761941832223679	0.04042355955472804	9.999000099990002e-05
9403	-0.0010481781398715944	0.04042355955472804	9.999000099990002e-05
9404	0.0007658471348568341	0.04042355955472804	9.999000099990002e-05
9405	0.0002825218105785468	0.04042355955472804	9.999000099990002e-05
9406	-0.0018173436256683426	0.04042355955472804	9.999000099990002e-05
9407	-0.003057947493422253	0.04042355955472804	9.999000099990002e-05
9408	-0.005165774171109329	0.04042355955472804	9.999000099990002e-05
9409	-9.831509150757257e-05	0.04042355955472804	9.999000099990002e-05
9410	-0.004551834791971153	0.04042355955472804	9.999000099990002e-05
9411	-0.004005058144117016	0.04042355955472804	9.999000099990002e-05
9412	-0.004552611652813279	0.04042355955472804	9.999000099990002e-05
9413	-0.003022251733209161	0.04042355955472804	9.999000099990002e-05
9414	-0.003692969781265973	0.04042355955472804	9.999000099990002e-05
9415	-0.0028020136946697027	0.04042355955472804	9.999000099990002e-05
9416	-0.007197383096018126	0.04042355955472804	9.999000099990002e-05
9417	-0.0005308170772504922	0.04042355955472804	9.999000099990002e-05
9418	-0.0032404581801364534	0.04042355955472804	9.999000099990002e-05
9419	-0.0034719216029625993	0.04042355955472804	9.999000099990002e-05
9420	-0.003335914669970587	0.04042355955472804	9.999000099990002e-05
9421	-0.005726276469804925	0.04042355955472804	9.999000099990002e-05
9422	-0.0030414983956498637	0.04042355955472804	9.999000099990002e-05
9423	-0.000634405146589867	0.04042355955472804	9.999000099990002e-05
9424	-0.005769463046005825	0.04042355955472804	9.999000099990002e-05
9425	-0.003437055372775373	0.04042355955472804	9.999000099990002e-05
9426	-0.003571259646206268	0.04042355955472804	9.999000099990002e-05
9427	0.0014476339061950435	0.04042355955472804	9.999000099990002e-05
9428	-0.004300016691735732	0.04042355955472804	9.999000099990002e-05
9429	-0.004870953375143221	0.04042355955472804	9.999000099990002e-05
9430	-0.004390217381817364	0.04042355955472804	9.999000099990002e-05
9431	-0.0029029392579014183	0.04042355955472804	9.999000099990002e-05
9432	-0.0027353326613514294	0.04042355955472804	9.999000099990002e-05
9433	-0.0016122264711940517	0.04042355955472804	9.999000099990002e-05
9434	-0.0002824477120775104	0.04042355955472804	9.999000099990002e-05
9435	0.0002466417274587032	0.04042355955472804	9.999000099990002e-05
9436	-0.005530619877997918	0.04042355955472804	9.999000099990002e-05
9437	-0.003622797923705556	0.04042355955472804	9.999000099990002e-05
9438	6.275356269120763e-05	0.04042355955472804	9.999000099990002e-05
9439	-0.00654358878395131	0.04042355955472804	9.999000099990002e-05
9440	-0.005104700212914063	0.04042355955472804	9.999000099990002e-05
9441	-0.0017875546432381678	0.04042355955472804	9.999000099990002e-05
9442	-0.004355968677611413	0.04042355955472804	9.999000099990002e-05
9443	-0.0026666041087058	0.04042355955472804	9.999000099990002e-05
9444	-0.003731382640407563	0.04042355955472804	9.999000099990002e-05
9445	-0.004189286100141541	0.04042355955472804	9.999000099990002e-05
9446	-0.00045088128021603254	0.04042355955472804	9.999000099990002e-05
9447	-0.0021130419079331735	0.04042355955472804	9.999000099990002e-05
9448	-0.004214432057416851	0.04042355955472804	9.999000099990002e-05
9449	-0.008986548362125894	0.04042355955472804	9.999000099990002e-05
9450	-0.003525661348466208	0.04042355955472804	9.999000099990002e-05
9451	-0.0034670303324402046	0.04042355955472804	9.999000099990002e-05
9452	-0.005879448959206552	0.04042355955472804	9.999000099990002e-05
9453	-0.006427848079534809	0.04042355955472804	9.999000099990002e-05
9454	-0.0008267225544671825	0.04042355955472804	9.999000099990002e-05
9455	-0.004092368396331236	0.04042355955472804	9.999000099990002e-05
9456	-0.0013149416307597223	0.04042355955472804	9.999000099990002e-05
9457	-0.009572471602019985	0.04042355955472804	9.999000099990002e-05
9458	-0.0031020691688529735	0.04042355955472804	9.999000099990002e-05
9459	-0.0039151006787100946	0.04042355955472804	9.999000099990002e-05
9460	0.0015190735752577873	0.04042355955472804	9.999000099990002e-05
9461	-0.0016757839603013455	0.04042355955472804	9.999000099990002e-05
9462	-0.002235350717330592	0.04042355955472804	9.999000099990002e-05
9463	-0.006249514513070281	0.04042355955472804	9.999000099990002e-05
9464	-0.005571906516309652	0.04042355955472804	9.999000099990002e-05
9465	-0.0040780436479518995	0.04042355955472804	9.999000099990002e-05
9466	-0.005230210493061317	0.04042355955472804	9.999000099990002e-05
9467	0.0024601894994815145	0.04042355955472804	9.999000099990002e-05
9468	-0.006777637536564722	0.04042355955472804	9.999000099990002e-05
9469	-0.003935880402972594	0.04042355955472804	9.999000099990002e-05
9470	-0.0023042120778814746	0.04042355955472804	9.999000099990002e-05
9471	-0.0014981025068131163	0.04042355955472804	9.999000099990002e-05
9472	-0.0051718354169512345	0.04042355955472804	9.999000099990002e-05
9473	-0.006824568414668204	0.04042355955472804	9.999000099990002e-05
9474	-0.0011056833280494878	0.04042355955472804	9.999000099990002e-05
9475	-0.005257923544044196	0.04042355955472804	9.999000099990002e-05
9476	-0.0046863758365488315	0.04042355955472804	9.999000099990002e-05
9477	-0.0063935310669755024	0.04042355955472804	9.999000099990002e-05
9478	-0.0004887447870751127	0.04042355955472804	9.999000099990002e-05
9479	-0.00774729648423373	0.04042355955472804	9.999000099990002e-05
9480	-0.004792667173865968	0.04042355955472804	9.999000099990002e-05
9481	-0.0020736555730016563	0.04042355955472804	9.999000099990002e-05
9482	-0.00571539793652343	0.04042355955472804	9.999000099990002e-05
9483	0.001154767256211542	0.04042355955472804	9.999000099990002e-05
9484	-0.0037663730221331043	0.04042355955472804	9.999000099990002e-05
9485	-0.004750589709106777	0.04042355955472804	9.999000099990002e-05
9486	-0.002219186375557862	0.04042355955472804	9.999000099990002e-05
9487	-0.0011630951813553793	0.04042355955472804	9.999000099990002e-05
9488	-0.006195710864342267	0.04042355955472804	9.999000099990002e-05
9489	-0.004045762709079205	0.04042355955472804	9.999000099990002e-05
9490	-0.0026745623107993764	0.04042355955472804	9.999000099990002e-05
9491	-0.00034074982463245943	0.04042355955472804	9.999000099990002e-05
9492	-0.005280167156138447	0.04042355955472804	9.999000099990002e-05
9493	-0.0009329934819946983	0.04042355955472804	9.999000099990002e-05
9494	-0.0001509445329144557	0.04042355955472804	9.999000099990002e-05
9495	-0.003380334797697096	0.04042355955472804	9.999000099990002e-05
9496	-0.00443835563074554	0.04042355955472804	9.999000099990002e-05
9497	-0.003007720597805559	0.04042355955472804	9.999000099990002e-05
9498	-0.0005471519494519878	0.04042355955472804	9.999000099990002e-05
9499	-0.004610756257962622	0.04042355955472804	9.999000099990002e-05
9500	-0.003229755736594926	0.04042355955472804	9.999000099990002e-05
9501	-0.008559988876106803	0.04042355955472804	9.999000099990002e-05
9502	-0.002701610418146519	0.04042355955472804	9.999000099990002e-05
9503	0.0021111076138854434	0.04042355955472804	9.999000099990002e-05
9504	-0.0030726931335986777	0.04042355955472804	9.999000099990002e-05
9505	-0.004014704145400577	0.04042355955472804	9.999000099990002e-05
9506	-0.006087371969225047	0.04042355955472804	9.999000099990002e-05
9507	-0.004798915397233812	0.04042355955472804	9.999000099990002e-05
9508	-0.008031098263701053	0.04042355955472804	9.999000099990002e-05
9509	-1.0174655230876795e-05	0.04042355955472804	9.999000099990002e-05
9510	-0.0047452897234101276	0.04042355955472804	9.999000099990002e-05
9511	-0.0002193867906507524	0.04042355955472804	9.999000099990002e-05
9512	-0.002237715232815364	0.04042355955472804	9.999000099990002e-05
9513	-0.009522396673734057	0.04042355955472804	9.999000099990002e-05
9514	-0.0031281152151629147	0.04042355955472804	9.999000099990002e-05
9515	-0.004752906287555057	0.04042355955472804	9.999000099990002e-05
9516	-0.007583938547997096	0.04042355955472804	9.999000099990002e-05
9517	-0.007404523358864977	0.04042355955472804	9.999000099990002e-05
9518	-0.00812547063013938	0.04042355955472804	9.999000099990002e-05
9519	-0.00955384225396048	0.04042355955472804	9.999000099990002e-05
9520	-0.0036923266709113	0.04042355955472804	9.999000099990002e-05
9521	-0.004228863644600624	0.04042355955472804	9.999000099990002e-05
9522	-0.001399223039417291	0.04042355955472804	9.999000099990002e-05
9523	-0.008536536104205347	0.04042355955472804	9.999000099990002e-05
9524	-0.0007542880957154705	0.04042355955472804	9.999000099990002e-05
9525	-0.002119559940640417	0.04042355955472804	9.999000099990002e-05
9526	-0.005600544432772986	0.04042355955472804	9.999000099990002e-05
9527	-4.728596227544374e-05	0.04042355955472804	9.999000099990002e-05
9528	-0.0034312287914230813	0.04042355955472804	9.999000099990002e-05
9529	-0.0073224698874582	0.04042355955472804	9.999000099990002e-05
9530	-0.009233303738064361	0.04042355955472804	9.999000099990002e-05
9531	-0.0014253312961509876	0.04042355955472804	9.999000099990002e-05
9532	-0.001506044050209425	0.04042355955472804	9.999000099990002e-05
9533	-0.004994573085513961	0.04042355955472804	9.999000099990002e-05
9534	-0.002381983359980279	0.04042355955472804	9.999000099990002e-05
9535	-0.0028095155523344627	0.04042355955472804	9.999000099990002e-05
9536	-0.005989170199178924	0.04042355955472804	9.999000099990002e-05
9537	-0.0010551454764958722	0.04042355955472804	9.999000099990002e-05
9538	-0.005580212184972277	0.04042355955472804	9.999000099990002e-05
9539	0.0016138113750356591	0.04042355955472804	9.999000099990002e-05
9540	-0.0033555975363596807	0.04042355955472804	9.999000099990002e-05
9541	-0.0008353198849866392	0.04042355955472804	9.999000099990002e-05
9542	-0.004080832363889564	0.04042355955472804	9.999000099990002e-05
9543	-0.005178584401528488	0.04042355955472804	9.999000099990002e-05
9544	-0.005547528705800407	0.04042355955472804	9.999000099990002e-05
9545	-0.004536224630810044	0.04042355955472804	9.999000099990002e-05
9546	-0.001113998287879299	0.04042355955472804	9.999000099990002e-05
9547	-0.003657473021310702	0.04042355955472804	9.999000099990002e-05
9548	-0.005160004394760544	0.04042355955472804	9.999000099990002e-05
9549	-0.0009330127183656819	0.04042355955472804	9.999000099990002e-05
9550	-0.001422738040978866	0.04042355955472804	9.999000099990002e-05
9551	-0.003916646802027792	0.04042355955472804	9.999000099990002e-05
9552	-0.0018255693287367925	0.04042355955472804	9.999000099990002e-05
9553	-0.0024572683218932563	0.04042355955472804	9.999000099990002e-05
9554	-0.003349647284378346	0.04042355955472804	9.999000099990002e-05
9555	0.0010181431242565681	0.04042355955472804	9.999000099990002e-05
9556	-0.0033404832118970164	0.04042355955472804	9.999000099990002e-05
9557	-0.0049171010828749015	0.04042355955472804	9.999000099990002e-05
9558	-0.007339496364905616	0.04042355955472804	9.999000099990002e-05
9559	-0.0012718804949339885	0.04042355955472804	9.999000099990002e-05
9560	-0.004359359318833483	0.04042355955472804	9.999000099990002e-05
9561	-0.0045191815139017325	0.04042355955472804	9.999000099990002e-05
9562	-0.006160810681960259	0.04042355955472804	9.999000099990002e-05
9563	-0.0019742187894657382	0.04042355955472804	9.999000099990002e-05
9564	-0.005508795137881804	0.04042355955472804	9.999000099990002e-05
9565	-0.004426083441622754	0.04042355955472804	9.999000099990002e-05
9566	-0.003873552637353081	0.04042355955472804	9.999000099990002e-05
9567	0.0021382572123258767	0.04042355955472804	9.999000099990002e-05
9568	-0.004715988998548226	0.04042355955472804	9.999000099990002e-05
9569	-0.002826449137346407	0.04042355955472804	9.999000099990002e-05
9570	0.0018988282391124531	0.04042355955472804	9.999000099990002e-05
9571	-0.009580171940560546	0.04042355955472804	9.999000099990002e-05
9572	-0.0020272645444134275	0.04042355955472804	9.999000099990002e-05
9573	-0.0016202728720485769	0.04042355955472804	9.999000099990002e-05
9574	-0.0044667870832391324	0.04042355955472804	9.999000099990002e-05
9575	-0.0005527681233784817	0.04042355955472804	9.999000099990002e-05
9576	-0.0051861460265978905	0.04042355955472804	9.999000099990002e-05
9577	-0.005948315609759458	0.04042355955472804	9.999000099990002e-05
9578	0.0003671507819870301	0.04042355955472804	9.999000099990002e-05
9579	-0.00258196142176481	0.04042355955472804	9.999000099990002e-05
9580	-0.0010382895294772127	0.04042355955472804	9.999000099990002e-05
9581	-0.002975487172769191	0.04042355955472804	9.999000099990002e-05
9582	-0.0007318230345184654	0.04042355955472804	9.999000099990002e-05
9583	-0.0025619716198403237	0.04042355955472804	9.999000099990002e-05
9584	-0.00525536722270437	0.04042355955472804	9.999000099990002e-05
9585	-0.00249696655534387	0.04042355955472804	9.999000099990002e-05
9586	-0.0021236375703793777	0.04042355955472804	9.999000099990002e-05
9587	-0.005184594478623575	0.04042355955472804	9.999000099990002e-05
9588	-0.0029834024200463645	0.04042355955472804	9.999000099990002e-05
9589	-0.00384476536970544	0.04042355955472804	9.999000099990002e-05
9590	-0.005897919030114329	0.04042355955472804	9.999000099990002e-05
9591	-0.008638703817620502	0.04042355955472804	9.999000099990002e-05
9592	-0.0036231157662632947	0.04042355955472804	9.999000099990002e-05
9593	-0.0019049182625653347	0.04042355955472804	9.999000099990002e-05
9594	-0.0031753458921081473	0.04042355955472804	9.999000099990002e-05
9595	-4.9248649206751204e-05	0.04042355955472804	9.999000099990002e-05
9596	-0.002003824526225939	0.04042355955472804	9.999000099990002e-05
9597	-0.006318459513362196	0.04042355955472804	9.999000099990002e-05
9598	0.00016035633138131443	0.04042355955472804	9.999000099990002e-05
9599	-0.0045907892126650016	0.04042355955472804	9.999000099990002e-05
9600	-0.0019637069783606464	0.04042355955472804	9.999000099990002e-05
9601	-0.00748415468261954	0.04042355955472804	9.999000099990002e-05
9602	-0.003506892075044171	0.04042355955472804	9.999000099990002e-05
9603	-0.004983978346413566	0.04042355955472804	9.999000099990002e-05
9604	-0.0035716648218882623	0.04042355955472804	9.999000099990002e-05
9605	-0.001253644434479209	0.04042355955472804	9.999000099990002e-05
9606	-0.005612400943155226	0.04042355955472804	9.999000099990002e-05
9607	-0.0012360232646228763	0.04042355955472804	9.999000099990002e-05
9608	-0.005713551571927436	0.04042355955472804	9.999000099990002e-05
9609	-0.0005621757090800746	0.04042355955472804	9.999000099990002e-05
9610	-0.002303544614281136	0.04042355955472804	9.999000099990002e-05
9611	-0.004783771756541764	0.04042355955472804	9.999000099990002e-05
9612	-0.004851960171126579	0.04042355955472804	9.999000099990002e-05
9613	-0.003091236495079898	0.04042355955472804	9.999000099990002e-05
9614	-0.004340460199907317	0.04042355955472804	9.999000099990002e-05
9615	7.91815581646288e-05	0.04042355955472804	9.999000099990002e-05
9616	-0.005257931738738238	0.04042355955472804	9.999000099990002e-05
9617	-0.00514067424646978	0.04042355955472804	9.999000099990002e-05
9618	-0.00162808668594156	0.04042355955472804	9.999000099990002e-05
9619	-0.0006195723848892665	0.04042355955472804	9.999000099990002e-05
9620	-0.005528618795270115	0.04042355955472804	9.999000099990002e-05
9621	-0.0025537945847904516	0.04042355955472804	9.999000099990002e-05
9622	-0.0050683951021773714	0.04042355955472804	9.999000099990002e-05
9623	-0.002805756746208167	0.04042355955472804	9.999000099990002e-05
9624	-0.004860863706199333	0.04042355955472804	9.999000099990002e-05
9625	-0.0024625984317468708	0.04042355955472804	9.999000099990002e-05
9626	-0.000602671924908152	0.04042355955472804	9.999000099990002e-05
9627	-0.005333635130192818	0.04042355955472804	9.999000099990002e-05
9628	-0.003105234321334395	0.04042355955472804	9.999000099990002e-05
9629	-0.005327907250660043	0.04042355955472804	9.999000099990002e-05
9630	-0.006935721513914646	0.04042355955472804	9.999000099990002e-05
9631	-0.00813262815676356	0.04042355955472804	9.999000099990002e-05
9632	-0.005956827992464657	0.04042355955472804	9.999000099990002e-05
9633	-0.003911952050271353	0.04042355955472804	9.999000099990002e-05
9634	-0.005486422642101971	0.04042355955472804	9.999000099990002e-05
9635	-0.0027665227440984595	0.04042355955472804	9.999000099990002e-05
9636	-0.0032332720490286264	0.04042355955472804	9.999000099990002e-05
9637	-0.00015758240821292375	0.04042355955472804	9.999000099990002e-05
9638	0.0008637551462816848	0.04042355955472804	9.999000099990002e-05
9639	-0.002033869102317354	0.04042355955472804	9.999000099990002e-05
9640	-0.005388536617849158	0.04042355955472804	9.999000099990002e-05
9641	-0.0033326535664707168	0.04042355955472804	9.999000099990002e-05
9642	-0.0012761357533225977	0.04042355955472804	9.999000099990002e-05
9643	-0.003031795570126429	0.04042355955472804	9.999000099990002e-05
9644	-0.0034791768118786217	0.04042355955472804	9.999000099990002e-05
9645	-0.0017248574431139405	0.04042355955472804	9.999000099990002e-05
9646	-0.006326098814897631	0.04042355955472804	9.999000099990002e-05
9647	3.452216845584027e-05	0.04042355955472804	9.999000099990002e-05
9648	-0.004918141982145119	0.04042355955472804	9.999000099990002e-05
9649	-0.0028262666996040076	0.04042355955472804	9.999000099990002e-05
9650	-0.0006902994041162291	0.04042355955472804	9.999000099990002e-05
9651	-0.007082298890470497	0.04042355955472804	9.999000099990002e-05
9652	-0.007280421604273793	0.04042355955472804	9.999000099990002e-05
9653	-0.005387055340338046	0.04042355955472804	9.999000099990002e-05
9654	-0.003813437400651205	0.04042355955472804	9.999000099990002e-05
9655	0.00110722477692905	0.04042355955472804	9.999000099990002e-05
9656	-0.0046693938528275	0.04042355955472804	9.999000099990002e-05
9657	-0.005291234686764841	0.04042355955472804	9.999000099990002e-05
9658	-0.00484062329283369	0.04042355955472804	9.999000099990002e-05
9659	-0.003267163610770912	0.04042355955472804	9.999000099990002e-05
9660	-0.0023995105216916197	0.04042355955472804	9.999000099990002e-05
9661	-0.004117904736519252	0.04042355955472804	9.999000099990002e-05
9662	-0.003985386819550516	0.04042355955472804	9.999000099990002e-05
9663	-0.0066442126824132934	0.04042355955472804	9.999000099990002e-05
9664	-0.006338141283278144	0.04042355955472804	9.999000099990002e-05
9665	-4.358382649805731e-05	0.04042355955472804	9.999000099990002e-05
9666	-0.0013434533566294162	0.04042355955472804	9.999000099990002e-05
9667	-0.002438415351021077	0.04042355955472804	9.999000099990002e-05
9668	-0.0012764074093536068	0.04042355955472804	9.999000099990002e-05
9669	0.0024212124760517595	0.04042355955472804	9.999000099990002e-05
9670	-0.009395204884690138	0.04042355955472804	9.999000099990002e-05
9671	-0.0015250393317541328	0.04042355955472804	9.999000099990002e-05
9672	-0.004859796164555295	0.04042355955472804	9.999000099990002e-05
9673	-0.0001835554140222434	0.04042355955472804	9.999000099990002e-05
9674	-0.0061056328830711385	0.04042355955472804	9.999000099990002e-05
9675	-0.003962415091578224	0.04042355955472804	9.999000099990002e-05
9676	-0.0025308927810266738	0.04042355955472804	9.999000099990002e-05
9677	-0.00459790767021972	0.04042355955472804	9.999000099990002e-05
9678	-0.0045952519160782825	0.04042355955472804	9.999000099990002e-05
9679	-0.004429348219269487	0.04042355955472804	9.999000099990002e-05
9680	-0.002245819381255573	0.04042355955472804	9.999000099990002e-05
9681	9.693001508774835e-05	0.04042355955472804	9.999000099990002e-05
9682	-0.002941851685597412	0.04042355955472804	9.999000099990002e-05
9683	-0.0038772428658168266	0.04042355955472804	9.999000099990002e-05
9684	-0.007075377394118272	0.04042355955472804	9.999000099990002e-05
9685	-0.0007196985614884466	0.04042355955472804	9.999000099990002e-05
9686	-0.0025749949507772275	0.04042355955472804	9.999000099990002e-05
9687	-6.61550916992451e-05	0.04042355955472804	9.999000099990002e-05
9688	-8.672794802820905e-05	0.04042355955472804	9.999000099990002e-05
9689	-0.0033922027152473292	0.04042355955472804	9.999000099990002e-05
9690	-0.005133878613692894	0.04042355955472804	9.999000099990002e-05
9691	-0.0010701432285503867	0.04042355955472804	9.999000099990002e-05
9692	-0.0032192090114765036	0.04042355955472804	9.999000099990002e-05
9693	-0.00047100019666255073	0.04042355955472804	9.999000099990002e-05
9694	-0.003895742714626885	0.04042355955472804	9.999000099990002e-05
9695	-0.002379990433473782	0.04042355955472804	9.999000099990002e-05
9696	-0.002915336733508417	0.04042355955472804	9.999000099990002e-05
9697	-0.0059999613031543105	0.04042355955472804	9.999000099990002e-05
9698	-0.006491301961547988	0.04042355955472804	9.999000099990002e-05
9699	-0.0022547510206663347	0.04042355955472804	9.999000099990002e-05
9700	-0.0002459491411578543	0.04042355955472804	9.999000099990002e-05
9701	-0.00044038324235256	0.04042355955472804	9.999000099990002e-05
9702	-0.0018554885221621436	0.04042355955472804	9.999000099990002e-05
9703	-0.004919392846404612	0.04042355955472804	9.999000099990002e-05
9704	-0.0030336604785840423	0.04042355955472804	9.999000099990002e-05
9705	-0.008837007103238212	0.04042355955472804	9.999000099990002e-05
9706	-0.0036509139766605176	0.04042355955472804	9.999000099990002e-05
9707	-0.006756755628699566	0.04042355955472804	9.999000099990002e-05
9708	-0.007201116009989081	0.04042355955472804	9.999000099990002e-05
9709	-0.004852727356074086	0.04042355955472804	9.999000099990002e-05
9710	-0.004067509426474611	0.04042355955472804	9.999000099990002e-05
9711	-0.0014481943963363427	0.04042355955472804	9.999000099990002e-05
9712	-0.002456567675552977	0.04042355955472804	9.999000099990002e-05
9713	-0.007671063746322456	0.04042355955472804	9.999000099990002e-05
9714	-0.005191749196737592	0.04042355955472804	9.999000099990002e-05
9715	-0.000776843067710431	0.04042355955472804	9.999000099990002e-05
9716	-0.003615938291522405	0.04042355955472804	9.999000099990002e-05
9717	-0.003488452859275451	0.04042355955472804	9.999000099990002e-05
9718	-0.0036528416533966506	0.04042355955472804	9.999000099990002e-05
9719	-0.0008667504993164335	0.04042355955472804	9.999000099990002e-05
9720	-0.0006454932601332244	0.04042355955472804	9.999000099990002e-05
9721	-0.00036360455699644274	0.04042355955472804	9.999000099990002e-05
9722	-0.00020080226333562824	0.04042355955472804	9.999000099990002e-05
9723	-0.002636962111386304	0.04042355955472804	9.999000099990002e-05
9724	-0.004138038753516993	0.04042355955472804	9.999000099990002e-05
9725	-0.0009842103774439948	0.04042355955472804	9.999000099990002e-05
9726	-0.0012819484844877784	0.04042355955472804	9.999000099990002e-05
9727	-0.006310561501873424	0.04042355955472804	9.999000099990002e-05
9728	-0.0055124638985555394	0.04042355955472804	9.999000099990002e-05
9729	-0.0044246022602934965	0.04042355955472804	9.999000099990002e-05
9730	-0.001231745249607398	0.04042355955472804	9.999000099990002e-05
9731	-0.0020111190927569896	0.04042355955472804	9.999000099990002e-05
9732	-0.006701268874456094	0.04042355955472804	9.999000099990002e-05
9733	-0.003610541181388667	0.04042355955472804	9.999000099990002e-05
9734	-0.0021664095066037644	0.04042355955472804	9.999000099990002e-05
9735	-0.005518087459248477	0.04042355955472804	9.999000099990002e-05
9736	-0.0031559802527129214	0.04042355955472804	9.999000099990002e-05
9737	-0.006476227110118575	0.04042355955472804	9.999000099990002e-05
9738	-0.0007790173162498068	0.04042355955472804	9.999000099990002e-05
9739	-0.0035851887024345	0.04042355955472804	9.999000099990002e-05
9740	-0.004168401691548164	0.04042355955472804	9.999000099990002e-05
9741	-0.0020753628586354473	0.04042355955472804	9.999000099990002e-05
9742	-0.0007843715677490024	0.04042355955472804	9.999000099990002e-05
9743	-0.006447081738188723	0.04042355955472804	9.999000099990002e-05
9744	-0.008790935359935538	0.04042355955472804	9.999000099990002e-05
9745	0.0007850875070042271	0.04042355955472804	9.999000099990002e-05
9746	-0.005448923068145517	0.04042355955472804	9.999000099990002e-05
9747	-0.0009953234020877624	0.04042355955472804	9.999000099990002e-05
9748	0.0023175988608117202	0.04042355955472804	9.999000099990002e-05
9749	0.0007342540886104657	0.04042355955472804	9.999000099990002e-05
9750	-0.003123241872938269	0.04042355955472804	9.999000099990002e-05
9751	-0.006157982262152891	0.04042355955472804	9.999000099990002e-05
9752	-0.004380859445189264	0.04042355955472804	9.999000099990002e-05
9753	-0.0033404628982892566	0.04042355955472804	9.999000099990002e-05
9754	-0.002887826222275605	0.04042355955472804	9.999000099990002e-05
9755	-0.0031992638764054377	0.04042355955472804	9.999000099990002e-05
9756	-0.00830240607792454	0.04042355955472804	9.999000099990002e-05
9757	0.0002556774933455949	0.04042355955472804	9.999000099990002e-05
9758	-0.002608778500296456	0.04042355955472804	9.999000099990002e-05
9759	-0.004824660586701587	0.04042355955472804	9.999000099990002e-05
9760	-0.007379150046921039	0.04042355955472804	9.999000099990002e-05
9761	-0.0008238588166826946	0.04042355955472804	9.999000099990002e-05
9762	-0.005036630544447325	0.04042355955472804	9.999000099990002e-05
9763	-0.0040941989678666395	0.04042355955472804	9.999000099990002e-05
9764	-0.007177857852452859	0.04042355955472804	9.999000099990002e-05
9765	-0.005342887401435109	0.04042355955472804	9.999000099990002e-05
9766	-0.002417895260057719	0.04042355955472804	9.999000099990002e-05
9767	0.001989468403325541	0.04042355955472804	9.999000099990002e-05
9768	-0.006177370581229505	0.04042355955472804	9.999000099990002e-05
9769	-0.005337532265062851	0.04042355955472804	9.999000099990002e-05
9770	-0.0008547390784386808	0.04042355955472804	9.999000099990002e-05
9771	-0.0004494638866929468	0.04042355955472804	9.999000099990002e-05
9772	-0.007071031186167665	0.04042355955472804	9.999000099990002e-05
9773	-0.004538429445942911	0.04042355955472804	9.999000099990002e-05
9774	-0.0035182191427878566	0.04042355955472804	9.999000099990002e-05
9775	-0.006363280238514413	0.04042355955472804	9.999000099990002e-05
9776	-0.002430309509780219	0.04042355955472804	9.999000099990002e-05
9777	-0.0022335653897397347	0.04042355955472804	9.999000099990002e-05
9778	0.0001949872815150494	0.04042355955472804	9.999000099990002e-05
9779	-0.005561638718570466	0.04042355955472804	9.999000099990002e-05
9780	-0.002864075555933121	0.04042355955472804	9.999000099990002e-05
9781	-0.0033914607684185374	0.04042355955472804	9.999000099990002e-05
9782	0.0018299951944996506	0.04042355955472804	9.999000099990002e-05
9783	-0.004678252220901183	0.04042355955472804	9.999000099990002e-05
9784	-0.0004569225394684878	0.04042355955472804	9.999000099990002e-05
9785	-0.00440063799328763	0.04042355955472804	9.999000099990002e-05
9786	-0.002109115014397235	0.04042355955472804	9.999000099990002e-05
9787	-0.0011293917128485514	0.04042355955472804	9.999000099990002e-05
9788	-0.004938556927104687	0.04042355955472804	9.999000099990002e-05
9789	-0.003515413595025589	0.04042355955472804	9.999000099990002e-05
9790	-0.005475085032826989	0.04042355955472804	9.999000099990002e-05
9791	-0.007966471328549008	0.04042355955472804	9.999000099990002e-05
9792	-0.005688629795319559	0.04042355955472804	9.999000099990002e-05
9793	-0.001302993459069754	0.04042355955472804	9.999000099990002e-05
9794	-0.0028887019003554617	0.04042355955472804	9.999000099990002e-05
9795	-0.003521439599835849	0.04042355955472804	9.999000099990002e-05
9796	-0.00588486234331014	0.04042355955472804	9.999000099990002e-05
9797	-0.006215621258527341	0.04042355955472804	9.999000099990002e-05
9798	-0.001959591087479809	0.04042355955472804	9.999000099990002e-05
9799	0.0013553178308692432	0.04042355955472804	9.999000099990002e-05
9800	0.0018245788287585523	0.04042355955472804	9.999000099990002e-05
9801	-0.0042168381234629375	0.04042355955472804	9.999000099990002e-05
9802	-0.006609835363830951	0.04042355955472804	9.999000099990002e-05
9803	-0.0009955533536664869	0.04042355955472804	9.999000099990002e-05
9804	-0.00282300565381325	0.04042355955472804	9.999000099990002e-05
9805	-0.003841479816778043	0.04042355955472804	9.999000099990002e-05
9806	-0.0026723009022630805	0.04042355955472804	9.999000099990002e-05
9807	-0.00033597356837217207	0.04042355955472804	9.999000099990002e-05
9808	-0.0040564876591747834	0.04042355955472804	9.999000099990002e-05
9809	-0.00198556805598154	0.04042355955472804	9.999000099990002e-05
9810	-0.001688224775452167	0.04042355955472804	9.999000099990002e-05
9811	-0.002078416978783555	0.04042355955472804	9.999000099990002e-05
9812	-0.005471283041047839	0.04042355955472804	9.999000099990002e-05
9813	-0.004742159504178414	0.04042355955472804	9.999000099990002e-05
9814	-0.0022888550096533816	0.04042355955472804	9.999000099990002e-05
9815	-0.006007314906107911	0.04042355955472804	9.999000099990002e-05
9816	-2.0422677980692917e-05	0.04042355955472804	9.999000099990002e-05
9817	-0.006039006769592015	0.04042355955472804	9.999000099990002e-05
9818	-0.0038529460404294184	0.04042355955472804	9.999000099990002e-05
9819	0.0001685990971108234	0.04042355955472804	9.999000099990002e-05
9820	-0.0016138808568076396	0.04042355955472804	9.999000099990002e-05
9821	-0.001623085210249814	0.04042355955472804	9.999000099990002e-05
9822	-0.0036814145316896945	0.04042355955472804	9.999000099990002e-05
9823	-0.00043107193468772955	0.04042355955472804	9.999000099990002e-05
9824	-0.0034296225159733255	0.04042355955472804	9.999000099990002e-05
9825	-0.0023206592712531338	0.04042355955472804	9.999000099990002e-05
9826	-0.006730976525509748	0.04042355955472804	9.999000099990002e-05
9827	-0.00511502193020111	0.04042355955472804	9.999000099990002e-05
9828	-0.0049020114194398305	0.04042355955472804	9.999000099990002e-05
9829	-0.0024452605751623625	0.04042355955472804	9.999000099990002e-05
9830	-0.003853934597534192	0.04042355955472804	9.999000099990002e-05
9831	-0.005139113849764819	0.04042355955472804	9.999000099990002e-05
9832	-0.00713357732307056	0.04042355955472804	9.999000099990002e-05
9833	-0.002507735941456417	0.04042355955472804	9.999000099990002e-05
9834	-0.005448885057076455	0.04042355955472804	9.999000099990002e-05
9835	-0.0069624422374640425	0.04042355955472804	9.999000099990002e-05
9836	-0.000652002713419006	0.04042355955472804	9.999000099990002e-05
9837	-0.004144336914503917	0.04042355955472804	9.999000099990002e-05
9838	-0.004549237150906459	0.04042355955472804	9.999000099990002e-05
9839	-0.005202158304858019	0.04042355955472804	9.999000099990002e-05
9840	-0.000897656941773331	0.04042355955472804	9.999000099990002e-05
9841	-0.00419399654877671	0.04042355955472804	9.999000099990002e-05
9842	-0.002185599652586516	0.04042355955472804	9.999000099990002e-05
9843	0.0001660089582308094	0.04042355955472804	9.999000099990002e-05
9844	-0.004495562405100397	0.04042355955472804	9.999000099990002e-05
9845	-0.0024049892709838137	0.04042355955472804	9.999000099990002e-05
9846	-0.0035307133388681492	0.04042355955472804	9.999000099990002e-05
9847	-0.005424100608921015	0.04042355955472804	9.999000099990002e-05
9848	-0.0026659666346078234	0.04042355955472804	9.999000099990002e-05
9849	-0.0015922922431453352	0.04042355955472804	9.999000099990002e-05
9850	-0.004300888195523084	0.04042355955472804	9.999000099990002e-05
9851	-0.0037989171337972	0.04042355955472804	9.999000099990002e-05
9852	0.000346783523991126	0.04042355955472804	9.999000099990002e-05
9853	0.0010215649283996334	0.04042355955472804	9.999000099990002e-05
9854	-0.00872420627416255	0.04042355955472804	9.999000099990002e-05
9855	-0.0052886584750174185	0.04042355955472804	9.999000099990002e-05
9856	0.002450822002377047	0.04042355955472804	9.999000099990002e-05
9857	-0.0012507043090655436	0.04042355955472804	9.999000099990002e-05
9858	-0.00023767390443412139	0.04042355955472804	9.999000099990002e-05
9859	-0.004556448443187533	0.04042355955472804	9.999000099990002e-05
9860	-0.005704558914747924	0.04042355955472804	9.999000099990002e-05
9861	-0.005099192839901852	0.04042355955472804	9.999000099990002e-05
9862	-0.0006386246253284502	0.04042355955472804	9.999000099990002e-05
9863	-0.0026578299767006457	0.04042355955472804	9.999000099990002e-05
9864	-0.004652925864938808	0.04042355955472804	9.999000099990002e-05
9865	-0.005850308223242108	0.04042355955472804	9.999000099990002e-05
9866	-0.00376763750574325	0.04042355955472804	9.999000099990002e-05
9867	-0.002464061415469182	0.04042355955472804	9.999000099990002e-05
9868	-0.004007770953334791	0.04042355955472804	9.999000099990002e-05
9869	0.0037476452800360325	0.04042355955472804	9.999000099990002e-05
9870	-0.0009688689676218762	0.04042355955472804	9.999000099990002e-05
9871	-0.003438148191010877	0.04042355955472804	9.999000099990002e-05
9872	-0.0053517681029355045	0.04042355955472804	9.999000099990002e-05
9873	-0.008462062936384192	0.04042355955472804	9.999000099990002e-05
9874	-0.005461253543472382	0.04042355955472804	9.999000099990002e-05
9875	-9.20293379799389e-05	0.04042355955472804	9.999000099990002e-05
9876	-0.0046173249400346585	0.04042355955472804	9.999000099990002e-05
9877	-0.004056138980714358	0.04042355955472804	9.999000099990002e-05
9878	-0.00656510508809509	0.04042355955472804	9.999000099990002e-05
9879	0.00036251820218160256	0.04042355955472804	9.999000099990002e-05
9880	-0.00210876118058939	0.04042355955472804	9.999000099990002e-05
9881	0.0017548702599568741	0.04042355955472804	9.999000099990002e-05
9882	-0.0023140643315347	0.04042355955472804	9.999000099990002e-05
9883	-0.003410495542232876	0.04042355955472804	9.999000099990002e-05
9884	-0.0002188162591237913	0.04042355955472804	9.999000099990002e-05
9885	-0.0049030001111992055	0.04042355955472804	9.999000099990002e-05
9886	-0.005348989409147122	0.04042355955472804	9.999000099990002e-05
9887	-0.0033043351468930214	0.04042355955472804	9.999000099990002e-05
9888	-0.010171490232296685	0.04042355955472804	9.999000099990002e-05
9889	-0.0010607984303636798	0.04042355955472804	9.999000099990002e-05
9890	-0.0031485844836341287	0.04042355955472804	9.999000099990002e-05
9891	-0.0027825249617365573	0.04042355955472804	9.999000099990002e-05
9892	-0.006174978096061333	0.04042355955472804	9.999000099990002e-05
9893	-0.003149377349136906	0.04042355955472804	9.999000099990002e-05
9894	-0.0027787259131221683	0.04042355955472804	9.999000099990002e-05
9895	-0.0012350900697937859	0.04042355955472804	9.999000099990002e-05
9896	-0.005507454151224269	0.04042355955472804	9.999000099990002e-05
9897	-0.006430810095938651	0.04042355955472804	9.999000099990002e-05
9898	-0.006609287396567151	0.04042355955472804	9.999000099990002e-05
9899	-0.0022628060394150563	0.04042355955472804	9.999000099990002e-05
9900	-0.004033434388225889	0.04042355955472804	9.999000099990002e-05
9901	-0.003439942829005288	0.04042355955472804	9.999000099990002e-05
9902	-0.0035413243711747712	0.04042355955472804	9.999000099990002e-05
9903	0.0005016892488909963	0.04042355955472804	9.999000099990002e-05
9904	-0.002897047330596904	0.04042355955472804	9.999000099990002e-05
9905	-0.004181986839935969	0.04042355955472804	9.999000099990002e-05
9906	-0.004689595601087467	0.04042355955472804	9.999000099990002e-05
9907	-0.002617235828507901	0.04042355955472804	9.999000099990002e-05
9908	-0.0019653878716934456	0.04042355955472804	9.999000099990002e-05
9909	-0.007316154721519324	0.04042355955472804	9.999000099990002e-05
9910	-0.005739800254169296	0.04042355955472804	9.999000099990002e-05
9911	-0.0033103341246020546	0.04042355955472804	9.999000099990002e-05
9912	-0.0033579482786028265	0.04042355955472804	9.999000099990002e-05
9913	-0.0006212668975727184	0.04042355955472804	9.999000099990002e-05
9914	-0.00526088069364618	0.04042355955472804	9.999000099990002e-05
9915	-0.002022045697729577	0.04042355955472804	9.999000099990002e-05
9916	-0.006431738885638781	0.04042355955472804	9.999000099990002e-05
9917	-0.0030879581365552537	0.04042355955472804	9.999000099990002e-05
9918	-0.0024784197120795103	0.04042355955472804	9.999000099990002e-05
9919	-0.005584581284204358	0.04042355955472804	9.999000099990002e-05
9920	-0.005526200802674024	0.04042355955472804	9.999000099990002e-05
9921	-0.00808129243825071	0.04042355955472804	9.999000099990002e-05
9922	-0.004378340807900195	0.04042355955472804	9.999000099990002e-05
9923	-0.004054039946385521	0.04042355955472804	9.999000099990002e-05
9924	-0.0002515237837593873	0.04042355955472804	9.999000099990002e-05
9925	-5.482550399096009e-05	0.04042355955472804	9.999000099990002e-05
9926	-0.005320233092820395	0.04042355955472804	9.999000099990002e-05
9927	-0.004342781279666401	0.04042355955472804	9.999000099990002e-05
9928	-0.00168422143657794	0.04042355955472804	9.999000099990002e-05
9929	-0.0029399796404461637	0.04042355955472804	9.999000099990002e-05
9930	-0.002100964756375774	0.04042355955472804	9.999000099990002e-05
9931	-0.0037046673030420403	0.04042355955472804	9.999000099990002e-05
9932	-0.004771395479415586	0.04042355955472804	9.999000099990002e-05
9933	-0.004855665173123242	0.04042355955472804	9.999000099990002e-05
9934	-0.003279771243730896	0.04042355955472804	9.999000099990002e-05
9935	-0.0038808917937920755	0.04042355955472804	9.999000099990002e-05
9936	-0.0031716921358037843	0.04042355955472804	9.999000099990002e-05
9937	-0.003680586829119069	0.04042355955472804	9.999000099990002e-05
9938	-0.006667479842571133	0.04042355955472804	9.999000099990002e-05
9939	-0.004667067386884538	0.04042355955472804	9.999000099990002e-05
9940	0.004374184828422234	0.04042355955472804	9.999000099990002e-05
9941	-0.003129876074089881	0.04042355955472804	9.999000099990002e-05
9942	-0.0040627090478051065	0.04042355955472804	9.999000099990002e-05
9943	-0.004191873257384059	0.04042355955472804	9.999000099990002e-05
9944	-0.004322752908818095	0.04042355955472804	9.999000099990002e-05
9945	-0.0003216601502153443	0.04042355955472804	9.999000099990002e-05
9946	-0.005154657318427731	0.04042355955472804	9.999000099990002e-05
9947	-0.00982841861615941	0.04042355955472804	9.999000099990002e-05
9948	-0.0004666877485430154	0.04042355955472804	9.999000099990002e-05
9949	-0.005939445584444952	0.04042355955472804	9.999000099990002e-05
9950	-0.00384306883720303	0.04042355955472804	9.999000099990002e-05
9951	-0.0051918883526452814	0.04042355955472804	9.999000099990002e-05
9952	-0.0007079273259387772	0.04042355955472804	9.999000099990002e-05
9953	-0.006310612016583626	0.04042355955472804	9.999000099990002e-05
9954	-0.0038973090553704876	0.04042355955472804	9.999000099990002e-05
9955	-0.0031481531657239657	0.04042355955472804	9.999000099990002e-05
9956	-0.004485361434514007	0.04042355955472804	9.999000099990002e-05
9957	-0.0033942541010852424	0.04042355955472804	9.999000099990002e-05
9958	-0.003376308375177696	0.04042355955472804	9.999000099990002e-05
9959	-0.005010414390908789	0.04042355955472804	9.999000099990002e-05
9960	-0.00565671634807811	0.04042355955472804	9.999000099990002e-05
9961	-0.0061733094562968546	0.04042355955472804	9.999000099990002e-05
9962	0.0017822181276730352	0.04042355955472804	9.999000099990002e-05
9963	-0.002625568158780715	0.04042355955472804	9.999000099990002e-05
9964	-0.0017915131613680051	0.04042355955472804	9.999000099990002e-05
9965	-0.006309517390129256	0.04042355955472804	9.999000099990002e-05
9966	0.007117542865274704	0.04042355955472804	9.999000099990002e-05
9967	-0.007624609199237235	0.04042355955472804	9.999000099990002e-05
9968	-0.002406795046837025	0.04042355955472804	9.999000099990002e-05
9969	-0.004043820797428546	0.04042355955472804	9.999000099990002e-05
9970	-0.005622984082723921	0.04042355955472804	9.999000099990002e-05
9971	0.0009781484006200006	0.04042355955472804	9.999000099990002e-05
9972	0.0025711009899084146	0.04042355955472804	9.999000099990002e-05
9973	-0.00407955839674852	0.04042355955472804	9.999000099990002e-05
9974	-0.0007476263865533461	0.04042355955472804	9.999000099990002e-05
9975	-0.001739541642321453	0.04042355955472804	9.999000099990002e-05
9976	-0.0002473703242460212	0.04042355955472804	9.999000099990002e-05
9977	-0.0024849060432473773	0.04042355955472804	9.999000099990002e-05
9978	-0.0018472237307878571	0.04042355955472804	9.999000099990002e-05
9979	-0.005829659979575267	0.04042355955472804	9.999000099990002e-05
9980	-0.002177051951904191	0.04042355955472804	9.999000099990002e-05
9981	-0.003448937563712874	0.04042355955472804	9.999000099990002e-05
9982	-0.007004672554427052	0.04042355955472804	9.999000099990002e-05
9983	-0.0036291235542302374	0.04042355955472804	9.999000099990002e-05
9984	-0.00199938352143912	0.04042355955472804	9.999000099990002e-05
9985	-0.0025124026465839695	0.04042355955472804	9.999000099990002e-05
9986	-0.004798439835670393	0.04042355955472804	9.999000099990002e-05
9987	-0.002714482955171289	0.04042355955472804	9.999000099990002e-05
9988	-0.0030935710787714107	0.04042355955472804	9.999000099990002e-05
9989	-0.00588688560557368	0.04042355955472804	9.999000099990002e-05
9990	-0.003935531955348617	0.04042355955472804	9.999000099990002e-05
9991	-0.00044916872381659814	0.04042355955472804	9.999000099990002e-05
9992	-0.006140201045689987	0.04042355955472804	9.999000099990002e-05
9993	-0.0017339142728270544	0.04042355955472804	9.999000099990002e-05
9994	-0.0016548239142972544	0.04042355955472804	9.999000099990002e-05
9995	0.00016947212057148996	0.04042355955472804	9.999000099990002e-05
9996	-0.0013202151664462758	0.04042355955472804	9.999000099990002e-05
9997	9.989968756724393e-05	0.04042355955472804	9.999000099990002e-05
9998	-0.0020100013634210766	0.04042355955472804	9.999000099990002e-05
9999	-0.0033157593198374262	0.04042355955472804	9.999000099990002e-05
10000	-0.007971963774137336	0.04042355955472804	9.999000099990002e-05
