permutation	null_Delta_CV_rho	observed_Delta_CV_rho	empirical_upper_tail_P
1	-0.006927738746972653	0.039280648992946095	9.999000099990002e-05
2	-0.004962096553305151	0.039280648992946095	9.999000099990002e-05
3	0.004015906063998459	0.039280648992946095	9.999000099990002e-05
4	-0.008094005218594463	0.039280648992946095	9.999000099990002e-05
5	0.012783089119653507	0.039280648992946095	9.999000099990002e-05
6	0.015502666354199474	0.039280648992946095	9.999000099990002e-05
7	0.012525066162947573	0.039280648992946095	9.999000099990002e-05
8	-0.0028351748995989884	0.039280648992946095	9.999000099990002e-05
9	-0.005342380529741633	0.039280648992946095	9.999000099990002e-05
10	4.076484041595774e-05	0.039280648992946095	9.999000099990002e-05
11	-0.004332283808482204	0.039280648992946095	9.999000099990002e-05
12	0.0065292989388501255	0.039280648992946095	9.999000099990002e-05
13	0.007969875688153327	0.039280648992946095	9.999000099990002e-05
14	-0.01618784127880321	0.039280648992946095	9.999000099990002e-05
15	-0.0030390126964972425	0.039280648992946095	9.999000099990002e-05
16	0.008906149582691758	0.039280648992946095	9.999000099990002e-05
17	-0.0048790988748292075	0.039280648992946095	9.999000099990002e-05
18	-0.0011111153513997662	0.039280648992946095	9.999000099990002e-05
19	-0.008618437192964956	0.039280648992946095	9.999000099990002e-05
20	0.009309553781590346	0.039280648992946095	9.999000099990002e-05
21	0.001321514396177309	0.039280648992946095	9.999000099990002e-05
22	-0.0013016541626623274	0.039280648992946095	9.999000099990002e-05
23	0.004876854855807758	0.039280648992946095	9.999000099990002e-05
24	-0.004897011602026963	0.039280648992946095	9.999000099990002e-05
25	0.007986330565268054	0.039280648992946095	9.999000099990002e-05
26	0.004384949310335104	0.039280648992946095	9.999000099990002e-05
27	-0.0025116201590592857	0.039280648992946095	9.999000099990002e-05
28	0.000490216243602945	0.039280648992946095	9.999000099990002e-05
29	0.0018938821864571825	0.039280648992946095	9.999000099990002e-05
30	0.02212985672648879	0.039280648992946095	9.999000099990002e-05
31	-0.025966746898916274	0.039280648992946095	9.999000099990002e-05
32	-0.034604328412538216	0.039280648992946095	9.999000099990002e-05
33	-0.019685010189389368	0.039280648992946095	9.999000099990002e-05
34	0.0007137799280767104	0.039280648992946095	9.999000099990002e-05
35	0.002651215786326655	0.039280648992946095	9.999000099990002e-05
36	-0.0016216475948112458	0.039280648992946095	9.999000099990002e-05
37	0.0019140622380797445	0.039280648992946095	9.999000099990002e-05
38	0.006993123512553878	0.039280648992946095	9.999000099990002e-05
39	0.005645840429039678	0.039280648992946095	9.999000099990002e-05
40	-0.006654972597919473	0.039280648992946095	9.999000099990002e-05
41	-0.009749688995461886	0.039280648992946095	9.999000099990002e-05
42	0.0045394266514406645	0.039280648992946095	9.999000099990002e-05
43	-0.016289005422055483	0.039280648992946095	9.999000099990002e-05
44	-0.015290151809989133	0.039280648992946095	9.999000099990002e-05
45	-0.014590995051432618	0.039280648992946095	9.999000099990002e-05
46	-0.003790800629989738	0.039280648992946095	9.999000099990002e-05
47	-0.042554841486090206	0.039280648992946095	9.999000099990002e-05
48	0.0002512559900895023	0.039280648992946095	9.999000099990002e-05
49	0.005712115606686191	0.039280648992946095	9.999000099990002e-05
50	-0.0009093928111696403	0.039280648992946095	9.999000099990002e-05
51	-0.007581732886955225	0.039280648992946095	9.999000099990002e-05
52	0.001723371844589816	0.039280648992946095	9.999000099990002e-05
53	-0.01726342550363011	0.039280648992946095	9.999000099990002e-05
54	-0.006393470484369446	0.039280648992946095	9.999000099990002e-05
55	0.007453643962702983	0.039280648992946095	9.999000099990002e-05
56	0.0017997382618707009	0.039280648992946095	9.999000099990002e-05
57	0.005532075054216268	0.039280648992946095	9.999000099990002e-05
58	-0.01348388745255584	0.039280648992946095	9.999000099990002e-05
59	-0.006182322413640001	0.039280648992946095	9.999000099990002e-05
60	-0.0015517965428968605	0.039280648992946095	9.999000099990002e-05
61	-0.00015223482722473425	0.039280648992946095	9.999000099990002e-05
62	0.000674528530841309	0.039280648992946095	9.999000099990002e-05
63	-0.012603588621352399	0.039280648992946095	9.999000099990002e-05
64	-0.009824014344941845	0.039280648992946095	9.999000099990002e-05
65	0.0026243581540199845	0.039280648992946095	9.999000099990002e-05
66	0.005159482589166792	0.039280648992946095	9.999000099990002e-05
67	-0.03484018540594183	0.039280648992946095	9.999000099990002e-05
68	-0.030917150500191504	0.039280648992946095	9.999000099990002e-05
69	-0.022327291558038614	0.039280648992946095	9.999000099990002e-05
70	-0.0011983138288228085	0.039280648992946095	9.999000099990002e-05
71	0.004175456505875946	0.039280648992946095	9.999000099990002e-05
72	0.0007145771670817036	0.039280648992946095	9.999000099990002e-05
73	-0.0084116211111821	0.039280648992946095	9.999000099990002e-05
74	-0.04207407839960009	0.039280648992946095	9.999000099990002e-05
75	-0.0021835625718349683	0.039280648992946095	9.999000099990002e-05
76	-0.003991630136296637	0.039280648992946095	9.999000099990002e-05
77	-0.044375775623850325	0.039280648992946095	9.999000099990002e-05
78	0.0038888330611189376	0.039280648992946095	9.999000099990002e-05
79	-0.013181229987425616	0.039280648992946095	9.999000099990002e-05
80	-0.014053982771801032	0.039280648992946095	9.999000099990002e-05
81	0.001324177815352573	0.039280648992946095	9.999000099990002e-05
82	-0.009402802730136717	0.039280648992946095	9.999000099990002e-05
83	-0.0060999155756909645	0.039280648992946095	9.999000099990002e-05
84	-0.02586670549346859	0.039280648992946095	9.999000099990002e-05
85	-0.03534131940559705	0.039280648992946095	9.999000099990002e-05
86	-0.010087266888492333	0.039280648992946095	9.999000099990002e-05
87	-0.018794950569749377	0.039280648992946095	9.999000099990002e-05
88	-0.010444958412745883	0.039280648992946095	9.999000099990002e-05
89	-0.005946997560278694	0.039280648992946095	9.999000099990002e-05
90	-0.007703411125944193	0.039280648992946095	9.999000099990002e-05
91	-0.006625767917287528	0.039280648992946095	9.999000099990002e-05
92	-0.0030505166319957366	0.039280648992946095	9.999000099990002e-05
93	-0.01253554737966403	0.039280648992946095	9.999000099990002e-05
94	0.0007578264605966056	0.039280648992946095	9.999000099990002e-05
95	-0.009884056978001654	0.039280648992946095	9.999000099990002e-05
96	0.00443757271680327	0.039280648992946095	9.999000099990002e-05
97	0.0012415627339143337	0.039280648992946095	9.999000099990002e-05
98	0.003241555635476928	0.039280648992946095	9.999000099990002e-05
99	-0.016139886624359487	0.039280648992946095	9.999000099990002e-05
100	-0.02348964699456116	0.039280648992946095	9.999000099990002e-05
101	-0.0007452548948617688	0.039280648992946095	9.999000099990002e-05
102	-0.0013025850678658885	0.039280648992946095	9.999000099990002e-05
103	-0.0052949980715021605	0.039280648992946095	9.999000099990002e-05
104	-0.000740032542402777	0.039280648992946095	9.999000099990002e-05
105	0.0021103484045637833	0.039280648992946095	9.999000099990002e-05
106	0.005454810893378598	0.039280648992946095	9.999000099990002e-05
107	-0.0014183867037507875	0.039280648992946095	9.999000099990002e-05
108	0.0037204676417560145	0.039280648992946095	9.999000099990002e-05
109	-0.03266797518737799	0.039280648992946095	9.999000099990002e-05
110	-0.0021254314188230844	0.039280648992946095	9.999000099990002e-05
111	0.013094860842490064	0.039280648992946095	9.999000099990002e-05
112	0.008673011795772553	0.039280648992946095	9.999000099990002e-05
113	-0.00525117672744177	0.039280648992946095	9.999000099990002e-05
114	-0.028321677160143	0.039280648992946095	9.999000099990002e-05
115	-0.001559799132865164	0.039280648992946095	9.999000099990002e-05
116	0.0026004875461241167	0.039280648992946095	9.999000099990002e-05
117	-0.007679638109424694	0.039280648992946095	9.999000099990002e-05
118	-0.0009018107380723561	0.039280648992946095	9.999000099990002e-05
119	0.008464934114823713	0.039280648992946095	9.999000099990002e-05
120	-0.021967147140086407	0.039280648992946095	9.999000099990002e-05
121	-0.005482391041740892	0.039280648992946095	9.999000099990002e-05
122	-0.0013820101736727874	0.039280648992946095	9.999000099990002e-05
123	0.0015195537601784964	0.039280648992946095	9.999000099990002e-05
124	-0.026202257904186538	0.039280648992946095	9.999000099990002e-05
125	-0.010640690736030828	0.039280648992946095	9.999000099990002e-05
126	-0.013478024298611627	0.039280648992946095	9.999000099990002e-05
127	0.0035972739689166533	0.039280648992946095	9.999000099990002e-05
128	0.0013082377934393874	0.039280648992946095	9.999000099990002e-05
129	-0.0005947566115013653	0.039280648992946095	9.999000099990002e-05
130	-0.024013195548487354	0.039280648992946095	9.999000099990002e-05
131	-0.01381393192251841	0.039280648992946095	9.999000099990002e-05
132	-0.0038013575407140066	0.039280648992946095	9.999000099990002e-05
133	-0.003500053488328242	0.039280648992946095	9.999000099990002e-05
134	-0.007405690570635268	0.039280648992946095	9.999000099990002e-05
135	-0.0051642789868273226	0.039280648992946095	9.999000099990002e-05
136	0.005500575082675541	0.039280648992946095	9.999000099990002e-05
137	-0.01284379624802523	0.039280648992946095	9.999000099990002e-05
138	-0.00930759850680532	0.039280648992946095	9.999000099990002e-05
139	-0.02184816247163822	0.039280648992946095	9.999000099990002e-05
140	0.0007668292893433515	0.039280648992946095	9.999000099990002e-05
141	-0.00623365979882165	0.039280648992946095	9.999000099990002e-05
142	0.0058252039595433625	0.039280648992946095	9.999000099990002e-05
143	-0.010103597033146408	0.039280648992946095	9.999000099990002e-05
144	0.0032065125628917696	0.039280648992946095	9.999000099990002e-05
145	0.0033695297806178443	0.039280648992946095	9.999000099990002e-05
146	-0.015684841535954078	0.039280648992946095	9.999000099990002e-05
147	-0.0013674910530677986	0.039280648992946095	9.999000099990002e-05
148	0.00586784129200961	0.039280648992946095	9.999000099990002e-05
149	-0.015271191504912476	0.039280648992946095	9.999000099990002e-05
150	0.020914247035362155	0.039280648992946095	9.999000099990002e-05
151	-0.0061395646213704	0.039280648992946095	9.999000099990002e-05
152	-0.038285404776086024	0.039280648992946095	9.999000099990002e-05
153	-0.001715717670401018	0.039280648992946095	9.999000099990002e-05
154	-0.004657026153532362	0.039280648992946095	9.999000099990002e-05
155	-0.002577464575167915	0.039280648992946095	9.999000099990002e-05
156	0.003326652790920856	0.039280648992946095	9.999000099990002e-05
157	0.011614054111776934	0.039280648992946095	9.999000099990002e-05
158	-0.0037349730218836086	0.039280648992946095	9.999000099990002e-05
159	-0.0030871849651444155	0.039280648992946095	9.999000099990002e-05
160	0.003738897554695614	0.039280648992946095	9.999000099990002e-05
161	-0.003195594466969043	0.039280648992946095	9.999000099990002e-05
162	0.012497377353142325	0.039280648992946095	9.999000099990002e-05
163	0.0014394787249367297	0.039280648992946095	9.999000099990002e-05
164	0.020766682708067086	0.039280648992946095	9.999000099990002e-05
165	-0.025465418881778487	0.039280648992946095	9.999000099990002e-05
166	-0.011181578461468653	0.039280648992946095	9.999000099990002e-05
167	-0.016088735682404362	0.039280648992946095	9.999000099990002e-05
168	0.001090818772760696	0.039280648992946095	9.999000099990002e-05
169	-0.0020562964254254856	0.039280648992946095	9.999000099990002e-05
170	0.00660366075157566	0.039280648992946095	9.999000099990002e-05
171	-0.009367868610312052	0.039280648992946095	9.999000099990002e-05
172	0.022720217356290318	0.039280648992946095	9.999000099990002e-05
173	-0.0002467749436675659	0.039280648992946095	9.999000099990002e-05
174	-0.006436966912265321	0.039280648992946095	9.999000099990002e-05
175	-0.0010247112483592336	0.039280648992946095	9.999000099990002e-05
176	-0.01168475445143033	0.039280648992946095	9.999000099990002e-05
177	-0.02066083927680594	0.039280648992946095	9.999000099990002e-05
178	-0.010808898795368463	0.039280648992946095	9.999000099990002e-05
179	-0.02426415842457727	0.039280648992946095	9.999000099990002e-05
180	0.0064095983575439275	0.039280648992946095	9.999000099990002e-05
181	-0.004061924622061966	0.039280648992946095	9.999000099990002e-05
182	0.0017113056662363818	0.039280648992946095	9.999000099990002e-05
183	0.0033377139237564107	0.039280648992946095	9.999000099990002e-05
184	-0.03909315772245828	0.039280648992946095	9.999000099990002e-05
185	0.003738776463704241	0.039280648992946095	9.999000099990002e-05
186	-0.016450432288770106	0.039280648992946095	9.999000099990002e-05
187	-0.0006491965284989715	0.039280648992946095	9.999000099990002e-05
188	-0.015112063279258334	0.039280648992946095	9.999000099990002e-05
189	0.009853516363677733	0.039280648992946095	9.999000099990002e-05
190	-0.021956476081438803	0.039280648992946095	9.999000099990002e-05
191	0.00465946263634287	0.039280648992946095	9.999000099990002e-05
192	0.003010562965273869	0.039280648992946095	9.999000099990002e-05
193	-0.0030995061920053163	0.039280648992946095	9.999000099990002e-05
194	-0.0282802770532751	0.039280648992946095	9.999000099990002e-05
195	0.003605812728819921	0.039280648992946095	9.999000099990002e-05
196	0.014908969070384526	0.039280648992946095	9.999000099990002e-05
197	-0.0014777350785565024	0.039280648992946095	9.999000099990002e-05
198	-0.01470821681177896	0.039280648992946095	9.999000099990002e-05
199	-0.0037567716823191377	0.039280648992946095	9.999000099990002e-05
200	0.01049572908820362	0.039280648992946095	9.999000099990002e-05
201	0.005134769830811653	0.039280648992946095	9.999000099990002e-05
202	0.016051379451434616	0.039280648992946095	9.999000099990002e-05
203	-0.0042593550838486705	0.039280648992946095	9.999000099990002e-05
204	-0.002405540954801305	0.039280648992946095	9.999000099990002e-05
205	-0.0002716527819628112	0.039280648992946095	9.999000099990002e-05
206	0.008897663599816405	0.039280648992946095	9.999000099990002e-05
207	-0.006873484884778153	0.039280648992946095	9.999000099990002e-05
208	-0.0001983423827971731	0.039280648992946095	9.999000099990002e-05
209	-0.006800527368260978	0.039280648992946095	9.999000099990002e-05
210	-0.023477764443364676	0.039280648992946095	9.999000099990002e-05
211	0.011091384996955334	0.039280648992946095	9.999000099990002e-05
212	-0.0008912075078589543	0.039280648992946095	9.999000099990002e-05
213	-0.0024917155967250776	0.039280648992946095	9.999000099990002e-05
214	0.0025827332471159703	0.039280648992946095	9.999000099990002e-05
215	-0.000325834008983672	0.039280648992946095	9.999000099990002e-05
216	-0.001498073606921585	0.039280648992946095	9.999000099990002e-05
217	-0.0018147483010858556	0.039280648992946095	9.999000099990002e-05
218	-0.008711898706210724	0.039280648992946095	9.999000099990002e-05
219	-0.008519756531753186	0.039280648992946095	9.999000099990002e-05
220	-0.00874244101988697	0.039280648992946095	9.999000099990002e-05
221	-0.0032027824845386466	0.039280648992946095	9.999000099990002e-05
222	-0.0034208501722761964	0.039280648992946095	9.999000099990002e-05
223	-0.01062839873802987	0.039280648992946095	9.999000099990002e-05
224	0.003083508246454314	0.039280648992946095	9.999000099990002e-05
225	0.004137415144601711	0.039280648992946095	9.999000099990002e-05
226	0.013950346993421625	0.039280648992946095	9.999000099990002e-05
227	-0.023805761679305024	0.039280648992946095	9.999000099990002e-05
228	0.009537591423759165	0.039280648992946095	9.999000099990002e-05
229	-0.003308054205124769	0.039280648992946095	9.999000099990002e-05
230	-0.0017422814604142606	0.039280648992946095	9.999000099990002e-05
231	-0.0005940933300125073	0.039280648992946095	9.999000099990002e-05
232	0.002445537445201776	0.039280648992946095	9.999000099990002e-05
233	-0.013861020829781981	0.039280648992946095	9.999000099990002e-05
234	-0.0031829683277481147	0.039280648992946095	9.999000099990002e-05
235	-0.017484300764172997	0.039280648992946095	9.999000099990002e-05
236	0.001661058585506428	0.039280648992946095	9.999000099990002e-05
237	0.007269591433605727	0.039280648992946095	9.999000099990002e-05
238	-0.004099524006072969	0.039280648992946095	9.999000099990002e-05
239	0.004411567236858122	0.039280648992946095	9.999000099990002e-05
240	0.006267615431577653	0.039280648992946095	9.999000099990002e-05
241	0.009215958796357684	0.039280648992946095	9.999000099990002e-05
242	0.002543545502763367	0.039280648992946095	9.999000099990002e-05
243	-0.012390603162336394	0.039280648992946095	9.999000099990002e-05
244	-0.01592511771935498	0.039280648992946095	9.999000099990002e-05
245	-0.0014236809145366652	0.039280648992946095	9.999000099990002e-05
246	0.0013835442518458363	0.039280648992946095	9.999000099990002e-05
247	-0.00312610435748846	0.039280648992946095	9.999000099990002e-05
248	-0.008366618911467644	0.039280648992946095	9.999000099990002e-05
249	-0.015827511971318084	0.039280648992946095	9.999000099990002e-05
250	0.007586590558405298	0.039280648992946095	9.999000099990002e-05
251	-0.02187965749078072	0.039280648992946095	9.999000099990002e-05
252	0.010901254418674136	0.039280648992946095	9.999000099990002e-05
253	0.0028525119347820177	0.039280648992946095	9.999000099990002e-05
254	0.012248545222103224	0.039280648992946095	9.999000099990002e-05
255	-0.005959350880622091	0.039280648992946095	9.999000099990002e-05
256	-0.006783627649260521	0.039280648992946095	9.999000099990002e-05
257	-0.0073594889680499015	0.039280648992946095	9.999000099990002e-05
258	-0.010407334315296793	0.039280648992946095	9.999000099990002e-05
259	0.006275277859763423	0.039280648992946095	9.999000099990002e-05
260	-0.004041746755321013	0.039280648992946095	9.999000099990002e-05
261	0.0043839759698763164	0.039280648992946095	9.999000099990002e-05
262	-0.03382359070126255	0.039280648992946095	9.999000099990002e-05
263	-0.005711742768786096	0.039280648992946095	9.999000099990002e-05
264	0.007389250647821033	0.039280648992946095	9.999000099990002e-05
265	0.00539690259828593	0.039280648992946095	9.999000099990002e-05
266	0.007978702172681679	0.039280648992946095	9.999000099990002e-05
267	-0.0016663139054004794	0.039280648992946095	9.999000099990002e-05
268	-0.016459344080785157	0.039280648992946095	9.999000099990002e-05
269	-0.0031734506437998827	0.039280648992946095	9.999000099990002e-05
270	0.00685718260950223	0.039280648992946095	9.999000099990002e-05
271	-0.006418735386571409	0.039280648992946095	9.999000099990002e-05
272	0.0021541478027027328	0.039280648992946095	9.999000099990002e-05
273	0.0021267049620082856	0.039280648992946095	9.999000099990002e-05
274	-0.01097046248422169	0.039280648992946095	9.999000099990002e-05
275	-0.008581650147918188	0.039280648992946095	9.999000099990002e-05
276	0.0020384189962031896	0.039280648992946095	9.999000099990002e-05
277	0.009779950527581183	0.039280648992946095	9.999000099990002e-05
278	-0.001349772246246772	0.039280648992946095	9.999000099990002e-05
279	-0.02490066710308947	0.039280648992946095	9.999000099990002e-05
280	-0.006739215319014488	0.039280648992946095	9.999000099990002e-05
281	0.009179165293772051	0.039280648992946095	9.999000099990002e-05
282	0.0017743558615937183	0.039280648992946095	9.999000099990002e-05
283	-0.0028831346035467637	0.039280648992946095	9.999000099990002e-05
284	-0.00011185204976435492	0.039280648992946095	9.999000099990002e-05
285	-0.016419856813447056	0.039280648992946095	9.999000099990002e-05
286	0.015105031068020441	0.039280648992946095	9.999000099990002e-05
287	-0.0008182567887510955	0.039280648992946095	9.999000099990002e-05
288	0.002788159598567555	0.039280648992946095	9.999000099990002e-05
289	-0.005274159982106494	0.039280648992946095	9.999000099990002e-05
290	-0.02899999505245708	0.039280648992946095	9.999000099990002e-05
291	0.003791291888470383	0.039280648992946095	9.999000099990002e-05
292	0.006899132918100001	0.039280648992946095	9.999000099990002e-05
293	0.0036909112922986625	0.039280648992946095	9.999000099990002e-05
294	0.001632588413502195	0.039280648992946095	9.999000099990002e-05
295	-0.020154573087470845	0.039280648992946095	9.999000099990002e-05
296	-0.002018178544743704	0.039280648992946095	9.999000099990002e-05
297	-0.012745244106402168	0.039280648992946095	9.999000099990002e-05
298	-0.009038187267664852	0.039280648992946095	9.999000099990002e-05
299	-0.01660379869043152	0.039280648992946095	9.999000099990002e-05
300	-0.00046746565454795774	0.039280648992946095	9.999000099990002e-05
301	-0.012536648851288065	0.039280648992946095	9.999000099990002e-05
302	-0.012860500735720024	0.039280648992946095	9.999000099990002e-05
303	0.0021679143044394805	0.039280648992946095	9.999000099990002e-05
304	0.004146873059901052	0.039280648992946095	9.999000099990002e-05
305	-0.0004491388680180064	0.039280648992946095	9.999000099990002e-05
306	-0.0025480144109543967	0.039280648992946095	9.999000099990002e-05
307	0.0055629467023730755	0.039280648992946095	9.999000099990002e-05
308	-0.0026962876109335454	0.039280648992946095	9.999000099990002e-05
309	-0.004202474508489165	0.039280648992946095	9.999000099990002e-05
310	0.007772963674484476	0.039280648992946095	9.999000099990002e-05
311	0.010509005302518193	0.039280648992946095	9.999000099990002e-05
312	-0.0032140229233209305	0.039280648992946095	9.999000099990002e-05
313	-0.0008439576476537702	0.039280648992946095	9.999000099990002e-05
314	-0.0005076931597587653	0.039280648992946095	9.999000099990002e-05
315	-0.009247532034260028	0.039280648992946095	9.999000099990002e-05
316	0.007082890730951211	0.039280648992946095	9.999000099990002e-05
317	-0.01346761649391559	0.039280648992946095	9.999000099990002e-05
318	-0.007910463126382689	0.039280648992946095	9.999000099990002e-05
319	-0.03884574435639873	0.039280648992946095	9.999000099990002e-05
320	0.009297458568588629	0.039280648992946095	9.999000099990002e-05
321	-0.025525679274700508	0.039280648992946095	9.999000099990002e-05
322	0.0010215967239711327	0.039280648992946095	9.999000099990002e-05
323	0.002127481760232447	0.039280648992946095	9.999000099990002e-05
324	-0.010576003870172948	0.039280648992946095	9.999000099990002e-05
325	0.0002456564299673225	0.039280648992946095	9.999000099990002e-05
326	-0.039089563737949945	0.039280648992946095	9.999000099990002e-05
327	-0.013949991343256501	0.039280648992946095	9.999000099990002e-05
328	-0.009895310671732077	0.039280648992946095	9.999000099990002e-05
329	0.006645958310682792	0.039280648992946095	9.999000099990002e-05
330	0.006982009845455023	0.039280648992946095	9.999000099990002e-05
331	-0.003190936736458233	0.039280648992946095	9.999000099990002e-05
332	0.00027206135481468163	0.039280648992946095	9.999000099990002e-05
333	0.002775753161325764	0.039280648992946095	9.999000099990002e-05
334	-0.009447717340377082	0.039280648992946095	9.999000099990002e-05
335	-0.014679127444340495	0.039280648992946095	9.999000099990002e-05
336	0.0008785658802554774	0.039280648992946095	9.999000099990002e-05
337	0.005301805482703939	0.039280648992946095	9.999000099990002e-05
338	0.004552909070021635	0.039280648992946095	9.999000099990002e-05
339	-0.0012309576586898574	0.039280648992946095	9.999000099990002e-05
340	0.004330911654309252	0.039280648992946095	9.999000099990002e-05
341	0.0027304585273526527	0.039280648992946095	9.999000099990002e-05
342	-0.005646077221647894	0.039280648992946095	9.999000099990002e-05
343	-0.0014403471910805765	0.039280648992946095	9.999000099990002e-05
344	0.004362206295536186	0.039280648992946095	9.999000099990002e-05
345	-0.009020891696678551	0.039280648992946095	9.999000099990002e-05
346	-0.002706840297553484	0.039280648992946095	9.999000099990002e-05
347	0.008926583080575326	0.039280648992946095	9.999000099990002e-05
348	0.0037016873709199427	0.039280648992946095	9.999000099990002e-05
349	-0.000784461914725032	0.039280648992946095	9.999000099990002e-05
350	-0.004176416348621939	0.039280648992946095	9.999000099990002e-05
351	-0.0037843442078724088	0.039280648992946095	9.999000099990002e-05
352	-0.019969228856394974	0.039280648992946095	9.999000099990002e-05
353	-0.025745375427494527	0.039280648992946095	9.999000099990002e-05
354	0.00295346608663985	0.039280648992946095	9.999000099990002e-05
355	0.005145277023342221	0.039280648992946095	9.999000099990002e-05
356	-0.004444521853988914	0.039280648992946095	9.999000099990002e-05
357	0.009245811901283887	0.039280648992946095	9.999000099990002e-05
358	0.0018792503259636995	0.039280648992946095	9.999000099990002e-05
359	0.004566921249551645	0.039280648992946095	9.999000099990002e-05
360	-0.0022520475386918343	0.039280648992946095	9.999000099990002e-05
361	-0.004963148598053024	0.039280648992946095	9.999000099990002e-05
362	-0.00010913478539686938	0.039280648992946095	9.999000099990002e-05
363	-0.0045251478192544214	0.039280648992946095	9.999000099990002e-05
364	0.01273363427697738	0.039280648992946095	9.999000099990002e-05
365	-0.015437479053358405	0.039280648992946095	9.999000099990002e-05
366	0.0055773564817941795	0.039280648992946095	9.999000099990002e-05
367	-0.008040662888987013	0.039280648992946095	9.999000099990002e-05
368	-0.0525056482951192	0.039280648992946095	9.999000099990002e-05
369	0.0005430335218949284	0.039280648992946095	9.999000099990002e-05
370	-0.005213943383921532	0.039280648992946095	9.999000099990002e-05
371	-0.00956284025494343	0.039280648992946095	9.999000099990002e-05
372	0.0008511652320516011	0.039280648992946095	9.999000099990002e-05
373	0.003260911258457247	0.039280648992946095	9.999000099990002e-05
374	0.01514477411215992	0.039280648992946095	9.999000099990002e-05
375	-0.00026946115154588557	0.039280648992946095	9.999000099990002e-05
376	-0.002624365728276068	0.039280648992946095	9.999000099990002e-05
377	-0.006212859629259299	0.039280648992946095	9.999000099990002e-05
378	-0.007764239490966093	0.039280648992946095	9.999000099990002e-05
379	0.0022413889095926898	0.039280648992946095	9.999000099990002e-05
380	-0.014518331134444257	0.039280648992946095	9.999000099990002e-05
381	-0.001141367415698924	0.039280648992946095	9.999000099990002e-05
382	0.006970167738843888	0.039280648992946095	9.999000099990002e-05
383	-0.0020085238929980626	0.039280648992946095	9.999000099990002e-05
384	-0.01566871817820148	0.039280648992946095	9.999000099990002e-05
385	0.0029059342310545633	0.039280648992946095	9.999000099990002e-05
386	-0.00020876339388838094	0.039280648992946095	9.999000099990002e-05
387	-0.004471549664292709	0.039280648992946095	9.999000099990002e-05
388	-0.004064293422096993	0.039280648992946095	9.999000099990002e-05
389	-0.025598319886285553	0.039280648992946095	9.999000099990002e-05
390	-0.0036114586084311784	0.039280648992946095	9.999000099990002e-05
391	-0.0004904614844198629	0.039280648992946095	9.999000099990002e-05
392	0.0032720034166109774	0.039280648992946095	9.999000099990002e-05
393	-0.02080610588554606	0.039280648992946095	9.999000099990002e-05
394	0.004763371913340725	0.039280648992946095	9.999000099990002e-05
395	-0.010614248619644023	0.039280648992946095	9.999000099990002e-05
396	0.00351411703685138	0.039280648992946095	9.999000099990002e-05
397	-0.005933903176662897	0.039280648992946095	9.999000099990002e-05
398	0.012188108436409856	0.039280648992946095	9.999000099990002e-05
399	0.004312004757448501	0.039280648992946095	9.999000099990002e-05
400	0.009399045850569804	0.039280648992946095	9.999000099990002e-05
401	0.0031750458015507854	0.039280648992946095	9.999000099990002e-05
402	-0.009391439064034432	0.039280648992946095	9.999000099990002e-05
403	0.007154049992838224	0.039280648992946095	9.999000099990002e-05
404	0.011859291627119711	0.039280648992946095	9.999000099990002e-05
405	0.0024846368717864192	0.039280648992946095	9.999000099990002e-05
406	-0.019598975234226712	0.039280648992946095	9.999000099990002e-05
407	-0.011503966135384555	0.039280648992946095	9.999000099990002e-05
408	-0.0028585911006831777	0.039280648992946095	9.999000099990002e-05
409	-0.013270587710465562	0.039280648992946095	9.999000099990002e-05
410	0.0052037767901498	0.039280648992946095	9.999000099990002e-05
411	-0.0008768030207065569	0.039280648992946095	9.999000099990002e-05
412	0.00010605050948016281	0.039280648992946095	9.999000099990002e-05
413	-0.0026593853497991204	0.039280648992946095	9.999000099990002e-05
414	-0.0026228195118721126	0.039280648992946095	9.999000099990002e-05
415	-0.007700283589372553	0.039280648992946095	9.999000099990002e-05
416	-0.011369836790464147	0.039280648992946095	9.999000099990002e-05
417	-0.004120722115396894	0.039280648992946095	9.999000099990002e-05
418	0.003046379583037301	0.039280648992946095	9.999000099990002e-05
419	-0.03498126063500202	0.039280648992946095	9.999000099990002e-05
420	-0.00376580738139512	0.039280648992946095	9.999000099990002e-05
421	-0.003416814987351399	0.039280648992946095	9.999000099990002e-05
422	-0.03268467710176781	0.039280648992946095	9.999000099990002e-05
423	-0.02701614458994607	0.039280648992946095	9.999000099990002e-05
424	-0.005159840861189813	0.039280648992946095	9.999000099990002e-05
425	-0.001127485260898231	0.039280648992946095	9.999000099990002e-05
426	-0.01267172580361775	0.039280648992946095	9.999000099990002e-05
427	0.0022196014163295696	0.039280648992946095	9.999000099990002e-05
428	0.0017675360208434937	0.039280648992946095	9.999000099990002e-05
429	0.005837290578677587	0.039280648992946095	9.999000099990002e-05
430	-0.02147726994154875	0.039280648992946095	9.999000099990002e-05
431	-0.010177940250102241	0.039280648992946095	9.999000099990002e-05
432	-0.0021816285146775555	0.039280648992946095	9.999000099990002e-05
433	-0.018475901734728475	0.039280648992946095	9.999000099990002e-05
434	-0.02870805404295801	0.039280648992946095	9.999000099990002e-05
435	-0.011733332428306834	0.039280648992946095	9.999000099990002e-05
436	-0.007608316389455444	0.039280648992946095	9.999000099990002e-05
437	0.0132719508823477	0.039280648992946095	9.999000099990002e-05
438	-0.0030640851349101883	0.039280648992946095	9.999000099990002e-05
439	-0.005332761467288963	0.039280648992946095	9.999000099990002e-05
440	-0.0022717754169371968	0.039280648992946095	9.999000099990002e-05
441	-0.0023947977465092612	0.039280648992946095	9.999000099990002e-05
442	-0.0020934525212443073	0.039280648992946095	9.999000099990002e-05
443	-0.034830302652561276	0.039280648992946095	9.999000099990002e-05
444	0.011598608310072728	0.039280648992946095	9.999000099990002e-05
445	0.0033433810695481653	0.039280648992946095	9.999000099990002e-05
446	0.009903852053493242	0.039280648992946095	9.999000099990002e-05
447	0.0028379051275970735	0.039280648992946095	9.999000099990002e-05
448	-0.020051829760379516	0.039280648992946095	9.999000099990002e-05
449	0.009397805566137257	0.039280648992946095	9.999000099990002e-05
450	-0.0022538801202389713	0.039280648992946095	9.999000099990002e-05
451	0.006519013487521513	0.039280648992946095	9.999000099990002e-05
452	-0.009282008397121302	0.039280648992946095	9.999000099990002e-05
453	-0.0025161734036785594	0.039280648992946095	9.999000099990002e-05
454	-0.0013092147753673844	0.039280648992946095	9.999000099990002e-05
455	0.01064362071075646	0.039280648992946095	9.999000099990002e-05
456	-0.004702126090282005	0.039280648992946095	9.999000099990002e-05
457	0.006750976439349118	0.039280648992946095	9.999000099990002e-05
458	-0.0075999070230934745	0.039280648992946095	9.999000099990002e-05
459	-0.007273420802687516	0.039280648992946095	9.999000099990002e-05
460	-0.002670918611263423	0.039280648992946095	9.999000099990002e-05
461	-0.005971335732828514	0.039280648992946095	9.999000099990002e-05
462	-0.019175378505604218	0.039280648992946095	9.999000099990002e-05
463	-0.003758741134557833	0.039280648992946095	9.999000099990002e-05
464	-0.0053488900687573004	0.039280648992946095	9.999000099990002e-05
465	0.005657617814603694	0.039280648992946095	9.999000099990002e-05
466	1.3387788932936462e-05	0.039280648992946095	9.999000099990002e-05
467	-0.007236152355403563	0.039280648992946095	9.999000099990002e-05
468	-0.009242520304383522	0.039280648992946095	9.999000099990002e-05
469	0.0092211944523177	0.039280648992946095	9.999000099990002e-05
470	0.009176232988506117	0.039280648992946095	9.999000099990002e-05
471	0.0005704778677300126	0.039280648992946095	9.999000099990002e-05
472	-0.006000227975397315	0.039280648992946095	9.999000099990002e-05
473	-0.0015305071055237152	0.039280648992946095	9.999000099990002e-05
474	-0.008420360346106784	0.039280648992946095	9.999000099990002e-05
475	-0.008595617415993878	0.039280648992946095	9.999000099990002e-05
476	-0.01978376207774002	0.039280648992946095	9.999000099990002e-05
477	-0.000724625728696221	0.039280648992946095	9.999000099990002e-05
478	-0.009378569723219349	0.039280648992946095	9.999000099990002e-05
479	-0.004895852837953102	0.039280648992946095	9.999000099990002e-05
480	0.005703718961190193	0.039280648992946095	9.999000099990002e-05
481	-0.005934309613186084	0.039280648992946095	9.999000099990002e-05
482	0.008163044902603112	0.039280648992946095	9.999000099990002e-05
483	-0.0074965476565079375	0.039280648992946095	9.999000099990002e-05
484	0.0008084737630755512	0.039280648992946095	9.999000099990002e-05
485	-0.007525668826111345	0.039280648992946095	9.999000099990002e-05
486	-0.004803145982798324	0.039280648992946095	9.999000099990002e-05
487	0.00168680251085232	0.039280648992946095	9.999000099990002e-05
488	0.016731260213805443	0.039280648992946095	9.999000099990002e-05
489	0.00010552982792780274	0.039280648992946095	9.999000099990002e-05
490	-0.0019125737511019175	0.039280648992946095	9.999000099990002e-05
491	-0.002692660076355005	0.039280648992946095	9.999000099990002e-05
492	-0.008598739223320523	0.039280648992946095	9.999000099990002e-05
493	0.0035903169661573447	0.039280648992946095	9.999000099990002e-05
494	0.004546249308260447	0.039280648992946095	9.999000099990002e-05
495	0.008090498435136845	0.039280648992946095	9.999000099990002e-05
496	0.004772825555982824	0.039280648992946095	9.999000099990002e-05
497	-0.010866955808066028	0.039280648992946095	9.999000099990002e-05
498	-0.0007526426591589336	0.039280648992946095	9.999000099990002e-05
499	0.008824567221937835	0.039280648992946095	9.999000099990002e-05
500	-0.005069543299208348	0.039280648992946095	9.999000099990002e-05
501	-0.004823068606820136	0.039280648992946095	9.999000099990002e-05
502	0.005911865053208357	0.039280648992946095	9.999000099990002e-05
503	-0.0011247726090584942	0.039280648992946095	9.999000099990002e-05
504	0.010969689230360943	0.039280648992946095	9.999000099990002e-05
505	0.0048266418106771986	0.039280648992946095	9.999000099990002e-05
506	-0.025010846358978142	0.039280648992946095	9.999000099990002e-05
507	0.001792753535392072	0.039280648992946095	9.999000099990002e-05
508	-0.0023413404921317493	0.039280648992946095	9.999000099990002e-05
509	0.01735743003277307	0.039280648992946095	9.999000099990002e-05
510	0.0042997014466164	0.039280648992946095	9.999000099990002e-05
511	0.0036136026084300915	0.039280648992946095	9.999000099990002e-05
512	0.006930989268099694	0.039280648992946095	9.999000099990002e-05
513	-0.010913979751517866	0.039280648992946095	9.999000099990002e-05
514	-0.0029478121957962067	0.039280648992946095	9.999000099990002e-05
515	-0.013958788016289761	0.039280648992946095	9.999000099990002e-05
516	-0.0076268631692821	0.039280648992946095	9.999000099990002e-05
517	0.017405145709726982	0.039280648992946095	9.999000099990002e-05
518	-0.004353739782383154	0.039280648992946095	9.999000099990002e-05
519	0.00019228462873530083	0.039280648992946095	9.999000099990002e-05
520	-0.0066516752717741545	0.039280648992946095	9.999000099990002e-05
521	-0.002724960297181972	0.039280648992946095	9.999000099990002e-05
522	0.0014796106294410472	0.039280648992946095	9.999000099990002e-05
523	-0.006542758003474841	0.039280648992946095	9.999000099990002e-05
524	-0.00495460707063311	0.039280648992946095	9.999000099990002e-05
525	-0.0022186216668848846	0.039280648992946095	9.999000099990002e-05
526	0.005889758810002019	0.039280648992946095	9.999000099990002e-05
527	0.0076443891238907186	0.039280648992946095	9.999000099990002e-05
528	-0.034788998826140824	0.039280648992946095	9.999000099990002e-05
529	-0.0009438611627985427	0.039280648992946095	9.999000099990002e-05
530	-0.015687762916812217	0.039280648992946095	9.999000099990002e-05
531	0.005220721663369149	0.039280648992946095	9.999000099990002e-05
532	-0.007984757353438593	0.039280648992946095	9.999000099990002e-05
533	-0.007665420696686784	0.039280648992946095	9.999000099990002e-05
534	-0.000198103308201511	0.039280648992946095	9.999000099990002e-05
535	0.0016487904755439209	0.039280648992946095	9.999000099990002e-05
536	-0.00715044639485099	0.039280648992946095	9.999000099990002e-05
537	0.003959497714373539	0.039280648992946095	9.999000099990002e-05
538	0.008826181024011337	0.039280648992946095	9.999000099990002e-05
539	0.002844700934650099	0.039280648992946095	9.999000099990002e-05
540	-0.0021129024825551623	0.039280648992946095	9.999000099990002e-05
541	-0.00030483535506978243	0.039280648992946095	9.999000099990002e-05
542	-0.00159348330622551	0.039280648992946095	9.999000099990002e-05
543	0.0036198770541898267	0.039280648992946095	9.999000099990002e-05
544	-0.0042363890654718295	0.039280648992946095	9.999000099990002e-05
545	-0.00030055832803270455	0.039280648992946095	9.999000099990002e-05
546	-0.006127773689540678	0.039280648992946095	9.999000099990002e-05
547	-0.01206144279255908	0.039280648992946095	9.999000099990002e-05
548	-0.01765760634640312	0.039280648992946095	9.999000099990002e-05
549	0.006893532872448607	0.039280648992946095	9.999000099990002e-05
550	0.010666826386364042	0.039280648992946095	9.999000099990002e-05
551	-0.0208500585652647	0.039280648992946095	9.999000099990002e-05
552	-0.0009157929604485249	0.039280648992946095	9.999000099990002e-05
553	-0.002173266244651445	0.039280648992946095	9.999000099990002e-05
554	0.006489262489393563	0.039280648992946095	9.999000099990002e-05
555	-0.007121279488393556	0.039280648992946095	9.999000099990002e-05
556	-0.0025916962624653594	0.039280648992946095	9.999000099990002e-05
557	-0.004210001910994493	0.039280648992946095	9.999000099990002e-05
558	-0.005489877659790449	0.039280648992946095	9.999000099990002e-05
559	-0.010001378514605946	0.039280648992946095	9.999000099990002e-05
560	0.002221622528878947	0.039280648992946095	9.999000099990002e-05
561	0.006672234376070965	0.039280648992946095	9.999000099990002e-05
562	0.011216844003549609	0.039280648992946095	9.999000099990002e-05
563	0.005995386617729609	0.039280648992946095	9.999000099990002e-05
564	-0.016161109884097802	0.039280648992946095	9.999000099990002e-05
565	-0.0010082436503785208	0.039280648992946095	9.999000099990002e-05
566	-4.436601075694102e-05	0.039280648992946095	9.999000099990002e-05
567	-0.0019261615780799407	0.039280648992946095	9.999000099990002e-05
568	-0.006908669634794279	0.039280648992946095	9.999000099990002e-05
569	-0.006157977443680893	0.039280648992946095	9.999000099990002e-05
570	0.010291397508072689	0.039280648992946095	9.999000099990002e-05
571	-0.005714706002264383	0.039280648992946095	9.999000099990002e-05
572	0.00766519123557001	0.039280648992946095	9.999000099990002e-05
573	-0.004439945692389702	0.039280648992946095	9.999000099990002e-05
574	0.0071614328532901145	0.039280648992946095	9.999000099990002e-05
575	0.0006788566841069432	0.039280648992946095	9.999000099990002e-05
576	-0.005524996037960042	0.039280648992946095	9.999000099990002e-05
577	-0.01238190378936195	0.039280648992946095	9.999000099990002e-05
578	0.0032784368731954006	0.039280648992946095	9.999000099990002e-05
579	-0.02202209453224116	0.039280648992946095	9.999000099990002e-05
580	-0.005805059400107934	0.039280648992946095	9.999000099990002e-05
581	-0.006020819513047088	0.039280648992946095	9.999000099990002e-05
582	-0.005434683667336904	0.039280648992946095	9.999000099990002e-05
583	0.009664348055788724	0.039280648992946095	9.999000099990002e-05
584	-0.005624230396712185	0.039280648992946095	9.999000099990002e-05
585	-0.0028789746376083752	0.039280648992946095	9.999000099990002e-05
586	0.0008890271417203166	0.039280648992946095	9.999000099990002e-05
587	-0.009098716158254194	0.039280648992946095	9.999000099990002e-05
588	0.00041337910572809833	0.039280648992946095	9.999000099990002e-05
589	-0.008019621896923776	0.039280648992946095	9.999000099990002e-05
590	-0.004292602620767361	0.039280648992946095	9.999000099990002e-05
591	0.0035186846531360533	0.039280648992946095	9.999000099990002e-05
592	-0.0007994546205464942	0.039280648992946095	9.999000099990002e-05
593	-0.004457229950544803	0.039280648992946095	9.999000099990002e-05
594	-0.009453352538345144	0.039280648992946095	9.999000099990002e-05
595	-0.014910220085013165	0.039280648992946095	9.999000099990002e-05
596	-0.004142467707486941	0.039280648992946095	9.999000099990002e-05
597	1.0601579413987983e-05	0.039280648992946095	9.999000099990002e-05
598	0.01344368029102	0.039280648992946095	9.999000099990002e-05
599	-0.014104739172699249	0.039280648992946095	9.999000099990002e-05
600	0.005129156433106269	0.039280648992946095	9.999000099990002e-05
601	0.002979202971811798	0.039280648992946095	9.999000099990002e-05
602	-0.01173486466146878	0.039280648992946095	9.999000099990002e-05
603	-0.012214498601168411	0.039280648992946095	9.999000099990002e-05
604	-0.0037470264793710434	0.039280648992946095	9.999000099990002e-05
605	-0.0036017664252756126	0.039280648992946095	9.999000099990002e-05
606	-0.007013836869488893	0.039280648992946095	9.999000099990002e-05
607	0.0024692990032312984	0.039280648992946095	9.999000099990002e-05
608	-0.0012752950717748457	0.039280648992946095	9.999000099990002e-05
609	-0.005193064364411318	0.039280648992946095	9.999000099990002e-05
610	-0.04037833326562629	0.039280648992946095	9.999000099990002e-05
611	0.006764393068718649	0.039280648992946095	9.999000099990002e-05
612	-0.0008789858144913898	0.039280648992946095	9.999000099990002e-05
613	-0.0009781721544021293	0.039280648992946095	9.999000099990002e-05
614	-0.010320896225209736	0.039280648992946095	9.999000099990002e-05
615	-0.01765510820137972	0.039280648992946095	9.999000099990002e-05
616	-0.01694318692777011	0.039280648992946095	9.999000099990002e-05
617	-0.016890652324599145	0.039280648992946095	9.999000099990002e-05
618	0.008936340373201374	0.039280648992946095	9.999000099990002e-05
619	0.001058523747096543	0.039280648992946095	9.999000099990002e-05
620	0.008880810540175504	0.039280648992946095	9.999000099990002e-05
621	-0.0006487930051511936	0.039280648992946095	9.999000099990002e-05
622	-0.01357863018034873	0.039280648992946095	9.999000099990002e-05
623	-0.0010226137620610726	0.039280648992946095	9.999000099990002e-05
624	-0.0011316355162518804	0.039280648992946095	9.999000099990002e-05
625	-0.02055014327215174	0.039280648992946095	9.999000099990002e-05
626	-0.005848678424135806	0.039280648992946095	9.999000099990002e-05
627	0.0017675957894924127	0.039280648992946095	9.999000099990002e-05
628	-0.0025486693898933294	0.039280648992946095	9.999000099990002e-05
629	0.01841544169218476	0.039280648992946095	9.999000099990002e-05
630	-0.01205577054871032	0.039280648992946095	9.999000099990002e-05
631	-0.0005105615208244041	0.039280648992946095	9.999000099990002e-05
632	-0.004846228351362031	0.039280648992946095	9.999000099990002e-05
633	0.003164412322866017	0.039280648992946095	9.999000099990002e-05
634	0.003866269109502135	0.039280648992946095	9.999000099990002e-05
635	-0.0013356236330015203	0.039280648992946095	9.999000099990002e-05
636	0.009814838133705067	0.039280648992946095	9.999000099990002e-05
637	0.005694495168088315	0.039280648992946095	9.999000099990002e-05
638	-0.0069359837131354185	0.039280648992946095	9.999000099990002e-05
639	-0.003074706038387734	0.039280648992946095	9.999000099990002e-05
640	-0.00686871237515603	0.039280648992946095	9.999000099990002e-05
641	-0.0018345695951561547	0.039280648992946095	9.999000099990002e-05
642	-0.0020121586134092817	0.039280648992946095	9.999000099990002e-05
643	0.008357645408686748	0.039280648992946095	9.999000099990002e-05
644	-0.00020602364951730068	0.039280648992946095	9.999000099990002e-05
645	-0.007721047344242213	0.039280648992946095	9.999000099990002e-05
646	0.00524610047072982	0.039280648992946095	9.999000099990002e-05
647	-0.013814220666754862	0.039280648992946095	9.999000099990002e-05
648	-0.009442741102687682	0.039280648992946095	9.999000099990002e-05
649	0.006195956560107144	0.039280648992946095	9.999000099990002e-05
650	-0.009404946244606374	0.039280648992946095	9.999000099990002e-05
651	0.01039481484684894	0.039280648992946095	9.999000099990002e-05
652	-0.0028644901352378876	0.039280648992946095	9.999000099990002e-05
653	0.008024379986327587	0.039280648992946095	9.999000099990002e-05
654	0.0047948415393042065	0.039280648992946095	9.999000099990002e-05
655	0.010709507804884888	0.039280648992946095	9.999000099990002e-05
656	0.006341431606548126	0.039280648992946095	9.999000099990002e-05
657	0.0019129301295609108	0.039280648992946095	9.999000099990002e-05
658	-0.02965966619447491	0.039280648992946095	9.999000099990002e-05
659	-0.007029832387393714	0.039280648992946095	9.999000099990002e-05
660	0.0003184334752676099	0.039280648992946095	9.999000099990002e-05
661	-0.008847804019969402	0.039280648992946095	9.999000099990002e-05
662	-0.0008124264565832207	0.039280648992946095	9.999000099990002e-05
663	-0.006282052254977161	0.039280648992946095	9.999000099990002e-05
664	-0.003179376431015485	0.039280648992946095	9.999000099990002e-05
665	-0.014911198183658436	0.039280648992946095	9.999000099990002e-05
666	0.0006520451285247086	0.039280648992946095	9.999000099990002e-05
667	0.01190249761142681	0.039280648992946095	9.999000099990002e-05
668	-0.001881292122058495	0.039280648992946095	9.999000099990002e-05
669	-0.015164820303372156	0.039280648992946095	9.999000099990002e-05
670	0.0015383869537012734	0.039280648992946095	9.999000099990002e-05
671	-0.015340259203958012	0.039280648992946095	9.999000099990002e-05
672	-0.010636693470939318	0.039280648992946095	9.999000099990002e-05
673	-0.025891761763757987	0.039280648992946095	9.999000099990002e-05
674	-0.03346048965302968	0.039280648992946095	9.999000099990002e-05
675	-0.014817417240728506	0.039280648992946095	9.999000099990002e-05
676	0.01480217992527813	0.039280648992946095	9.999000099990002e-05
677	-0.006433128949316025	0.039280648992946095	9.999000099990002e-05
678	0.0073573992987724796	0.039280648992946095	9.999000099990002e-05
679	-0.027283080552490138	0.039280648992946095	9.999000099990002e-05
680	0.001071717372888109	0.039280648992946095	9.999000099990002e-05
681	-0.0013035009702160733	0.039280648992946095	9.999000099990002e-05
682	-0.005446699350649786	0.039280648992946095	9.999000099990002e-05
683	-0.0025182184042662897	0.039280648992946095	9.999000099990002e-05
684	0.001830152201617044	0.039280648992946095	9.999000099990002e-05
685	-0.013649246717656063	0.039280648992946095	9.999000099990002e-05
686	0.02370417245520695	0.039280648992946095	9.999000099990002e-05
687	0.009070005066643239	0.039280648992946095	9.999000099990002e-05
688	-0.013813310784967198	0.039280648992946095	9.999000099990002e-05
689	0.0018296283641246608	0.039280648992946095	9.999000099990002e-05
690	0.0011031953499544694	0.039280648992946095	9.999000099990002e-05
691	-0.007113486112972911	0.039280648992946095	9.999000099990002e-05
692	-0.0013044007044427097	0.039280648992946095	9.999000099990002e-05
693	-0.0048840181113863484	0.039280648992946095	9.999000099990002e-05
694	0.0008821212166366388	0.039280648992946095	9.999000099990002e-05
695	0.0015858255391203863	0.039280648992946095	9.999000099990002e-05
696	-0.016748821951918708	0.039280648992946095	9.999000099990002e-05
697	0.0035687659256320448	0.039280648992946095	9.999000099990002e-05
698	0.006907495576549488	0.039280648992946095	9.999000099990002e-05
699	0.0025766965650229068	0.039280648992946095	9.999000099990002e-05
700	-0.04361623577913393	0.039280648992946095	9.999000099990002e-05
701	-0.02508311753136777	0.039280648992946095	9.999000099990002e-05
702	0.0044967961163837195	0.039280648992946095	9.999000099990002e-05
703	0.003342812563366132	0.039280648992946095	9.999000099990002e-05
704	-0.011138469194585318	0.039280648992946095	9.999000099990002e-05
705	0.005877607955349931	0.039280648992946095	9.999000099990002e-05
706	-0.0023389537275149835	0.039280648992946095	9.999000099990002e-05
707	0.0016877271527287324	0.039280648992946095	9.999000099990002e-05
708	-0.004967178830579622	0.039280648992946095	9.999000099990002e-05
709	-0.007319357743286514	0.039280648992946095	9.999000099990002e-05
710	-0.00929035386783586	0.039280648992946095	9.999000099990002e-05
711	0.005780969769973887	0.039280648992946095	9.999000099990002e-05
712	-0.003610905347867094	0.039280648992946095	9.999000099990002e-05
713	0.006339323972688965	0.039280648992946095	9.999000099990002e-05
714	-0.0015710889499707392	0.039280648992946095	9.999000099990002e-05
715	0.021698777021286003	0.039280648992946095	9.999000099990002e-05
716	-0.020982094939308887	0.039280648992946095	9.999000099990002e-05
717	0.0013983758590669082	0.039280648992946095	9.999000099990002e-05
718	0.0038781038360689024	0.039280648992946095	9.999000099990002e-05
719	-0.007375952244820391	0.039280648992946095	9.999000099990002e-05
720	-0.000945967922705071	0.039280648992946095	9.999000099990002e-05
721	-0.0065379077606221025	0.039280648992946095	9.999000099990002e-05
722	-0.00016526109108878917	0.039280648992946095	9.999000099990002e-05
723	0.0033408981215898442	0.039280648992946095	9.999000099990002e-05
724	0.016683952866938717	0.039280648992946095	9.999000099990002e-05
725	-0.006986268762251641	0.039280648992946095	9.999000099990002e-05
726	-0.012616840073675958	0.039280648992946095	9.999000099990002e-05
727	-0.013389587381767126	0.039280648992946095	9.999000099990002e-05
728	-0.0143364916476032	0.039280648992946095	9.999000099990002e-05
729	0.00581274838674295	0.039280648992946095	9.999000099990002e-05
730	0.0035191771739927213	0.039280648992946095	9.999000099990002e-05
731	0.00047507210121289223	0.039280648992946095	9.999000099990002e-05
732	-0.004965662959752912	0.039280648992946095	9.999000099990002e-05
733	0.0032192113372863373	0.039280648992946095	9.999000099990002e-05
734	0.0026215684486905477	0.039280648992946095	9.999000099990002e-05
735	-0.005519299566202451	0.039280648992946095	9.999000099990002e-05
736	0.0032097203088931325	0.039280648992946095	9.999000099990002e-05
737	0.002841457259485286	0.039280648992946095	9.999000099990002e-05
738	0.001498177655836791	0.039280648992946095	9.999000099990002e-05
739	-0.004381387225097538	0.039280648992946095	9.999000099990002e-05
740	-0.016807713832137028	0.039280648992946095	9.999000099990002e-05
741	-0.0013284943159165008	0.039280648992946095	9.999000099990002e-05
742	-0.004314963426951965	0.039280648992946095	9.999000099990002e-05
743	-0.03733103535259262	0.039280648992946095	9.999000099990002e-05
744	0.0007036680534498324	0.039280648992946095	9.999000099990002e-05
745	-0.01081283041690731	0.039280648992946095	9.999000099990002e-05
746	-0.006070896658544586	0.039280648992946095	9.999000099990002e-05
747	-0.015227735910025325	0.039280648992946095	9.999000099990002e-05
748	0.0038461852897741233	0.039280648992946095	9.999000099990002e-05
749	3.063621503043845e-05	0.039280648992946095	9.999000099990002e-05
750	0.0016714937254984213	0.039280648992946095	9.999000099990002e-05
751	4.019813069207345e-05	0.039280648992946095	9.999000099990002e-05
752	0.010359252355087473	0.039280648992946095	9.999000099990002e-05
753	0.00544758947139759	0.039280648992946095	9.999000099990002e-05
754	-0.00740304730092331	0.039280648992946095	9.999000099990002e-05
755	0.001122343700504097	0.039280648992946095	9.999000099990002e-05
756	0.001556419315302704	0.039280648992946095	9.999000099990002e-05
757	0.01054054902024304	0.039280648992946095	9.999000099990002e-05
758	0.0008178824457103911	0.039280648992946095	9.999000099990002e-05
759	-0.004824857733500651	0.039280648992946095	9.999000099990002e-05
760	-0.03218394817915393	0.039280648992946095	9.999000099990002e-05
761	-0.027485012598585434	0.039280648992946095	9.999000099990002e-05
762	-0.0039935053473106885	0.039280648992946095	9.999000099990002e-05
763	0.009151452644481362	0.039280648992946095	9.999000099990002e-05
764	0.004542473735817926	0.039280648992946095	9.999000099990002e-05
765	-0.011486193726135907	0.039280648992946095	9.999000099990002e-05
766	0.001988754550555999	0.039280648992946095	9.999000099990002e-05
767	-0.01731556163295736	0.039280648992946095	9.999000099990002e-05
768	-0.016838304990054398	0.039280648992946095	9.999000099990002e-05
769	-0.008116601506458349	0.039280648992946095	9.999000099990002e-05
770	0.006781554245212498	0.039280648992946095	9.999000099990002e-05
771	-0.00671143843420588	0.039280648992946095	9.999000099990002e-05
772	-0.0013975569169050878	0.039280648992946095	9.999000099990002e-05
773	-0.009826354790069505	0.039280648992946095	9.999000099990002e-05
774	-0.0024787531314025835	0.039280648992946095	9.999000099990002e-05
775	-0.0064342185254738365	0.039280648992946095	9.999000099990002e-05
776	0.008182355759787943	0.039280648992946095	9.999000099990002e-05
777	0.01453603513262361	0.039280648992946095	9.999000099990002e-05
778	-0.012117609251518752	0.039280648992946095	9.999000099990002e-05
779	-0.0071132012529703526	0.039280648992946095	9.999000099990002e-05
780	-0.00392739520105137	0.039280648992946095	9.999000099990002e-05
781	0.003110872868388889	0.039280648992946095	9.999000099990002e-05
782	-0.020507082849509514	0.039280648992946095	9.999000099990002e-05
783	0.0004732020853616542	0.039280648992946095	9.999000099990002e-05
784	-0.027151342876031742	0.039280648992946095	9.999000099990002e-05
785	0.012123552857657344	0.039280648992946095	9.999000099990002e-05
786	0.002722162871937675	0.039280648992946095	9.999000099990002e-05
787	0.007716289449050118	0.039280648992946095	9.999000099990002e-05
788	-0.0018612974454981501	0.039280648992946095	9.999000099990002e-05
789	-0.003237319441448519	0.039280648992946095	9.999000099990002e-05
790	0.006637796127254722	0.039280648992946095	9.999000099990002e-05
791	0.004292740074094012	0.039280648992946095	9.999000099990002e-05
792	-0.00974032216544718	0.039280648992946095	9.999000099990002e-05
793	0.0037060930146515653	0.039280648992946095	9.999000099990002e-05
794	0.0033520578654131494	0.039280648992946095	9.999000099990002e-05
795	-0.00301131281662545	0.039280648992946095	9.999000099990002e-05
796	-0.004322361872892297	0.039280648992946095	9.999000099990002e-05
797	0.01969963005731079	0.039280648992946095	9.999000099990002e-05
798	-0.0073642518156401965	0.039280648992946095	9.999000099990002e-05
799	-0.01569238753422912	0.039280648992946095	9.999000099990002e-05
800	-0.009625556940268745	0.039280648992946095	9.999000099990002e-05
801	0.00399379588800533	0.039280648992946095	9.999000099990002e-05
802	-0.0013687067211680948	0.039280648992946095	9.999000099990002e-05
803	-0.00334115749130752	0.039280648992946095	9.999000099990002e-05
804	-0.00981948964944164	0.039280648992946095	9.999000099990002e-05
805	0.004327486294104468	0.039280648992946095	9.999000099990002e-05
806	-0.01202378344568747	0.039280648992946095	9.999000099990002e-05
807	0.004704362340835683	0.039280648992946095	9.999000099990002e-05
808	-0.0025447343210969198	0.039280648992946095	9.999000099990002e-05
809	0.0019352536956531302	0.039280648992946095	9.999000099990002e-05
810	0.008534055076426392	0.039280648992946095	9.999000099990002e-05
811	-0.004888316307498114	0.039280648992946095	9.999000099990002e-05
812	-0.029851554922671414	0.039280648992946095	9.999000099990002e-05
813	-0.0025723597207839843	0.039280648992946095	9.999000099990002e-05
814	0.008955118070732487	0.039280648992946095	9.999000099990002e-05
815	0.0006513717965806742	0.039280648992946095	9.999000099990002e-05
816	-0.008304122025227303	0.039280648992946095	9.999000099990002e-05
817	-0.0032214816234394233	0.039280648992946095	9.999000099990002e-05
818	0.004906690433128552	0.039280648992946095	9.999000099990002e-05
819	-0.02284873631378659	0.039280648992946095	9.999000099990002e-05
820	9.892070686590149e-05	0.039280648992946095	9.999000099990002e-05
821	0.0027895888509786165	0.039280648992946095	9.999000099990002e-05
822	-0.00779219461355711	0.039280648992946095	9.999000099990002e-05
823	-0.015035411564998574	0.039280648992946095	9.999000099990002e-05
824	-0.005302768529942867	0.039280648992946095	9.999000099990002e-05
825	-0.000809634177948812	0.039280648992946095	9.999000099990002e-05
826	-0.013739835111649695	0.039280648992946095	9.999000099990002e-05
827	-0.024047550286275074	0.039280648992946095	9.999000099990002e-05
828	0.000346329363291889	0.039280648992946095	9.999000099990002e-05
829	-0.011835843866635193	0.039280648992946095	9.999000099990002e-05
830	-0.03894502746228615	0.039280648992946095	9.999000099990002e-05
831	-0.01098884758281285	0.039280648992946095	9.999000099990002e-05
832	0.00019852489323686495	0.039280648992946095	9.999000099990002e-05
833	-0.0025740948080605897	0.039280648992946095	9.999000099990002e-05
834	-0.0017989763693940508	0.039280648992946095	9.999000099990002e-05
835	0.010513726734464685	0.039280648992946095	9.999000099990002e-05
836	-0.006725102100850533	0.039280648992946095	9.999000099990002e-05
837	0.025376682733266043	0.039280648992946095	9.999000099990002e-05
838	-0.00931402764217959	0.039280648992946095	9.999000099990002e-05
839	0.012445472481390024	0.039280648992946095	9.999000099990002e-05
840	0.003082524515669899	0.039280648992946095	9.999000099990002e-05
841	-0.013623975989103296	0.039280648992946095	9.999000099990002e-05
842	-0.00013301583217131818	0.039280648992946095	9.999000099990002e-05
843	-0.0014957289376895389	0.039280648992946095	9.999000099990002e-05
844	-0.0008049916445031224	0.039280648992946095	9.999000099990002e-05
845	-0.026270525499604597	0.039280648992946095	9.999000099990002e-05
846	-0.01392718652058586	0.039280648992946095	9.999000099990002e-05
847	-0.0022798419996587632	0.039280648992946095	9.999000099990002e-05
848	-0.009294249365999568	0.039280648992946095	9.999000099990002e-05
849	-0.012467055761056597	0.039280648992946095	9.999000099990002e-05
850	-0.000770890158764706	0.039280648992946095	9.999000099990002e-05
851	0.0049174383025012425	0.039280648992946095	9.999000099990002e-05
852	-0.02027889818908811	0.039280648992946095	9.999000099990002e-05
853	0.0013875556458381177	0.039280648992946095	9.999000099990002e-05
854	-0.01695565507577773	0.039280648992946095	9.999000099990002e-05
855	0.015399658170910102	0.039280648992946095	9.999000099990002e-05
856	0.011107021708754994	0.039280648992946095	9.999000099990002e-05
857	-7.970321695308091e-05	0.039280648992946095	9.999000099990002e-05
858	0.014106429979709595	0.039280648992946095	9.999000099990002e-05
859	-0.005512850135706154	0.039280648992946095	9.999000099990002e-05
860	-0.0013992159703033885	0.039280648992946095	9.999000099990002e-05
861	-0.010515815675448278	0.039280648992946095	9.999000099990002e-05
862	-0.025328221089194414	0.039280648992946095	9.999000099990002e-05
863	-0.012555365226476711	0.039280648992946095	9.999000099990002e-05
864	-0.02534769309353256	0.039280648992946095	9.999000099990002e-05
865	-0.008943909676879774	0.039280648992946095	9.999000099990002e-05
866	0.006164571270571906	0.039280648992946095	9.999000099990002e-05
867	0.002846122030170012	0.039280648992946095	9.999000099990002e-05
868	-0.005303133745033953	0.039280648992946095	9.999000099990002e-05
869	-0.011254920905563875	0.039280648992946095	9.999000099990002e-05
870	-0.0035640213339409865	0.039280648992946095	9.999000099990002e-05
871	-0.014812883368725743	0.039280648992946095	9.999000099990002e-05
872	0.0004988616257263628	0.039280648992946095	9.999000099990002e-05
873	-0.0011913819764779454	0.039280648992946095	9.999000099990002e-05
874	-0.0016914552889648882	0.039280648992946095	9.999000099990002e-05
875	0.014384334678875649	0.039280648992946095	9.999000099990002e-05
876	0.0027637391288122676	0.039280648992946095	9.999000099990002e-05
877	-0.005065550889409187	0.039280648992946095	9.999000099990002e-05
878	0.009662555481850604	0.039280648992946095	9.999000099990002e-05
879	0.00682154311280396	0.039280648992946095	9.999000099990002e-05
880	0.002677489472621586	0.039280648992946095	9.999000099990002e-05
881	0.0031555245645481234	0.039280648992946095	9.999000099990002e-05
882	-0.018551611279506414	0.039280648992946095	9.999000099990002e-05
883	-0.0028437066678812517	0.039280648992946095	9.999000099990002e-05
884	0.0055670367521015035	0.039280648992946095	9.999000099990002e-05
885	0.0010889126335343197	0.039280648992946095	9.999000099990002e-05
886	-0.004307697044963699	0.039280648992946095	9.999000099990002e-05
887	0.002141061139001768	0.039280648992946095	9.999000099990002e-05
888	-0.009372353977944184	0.039280648992946095	9.999000099990002e-05
889	-7.550028167727096e-06	0.039280648992946095	9.999000099990002e-05
890	-0.005287780096778688	0.039280648992946095	9.999000099990002e-05
891	0.0009201072761309409	0.039280648992946095	9.999000099990002e-05
892	-0.0026109145292249752	0.039280648992946095	9.999000099990002e-05
893	0.003282304501980998	0.039280648992946095	9.999000099990002e-05
894	-0.01129831027426327	0.039280648992946095	9.999000099990002e-05
895	0.015779089849326244	0.039280648992946095	9.999000099990002e-05
896	-0.007019799556926401	0.039280648992946095	9.999000099990002e-05
897	0.0019821213957969264	0.039280648992946095	9.999000099990002e-05
898	0.00898090884964961	0.039280648992946095	9.999000099990002e-05
899	-0.008765403833770863	0.039280648992946095	9.999000099990002e-05
900	0.00038513353954830465	0.039280648992946095	9.999000099990002e-05
901	-0.0022895104889876228	0.039280648992946095	9.999000099990002e-05
902	-0.013597302323824015	0.039280648992946095	9.999000099990002e-05
903	-0.008253929663642176	0.039280648992946095	9.999000099990002e-05
904	-0.015330712533914395	0.039280648992946095	9.999000099990002e-05
905	-0.00662844099849455	0.039280648992946095	9.999000099990002e-05
906	-0.007250400842012561	0.039280648992946095	9.999000099990002e-05
907	0.008696962564545219	0.039280648992946095	9.999000099990002e-05
908	-0.0015593266158130115	0.039280648992946095	9.999000099990002e-05
909	-0.0004734532010823578	0.039280648992946095	9.999000099990002e-05
910	0.0035485381950385586	0.039280648992946095	9.999000099990002e-05
911	-0.02449018743229811	0.039280648992946095	9.999000099990002e-05
912	0.0004173737975146363	0.039280648992946095	9.999000099990002e-05
913	0.0031246924870240306	0.039280648992946095	9.999000099990002e-05
914	0.00917508310961726	0.039280648992946095	9.999000099990002e-05
915	-0.017032126221714752	0.039280648992946095	9.999000099990002e-05
916	-0.028514870311184076	0.039280648992946095	9.999000099990002e-05
917	-0.0031033829001876068	0.039280648992946095	9.999000099990002e-05
918	0.01405785452758515	0.039280648992946095	9.999000099990002e-05
919	-0.0070819963860990764	0.039280648992946095	9.999000099990002e-05
920	-0.0014750029569944312	0.039280648992946095	9.999000099990002e-05
921	-0.026402139366107885	0.039280648992946095	9.999000099990002e-05
922	0.007019188324171616	0.039280648992946095	9.999000099990002e-05
923	0.0009663089758221721	0.039280648992946095	9.999000099990002e-05
924	-0.0044110965648170575	0.039280648992946095	9.999000099990002e-05
925	-0.0007237565828114301	0.039280648992946095	9.999000099990002e-05
926	-0.002430926365359548	0.039280648992946095	9.999000099990002e-05
927	-0.0029654274877842085	0.039280648992946095	9.999000099990002e-05
928	-0.004531745141955909	0.039280648992946095	9.999000099990002e-05
929	-0.019942665794675574	0.039280648992946095	9.999000099990002e-05
930	-0.009479435557309207	0.039280648992946095	9.999000099990002e-05
931	0.010143932568612193	0.039280648992946095	9.999000099990002e-05
932	-0.019303918098093037	0.039280648992946095	9.999000099990002e-05
933	0.002060276357123289	0.039280648992946095	9.999000099990002e-05
934	-0.005130302136443693	0.039280648992946095	9.999000099990002e-05
935	-0.00356704137433983	0.039280648992946095	9.999000099990002e-05
936	-0.007699352538510215	0.039280648992946095	9.999000099990002e-05
937	0.004394703107150663	0.039280648992946095	9.999000099990002e-05
938	0.0032099445262941534	0.039280648992946095	9.999000099990002e-05
939	-0.03905147819351526	0.039280648992946095	9.999000099990002e-05
940	0.00455351374813176	0.039280648992946095	9.999000099990002e-05
941	-0.006339484828524727	0.039280648992946095	9.999000099990002e-05
942	0.0081214088770796	0.039280648992946095	9.999000099990002e-05
943	-0.0007709591524690945	0.039280648992946095	9.999000099990002e-05
944	-0.0038775855821627375	0.039280648992946095	9.999000099990002e-05
945	-0.0037115495378608754	0.039280648992946095	9.999000099990002e-05
946	-0.0005879846924867344	0.039280648992946095	9.999000099990002e-05
947	-0.0051358993660255425	0.039280648992946095	9.999000099990002e-05
948	-0.0032066800704780574	0.039280648992946095	9.999000099990002e-05
949	-0.0010101023048456337	0.039280648992946095	9.999000099990002e-05
950	0.0005839304748158913	0.039280648992946095	9.999000099990002e-05
951	0.007675127591378186	0.039280648992946095	9.999000099990002e-05
952	-0.0074399506787749675	0.039280648992946095	9.999000099990002e-05
953	-0.007064310595266063	0.039280648992946095	9.999000099990002e-05
954	0.0008792425137982979	0.039280648992946095	9.999000099990002e-05
955	-0.009749336209919246	0.039280648992946095	9.999000099990002e-05
956	0.0044743769981379355	0.039280648992946095	9.999000099990002e-05
957	-0.003289820397443452	0.039280648992946095	9.999000099990002e-05
958	-0.023295270900090273	0.039280648992946095	9.999000099990002e-05
959	-0.014715657110339439	0.039280648992946095	9.999000099990002e-05
960	0.0019888527731204003	0.039280648992946095	9.999000099990002e-05
961	-0.0019624011889135123	0.039280648992946095	9.999000099990002e-05
962	-0.006554153714506697	0.039280648992946095	9.999000099990002e-05
963	0.00737925209571777	0.039280648992946095	9.999000099990002e-05
964	0.001840234410407593	0.039280648992946095	9.999000099990002e-05
965	-0.016993077824252786	0.039280648992946095	9.999000099990002e-05
966	-0.02569023314390459	0.039280648992946095	9.999000099990002e-05
967	-0.054275917991218336	0.039280648992946095	9.999000099990002e-05
968	0.0033159719731356285	0.039280648992946095	9.999000099990002e-05
969	-0.0010022877117973755	0.039280648992946095	9.999000099990002e-05
970	-0.023844177189408275	0.039280648992946095	9.999000099990002e-05
971	-0.005596621456466222	0.039280648992946095	9.999000099990002e-05
972	-0.031703706502510004	0.039280648992946095	9.999000099990002e-05
973	-0.015989972141352046	0.039280648992946095	9.999000099990002e-05
974	-0.011890478772173863	0.039280648992946095	9.999000099990002e-05
975	-0.022677414264142978	0.039280648992946095	9.999000099990002e-05
976	-0.006006192653504702	0.039280648992946095	9.999000099990002e-05
977	0.0003716828745793377	0.039280648992946095	9.999000099990002e-05
978	-0.0003483362012816904	0.039280648992946095	9.999000099990002e-05
979	0.0008225307569540152	0.039280648992946095	9.999000099990002e-05
980	-0.01755722507049047	0.039280648992946095	9.999000099990002e-05
981	-0.01252060526598893	0.039280648992946095	9.999000099990002e-05
982	-0.007300508041769738	0.039280648992946095	9.999000099990002e-05
983	-0.02197216950305321	0.039280648992946095	9.999000099990002e-05
984	0.01249318242909897	0.039280648992946095	9.999000099990002e-05
985	-0.0029334179533106325	0.039280648992946095	9.999000099990002e-05
986	0.003609291157370187	0.039280648992946095	9.999000099990002e-05
987	-0.008417972610431562	0.039280648992946095	9.999000099990002e-05
988	-0.019192339012864976	0.039280648992946095	9.999000099990002e-05
989	0.0009572642944553067	0.039280648992946095	9.999000099990002e-05
990	-0.004990204714711233	0.039280648992946095	9.999000099990002e-05
991	-0.0008525788018683284	0.039280648992946095	9.999000099990002e-05
992	-0.006576463443015698	0.039280648992946095	9.999000099990002e-05
993	-0.0043031599199150755	0.039280648992946095	9.999000099990002e-05
994	-0.007213088114462307	0.039280648992946095	9.999000099990002e-05
995	0.005123143007863623	0.039280648992946095	9.999000099990002e-05
996	0.006301792708429746	0.039280648992946095	9.999000099990002e-05
997	-0.015068792088374888	0.039280648992946095	9.999000099990002e-05
998	0.004055549914515066	0.039280648992946095	9.999000099990002e-05
999	0.0013186356447860426	0.039280648992946095	9.999000099990002e-05
1000	0.010669181882898005	0.039280648992946095	9.999000099990002e-05
1001	-0.004469452323653325	0.039280648992946095	9.999000099990002e-05
1002	-0.0048464448002953076	0.039280648992946095	9.999000099990002e-05
1003	-0.03625500157624639	0.039280648992946095	9.999000099990002e-05
1004	-0.00482223733221572	0.039280648992946095	9.999000099990002e-05
1005	0.0009933857760258402	0.039280648992946095	9.999000099990002e-05
1006	0.0074294290660261025	0.039280648992946095	9.999000099990002e-05
1007	0.006737923714141725	0.039280648992946095	9.999000099990002e-05
1008	-0.0036437334846320113	0.039280648992946095	9.999000099990002e-05
1009	0.004040738311098496	0.039280648992946095	9.999000099990002e-05
1010	0.004274517724902657	0.039280648992946095	9.999000099990002e-05
1011	0.008926504036415747	0.039280648992946095	9.999000099990002e-05
1012	0.0004764810585018847	0.039280648992946095	9.999000099990002e-05
1013	0.000307994985123905	0.039280648992946095	9.999000099990002e-05
1014	-0.007704276921677258	0.039280648992946095	9.999000099990002e-05
1015	0.002423112112181755	0.039280648992946095	9.999000099990002e-05
1016	0.0011302274329155065	0.039280648992946095	9.999000099990002e-05
1017	-0.0034903247448212493	0.039280648992946095	9.999000099990002e-05
1018	0.004871807051109012	0.039280648992946095	9.999000099990002e-05
1019	-0.003173087176614048	0.039280648992946095	9.999000099990002e-05
1020	-0.015132144380022639	0.039280648992946095	9.999000099990002e-05
1021	-0.010397833819083477	0.039280648992946095	9.999000099990002e-05
1022	0.012524942692862945	0.039280648992946095	9.999000099990002e-05
1023	-0.014113841340727601	0.039280648992946095	9.999000099990002e-05
1024	-0.005123961367390351	0.039280648992946095	9.999000099990002e-05
1025	-0.009972054296676164	0.039280648992946095	9.999000099990002e-05
1026	-0.0006220902081177648	0.039280648992946095	9.999000099990002e-05
1027	0.0021569206116147654	0.039280648992946095	9.999000099990002e-05
1028	0.006228174095305253	0.039280648992946095	9.999000099990002e-05
1029	-0.008720939600449534	0.039280648992946095	9.999000099990002e-05
1030	-0.0043162707629719466	0.039280648992946095	9.999000099990002e-05
1031	-0.0004244932583561678	0.039280648992946095	9.999000099990002e-05
1032	-0.013196251922107077	0.039280648992946095	9.999000099990002e-05
1033	0.006288057766093286	0.039280648992946095	9.999000099990002e-05
1034	-0.03463998359183079	0.039280648992946095	9.999000099990002e-05
1035	-0.0014406362266345674	0.039280648992946095	9.999000099990002e-05
1036	-0.003361340213340863	0.039280648992946095	9.999000099990002e-05
1037	-0.002410830358847732	0.039280648992946095	9.999000099990002e-05
1038	0.001131720920844459	0.039280648992946095	9.999000099990002e-05
1039	-0.017753415781926782	0.039280648992946095	9.999000099990002e-05
1040	0.007709821180019477	0.039280648992946095	9.999000099990002e-05
1041	-0.034009985180628116	0.039280648992946095	9.999000099990002e-05
1042	0.0016894181053978274	0.039280648992946095	9.999000099990002e-05
1043	0.003897256604934604	0.039280648992946095	9.999000099990002e-05
1044	-0.00226048482298484	0.039280648992946095	9.999000099990002e-05
1045	-0.009961604202383706	0.039280648992946095	9.999000099990002e-05
1046	0.008301867421668524	0.039280648992946095	9.999000099990002e-05
1047	0.013213633577426859	0.039280648992946095	9.999000099990002e-05
1048	0.013493466264634851	0.039280648992946095	9.999000099990002e-05
1049	-0.032776304819643345	0.039280648992946095	9.999000099990002e-05
1050	-0.0029585871577002543	0.039280648992946095	9.999000099990002e-05
1051	-0.0011572397548366559	0.039280648992946095	9.999000099990002e-05
1052	-0.006757284629390764	0.039280648992946095	9.999000099990002e-05
1053	0.000300182722615977	0.039280648992946095	9.999000099990002e-05
1054	-0.007322154683001569	0.039280648992946095	9.999000099990002e-05
1055	-0.0217357690567761	0.039280648992946095	9.999000099990002e-05
1056	0.006439757345888614	0.039280648992946095	9.999000099990002e-05
1057	-0.001492459966451573	0.039280648992946095	9.999000099990002e-05
1058	-0.010799060030936641	0.039280648992946095	9.999000099990002e-05
1059	-0.0017949466223966815	0.039280648992946095	9.999000099990002e-05
1060	0.00010884036046836243	0.039280648992946095	9.999000099990002e-05
1061	0.008444493188342839	0.039280648992946095	9.999000099990002e-05
1062	-0.00239607085271816	0.039280648992946095	9.999000099990002e-05
1063	-0.006997694139119798	0.039280648992946095	9.999000099990002e-05
1064	0.00631154339785818	0.039280648992946095	9.999000099990002e-05
1065	-0.014837570151266771	0.039280648992946095	9.999000099990002e-05
1066	0.024135716229253146	0.039280648992946095	9.999000099990002e-05
1067	-0.007798877923486214	0.039280648992946095	9.999000099990002e-05
1068	0.0045718456812716	0.039280648992946095	9.999000099990002e-05
1069	0.009023484471350013	0.039280648992946095	9.999000099990002e-05
1070	-0.00263713446743348	0.039280648992946095	9.999000099990002e-05
1071	-0.007189019507744129	0.039280648992946095	9.999000099990002e-05
1072	0.00038662629918337355	0.039280648992946095	9.999000099990002e-05
1073	-0.004787887352614512	0.039280648992946095	9.999000099990002e-05
1074	-0.004756581641320978	0.039280648992946095	9.999000099990002e-05
1075	0.006981823208016838	0.039280648992946095	9.999000099990002e-05
1076	-0.008588113415997675	0.039280648992946095	9.999000099990002e-05
1077	-0.0032601428113359365	0.039280648992946095	9.999000099990002e-05
1078	0.006028036905135467	0.039280648992946095	9.999000099990002e-05
1079	-0.015031572388226194	0.039280648992946095	9.999000099990002e-05
1080	-0.01703740295344812	0.039280648992946095	9.999000099990002e-05
1081	-0.009627520080627366	0.039280648992946095	9.999000099990002e-05
1082	0.00265032687940199	0.039280648992946095	9.999000099990002e-05
1083	0.008747983675982729	0.039280648992946095	9.999000099990002e-05
1084	0.012790607491315054	0.039280648992946095	9.999000099990002e-05
1085	-0.009501234023533048	0.039280648992946095	9.999000099990002e-05
1086	0.010767042776548247	0.039280648992946095	9.999000099990002e-05
1087	-0.00909272064904032	0.039280648992946095	9.999000099990002e-05
1088	-0.018759763829063386	0.039280648992946095	9.999000099990002e-05
1089	-0.012191105899699226	0.039280648992946095	9.999000099990002e-05
1090	0.00871657270195092	0.039280648992946095	9.999000099990002e-05
1091	-0.009107803371982068	0.039280648992946095	9.999000099990002e-05
1092	-0.025827075868958577	0.039280648992946095	9.999000099990002e-05
1093	0.007706281720444297	0.039280648992946095	9.999000099990002e-05
1094	-0.008186756451121352	0.039280648992946095	9.999000099990002e-05
1095	-0.005007027720092427	0.039280648992946095	9.999000099990002e-05
1096	-0.0016316465353378995	0.039280648992946095	9.999000099990002e-05
1097	-0.004979362215690508	0.039280648992946095	9.999000099990002e-05
1098	-0.00402493341197159	0.039280648992946095	9.999000099990002e-05
1099	-0.00202742020532147	0.039280648992946095	9.999000099990002e-05
1100	0.0003738233787677486	0.039280648992946095	9.999000099990002e-05
1101	-0.0060507784147937616	0.039280648992946095	9.999000099990002e-05
1102	0.003995117547137772	0.039280648992946095	9.999000099990002e-05
1103	0.003802709885294145	0.039280648992946095	9.999000099990002e-05
1104	-9.13604340312818e-05	0.039280648992946095	9.999000099990002e-05
1105	-0.001626524444666086	0.039280648992946095	9.999000099990002e-05
1106	-0.006635115520344528	0.039280648992946095	9.999000099990002e-05
1107	-0.026978988348468458	0.039280648992946095	9.999000099990002e-05
1108	-0.0177138883613209	0.039280648992946095	9.999000099990002e-05
1109	0.023285733892078442	0.039280648992946095	9.999000099990002e-05
1110	-0.000886128677842074	0.039280648992946095	9.999000099990002e-05
1111	-0.02167787998864114	0.039280648992946095	9.999000099990002e-05
1112	0.0032951504888398125	0.039280648992946095	9.999000099990002e-05
1113	0.0005552503599701442	0.039280648992946095	9.999000099990002e-05
1114	-0.002301174989004326	0.039280648992946095	9.999000099990002e-05
1115	-0.0016694062411025251	0.039280648992946095	9.999000099990002e-05
1116	-0.016469813110717782	0.039280648992946095	9.999000099990002e-05
1117	-0.02241817670750107	0.039280648992946095	9.999000099990002e-05
1118	0.005765722549727098	0.039280648992946095	9.999000099990002e-05
1119	-0.0023469850122611324	0.039280648992946095	9.999000099990002e-05
1120	-0.001764808900232534	0.039280648992946095	9.999000099990002e-05
1121	-0.00032701015500417874	0.039280648992946095	9.999000099990002e-05
1122	0.004251487519560809	0.039280648992946095	9.999000099990002e-05
1123	0.006481181098030309	0.039280648992946095	9.999000099990002e-05
1124	0.00885380312209963	0.039280648992946095	9.999000099990002e-05
1125	0.0037042558691295913	0.039280648992946095	9.999000099990002e-05
1126	-0.0028086651489896697	0.039280648992946095	9.999000099990002e-05
1127	0.003913374476206835	0.039280648992946095	9.999000099990002e-05
1128	-0.006820266559337512	0.039280648992946095	9.999000099990002e-05
1129	-0.011431608733002668	0.039280648992946095	9.999000099990002e-05
1130	0.008134647220113783	0.039280648992946095	9.999000099990002e-05
1131	0.005098802796091026	0.039280648992946095	9.999000099990002e-05
1132	-0.009329073125028953	0.039280648992946095	9.999000099990002e-05
1133	0.0019994480406543003	0.039280648992946095	9.999000099990002e-05
1134	0.0013506185237045776	0.039280648992946095	9.999000099990002e-05
1135	0.004248979955270224	0.039280648992946095	9.999000099990002e-05
1136	-0.022391356558051398	0.039280648992946095	9.999000099990002e-05
1137	-0.01748628196621918	0.039280648992946095	9.999000099990002e-05
1138	-0.009168983163064776	0.039280648992946095	9.999000099990002e-05
1139	0.0019671774856636626	0.039280648992946095	9.999000099990002e-05
1140	-0.01504330131797249	0.039280648992946095	9.999000099990002e-05
1141	0.0024272106101189267	0.039280648992946095	9.999000099990002e-05
1142	-0.007263148217883625	0.039280648992946095	9.999000099990002e-05
1143	-0.0029228121012393887	0.039280648992946095	9.999000099990002e-05
1144	-0.004289625695364646	0.039280648992946095	9.999000099990002e-05
1145	0.004831708551016112	0.039280648992946095	9.999000099990002e-05
1146	-0.039829165033285624	0.039280648992946095	9.999000099990002e-05
1147	0.0036133457634644206	0.039280648992946095	9.999000099990002e-05
1148	0.005446138175959209	0.039280648992946095	9.999000099990002e-05
1149	0.005667990418430108	0.039280648992946095	9.999000099990002e-05
1150	-0.0021618885953071515	0.039280648992946095	9.999000099990002e-05
1151	-0.011427926090855883	0.039280648992946095	9.999000099990002e-05
1152	-0.0004919502141623316	0.039280648992946095	9.999000099990002e-05
1153	0.0012525291399960031	0.039280648992946095	9.999000099990002e-05
1154	0.009462815940124852	0.039280648992946095	9.999000099990002e-05
1155	-0.006672612506239711	0.039280648992946095	9.999000099990002e-05
1156	0.010506102954406057	0.039280648992946095	9.999000099990002e-05
1157	0.00022228484901991308	0.039280648992946095	9.999000099990002e-05
1158	-0.01438199525335937	0.039280648992946095	9.999000099990002e-05
1159	0.0019903343170301346	0.039280648992946095	9.999000099990002e-05
1160	-0.003550637089371464	0.039280648992946095	9.999000099990002e-05
1161	-0.0002762280696094327	0.039280648992946095	9.999000099990002e-05
1162	0.006484446670563623	0.039280648992946095	9.999000099990002e-05
1163	0.004095435510038131	0.039280648992946095	9.999000099990002e-05
1164	-0.00834277840638438	0.039280648992946095	9.999000099990002e-05
1165	-0.004479702719771134	0.039280648992946095	9.999000099990002e-05
1166	-0.016352231573207796	0.039280648992946095	9.999000099990002e-05
1167	-0.003954441655677793	0.039280648992946095	9.999000099990002e-05
1168	0.0025955265054998095	0.039280648992946095	9.999000099990002e-05
1169	0.009950067396555975	0.039280648992946095	9.999000099990002e-05
1170	-0.010458433354176594	0.039280648992946095	9.999000099990002e-05
1171	0.011512788929890688	0.039280648992946095	9.999000099990002e-05
1172	-0.004749132603234257	0.039280648992946095	9.999000099990002e-05
1173	-0.0050714476419765064	0.039280648992946095	9.999000099990002e-05
1174	0.0020295502220784023	0.039280648992946095	9.999000099990002e-05
1175	-0.0066330123048014	0.039280648992946095	9.999000099990002e-05
1176	0.0016523454720546171	0.039280648992946095	9.999000099990002e-05
1177	-0.03333706258628674	0.039280648992946095	9.999000099990002e-05
1178	-0.0070924422562871625	0.039280648992946095	9.999000099990002e-05
1179	-0.002952821935002875	0.039280648992946095	9.999000099990002e-05
1180	0.016258285259020233	0.039280648992946095	9.999000099990002e-05
1181	-0.014485223672710074	0.039280648992946095	9.999000099990002e-05
1182	-0.01577850828240776	0.039280648992946095	9.999000099990002e-05
1183	-0.001947084537985977	0.039280648992946095	9.999000099990002e-05
1184	-0.003977669471418532	0.039280648992946095	9.999000099990002e-05
1185	0.003453011968718084	0.039280648992946095	9.999000099990002e-05
1186	0.002424369584349259	0.039280648992946095	9.999000099990002e-05
1187	-0.014959229114745079	0.039280648992946095	9.999000099990002e-05
1188	-0.00596864255071114	0.039280648992946095	9.999000099990002e-05
1189	-0.00822533155468437	0.039280648992946095	9.999000099990002e-05
1190	-0.008713911030680907	0.039280648992946095	9.999000099990002e-05
1191	-0.010752724713599754	0.039280648992946095	9.999000099990002e-05
1192	-0.009849413204659957	0.039280648992946095	9.999000099990002e-05
1193	0.0009443953420636281	0.039280648992946095	9.999000099990002e-05
1194	-0.004019833946962176	0.039280648992946095	9.999000099990002e-05
1195	0.00421534855893782	0.039280648992946095	9.999000099990002e-05
1196	-0.0016931765386582753	0.039280648992946095	9.999000099990002e-05
1197	0.008416915807497191	0.039280648992946095	9.999000099990002e-05
1198	-0.017814512693168957	0.039280648992946095	9.999000099990002e-05
1199	0.005082733720506966	0.039280648992946095	9.999000099990002e-05
1200	0.003963248767589619	0.039280648992946095	9.999000099990002e-05
1201	0.002060720762032703	0.039280648992946095	9.999000099990002e-05
1202	0.00020356157931611385	0.039280648992946095	9.999000099990002e-05
1203	-0.0036475919369150234	0.039280648992946095	9.999000099990002e-05
1204	0.011249793571176336	0.039280648992946095	9.999000099990002e-05
1205	-0.0021371716614005942	0.039280648992946095	9.999000099990002e-05
1206	-0.0018105909570053508	0.039280648992946095	9.999000099990002e-05
1207	-0.01962782135151811	0.039280648992946095	9.999000099990002e-05
1208	0.002922456111203814	0.039280648992946095	9.999000099990002e-05
1209	0.006604836849043255	0.039280648992946095	9.999000099990002e-05
1210	-0.005445356910866075	0.039280648992946095	9.999000099990002e-05
1211	-0.017660026029902062	0.039280648992946095	9.999000099990002e-05
1212	-0.007458783823744805	0.039280648992946095	9.999000099990002e-05
1213	-0.0007346906526460029	0.039280648992946095	9.999000099990002e-05
1214	0.011423866143940059	0.039280648992946095	9.999000099990002e-05
1215	0.008623273889552044	0.039280648992946095	9.999000099990002e-05
1216	-0.017881169885218123	0.039280648992946095	9.999000099990002e-05
1217	0.00736662260634513	0.039280648992946095	9.999000099990002e-05
1218	-0.0030232095452756014	0.039280648992946095	9.999000099990002e-05
1219	0.0007735304181954172	0.039280648992946095	9.999000099990002e-05
1220	-0.007517509410199907	0.039280648992946095	9.999000099990002e-05
1221	0.0009253612365431457	0.039280648992946095	9.999000099990002e-05
1222	0.0029222759313044244	0.039280648992946095	9.999000099990002e-05
1223	-0.0032332855674526567	0.039280648992946095	9.999000099990002e-05
1224	-0.0179815693199242	0.039280648992946095	9.999000099990002e-05
1225	-0.00728820691581919	0.039280648992946095	9.999000099990002e-05
1226	0.005481355456434134	0.039280648992946095	9.999000099990002e-05
1227	0.0024184886114820836	0.039280648992946095	9.999000099990002e-05
1228	0.002090069207871359	0.039280648992946095	9.999000099990002e-05
1229	-0.001001230617545465	0.039280648992946095	9.999000099990002e-05
1230	0.0002093908918725934	0.039280648992946095	9.999000099990002e-05
1231	-0.0004950849851195621	0.039280648992946095	9.999000099990002e-05
1232	-0.017235610067800222	0.039280648992946095	9.999000099990002e-05
1233	0.00254770867319469	0.039280648992946095	9.999000099990002e-05
1234	-0.009519438699460231	0.039280648992946095	9.999000099990002e-05
1235	0.0022825193535231103	0.039280648992946095	9.999000099990002e-05
1236	-0.006863885826129998	0.039280648992946095	9.999000099990002e-05
1237	0.0004465939665292129	0.039280648992946095	9.999000099990002e-05
1238	-0.0016118287370781026	0.039280648992946095	9.999000099990002e-05
1239	0.007542582285589169	0.039280648992946095	9.999000099990002e-05
1240	-0.00788378256658824	0.039280648992946095	9.999000099990002e-05
1241	-0.004597608687916435	0.039280648992946095	9.999000099990002e-05
1242	-0.0004977825855529971	0.039280648992946095	9.999000099990002e-05
1243	-0.008679985549290462	0.039280648992946095	9.999000099990002e-05
1244	0.008292668924639798	0.039280648992946095	9.999000099990002e-05
1245	0.008007551154595574	0.039280648992946095	9.999000099990002e-05
1246	0.0012261697092380563	0.039280648992946095	9.999000099990002e-05
1247	0.008905091080405048	0.039280648992946095	9.999000099990002e-05
1248	-0.0013439610924837198	0.039280648992946095	9.999000099990002e-05
1249	-0.009534392708601597	0.039280648992946095	9.999000099990002e-05
1250	0.0005310770245958718	0.039280648992946095	9.999000099990002e-05
1251	0.008452118424989191	0.039280648992946095	9.999000099990002e-05
1252	0.015291422537104749	0.039280648992946095	9.999000099990002e-05
1253	0.005143069079142998	0.039280648992946095	9.999000099990002e-05
1254	0.004855287889923482	0.039280648992946095	9.999000099990002e-05
1255	0.003820497782925439	0.039280648992946095	9.999000099990002e-05
1256	-0.006305803131363502	0.039280648992946095	9.999000099990002e-05
1257	-0.017724230862334725	0.039280648992946095	9.999000099990002e-05
1258	-0.013830524544277273	0.039280648992946095	9.999000099990002e-05
1259	-0.0022164202773303082	0.039280648992946095	9.999000099990002e-05
1260	-0.004056566904052095	0.039280648992946095	9.999000099990002e-05
1261	-0.009945539205245255	0.039280648992946095	9.999000099990002e-05
1262	0.008463931448399103	0.039280648992946095	9.999000099990002e-05
1263	-0.009571776808949495	0.039280648992946095	9.999000099990002e-05
1264	-0.0038621804192555675	0.039280648992946095	9.999000099990002e-05
1265	0.0003531204121583753	0.039280648992946095	9.999000099990002e-05
1266	-0.0018369623803354135	0.039280648992946095	9.999000099990002e-05
1267	-0.005400277560556027	0.039280648992946095	9.999000099990002e-05
1268	-0.023261679462813947	0.039280648992946095	9.999000099990002e-05
1269	-0.0018990341371769998	0.039280648992946095	9.999000099990002e-05
1270	-0.00223526934765908	0.039280648992946095	9.999000099990002e-05
1271	-0.0007703522409245045	0.039280648992946095	9.999000099990002e-05
1272	-0.014133468665868246	0.039280648992946095	9.999000099990002e-05
1273	0.003341152393250571	0.039280648992946095	9.999000099990002e-05
1274	0.001472395810657584	0.039280648992946095	9.999000099990002e-05
1275	0.007583400000138865	0.039280648992946095	9.999000099990002e-05
1276	-0.00407218846733963	0.039280648992946095	9.999000099990002e-05
1277	0.013066013365716778	0.039280648992946095	9.999000099990002e-05
1278	-0.0026500923687811373	0.039280648992946095	9.999000099990002e-05
1279	0.005297568414722911	0.039280648992946095	9.999000099990002e-05
1280	-0.006738850540899705	0.039280648992946095	9.999000099990002e-05
1281	0.0067509072514330415	0.039280648992946095	9.999000099990002e-05
1282	-0.0013312873228447514	0.039280648992946095	9.999000099990002e-05
1283	0.007314624949955897	0.039280648992946095	9.999000099990002e-05
1284	0.004064572844172165	0.039280648992946095	9.999000099990002e-05
1285	-0.01167441039672297	0.039280648992946095	9.999000099990002e-05
1286	-0.001282298636787818	0.039280648992946095	9.999000099990002e-05
1287	-0.010789538559860354	0.039280648992946095	9.999000099990002e-05
1288	0.0036761408617612956	0.039280648992946095	9.999000099990002e-05
1289	0.006954916634363206	0.039280648992946095	9.999000099990002e-05
1290	0.0023267439781665955	0.039280648992946095	9.999000099990002e-05
1291	0.01540595465969713	0.039280648992946095	9.999000099990002e-05
1292	-0.0022184497409825366	0.039280648992946095	9.999000099990002e-05
1293	-0.003455597169133434	0.039280648992946095	9.999000099990002e-05
1294	-0.003559627682781466	0.039280648992946095	9.999000099990002e-05
1295	-0.006199192224039529	0.039280648992946095	9.999000099990002e-05
1296	-0.009990875109203406	0.039280648992946095	9.999000099990002e-05
1297	0.0008866247430621838	0.039280648992946095	9.999000099990002e-05
1298	0.006020769309324131	0.039280648992946095	9.999000099990002e-05
1299	0.0012248025560162301	0.039280648992946095	9.999000099990002e-05
1300	-0.005128571321824357	0.039280648992946095	9.999000099990002e-05
1301	-0.004653549278675673	0.039280648992946095	9.999000099990002e-05
1302	-0.004488428942512335	0.039280648992946095	9.999000099990002e-05
1303	-0.005170047074147172	0.039280648992946095	9.999000099990002e-05
1304	-0.003890902483827244	0.039280648992946095	9.999000099990002e-05
1305	-0.010526745763943121	0.039280648992946095	9.999000099990002e-05
1306	-0.0024118511840657275	0.039280648992946095	9.999000099990002e-05
1307	0.016578832971344604	0.039280648992946095	9.999000099990002e-05
1308	-0.011879402053849825	0.039280648992946095	9.999000099990002e-05
1309	0.0038458552755526315	0.039280648992946095	9.999000099990002e-05
1310	0.008037236751935461	0.039280648992946095	9.999000099990002e-05
1311	-0.014653294812803253	0.039280648992946095	9.999000099990002e-05
1312	-0.00880849416501403	0.039280648992946095	9.999000099990002e-05
1313	-0.010848278906404232	0.039280648992946095	9.999000099990002e-05
1314	0.014126330415045324	0.039280648992946095	9.999000099990002e-05
1315	-0.0015482498489360619	0.039280648992946095	9.999000099990002e-05
1316	0.008277570324892042	0.039280648992946095	9.999000099990002e-05
1317	-0.01278129732256214	0.039280648992946095	9.999000099990002e-05
1318	-0.002135543487661651	0.039280648992946095	9.999000099990002e-05
1319	0.0006589717371538323	0.039280648992946095	9.999000099990002e-05
1320	0.005796263115498079	0.039280648992946095	9.999000099990002e-05
1321	-0.005224920423093457	0.039280648992946095	9.999000099990002e-05
1322	0.010341842976048371	0.039280648992946095	9.999000099990002e-05
1323	-0.01063943520598025	0.039280648992946095	9.999000099990002e-05
1324	-0.02599224378698703	0.039280648992946095	9.999000099990002e-05
1325	0.00807584870716746	0.039280648992946095	9.999000099990002e-05
1326	-0.006959717013363426	0.039280648992946095	9.999000099990002e-05
1327	0.010506857661050015	0.039280648992946095	9.999000099990002e-05
1328	-0.008788866111579544	0.039280648992946095	9.999000099990002e-05
1329	-0.0009876200677992053	0.039280648992946095	9.999000099990002e-05
1330	0.00349371738035556	0.039280648992946095	9.999000099990002e-05
1331	-0.0057865757390819506	0.039280648992946095	9.999000099990002e-05
1332	-0.02805590117549589	0.039280648992946095	9.999000099990002e-05
1333	-0.010895563093526392	0.039280648992946095	9.999000099990002e-05
1334	0.01236392347649462	0.039280648992946095	9.999000099990002e-05
1335	-0.0015500374219230562	0.039280648992946095	9.999000099990002e-05
1336	0.002194109723421628	0.039280648992946095	9.999000099990002e-05
1337	-0.017615701046365506	0.039280648992946095	9.999000099990002e-05
1338	-0.010396838726914964	0.039280648992946095	9.999000099990002e-05
1339	-0.000561292431437696	0.039280648992946095	9.999000099990002e-05
1340	-0.000356846897595145	0.039280648992946095	9.999000099990002e-05
1341	-0.0223001205651632	0.039280648992946095	9.999000099990002e-05
1342	0.007936228851991231	0.039280648992946095	9.999000099990002e-05
1343	0.0040908624558260165	0.039280648992946095	9.999000099990002e-05
1344	-0.04810160103216912	0.039280648992946095	9.999000099990002e-05
1345	-0.010215713987661745	0.039280648992946095	9.999000099990002e-05
1346	0.006787042424927975	0.039280648992946095	9.999000099990002e-05
1347	0.00019874988748466715	0.039280648992946095	9.999000099990002e-05
1348	-0.002085082337091662	0.039280648992946095	9.999000099990002e-05
1349	0.004330173067235932	0.039280648992946095	9.999000099990002e-05
1350	-0.005829329744223524	0.039280648992946095	9.999000099990002e-05
1351	-0.00568264354510413	0.039280648992946095	9.999000099990002e-05
1352	0.0007261836463547666	0.039280648992946095	9.999000099990002e-05
1353	-0.013420991169966243	0.039280648992946095	9.999000099990002e-05
1354	-0.007715801200850733	0.039280648992946095	9.999000099990002e-05
1355	0.002284770169953834	0.039280648992946095	9.999000099990002e-05
1356	0.010677784052919456	0.039280648992946095	9.999000099990002e-05
1357	0.0033361876140511476	0.039280648992946095	9.999000099990002e-05
1358	-0.0011642445822256653	0.039280648992946095	9.999000099990002e-05
1359	0.00891733666181102	0.039280648992946095	9.999000099990002e-05
1360	-0.0032239389354541126	0.039280648992946095	9.999000099990002e-05
1361	0.00016979001069335198	0.039280648992946095	9.999000099990002e-05
1362	-0.006514521176821303	0.039280648992946095	9.999000099990002e-05
1363	0.0015778000807250836	0.039280648992946095	9.999000099990002e-05
1364	0.01323385572443414	0.039280648992946095	9.999000099990002e-05
1365	-0.01131105663052294	0.039280648992946095	9.999000099990002e-05
1366	-0.021073646234882698	0.039280648992946095	9.999000099990002e-05
1367	-0.008276239489257015	0.039280648992946095	9.999000099990002e-05
1368	-0.005768043962108685	0.039280648992946095	9.999000099990002e-05
1369	0.003139245012040409	0.039280648992946095	9.999000099990002e-05
1370	-0.004424066070313454	0.039280648992946095	9.999000099990002e-05
1371	-0.01446479536998932	0.039280648992946095	9.999000099990002e-05
1372	0.003131464940120815	0.039280648992946095	9.999000099990002e-05
1373	0.011926947989782971	0.039280648992946095	9.999000099990002e-05
1374	-0.01232077575569579	0.039280648992946095	9.999000099990002e-05
1375	-0.00720425196790217	0.039280648992946095	9.999000099990002e-05
1376	0.005360361036820693	0.039280648992946095	9.999000099990002e-05
1377	-0.008730920673500314	0.039280648992946095	9.999000099990002e-05
1378	0.017817911543477505	0.039280648992946095	9.999000099990002e-05
1379	0.006907408521157524	0.039280648992946095	9.999000099990002e-05
1380	-0.01454965165437945	0.039280648992946095	9.999000099990002e-05
1381	-0.006191143460240897	0.039280648992946095	9.999000099990002e-05
1382	-0.0005408550007673651	0.039280648992946095	9.999000099990002e-05
1383	-0.01697964298753693	0.039280648992946095	9.999000099990002e-05
1384	-0.004216655312322737	0.039280648992946095	9.999000099990002e-05
1385	-0.022196614325983882	0.039280648992946095	9.999000099990002e-05
1386	-0.01837288340387805	0.039280648992946095	9.999000099990002e-05
1387	-0.008795960713324197	0.039280648992946095	9.999000099990002e-05
1388	0.0004732245168123511	0.039280648992946095	9.999000099990002e-05
1389	-0.024889002360308138	0.039280648992946095	9.999000099990002e-05
1390	-0.02181564852084175	0.039280648992946095	9.999000099990002e-05
1391	0.0032875796314678907	0.039280648992946095	9.999000099990002e-05
1392	0.003705647056048589	0.039280648992946095	9.999000099990002e-05
1393	0.0010159621086381493	0.039280648992946095	9.999000099990002e-05
1394	-0.0011472509133181041	0.039280648992946095	9.999000099990002e-05
1395	-0.003992307255368727	0.039280648992946095	9.999000099990002e-05
1396	-0.026983495370704505	0.039280648992946095	9.999000099990002e-05
1397	0.014837685367354414	0.039280648992946095	9.999000099990002e-05
1398	-0.003632353213429848	0.039280648992946095	9.999000099990002e-05
1399	-0.00140600070728987	0.039280648992946095	9.999000099990002e-05
1400	0.00013755184050272262	0.039280648992946095	9.999000099990002e-05
1401	0.004208177097915142	0.039280648992946095	9.999000099990002e-05
1402	0.005229894621560094	0.039280648992946095	9.999000099990002e-05
1403	-0.006783828415599505	0.039280648992946095	9.999000099990002e-05
1404	-0.002759747350201125	0.039280648992946095	9.999000099990002e-05
1405	0.0009938122649064685	0.039280648992946095	9.999000099990002e-05
1406	-0.006811184492219513	0.039280648992946095	9.999000099990002e-05
1407	-0.021436756119747644	0.039280648992946095	9.999000099990002e-05
1408	-0.009205341485796464	0.039280648992946095	9.999000099990002e-05
1409	-0.004023160162097028	0.039280648992946095	9.999000099990002e-05
1410	-0.012661985553067884	0.039280648992946095	9.999000099990002e-05
1411	0.005713178672947711	0.039280648992946095	9.999000099990002e-05
1412	-0.009201462107203379	0.039280648992946095	9.999000099990002e-05
1413	0.006599351436844383	0.039280648992946095	9.999000099990002e-05
1414	-0.014702729311804413	0.039280648992946095	9.999000099990002e-05
1415	0.003087601209358165	0.039280648992946095	9.999000099990002e-05
1416	0.011322537017853518	0.039280648992946095	9.999000099990002e-05
1417	-0.005926304158595269	0.039280648992946095	9.999000099990002e-05
1418	-0.007967246498789216	0.039280648992946095	9.999000099990002e-05
1419	0.0018311898261465787	0.039280648992946095	9.999000099990002e-05
1420	0.006481204306327773	0.039280648992946095	9.999000099990002e-05
1421	-0.006324314807426387	0.039280648992946095	9.999000099990002e-05
1422	-0.006101772190935287	0.039280648992946095	9.999000099990002e-05
1423	0.0006624709949083207	0.039280648992946095	9.999000099990002e-05
1424	-0.005293485502274237	0.039280648992946095	9.999000099990002e-05
1425	-0.015367909996824095	0.039280648992946095	9.999000099990002e-05
1426	-0.029130980158600175	0.039280648992946095	9.999000099990002e-05
1427	-0.0008163364720710636	0.039280648992946095	9.999000099990002e-05
1428	0.00532396192963322	0.039280648992946095	9.999000099990002e-05
1429	-0.010321822178015097	0.039280648992946095	9.999000099990002e-05
1430	0.0031317777180544376	0.039280648992946095	9.999000099990002e-05
1431	-0.005016260495485203	0.039280648992946095	9.999000099990002e-05
1432	-0.013968826333237414	0.039280648992946095	9.999000099990002e-05
1433	-0.02269401266369976	0.039280648992946095	9.999000099990002e-05
1434	0.0017453671929187065	0.039280648992946095	9.999000099990002e-05
1435	-0.021158506743377187	0.039280648992946095	9.999000099990002e-05
1436	0.00042854164967617847	0.039280648992946095	9.999000099990002e-05
1437	-0.007414964373248442	0.039280648992946095	9.999000099990002e-05
1438	-0.0035846996842181095	0.039280648992946095	9.999000099990002e-05
1439	-0.0015573048720756433	0.039280648992946095	9.999000099990002e-05
1440	0.0013619920460503643	0.039280648992946095	9.999000099990002e-05
1441	0.0008847321986544393	0.039280648992946095	9.999000099990002e-05
1442	0.012614305222642341	0.039280648992946095	9.999000099990002e-05
1443	-0.010121124055919362	0.039280648992946095	9.999000099990002e-05
1444	0.006948970260707996	0.039280648992946095	9.999000099990002e-05
1445	-0.004623220209439727	0.039280648992946095	9.999000099990002e-05
1446	0.011946584491426188	0.039280648992946095	9.999000099990002e-05
1447	0.01396067133564205	0.039280648992946095	9.999000099990002e-05
1448	0.004960072236262852	0.039280648992946095	9.999000099990002e-05
1449	0.0011601373447622798	0.039280648992946095	9.999000099990002e-05
1450	-0.022490310572222852	0.039280648992946095	9.999000099990002e-05
1451	0.00158334016351587	0.039280648992946095	9.999000099990002e-05
1452	0.0015444466984330107	0.039280648992946095	9.999000099990002e-05
1453	-0.009660286506626425	0.039280648992946095	9.999000099990002e-05
1454	0.01970661759985895	0.039280648992946095	9.999000099990002e-05
1455	-0.009769607346826414	0.039280648992946095	9.999000099990002e-05
1456	-0.001587645011378161	0.039280648992946095	9.999000099990002e-05
1457	0.0068145719811439215	0.039280648992946095	9.999000099990002e-05
1458	-0.0173367845042723	0.039280648992946095	9.999000099990002e-05
1459	-0.01267156266579457	0.039280648992946095	9.999000099990002e-05
1460	-0.009642463456678477	0.039280648992946095	9.999000099990002e-05
1461	-0.007436931366669966	0.039280648992946095	9.999000099990002e-05
1462	0.008762141999812664	0.039280648992946095	9.999000099990002e-05
1463	-0.021677060609503	0.039280648992946095	9.999000099990002e-05
1464	-0.00746469727851784	0.039280648992946095	9.999000099990002e-05
1465	0.0009962460287532143	0.039280648992946095	9.999000099990002e-05
1466	-0.0012015987254197225	0.039280648992946095	9.999000099990002e-05
1467	0.005307252295328538	0.039280648992946095	9.999000099990002e-05
1468	0.0024448866418142756	0.039280648992946095	9.999000099990002e-05
1469	0.009703348919938515	0.039280648992946095	9.999000099990002e-05
1470	0.004216314373693436	0.039280648992946095	9.999000099990002e-05
1471	-0.0031157514661489805	0.039280648992946095	9.999000099990002e-05
1472	-0.011951354816166687	0.039280648992946095	9.999000099990002e-05
1473	-0.005996019165217831	0.039280648992946095	9.999000099990002e-05
1474	0.007248378806957653	0.039280648992946095	9.999000099990002e-05
1475	-0.008964943920086621	0.039280648992946095	9.999000099990002e-05
1476	0.001561341950564482	0.039280648992946095	9.999000099990002e-05
1477	-0.0007467547432236932	0.039280648992946095	9.999000099990002e-05
1478	0.002169772279165663	0.039280648992946095	9.999000099990002e-05
1479	0.0051054129367643225	0.039280648992946095	9.999000099990002e-05
1480	0.010738962047543987	0.039280648992946095	9.999000099990002e-05
1481	0.0011738297547376764	0.039280648992946095	9.999000099990002e-05
1482	0.00045986809306805543	0.039280648992946095	9.999000099990002e-05
1483	-0.01257601051221291	0.039280648992946095	9.999000099990002e-05
1484	-0.00834768948605033	0.039280648992946095	9.999000099990002e-05
1485	-0.0053098420111658	0.039280648992946095	9.999000099990002e-05
1486	-0.007261825296375174	0.039280648992946095	9.999000099990002e-05
1487	-0.014978992776495087	0.039280648992946095	9.999000099990002e-05
1488	0.008283170321990524	0.039280648992946095	9.999000099990002e-05
1489	-0.0035163939747550332	0.039280648992946095	9.999000099990002e-05
1490	0.008315262493539977	0.039280648992946095	9.999000099990002e-05
1491	-0.0029741204032198015	0.039280648992946095	9.999000099990002e-05
1492	-0.002183141617987633	0.039280648992946095	9.999000099990002e-05
1493	-0.0044029956551785016	0.039280648992946095	9.999000099990002e-05
1494	-0.0012068474421161879	0.039280648992946095	9.999000099990002e-05
1495	-0.008882677739957143	0.039280648992946095	9.999000099990002e-05
1496	0.0008092383745158943	0.039280648992946095	9.999000099990002e-05
1497	-0.012241509175184337	0.039280648992946095	9.999000099990002e-05
1498	0.0076316666556694585	0.039280648992946095	9.999000099990002e-05
1499	-0.00725556575636295	0.039280648992946095	9.999000099990002e-05
1500	-0.00732203524280961	0.039280648992946095	9.999000099990002e-05
1501	-0.026660722769210568	0.039280648992946095	9.999000099990002e-05
1502	0.0008300465553106456	0.039280648992946095	9.999000099990002e-05
1503	0.0007761030434035587	0.039280648992946095	9.999000099990002e-05
1504	-0.0013427411517261262	0.039280648992946095	9.999000099990002e-05
1505	0.0076858146724905485	0.039280648992946095	9.999000099990002e-05
1506	-0.00974698649118319	0.039280648992946095	9.999000099990002e-05
1507	0.003480936308755539	0.039280648992946095	9.999000099990002e-05
1508	-0.00023149164859852245	0.039280648992946095	9.999000099990002e-05
1509	-0.009708120992584307	0.039280648992946095	9.999000099990002e-05
1510	-0.007374456523456946	0.039280648992946095	9.999000099990002e-05
1511	0.004142872007681528	0.039280648992946095	9.999000099990002e-05
1512	0.013089017983667878	0.039280648992946095	9.999000099990002e-05
1513	-0.003527098340708218	0.039280648992946095	9.999000099990002e-05
1514	-0.032979998754229065	0.039280648992946095	9.999000099990002e-05
1515	0.013157286792909006	0.039280648992946095	9.999000099990002e-05
1516	-0.009712295281635128	0.039280648992946095	9.999000099990002e-05
1517	-0.008556686176736508	0.039280648992946095	9.999000099990002e-05
1518	0.011003441426367194	0.039280648992946095	9.999000099990002e-05
1519	0.006599501659589918	0.039280648992946095	9.999000099990002e-05
1520	-0.0003201757969298197	0.039280648992946095	9.999000099990002e-05
1521	-0.004929229137225086	0.039280648992946095	9.999000099990002e-05
1522	-0.006627996447926374	0.039280648992946095	9.999000099990002e-05
1523	0.008010470496230937	0.039280648992946095	9.999000099990002e-05
1524	-0.0045242561448130825	0.039280648992946095	9.999000099990002e-05
1525	0.00564852972692316	0.039280648992946095	9.999000099990002e-05
1526	-0.016905238108368192	0.039280648992946095	9.999000099990002e-05
1527	-0.01234920077348109	0.039280648992946095	9.999000099990002e-05
1528	-0.03377118379228057	0.039280648992946095	9.999000099990002e-05
1529	-0.005084821204902862	0.039280648992946095	9.999000099990002e-05
1530	0.0064725774714211315	0.039280648992946095	9.999000099990002e-05
1531	0.004694858057494367	0.039280648992946095	9.999000099990002e-05
1532	-0.028457722986062486	0.039280648992946095	9.999000099990002e-05
1533	-0.0038838469186331243	0.039280648992946095	9.999000099990002e-05
1534	-0.008811462205231727	0.039280648992946095	9.999000099990002e-05
1535	-0.0028669279775302287	0.039280648992946095	9.999000099990002e-05
1536	0.009212401712071244	0.039280648992946095	9.999000099990002e-05
1537	0.0068160355604719725	0.039280648992946095	9.999000099990002e-05
1538	-0.0011761331539846404	0.039280648992946095	9.999000099990002e-05
1539	-0.0010857531976919133	0.039280648992946095	9.999000099990002e-05
1540	0.0009976396433183793	0.039280648992946095	9.999000099990002e-05
1541	-0.0032153007391633875	0.039280648992946095	9.999000099990002e-05
1542	-0.011447667903790287	0.039280648992946095	9.999000099990002e-05
1543	0.0011032804146765274	0.039280648992946095	9.999000099990002e-05
1544	-0.008184871238205035	0.039280648992946095	9.999000099990002e-05
1545	-0.01353089862658878	0.039280648992946095	9.999000099990002e-05
1546	-0.006523918740836618	0.039280648992946095	9.999000099990002e-05
1547	-0.0029227504875793675	0.039280648992946095	9.999000099990002e-05
1548	-0.003758288475651378	0.039280648992946095	9.999000099990002e-05
1549	-0.0028505007755819517	0.039280648992946095	9.999000099990002e-05
1550	0.016703184194434756	0.039280648992946095	9.999000099990002e-05
1551	-0.013471576810232283	0.039280648992946095	9.999000099990002e-05
1552	-0.007230205059242795	0.039280648992946095	9.999000099990002e-05
1553	0.015767595333094936	0.039280648992946095	9.999000099990002e-05
1554	0.014525552896295757	0.039280648992946095	9.999000099990002e-05
1555	-0.014952657913516465	0.039280648992946095	9.999000099990002e-05
1556	-0.0004880482099068606	0.039280648992946095	9.999000099990002e-05
1557	-0.004132207358019807	0.039280648992946095	9.999000099990002e-05
1558	0.0011849622118179637	0.039280648992946095	9.999000099990002e-05
1559	-0.02206790683748537	0.039280648992946095	9.999000099990002e-05
1560	-0.0038916013546090866	0.039280648992946095	9.999000099990002e-05
1561	-0.017170909170147464	0.039280648992946095	9.999000099990002e-05
1562	-0.004433766458913052	0.039280648992946095	9.999000099990002e-05
1563	-0.0018536216167054365	0.039280648992946095	9.999000099990002e-05
1564	-0.0015787827433451501	0.039280648992946095	9.999000099990002e-05
1565	0.0012701075803150108	0.039280648992946095	9.999000099990002e-05
1566	0.005596973950691322	0.039280648992946095	9.999000099990002e-05
1567	0.006597060952675066	0.039280648992946095	9.999000099990002e-05
1568	0.0062964465945686	0.039280648992946095	9.999000099990002e-05
1569	0.013385757672814858	0.039280648992946095	9.999000099990002e-05
1570	-0.0021232201730250477	0.039280648992946095	9.999000099990002e-05
1571	-0.0024795565366288602	0.039280648992946095	9.999000099990002e-05
1572	-0.020513824859923244	0.039280648992946095	9.999000099990002e-05
1573	-0.017348079710752362	0.039280648992946095	9.999000099990002e-05
1574	0.008584165626335322	0.039280648992946095	9.999000099990002e-05
1575	0.012004803573782613	0.039280648992946095	9.999000099990002e-05
1576	-0.008211905894471072	0.039280648992946095	9.999000099990002e-05
1577	0.008854083175362765	0.039280648992946095	9.999000099990002e-05
1578	0.004013580427512473	0.039280648992946095	9.999000099990002e-05
1579	0.0004144047376855309	0.039280648992946095	9.999000099990002e-05
1580	-0.022761491856744934	0.039280648992946095	9.999000099990002e-05
1581	0.00244515902371549	0.039280648992946095	9.999000099990002e-05
1582	0.00026932296992543403	0.039280648992946095	9.999000099990002e-05
1583	-0.014747297594040962	0.039280648992946095	9.999000099990002e-05
1584	-0.014585303337861524	0.039280648992946095	9.999000099990002e-05
1585	-0.001890336026578579	0.039280648992946095	9.999000099990002e-05
1586	-0.0008729574835011772	0.039280648992946095	9.999000099990002e-05
1587	0.005219899565267319	0.039280648992946095	9.999000099990002e-05
1588	0.0053326642643359845	0.039280648992946095	9.999000099990002e-05
1589	-0.0015884404053720519	0.039280648992946095	9.999000099990002e-05
1590	-0.0035338713764400814	0.039280648992946095	9.999000099990002e-05
1591	-0.011539276880237329	0.039280648992946095	9.999000099990002e-05
1592	-0.010536814766338498	0.039280648992946095	9.999000099990002e-05
1593	-0.017035887713809414	0.039280648992946095	9.999000099990002e-05
1594	-0.019424717092189098	0.039280648992946095	9.999000099990002e-05
1595	-0.006826134665679939	0.039280648992946095	9.999000099990002e-05
1596	-0.017467558113880302	0.039280648992946095	9.999000099990002e-05
1597	-0.02391944024150107	0.039280648992946095	9.999000099990002e-05
1598	-0.005511040276927212	0.039280648992946095	9.999000099990002e-05
1599	0.00946197947035761	0.039280648992946095	9.999000099990002e-05
1600	-0.002995344342699033	0.039280648992946095	9.999000099990002e-05
1601	-0.0021332346504872313	0.039280648992946095	9.999000099990002e-05
1602	0.004433651631248842	0.039280648992946095	9.999000099990002e-05
1603	0.0017014613667712952	0.039280648992946095	9.999000099990002e-05
1604	0.01291006754143792	0.039280648992946095	9.999000099990002e-05
1605	0.008107422284940297	0.039280648992946095	9.999000099990002e-05
1606	-0.013990127326206372	0.039280648992946095	9.999000099990002e-05
1607	-0.0013378019113644835	0.039280648992946095	9.999000099990002e-05
1608	0.0030549055249687596	0.039280648992946095	9.999000099990002e-05
1609	-0.004213140566185644	0.039280648992946095	9.999000099990002e-05
1610	2.8662587240324555e-05	0.039280648992946095	9.999000099990002e-05
1611	0.008807246791854656	0.039280648992946095	9.999000099990002e-05
1612	5.416942866043328e-05	0.039280648992946095	9.999000099990002e-05
1613	-0.010293037383066153	0.039280648992946095	9.999000099990002e-05
1614	-0.03180671109288305	0.039280648992946095	9.999000099990002e-05
1615	0.002989314360909462	0.039280648992946095	9.999000099990002e-05
1616	-0.0005012048869235952	0.039280648992946095	9.999000099990002e-05
1617	-0.019717446892484475	0.039280648992946095	9.999000099990002e-05
1618	-0.011767433040092604	0.039280648992946095	9.999000099990002e-05
1619	-0.004362978578338422	0.039280648992946095	9.999000099990002e-05
1620	0.002242575931468066	0.039280648992946095	9.999000099990002e-05
1621	-0.00631807837860579	0.039280648992946095	9.999000099990002e-05
1622	0.008379786755656801	0.039280648992946095	9.999000099990002e-05
1623	-0.006741541295370926	0.039280648992946095	9.999000099990002e-05
1624	-0.028414451261096874	0.039280648992946095	9.999000099990002e-05
1625	-0.00534661633534661	0.039280648992946095	9.999000099990002e-05
1626	0.007792300410377567	0.039280648992946095	9.999000099990002e-05
1627	-0.004840036445572335	0.039280648992946095	9.999000099990002e-05
1628	-0.019131146646575087	0.039280648992946095	9.999000099990002e-05
1629	0.00011481732246540477	0.039280648992946095	9.999000099990002e-05
1630	0.009267870465519273	0.039280648992946095	9.999000099990002e-05
1631	-0.001030496183543561	0.039280648992946095	9.999000099990002e-05
1632	0.0032265713293112286	0.039280648992946095	9.999000099990002e-05
1633	-0.0023755783630324545	0.039280648992946095	9.999000099990002e-05
1634	-0.02668648946587758	0.039280648992946095	9.999000099990002e-05
1635	0.0030774307799054795	0.039280648992946095	9.999000099990002e-05
1636	-0.005820065749300912	0.039280648992946095	9.999000099990002e-05
1637	0.005244087223754065	0.039280648992946095	9.999000099990002e-05
1638	0.000992846450150825	0.039280648992946095	9.999000099990002e-05
1639	-0.0026513773219033754	0.039280648992946095	9.999000099990002e-05
1640	0.009483264635073499	0.039280648992946095	9.999000099990002e-05
1641	-0.04278858298006105	0.039280648992946095	9.999000099990002e-05
1642	0.0030585205328930165	0.039280648992946095	9.999000099990002e-05
1643	0.0034724477040223023	0.039280648992946095	9.999000099990002e-05
1644	-0.0318553689393188	0.039280648992946095	9.999000099990002e-05
1645	-0.0008134788412015592	0.039280648992946095	9.999000099990002e-05
1646	0.0018082251672515842	0.039280648992946095	9.999000099990002e-05
1647	-0.0016416664021745991	0.039280648992946095	9.999000099990002e-05
1648	-0.0006872252174601606	0.039280648992946095	9.999000099990002e-05
1649	-0.004384147701566962	0.039280648992946095	9.999000099990002e-05
1650	0.00835503889353792	0.039280648992946095	9.999000099990002e-05
1651	0.011678690191276736	0.039280648992946095	9.999000099990002e-05
1652	-0.009705110614217236	0.039280648992946095	9.999000099990002e-05
1653	-0.00021633094966153066	0.039280648992946095	9.999000099990002e-05
1654	-0.006218266434274894	0.039280648992946095	9.999000099990002e-05
1655	-0.0047695915428497965	0.039280648992946095	9.999000099990002e-05
1656	0.01333403720506629	0.039280648992946095	9.999000099990002e-05
1657	-0.009987739367187692	0.039280648992946095	9.999000099990002e-05
1658	-0.006399584608375572	0.039280648992946095	9.999000099990002e-05
1659	-0.0007506129527421052	0.039280648992946095	9.999000099990002e-05
1660	-0.00435359344387154	0.039280648992946095	9.999000099990002e-05
1661	0.0032075861651376936	0.039280648992946095	9.999000099990002e-05
1662	-0.004046008342528398	0.039280648992946095	9.999000099990002e-05
1663	-0.005353623250511322	0.039280648992946095	9.999000099990002e-05
1664	0.0014425817908348681	0.039280648992946095	9.999000099990002e-05
1665	0.0033509084235006092	0.039280648992946095	9.999000099990002e-05
1666	0.002492116838085437	0.039280648992946095	9.999000099990002e-05
1667	-0.0008921444336250639	0.039280648992946095	9.999000099990002e-05
1668	-0.002023403810378091	0.039280648992946095	9.999000099990002e-05
1669	-0.026731518418252942	0.039280648992946095	9.999000099990002e-05
1670	0.01346283077789831	0.039280648992946095	9.999000099990002e-05
1671	-0.00317469816261802	0.039280648992946095	9.999000099990002e-05
1672	-0.01791641153926067	0.039280648992946095	9.999000099990002e-05
1673	-0.01678585122750119	0.039280648992946095	9.999000099990002e-05
1674	-0.006629339421792252	0.039280648992946095	9.999000099990002e-05
1675	-0.004519812629801084	0.039280648992946095	9.999000099990002e-05
1676	0.0037337469634576986	0.039280648992946095	9.999000099990002e-05
1677	-0.046165672742195935	0.039280648992946095	9.999000099990002e-05
1678	-0.002641353813597397	0.039280648992946095	9.999000099990002e-05
1679	-0.0034935399679728307	0.039280648992946095	9.999000099990002e-05
1680	0.012059393179443573	0.039280648992946095	9.999000099990002e-05
1681	0.00010112680605407764	0.039280648992946095	9.999000099990002e-05
1682	-0.001402822821336483	0.039280648992946095	9.999000099990002e-05
1683	-0.001941519013463247	0.039280648992946095	9.999000099990002e-05
1684	-0.0004931555890428374	0.039280648992946095	9.999000099990002e-05
1685	0.00028979832042912157	0.039280648992946095	9.999000099990002e-05
1686	-0.01079012808945834	0.039280648992946095	9.999000099990002e-05
1687	0.00048158353379257335	0.039280648992946095	9.999000099990002e-05
1688	-0.0027976244569349468	0.039280648992946095	9.999000099990002e-05
1689	0.005912306350730659	0.039280648992946095	9.999000099990002e-05
1690	0.0035105607294117352	0.039280648992946095	9.999000099990002e-05
1691	0.014842890095102118	0.039280648992946095	9.999000099990002e-05
1692	-0.008404963971278795	0.039280648992946095	9.999000099990002e-05
1693	-0.006921652880768028	0.039280648992946095	9.999000099990002e-05
1694	-0.017796382303214855	0.039280648992946095	9.999000099990002e-05
1695	-0.01305331362026374	0.039280648992946095	9.999000099990002e-05
1696	-0.007881116088578805	0.039280648992946095	9.999000099990002e-05
1697	-0.01884632786543418	0.039280648992946095	9.999000099990002e-05
1698	-0.01887150148813982	0.039280648992946095	9.999000099990002e-05
1699	0.0007190516588589241	0.039280648992946095	9.999000099990002e-05
1700	-0.008187469499356864	0.039280648992946095	9.999000099990002e-05
1701	0.0011039174775866745	0.039280648992946095	9.999000099990002e-05
1702	-0.004163236900284056	0.039280648992946095	9.999000099990002e-05
1703	-0.018439519863828857	0.039280648992946095	9.999000099990002e-05
1704	-0.04470418604517021	0.039280648992946095	9.999000099990002e-05
1705	-0.010729460046190048	0.039280648992946095	9.999000099990002e-05
1706	-0.017358502421195895	0.039280648992946095	9.999000099990002e-05
1707	0.005395844969951824	0.039280648992946095	9.999000099990002e-05
1708	-0.021849244182222408	0.039280648992946095	9.999000099990002e-05
1709	-0.002744366366649903	0.039280648992946095	9.999000099990002e-05
1710	-0.005182231624528216	0.039280648992946095	9.999000099990002e-05
1711	0.003387804518413723	0.039280648992946095	9.999000099990002e-05
1712	-0.0015954774233493535	0.039280648992946095	9.999000099990002e-05
1713	0.002758644810412769	0.039280648992946095	9.999000099990002e-05
1714	0.00019113489550519336	0.039280648992946095	9.999000099990002e-05
1715	-0.004452334699131935	0.039280648992946095	9.999000099990002e-05
1716	0.002508773258385874	0.039280648992946095	9.999000099990002e-05
1717	0.0034721386646638236	0.039280648992946095	9.999000099990002e-05
1718	0.00481827182073627	0.039280648992946095	9.999000099990002e-05
1719	-0.0024474940794686484	0.039280648992946095	9.999000099990002e-05
1720	-0.01701219408131996	0.039280648992946095	9.999000099990002e-05
1721	0.002292853649092791	0.039280648992946095	9.999000099990002e-05
1722	-0.006825671907765424	0.039280648992946095	9.999000099990002e-05
1723	0.0006501470490836853	0.039280648992946095	9.999000099990002e-05
1724	0.006856947370587535	0.039280648992946095	9.999000099990002e-05
1725	0.009626380737722928	0.039280648992946095	9.999000099990002e-05
1726	0.007380027922883461	0.039280648992946095	9.999000099990002e-05
1727	-0.009886612172710252	0.039280648992946095	9.999000099990002e-05
1728	0.006366435730997599	0.039280648992946095	9.999000099990002e-05
1729	-0.009599457170546041	0.039280648992946095	9.999000099990002e-05
1730	0.002809565028875083	0.039280648992946095	9.999000099990002e-05
1731	0.0016972682391861171	0.039280648992946095	9.999000099990002e-05
1732	-0.01521258317376778	0.039280648992946095	9.999000099990002e-05
1733	0.0006154637536621432	0.039280648992946095	9.999000099990002e-05
1734	-0.006436882333072463	0.039280648992946095	9.999000099990002e-05
1735	0.004262286078185726	0.039280648992946095	9.999000099990002e-05
1736	0.007980763244287134	0.039280648992946095	9.999000099990002e-05
1737	-0.006589672460084059	0.039280648992946095	9.999000099990002e-05
1738	-0.008991095107355407	0.039280648992946095	9.999000099990002e-05
1739	-0.007215079755387072	0.039280648992946095	9.999000099990002e-05
1740	0.006266808045011632	0.039280648992946095	9.999000099990002e-05
1741	0.0022259380098314796	0.039280648992946095	9.999000099990002e-05
1742	0.004335965042594217	0.039280648992946095	9.999000099990002e-05
1743	-0.0020529696276555265	0.039280648992946095	9.999000099990002e-05
1744	-0.0009088510576484576	0.039280648992946095	9.999000099990002e-05
1745	-0.009879878853269866	0.039280648992946095	9.999000099990002e-05
1746	-0.00696447660790786	0.039280648992946095	9.999000099990002e-05
1747	0.00018157341681990236	0.039280648992946095	9.999000099990002e-05
1748	-0.010520290944072322	0.039280648992946095	9.999000099990002e-05
1749	0.0003961584033499166	0.039280648992946095	9.999000099990002e-05
1750	0.006479933385000455	0.039280648992946095	9.999000099990002e-05
1751	-0.0008399999046420498	0.039280648992946095	9.999000099990002e-05
1752	-0.006032040482107037	0.039280648992946095	9.999000099990002e-05
1753	-0.016690495810365788	0.039280648992946095	9.999000099990002e-05
1754	0.0035691552229732276	0.039280648992946095	9.999000099990002e-05
1755	0.0068202040717249	0.039280648992946095	9.999000099990002e-05
1756	0.0012869502010773443	0.039280648992946095	9.999000099990002e-05
1757	-0.008333313936440365	0.039280648992946095	9.999000099990002e-05
1758	0.0028001381874468156	0.039280648992946095	9.999000099990002e-05
1759	-6.483558346273566e-05	0.039280648992946095	9.999000099990002e-05
1760	-0.0015146545759788105	0.039280648992946095	9.999000099990002e-05
1761	-0.007480195857249947	0.039280648992946095	9.999000099990002e-05
1762	-0.005325248776319458	0.039280648992946095	9.999000099990002e-05
1763	0.0008282238300069827	0.039280648992946095	9.999000099990002e-05
1764	-0.0028762664526375825	0.039280648992946095	9.999000099990002e-05
1765	-0.0022730805680755972	0.039280648992946095	9.999000099990002e-05
1766	-0.009646755583674824	0.039280648992946095	9.999000099990002e-05
1767	-0.007705364070188875	0.039280648992946095	9.999000099990002e-05
1768	0.001805644773575657	0.039280648992946095	9.999000099990002e-05
1769	-0.0038767259526509557	0.039280648992946095	9.999000099990002e-05
1770	0.012535762517668358	0.039280648992946095	9.999000099990002e-05
1771	-0.006290557707574876	0.039280648992946095	9.999000099990002e-05
1772	0.005865918839000936	0.039280648992946095	9.999000099990002e-05
1773	-0.011602377910505599	0.039280648992946095	9.999000099990002e-05
1774	-0.003946027288364712	0.039280648992946095	9.999000099990002e-05
1775	-0.004817213124237815	0.039280648992946095	9.999000099990002e-05
1776	-0.004539690196709786	0.039280648992946095	9.999000099990002e-05
1777	-0.012879676421565622	0.039280648992946095	9.999000099990002e-05
1778	0.005392090226713539	0.039280648992946095	9.999000099990002e-05
1779	-0.05587016678283681	0.039280648992946095	9.999000099990002e-05
1780	-0.008647377842798537	0.039280648992946095	9.999000099990002e-05
1781	-0.03881899572540548	0.039280648992946095	9.999000099990002e-05
1782	-0.004967505591755225	0.039280648992946095	9.999000099990002e-05
1783	0.011711981231614932	0.039280648992946095	9.999000099990002e-05
1784	-0.002055592553692545	0.039280648992946095	9.999000099990002e-05
1785	-0.0028549348227738802	0.039280648992946095	9.999000099990002e-05
1786	-0.007368250197448953	0.039280648992946095	9.999000099990002e-05
1787	-0.0021454069169786483	0.039280648992946095	9.999000099990002e-05
1788	-0.013842694334569569	0.039280648992946095	9.999000099990002e-05
1789	-0.012495912996967506	0.039280648992946095	9.999000099990002e-05
1790	0.0023164963010125217	0.039280648992946095	9.999000099990002e-05
1791	0.01221302298071536	0.039280648992946095	9.999000099990002e-05
1792	-0.005859952995623363	0.039280648992946095	9.999000099990002e-05
1793	-0.00792995969850012	0.039280648992946095	9.999000099990002e-05
1794	0.0008929292430816388	0.039280648992946095	9.999000099990002e-05
1795	-0.0001681100309849637	0.039280648992946095	9.999000099990002e-05
1796	-0.006946761830979489	0.039280648992946095	9.999000099990002e-05
1797	-0.015149168394507417	0.039280648992946095	9.999000099990002e-05
1798	-0.0029329856380791997	0.039280648992946095	9.999000099990002e-05
1799	-0.00965408974554438	0.039280648992946095	9.999000099990002e-05
1800	0.003944552347652591	0.039280648992946095	9.999000099990002e-05
1801	-0.00483057925856685	0.039280648992946095	9.999000099990002e-05
1802	-0.0038040099383755965	0.039280648992946095	9.999000099990002e-05
1803	0.003088921411902895	0.039280648992946095	9.999000099990002e-05
1804	0.015709991610491775	0.039280648992946095	9.999000099990002e-05
1805	0.003084050436951813	0.039280648992946095	9.999000099990002e-05
1806	-0.016965668727840222	0.039280648992946095	9.999000099990002e-05
1807	-0.011501266544281255	0.039280648992946095	9.999000099990002e-05
1808	-0.007082695014116291	0.039280648992946095	9.999000099990002e-05
1809	-0.015848158131006845	0.039280648992946095	9.999000099990002e-05
1810	-0.002956089255441441	0.039280648992946095	9.999000099990002e-05
1811	0.00017301149717208197	0.039280648992946095	9.999000099990002e-05
1812	0.006411800863815764	0.039280648992946095	9.999000099990002e-05
1813	0.007199898033034155	0.039280648992946095	9.999000099990002e-05
1814	-0.011143512435309241	0.039280648992946095	9.999000099990002e-05
1815	-0.00408639063445955	0.039280648992946095	9.999000099990002e-05
1816	-0.01886265009596169	0.039280648992946095	9.999000099990002e-05
1817	-0.00421968647134105	0.039280648992946095	9.999000099990002e-05
1818	0.0014112912280535017	0.039280648992946095	9.999000099990002e-05
1819	0.00025613769523669117	0.039280648992946095	9.999000099990002e-05
1820	-0.005505993491839889	0.039280648992946095	9.999000099990002e-05
1821	0.008308739262599854	0.039280648992946095	9.999000099990002e-05
1822	-0.006804434519126337	0.039280648992946095	9.999000099990002e-05
1823	0.004729032032747632	0.039280648992946095	9.999000099990002e-05
1824	-0.0005941388726548313	0.039280648992946095	9.999000099990002e-05
1825	0.008814446413572985	0.039280648992946095	9.999000099990002e-05
1826	0.00811606708442865	0.039280648992946095	9.999000099990002e-05
1827	-0.017831929403699556	0.039280648992946095	9.999000099990002e-05
1828	-0.007444881422374983	0.039280648992946095	9.999000099990002e-05
1829	0.00490903073259745	0.039280648992946095	9.999000099990002e-05
1830	-0.009213603882458801	0.039280648992946095	9.999000099990002e-05
1831	-0.002604926545714245	0.039280648992946095	9.999000099990002e-05
1832	-0.02336672079977775	0.039280648992946095	9.999000099990002e-05
1833	0.0050513559566748995	0.039280648992946095	9.999000099990002e-05
1834	-0.0075197707140621795	0.039280648992946095	9.999000099990002e-05
1835	-0.03247324353984779	0.039280648992946095	9.999000099990002e-05
1836	0.002615455587060417	0.039280648992946095	9.999000099990002e-05
1837	-0.01835306982972261	0.039280648992946095	9.999000099990002e-05
1838	0.011316848848645839	0.039280648992946095	9.999000099990002e-05
1839	0.005663709070182807	0.039280648992946095	9.999000099990002e-05
1840	-0.00029410132328031025	0.039280648992946095	9.999000099990002e-05
1841	-0.012226593085876258	0.039280648992946095	9.999000099990002e-05
1842	-0.006115391625866537	0.039280648992946095	9.999000099990002e-05
1843	0.006206698554576076	0.039280648992946095	9.999000099990002e-05
1844	0.005411734739589155	0.039280648992946095	9.999000099990002e-05
1845	0.014003269388793121	0.039280648992946095	9.999000099990002e-05
1846	0.010884340133796619	0.039280648992946095	9.999000099990002e-05
1847	-0.01601013092679407	0.039280648992946095	9.999000099990002e-05
1848	0.007663433376972215	0.039280648992946095	9.999000099990002e-05
1849	-0.0025580479697155517	0.039280648992946095	9.999000099990002e-05
1850	-0.015821072057194796	0.039280648992946095	9.999000099990002e-05
1851	-0.0038096841728942205	0.039280648992946095	9.999000099990002e-05
1852	-0.01352645190708382	0.039280648992946095	9.999000099990002e-05
1853	-0.011158647061326271	0.039280648992946095	9.999000099990002e-05
1854	-0.005259398436754131	0.039280648992946095	9.999000099990002e-05
1855	0.0007289668455924547	0.039280648992946095	9.999000099990002e-05
1856	-0.011216084587272052	0.039280648992946095	9.999000099990002e-05
1857	-0.028174642690902835	0.039280648992946095	9.999000099990002e-05
1858	-0.032707919871809016	0.039280648992946095	9.999000099990002e-05
1859	-0.0010471662957684397	0.039280648992946095	9.999000099990002e-05
1860	0.006285417069686286	0.039280648992946095	9.999000099990002e-05
1861	0.001779054716430764	0.039280648992946095	9.999000099990002e-05
1862	0.006704967640423207	0.039280648992946095	9.999000099990002e-05
1863	-0.0023598299309556536	0.039280648992946095	9.999000099990002e-05
1864	0.010257833745962786	0.039280648992946095	9.999000099990002e-05
1865	-0.013283774587400751	0.039280648992946095	9.999000099990002e-05
1866	-0.009947239140205205	0.039280648992946095	9.999000099990002e-05
1867	0.00636126945716535	0.039280648992946095	9.999000099990002e-05
1868	0.0006312199542067437	0.039280648992946095	9.999000099990002e-05
1869	-0.005435216924096431	0.039280648992946095	9.999000099990002e-05
1870	0.006177938958594462	0.039280648992946095	9.999000099990002e-05
1871	0.013220365488832486	0.039280648992946095	9.999000099990002e-05
1872	-0.0007294768940545315	0.039280648992946095	9.999000099990002e-05
1873	-0.005277695508894856	0.039280648992946095	9.999000099990002e-05
1874	-0.014953980155284	0.039280648992946095	9.999000099990002e-05
1875	-0.006658943692985184	0.039280648992946095	9.999000099990002e-05
1876	0.007391103815807765	0.039280648992946095	9.999000099990002e-05
1877	-0.0034745945200907735	0.039280648992946095	9.999000099990002e-05
1878	0.00450918876459519	0.039280648992946095	9.999000099990002e-05
1879	-0.010040355150846864	0.039280648992946095	9.999000099990002e-05
1880	0.001901669249997795	0.039280648992946095	9.999000099990002e-05
1881	0.020375183637474453	0.039280648992946095	9.999000099990002e-05
1882	-0.0006578134100562599	0.039280648992946095	9.999000099990002e-05
1883	-0.0014261706599042884	0.039280648992946095	9.999000099990002e-05
1884	-0.002893909614003737	0.039280648992946095	9.999000099990002e-05
1885	-0.007920061262525244	0.039280648992946095	9.999000099990002e-05
1886	0.000378586032146383	0.039280648992946095	9.999000099990002e-05
1887	0.001797330231073424	0.039280648992946095	9.999000099990002e-05
1888	-0.014487278917964697	0.039280648992946095	9.999000099990002e-05
1889	-0.00021589678941898172	0.039280648992946095	9.999000099990002e-05
1890	0.0027642287364935403	0.039280648992946095	9.999000099990002e-05
1891	-0.007167067420070158	0.039280648992946095	9.999000099990002e-05
1892	0.00501706885310968	0.039280648992946095	9.999000099990002e-05
1893	-0.010253819875771425	0.039280648992946095	9.999000099990002e-05
1894	-0.01014483317679142	0.039280648992946095	9.999000099990002e-05
1895	0.00038266035072757887	0.039280648992946095	9.999000099990002e-05
1896	-0.0010688706178734603	0.039280648992946095	9.999000099990002e-05
1897	-0.0025789764646549085	0.039280648992946095	9.999000099990002e-05
1898	0.00044390384324602405	0.039280648992946095	9.999000099990002e-05
1899	0.007288531006583998	0.039280648992946095	9.999000099990002e-05
1900	0.0013695805766864855	0.039280648992946095	9.999000099990002e-05
1901	-0.008246919689643306	0.039280648992946095	9.999000099990002e-05
1902	-0.018240280417215857	0.039280648992946095	9.999000099990002e-05
1903	-0.0021995599347508915	0.039280648992946095	9.999000099990002e-05
1904	-0.03443664792926805	0.039280648992946095	9.999000099990002e-05
1905	-0.000774710351343938	0.039280648992946095	9.999000099990002e-05
1906	-0.005306526866097491	0.039280648992946095	9.999000099990002e-05
1907	-0.027408203718512075	0.039280648992946095	9.999000099990002e-05
1908	-0.0033318894179393543	0.039280648992946095	9.999000099990002e-05
1909	-0.005041192033313949	0.039280648992946095	9.999000099990002e-05
1910	-0.004654561364367454	0.039280648992946095	9.999000099990002e-05
1911	-0.007774925552467088	0.039280648992946095	9.999000099990002e-05
1912	0.005317919615401026	0.039280648992946095	9.999000099990002e-05
1913	-0.0019117075183925358	0.039280648992946095	9.999000099990002e-05
1914	-0.0003848313947049098	0.039280648992946095	9.999000099990002e-05
1915	-0.008455755718705354	0.039280648992946095	9.999000099990002e-05
1916	-0.010097594775076171	0.039280648992946095	9.999000099990002e-05
1917	-0.00534792197201428	0.039280648992946095	9.999000099990002e-05
1918	-0.021844164915229183	0.039280648992946095	9.999000099990002e-05
1919	-0.03167239006102038	0.039280648992946095	9.999000099990002e-05
1920	0.010969766138191894	0.039280648992946095	9.999000099990002e-05
1921	0.002147261153129687	0.039280648992946095	9.999000099990002e-05
1922	0.00834459617928987	0.039280648992946095	9.999000099990002e-05
1923	-0.039558126979888086	0.039280648992946095	9.999000099990002e-05
1924	0.006241411807151431	0.039280648992946095	9.999000099990002e-05
1925	0.0027276670255650393	0.039280648992946095	9.999000099990002e-05
1926	0.005309253452626311	0.039280648992946095	9.999000099990002e-05
1927	-0.0035693433655520357	0.039280648992946095	9.999000099990002e-05
1928	-0.01767085833280882	0.039280648992946095	9.999000099990002e-05
1929	0.003645023632917077	0.039280648992946095	9.999000099990002e-05
1930	0.006779019199967179	0.039280648992946095	9.999000099990002e-05
1931	-0.01320652416704049	0.039280648992946095	9.999000099990002e-05
1932	0.0019121359008371641	0.039280648992946095	9.999000099990002e-05
1933	-0.010660912106191314	0.039280648992946095	9.999000099990002e-05
1934	0.0035041731553400596	0.039280648992946095	9.999000099990002e-05
1935	0.009710865495141913	0.039280648992946095	9.999000099990002e-05
1936	0.009061881774106939	0.039280648992946095	9.999000099990002e-05
1937	-0.0033605500630627116	0.039280648992946095	9.999000099990002e-05
1938	-0.004196657868245718	0.039280648992946095	9.999000099990002e-05
1939	-0.005738474017832715	0.039280648992946095	9.999000099990002e-05
1940	-0.0032941627281627417	0.039280648992946095	9.999000099990002e-05
1941	0.009367957025185891	0.039280648992946095	9.999000099990002e-05
1942	-0.006050391884969211	0.039280648992946095	9.999000099990002e-05
1943	-0.0089757574815649	0.039280648992946095	9.999000099990002e-05
1944	0.003282204725723048	0.039280648992946095	9.999000099990002e-05
1945	0.000777061866538184	0.039280648992946095	9.999000099990002e-05
1946	-0.0065476411652097555	0.039280648992946095	9.999000099990002e-05
1947	-0.038255789143508995	0.039280648992946095	9.999000099990002e-05
1948	-0.0014559717160964325	0.039280648992946095	9.999000099990002e-05
1949	-0.0003830512017622967	0.039280648992946095	9.999000099990002e-05
1950	-0.015095148508851589	0.039280648992946095	9.999000099990002e-05
1951	0.0007943214598081366	0.039280648992946095	9.999000099990002e-05
1952	0.0008752120385070727	0.039280648992946095	9.999000099990002e-05
1953	-0.008961904312859564	0.039280648992946095	9.999000099990002e-05
1954	0.006187974071049165	0.039280648992946095	9.999000099990002e-05
1955	-0.008178292365614515	0.039280648992946095	9.999000099990002e-05
1956	-0.008976699116964595	0.039280648992946095	9.999000099990002e-05
1957	-0.019788031773285655	0.039280648992946095	9.999000099990002e-05
1958	0.002834875959248584	0.039280648992946095	9.999000099990002e-05
1959	-0.00784243950940551	0.039280648992946095	9.999000099990002e-05
1960	0.005156655158215756	0.039280648992946095	9.999000099990002e-05
1961	0.0027958988860313505	0.039280648992946095	9.999000099990002e-05
1962	-0.01415463375920413	0.039280648992946095	9.999000099990002e-05
1963	0.00035147670148391597	0.039280648992946095	9.999000099990002e-05
1964	0.00318136447902391	0.039280648992946095	9.999000099990002e-05
1965	0.0016567838890096526	0.039280648992946095	9.999000099990002e-05
1966	0.00885826649525738	0.039280648992946095	9.999000099990002e-05
1967	-0.0034332864210130654	0.039280648992946095	9.999000099990002e-05
1968	0.006735567440760981	0.039280648992946095	9.999000099990002e-05
1969	0.007979049763061491	0.039280648992946095	9.999000099990002e-05
1970	-0.005073963023287803	0.039280648992946095	9.999000099990002e-05
1971	-0.02727211710813679	0.039280648992946095	9.999000099990002e-05
1972	-0.0034661166455536574	0.039280648992946095	9.999000099990002e-05
1973	0.004589461507341741	0.039280648992946095	9.999000099990002e-05
1974	0.010887308950861097	0.039280648992946095	9.999000099990002e-05
1975	-0.0015298531461961778	0.039280648992946095	9.999000099990002e-05
1976	-0.012131446203547627	0.039280648992946095	9.999000099990002e-05
1977	0.0022733613010796905	0.039280648992946095	9.999000099990002e-05
1978	0.006198294383376934	0.039280648992946095	9.999000099990002e-05
1979	-0.054210137422204194	0.039280648992946095	9.999000099990002e-05
1980	-0.0033389575097877433	0.039280648992946095	9.999000099990002e-05
1981	0.004105321904887924	0.039280648992946095	9.999000099990002e-05
1982	-0.007033079995345332	0.039280648992946095	9.999000099990002e-05
1983	0.0019083124552120578	0.039280648992946095	9.999000099990002e-05
1984	0.00282615828182195	0.039280648992946095	9.999000099990002e-05
1985	0.0050910724423651466	0.039280648992946095	9.999000099990002e-05
1986	0.013135931275006923	0.039280648992946095	9.999000099990002e-05
1987	0.00016670330713045023	0.039280648992946095	9.999000099990002e-05
1988	0.0006424729681962366	0.039280648992946095	9.999000099990002e-05
1989	-0.01046281248801198	0.039280648992946095	9.999000099990002e-05
1990	-0.019544726955618416	0.039280648992946095	9.999000099990002e-05
1991	0.007565581125742377	0.039280648992946095	9.999000099990002e-05
1992	0.004480892606269049	0.039280648992946095	9.999000099990002e-05
1993	0.002605642312913492	0.039280648992946095	9.999000099990002e-05
1994	0.004134206087671413	0.039280648992946095	9.999000099990002e-05
1995	-0.010655767098539576	0.039280648992946095	9.999000099990002e-05
1996	0.0055940790311765215	0.039280648992946095	9.999000099990002e-05
1997	-0.012606922167978735	0.039280648992946095	9.999000099990002e-05
1998	-0.0072760915048012825	0.039280648992946095	9.999000099990002e-05
1999	-0.005933658032951802	0.039280648992946095	9.999000099990002e-05
2000	-0.02362966644029836	0.039280648992946095	9.999000099990002e-05
2001	0.013518034626595343	0.039280648992946095	9.999000099990002e-05
2002	-0.004909345743965551	0.039280648992946095	9.999000099990002e-05
2003	0.008133046478776662	0.039280648992946095	9.999000099990002e-05
2004	0.011200456906316186	0.039280648992946095	9.999000099990002e-05
2005	0.0036770639984970988	0.039280648992946095	9.999000099990002e-05
2006	-0.0016835813642439995	0.039280648992946095	9.999000099990002e-05
2007	-0.004186461899955238	0.039280648992946095	9.999000099990002e-05
2008	0.004952069986165	0.039280648992946095	9.999000099990002e-05
2009	-0.007760575444589052	0.039280648992946095	9.999000099990002e-05
2010	-0.010270469353003797	0.039280648992946095	9.999000099990002e-05
2011	0.006078131578238374	0.039280648992946095	9.999000099990002e-05
2012	-0.009519832949199586	0.039280648992946095	9.999000099990002e-05
2013	-0.0023891989632338906	0.039280648992946095	9.999000099990002e-05
2014	-0.014587382471154556	0.039280648992946095	9.999000099990002e-05
2015	-0.01603902647096167	0.039280648992946095	9.999000099990002e-05
2016	0.007418128567277374	0.039280648992946095	9.999000099990002e-05
2017	-0.01146468745140608	0.039280648992946095	9.999000099990002e-05
2018	-0.011086566507714585	0.039280648992946095	9.999000099990002e-05
2019	-0.00243215402603196	0.039280648992946095	9.999000099990002e-05
2020	-0.011730263834984433	0.039280648992946095	9.999000099990002e-05
2021	0.013621214881445826	0.039280648992946095	9.999000099990002e-05
2022	0.005537983896461568	0.039280648992946095	9.999000099990002e-05
2023	0.0007709884784349308	0.039280648992946095	9.999000099990002e-05
2024	-0.0008978513928141474	0.039280648992946095	9.999000099990002e-05
2025	-0.01619823932436157	0.039280648992946095	9.999000099990002e-05
2026	-0.015070350248798034	0.039280648992946095	9.999000099990002e-05
2027	-0.02415497154189339	0.039280648992946095	9.999000099990002e-05
2028	-0.005054343563720781	0.039280648992946095	9.999000099990002e-05
2029	-0.011597752710453602	0.039280648992946095	9.999000099990002e-05
2030	-0.0036611251418540436	0.039280648992946095	9.999000099990002e-05
2031	0.0004602718106275355	0.039280648992946095	9.999000099990002e-05
2032	-0.003910361815852331	0.039280648992946095	9.999000099990002e-05
2033	0.004302895889116698	0.039280648992946095	9.999000099990002e-05
2034	0.0001078905196246066	0.039280648992946095	9.999000099990002e-05
2035	-0.0022736004242282642	0.039280648992946095	9.999000099990002e-05
2036	-0.0018639847041588553	0.039280648992946095	9.999000099990002e-05
2037	-0.009616302510272082	0.039280648992946095	9.999000099990002e-05
2038	0.008653213224470505	0.039280648992946095	9.999000099990002e-05
2039	-0.01311256547185738	0.039280648992946095	9.999000099990002e-05
2040	-0.0018251884905819138	0.039280648992946095	9.999000099990002e-05
2041	-0.00596756778319503	0.039280648992946095	9.999000099990002e-05
2042	0.006728087328803187	0.039280648992946095	9.999000099990002e-05
2043	0.003419553080923121	0.039280648992946095	9.999000099990002e-05
2044	-0.008314280365002036	0.039280648992946095	9.999000099990002e-05
2045	-0.0370921009292345	0.039280648992946095	9.999000099990002e-05
2046	0.005620973612258037	0.039280648992946095	9.999000099990002e-05
2047	-0.0013284296434223214	0.039280648992946095	9.999000099990002e-05
2048	-0.011009773747211835	0.039280648992946095	9.999000099990002e-05
2049	0.0006882265729558218	0.039280648992946095	9.999000099990002e-05
2050	0.0031853280969393605	0.039280648992946095	9.999000099990002e-05
2051	-0.012511079765019972	0.039280648992946095	9.999000099990002e-05
2052	0.002027348346994612	0.039280648992946095	9.999000099990002e-05
2053	0.003353904235990607	0.039280648992946095	9.999000099990002e-05
2054	-0.0016629601607579536	0.039280648992946095	9.999000099990002e-05
2055	-0.03740606350564121	0.039280648992946095	9.999000099990002e-05
2056	-0.003246654614957073	0.039280648992946095	9.999000099990002e-05
2057	-0.0016202180510826308	0.039280648992946095	9.999000099990002e-05
2058	-0.014763482274136	0.039280648992946095	9.999000099990002e-05
2059	0.004535358013551538	0.039280648992946095	9.999000099990002e-05
2060	0.0016581162783382009	0.039280648992946095	9.999000099990002e-05
2061	0.0021784762646678557	0.039280648992946095	9.999000099990002e-05
2062	-0.0028377667032119663	0.039280648992946095	9.999000099990002e-05
2063	-0.013914363450706957	0.039280648992946095	9.999000099990002e-05
2064	-0.010913646678462202	0.039280648992946095	9.999000099990002e-05
2065	-0.0021252875079576378	0.039280648992946095	9.999000099990002e-05
2066	-0.01931703738935861	0.039280648992946095	9.999000099990002e-05
2067	-0.014733908057202788	0.039280648992946095	9.999000099990002e-05
2068	0.014405425000709238	0.039280648992946095	9.999000099990002e-05
2069	0.0021281239211995706	0.039280648992946095	9.999000099990002e-05
2070	-0.013453013473858716	0.039280648992946095	9.999000099990002e-05
2071	-0.024847283503497006	0.039280648992946095	9.999000099990002e-05
2072	0.0003092176933981172	0.039280648992946095	9.999000099990002e-05
2073	-0.0008101635990273859	0.039280648992946095	9.999000099990002e-05
2074	-0.010225278233863697	0.039280648992946095	9.999000099990002e-05
2075	-0.028942504506718786	0.039280648992946095	9.999000099990002e-05
2076	0.007749780187562963	0.039280648992946095	9.999000099990002e-05
2077	-0.012912383467339167	0.039280648992946095	9.999000099990002e-05
2078	-0.0027581167002630885	0.039280648992946095	9.999000099990002e-05
2079	0.005111253513599062	0.039280648992946095	9.999000099990002e-05
2080	-0.0051734989928011454	0.039280648992946095	9.999000099990002e-05
2081	-0.025039247100301656	0.039280648992946095	9.999000099990002e-05
2082	-0.0055870102595871884	0.039280648992946095	9.999000099990002e-05
2083	-0.026956351081937086	0.039280648992946095	9.999000099990002e-05
2084	-0.0028691683065295293	0.039280648992946095	9.999000099990002e-05
2085	-0.031687219386254045	0.039280648992946095	9.999000099990002e-05
2086	0.00019939272819272102	0.039280648992946095	9.999000099990002e-05
2087	0.0022627573425724468	0.039280648992946095	9.999000099990002e-05
2088	3.2547937842963837e-06	0.039280648992946095	9.999000099990002e-05
2089	0.012330872093387152	0.039280648992946095	9.999000099990002e-05
2090	-0.04030681796515076	0.039280648992946095	9.999000099990002e-05
2091	-0.0016540048167704713	0.039280648992946095	9.999000099990002e-05
2092	-0.019028261010864772	0.039280648992946095	9.999000099990002e-05
2093	-0.0016008986971361716	0.039280648992946095	9.999000099990002e-05
2094	0.004701044282591993	0.039280648992946095	9.999000099990002e-05
2095	-0.04555374941916744	0.039280648992946095	9.999000099990002e-05
2096	-0.01625346545885055	0.039280648992946095	9.999000099990002e-05
2097	0.002404894472624	0.039280648992946095	9.999000099990002e-05
2098	-0.00687245221264679	0.039280648992946095	9.999000099990002e-05
2099	-0.0056822886717857735	0.039280648992946095	9.999000099990002e-05
2100	0.007669773806155106	0.039280648992946095	9.999000099990002e-05
2101	0.0003697690154381428	0.039280648992946095	9.999000099990002e-05
2102	0.005966996849366787	0.039280648992946095	9.999000099990002e-05
2103	0.012930985451839905	0.039280648992946095	9.999000099990002e-05
2104	0.0058917172892799935	0.039280648992946095	9.999000099990002e-05
2105	-0.005504727717122487	0.039280648992946095	9.999000099990002e-05
2106	-0.0005948375977778697	0.039280648992946095	9.999000099990002e-05
2107	0.005103907601922031	0.039280648992946095	9.999000099990002e-05
2108	-0.003003572655209008	0.039280648992946095	9.999000099990002e-05
2109	-0.002532395372418922	0.039280648992946095	9.999000099990002e-05
2110	0.0068260483385818305	0.039280648992946095	9.999000099990002e-05
2111	-0.015032632978288621	0.039280648992946095	9.999000099990002e-05
2112	-0.0027668767643919817	0.039280648992946095	9.999000099990002e-05
2113	-0.00028155364558388185	0.039280648992946095	9.999000099990002e-05
2114	0.0037811159239844044	0.039280648992946095	9.999000099990002e-05
2115	-0.011434829685399245	0.039280648992946095	9.999000099990002e-05
2116	0.0061009507725743595	0.039280648992946095	9.999000099990002e-05
2117	0.0075020118996321355	0.039280648992946095	9.999000099990002e-05
2118	0.0042089511286226705	0.039280648992946095	9.999000099990002e-05
2119	0.007282453394376415	0.039280648992946095	9.999000099990002e-05
2120	-0.005236973929133831	0.039280648992946095	9.999000099990002e-05
2121	-0.015936891026473415	0.039280648992946095	9.999000099990002e-05
2122	-0.011139216812502406	0.039280648992946095	9.999000099990002e-05
2123	-0.019238712007270536	0.039280648992946095	9.999000099990002e-05
2124	-0.0009495578773207336	0.039280648992946095	9.999000099990002e-05
2125	0.017315145437296564	0.039280648992946095	9.999000099990002e-05
2126	-0.00018450518800368354	0.039280648992946095	9.999000099990002e-05
2127	-0.002260462197322455	0.039280648992946095	9.999000099990002e-05
2128	0.004493483059091141	0.039280648992946095	9.999000099990002e-05
2129	-0.02160666013270554	0.039280648992946095	9.999000099990002e-05
2130	-0.004945735431885839	0.039280648992946095	9.999000099990002e-05
2131	-0.0033563630045930076	0.039280648992946095	9.999000099990002e-05
2132	-0.018594357613286067	0.039280648992946095	9.999000099990002e-05
2133	0.011672696284309336	0.039280648992946095	9.999000099990002e-05
2134	-0.002877894140847298	0.039280648992946095	9.999000099990002e-05
2135	-0.001278385125489473	0.039280648992946095	9.999000099990002e-05
2136	0.005313100689184003	0.039280648992946095	9.999000099990002e-05
2137	0.00824942099060677	0.039280648992946095	9.999000099990002e-05
2138	0.008416298068650657	0.039280648992946095	9.999000099990002e-05
2139	-0.005964648053136262	0.039280648992946095	9.999000099990002e-05
2140	-0.0008513178824432754	0.039280648992946095	9.999000099990002e-05
2141	-0.00518739129516288	0.039280648992946095	9.999000099990002e-05
2142	-0.007788746870454541	0.039280648992946095	9.999000099990002e-05
2143	-0.010942747650049434	0.039280648992946095	9.999000099990002e-05
2144	0.008267907710466954	0.039280648992946095	9.999000099990002e-05
2145	-0.0015200942998765815	0.039280648992946095	9.999000099990002e-05
2146	0.001331089712445846	0.039280648992946095	9.999000099990002e-05
2147	-0.011785254584899901	0.039280648992946095	9.999000099990002e-05
2148	-0.008491447992431539	0.039280648992946095	9.999000099990002e-05
2149	0.002285718165786488	0.039280648992946095	9.999000099990002e-05
2150	0.0002562640784967707	0.039280648992946095	9.999000099990002e-05
2151	-0.009071280212074886	0.039280648992946095	9.999000099990002e-05
2152	-0.007445423030237389	0.039280648992946095	9.999000099990002e-05
2153	0.003221287605956885	0.039280648992946095	9.999000099990002e-05
2154	-0.014959751447096825	0.039280648992946095	9.999000099990002e-05
2155	-0.01793491840858412	0.039280648992946095	9.999000099990002e-05
2156	-0.0036986683986854063	0.039280648992946095	9.999000099990002e-05
2157	0.005841380628406043	0.039280648992946095	9.999000099990002e-05
2158	0.004505705092329199	0.039280648992946095	9.999000099990002e-05
2159	-0.002912590933981579	0.039280648992946095	9.999000099990002e-05
2160	-0.0016928742967090848	0.039280648992946095	9.999000099990002e-05
2161	0.015496356367699665	0.039280648992946095	9.999000099990002e-05
2162	0.00010887468738533801	0.039280648992946095	9.999000099990002e-05
2163	0.0016598084933832913	0.039280648992946095	9.999000099990002e-05
2164	0.0018119921943795247	0.039280648992946095	9.999000099990002e-05
2165	0.004505424893407287	0.039280648992946095	9.999000099990002e-05
2166	0.005818648974991222	0.039280648992946095	9.999000099990002e-05
2167	-0.022166660328082496	0.039280648992946095	9.999000099990002e-05
2168	-0.006696779286969351	0.039280648992946095	9.999000099990002e-05
2169	0.0061422765934691925	0.039280648992946095	9.999000099990002e-05
2170	-0.002221200992396491	0.039280648992946095	9.999000099990002e-05
2171	-0.03138288669960196	0.039280648992946095	9.999000099990002e-05
2172	0.0024570317186684842	0.039280648992946095	9.999000099990002e-05
2173	-0.0015813301210330505	0.039280648992946095	9.999000099990002e-05
2174	0.007928469366511232	0.039280648992946095	9.999000099990002e-05
2175	0.004747129795137112	0.039280648992946095	9.999000099990002e-05
2176	0.002594393765792985	0.039280648992946095	9.999000099990002e-05
2177	-0.005924895298412114	0.039280648992946095	9.999000099990002e-05
2178	0.013200850223839405	0.039280648992946095	9.999000099990002e-05
2179	0.007646596922431165	0.039280648992946095	9.999000099990002e-05
2180	-0.004083526448945357	0.039280648992946095	9.999000099990002e-05
2181	-0.01177212859333085	0.039280648992946095	9.999000099990002e-05
2182	0.007323638654557499	0.039280648992946095	9.999000099990002e-05
2183	-0.0026481931726228536	0.039280648992946095	9.999000099990002e-05
2184	0.017246234758405837	0.039280648992946095	9.999000099990002e-05
2185	0.00022145279756873026	0.039280648992946095	9.999000099990002e-05
2186	-0.0006179008191077306	0.039280648992946095	9.999000099990002e-05
2187	-0.012553169226296679	0.039280648992946095	9.999000099990002e-05
2188	-0.005201369924622695	0.039280648992946095	9.999000099990002e-05
2189	-0.0007647831720383191	0.039280648992946095	9.999000099990002e-05
2190	-0.018932258771681615	0.039280648992946095	9.999000099990002e-05
2191	-0.007250300240354932	0.039280648992946095	9.999000099990002e-05
2192	-0.004600634651771934	0.039280648992946095	9.999000099990002e-05
2193	0.01598935377131752	0.039280648992946095	9.999000099990002e-05
2194	0.01051435651443633	0.039280648992946095	9.999000099990002e-05
2195	-0.016927202479931847	0.039280648992946095	9.999000099990002e-05
2196	-0.0077386058293096305	0.039280648992946095	9.999000099990002e-05
2197	-0.009746558497161925	0.039280648992946095	9.999000099990002e-05
2198	-0.01965200065890202	0.039280648992946095	9.999000099990002e-05
2199	0.005181802999318988	0.039280648992946095	9.999000099990002e-05
2200	0.00858574680084423	0.039280648992946095	9.999000099990002e-05
2201	-0.03634529302055947	0.039280648992946095	9.999000099990002e-05
2202	-0.008702295957540393	0.039280648992946095	9.999000099990002e-05
2203	-0.0058183444510545995	0.039280648992946095	9.999000099990002e-05
2204	-0.01643981162805716	0.039280648992946095	9.999000099990002e-05
2205	0.007067055631905836	0.039280648992946095	9.999000099990002e-05
2206	-0.018873220892822118	0.039280648992946095	9.999000099990002e-05
2207	-0.015801434293175598	0.039280648992946095	9.999000099990002e-05
2208	-0.014542419210884769	0.039280648992946095	9.999000099990002e-05
2209	-0.018453074383501328	0.039280648992946095	9.999000099990002e-05
2210	-0.03609147678625732	0.039280648992946095	9.999000099990002e-05
2211	0.0075208829644352465	0.039280648992946095	9.999000099990002e-05
2212	-0.0004758866736115641	0.039280648992946095	9.999000099990002e-05
2213	-0.004530785736186177	0.039280648992946095	9.999000099990002e-05
2214	-0.0060711497163822015	0.039280648992946095	9.999000099990002e-05
2215	0.0024563466854698596	0.039280648992946095	9.999000099990002e-05
2216	-0.01454593541360956	0.039280648992946095	9.999000099990002e-05
2217	0.000982765649395062	0.039280648992946095	9.999000099990002e-05
2218	-0.00846993938716141	0.039280648992946095	9.999000099990002e-05
2219	-0.011581955531241528	0.039280648992946095	9.999000099990002e-05
2220	0.009905069275287073	0.039280648992946095	9.999000099990002e-05
2221	0.0009489704354985057	0.039280648992946095	9.999000099990002e-05
2222	-0.016401753418918433	0.039280648992946095	9.999000099990002e-05
2223	-0.0055639216450783235	0.039280648992946095	9.999000099990002e-05
2224	0.006874054022148218	0.039280648992946095	9.999000099990002e-05
2225	-0.02443817234540932	0.039280648992946095	9.999000099990002e-05
2226	-0.004336594094271937	0.039280648992946095	9.999000099990002e-05
2227	-0.0022501944192580003	0.039280648992946095	9.999000099990002e-05
2228	-0.006780319544366156	0.039280648992946095	9.999000099990002e-05
2229	0.002579415965719048	0.039280648992946095	9.999000099990002e-05
2230	-0.007530776108141457	0.039280648992946095	9.999000099990002e-05
2231	-0.0004694672488220475	0.039280648992946095	9.999000099990002e-05
2232	-0.016094284116298013	0.039280648992946095	9.999000099990002e-05
2233	-0.005307847457065626	0.039280648992946095	9.999000099990002e-05
2234	-0.012322528419130757	0.039280648992946095	9.999000099990002e-05
2235	0.013698874845716413	0.039280648992946095	9.999000099990002e-05
2236	4.304770177625261e-05	0.039280648992946095	9.999000099990002e-05
2237	-0.014277999406498779	0.039280648992946095	9.999000099990002e-05
2238	-0.005521506442237395	0.039280648992946095	9.999000099990002e-05
2239	-0.016566249121720097	0.039280648992946095	9.999000099990002e-05
2240	0.00838065449350682	0.039280648992946095	9.999000099990002e-05
2241	0.004424775234315087	0.039280648992946095	9.999000099990002e-05
2242	-0.002831002843982633	0.039280648992946095	9.999000099990002e-05
2243	0.0010760472255060688	0.039280648992946095	9.999000099990002e-05
2244	-0.003774281031827892	0.039280648992946095	9.999000099990002e-05
2245	0.004343176462672987	0.039280648992946095	9.999000099990002e-05
2246	-0.004306912915248096	0.039280648992946095	9.999000099990002e-05
2247	-0.016831859395239054	0.039280648992946095	9.999000099990002e-05
2248	0.003281836160480278	0.039280648992946095	9.999000099990002e-05
2249	0.004287511021331583	0.039280648992946095	9.999000099990002e-05
2250	0.005242470654163903	0.039280648992946095	9.999000099990002e-05
2251	-0.0027307846087873122	0.039280648992946095	9.999000099990002e-05
2252	-0.0019987917993393306	0.039280648992946095	9.999000099990002e-05
2253	-0.024831097561025917	0.039280648992946095	9.999000099990002e-05
2254	0.012324526177723893	0.039280648992946095	9.999000099990002e-05
2255	-0.0032833324159258492	0.039280648992946095	9.999000099990002e-05
2256	-0.005309306860842231	0.039280648992946095	9.999000099990002e-05
2257	-0.009040341172460178	0.039280648992946095	9.999000099990002e-05
2258	-0.0157642042998071	0.039280648992946095	9.999000099990002e-05
2259	0.005195419715286545	0.039280648992946095	9.999000099990002e-05
2260	0.010131856922438676	0.039280648992946095	9.999000099990002e-05
2261	-0.0023932051620633166	0.039280648992946095	9.999000099990002e-05
2262	0.000758113554033657	0.039280648992946095	9.999000099990002e-05
2263	-0.0015982079426649642	0.039280648992946095	9.999000099990002e-05
2264	-0.03242871031282206	0.039280648992946095	9.999000099990002e-05
2265	-0.008592475459203969	0.039280648992946095	9.999000099990002e-05
2266	0.0010752055120230863	0.039280648992946095	9.999000099990002e-05
2267	-0.002766246935867467	0.039280648992946095	9.999000099990002e-05
2268	0.01065729039796362	0.039280648992946095	9.999000099990002e-05
2269	0.0005800908125142834	0.039280648992946095	9.999000099990002e-05
2270	-0.003556171442917283	0.039280648992946095	9.999000099990002e-05
2271	-0.008864184125581834	0.039280648992946095	9.999000099990002e-05
2272	0.0017254983169832927	0.039280648992946095	9.999000099990002e-05
2273	0.0008349719095361169	0.039280648992946095	9.999000099990002e-05
2274	-0.010027223138715291	0.039280648992946095	9.999000099990002e-05
2275	0.0037254015898489784	0.039280648992946095	9.999000099990002e-05
2276	-0.00985129487321279	0.039280648992946095	9.999000099990002e-05
2277	-0.0021494293810374876	0.039280648992946095	9.999000099990002e-05
2278	-0.008334153610700529	0.039280648992946095	9.999000099990002e-05
2279	-0.01703684041927564	0.039280648992946095	9.999000099990002e-05
2280	-0.03168324227062583	0.039280648992946095	9.999000099990002e-05
2281	0.0009004322720193719	0.039280648992946095	9.999000099990002e-05
2282	0.01670828924303039	0.039280648992946095	9.999000099990002e-05
2283	0.010811559301368276	0.039280648992946095	9.999000099990002e-05
2284	-0.0003163854158456658	0.039280648992946095	9.999000099990002e-05
2285	-0.006756131254691405	0.039280648992946095	9.999000099990002e-05
2286	-0.011678442522813609	0.039280648992946095	9.999000099990002e-05
2287	-0.012158905212365595	0.039280648992946095	9.999000099990002e-05
2288	0.007870120356531313	0.039280648992946095	9.999000099990002e-05
2289	0.0014427263328883333	0.039280648992946095	9.999000099990002e-05
2290	-0.004152775784477952	0.039280648992946095	9.999000099990002e-05
2291	-0.0004164579922702749	0.039280648992946095	9.999000099990002e-05
2292	-0.003349818167601895	0.039280648992946095	9.999000099990002e-05
2293	-0.0010405275088702232	0.039280648992946095	9.999000099990002e-05
2294	0.004477204477641883	0.039280648992946095	9.999000099990002e-05
2295	0.007614014900435853	0.039280648992946095	9.999000099990002e-05
2296	0.0005836327482885706	0.039280648992946095	9.999000099990002e-05
2297	-0.033591473302585065	0.039280648992946095	9.999000099990002e-05
2298	-0.011804255965749896	0.039280648992946095	9.999000099990002e-05
2299	-0.0057241227446845205	0.039280648992946095	9.999000099990002e-05
2300	-0.007488847162830076	0.039280648992946095	9.999000099990002e-05
2301	-0.0003267291306825737	0.039280648992946095	9.999000099990002e-05
2302	-0.006189485086583527	0.039280648992946095	9.999000099990002e-05
2303	0.0004952521528354126	0.039280648992946095	9.999000099990002e-05
2304	-0.003862993000984402	0.039280648992946095	9.999000099990002e-05
2305	-0.008051400562245764	0.039280648992946095	9.999000099990002e-05
2306	-0.0037734190717757937	0.039280648992946095	9.999000099990002e-05
2307	-0.006800590875484985	0.039280648992946095	9.999000099990002e-05
2308	-0.0017801395344020088	0.039280648992946095	9.999000099990002e-05
2309	0.004079262871068107	0.039280648992946095	9.999000099990002e-05
2310	-0.0033158034459379176	0.039280648992946095	9.999000099990002e-05
2311	0.003967418201348133	0.039280648992946095	9.999000099990002e-05
2312	0.001955513811046611	0.039280648992946095	9.999000099990002e-05
2313	0.001085774124001973	0.039280648992946095	9.999000099990002e-05
2314	0.0013866325091023146	0.039280648992946095	9.999000099990002e-05
2315	0.0011435651152313236	0.039280648992946095	9.999000099990002e-05
2316	-0.012198098394645626	0.039280648992946095	9.999000099990002e-05
2317	-0.028135225145562992	0.039280648992946095	9.999000099990002e-05
2318	-0.0057293299486313315	0.039280648992946095	9.999000099990002e-05
2319	0.0027212486689398158	0.039280648992946095	9.999000099990002e-05
2320	-0.0062469185826366375	0.039280648992946095	9.999000099990002e-05
2321	-0.0005307159850562043	0.039280648992946095	9.999000099990002e-05
2322	-0.010599975565255687	0.039280648992946095	9.999000099990002e-05
2323	-0.009057959911705743	0.039280648992946095	9.999000099990002e-05
2324	-0.010921994576822941	0.039280648992946095	9.999000099990002e-05
2325	0.003027026193491447	0.039280648992946095	9.999000099990002e-05
2326	-0.001521763695047612	0.039280648992946095	9.999000099990002e-05
2327	-0.008423323628137983	0.039280648992946095	9.999000099990002e-05
2328	-0.009316691207013589	0.039280648992946095	9.999000099990002e-05
2329	-0.0045069976197074785	0.039280648992946095	9.999000099990002e-05
2330	-0.009087746596232488	0.039280648992946095	9.999000099990002e-05
2331	-0.03845506762667254	0.039280648992946095	9.999000099990002e-05
2332	0.0034084750031172506	0.039280648992946095	9.999000099990002e-05
2333	-0.01631500468722641	0.039280648992946095	9.999000099990002e-05
2334	-0.00029276616643511555	0.039280648992946095	9.999000099990002e-05
2335	-0.007178889231559224	0.039280648992946095	9.999000099990002e-05
2336	0.005053928533330129	0.039280648992946095	9.999000099990002e-05
2337	0.0015702613653885422	0.039280648992946095	9.999000099990002e-05
2338	-0.01209891540488664	0.039280648992946095	9.999000099990002e-05
2339	-0.007162907794002235	0.039280648992946095	9.999000099990002e-05
2340	-0.007995508572963009	0.039280648992946095	9.999000099990002e-05
2341	-0.00817489511755247	0.039280648992946095	9.999000099990002e-05
2342	-5.43152816428194e-05	0.039280648992946095	9.999000099990002e-05
2343	-0.008120837894698418	0.039280648992946095	9.999000099990002e-05
2344	-0.0059766484908311684	0.039280648992946095	9.999000099990002e-05
2345	-0.009177141753576507	0.039280648992946095	9.999000099990002e-05
2346	0.001767514123474978	0.039280648992946095	9.999000099990002e-05
2347	-0.011350789138677972	0.039280648992946095	9.999000099990002e-05
2348	0.0036670737003908077	0.039280648992946095	9.999000099990002e-05
2349	0.0015912220994691167	0.039280648992946095	9.999000099990002e-05
2350	-0.01593407757876436	0.039280648992946095	9.999000099990002e-05
2351	-0.004965375138022005	0.039280648992946095	9.999000099990002e-05
2352	0.00312279644680577	0.039280648992946095	9.999000099990002e-05
2353	0.005894051034104203	0.039280648992946095	9.999000099990002e-05
2354	-0.0016692847616877476	0.039280648992946095	9.999000099990002e-05
2355	-0.0015727532470847932	0.039280648992946095	9.999000099990002e-05
2356	0.0044270391114822755	0.039280648992946095	9.999000099990002e-05
2357	-0.0019310795522610447	0.039280648992946095	9.999000099990002e-05
2358	0.001025467023167484	0.039280648992946095	9.999000099990002e-05
2359	-0.02602886439261183	0.039280648992946095	9.999000099990002e-05
2360	-0.003917267012642195	0.039280648992946095	9.999000099990002e-05
2361	-0.011377409784164724	0.039280648992946095	9.999000099990002e-05
2362	-0.014097077812677772	0.039280648992946095	9.999000099990002e-05
2363	-0.035745741128114836	0.039280648992946095	9.999000099990002e-05
2364	-0.004175671789539037	0.039280648992946095	9.999000099990002e-05
2365	-0.00510338696892261	0.039280648992946095	9.999000099990002e-05
2366	-0.01187277268621878	0.039280648992946095	9.999000099990002e-05
2367	-0.006851564744927874	0.039280648992946095	9.999000099990002e-05
2368	0.001422311188009881	0.039280648992946095	9.999000099990002e-05
2369	-0.0007478588367056532	0.039280648992946095	9.999000099990002e-05
2370	0.0042865126761171685	0.039280648992946095	9.999000099990002e-05
2371	-0.006700528543727241	0.039280648992946095	9.999000099990002e-05
2372	-0.004850962601280345	0.039280648992946095	9.999000099990002e-05
2373	-0.010030980552364357	0.039280648992946095	9.999000099990002e-05
2374	0.004438311012559024	0.039280648992946095	9.999000099990002e-05
2375	0.001115277647878471	0.039280648992946095	9.999000099990002e-05
2376	0.0017617201088939022	0.039280648992946095	9.999000099990002e-05
2377	-0.0032974724353035806	0.039280648992946095	9.999000099990002e-05
2378	0.0035169890879392096	0.039280648992946095	9.999000099990002e-05
2379	-0.002058529180168689	0.039280648992946095	9.999000099990002e-05
2380	-0.004109476530004708	0.039280648992946095	9.999000099990002e-05
2381	-0.006182922867645796	0.039280648992946095	9.999000099990002e-05
2382	-0.010405694877279603	0.039280648992946095	9.999000099990002e-05
2383	-0.02244417393344922	0.039280648992946095	9.999000099990002e-05
2384	0.005928375620526394	0.039280648992946095	9.999000099990002e-05
2385	-0.013451313636004575	0.039280648992946095	9.999000099990002e-05
2386	-0.01222883205539367	0.039280648992946095	9.999000099990002e-05
2387	-0.012189958205691936	0.039280648992946095	9.999000099990002e-05
2388	0.0028363013274257665	0.039280648992946095	9.999000099990002e-05
2389	-0.019007579261883012	0.039280648992946095	9.999000099990002e-05
2390	0.004206141516594555	0.039280648992946095	9.999000099990002e-05
2391	-0.015067983148115333	0.039280648992946095	9.999000099990002e-05
2392	-0.019541673899231532	0.039280648992946095	9.999000099990002e-05
2393	0.005602378328060764	0.039280648992946095	9.999000099990002e-05
2394	-0.02522876935900349	0.039280648992946095	9.999000099990002e-05
2395	-0.01994268249688129	0.039280648992946095	9.999000099990002e-05
2396	0.0033873672507840763	0.039280648992946095	9.999000099990002e-05
2397	-0.007701846556535136	0.039280648992946095	9.999000099990002e-05
2398	-0.012699078918509452	0.039280648992946095	9.999000099990002e-05
2399	-0.025605647784827962	0.039280648992946095	9.999000099990002e-05
2400	-0.0077001103039883445	0.039280648992946095	9.999000099990002e-05
2401	-0.04366674825014413	0.039280648992946095	9.999000099990002e-05
2402	0.001020855660698719	0.039280648992946095	9.999000099990002e-05
2403	-0.00536108598052247	0.039280648992946095	9.999000099990002e-05
2404	-0.004206921664970456	0.039280648992946095	9.999000099990002e-05
2405	-0.034378199143030225	0.039280648992946095	9.999000099990002e-05
2406	-0.015358370075636854	0.039280648992946095	9.999000099990002e-05
2407	-0.002720564364035047	0.039280648992946095	9.999000099990002e-05
2408	-0.0195915354697484	0.039280648992946095	9.999000099990002e-05
2409	-0.0027792785405531123	0.039280648992946095	9.999000099990002e-05
2410	-6.737825151707788e-05	0.039280648992946095	9.999000099990002e-05
2411	-0.005860636620787216	0.039280648992946095	9.999000099990002e-05
2412	-0.002227093860729945	0.039280648992946095	9.999000099990002e-05
2413	-0.006837229834114902	0.039280648992946095	9.999000099990002e-05
2414	-0.015938855769078525	0.039280648992946095	9.999000099990002e-05
2415	-0.003917776138598714	0.039280648992946095	9.999000099990002e-05
2416	-0.0045019993389908	0.039280648992946095	9.999000099990002e-05
2417	-0.011292156045542276	0.039280648992946095	9.999000099990002e-05
2418	0.007177457697160758	0.039280648992946095	9.999000099990002e-05
2419	-0.008337497401993771	0.039280648992946095	9.999000099990002e-05
2420	-0.011720474643087592	0.039280648992946095	9.999000099990002e-05
2421	0.0058436059545519115	0.039280648992946095	9.999000099990002e-05
2422	-0.002764473394675379	0.039280648992946095	9.999000099990002e-05
2423	-0.01338307522089359	0.039280648992946095	9.999000099990002e-05
2424	0.0011189895674381667	0.039280648992946095	9.999000099990002e-05
2425	-0.0017751241630562242	0.039280648992946095	9.999000099990002e-05
2426	0.005496261495287008	0.039280648992946095	9.999000099990002e-05
2427	-0.0032113903838050933	0.039280648992946095	9.999000099990002e-05
2428	-0.0018558846684729458	0.039280648992946095	9.999000099990002e-05
2429	0.00426647755497149	0.039280648992946095	9.999000099990002e-05
2430	0.0044742897485342825	0.039280648992946095	9.999000099990002e-05
2431	-0.012588858149871124	0.039280648992946095	9.999000099990002e-05
2432	-0.0017821197168368108	0.039280648992946095	9.999000099990002e-05
2433	6.999554541493869e-05	0.039280648992946095	9.999000099990002e-05
2434	-0.005891090373930874	0.039280648992946095	9.999000099990002e-05
2435	-0.045836705224631055	0.039280648992946095	9.999000099990002e-05
2436	-0.008149045055515683	0.039280648992946095	9.999000099990002e-05
2437	0.0010545176453729682	0.039280648992946095	9.999000099990002e-05
2438	-0.0034729453714888586	0.039280648992946095	9.999000099990002e-05
2439	0.0049842889293978815	0.039280648992946095	9.999000099990002e-05
2440	0.0035442425236788255	0.039280648992946095	9.999000099990002e-05
2441	-0.0015052607019856445	0.039280648992946095	9.999000099990002e-05
2442	-0.010965107873598917	0.039280648992946095	9.999000099990002e-05
2443	-0.006758126197214942	0.039280648992946095	9.999000099990002e-05
2444	-0.005903481953978024	0.039280648992946095	9.999000099990002e-05
2445	0.006040967859610544	0.039280648992946095	9.999000099990002e-05
2446	-0.026933754551308572	0.039280648992946095	9.999000099990002e-05
2447	0.00783145387636612	0.039280648992946095	9.999000099990002e-05
2448	-0.004280328150371854	0.039280648992946095	9.999000099990002e-05
2449	-0.013890201428163843	0.039280648992946095	9.999000099990002e-05
2450	-0.016089116240219303	0.039280648992946095	9.999000099990002e-05
2451	0.005824716196873192	0.039280648992946095	9.999000099990002e-05
2452	-0.008292967428013887	0.039280648992946095	9.999000099990002e-05
2453	-0.0006236816272935652	0.039280648992946095	9.999000099990002e-05
2454	-0.01454291891757413	0.039280648992946095	9.999000099990002e-05
2455	-0.010268242764481877	0.039280648992946095	9.999000099990002e-05
2456	0.009519764004048123	0.039280648992946095	9.999000099990002e-05
2457	-0.0050925081037621195	0.039280648992946095	9.999000099990002e-05
2458	-0.007902799727138393	0.039280648992946095	9.999000099990002e-05
2459	-0.0006802707394529123	0.039280648992946095	9.999000099990002e-05
2460	-0.0018568625729065147	0.039280648992946095	9.999000099990002e-05
2461	-0.006191219494119202	0.039280648992946095	9.999000099990002e-05
2462	-0.012957126345888859	0.039280648992946095	9.999000099990002e-05
2463	-0.007430932264539766	0.039280648992946095	9.999000099990002e-05
2464	-0.005741616168834368	0.039280648992946095	9.999000099990002e-05
2465	0.003922232665794237	0.039280648992946095	9.999000099990002e-05
2466	-0.007961128684760871	0.039280648992946095	9.999000099990002e-05
2467	-0.009932771145828759	0.039280648992946095	9.999000099990002e-05
2468	-0.0032081308318342716	0.039280648992946095	9.999000099990002e-05
2469	-0.024167024999380823	0.039280648992946095	9.999000099990002e-05
2470	0.010703515645822767	0.039280648992946095	9.999000099990002e-05
2471	0.002136033289554626	0.039280648992946095	9.999000099990002e-05
2472	0.012404150399070335	0.039280648992946095	9.999000099990002e-05
2473	0.012214171014593128	0.039280648992946095	9.999000099990002e-05
2474	-0.004013954964764865	0.039280648992946095	9.999000099990002e-05
2475	-0.001767911189283905	0.039280648992946095	9.999000099990002e-05
2476	9.994745554058049e-05	0.039280648992946095	9.999000099990002e-05
2477	-0.002592317788439963	0.039280648992946095	9.999000099990002e-05
2478	-0.008254815851603148	0.039280648992946095	9.999000099990002e-05
2479	-0.017399820764940524	0.039280648992946095	9.999000099990002e-05
2480	-0.0013024639768745294	0.039280648992946095	9.999000099990002e-05
2481	-0.005143830583196202	0.039280648992946095	9.999000099990002e-05
2482	-0.0271800835849261	0.039280648992946095	9.999000099990002e-05
2483	-0.009028775040666612	0.039280648992946095	9.999000099990002e-05
2484	0.003499331117931409	0.039280648992946095	9.999000099990002e-05
2485	0.0012230719841614945	0.039280648992946095	9.999000099990002e-05
2486	-0.0007610557640960192	0.039280648992946095	9.999000099990002e-05
2487	0.014295957676338844	0.039280648992946095	9.999000099990002e-05
2488	-0.008805363569608218	0.039280648992946095	9.999000099990002e-05
2489	-0.015695202632737618	0.039280648992946095	9.999000099990002e-05
2490	0.007508966474745221	0.039280648992946095	9.999000099990002e-05
2491	0.011926807623280966	0.039280648992946095	9.999000099990002e-05
2492	-0.019475465433302003	0.039280648992946095	9.999000099990002e-05
2493	-0.03182591163782553	0.039280648992946095	9.999000099990002e-05
2494	-0.023058595547159916	0.039280648992946095	9.999000099990002e-05
2495	-0.004504569536552788	0.039280648992946095	9.999000099990002e-05
2496	0.0004131354186046876	0.039280648992946095	9.999000099990002e-05
2497	-0.008942374045013149	0.039280648992946095	9.999000099990002e-05
2498	-0.0035788483771872215	0.039280648992946095	9.999000099990002e-05
2499	0.004636644510171178	0.039280648992946095	9.999000099990002e-05
2500	-0.018656063086872246	0.039280648992946095	9.999000099990002e-05
2501	-9.41525184539882e-05	0.039280648992946095	9.999000099990002e-05
2502	-0.0022925207216959037	0.039280648992946095	9.999000099990002e-05
2503	0.0011489916812867929	0.039280648992946095	9.999000099990002e-05
2504	-0.012154439605773365	0.039280648992946095	9.999000099990002e-05
2505	-0.02025868269383138	0.039280648992946095	9.999000099990002e-05
2506	-0.004991835995837274	0.039280648992946095	9.999000099990002e-05
2507	-0.0015947257269866844	0.039280648992946095	9.999000099990002e-05
2508	0.004704055340699981	0.039280648992946095	9.999000099990002e-05
2509	-0.001202632659927108	0.039280648992946095	9.999000099990002e-05
2510	0.01023326169398013	0.039280648992946095	9.999000099990002e-05
2511	-0.024036473470845213	0.039280648992946095	9.999000099990002e-05
2512	0.005340571593468263	0.039280648992946095	9.999000099990002e-05
2513	0.004687829779043293	0.039280648992946095	9.999000099990002e-05
2514	0.0033359431500809694	0.039280648992946095	9.999000099990002e-05
2515	-0.000631981846683366	0.039280648992946095	9.999000099990002e-05
2516	-0.008017326071932868	0.039280648992946095	9.999000099990002e-05
2517	0.0142742636474536	0.039280648992946095	9.999000099990002e-05
2518	0.009024142703334848	0.039280648992946095	9.999000099990002e-05
2519	-0.004570504892287247	0.039280648992946095	9.999000099990002e-05
2520	0.002985630553492505	0.039280648992946095	9.999000099990002e-05
2521	0.008857668371791944	0.039280648992946095	9.999000099990002e-05
2522	-0.008706268994723043	0.039280648992946095	9.999000099990002e-05
2523	0.006468176440217244	0.039280648992946095	9.999000099990002e-05
2524	-0.0019724637337700246	0.039280648992946095	9.999000099990002e-05
2525	0.0055848535387223175	0.039280648992946095	9.999000099990002e-05
2526	0.004239852054192389	0.039280648992946095	9.999000099990002e-05
2527	-0.019403193144195113	0.039280648992946095	9.999000099990002e-05
2528	-0.025247297785825018	0.039280648992946095	9.999000099990002e-05
2529	-0.0010946361978232677	0.039280648992946095	9.999000099990002e-05
2530	-0.005984834076768419	0.039280648992946095	9.999000099990002e-05
2531	0.0034445762866715385	0.039280648992946095	9.999000099990002e-05
2532	0.01195770456751094	0.039280648992946095	9.999000099990002e-05
2533	-0.0038333614916013364	0.039280648992946095	9.999000099990002e-05
2534	-0.006240590874319718	0.039280648992946095	9.999000099990002e-05
2535	-0.008233272579545606	0.039280648992946095	9.999000099990002e-05
2536	0.00024766185992237955	0.039280648992946095	9.999000099990002e-05
2537	-0.031811605664555015	0.039280648992946095	9.999000099990002e-05
2538	-0.007519337816195626	0.039280648992946095	9.999000099990002e-05
2539	-0.012548684392746728	0.039280648992946095	9.999000099990002e-05
2540	-0.005577904304430795	0.039280648992946095	9.999000099990002e-05
2541	0.0021041881552802816	0.039280648992946095	9.999000099990002e-05
2542	0.0020420529397675996	0.039280648992946095	9.999000099990002e-05
2543	-0.0028919702645776313	0.039280648992946095	9.999000099990002e-05
2544	0.0057093730947984644	0.039280648992946095	9.999000099990002e-05
2545	-0.003667671289774105	0.039280648992946095	9.999000099990002e-05
2546	-0.007404375466147514	0.039280648992946095	9.999000099990002e-05
2547	0.001541483999036905	0.039280648992946095	9.999000099990002e-05
2548	-0.013589991127487308	0.039280648992946095	9.999000099990002e-05
2549	-0.019638974977673057	0.039280648992946095	9.999000099990002e-05
2550	0.0040679549437220575	0.039280648992946095	9.999000099990002e-05
2551	-0.005098651650839933	0.039280648992946095	9.999000099990002e-05
2552	0.007666195552793992	0.039280648992946095	9.999000099990002e-05
2553	-0.007068736388460978	0.039280648992946095	9.999000099990002e-05
2554	-0.007916686931443137	0.039280648992946095	9.999000099990002e-05
2555	0.0024350353992811102	0.039280648992946095	9.999000099990002e-05
2556	0.0008500937661342911	0.039280648992946095	9.999000099990002e-05
2557	-0.006612902023730036	0.039280648992946095	9.999000099990002e-05
2558	-0.0009620095658872951	0.039280648992946095	9.999000099990002e-05
2559	0.008949712042563673	0.039280648992946095	9.999000099990002e-05
2560	0.006194353779547218	0.039280648992946095	9.999000099990002e-05
2561	-0.0028493607043836855	0.039280648992946095	9.999000099990002e-05
2562	-0.011229798020663345	0.039280648992946095	9.999000099990002e-05
2563	-0.0033196324265963167	0.039280648992946095	9.999000099990002e-05
2564	-0.00222590528516102	0.039280648992946095	9.999000099990002e-05
2565	-0.014766830920721563	0.039280648992946095	9.999000099990002e-05
2566	-0.005902969914846096	0.039280648992946095	9.999000099990002e-05
2567	-0.008102841705025066	0.039280648992946095	9.999000099990002e-05
2568	-0.010877167507503754	0.039280648992946095	9.999000099990002e-05
2569	-0.03483457220244815	0.039280648992946095	9.999000099990002e-05
2570	-0.019017609179174902	0.039280648992946095	9.999000099990002e-05
2571	0.01080753363281653	0.039280648992946095	9.999000099990002e-05
2572	-0.004110244151726311	0.039280648992946095	9.999000099990002e-05
2573	-0.003453950399624775	0.039280648992946095	9.999000099990002e-05
2574	-0.02028937255984234	0.039280648992946095	9.999000099990002e-05
2575	0.0005461736336737771	0.039280648992946095	9.999000099990002e-05
2576	0.00374119619575608	0.039280648992946095	9.999000099990002e-05
2577	-0.025927066973577467	0.039280648992946095	9.999000099990002e-05
2578	-0.0036831066040467764	0.039280648992946095	9.999000099990002e-05
2579	-0.005648394167160564	0.039280648992946095	9.999000099990002e-05
2580	0.010440421676120623	0.039280648992946095	9.999000099990002e-05
2581	0.0064362399293407535	0.039280648992946095	9.999000099990002e-05
2582	-0.012885966210049227	0.039280648992946095	9.999000099990002e-05
2583	0.01233164991122268	0.039280648992946095	9.999000099990002e-05
2584	0.0005045956288939057	0.039280648992946095	9.999000099990002e-05
2585	-0.02861913858849882	0.039280648992946095	9.999000099990002e-05
2586	0.0019453612976227247	0.039280648992946095	9.999000099990002e-05
2587	-0.010762352612684517	0.039280648992946095	9.999000099990002e-05
2588	-0.003856344163631009	0.039280648992946095	9.999000099990002e-05
2589	-0.006881513450560567	0.039280648992946095	9.999000099990002e-05
2590	-0.033465186711408565	0.039280648992946095	9.999000099990002e-05
2591	-0.020438895851944583	0.039280648992946095	9.999000099990002e-05
2592	-0.010916834323553212	0.039280648992946095	9.999000099990002e-05
2593	0.0006427527301418046	0.039280648992946095	9.999000099990002e-05
2594	0.0018072617801421637	0.039280648992946095	9.999000099990002e-05
2595	0.0022668242811092754	0.039280648992946095	9.999000099990002e-05
2596	-0.006922061453619843	0.039280648992946095	9.999000099990002e-05
2597	-0.001595474898597321	0.039280648992946095	9.999000099990002e-05
2598	-0.01002370489676771	0.039280648992946095	9.999000099990002e-05
2599	-0.00963270762064014	0.039280648992946095	9.999000099990002e-05
2600	0.005037750893408993	0.039280648992946095	9.999000099990002e-05
2601	0.006439301676700926	0.039280648992946095	9.999000099990002e-05
2602	-0.0023163799682076325	0.039280648992946095	9.999000099990002e-05
2603	-0.017150820980656317	0.039280648992946095	9.999000099990002e-05
2604	0.00820594485783295	0.039280648992946095	9.999000099990002e-05
2605	-0.013397165036548378	0.039280648992946095	9.999000099990002e-05
2606	-0.007354242873211292	0.039280648992946095	9.999000099990002e-05
2607	-0.012997458434097026	0.039280648992946095	9.999000099990002e-05
2608	-0.0033762172660983802	0.039280648992946095	9.999000099990002e-05
2609	-0.0026733410137260993	0.039280648992946095	9.999000099990002e-05
2610	0.008327489721940862	0.039280648992946095	9.999000099990002e-05
2611	0.010848296045586278	0.039280648992946095	9.999000099990002e-05
2612	0.004751282186819417	0.039280648992946095	9.999000099990002e-05
2613	-0.002993397224805211	0.039280648992946095	9.999000099990002e-05
2614	-0.007094020080644345	0.039280648992946095	9.999000099990002e-05
2615	-0.0019378653088589076	0.039280648992946095	9.999000099990002e-05
2616	0.008581719093069665	0.039280648992946095	9.999000099990002e-05
2617	-0.0056609948160966095	0.039280648992946095	9.999000099990002e-05
2618	-0.006212886381920163	0.039280648992946095	9.999000099990002e-05
2619	-0.004649869549704325	0.039280648992946095	9.999000099990002e-05
2620	-0.028481116610037188	0.039280648992946095	9.999000099990002e-05
2621	-0.008650747755564625	0.039280648992946095	9.999000099990002e-05
2622	0.007889622075258673	0.039280648992946095	9.999000099990002e-05
2623	0.003500498427319851	0.039280648992946095	9.999000099990002e-05
2624	-0.0007583403932925614	0.039280648992946095	9.999000099990002e-05
2625	-0.02972085967748206	0.039280648992946095	9.999000099990002e-05
2626	0.0019798870388072487	0.039280648992946095	9.999000099990002e-05
2627	-0.0039551297477105896	0.039280648992946095	9.999000099990002e-05
2628	0.0038250261198949226	0.039280648992946095	9.999000099990002e-05
2629	-0.010244185130724448	0.039280648992946095	9.999000099990002e-05
2630	0.01270877192706471	0.039280648992946095	9.999000099990002e-05
2631	-0.0004319604552363021	0.039280648992946095	9.999000099990002e-05
2632	-0.0031116517543887667	0.039280648992946095	9.999000099990002e-05
2633	0.0016082558730915186	0.039280648992946095	9.999000099990002e-05
2634	-0.008803078037837114	0.039280648992946095	9.999000099990002e-05
2635	-0.0017253143985088287	0.039280648992946095	9.999000099990002e-05
2636	-0.00248965102930912	0.039280648992946095	9.999000099990002e-05
2637	-0.00957953585745322	0.039280648992946095	9.999000099990002e-05
2638	0.0012597352192531969	0.039280648992946095	9.999000099990002e-05
2639	-0.03968823352087919	0.039280648992946095	9.999000099990002e-05
2640	0.006130332185848089	0.039280648992946095	9.999000099990002e-05
2641	-0.004209422723169265	0.039280648992946095	9.999000099990002e-05
2642	-0.018189237505515682	0.039280648992946095	9.999000099990002e-05
2643	-0.0005043199939468029	0.039280648992946095	9.999000099990002e-05
2644	0.003267486441025591	0.039280648992946095	9.999000099990002e-05
2645	0.00851353068746992	0.039280648992946095	9.999000099990002e-05
2646	-0.010861017688407817	0.039280648992946095	9.999000099990002e-05
2647	0.014547435359077376	0.039280648992946095	9.999000099990002e-05
2648	-0.007754088579788682	0.039280648992946095	9.999000099990002e-05
2649	-0.008592761533029611	0.039280648992946095	9.999000099990002e-05
2650	-0.010769310343737667	0.039280648992946095	9.999000099990002e-05
2651	-0.0012750800794292666	0.039280648992946095	9.999000099990002e-05
2652	0.0014887910647821967	0.039280648992946095	9.999000099990002e-05
2653	0.01240191502246929	0.039280648992946095	9.999000099990002e-05
2654	0.009532804688130475	0.039280648992946095	9.999000099990002e-05
2655	0.0018159794090158582	0.039280648992946095	9.999000099990002e-05
2656	-0.02346709663776296	0.039280648992946095	9.999000099990002e-05
2657	-0.0010838232675329795	0.039280648992946095	9.999000099990002e-05
2658	-0.007887569888838236	0.039280648992946095	9.999000099990002e-05
2659	-0.004765977408878158	0.039280648992946095	9.999000099990002e-05
2660	0.007716143110538476	0.039280648992946095	9.999000099990002e-05
2661	0.010330148907301148	0.039280648992946095	9.999000099990002e-05
2662	-0.014171870581152893	0.039280648992946095	9.999000099990002e-05
2663	-0.011297593875876005	0.039280648992946095	9.999000099990002e-05
2664	-0.004765527177617912	0.039280648992946095	9.999000099990002e-05
2665	-0.02984480072547388	0.039280648992946095	9.999000099990002e-05
2666	-0.01691645611569978	0.039280648992946095	9.999000099990002e-05
2667	0.0031660743379926803	0.039280648992946095	9.999000099990002e-05
2668	-0.005344518606283849	0.039280648992946095	9.999000099990002e-05
2669	0.0023317290039351624	0.039280648992946095	9.999000099990002e-05
2670	0.003142858709035745	0.039280648992946095	9.999000099990002e-05
2671	-0.008182267684784555	0.039280648992946095	9.999000099990002e-05
2672	0.009032569160325882	0.039280648992946095	9.999000099990002e-05
2673	0.0034859967857673313	0.039280648992946095	9.999000099990002e-05
2674	-0.013902432055269379	0.039280648992946095	9.999000099990002e-05
2675	-0.0019492714587693583	0.039280648992946095	9.999000099990002e-05
2676	0.0019105568141039864	0.039280648992946095	9.999000099990002e-05
2677	-0.0484790570921253	0.039280648992946095	9.999000099990002e-05
2678	0.00910006845428142	0.039280648992946095	9.999000099990002e-05
2679	-0.011443659180208843	0.039280648992946095	9.999000099990002e-05
2680	-0.0047553438330875525	0.039280648992946095	9.999000099990002e-05
2681	0.002766385603017188	0.039280648992946095	9.999000099990002e-05
2682	-0.012548903269326159	0.039280648992946095	9.999000099990002e-05
2683	0.000426276607238818	0.039280648992946095	9.999000099990002e-05
2684	0.00020730700039303662	0.039280648992946095	9.999000099990002e-05
2685	-0.01259588526305204	0.039280648992946095	9.999000099990002e-05
2686	-0.005030198971677224	0.039280648992946095	9.999000099990002e-05
2687	-0.00715429877801857	0.039280648992946095	9.999000099990002e-05
2688	0.00042100565330335793	0.039280648992946095	9.999000099990002e-05
2689	-0.0016688471541876498	0.039280648992946095	9.999000099990002e-05
2690	-0.0388009276774052	0.039280648992946095	9.999000099990002e-05
2691	-0.009323122381610621	0.039280648992946095	9.999000099990002e-05
2692	0.004629037480871179	0.039280648992946095	9.999000099990002e-05
2693	-0.001054457196983119	0.039280648992946095	9.999000099990002e-05
2694	-0.0002276707762783603	0.039280648992946095	9.999000099990002e-05
2695	0.001769225759689519	0.039280648992946095	9.999000099990002e-05
2696	-0.021923853226434753	0.039280648992946095	9.999000099990002e-05
2697	-0.01940293377447741	0.039280648992946095	9.999000099990002e-05
2698	0.019113655698624332	0.039280648992946095	9.999000099990002e-05
2699	0.0066657756234133475	0.039280648992946095	9.999000099990002e-05
2700	-0.032438780868910985	0.039280648992946095	9.999000099990002e-05
2701	-0.007121985156584687	0.039280648992946095	9.999000099990002e-05
2702	-0.04646968187216538	0.039280648992946095	9.999000099990002e-05
2703	-0.038530821500269694	0.039280648992946095	9.999000099990002e-05
2704	-0.0027792208596799234	0.039280648992946095	9.999000099990002e-05
2705	0.0021501095589437497	0.039280648992946095	9.999000099990002e-05
2706	-0.012606674305303905	0.039280648992946095	9.999000099990002e-05
2707	-0.008055343011086541	0.039280648992946095	9.999000099990002e-05
2708	-0.0039043078974714263	0.039280648992946095	9.999000099990002e-05
2709	-0.020535270637710254	0.039280648992946095	9.999000099990002e-05
2710	-0.0008296711441055926	0.039280648992946095	9.999000099990002e-05
2711	0.003723592313705157	0.039280648992946095	9.999000099990002e-05
2712	0.002335657323875223	0.039280648992946095	9.999000099990002e-05
2713	-0.012665233792207492	0.039280648992946095	9.999000099990002e-05
2714	0.00794657732501465	0.039280648992946095	9.999000099990002e-05
2715	-0.007375369512631694	0.039280648992946095	9.999000099990002e-05
2716	-0.002396238554516164	0.039280648992946095	9.999000099990002e-05
2717	-0.004350308887145091	0.039280648992946095	9.999000099990002e-05
2718	-0.021757380205820784	0.039280648992946095	9.999000099990002e-05
2719	-0.012273173061395012	0.039280648992946095	9.999000099990002e-05
2720	-0.011020561721299421	0.039280648992946095	9.999000099990002e-05
2721	-0.01076938084258268	0.039280648992946095	9.999000099990002e-05
2722	-0.00684204589570947	0.039280648992946095	9.999000099990002e-05
2723	0.004850274703459265	0.039280648992946095	9.999000099990002e-05
2724	-0.0027731810216468367	0.039280648992946095	9.999000099990002e-05
2725	-0.011517172676253809	0.039280648992946095	9.999000099990002e-05
2726	-0.002935729558001726	0.039280648992946095	9.999000099990002e-05
2727	0.004213599876842597	0.039280648992946095	9.999000099990002e-05
2728	0.004089073523357148	0.039280648992946095	9.999000099990002e-05
2729	-0.0036272459313997363	0.039280648992946095	9.999000099990002e-05
2730	-0.0007008489736016338	0.039280648992946095	9.999000099990002e-05
2731	-0.011018710980958829	0.039280648992946095	9.999000099990002e-05
2732	-0.003065552647025044	0.039280648992946095	9.999000099990002e-05
2733	0.0018303713695140278	0.039280648992946095	9.999000099990002e-05
2734	0.0025939917475858165	0.039280648992946095	9.999000099990002e-05
2735	0.008454662403972454	0.039280648992946095	9.999000099990002e-05
2736	-0.009766402465447535	0.039280648992946095	9.999000099990002e-05
2737	-0.0038709449988063305	0.039280648992946095	9.999000099990002e-05
2738	-0.0032682149290908236	0.039280648992946095	9.999000099990002e-05
2739	-0.02474195546151954	0.039280648992946095	9.999000099990002e-05
2740	0.009587464889742311	0.039280648992946095	9.999000099990002e-05
2741	-0.0029422513323541094	0.039280648992946095	9.999000099990002e-05
2742	-0.026356916978885023	0.039280648992946095	9.999000099990002e-05
2743	-0.00029895977157712306	0.039280648992946095	9.999000099990002e-05
2744	-0.0035352630003353813	0.039280648992946095	9.999000099990002e-05
2745	0.004859205722432064	0.039280648992946095	9.999000099990002e-05
2746	-0.017087695236949932	0.039280648992946095	9.999000099990002e-05
2747	-0.007277770319239513	0.039280648992946095	9.999000099990002e-05
2748	0.0014744417823038258	0.039280648992946095	9.999000099990002e-05
2749	0.004673323136539648	0.039280648992946095	9.999000099990002e-05
2750	-0.007722290347638494	0.039280648992946095	9.999000099990002e-05
2751	0.009668023754867444	0.039280648992946095	9.999000099990002e-05
2752	-0.013613710056049944	0.039280648992946095	9.999000099990002e-05
2753	0.0017990013255967802	0.039280648992946095	9.999000099990002e-05
2754	0.0019847671902609026	0.039280648992946095	9.999000099990002e-05
2755	0.0018832173425838289	0.039280648992946095	9.999000099990002e-05
2756	0.00026895275388323647	0.039280648992946095	9.999000099990002e-05
2757	-0.005555767715647253	0.039280648992946095	9.999000099990002e-05
2758	-0.004685270894312449	0.039280648992946095	9.999000099990002e-05
2759	-0.0076692847325559865	0.039280648992946095	9.999000099990002e-05
2760	-0.00769066879957718	0.039280648992946095	9.999000099990002e-05
2761	-0.000624215272476511	0.039280648992946095	9.999000099990002e-05
2762	0.0026444866909906273	0.039280648992946095	9.999000099990002e-05
2763	-0.0002333484095016214	0.039280648992946095	9.999000099990002e-05
2764	-0.005952495402025998	0.039280648992946095	9.999000099990002e-05
2765	-0.003964938215118091	0.039280648992946095	9.999000099990002e-05
2766	-0.002632992174759291	0.039280648992946095	9.999000099990002e-05
2767	-0.005461469198552102	0.039280648992946095	9.999000099990002e-05
2768	0.009242477529257859	0.039280648992946095	9.999000099990002e-05
2769	-0.0004942211800563756	0.039280648992946095	9.999000099990002e-05
2770	-0.0013525748666538828	0.039280648992946095	9.999000099990002e-05
2771	-0.008087990433869943	0.039280648992946095	9.999000099990002e-05
2772	0.006502256902539735	0.039280648992946095	9.999000099990002e-05
2773	0.003050217545986597	0.039280648992946095	9.999000099990002e-05
2774	0.005845271999571217	0.039280648992946095	9.999000099990002e-05
2775	0.011378217267836582	0.039280648992946095	9.999000099990002e-05
2776	-0.005876776972063041	0.039280648992946095	9.999000099990002e-05
2777	-0.007862440546398869	0.039280648992946095	9.999000099990002e-05
2778	-0.01050291093955194	0.039280648992946095	9.999000099990002e-05
2779	0.00836109489969454	0.039280648992946095	9.999000099990002e-05
2780	-0.017360425845263067	0.039280648992946095	9.999000099990002e-05
2781	0.006437903935137254	0.039280648992946095	9.999000099990002e-05
2782	-0.0007608750986674295	0.039280648992946095	9.999000099990002e-05
2783	0.010560813214082115	0.039280648992946095	9.999000099990002e-05
2784	-0.02423287723251015	0.039280648992946095	9.999000099990002e-05
2785	-0.010023365706043674	0.039280648992946095	9.999000099990002e-05
2786	-0.0010855568496690032	0.039280648992946095	9.999000099990002e-05
2787	0.0007569410494824291	0.039280648992946095	9.999000099990002e-05
2788	0.008791365761743594	0.039280648992946095	9.999000099990002e-05
2789	0.010277033077082165	0.039280648992946095	9.999000099990002e-05
2790	-0.003422715818364286	0.039280648992946095	9.999000099990002e-05
2791	-0.039514809955044805	0.039280648992946095	9.999000099990002e-05
2792	-0.03547370448673828	0.039280648992946095	9.999000099990002e-05
2793	-0.008422876212947308	0.039280648992946095	9.999000099990002e-05
2794	-0.004994413330679029	0.039280648992946095	9.999000099990002e-05
2795	-0.003705901133497627	0.039280648992946095	9.999000099990002e-05
2796	0.0028477968147155586	0.039280648992946095	9.999000099990002e-05
2797	-0.03474408606091155	0.039280648992946095	9.999000099990002e-05
2798	0.0077258256802151815	0.039280648992946095	9.999000099990002e-05
2799	0.0036481553450401216	0.039280648992946095	9.999000099990002e-05
2800	0.0032493423591470477	0.039280648992946095	9.999000099990002e-05
2801	-0.007069296689198951	0.039280648992946095	9.999000099990002e-05
2802	-0.01644567774372971	0.039280648992946095	9.999000099990002e-05
2803	0.00737707202089663	0.039280648992946095	9.999000099990002e-05
2804	0.005477930436099787	0.039280648992946095	9.999000099990002e-05
2805	-0.0044430285117187385	0.039280648992946095	9.999000099990002e-05
2806	-0.0015067362738857837	0.039280648992946095	9.999000099990002e-05
2807	0.005174525304499536	0.039280648992946095	9.999000099990002e-05
2808	-0.019793043648820965	0.039280648992946095	9.999000099990002e-05
2809	-0.005770723646513348	0.039280648992946095	9.999000099990002e-05
2810	-0.0008513817780906735	0.039280648992946095	9.999000099990002e-05
2811	0.003634165839725423	0.039280648992946095	9.999000099990002e-05
2812	0.005590990094179113	0.039280648992946095	9.999000099990002e-05
2813	2.778004074861784e-05	0.039280648992946095	9.999000099990002e-05
2814	-0.02335202548061313	0.039280648992946095	9.999000099990002e-05
2815	-0.047638607393199306	0.039280648992946095	9.999000099990002e-05
2816	0.005555097393984479	0.039280648992946095	9.999000099990002e-05
2817	0.003631817140600721	0.039280648992946095	9.999000099990002e-05
2818	-0.019464014129172647	0.039280648992946095	9.999000099990002e-05
2819	-0.021591679031032804	0.039280648992946095	9.999000099990002e-05
2820	-0.00408173596278294	0.039280648992946095	9.999000099990002e-05
2821	-0.005203141329486155	0.039280648992946095	9.999000099990002e-05
2822	-0.01315394741993188	0.039280648992946095	9.999000099990002e-05
2823	0.0005520631033025386	0.039280648992946095	9.999000099990002e-05
2824	-0.022987932010622547	0.039280648992946095	9.999000099990002e-05
2825	-0.003522030435099105	0.039280648992946095	9.999000099990002e-05
2826	0.0013284267302469122	0.039280648992946095	9.999000099990002e-05
2827	-0.007195224959799518	0.039280648992946095	9.999000099990002e-05
2828	-0.013815322089826013	0.039280648992946095	9.999000099990002e-05
2829	0.0012749716121980281	0.039280648992946095	9.999000099990002e-05
2830	-0.019795174102554186	0.039280648992946095	9.999000099990002e-05
2831	-0.009149629385095517	0.039280648992946095	9.999000099990002e-05
2832	-0.023180275922477497	0.039280648992946095	9.999000099990002e-05
2833	0.008730414654930893	0.039280648992946095	9.999000099990002e-05
2834	0.012728939452032961	0.039280648992946095	9.999000099990002e-05
2835	0.010938851229380167	0.039280648992946095	9.999000099990002e-05
2836	-0.006285385413180106	0.039280648992946095	9.999000099990002e-05
2837	-0.008074809965920651	0.039280648992946095	9.999000099990002e-05
2838	-0.0013215061421802954	0.039280648992946095	9.999000099990002e-05
2839	-0.007452455387134044	0.039280648992946095	9.999000099990002e-05
2840	0.00882059593266045	0.039280648992946095	9.999000099990002e-05
2841	0.001978998374647184	0.039280648992946095	9.999000099990002e-05
2842	-0.008832566753071938	0.039280648992946095	9.999000099990002e-05
2843	0.009968894860833771	0.039280648992946095	9.999000099990002e-05
2844	0.006653887682842363	0.039280648992946095	9.999000099990002e-05
2845	0.007658372657195822	0.039280648992946095	9.999000099990002e-05
2846	-0.023185996330826422	0.039280648992946095	9.999000099990002e-05
2847	-0.01795497834027375	0.039280648992946095	9.999000099990002e-05
2848	-0.001195674054921353	0.039280648992946095	9.999000099990002e-05
2849	-0.024768121408877075	0.039280648992946095	9.999000099990002e-05
2850	0.003502940056740206	0.039280648992946095	9.999000099990002e-05
2851	0.0020700705985241957	0.039280648992946095	9.999000099990002e-05
2852	-0.01472138086884009	0.039280648992946095	9.999000099990002e-05
2853	-0.00553504916354941	0.039280648992946095	9.999000099990002e-05
2854	0.0013683107235234748	0.039280648992946095	9.999000099990002e-05
2855	-0.005288952067247776	0.039280648992946095	9.999000099990002e-05
2856	0.014696014685239567	0.039280648992946095	9.999000099990002e-05
2857	-0.02216478550549182	0.039280648992946095	9.999000099990002e-05
2858	-0.01592890004065385	0.039280648992946095	9.999000099990002e-05
2859	-0.008476429068031338	0.039280648992946095	9.999000099990002e-05
2860	0.0018711771885974449	0.039280648992946095	9.999000099990002e-05
2861	-0.016235266220850808	0.039280648992946095	9.999000099990002e-05
2862	-0.012137160882651557	0.039280648992946095	9.999000099990002e-05
2863	0.0011102718900115327	0.039280648992946095	9.999000099990002e-05
2864	-0.002379944776001827	0.039280648992946095	9.999000099990002e-05
2865	-0.03267975169898937	0.039280648992946095	9.999000099990002e-05
2866	-0.007462152182817344	0.039280648992946095	9.999000099990002e-05
2867	0.009812394513614792	0.039280648992946095	9.999000099990002e-05
2868	0.005907903960044897	0.039280648992946095	9.999000099990002e-05
2869	-0.005769885137523328	0.039280648992946095	9.999000099990002e-05
2870	0.006727142100487166	0.039280648992946095	9.999000099990002e-05
2871	0.014917780066530217	0.039280648992946095	9.999000099990002e-05
2872	0.007093372821620286	0.039280648992946095	9.999000099990002e-05
2873	-0.009509947428302398	0.039280648992946095	9.999000099990002e-05
2874	-0.003922598560626239	0.039280648992946095	9.999000099990002e-05
2875	0.004699212866315	0.039280648992946095	9.999000099990002e-05
2876	-0.0028168416555302	0.039280648992946095	9.999000099990002e-05
2877	-0.008644165824139918	0.039280648992946095	9.999000099990002e-05
2878	0.0008135631290768774	0.039280648992946095	9.999000099990002e-05
2879	-0.022691902942064884	0.039280648992946095	9.999000099990002e-05
2880	-0.032573561502748136	0.039280648992946095	9.999000099990002e-05
2881	-0.006160114063635411	0.039280648992946095	9.999000099990002e-05
2882	-0.005782736368097868	0.039280648992946095	9.999000099990002e-05
2883	0.0002486476299295992	0.039280648992946095	9.999000099990002e-05
2884	-0.02009552389578015	0.039280648992946095	9.999000099990002e-05
2885	0.007350104319112247	0.039280648992946095	9.999000099990002e-05
2886	-0.030387294921493835	0.039280648992946095	9.999000099990002e-05
2887	0.01280435034777802	0.039280648992946095	9.999000099990002e-05
2888	-0.003944326770769682	0.039280648992946095	9.999000099990002e-05
2889	-0.004613580997523778	0.039280648992946095	9.999000099990002e-05
2890	0.002049224789213655	0.039280648992946095	9.999000099990002e-05
2891	-0.0010366758539965132	0.039280648992946095	9.999000099990002e-05
2892	-0.0051089268575016805	0.039280648992946095	9.999000099990002e-05
2893	-0.01299829179647713	0.039280648992946095	9.999000099990002e-05
2894	-0.001156864295078705	0.039280648992946095	9.999000099990002e-05
2895	0.0007509969578146231	0.039280648992946095	9.999000099990002e-05
2896	-0.011639819885938388	0.039280648992946095	9.999000099990002e-05
2897	-0.009848967343162804	0.039280648992946095	9.999000099990002e-05
2898	-0.010746869765099643	0.039280648992946095	9.999000099990002e-05
2899	-0.0033421755975618223	0.039280648992946095	9.999000099990002e-05
2900	-0.045894636582362425	0.039280648992946095	9.999000099990002e-05
2901	-0.00988483455307261	0.039280648992946095	9.999000099990002e-05
2902	0.005839611165659522	0.039280648992946095	9.999000099990002e-05
2903	-0.003127829005886512	0.039280648992946095	9.999000099990002e-05
2904	-0.0006843719563537631	0.039280648992946095	9.999000099990002e-05
2905	-0.0042563120779169905	0.039280648992946095	9.999000099990002e-05
2906	-0.0001121093317063282	0.039280648992946095	9.999000099990002e-05
2907	-0.0027686912842515843	0.039280648992946095	9.999000099990002e-05
2908	-0.00888560640375384	0.039280648992946095	9.999000099990002e-05
2909	0.004164162027689738	0.039280648992946095	9.999000099990002e-05
2910	-0.053563176755835516	0.039280648992946095	9.999000099990002e-05
2911	-0.010144613086388879	0.039280648992946095	9.999000099990002e-05
2912	0.020595019525582486	0.039280648992946095	9.999000099990002e-05
2913	0.00011439462071285988	0.039280648992946095	9.999000099990002e-05
2914	-0.0017982975509696492	0.039280648992946095	9.999000099990002e-05
2915	0.003949215030561559	0.039280648992946095	9.999000099990002e-05
2916	0.013059493484928408	0.039280648992946095	9.999000099990002e-05
2917	-0.0011510814476700937	0.039280648992946095	9.999000099990002e-05
2918	-0.004925966040890836	0.039280648992946095	9.999000099990002e-05
2919	-0.007863057071422347	0.039280648992946095	9.999000099990002e-05
2920	-0.010830657545300812	0.039280648992946095	9.999000099990002e-05
2921	-0.01421414701973829	0.039280648992946095	9.999000099990002e-05
2922	0.0007247455087586729	0.039280648992946095	9.999000099990002e-05
2923	-0.0028915872305636248	0.039280648992946095	9.999000099990002e-05
2924	-0.000872090571050893	0.039280648992946095	9.999000099990002e-05
2925	-0.012728140319463968	0.039280648992946095	9.999000099990002e-05
2926	-0.007232659700846675	0.039280648992946095	9.999000099990002e-05
2927	-0.0068654451518233295	0.039280648992946095	9.999000099990002e-05
2928	-0.016142763142316274	0.039280648992946095	9.999000099990002e-05
2929	-0.0029711013824323534	0.039280648992946095	9.999000099990002e-05
2930	-0.009686816163934409	0.039280648992946095	9.999000099990002e-05
2931	-0.0020931746043098	0.039280648992946095	9.999000099990002e-05
2932	-0.01917441875996405	0.039280648992946095	9.999000099990002e-05
2933	-0.005225900900832012	0.039280648992946095	9.999000099990002e-05
2934	0.0024263677313657722	0.039280648992946095	9.999000099990002e-05
2935	-0.004062970354929779	0.039280648992946095	9.999000099990002e-05
2936	-0.0050779095020212495	0.039280648992946095	9.999000099990002e-05
2937	-0.014261973348804996	0.039280648992946095	9.999000099990002e-05
2938	-0.026608986667420592	0.039280648992946095	9.999000099990002e-05
2939	-0.008306379930384925	0.039280648992946095	9.999000099990002e-05
2940	-0.001809867032914969	0.039280648992946095	9.999000099990002e-05
2941	0.013461050633508609	0.039280648992946095	9.999000099990002e-05
2942	0.0025886348064227266	0.039280648992946095	9.999000099990002e-05
2943	0.012805161035942841	0.039280648992946095	9.999000099990002e-05
2944	0.0002604807542498644	0.039280648992946095	9.999000099990002e-05
2945	-0.0033863127783900354	0.039280648992946095	9.999000099990002e-05
2946	-0.011874941399655795	0.039280648992946095	9.999000099990002e-05
2947	0.003447884634330517	0.039280648992946095	9.999000099990002e-05
2948	0.005523980602116563	0.039280648992946095	9.999000099990002e-05
2949	-0.00028364457723732694	0.039280648992946095	9.999000099990002e-05
2950	-0.011266890172281843	0.039280648992946095	9.999000099990002e-05
2951	-0.01589291271081114	0.039280648992946095	9.999000099990002e-05
2952	-0.01250569500303167	0.039280648992946095	9.999000099990002e-05
2953	-0.01628347160259183	0.039280648992946095	9.999000099990002e-05
2954	-0.021619365607403546	0.039280648992946095	9.999000099990002e-05
2955	-0.005459952745090285	0.039280648992946095	9.999000099990002e-05
2956	-0.026496536251426173	0.039280648992946095	9.999000099990002e-05
2957	0.0008632135429291338	0.039280648992946095	9.999000099990002e-05
2958	-0.004791849950918567	0.039280648992946095	9.999000099990002e-05
2959	-0.04502322973358122	0.039280648992946095	9.999000099990002e-05
2960	0.007052071762716466	0.039280648992946095	9.999000099990002e-05
2961	0.0006107091115159224	0.039280648992946095	9.999000099990002e-05
2962	0.0011570053898746213	0.039280648992946095	9.999000099990002e-05
2963	-0.03460510890078458	0.039280648992946095	9.999000099990002e-05
2964	0.006921323254969941	0.039280648992946095	9.999000099990002e-05
2965	-0.03651707127347294	0.039280648992946095	9.999000099990002e-05
2966	-0.0025473055868232286	0.039280648992946095	9.999000099990002e-05
2967	-0.01133032184795961	0.039280648992946095	9.999000099990002e-05
2968	-0.0015281600086455294	0.039280648992946095	9.999000099990002e-05
2969	0.0032283105435863407	0.039280648992946095	9.999000099990002e-05
2970	0.0004283561775081657	0.039280648992946095	9.999000099990002e-05
2971	0.010435209859646105	0.039280648992946095	9.999000099990002e-05
2972	0.010432637137332071	0.039280648992946095	9.999000099990002e-05
2973	0.0009081785996570835	0.039280648992946095	9.999000099990002e-05
2974	2.034289812817558e-05	0.039280648992946095	9.999000099990002e-05
2975	0.010406368451988252	0.039280648992946095	9.999000099990002e-05
2976	-0.010070289970343427	0.039280648992946095	9.999000099990002e-05
2977	-0.03103414148849211	0.039280648992946095	9.999000099990002e-05
2978	-0.002765479945333868	0.039280648992946095	9.999000099990002e-05
2979	0.019315632510515185	0.039280648992946095	9.999000099990002e-05
2980	-0.0023182359037110245	0.039280648992946095	9.999000099990002e-05
2981	-0.02364892762784239	0.039280648992946095	9.999000099990002e-05
2982	-0.005707501282489064	0.039280648992946095	9.999000099990002e-05
2983	-0.022611440308834274	0.039280648992946095	9.999000099990002e-05
2984	-0.003960845737743496	0.039280648992946095	9.999000099990002e-05
2985	-0.0035914531531217736	0.039280648992946095	9.999000099990002e-05
2986	-0.02263233967201947	0.039280648992946095	9.999000099990002e-05
2987	0.0007379133529478582	0.039280648992946095	9.999000099990002e-05
2988	0.004915655050724443	0.039280648992946095	9.999000099990002e-05
2989	-0.01690210173516446	0.039280648992946095	9.999000099990002e-05
2990	-0.005449479830923767	0.039280648992946095	9.999000099990002e-05
2991	0.00435527924993076	0.039280648992946095	9.999000099990002e-05
2992	0.002625687727278961	0.039280648992946095	9.999000099990002e-05
2993	-0.007465615608514192	0.039280648992946095	9.999000099990002e-05
2994	-0.01424735853038768	0.039280648992946095	9.999000099990002e-05
2995	-0.01670741451355935	0.039280648992946095	9.999000099990002e-05
2996	-0.00974589812884849	0.039280648992946095	9.999000099990002e-05
2997	-0.004723214955527882	0.039280648992946095	9.999000099990002e-05
2998	0.006571050326120015	0.039280648992946095	9.999000099990002e-05
2999	0.0011688473993799048	0.039280648992946095	9.999000099990002e-05
3000	0.0027655367037015266	0.039280648992946095	9.999000099990002e-05
3001	0.009622533501165265	0.039280648992946095	9.999000099990002e-05
3002	-0.042993992192330605	0.039280648992946095	9.999000099990002e-05
3003	0.0033944116973586985	0.039280648992946095	9.999000099990002e-05
3004	0.013535105348992549	0.039280648992946095	9.999000099990002e-05
3005	0.0019304703101761245	0.039280648992946095	9.999000099990002e-05
3006	-0.03536163399737079	0.039280648992946095	9.999000099990002e-05
3007	-0.0011126053435182304	0.039280648992946095	9.999000099990002e-05
3008	0.010934981755583523	0.039280648992946095	9.999000099990002e-05
3009	0.0021727756659117164	0.039280648992946095	9.999000099990002e-05
3010	-0.0007666491579968876	0.039280648992946095	9.999000099990002e-05
3011	0.003846200049862872	0.039280648992946095	9.999000099990002e-05
3012	-0.010620597011506347	0.039280648992946095	9.999000099990002e-05
3013	-0.0037650622882300644	0.039280648992946095	9.999000099990002e-05
3014	0.00030046248456157276	0.039280648992946095	9.999000099990002e-05
3015	0.006728183366485993	0.039280648992946095	9.999000099990002e-05
3016	-0.047731710828633755	0.039280648992946095	9.999000099990002e-05
3017	0.012007951356923369	0.039280648992946095	9.999000099990002e-05
3018	-0.0001590410246034013	0.039280648992946095	9.999000099990002e-05
3019	0.005213018402174668	0.039280648992946095	9.999000099990002e-05
3020	-0.028835560671997898	0.039280648992946095	9.999000099990002e-05
3021	-0.0009212320046053935	0.039280648992946095	9.999000099990002e-05
3022	-0.0004364214978536951	0.039280648992946095	9.999000099990002e-05
3023	-0.003712069928095696	0.039280648992946095	9.999000099990002e-05
3024	-0.006812300189850171	0.039280648992946095	9.999000099990002e-05
3025	-0.04476278583100035	0.039280648992946095	9.999000099990002e-05
3026	-0.028109918002317533	0.039280648992946095	9.999000099990002e-05
3027	0.013507674743634845	0.039280648992946095	9.999000099990002e-05
3028	0.01128439219029917	0.039280648992946095	9.999000099990002e-05
3029	-0.00843149076396428	0.039280648992946095	9.999000099990002e-05
3030	-0.0033331371309692076	0.039280648992946095	9.999000099990002e-05
3031	0.011255575884502822	0.039280648992946095	9.999000099990002e-05
3032	-0.004755608349415158	0.039280648992946095	9.999000099990002e-05
3033	-0.005224900662053583	0.039280648992946095	9.999000099990002e-05
3034	-0.004925946668274353	0.039280648992946095	9.999000099990002e-05
3035	-0.0019860471424320014	0.039280648992946095	9.999000099990002e-05
3036	0.0021653147323587307	0.039280648992946095	9.999000099990002e-05
3037	-0.012480548521410298	0.039280648992946095	9.999000099990002e-05
3038	0.004522281643070378	0.039280648992946095	9.999000099990002e-05
3039	-0.012158470420935055	0.039280648992946095	9.999000099990002e-05
3040	-0.009335950937969878	0.039280648992946095	9.999000099990002e-05
3041	0.009489662502364965	0.039280648992946095	9.999000099990002e-05
3042	-0.011298019345145266	0.039280648992946095	9.999000099990002e-05
3043	0.005979710675167671	0.039280648992946095	9.999000099990002e-05
3044	-0.004312602832361012	0.039280648992946095	9.999000099990002e-05
3045	-0.002826903860516247	0.039280648992946095	9.999000099990002e-05
3046	-0.001444130677649591	0.039280648992946095	9.999000099990002e-05
3047	-0.0006595228613892334	0.039280648992946095	9.999000099990002e-05
3048	-0.010772720555430298	0.039280648992946095	9.999000099990002e-05
3049	-0.007379475487719084	0.039280648992946095	9.999000099990002e-05
3050	0.007654930449126546	0.039280648992946095	9.999000099990002e-05
3051	-0.007395038010651556	0.039280648992946095	9.999000099990002e-05
3052	-0.0030962706737316797	0.039280648992946095	9.999000099990002e-05
3053	0.0014629355648179548	0.039280648992946095	9.999000099990002e-05
3054	-0.0037602089379901865	0.039280648992946095	9.999000099990002e-05
3055	-0.010435066871286175	0.039280648992946095	9.999000099990002e-05
3056	-0.0011117110957719334	0.039280648992946095	9.999000099990002e-05
3057	-0.00889179787256722	0.039280648992946095	9.999000099990002e-05
3058	-0.02234850195125218	0.039280648992946095	9.999000099990002e-05
3059	-0.001651128978554614	0.039280648992946095	9.999000099990002e-05
3060	0.0025594108017271966	0.039280648992946095	9.999000099990002e-05
3061	-0.005406013942816812	0.039280648992946095	9.999000099990002e-05
3062	0.0023601160533342352	0.039280648992946095	9.999000099990002e-05
3063	0.0002858412571583313	0.039280648992946095	9.999000099990002e-05
3064	-0.012271019593575988	0.039280648992946095	9.999000099990002e-05
3065	0.0021395669227789738	0.039280648992946095	9.999000099990002e-05
3066	-0.004559576697356446	0.039280648992946095	9.999000099990002e-05
3067	-0.00772154583710849	0.039280648992946095	9.999000099990002e-05
3068	-0.013410025832048894	0.039280648992946095	9.999000099990002e-05
3069	-0.028344733049981377	0.039280648992946095	9.999000099990002e-05
3070	-0.011095117891377987	0.039280648992946095	9.999000099990002e-05
3071	-0.020560106671938347	0.039280648992946095	9.999000099990002e-05
3072	-0.013089950394012062	0.039280648992946095	9.999000099990002e-05
3073	0.0039432529257591165	0.039280648992946095	9.999000099990002e-05
3074	0.006351464048592062	0.039280648992946095	9.999000099990002e-05
3075	-0.00026783215240729075	0.039280648992946095	9.999000099990002e-05
3076	-0.006567189737508361	0.039280648992946095	9.999000099990002e-05
3077	-0.007281801377165803	0.039280648992946095	9.999000099990002e-05
3078	-0.008742932035603015	0.039280648992946095	9.999000099990002e-05
3079	-0.014329382528534398	0.039280648992946095	9.999000099990002e-05
3080	-0.029687542418565124	0.039280648992946095	9.999000099990002e-05
3081	-0.017171884161405623	0.039280648992946095	9.999000099990002e-05
3082	0.018221074045922547	0.039280648992946095	9.999000099990002e-05
3083	-0.03304232123836795	0.039280648992946095	9.999000099990002e-05
3084	0.0027484991915040224	0.039280648992946095	9.999000099990002e-05
3085	0.011982427230662479	0.039280648992946095	9.999000099990002e-05
3086	-8.242455976614771e-05	0.039280648992946095	9.999000099990002e-05
3087	-0.00833448857732022	0.039280648992946095	9.999000099990002e-05
3088	-0.004321283658118638	0.039280648992946095	9.999000099990002e-05
3089	0.003467646596728227	0.039280648992946095	9.999000099990002e-05
3090	-0.0033844596589562015	0.039280648992946095	9.999000099990002e-05
3091	0.0016009275861257333	0.039280648992946095	9.999000099990002e-05
3092	-0.0025068093411804576	0.039280648992946095	9.999000099990002e-05
3093	0.0014726691150643845	0.039280648992946095	9.999000099990002e-05
3094	0.004048011684707739	0.039280648992946095	9.999000099990002e-05
3095	-0.002001095489903862	0.039280648992946095	9.999000099990002e-05
3096	0.0008516525577454415	0.039280648992946095	9.999000099990002e-05
3097	-0.014294406895960066	0.039280648992946095	9.999000099990002e-05
3098	-0.006198907849566185	0.039280648992946095	9.999000099990002e-05
3099	0.005333630953044219	0.039280648992946095	9.999000099990002e-05
3100	-0.0031628598916878248	0.039280648992946095	9.999000099990002e-05
3101	-0.007375204918220829	0.039280648992946095	9.999000099990002e-05
3102	0.013442403640447742	0.039280648992946095	9.999000099990002e-05
3103	-0.006817804683348	0.039280648992946095	9.999000099990002e-05
3104	-0.007268687232510104	0.039280648992946095	9.999000099990002e-05
3105	-0.010201217541272081	0.039280648992946095	9.999000099990002e-05
3106	-0.0003671581790791051	0.039280648992946095	9.999000099990002e-05
3107	0.0037191910397366135	0.039280648992946095	9.999000099990002e-05
3108	-0.011924224947617607	0.039280648992946095	9.999000099990002e-05
3109	0.007113949744840073	0.039280648992946095	9.999000099990002e-05
3110	0.0005562969667905759	0.039280648992946095	9.999000099990002e-05
3111	-0.0023038881749262163	0.039280648992946095	9.999000099990002e-05
3112	0.0031678333618606197	0.039280648992946095	9.999000099990002e-05
3113	-0.021084324042386665	0.039280648992946095	9.999000099990002e-05
3114	-0.0021494479768072033	0.039280648992946095	9.999000099990002e-05
3115	0.006932696631656965	0.039280648992946095	9.999000099990002e-05
3116	0.00034311103275316834	0.039280648992946095	9.999000099990002e-05
3117	-0.004669616169378138	0.039280648992946095	9.999000099990002e-05
3118	0.008954016307790885	0.039280648992946095	9.999000099990002e-05
3119	0.010814115321476608	0.039280648992946095	9.999000099990002e-05
3120	0.0003934860504367643	0.039280648992946095	9.999000099990002e-05
3121	-0.023769833049946912	0.039280648992946095	9.999000099990002e-05
3122	0.004758624068603806	0.039280648992946095	9.999000099990002e-05
3123	-0.018820976004946102	0.039280648992946095	9.999000099990002e-05
3124	-0.00205673913098256	0.039280648992946095	9.999000099990002e-05
3125	-0.001024070252662268	0.039280648992946095	9.999000099990002e-05
3126	-0.006668994973563436	0.039280648992946095	9.999000099990002e-05
3127	0.0067418790780601895	0.039280648992946095	9.999000099990002e-05
3128	-0.0007219000646729867	0.039280648992946095	9.999000099990002e-05
3129	-0.0005925529399593843	0.039280648992946095	9.999000099990002e-05
3130	-0.003931117122513303	0.039280648992946095	9.999000099990002e-05
3131	-0.004892868775270592	0.039280648992946095	9.999000099990002e-05
3132	-0.0007419505285425065	0.039280648992946095	9.999000099990002e-05
3133	-0.007096563719757157	0.039280648992946095	9.999000099990002e-05
3134	-0.02483617872158317	0.039280648992946095	9.999000099990002e-05
3135	-0.014780787749918714	0.039280648992946095	9.999000099990002e-05
3136	-0.0040989395745319734	0.039280648992946095	9.999000099990002e-05
3137	-0.004064514871981381	0.039280648992946095	9.999000099990002e-05
3138	-0.0030581327892453825	0.039280648992946095	9.999000099990002e-05
3139	0.002247250315631638	0.039280648992946095	9.999000099990002e-05
3140	-0.014015601928485222	0.039280648992946095	9.999000099990002e-05
3141	-0.009938999757628644	0.039280648992946095	9.999000099990002e-05
3142	0.011863881674855026	0.039280648992946095	9.999000099990002e-05
3143	-0.04606012145387592	0.039280648992946095	9.999000099990002e-05
3144	-0.015524386504557591	0.039280648992946095	9.999000099990002e-05
3145	-0.0015412797368874465	0.039280648992946095	9.999000099990002e-05
3146	0.002320274155442406	0.039280648992946095	9.999000099990002e-05
3147	-0.0033503981322738907	0.039280648992946095	9.999000099990002e-05
3148	-0.004227602345787895	0.039280648992946095	9.999000099990002e-05
3149	-0.017032619956394518	0.039280648992946095	9.999000099990002e-05
3150	-0.012340480085773195	0.039280648992946095	9.999000099990002e-05
3151	0.009453781794742405	0.039280648992946095	9.999000099990002e-05
3152	0.013184760513262866	0.039280648992946095	9.999000099990002e-05
3153	-0.015618610201597521	0.039280648992946095	9.999000099990002e-05
3154	0.0037424855671943646	0.039280648992946095	9.999000099990002e-05
3155	0.017901521619978433	0.039280648992946095	9.999000099990002e-05
3156	0.0005682041343193084	0.039280648992946095	9.999000099990002e-05
3157	0.0061197146810751946	0.039280648992946095	9.999000099990002e-05
3158	0.011586342676309286	0.039280648992946095	9.999000099990002e-05
3159	0.0009713443995253979	0.039280648992946095	9.999000099990002e-05
3160	-0.007523297307112584	0.039280648992946095	9.999000099990002e-05
3161	0.0044516889452485	0.039280648992946095	9.999000099990002e-05
3162	-0.00702095667020089	0.039280648992946095	9.999000099990002e-05
3163	0.0018943525186278232	0.039280648992946095	9.999000099990002e-05
3164	0.002048955611805431	0.039280648992946095	9.999000099990002e-05
3165	-0.004905035555281628	0.039280648992946095	9.999000099990002e-05
3166	0.00331760320570873	0.039280648992946095	9.999000099990002e-05
3167	0.007141669628516395	0.039280648992946095	9.999000099990002e-05
3168	0.011941277511221426	0.039280648992946095	9.999000099990002e-05
3169	-0.0012946972570088838	0.039280648992946095	9.999000099990002e-05
3170	0.0061277793216798215	0.039280648992946095	9.999000099990002e-05
3171	-0.0024463773622265678	0.039280648992946095	9.999000099990002e-05
3172	-0.00020072536028585553	0.039280648992946095	9.999000099990002e-05
3173	0.010326568857481885	0.039280648992946095	9.999000099990002e-05
3174	-0.010158980382001873	0.039280648992946095	9.999000099990002e-05
3175	0.005188658283703379	0.039280648992946095	9.999000099990002e-05
3176	-0.00189302920869594	0.039280648992946095	9.999000099990002e-05
3177	-0.002278034956949407	0.039280648992946095	9.999000099990002e-05
3178	-0.0009673219840194563	0.039280648992946095	9.999000099990002e-05
3179	0.00513195827666664	0.039280648992946095	9.999000099990002e-05
3180	0.00687985439716228	0.039280648992946095	9.999000099990002e-05
3181	-0.017189769019225254	0.039280648992946095	9.999000099990002e-05
3182	-0.009633391148698128	0.039280648992946095	9.999000099990002e-05
3183	-0.004226577539230142	0.039280648992946095	9.999000099990002e-05
3184	-0.0321180135517133	0.039280648992946095	9.999000099990002e-05
3185	-0.00024259647906529902	0.039280648992946095	9.999000099990002e-05
3186	-0.01818458895150743	0.039280648992946095	9.999000099990002e-05
3187	0.005667344081911566	0.039280648992946095	9.999000099990002e-05
3188	0.0005876469097974846	0.039280648992946095	9.999000099990002e-05
3189	0.0032424853268574055	0.039280648992946095	9.999000099990002e-05
3190	0.0033771044251178217	0.039280648992946095	9.999000099990002e-05
3191	-0.002602013467406003	0.039280648992946095	9.999000099990002e-05
3192	0.003241146188672467	0.039280648992946095	9.999000099990002e-05
3193	-0.013263058657160792	0.039280648992946095	9.999000099990002e-05
3194	0.0020424095124382813	0.039280648992946095	9.999000099990002e-05
3195	-0.005609205257537789	0.039280648992946095	9.999000099990002e-05
3196	-0.0030294756399324996	0.039280648992946095	9.999000099990002e-05
3197	-0.005087668785317162	0.039280648992946095	9.999000099990002e-05
3198	0.006686125755927155	0.039280648992946095	9.999000099990002e-05
3199	0.002607018982508341	0.039280648992946095	9.999000099990002e-05
3200	-0.013184851841312087	0.039280648992946095	9.999000099990002e-05
3201	-0.010321107236215557	0.039280648992946095	9.999000099990002e-05
3202	-0.006175001603824448	0.039280648992946095	9.999000099990002e-05
3203	0.003354518867450043	0.039280648992946095	9.999000099990002e-05
3204	0.0014536555474305296	0.039280648992946095	9.999000099990002e-05
3205	-0.01760758120108677	0.039280648992946095	9.999000099990002e-05
3206	-0.006450355380939188	0.039280648992946095	9.999000099990002e-05
3207	-0.009387957576649966	0.039280648992946095	9.999000099990002e-05
3208	-0.005236697517339975	0.039280648992946095	9.999000099990002e-05
3209	-0.005395557196773829	0.039280648992946095	9.999000099990002e-05
3210	-0.00503830604753705	0.039280648992946095	9.999000099990002e-05
3211	0.002634296063521724	0.039280648992946095	9.999000099990002e-05
3212	0.00564232563434966	0.039280648992946095	9.999000099990002e-05
3213	-0.02108065285872987	0.039280648992946095	9.999000099990002e-05
3214	-0.007295636047207246	0.039280648992946095	9.999000099990002e-05
3215	-0.022966070231386387	0.039280648992946095	9.999000099990002e-05
3216	0.001496578176875693	0.039280648992946095	9.999000099990002e-05
3217	0.00014535919916536244	0.039280648992946095	9.999000099990002e-05
3218	-0.014439243811326635	0.039280648992946095	9.999000099990002e-05
3219	-0.022659585582055913	0.039280648992946095	9.999000099990002e-05
3220	0.00431090872375188	0.039280648992946095	9.999000099990002e-05
3221	-0.003493687763072198	0.039280648992946095	9.999000099990002e-05
3222	-0.00965954855074111	0.039280648992946095	9.999000099990002e-05
3223	-0.0025725038258611194	0.039280648992946095	9.999000099990002e-05
3224	0.009200042225506591	0.039280648992946095	9.999000099990002e-05
3225	0.008269915470962313	0.039280648992946095	9.999000099990002e-05
3226	-0.0016219041970122888	0.039280648992946095	9.999000099990002e-05
3227	0.00630834278913657	0.039280648992946095	9.999000099990002e-05
3228	-0.007297956731295033	0.039280648992946095	9.999000099990002e-05
3229	-0.023947450714424945	0.039280648992946095	9.999000099990002e-05
3230	-0.0087718909898888	0.039280648992946095	9.999000099990002e-05
3231	0.004899964785050059	0.039280648992946095	9.999000099990002e-05
3232	-0.017204606112926693	0.039280648992946095	9.999000099990002e-05
3233	-0.009979088692795596	0.039280648992946095	9.999000099990002e-05
3234	-0.002527172582983628	0.039280648992946095	9.999000099990002e-05
3235	-0.020574178717223127	0.039280648992946095	9.999000099990002e-05
3236	-0.014794243610050467	0.039280648992946095	9.999000099990002e-05
3237	-0.0028105580818208187	0.039280648992946095	9.999000099990002e-05
3238	-0.002244537129709706	0.039280648992946095	9.999000099990002e-05
3239	-0.003772245304848515	0.039280648992946095	9.999000099990002e-05
3240	0.002479687823734228	0.039280648992946095	9.999000099990002e-05
3241	-0.0017208571430194358	0.039280648992946095	9.999000099990002e-05
3242	0.006157033186423383	0.039280648992946095	9.999000099990002e-05
3243	-0.010172232951042665	0.039280648992946095	9.999000099990002e-05
3244	0.0006302855531926388	0.039280648992946095	9.999000099990002e-05
3245	-0.008865087355618945	0.039280648992946095	9.999000099990002e-05
3246	-0.0016162646292811056	0.039280648992946095	9.999000099990002e-05
3247	0.0015731241914208605	0.039280648992946095	9.999000099990002e-05
3248	-0.02771373284630671	0.039280648992946095	9.999000099990002e-05
3249	0.002554391934570896	0.039280648992946095	9.999000099990002e-05
3250	-0.0006866674414742063	0.039280648992946095	9.999000099990002e-05
3251	-0.0022281377971395677	0.039280648992946095	9.999000099990002e-05
3252	-0.0012364239895897439	0.039280648992946095	9.999000099990002e-05
3253	0.012826942848513878	0.039280648992946095	9.999000099990002e-05
3254	0.008003677990776698	0.039280648992946095	9.999000099990002e-05
3255	-0.003469560552975273	0.039280648992946095	9.999000099990002e-05
3256	0.007867006026354886	0.039280648992946095	9.999000099990002e-05
3257	-0.007165855344886188	0.039280648992946095	9.999000099990002e-05
3258	-0.013993930768026991	0.039280648992946095	9.999000099990002e-05
3259	0.0006449495071686739	0.039280648992946095	9.999000099990002e-05
3260	-0.0006098801674518511	0.039280648992946095	9.999000099990002e-05
3261	-0.015872291701536756	0.039280648992946095	9.999000099990002e-05
3262	0.007927363962100364	0.039280648992946095	9.999000099990002e-05
3263	0.0012232781884278926	0.039280648992946095	9.999000099990002e-05
3264	-0.011943036729301054	0.039280648992946095	9.999000099990002e-05
3265	0.010784523285620434	0.039280648992946095	9.999000099990002e-05
3266	-0.025243591158533973	0.039280648992946095	9.999000099990002e-05
3267	-0.021108084046722667	0.039280648992946095	9.999000099990002e-05
3268	-0.029966678177108255	0.039280648992946095	9.999000099990002e-05
3269	-0.015475411267660458	0.039280648992946095	9.999000099990002e-05
3270	-0.002709060768407004	0.039280648992946095	9.999000099990002e-05
3271	0.003948813400777823	0.039280648992946095	9.999000099990002e-05
3272	0.00032690741701793535	0.039280648992946095	9.999000099990002e-05
3273	0.00717202583883661	0.039280648992946095	9.999000099990002e-05
3274	-0.013335795791957941	0.039280648992946095	9.999000099990002e-05
3275	0.005682537068542756	0.039280648992946095	9.999000099990002e-05
3276	-0.01633696735943775	0.039280648992946095	9.999000099990002e-05
3277	0.004322567251759016	0.039280648992946095	9.999000099990002e-05
3278	-0.021496403289244986	0.039280648992946095	9.999000099990002e-05
3279	0.00019147957270962412	0.039280648992946095	9.999000099990002e-05
3280	-0.006492282238474839	0.039280648992946095	9.999000099990002e-05
3281	-0.00875046390497733	0.039280648992946095	9.999000099990002e-05
3282	-0.01750313721074165	0.039280648992946095	9.999000099990002e-05
3283	-0.012491860235884375	0.039280648992946095	9.999000099990002e-05
3284	-0.00885181672489059	0.039280648992946095	9.999000099990002e-05
3285	0.0007400481764441996	0.039280648992946095	9.999000099990002e-05
3286	-0.012594214702610823	0.039280648992946095	9.999000099990002e-05
3287	-0.003002923939597224	0.039280648992946095	9.999000099990002e-05
3288	-0.003617399495605994	0.039280648992946095	9.999000099990002e-05
3289	0.0011872137079896455	0.039280648992946095	9.999000099990002e-05
3290	0.006977947762210571	0.039280648992946095	9.999000099990002e-05
3291	-0.01943182203570648	0.039280648992946095	9.999000099990002e-05
3292	-0.00484640998784909	0.039280648992946095	9.999000099990002e-05
3293	-0.0035815681663067256	0.039280648992946095	9.999000099990002e-05
3294	-0.014231458613189335	0.039280648992946095	9.999000099990002e-05
3295	-0.0077721612888695946	0.039280648992946095	9.999000099990002e-05
3296	-0.011390690028371966	0.039280648992946095	9.999000099990002e-05
3297	-0.02167465301568204	0.039280648992946095	9.999000099990002e-05
3298	0.0017188055877870312	0.039280648992946095	9.999000099990002e-05
3299	-0.009428001309045086	0.039280648992946095	9.999000099990002e-05
3300	0.006225365842758984	0.039280648992946095	9.999000099990002e-05
3301	0.006649172465670053	0.039280648992946095	9.999000099990002e-05
3302	-0.043449149777859936	0.039280648992946095	9.999000099990002e-05
3303	0.0052243298738841315	0.039280648992946095	9.999000099990002e-05
3304	-0.007930484021521716	0.039280648992946095	9.999000099990002e-05
3305	0.0062426907882640464	0.039280648992946095	9.999000099990002e-05
3306	0.0005177212805925063	0.039280648992946095	9.999000099990002e-05
3307	0.0038345595349903866	0.039280648992946095	9.999000099990002e-05
3308	-0.004147157191609768	0.039280648992946095	9.999000099990002e-05
3309	-0.017609683202806814	0.039280648992946095	9.999000099990002e-05
3310	-0.0034445259372897913	0.039280648992946095	9.999000099990002e-05
3311	0.009928465132696296	0.039280648992946095	9.999000099990002e-05
3312	-0.009560217523118156	0.039280648992946095	9.999000099990002e-05
3313	-0.0007409834999637932	0.039280648992946095	9.999000099990002e-05
3314	-0.008732949797282077	0.039280648992946095	9.999000099990002e-05
3315	0.004965133781438952	0.039280648992946095	9.999000099990002e-05
3316	-0.0012957605660350174	0.039280648992946095	9.999000099990002e-05
3317	-0.002484148623586993	0.039280648992946095	9.999000099990002e-05
3318	0.001081309973997427	0.039280648992946095	9.999000099990002e-05
3319	0.001833851788734145	0.039280648992946095	9.999000099990002e-05
3320	-0.0027288790521960565	0.039280648992946095	9.999000099990002e-05
3321	-0.008740009003945476	0.039280648992946095	9.999000099990002e-05
3322	0.005550026915070422	0.039280648992946095	9.999000099990002e-05
3323	-0.0015326377049157125	0.039280648992946095	9.999000099990002e-05
3324	-0.0030694492133530593	0.039280648992946095	9.999000099990002e-05
3325	-0.04508879084338083	0.039280648992946095	9.999000099990002e-05
3326	-0.011637800424188424	0.039280648992946095	9.999000099990002e-05
3327	-0.0096445608458708	0.039280648992946095	9.999000099990002e-05
3328	0.002596212606862755	0.039280648992946095	9.999000099990002e-05
3329	-0.02135453451120202	0.039280648992946095	9.999000099990002e-05
3330	-0.015241433952139852	0.039280648992946095	9.999000099990002e-05
3331	-0.003402321988219284	0.039280648992946095	9.999000099990002e-05
3332	0.005576262827190814	0.039280648992946095	9.999000099990002e-05
3333	-0.023566280064498277	0.039280648992946095	9.999000099990002e-05
3334	-0.0006004970722077313	0.039280648992946095	9.999000099990002e-05
3335	-0.008162111035671188	0.039280648992946095	9.999000099990002e-05
3336	-0.003798148095360318	0.039280648992946095	9.999000099990002e-05
3337	0.007958964146875289	0.039280648992946095	9.999000099990002e-05
3338	-0.020930980703363966	0.039280648992946095	9.999000099990002e-05
3339	0.004901561593600376	0.039280648992946095	9.999000099990002e-05
3340	0.003626482630888342	0.039280648992946095	9.999000099990002e-05
3341	0.00767615662204027	0.039280648992946095	9.999000099990002e-05
3342	-0.0025511835573815284	0.039280648992946095	9.999000099990002e-05
3343	0.003649203262789502	0.039280648992946095	9.999000099990002e-05
3344	0.02515121844459922	0.039280648992946095	9.999000099990002e-05
3345	0.007055994984599551	0.039280648992946095	9.999000099990002e-05
3346	-0.010069348237837922	0.039280648992946095	9.999000099990002e-05
3347	0.0021323620573448776	0.039280648992946095	9.999000099990002e-05
3348	-0.048753301532042354	0.039280648992946095	9.999000099990002e-05
3349	-0.013956132656899808	0.039280648992946095	9.999000099990002e-05
3350	-0.006357352692821117	0.039280648992946095	9.999000099990002e-05
3351	-0.006110018516579913	0.039280648992946095	9.999000099990002e-05
3352	-0.00885219839942275	0.039280648992946095	9.999000099990002e-05
3353	0.0012361500054420549	0.039280648992946095	9.999000099990002e-05
3354	-0.00030986247622308283	0.039280648992946095	9.999000099990002e-05
3355	-0.00375151150713271	0.039280648992946095	9.999000099990002e-05
3356	0.006381295061938033	0.039280648992946095	9.999000099990002e-05
3357	-3.099089413709233e-05	0.039280648992946095	9.999000099990002e-05
3358	-0.0008175820973251868	0.039280648992946095	9.999000099990002e-05
3359	-0.020556710540593534	0.039280648992946095	9.999000099990002e-05
3360	-0.008516899192201222	0.039280648992946095	9.999000099990002e-05
3361	-0.017714650108138774	0.039280648992946095	9.999000099990002e-05
3362	-0.008251140929371223	0.039280648992946095	9.999000099990002e-05
3363	0.0029718189946426887	0.039280648992946095	9.999000099990002e-05
3364	-0.006860516010469775	0.039280648992946095	9.999000099990002e-05
3365	0.0073903525078685	0.039280648992946095	9.999000099990002e-05
3366	-0.0009484707773620704	0.039280648992946095	9.999000099990002e-05
3367	-0.013332589890967667	0.039280648992946095	9.999000099990002e-05
3368	-0.00011819034261861816	0.039280648992946095	9.999000099990002e-05
3369	-0.017365858771751536	0.039280648992946095	9.999000099990002e-05
3370	0.00038378323419094307	0.039280648992946095	9.999000099990002e-05
3371	-0.012422156542093027	0.039280648992946095	9.999000099990002e-05
3372	-0.0021695745231079533	0.039280648992946095	9.999000099990002e-05
3373	0.0030660149194103453	0.039280648992946095	9.999000099990002e-05
3374	0.0020940225325670053	0.039280648992946095	9.999000099990002e-05
3375	0.0017511723261192519	0.039280648992946095	9.999000099990002e-05
3376	0.009619494573679138	0.039280648992946095	9.999000099990002e-05
3377	0.002976463664417034	0.039280648992946095	9.999000099990002e-05
3378	0.005593054321724605	0.039280648992946095	9.999000099990002e-05
3379	-0.005504939310763374	0.039280648992946095	9.999000099990002e-05
3380	0.002074751780097056	0.039280648992946095	9.999000099990002e-05
3381	0.012335895427412369	0.039280648992946095	9.999000099990002e-05
3382	0.000516667924915698	0.039280648992946095	9.999000099990002e-05
3383	-0.01180671405461138	0.039280648992946095	9.999000099990002e-05
3384	-0.04685661920137714	0.039280648992946095	9.999000099990002e-05
3385	-0.01388446397773875	0.039280648992946095	9.999000099990002e-05
3386	0.002512694441046154	0.039280648992946095	9.999000099990002e-05
3387	0.010374311481308407	0.039280648992946095	9.999000099990002e-05
3388	0.005265981776213652	0.039280648992946095	9.999000099990002e-05
3389	-0.008789314449275748	0.039280648992946095	9.999000099990002e-05
3390	-0.01676420492613981	0.039280648992946095	9.999000099990002e-05
3391	-0.005330768758199891	0.039280648992946095	9.999000099990002e-05
3392	-0.007278050129738006	0.039280648992946095	9.999000099990002e-05
3393	-0.005578191737738297	0.039280648992946095	9.999000099990002e-05
3394	-0.0011627901794002	0.039280648992946095	9.999000099990002e-05
3395	-0.010078530955166462	0.039280648992946095	9.999000099990002e-05
3396	-0.01409245669107137	0.039280648992946095	9.999000099990002e-05
3397	0.005375851215897037	0.039280648992946095	9.999000099990002e-05
3398	-0.001866811309710198	0.039280648992946095	9.999000099990002e-05
3399	0.001134811217323728	0.039280648992946095	9.999000099990002e-05
3400	-0.0017210731064234708	0.039280648992946095	9.999000099990002e-05
3401	-0.0017990910999524379	0.039280648992946095	9.999000099990002e-05
3402	0.0048329786469437225	0.039280648992946095	9.999000099990002e-05
3403	0.005976622660675848	0.039280648992946095	9.999000099990002e-05
3404	0.0017340200833633468	0.039280648992946095	9.999000099990002e-05
3405	0.006748057194819607	0.039280648992946095	9.999000099990002e-05
3406	0.01153954445539912	0.039280648992946095	9.999000099990002e-05
3407	0.004000491821694568	0.039280648992946095	9.999000099990002e-05
3408	-0.005601127556196725	0.039280648992946095	9.999000099990002e-05
3409	0.0034115055795004984	0.039280648992946095	9.999000099990002e-05
3410	-0.003173766189250138	0.039280648992946095	9.999000099990002e-05
3411	-0.004703339087971492	0.039280648992946095	9.999000099990002e-05
3412	-0.003969873668351706	0.039280648992946095	9.999000099990002e-05
3413	0.00011719238582759417	0.039280648992946095	9.999000099990002e-05
3414	0.005024750411147361	0.039280648992946095	9.999000099990002e-05
3415	0.0032749634455963017	0.039280648992946095	9.999000099990002e-05
3416	0.008616797949159483	0.039280648992946095	9.999000099990002e-05
3417	-0.001556175288308842	0.039280648992946095	9.999000099990002e-05
3418	0.015377116553638132	0.039280648992946095	9.999000099990002e-05
3419	0.013656359429641246	0.039280648992946095	9.999000099990002e-05
3420	0.003954625137175968	0.039280648992946095	9.999000099990002e-05
3421	0.007482870346491782	0.039280648992946095	9.999000099990002e-05
3422	-0.003820497928584188	0.039280648992946095	9.999000099990002e-05
3423	0.0092516797648617	0.039280648992946095	9.999000099990002e-05
3424	-0.00670432785854938	0.039280648992946095	9.999000099990002e-05
3425	-0.006363993567495035	0.039280648992946095	9.999000099990002e-05
3426	0.003762875561658413	0.039280648992946095	9.999000099990002e-05
3427	-0.017175787282378327	0.039280648992946095	9.999000099990002e-05
3428	-0.009085059289018857	0.039280648992946095	9.999000099990002e-05
3429	-0.03458748530624667	0.039280648992946095	9.999000099990002e-05
3430	0.0013487015086233456	0.039280648992946095	9.999000099990002e-05
3431	-0.0006458737120687424	0.039280648992946095	9.999000099990002e-05
3432	-0.004795683738316431	0.039280648992946095	9.999000099990002e-05
3433	-0.005478929946584346	0.039280648992946095	9.999000099990002e-05
3434	-0.001381185842136451	0.039280648992946095	9.999000099990002e-05
3435	-0.00372506482677111	0.039280648992946095	9.999000099990002e-05
3436	0.002983926297322359	0.039280648992946095	9.999000099990002e-05
3437	0.0011833647720796564	0.039280648992946095	9.999000099990002e-05
3438	-0.004090825749815785	0.039280648992946095	9.999000099990002e-05
3439	0.0007507405012723289	0.039280648992946095	9.999000099990002e-05
3440	-0.0014309520547114013	0.039280648992946095	9.999000099990002e-05
3441	0.006388612230284335	0.039280648992946095	9.999000099990002e-05
3442	-0.00933693782469433	0.039280648992946095	9.999000099990002e-05
3443	-0.013412958137314843	0.039280648992946095	9.999000099990002e-05
3444	-0.006214447795389197	0.039280648992946095	9.999000099990002e-05
3445	0.011884377514692457	0.039280648992946095	9.999000099990002e-05
3446	-0.0032043433153725875	0.039280648992946095	9.999000099990002e-05
3447	-0.0022138729481953334	0.039280648992946095	9.999000099990002e-05
3448	-0.004519381334181019	0.039280648992946095	9.999000099990002e-05
3449	0.006981470034050807	0.039280648992946095	9.999000099990002e-05
3450	-0.013733925007028386	0.039280648992946095	9.999000099990002e-05
3451	0.0008739567026682382	0.039280648992946095	9.999000099990002e-05
3452	-0.000686594563535925	0.039280648992946095	9.999000099990002e-05
3453	0.0088990548352883	0.039280648992946095	9.999000099990002e-05
3454	-0.0026222525593836005	0.039280648992946095	9.999000099990002e-05
3455	-0.017878313808042154	0.039280648992946095	9.999000099990002e-05
3456	-0.0019597837979098004	0.039280648992946095	9.999000099990002e-05
3457	-0.008680852510293685	0.039280648992946095	9.999000099990002e-05
3458	-0.002522237663832194	0.039280648992946095	9.999000099990002e-05
3459	0.002409549726935703	0.039280648992946095	9.999000099990002e-05
3460	0.004277701777077286	0.039280648992946095	9.999000099990002e-05
3461	-0.0009326522348636346	0.039280648992946095	9.999000099990002e-05
3462	0.002796086348869256	0.039280648992946095	9.999000099990002e-05
3463	-0.035652175663059726	0.039280648992946095	9.999000099990002e-05
3464	0.00019339348040373072	0.039280648992946095	9.999000099990002e-05
3465	-0.005406968444741242	0.039280648992946095	9.999000099990002e-05
3466	-0.0035636393680912593	0.039280648992946095	9.999000099990002e-05
3467	-0.001099621854779853	0.039280648992946095	9.999000099990002e-05
3468	0.003982653526128657	0.039280648992946095	9.999000099990002e-05
3469	-0.009305728976483338	0.039280648992946095	9.999000099990002e-05
3470	-0.007064891288231928	0.039280648992946095	9.999000099990002e-05
3471	-0.008738339705880269	0.039280648992946095	9.999000099990002e-05
3472	-0.008350082708205947	0.039280648992946095	9.999000099990002e-05
3473	-0.03679753369209962	0.039280648992946095	9.999000099990002e-05
3474	-0.0028522098384915484	0.039280648992946095	9.999000099990002e-05
3475	-0.007164917205297022	0.039280648992946095	9.999000099990002e-05
3476	-0.02668855315934092	0.039280648992946095	9.999000099990002e-05
3477	-0.006933149581880918	0.039280648992946095	9.999000099990002e-05
3478	0.0014704066459319404	0.039280648992946095	9.999000099990002e-05
3479	0.001066275415555859	0.039280648992946095	9.999000099990002e-05
3480	-0.013085344081047334	0.039280648992946095	9.999000099990002e-05
3481	-0.0016737323551453687	0.039280648992946095	9.999000099990002e-05
3482	0.0011783290085059656	0.039280648992946095	9.999000099990002e-05
3483	-0.003892775315748026	0.039280648992946095	9.999000099990002e-05
3484	-0.004302257758042244	0.039280648992946095	9.999000099990002e-05
3485	-0.004045518637741302	0.039280648992946095	9.999000099990002e-05
3486	0.003337200233825069	0.039280648992946095	9.999000099990002e-05
3487	-0.020654458063167264	0.039280648992946095	9.999000099990002e-05
3488	-0.023611534448097757	0.039280648992946095	9.999000099990002e-05
3489	0.015188035301141073	0.039280648992946095	9.999000099990002e-05
3490	0.006672733742889875	0.039280648992946095	9.999000099990002e-05
3491	-0.0003209770658274963	0.039280648992946095	9.999000099990002e-05
3492	-0.007282751412221261	0.039280648992946095	9.999000099990002e-05
3493	-0.0038382836413339144	0.039280648992946095	9.999000099990002e-05
3494	-0.0013584201531222223	0.039280648992946095	9.999000099990002e-05
3495	-0.0028718993599272935	0.039280648992946095	9.999000099990002e-05
3496	-0.006835311847975187	0.039280648992946095	9.999000099990002e-05
3497	0.008580134277091478	0.039280648992946095	9.999000099990002e-05
3498	-0.007795107691865338	0.039280648992946095	9.999000099990002e-05
3499	-0.028250870926563268	0.039280648992946095	9.999000099990002e-05
3500	0.002803281066742297	0.039280648992946095	9.999000099990002e-05
3501	0.016950126208712307	0.039280648992946095	9.999000099990002e-05
3502	-0.002534562969138676	0.039280648992946095	9.999000099990002e-05
3503	-0.03142776484659672	0.039280648992946095	9.999000099990002e-05
3504	-0.005654632440992249	0.039280648992946095	9.999000099990002e-05
3505	-0.001777313074509429	0.039280648992946095	9.999000099990002e-05
3506	-0.01720334645587765	0.039280648992946095	9.999000099990002e-05
3507	-0.014169991631563753	0.039280648992946095	9.999000099990002e-05
3508	-5.231383302745085e-06	0.039280648992946095	9.999000099990002e-05
3509	-0.004010832040720974	0.039280648992946095	9.999000099990002e-05
3510	-0.0036813717109818594	0.039280648992946095	9.999000099990002e-05
3511	5.422196292370618e-05	0.039280648992946095	9.999000099990002e-05
3512	-0.005494972512272114	0.039280648992946095	9.999000099990002e-05
3513	0.004038188699976103	0.039280648992946095	9.999000099990002e-05
3514	0.005961094464660352	0.039280648992946095	9.999000099990002e-05
3515	-0.02021919989336224	0.039280648992946095	9.999000099990002e-05
3516	-0.00483811345848148	0.039280648992946095	9.999000099990002e-05
3517	-0.013044127261465907	0.039280648992946095	9.999000099990002e-05
3518	0.0017531160453084366	0.039280648992946095	9.999000099990002e-05
3519	-0.023142836617455503	0.039280648992946095	9.999000099990002e-05
3520	-0.006145599555558184	0.039280648992946095	9.999000099990002e-05
3521	-0.003430624555531364	0.039280648992946095	9.999000099990002e-05
3522	-0.0041826596234047775	0.039280648992946095	9.999000099990002e-05
3523	-0.01231989277222778	0.039280648992946095	9.999000099990002e-05
3524	0.00623942400190762	0.039280648992946095	9.999000099990002e-05
3525	0.002788111239855645	0.039280648992946095	9.999000099990002e-05
3526	-0.0051879299898498765	0.039280648992946095	9.999000099990002e-05
3527	-0.021757716046393122	0.039280648992946095	9.999000099990002e-05
3528	-0.0009112021844193408	0.039280648992946095	9.999000099990002e-05
3529	-0.024494997910306446	0.039280648992946095	9.999000099990002e-05
3530	-0.004390137578641706	0.039280648992946095	9.999000099990002e-05
3531	-0.00012170790482524119	0.039280648992946095	9.999000099990002e-05
3532	-0.00024404583238672728	0.039280648992946095	9.999000099990002e-05
3533	-0.008077086515400914	0.039280648992946095	9.999000099990002e-05
3534	0.0010615419424842842	0.039280648992946095	9.999000099990002e-05
3535	0.007377251958031378	0.039280648992946095	9.999000099990002e-05
3536	0.009001451154634882	0.039280648992946095	9.999000099990002e-05
3537	-0.008356388276389709	0.039280648992946095	9.999000099990002e-05
3538	0.00737669010359987	0.039280648992946095	9.999000099990002e-05
3539	-0.009872622813054316	0.039280648992946095	9.999000099990002e-05
3540	0.016249760142488467	0.039280648992946095	9.999000099990002e-05
3541	-0.0018282317392781938	0.039280648992946095	9.999000099990002e-05
3542	0.00012394959330638833	0.039280648992946095	9.999000099990002e-05
3543	-0.019528489061519133	0.039280648992946095	9.999000099990002e-05
3544	-0.00565572080332695	0.039280648992946095	9.999000099990002e-05
3545	0.0007358474260500125	0.039280648992946095	9.999000099990002e-05
3546	0.0010933206078062724	0.039280648992946095	9.999000099990002e-05
3547	-0.010931320865146477	0.039280648992946095	9.999000099990002e-05
3548	-0.005230910057403587	0.039280648992946095	9.999000099990002e-05
3549	0.00367390723306546	0.039280648992946095	9.999000099990002e-05
3550	0.0017257967232515437	0.039280648992946095	9.999000099990002e-05
3551	0.004254432691351534	0.039280648992946095	9.999000099990002e-05
3552	-0.0031441732794413174	0.039280648992946095	9.999000099990002e-05
3553	-0.0013616216843493623	0.039280648992946095	9.999000099990002e-05
3554	0.006197207089206541	0.039280648992946095	9.999000099990002e-05
3555	0.00789335171663548	0.039280648992946095	9.999000099990002e-05
3556	0.007453177174895825	0.039280648992946095	9.999000099990002e-05
3557	0.004425858935569127	0.039280648992946095	9.999000099990002e-05
3558	0.01663417451613286	0.039280648992946095	9.999000099990002e-05
3559	-0.009825087413105615	0.039280648992946095	9.999000099990002e-05
3560	0.0022731248968948375	0.039280648992946095	9.999000099990002e-05
3561	0.008830486017532418	0.039280648992946095	9.999000099990002e-05
3562	-0.012931233363067604	0.039280648992946095	9.999000099990002e-05
3563	0.007821153373631207	0.039280648992946095	9.999000099990002e-05
3564	0.00029502256645211333	0.039280648992946095	9.999000099990002e-05
3565	-0.01068156331538414	0.039280648992946095	9.999000099990002e-05
3566	0.006515065357988653	0.039280648992946095	9.999000099990002e-05
3567	0.0005266298195616692	0.039280648992946095	9.999000099990002e-05
3568	0.010514175606243084	0.039280648992946095	9.999000099990002e-05
3569	-0.009221983437325679	0.039280648992946095	9.999000099990002e-05
3570	0.00944640141048965	0.039280648992946095	9.999000099990002e-05
3571	-0.04275621250315369	0.039280648992946095	9.999000099990002e-05
3572	0.007627160507386016	0.039280648992946095	9.999000099990002e-05
3573	-0.01319712174773277	0.039280648992946095	9.999000099990002e-05
3574	-0.027690203953886938	0.039280648992946095	9.999000099990002e-05
3575	0.006089020785171567	0.039280648992946095	9.999000099990002e-05
3576	-0.009726750409486853	0.039280648992946095	9.999000099990002e-05
3577	-0.0057774303589516185	0.039280648992946095	9.999000099990002e-05
3578	0.002653071236300805	0.039280648992946095	9.999000099990002e-05
3579	-0.010464604819185472	0.039280648992946095	9.999000099990002e-05
3580	0.0038329440821174565	0.039280648992946095	9.999000099990002e-05
3581	0.003028402814533357	0.039280648992946095	9.999000099990002e-05
3582	-0.007328419612388309	0.039280648992946095	9.999000099990002e-05
3583	-0.018929713239004803	0.039280648992946095	9.999000099990002e-05
3584	-0.00594859631094595	0.039280648992946095	9.999000099990002e-05
3585	0.0017718731078470579	0.039280648992946095	9.999000099990002e-05
3586	-0.016160800456315905	0.039280648992946095	9.999000099990002e-05
3587	0.003674298278311866	0.039280648992946095	9.999000099990002e-05
3588	-0.01163184089269094	0.039280648992946095	9.999000099990002e-05
3589	-0.0005132668411726576	0.039280648992946095	9.999000099990002e-05
3590	-8.766123533757164e-05	0.039280648992946095	9.999000099990002e-05
3591	0.0005297189022178267	0.039280648992946095	9.999000099990002e-05
3592	-0.017607002887214174	0.039280648992946095	9.999000099990002e-05
3593	0.005390551147589379	0.039280648992946095	9.999000099990002e-05
3594	0.0024494138620665407	0.039280648992946095	9.999000099990002e-05
3595	-0.002904894858619736	0.039280648992946095	9.999000099990002e-05
3596	-0.03356302493084354	0.039280648992946095	9.999000099990002e-05
3597	-0.0055107480368802725	0.039280648992946095	9.999000099990002e-05
3598	-0.013227322491591725	0.039280648992946095	9.999000099990002e-05
3599	0.0025128642791727857	0.039280648992946095	9.999000099990002e-05
3600	0.00539235731634613	0.039280648992946095	9.999000099990002e-05
3601	-0.007046242644371661	0.039280648992946095	9.999000099990002e-05
3602	0.014541334004490147	0.039280648992946095	9.999000099990002e-05
3603	-0.005786754462393587	0.039280648992946095	9.999000099990002e-05
3604	0.0030624845392318856	0.039280648992946095	9.999000099990002e-05
3605	0.0017881134781454477	0.039280648992946095	9.999000099990002e-05
3606	0.005480967761339439	0.039280648992946095	9.999000099990002e-05
3607	-0.007159724324462657	0.039280648992946095	9.999000099990002e-05
3608	0.006580722408365242	0.039280648992946095	9.999000099990002e-05
3609	0.005512417917580545	0.039280648992946095	9.999000099990002e-05
3610	-0.026616150165763797	0.039280648992946095	9.999000099990002e-05
3611	-0.02521650469629852	0.039280648992946095	9.999000099990002e-05
3612	0.012402786159023904	0.039280648992946095	9.999000099990002e-05
3613	-0.019331996933533296	0.039280648992946095	9.999000099990002e-05
3614	0.006764845533413361	0.039280648992946095	9.999000099990002e-05
3615	-0.03905842572845444	0.039280648992946095	9.999000099990002e-05
3616	0.0059835397043790095	0.039280648992946095	9.999000099990002e-05
3617	0.0077807805495201665	0.039280648992946095	9.999000099990002e-05
3618	-0.00412314927604604	0.039280648992946095	9.999000099990002e-05
3619	-0.01227459177782167	0.039280648992946095	9.999000099990002e-05
3620	-0.002864269462200267	0.039280648992946095	9.999000099990002e-05
3621	-0.00030834577999665214	0.039280648992946095	9.999000099990002e-05
3622	-0.0007090252373775502	0.039280648992946095	9.999000099990002e-05
3623	0.01070660846705404	0.039280648992946095	9.999000099990002e-05
3624	-0.002745459098747724	0.039280648992946095	9.999000099990002e-05
3625	-0.018690175933994746	0.039280648992946095	9.999000099990002e-05
3626	-0.0011316011407819931	0.039280648992946095	9.999000099990002e-05
3627	0.013472431633004628	0.039280648992946095	9.999000099990002e-05
3628	-0.0029162881420054243	0.039280648992946095	9.999000099990002e-05
3629	0.004017465923773944	0.039280648992946095	9.999000099990002e-05
3630	-0.0050898672131434175	0.039280648992946095	9.999000099990002e-05
3631	0.008702014204924932	0.039280648992946095	9.999000099990002e-05
3632	-0.003437230666312005	0.039280648992946095	9.999000099990002e-05
3633	0.00990015989497342	0.039280648992946095	9.999000099990002e-05
3634	-0.015138838323042025	0.039280648992946095	9.999000099990002e-05
3635	-0.012166411105925826	0.039280648992946095	9.999000099990002e-05
3636	0.001172720029116614	0.039280648992946095	9.999000099990002e-05
3637	-0.005749136968142124	0.039280648992946095	9.999000099990002e-05
3638	-0.0108124064527787	0.039280648992946095	9.999000099990002e-05
3639	0.01578840239717244	0.039280648992946095	9.999000099990002e-05
3640	-0.010990134963581255	0.039280648992946095	9.999000099990002e-05
3641	-0.0004892563523040128	0.039280648992946095	9.999000099990002e-05
3642	-0.003280239206271185	0.039280648992946095	9.999000099990002e-05
3643	-0.01068305558949001	0.039280648992946095	9.999000099990002e-05
3644	-0.006908801358875921	0.039280648992946095	9.999000099990002e-05
3645	-0.003049584027439864	0.039280648992946095	9.999000099990002e-05
3646	0.003001045184219772	0.039280648992946095	9.999000099990002e-05
3647	-0.020343616274475798	0.039280648992946095	9.999000099990002e-05
3648	-0.014694479199031746	0.039280648992946095	9.999000099990002e-05
3649	-0.009303972380261566	0.039280648992946095	9.999000099990002e-05
3650	0.0035350553880341973	0.039280648992946095	9.999000099990002e-05
3651	-0.007185553460189412	0.039280648992946095	9.999000099990002e-05
3652	0.001087943759944518	0.039280648992946095	9.999000099990002e-05
3653	-0.016475400726820744	0.039280648992946095	9.999000099990002e-05
3654	-0.002061393317129956	0.039280648992946095	9.999000099990002e-05
3655	0.005147800949968057	0.039280648992946095	9.999000099990002e-05
3656	-0.00589632020354007	0.039280648992946095	9.999000099990002e-05
3657	-0.03482265702368706	0.039280648992946095	9.999000099990002e-05
3658	-0.004044365894229934	0.039280648992946095	9.999000099990002e-05
3659	-0.00021345297511703165	0.039280648992946095	9.999000099990002e-05
3660	-0.03227411217204265	0.039280648992946095	9.999000099990002e-05
3661	-0.03065079421100189	0.039280648992946095	9.999000099990002e-05
3662	-0.005741511003201902	0.039280648992946095	9.999000099990002e-05
3663	-0.007115332677762029	0.039280648992946095	9.999000099990002e-05
3664	-0.023357846587725523	0.039280648992946095	9.999000099990002e-05
3665	0.0011804496059956981	0.039280648992946095	9.999000099990002e-05
3666	-0.006991443484292592	0.039280648992946095	9.999000099990002e-05
3667	0.0011377292965830677	0.039280648992946095	9.999000099990002e-05
3668	-0.003120597582003226	0.039280648992946095	9.999000099990002e-05
3669	-0.0007972147285235237	0.039280648992946095	9.999000099990002e-05
3670	-0.008467122055218448	0.039280648992946095	9.999000099990002e-05
3671	0.008928814184519102	0.039280648992946095	9.999000099990002e-05
3672	0.0007458751099074512	0.039280648992946095	9.999000099990002e-05
3673	-0.005943825015146925	0.039280648992946095	9.999000099990002e-05
3674	0.0042212349697324375	0.039280648992946095	9.999000099990002e-05
3675	0.01566284274036761	0.039280648992946095	9.999000099990002e-05
3676	-0.0015862551353880983	0.039280648992946095	9.999000099990002e-05
3677	-0.013430240938882232	0.039280648992946095	9.999000099990002e-05
3678	-0.00952346805803421	0.039280648992946095	9.999000099990002e-05
3679	0.004025715696676133	0.039280648992946095	9.999000099990002e-05
3680	-0.006861018581781633	0.039280648992946095	9.999000099990002e-05
3681	0.002418812799352743	0.039280648992946095	9.999000099990002e-05
3682	0.003374964260799862	0.039280648992946095	9.999000099990002e-05
3683	-0.009275371358128351	0.039280648992946095	9.999000099990002e-05
3684	0.013117411684817476	0.039280648992946095	9.999000099990002e-05
3685	0.004123129175135687	0.039280648992946095	9.999000099990002e-05
3686	0.007436202538734296	0.039280648992946095	9.999000099990002e-05
3687	-0.017668751524349366	0.039280648992946095	9.999000099990002e-05
3688	0.000715483844376405	0.039280648992946095	9.999000099990002e-05
3689	0.0008445092088655154	0.039280648992946095	9.999000099990002e-05
3690	-0.00027504260142756365	0.039280648992946095	9.999000099990002e-05
3691	0.006836839274397752	0.039280648992946095	9.999000099990002e-05
3692	-0.0036359993923310296	0.039280648992946095	9.999000099990002e-05
3693	-0.0035509701624271417	0.039280648992946095	9.999000099990002e-05
3694	0.0029562696781054443	0.039280648992946095	9.999000099990002e-05
3695	-0.004007366915671787	0.039280648992946095	9.999000099990002e-05
3696	-0.010159510677033065	0.039280648992946095	9.999000099990002e-05
3697	0.001840125409094201	0.039280648992946095	9.999000099990002e-05
3698	-0.00598384471384486	0.039280648992946095	9.999000099990002e-05
3699	-0.013408307786848456	0.039280648992946095	9.999000099990002e-05
3700	0.0017380445380920373	0.039280648992946095	9.999000099990002e-05
3701	-0.033290235816257494	0.039280648992946095	9.999000099990002e-05
3702	-0.0020734787709940222	0.039280648992946095	9.999000099990002e-05
3703	0.017556991919351506	0.039280648992946095	9.999000099990002e-05
3704	0.00355314314852144	0.039280648992946095	9.999000099990002e-05
3705	-0.02066269875667276	0.039280648992946095	9.999000099990002e-05
3706	0.0009172780001687891	0.039280648992946095	9.999000099990002e-05
3707	-0.026361833690690145	0.039280648992946095	9.999000099990002e-05
3708	0.005899347963853788	0.039280648992946095	9.999000099990002e-05
3709	-0.005579917405747772	0.039280648992946095	9.999000099990002e-05
3710	0.0026871264511030557	0.039280648992946095	9.999000099990002e-05
3711	0.0036057777707149546	0.039280648992946095	9.999000099990002e-05
3712	-0.007516476349645168	0.039280648992946095	9.999000099990002e-05
3713	-0.012578319543599031	0.039280648992946095	9.999000099990002e-05
3714	-0.008810977889819147	0.039280648992946095	9.999000099990002e-05
3715	-0.006462133883220436	0.039280648992946095	9.999000099990002e-05
3716	-0.011378951388040931	0.039280648992946095	9.999000099990002e-05
3717	-0.004919793167847214	0.039280648992946095	9.999000099990002e-05
3718	0.00036096976909993916	0.039280648992946095	9.999000099990002e-05
3719	0.007177299948712079	0.039280648992946095	9.999000099990002e-05
3720	0.0074027068963761905	0.039280648992946095	9.999000099990002e-05
3721	-0.03857729019248764	0.039280648992946095	9.999000099990002e-05
3722	-0.025324706780033665	0.039280648992946095	9.999000099990002e-05
3723	0.01091827343220779	0.039280648992946095	9.999000099990002e-05
3724	0.004381804051946367	0.039280648992946095	9.999000099990002e-05
3725	-0.009228690586740279	0.039280648992946095	9.999000099990002e-05
3726	0.00639725940886593	0.039280648992946095	9.999000099990002e-05
3727	0.004387460079118638	0.039280648992946095	9.999000099990002e-05
3728	0.007380545982577938	0.039280648992946095	9.999000099990002e-05
3729	0.0015963835665619153	0.039280648992946095	9.999000099990002e-05
3730	0.00945567186295107	0.039280648992946095	9.999000099990002e-05
3731	0.005611797303915408	0.039280648992946095	9.999000099990002e-05
3732	-0.015889466715613837	0.039280648992946095	9.999000099990002e-05
3733	0.002268696724606653	0.039280648992946095	9.999000099990002e-05
3734	0.0037924782306048704	0.039280648992946095	9.999000099990002e-05
3735	-0.003117471696231	0.039280648992946095	9.999000099990002e-05
3736	-0.006197284336907943	0.039280648992946095	9.999000099990002e-05
3737	0.006251896616784228	0.039280648992946095	9.999000099990002e-05
3738	-0.007395208285754504	0.039280648992946095	9.999000099990002e-05
3739	-0.017292603528707026	0.039280648992946095	9.999000099990002e-05
3740	-0.011991232643221994	0.039280648992946095	9.999000099990002e-05
3741	0.001644793695981625	0.039280648992946095	9.999000099990002e-05
3742	0.0010438187659001369	0.039280648992946095	9.999000099990002e-05
3743	-0.00017925224720287403	0.039280648992946095	9.999000099990002e-05
3744	-0.0003430571390079934	0.039280648992946095	9.999000099990002e-05
3745	-0.005709466607729238	0.039280648992946095	9.999000099990002e-05
3746	-0.0008844467560167601	0.039280648992946095	9.999000099990002e-05
3747	0.001131024283497123	0.039280648992946095	9.999000099990002e-05
3748	0.009744480189268614	0.039280648992946095	9.999000099990002e-05
3749	-0.002744888747554561	0.039280648992946095	9.999000099990002e-05
3750	-0.01978231165625427	0.039280648992946095	9.999000099990002e-05
3751	-0.003394353385297477	0.039280648992946095	9.999000099990002e-05
3752	-0.0009276507982069193	0.039280648992946095	9.999000099990002e-05
3753	-0.011186436424236224	0.039280648992946095	9.999000099990002e-05
3754	0.014045774608754391	0.039280648992946095	9.999000099990002e-05
3755	-0.024527419804759837	0.039280648992946095	9.999000099990002e-05
3756	0.007201728915228994	0.039280648992946095	9.999000099990002e-05
3757	0.006721668535201661	0.039280648992946095	9.999000099990002e-05
3758	-0.011440025867832396	0.039280648992946095	9.999000099990002e-05
3759	-0.018563909006752297	0.039280648992946095	9.999000099990002e-05
3760	0.0019900488743924694	0.039280648992946095	9.999000099990002e-05
3761	0.008420704246464433	0.039280648992946095	9.999000099990002e-05
3762	-0.007065168525425519	0.039280648992946095	9.999000099990002e-05
3763	0.0008209591473710559	0.039280648992946095	9.999000099990002e-05
3764	0.013547470030720071	0.039280648992946095	9.999000099990002e-05
3765	0.01042687419662211	0.039280648992946095	9.999000099990002e-05
3766	0.010744722851925334	0.039280648992946095	9.999000099990002e-05
3767	0.0009395753476822699	0.039280648992946095	9.999000099990002e-05
3768	-0.0064762461303259355	0.039280648992946095	9.999000099990002e-05
3769	-0.013074580917503728	0.039280648992946095	9.999000099990002e-05
3770	0.002806633840326353	0.039280648992946095	9.999000099990002e-05
3771	-0.010788487728935592	0.039280648992946095	9.999000099990002e-05
3772	-0.003669333353453652	0.039280648992946095	9.999000099990002e-05
3773	0.010582920719664449	0.039280648992946095	9.999000099990002e-05
3774	-0.001448023408296667	0.039280648992946095	9.999000099990002e-05
3775	0.0002486211200332933	0.039280648992946095	9.999000099990002e-05
3776	-0.0143002496576764	0.039280648992946095	9.999000099990002e-05
3777	0.005588688345731535	0.039280648992946095	9.999000099990002e-05
3778	-0.012149895731868338	0.039280648992946095	9.999000099990002e-05
3779	0.005238141287075185	0.039280648992946095	9.999000099990002e-05
3780	-0.006326216334125029	0.039280648992946095	9.999000099990002e-05
3781	-0.022559429494602753	0.039280648992946095	9.999000099990002e-05
3782	0.0016452450925120432	0.039280648992946095	9.999000099990002e-05
3783	0.009869122827006027	0.039280648992946095	9.999000099990002e-05
3784	-0.002277892259907016	0.039280648992946095	9.999000099990002e-05
3785	-0.01386599240639072	0.039280648992946095	9.999000099990002e-05
3786	0.007492241886140089	0.039280648992946095	9.999000099990002e-05
3787	-0.004366669960011477	0.039280648992946095	9.999000099990002e-05
3788	-0.04311772426853941	0.039280648992946095	9.999000099990002e-05
3789	-0.019776103582341012	0.039280648992946095	9.999000099990002e-05
3790	5.473618693722926e-05	0.039280648992946095	9.999000099990002e-05
3791	-0.016724271020457815	0.039280648992946095	9.999000099990002e-05
3792	-0.02406463445783215	0.039280648992946095	9.999000099990002e-05
3793	-0.005085331204812027	0.039280648992946095	9.999000099990002e-05
3794	-0.005880966749496494	0.039280648992946095	9.999000099990002e-05
3795	0.003906451800364502	0.039280648992946095	9.999000099990002e-05
3796	0.0024829831106567557	0.039280648992946095	9.999000099990002e-05
3797	-0.0003193303448717766	0.039280648992946095	9.999000099990002e-05
3798	0.004294293621989409	0.039280648992946095	9.999000099990002e-05
3799	-0.003218436772496641	0.039280648992946095	9.999000099990002e-05
3800	-0.007433575777016338	0.039280648992946095	9.999000099990002e-05
3801	-0.004552023221931115	0.039280648992946095	9.999000099990002e-05
3802	-0.0002843610727304158	0.039280648992946095	9.999000099990002e-05
3803	0.008992923901774502	0.039280648992946095	9.999000099990002e-05
3804	-0.006058249641566538	0.039280648992946095	9.999000099990002e-05
3805	-0.006174266755326258	0.039280648992946095	9.999000099990002e-05
3806	0.007046680494636415	0.039280648992946095	9.999000099990002e-05
3807	-0.017232497971058303	0.039280648992946095	9.999000099990002e-05
3808	0.008403142119927764	0.039280648992946095	9.999000099990002e-05
3809	-0.0027739265517882084	0.039280648992946095	9.999000099990002e-05
3810	0.0005309193732530443	0.039280648992946095	9.999000099990002e-05
3811	-0.005778436132763326	0.039280648992946095	9.999000099990002e-05
3812	0.009401647558979181	0.039280648992946095	9.999000099990002e-05
3813	0.00406394311275346	0.039280648992946095	9.999000099990002e-05
3814	0.005451721033875673	0.039280648992946095	9.999000099990002e-05
3815	-0.008253061925792185	0.039280648992946095	9.999000099990002e-05
3816	-0.0029678948017011486	0.039280648992946095	9.999000099990002e-05
3817	-0.002351610503630683	0.039280648992946095	9.999000099990002e-05
3818	-0.015287184109641888	0.039280648992946095	9.999000099990002e-05
3819	0.010403531019134937	0.039280648992946095	9.999000099990002e-05
3820	0.00143470446740937	0.039280648992946095	9.999000099990002e-05
3821	0.004635369413292428	0.039280648992946095	9.999000099990002e-05
3822	0.00031094831380577836	0.039280648992946095	9.999000099990002e-05
3823	0.000401395613003494	0.039280648992946095	9.999000099990002e-05
3824	-0.015456834190809524	0.039280648992946095	9.999000099990002e-05
3825	-0.004624836924688694	0.039280648992946095	9.999000099990002e-05
3826	0.006834850158225006	0.039280648992946095	9.999000099990002e-05
3827	-0.007639766934119968	0.039280648992946095	9.999000099990002e-05
3828	0.0012176878048082845	0.039280648992946095	9.999000099990002e-05
3829	-0.04038720966256004	0.039280648992946095	9.999000099990002e-05
3830	0.004797644111158392	0.039280648992946095	9.999000099990002e-05
3831	-0.0002656326564167283	0.039280648992946095	9.999000099990002e-05
3832	-0.0026183190442807536	0.039280648992946095	9.999000099990002e-05
3833	-0.029864190384053677	0.039280648992946095	9.999000099990002e-05
3834	0.0016114536657435286	0.039280648992946095	9.999000099990002e-05
3835	-0.005153073311938289	0.039280648992946095	9.999000099990002e-05
3836	-0.01805929779236995	0.039280648992946095	9.999000099990002e-05
3837	0.002337295499516376	0.039280648992946095	9.999000099990002e-05
3838	-0.017416969366227192	0.039280648992946095	9.999000099990002e-05
3839	0.010640988074134758	0.039280648992946095	9.999000099990002e-05
3840	-0.004606638949064962	0.039280648992946095	9.999000099990002e-05
3841	0.00223771291919643	0.039280648992946095	9.999000099990002e-05
3842	-0.008954069036265902	0.039280648992946095	9.999000099990002e-05
3843	-0.004869371879227452	0.039280648992946095	9.999000099990002e-05
3844	-0.015509460219135546	0.039280648992946095	9.999000099990002e-05
3845	0.009932949723481646	0.039280648992946095	9.999000099990002e-05
3846	-0.006262525240176606	0.039280648992946095	9.999000099990002e-05
3847	0.0030681772238614347	0.039280648992946095	9.999000099990002e-05
3848	-0.054592017915873425	0.039280648992946095	9.999000099990002e-05
3849	0.008794408476357748	0.039280648992946095	9.999000099990002e-05
3850	-0.002998564761013456	0.039280648992946095	9.999000099990002e-05
3851	-0.009541288971653489	0.039280648992946095	9.999000099990002e-05
3852	-0.02075722052011046	0.039280648992946095	9.999000099990002e-05
3853	-0.005416235449945114	0.039280648992946095	9.999000099990002e-05
3854	0.0050260622625892815	0.039280648992946095	9.999000099990002e-05
3855	-0.00830392247271143	0.039280648992946095	9.999000099990002e-05
3856	-0.0037447830915375846	0.039280648992946095	9.999000099990002e-05
3857	0.0026507137976498896	0.039280648992946095	9.999000099990002e-05
3858	-0.026394519324624374	0.039280648992946095	9.999000099990002e-05
3859	-0.03833414603644447	0.039280648992946095	9.999000099990002e-05
3860	-0.003915490703933447	0.039280648992946095	9.999000099990002e-05
3861	0.007745568949737297	0.039280648992946095	9.999000099990002e-05
3862	-0.009076450952776122	0.039280648992946095	9.999000099990002e-05
3863	-0.0294090512486353	0.039280648992946095	9.999000099990002e-05
3864	-0.0006704549891068667	0.039280648992946095	9.999000099990002e-05
3865	-0.004280578295034074	0.039280648992946095	9.999000099990002e-05
3866	-0.010942425744166179	0.039280648992946095	9.999000099990002e-05
3867	0.006791739920283188	0.039280648992946095	9.999000099990002e-05
3868	0.0013994890804984728	0.039280648992946095	9.999000099990002e-05
3869	-0.004234124168693218	0.039280648992946095	9.999000099990002e-05
3870	-0.0023777018251446985	0.039280648992946095	9.999000099990002e-05
3871	0.00930801310021967	0.039280648992946095	9.999000099990002e-05
3872	0.008363480838911586	0.039280648992946095	9.999000099990002e-05
3873	-0.004769800029103585	0.039280648992946095	9.999000099990002e-05
3874	-0.001824967720438428	0.039280648992946095	9.999000099990002e-05
3875	0.008873580669985781	0.039280648992946095	9.999000099990002e-05
3876	-0.0037157571827702157	0.039280648992946095	9.999000099990002e-05
3877	-0.0071550764501953495	0.039280648992946095	9.999000099990002e-05
3878	-0.002270254836476887	0.039280648992946095	9.999000099990002e-05
3879	0.011272982496025291	0.039280648992946095	9.999000099990002e-05
3880	-0.019908850722633306	0.039280648992946095	9.999000099990002e-05
3881	-0.003747873970651905	0.039280648992946095	9.999000099990002e-05
3882	-0.004117581081112515	0.039280648992946095	9.999000099990002e-05
3883	-0.008832919829932104	0.039280648992946095	9.999000099990002e-05
3884	-0.020161433761229766	0.039280648992946095	9.999000099990002e-05
3885	-0.006189177212495192	0.039280648992946095	9.999000099990002e-05
3886	-0.008335133311592302	0.039280648992946095	9.999000099990002e-05
3887	0.0019237772411093979	0.039280648992946095	9.999000099990002e-05
3888	0.0022208532563579297	0.039280648992946095	9.999000099990002e-05
3889	0.0043282149763813615	0.039280648992946095	9.999000099990002e-05
3890	-0.0028788710256694855	0.039280648992946095	9.999000099990002e-05
3891	0.015038832409781488	0.039280648992946095	9.999000099990002e-05
3892	-0.0033139887804195522	0.039280648992946095	9.999000099990002e-05
3893	0.004412426963475741	0.039280648992946095	9.999000099990002e-05
3894	0.0002981954029014078	0.039280648992946095	9.999000099990002e-05
3895	-0.018920239058476077	0.039280648992946095	9.999000099990002e-05
3896	0.008923994869878688	0.039280648992946095	9.999000099990002e-05
3897	-0.008305188587299311	0.039280648992946095	9.999000099990002e-05
3898	0.01027975791570572	0.039280648992946095	9.999000099990002e-05
3899	-0.028318488204123055	0.039280648992946095	9.999000099990002e-05
3900	0.0003138341053709609	0.039280648992946095	9.999000099990002e-05
3901	-0.0024188179459626313	0.039280648992946095	9.999000099990002e-05
3902	0.0004232135003967574	0.039280648992946095	9.999000099990002e-05
3903	0.000215199763648255	0.039280648992946095	9.999000099990002e-05
3904	-0.003893093434503253	0.039280648992946095	9.999000099990002e-05
3905	-0.006370661923123702	0.039280648992946095	9.999000099990002e-05
3906	0.0008064197801969375	0.039280648992946095	9.999000099990002e-05
3907	-0.010786387086697408	0.039280648992946095	9.999000099990002e-05
3908	0.00030937709264618196	0.039280648992946095	9.999000099990002e-05
3909	0.001836245350760185	0.039280648992946095	9.999000099990002e-05
3910	0.007648983298624554	0.039280648992946095	9.999000099990002e-05
3911	0.010854128999611995	0.039280648992946095	9.999000099990002e-05
3912	-0.01360155555992855	0.039280648992946095	9.999000099990002e-05
3913	-0.00023611077953508697	0.039280648992946095	9.999000099990002e-05
3914	-0.006456358027432801	0.039280648992946095	9.999000099990002e-05
3915	-0.006950752492873399	0.039280648992946095	9.999000099990002e-05
3916	0.0012108017864232573	0.039280648992946095	9.999000099990002e-05
3917	-0.010129129219192623	0.039280648992946095	9.999000099990002e-05
3918	0.002083483100895192	0.039280648992946095	9.999000099990002e-05
3919	0.014285693879614147	0.039280648992946095	9.999000099990002e-05
3920	-0.01174481053364998	0.039280648992946095	9.999000099990002e-05
3921	0.010105744917379214	0.039280648992946095	9.999000099990002e-05
3922	0.005749590840871635	0.039280648992946095	9.999000099990002e-05
3923	0.0043166317539586885	0.039280648992946095	9.999000099990002e-05
3924	0.006239006252553275	0.039280648992946095	9.999000099990002e-05
3925	-0.004270514876224915	0.039280648992946095	9.999000099990002e-05
3926	-0.007492143517916938	0.039280648992946095	9.999000099990002e-05
3927	-0.006416803805613117	0.039280648992946095	9.999000099990002e-05
3928	-0.027170844643312028	0.039280648992946095	9.999000099990002e-05
3929	-0.016692194143079278	0.039280648992946095	9.999000099990002e-05
3930	-0.005662121778005541	0.039280648992946095	9.999000099990002e-05
3931	-0.00351313879254736	0.039280648992946095	9.999000099990002e-05
3932	-0.007598084637660277	0.039280648992946095	9.999000099990002e-05
3933	-0.013541163297266137	0.039280648992946095	9.999000099990002e-05
3934	-0.0069721502518190065	0.039280648992946095	9.999000099990002e-05
3935	0.009977413616932537	0.039280648992946095	9.999000099990002e-05
3936	0.005515943199702056	0.039280648992946095	9.999000099990002e-05
3937	0.013317256343622741	0.039280648992946095	9.999000099990002e-05
3938	-0.0022135057424343685	0.039280648992946095	9.999000099990002e-05
3939	-0.013662792837672758	0.039280648992946095	9.999000099990002e-05
3940	-0.009494458754366678	0.039280648992946095	9.999000099990002e-05
3941	0.0032330390642597157	0.039280648992946095	9.999000099990002e-05
3942	0.00825439353827398	0.039280648992946095	9.999000099990002e-05
3943	0.004717548732241658	0.039280648992946095	9.999000099990002e-05
3944	-0.006836139044134021	0.039280648992946095	9.999000099990002e-05
3945	0.0004243371121539774	0.039280648992946095	9.999000099990002e-05
3946	-0.01756999448938884	0.039280648992946095	9.999000099990002e-05
3947	-0.0054885688671827415	0.039280648992946095	9.999000099990002e-05
3948	-0.0018916932750039778	0.039280648992946095	9.999000099990002e-05
3949	-0.0012663782302557297	0.039280648992946095	9.999000099990002e-05
3950	-0.011786920775577997	0.039280648992946095	9.999000099990002e-05
3951	-0.0004871246361947551	0.039280648992946095	9.999000099990002e-05
3952	-0.002193089335179893	0.039280648992946095	9.999000099990002e-05
3953	0.00011987750815967146	0.039280648992946095	9.999000099990002e-05
3954	0.005321559239657533	0.039280648992946095	9.999000099990002e-05
3955	-0.008581384417767499	0.039280648992946095	9.999000099990002e-05
3956	-0.0021923542439170884	0.039280648992946095	9.999000099990002e-05
3957	0.0006567782131728928	0.039280648992946095	9.999000099990002e-05
3958	0.0009364745637715222	0.039280648992946095	9.999000099990002e-05
3959	-0.021130343959932074	0.039280648992946095	9.999000099990002e-05
3960	0.0120309373305518	0.039280648992946095	9.999000099990002e-05
3961	0.004411976877874271	0.039280648992946095	9.999000099990002e-05
3962	-0.0013730205998741807	0.039280648992946095	9.999000099990002e-05
3963	0.0012007673537094837	0.039280648992946095	9.999000099990002e-05
3964	-0.0031545669552365957	0.039280648992946095	9.999000099990002e-05
3965	0.005742905880143104	0.039280648992946095	9.999000099990002e-05
3966	-0.011041836301477925	0.039280648992946095	9.999000099990002e-05
3967	0.006151594676348668	0.039280648992946095	9.999000099990002e-05
3968	-0.015672206560101057	0.039280648992946095	9.999000099990002e-05
3969	-0.004070022618525099	0.039280648992946095	9.999000099990002e-05
3970	-0.0006367882947990317	0.039280648992946095	9.999000099990002e-05
3971	0.0034828136075452792	0.039280648992946095	9.999000099990002e-05
3972	-0.0076063529092263715	0.039280648992946095	9.999000099990002e-05
3973	-0.006510767113323948	0.039280648992946095	9.999000099990002e-05
3974	0.003981199463173629	0.039280648992946095	9.999000099990002e-05
3975	-0.004856656548285931	0.039280648992946095	9.999000099990002e-05
3976	-0.015000569550069925	0.039280648992946095	9.999000099990002e-05
3977	-0.011038095541481635	0.039280648992946095	9.999000099990002e-05
3978	-0.02126360634384926	0.039280648992946095	9.999000099990002e-05
3979	-0.029645382604102155	0.039280648992946095	9.999000099990002e-05
3980	-0.022630550108362596	0.039280648992946095	9.999000099990002e-05
3981	0.0012590128974092618	0.039280648992946095	9.999000099990002e-05
3982	0.0013801802625364318	0.039280648992946095	9.999000099990002e-05
3983	0.011760297799550928	0.039280648992946095	9.999000099990002e-05
3984	0.006308094392379601	0.039280648992946095	9.999000099990002e-05
3985	0.003461283396224174	0.039280648992946095	9.999000099990002e-05
3986	0.0029259180317600386	0.039280648992946095	9.999000099990002e-05
3987	0.0076893983152261924	0.039280648992946095	9.999000099990002e-05
3988	-0.003435811804226585	0.039280648992946095	9.999000099990002e-05
3989	0.0030354601276327137	0.039280648992946095	9.999000099990002e-05
3990	-0.002427679048725498	0.039280648992946095	9.999000099990002e-05
3991	0.00046397562184896657	0.039280648992946095	9.999000099990002e-05
3992	-0.01173551784394955	0.039280648992946095	9.999000099990002e-05
3993	-0.008734998973421254	0.039280648992946095	9.999000099990002e-05
3994	-0.011021332644619838	0.039280648992946095	9.999000099990002e-05
3995	-0.00014181012611132193	0.039280648992946095	9.999000099990002e-05
3996	-0.03134855623827601	0.039280648992946095	9.999000099990002e-05
3997	0.0007433899770675351	0.039280648992946095	9.999000099990002e-05
3998	-0.004468258941344977	0.039280648992946095	9.999000099990002e-05
3999	-0.0078092041592706385	0.039280648992946095	9.999000099990002e-05
4000	-0.003066028271464294	0.039280648992946095	9.999000099990002e-05
4001	0.006868690380681677	0.039280648992946095	9.999000099990002e-05
4002	-0.02388484157382534	0.039280648992946095	9.999000099990002e-05
4003	0.005357928438244078	0.039280648992946095	9.999000099990002e-05
4004	0.006029883227159957	0.039280648992946095	9.999000099990002e-05
4005	-0.008169930775329348	0.039280648992946095	9.999000099990002e-05
4006	-0.0022704336568943606	0.039280648992946095	9.999000099990002e-05
4007	-0.001333167631915752	0.039280648992946095	9.999000099990002e-05
4008	-0.0041866675701394546	0.039280648992946095	9.999000099990002e-05
4009	-0.009305096477548028	0.039280648992946095	9.999000099990002e-05
4010	0.0024572308827609524	0.039280648992946095	9.999000099990002e-05
4011	0.007562002289746156	0.039280648992946095	9.999000099990002e-05
4012	-0.007357485625870547	0.039280648992946095	9.999000099990002e-05
4013	-0.009239979141469831	0.039280648992946095	9.999000099990002e-05
4014	-0.005875026347850892	0.039280648992946095	9.999000099990002e-05
4015	-0.0010015301890838602	0.039280648992946095	9.999000099990002e-05
4016	-0.0020775299298306793	0.039280648992946095	9.999000099990002e-05
4017	0.0008755697278950009	0.039280648992946095	9.999000099990002e-05
4018	-0.004265895551076676	0.039280648992946095	9.999000099990002e-05
4019	-0.018563057291367077	0.039280648992946095	9.999000099990002e-05
4020	-0.009380985279719783	0.039280648992946095	9.999000099990002e-05
4021	-0.008327212970276526	0.039280648992946095	9.999000099990002e-05
4022	0.0017385915838818572	0.039280648992946095	9.999000099990002e-05
4023	-0.0013210802844876995	0.039280648992946095	9.999000099990002e-05
4024	0.00350867978915273	0.039280648992946095	9.999000099990002e-05
4025	0.006738249698470589	0.039280648992946095	9.999000099990002e-05
4026	-0.01526300659871617	0.039280648992946095	9.999000099990002e-05
4027	-0.0057176949202392136	0.039280648992946095	9.999000099990002e-05
4028	-0.007739842035296582	0.039280648992946095	9.999000099990002e-05
4029	-0.0035131553490942713	0.039280648992946095	9.999000099990002e-05
4030	0.0062581103713895275	0.039280648992946095	9.999000099990002e-05
4031	-0.026313997068403608	0.039280648992946095	9.999000099990002e-05
4032	0.00015482279515677266	0.039280648992946095	9.999000099990002e-05
4033	-0.0012723316440848426	0.039280648992946095	9.999000099990002e-05
4034	-0.007655963024152029	0.039280648992946095	9.999000099990002e-05
4035	-0.001443156317579436	0.039280648992946095	9.999000099990002e-05
4036	-0.0075769554734878425	0.039280648992946095	9.999000099990002e-05
4037	-0.00818156347318115	0.039280648992946095	9.999000099990002e-05
4038	-0.010266150084923195	0.039280648992946095	9.999000099990002e-05
4039	-0.018935722343037267	0.039280648992946095	9.999000099990002e-05
4040	-0.008995813529020652	0.039280648992946095	9.999000099990002e-05
4041	0.0007088812294062385	0.039280648992946095	9.999000099990002e-05
4042	0.0020641716610752814	0.039280648992946095	9.999000099990002e-05
4043	-0.008969037562731402	0.039280648992946095	9.999000099990002e-05
4044	0.005115856573517943	0.039280648992946095	9.999000099990002e-05
4045	0.0031099940604723264	0.039280648992946095	9.999000099990002e-05
4046	0.009715793034248993	0.039280648992946095	9.999000099990002e-05
4047	0.002504810271658414	0.039280648992946095	9.999000099990002e-05
4048	-0.014276992855840276	0.039280648992946095	9.999000099990002e-05
4049	0.0172876055878608	0.039280648992946095	9.999000099990002e-05
4050	-0.009423130528305679	0.039280648992946095	9.999000099990002e-05
4051	0.0016240160549758215	0.039280648992946095	9.999000099990002e-05
4052	-0.0001568149216107234	0.039280648992946095	9.999000099990002e-05
4053	-0.013490098633856196	0.039280648992946095	9.999000099990002e-05
4054	-0.0005300175998036033	0.039280648992946095	9.999000099990002e-05
4055	0.002596717023185688	0.039280648992946095	9.999000099990002e-05
4056	0.006509782508586942	0.039280648992946095	9.999000099990002e-05
4057	-0.017355319145868034	0.039280648992946095	9.999000099990002e-05
4058	0.0034041685530084437	0.039280648992946095	9.999000099990002e-05
4059	0.010319419293827764	0.039280648992946095	9.999000099990002e-05
4060	0.0016198451160767124	0.039280648992946095	9.999000099990002e-05
4061	-0.0007819744513447857	0.039280648992946095	9.999000099990002e-05
4062	-0.0035351136029895674	0.039280648992946095	9.999000099990002e-05
4063	-0.010696447068445109	0.039280648992946095	9.999000099990002e-05
4064	-0.006710522531855695	0.039280648992946095	9.999000099990002e-05
4065	0.006664392253515047	0.039280648992946095	9.999000099990002e-05
4066	-0.010564951185546095	0.039280648992946095	9.999000099990002e-05
4067	-0.011183739697755407	0.039280648992946095	9.999000099990002e-05
4068	0.006014373287043767	0.039280648992946095	9.999000099990002e-05
4069	0.003975290232504952	0.039280648992946095	9.999000099990002e-05
4070	-0.013645175991991193	0.039280648992946095	9.999000099990002e-05
4071	0.0007422385930380554	0.039280648992946095	9.999000099990002e-05
4072	-0.00607985651795398	0.039280648992946095	9.999000099990002e-05
4073	-0.005932138326444125	0.039280648992946095	9.999000099990002e-05
4074	-0.005689730572592741	0.039280648992946095	9.999000099990002e-05
4075	-0.004657621897904557	0.039280648992946095	9.999000099990002e-05
4076	-0.005687123329150043	0.039280648992946095	9.999000099990002e-05
4077	0.009854861813742705	0.039280648992946095	9.999000099990002e-05
4078	-0.002868601159829315	0.039280648992946095	9.999000099990002e-05
4079	0.008472514876992077	0.039280648992946095	9.999000099990002e-05
4080	0.0040515767316736395	0.039280648992946095	9.999000099990002e-05
4081	0.008082603875423477	0.039280648992946095	9.999000099990002e-05
4082	-0.0037578291164415134	0.039280648992946095	9.999000099990002e-05
4083	0.0059413175965151305	0.039280648992946095	9.999000099990002e-05
4084	-0.014224084540816612	0.039280648992946095	9.999000099990002e-05
4085	-0.016383245918406966	0.039280648992946095	9.999000099990002e-05
4086	0.01225735330507352	0.039280648992946095	9.999000099990002e-05
4087	0.0003477188023056216	0.039280648992946095	9.999000099990002e-05
4088	-0.015653312481212128	0.039280648992946095	9.999000099990002e-05
4089	0.01159685443281469	0.039280648992946095	9.999000099990002e-05
4090	0.004390072517724164	0.039280648992946095	9.999000099990002e-05
4091	-0.005617469741975828	0.039280648992946095	9.999000099990002e-05
4092	0.0015073828046160143	0.039280648992946095	9.999000099990002e-05
4093	-0.044153712030503126	0.039280648992946095	9.999000099990002e-05
4094	0.0035800305437702767	0.039280648992946095	9.999000099990002e-05
4095	-0.0035745847993099433	0.039280648992946095	9.999000099990002e-05
4096	0.006898871023630265	0.039280648992946095	9.999000099990002e-05
4097	-0.016505007377106917	0.039280648992946095	9.999000099990002e-05
4098	-0.016805182913890215	0.039280648992946095	9.999000099990002e-05
4099	0.008350855962066708	0.039280648992946095	9.999000099990002e-05
4100	-0.020458147037586333	0.039280648992946095	9.999000099990002e-05
4101	0.003700846482836667	0.039280648992946095	9.999000099990002e-05
4102	-0.004500560230336223	0.039280648992946095	9.999000099990002e-05
4103	0.00026079309520717076	0.039280648992946095	9.999000099990002e-05
4104	0.0026614270487880926	0.039280648992946095	9.999000099990002e-05
4105	-0.0027793665184506072	0.039280648992946095	9.999000099990002e-05
4106	-0.012803403420109688	0.039280648992946095	9.999000099990002e-05
4107	-0.001927873748376635	0.039280648992946095	9.999000099990002e-05
4108	-0.023312302537384047	0.039280648992946095	9.999000099990002e-05
4109	-0.0051659442549998325	0.039280648992946095	9.999000099990002e-05
4110	-0.004565025937627226	0.039280648992946095	9.999000099990002e-05
4111	-0.01762765448483039	0.039280648992946095	9.999000099990002e-05
4112	-0.008737321551073055	0.039280648992946095	9.999000099990002e-05
4113	0.00030292372936306655	0.039280648992946095	9.999000099990002e-05
4114	-0.004409549814330921	0.039280648992946095	9.999000099990002e-05
4115	-0.01327301574506734	0.039280648992946095	9.999000099990002e-05
4116	-0.003806441274576189	0.039280648992946095	9.999000099990002e-05
4117	-0.036353192629776904	0.039280648992946095	9.999000099990002e-05
4118	0.001386837499545629	0.039280648992946095	9.999000099990002e-05
4119	0.0005996119038581549	0.039280648992946095	9.999000099990002e-05
4120	-0.00677142930984917	0.039280648992946095	9.999000099990002e-05
4121	-0.02275094485081705	0.039280648992946095	9.999000099990002e-05
4122	-0.01324471502276639	0.039280648992946095	9.999000099990002e-05
4123	-0.008343277481885722	0.039280648992946095	9.999000099990002e-05
4124	0.010300091588778398	0.039280648992946095	9.999000099990002e-05
4125	-0.0024097624858467476	0.039280648992946095	9.999000099990002e-05
4126	-0.0008920451428963555	0.039280648992946095	9.999000099990002e-05
4127	-0.00511672037858113	0.039280648992946095	9.999000099990002e-05
4128	-0.0029622378520233195	0.039280648992946095	9.999000099990002e-05
4129	0.0007665551109839602	0.039280648992946095	9.999000099990002e-05
4130	-0.003832875962365659	0.039280648992946095	9.999000099990002e-05
4131	-0.006986001672619091	0.039280648992946095	9.999000099990002e-05
4132	0.00203943122755372	0.039280648992946095	9.999000099990002e-05
4133	-0.008917111813221995	0.039280648992946095	9.999000099990002e-05
4134	-0.02832336243212004	0.039280648992946095	9.999000099990002e-05
4135	-0.0017196351630390794	0.039280648992946095	9.999000099990002e-05
4136	-0.004311764954559011	0.039280648992946095	9.999000099990002e-05
4137	-0.017508641655686524	0.039280648992946095	9.999000099990002e-05
4138	0.002983247430345018	0.039280648992946095	9.999000099990002e-05
4139	-0.002141020160334267	0.039280648992946095	9.999000099990002e-05
4140	0.004859480531979446	0.039280648992946095	9.999000099990002e-05
4141	-0.004476058337328143	0.039280648992946095	9.999000099990002e-05
4142	0.0004004774286659185	0.039280648992946095	9.999000099990002e-05
4143	0.0017005493001020777	0.039280648992946095	9.999000099990002e-05
4144	0.005024511093787126	0.039280648992946095	9.999000099990002e-05
4145	-0.012431034686932033	0.039280648992946095	9.999000099990002e-05
4146	0.00821897825897673	0.039280648992946095	9.999000099990002e-05
4147	-0.012115727922836356	0.039280648992946095	9.999000099990002e-05
4148	-0.004650843424245238	0.039280648992946095	9.999000099990002e-05
4149	0.00039095891931797966	0.039280648992946095	9.999000099990002e-05
4150	-0.04261396209913147	0.039280648992946095	9.999000099990002e-05
4151	-0.01704357854545549	0.039280648992946095	9.999000099990002e-05
4152	-0.026829459230015396	0.039280648992946095	9.999000099990002e-05
4153	-0.0022305387877629423	0.039280648992946095	9.999000099990002e-05
4154	0.004546057718424021	0.039280648992946095	9.999000099990002e-05
4155	-0.0010524498249111086	0.039280648992946095	9.999000099990002e-05
4156	-0.017884212308514738	0.039280648992946095	9.999000099990002e-05
4157	0.01273628934504975	0.039280648992946095	9.999000099990002e-05
4158	-0.00030600664579794046	0.039280648992946095	9.999000099990002e-05
4159	-0.0066188013010493735	0.039280648992946095	9.999000099990002e-05
4160	-0.026586504284715387	0.039280648992946095	9.999000099990002e-05
4161	-0.003404781776433108	0.039280648992946095	9.999000099990002e-05
4162	0.013177080800236274	0.039280648992946095	9.999000099990002e-05
4163	-0.013288533405098432	0.039280648992946095	9.999000099990002e-05
4164	0.0028727578241688895	0.039280648992946095	9.999000099990002e-05
4165	-0.018131778033648446	0.039280648992946095	9.999000099990002e-05
4166	0.006166185072645464	0.039280648992946095	9.999000099990002e-05
4167	-0.01176397806260443	0.039280648992946095	9.999000099990002e-05
4168	0.00037699893418079167	0.039280648992946095	9.999000099990002e-05
4169	-0.020469690835035068	0.039280648992946095	9.999000099990002e-05
4170	0.006873525377916412	0.039280648992946095	9.999000099990002e-05
4171	0.007792572986490498	0.039280648992946095	9.999000099990002e-05
4172	-0.019371663603923978	0.039280648992946095	9.999000099990002e-05
4173	0.01570206738494212	0.039280648992946095	9.999000099990002e-05
4174	-0.0057097834155555305	0.039280648992946095	9.999000099990002e-05
4175	-0.007342254670853143	0.039280648992946095	9.999000099990002e-05
4176	-0.035276705611889156	0.039280648992946095	9.999000099990002e-05
4177	-4.8807049569887795e-05	0.039280648992946095	9.999000099990002e-05
4178	-0.028653344754340435	0.039280648992946095	9.999000099990002e-05
4179	-0.04960839993932632	0.039280648992946095	9.999000099990002e-05
4180	-0.007743397857207013	0.039280648992946095	9.999000099990002e-05
4181	-0.045446715130349966	0.039280648992946095	9.999000099990002e-05
4182	-0.0054611914272763434	0.039280648992946095	9.999000099990002e-05
4183	0.003323772097412664	0.039280648992946095	9.999000099990002e-05
4184	-0.0009791648674773723	0.039280648992946095	9.999000099990002e-05
4185	0.005230859271045538	0.039280648992946095	9.999000099990002e-05
4186	0.014138213840194369	0.039280648992946095	9.999000099990002e-05
4187	-0.0008929741545359027	0.039280648992946095	9.999000099990002e-05
4188	-0.027894192216295355	0.039280648992946095	9.999000099990002e-05
4189	0.002444907373912633	0.039280648992946095	9.999000099990002e-05
4190	0.0018535503895665828	0.039280648992946095	9.999000099990002e-05
4191	0.005133672194868558	0.039280648992946095	9.999000099990002e-05
4192	-0.008970329361815826	0.039280648992946095	9.999000099990002e-05
4193	0.004621629421451973	0.039280648992946095	9.999000099990002e-05
4194	0.0021407965741212787	0.039280648992946095	9.999000099990002e-05
4195	-0.026302750269188324	0.039280648992946095	9.999000099990002e-05
4196	-0.03599731067298474	0.039280648992946095	9.999000099990002e-05
4197	-0.002281491633789906	0.039280648992946095	9.999000099990002e-05
4198	0.011477316552355371	0.039280648992946095	9.999000099990002e-05
4199	-0.016175505825935688	0.039280648992946095	9.999000099990002e-05
4200	0.029905891276283098	0.039280648992946095	9.999000099990002e-05
4201	-0.015319380572871188	0.039280648992946095	9.999000099990002e-05
4202	-0.0004546450608681474	0.039280648992946095	9.999000099990002e-05
4203	0.00702853092627749	0.039280648992946095	9.999000099990002e-05
4204	0.005990509864980592	0.039280648992946095	9.999000099990002e-05
4205	0.00040149296161526293	0.039280648992946095	9.999000099990002e-05
4206	0.001456000799297641	0.039280648992946095	9.999000099990002e-05
4207	-0.008187319762140571	0.039280648992946095	9.999000099990002e-05
4208	0.01010274250169163	0.039280648992946095	9.999000099990002e-05
4209	-0.004885985427296388	0.039280648992946095	9.999000099990002e-05
4210	-0.027455238829136336	0.039280648992946095	9.999000099990002e-05
4211	-0.013670030573436104	0.039280648992946095	9.999000099990002e-05
4212	-0.006277338203075036	0.039280648992946095	9.999000099990002e-05
4213	-0.00040418633794434	0.039280648992946095	9.999000099990002e-05
4214	0.00032355425501047475	0.039280648992946095	9.999000099990002e-05
4215	0.0013186849745564083	0.039280648992946095	9.999000099990002e-05
4216	-0.0018417769853422694	0.039280648992946095	9.999000099990002e-05
4217	-0.016313635009252564	0.039280648992946095	9.999000099990002e-05
4218	-0.002025199297491634	0.039280648992946095	9.999000099990002e-05
4219	-0.020828574770538497	0.039280648992946095	9.999000099990002e-05
4220	0.00943597598108234	0.039280648992946095	9.999000099990002e-05
4221	-0.006165405167034163	0.039280648992946095	9.999000099990002e-05
4222	0.0043748944368404985	0.039280648992946095	9.999000099990002e-05
4223	-0.0020952328112927854	0.039280648992946095	9.999000099990002e-05
4224	0.007031725077460263	0.039280648992946095	9.999000099990002e-05
4225	-0.002290910269774085	0.039280648992946095	9.999000099990002e-05
4226	-0.005704272707283492	0.039280648992946095	9.999000099990002e-05
4227	0.004093409105220075	0.039280648992946095	9.999000099990002e-05
4228	0.005781500307769694	0.039280648992946095	9.999000099990002e-05
4229	-0.01845416376544741	0.039280648992946095	9.999000099990002e-05
4230	-0.002093182130012944	0.039280648992946095	9.999000099990002e-05
4231	-0.012330095877798028	0.039280648992946095	9.999000099990002e-05
4232	0.006245189176052102	0.039280648992946095	9.999000099990002e-05
4233	-0.0006612730971780334	0.039280648992946095	9.999000099990002e-05
4234	-0.011760834794885572	0.039280648992946095	9.999000099990002e-05
4235	-0.010380348066295578	0.039280648992946095	9.999000099990002e-05
4236	-0.0023279553250566964	0.039280648992946095	9.999000099990002e-05
4237	0.017058368445715233	0.039280648992946095	9.999000099990002e-05
4238	0.005615646822460477	0.039280648992946095	9.999000099990002e-05
4239	-0.034880047890273255	0.039280648992946095	9.999000099990002e-05
4240	-0.011202727192469286	0.039280648992946095	9.999000099990002e-05
4241	0.016355904844640334	0.039280648992946095	9.999000099990002e-05
4242	-0.0014725815741431642	0.039280648992946095	9.999000099990002e-05
4243	-0.005210995007637859	0.039280648992946095	9.999000099990002e-05
4244	0.00677184264088751	0.039280648992946095	9.999000099990002e-05
4245	-0.02009972071338753	0.039280648992946095	9.999000099990002e-05
4246	0.0013943390718956367	0.039280648992946095	9.999000099990002e-05
4247	0.0023677940670085162	0.039280648992946095	9.999000099990002e-05
4248	0.005798603997602056	0.039280648992946095	9.999000099990002e-05
4249	-0.03612748814979719	0.039280648992946095	9.999000099990002e-05
4250	-0.010526731149513122	0.039280648992946095	9.999000099990002e-05
4251	0.016831333469970955	0.039280648992946095	9.999000099990002e-05
4252	0.007293454418692585	0.039280648992946095	9.999000099990002e-05
4253	0.006280277305750315	0.039280648992946095	9.999000099990002e-05
4254	0.0037296290929040438	0.039280648992946095	9.999000099990002e-05
4255	0.0077929554378694255	0.039280648992946095	9.999000099990002e-05
4256	0.0010317530245230466	0.039280648992946095	9.999000099990002e-05
4257	0.0006014776470521233	0.039280648992946095	9.999000099990002e-05
4258	0.000879219839582987	0.039280648992946095	9.999000099990002e-05
4259	-0.033160131557253794	0.039280648992946095	9.999000099990002e-05
4260	0.0074879601980223365	0.039280648992946095	9.999000099990002e-05
4261	0.009041123165847154	0.039280648992946095	9.999000099990002e-05
4262	0.0156794554144839	0.039280648992946095	9.999000099990002e-05
4263	0.006799098698484982	0.039280648992946095	9.999000099990002e-05
4264	0.0017862296732639449	0.039280648992946095	9.999000099990002e-05
4265	-0.0028050308655547668	0.039280648992946095	9.999000099990002e-05
4266	-0.0017274090201844644	0.039280648992946095	9.999000099990002e-05
4267	0.0051652807307463605	0.039280648992946095	9.999000099990002e-05
4268	-0.0033081304817677015	0.039280648992946095	9.999000099990002e-05
4269	-0.007137003983879037	0.039280648992946095	9.999000099990002e-05
4270	-0.0012580614057660922	0.039280648992946095	9.999000099990002e-05
4271	0.009393759214040037	0.039280648992946095	9.999000099990002e-05
4272	-0.0030147419639582757	0.039280648992946095	9.999000099990002e-05
4273	0.0065567554229160885	0.039280648992946095	9.999000099990002e-05
4274	0.006067053306220788	0.039280648992946095	9.999000099990002e-05
4275	-0.0036835373170317487	0.039280648992946095	9.999000099990002e-05
4276	0.009659215963214687	0.039280648992946095	9.999000099990002e-05
4277	-0.003457071478657564	0.039280648992946095	9.999000099990002e-05
4278	0.008136864583580206	0.039280648992946095	9.999000099990002e-05
4279	-0.03470629498995832	0.039280648992946095	9.999000099990002e-05
4280	-0.0007272530244963465	0.039280648992946095	9.999000099990002e-05
4281	-0.008386498323387448	0.039280648992946095	9.999000099990002e-05
4282	0.006060734191771361	0.039280648992946095	9.999000099990002e-05
4283	-0.03179342749852408	0.039280648992946095	9.999000099990002e-05
4284	-0.00133670335291583	0.039280648992946095	9.999000099990002e-05
4285	-0.03872443521673473	0.039280648992946095	9.999000099990002e-05
4286	0.0011379879865598408	0.039280648992946095	9.999000099990002e-05
4287	-0.004570965222555595	0.039280648992946095	9.999000099990002e-05
4288	-0.0009996728940986077	0.039280648992946095	9.999000099990002e-05
4289	-0.036273550638060426	0.039280648992946095	9.999000099990002e-05
4290	-0.00015368971557945532	0.039280648992946095	9.999000099990002e-05
4291	0.003555823124243629	0.039280648992946095	9.999000099990002e-05
4292	-0.02614049674039705	0.039280648992946095	9.999000099990002e-05
4293	-0.004787209019719324	0.039280648992946095	9.999000099990002e-05
4294	-0.0028324945840063342	0.039280648992946095	9.999000099990002e-05
4295	0.00017647919552624125	0.039280648992946095	9.999000099990002e-05
4296	-0.018179794981493108	0.039280648992946095	9.999000099990002e-05
4297	-0.007794552052208026	0.039280648992946095	9.999000099990002e-05
4298	0.0032488001200966232	0.039280648992946095	9.999000099990002e-05
4299	-0.004357449031532054	0.039280648992946095	9.999000099990002e-05
4300	0.002528293038800797	0.039280648992946095	9.999000099990002e-05
4301	-0.0009870754496555528	0.039280648992946095	9.999000099990002e-05
4302	-0.0025291623303443506	0.039280648992946095	9.999000099990002e-05
4303	0.01465292066397425	0.039280648992946095	9.999000099990002e-05
4304	0.0016603493729518554	0.039280648992946095	9.999000099990002e-05
4305	-0.008967673079920371	0.039280648992946095	9.999000099990002e-05
4306	0.0014914011242944253	0.039280648992946095	9.999000099990002e-05
4307	-0.013273729036067494	0.039280648992946095	9.999000099990002e-05
4308	0.00576675177460087	0.039280648992946095	9.999000099990002e-05
4309	-0.004288804908191751	0.039280648992946095	9.999000099990002e-05
4310	-0.0015067223877496538	0.039280648992946095	9.999000099990002e-05
4311	-0.008613943280018299	0.039280648992946095	9.999000099990002e-05
4312	-0.0005958944978181197	0.039280648992946095	9.999000099990002e-05
4313	-0.002900626231238407	0.039280648992946095	9.999000099990002e-05
4314	-7.281870370870469e-06	0.039280648992946095	9.999000099990002e-05
4315	-0.005068743244133797	0.039280648992946095	9.999000099990002e-05
4316	0.012022555250932904	0.039280648992946095	9.999000099990002e-05
4317	0.004811075694828387	0.039280648992946095	9.999000099990002e-05
4318	-0.0033487734057925655	0.039280648992946095	9.999000099990002e-05
4319	0.010871023474896727	0.039280648992946095	9.999000099990002e-05
4320	-0.003972213482291376	0.039280648992946095	9.999000099990002e-05
4321	-0.000660907687875259	0.039280648992946095	9.999000099990002e-05
4322	-1.953789065542444e-05	0.039280648992946095	9.999000099990002e-05
4323	0.0040335756867078965	0.039280648992946095	9.999000099990002e-05
4324	-0.01813915341695012	0.039280648992946095	9.999000099990002e-05
4325	-0.003060002416673216	0.039280648992946095	9.999000099990002e-05
4326	0.0013972399634200466	0.039280648992946095	9.999000099990002e-05
4327	-0.03080232050541301	0.039280648992946095	9.999000099990002e-05
4328	-0.0024717082964045706	0.039280648992946095	9.999000099990002e-05
4329	0.015941441018046842	0.039280648992946095	9.999000099990002e-05
4330	0.006499001574673285	0.039280648992946095	9.999000099990002e-05
4331	0.0032600219145562798	0.039280648992946095	9.999000099990002e-05
4332	-0.00322752078173158	0.039280648992946095	9.999000099990002e-05
4333	0.0003557845596275089	0.039280648992946095	9.999000099990002e-05
4334	0.0015250944256043758	0.039280648992946095	9.999000099990002e-05
4335	0.002926307377654133	0.039280648992946095	9.999000099990002e-05
4336	0.0018086734563949047	0.039280648992946095	9.999000099990002e-05
4337	-0.029347860241827256	0.039280648992946095	9.999000099990002e-05
4338	0.0014263066080902886	0.039280648992946095	9.999000099990002e-05
4339	0.006078208825939763	0.039280648992946095	9.999000099990002e-05
4340	-0.019547967037866862	0.039280648992946095	9.999000099990002e-05
4341	-0.00065901475504411	0.039280648992946095	9.999000099990002e-05
4342	-0.009367587488884582	0.039280648992946095	9.999000099990002e-05
4343	-0.014118744409161194	0.039280648992946095	9.999000099990002e-05
4344	0.015721596147647926	0.039280648992946095	9.999000099990002e-05
4345	-0.005609796389382235	0.039280648992946095	9.999000099990002e-05
4346	0.00730820164093246	0.039280648992946095	9.999000099990002e-05
4347	-0.0026138265879217942	0.039280648992946095	9.999000099990002e-05
4348	-0.007616090489365443	0.039280648992946095	9.999000099990002e-05
4349	0.00799229252441172	0.039280648992946095	9.999000099990002e-05
4350	0.007725891178109068	0.039280648992946095	9.999000099990002e-05
4351	-0.0028184167609236754	0.039280648992946095	9.999000099990002e-05
4352	0.004956723104148034	0.039280648992946095	9.999000099990002e-05
4353	-0.011521312201411352	0.039280648992946095	9.999000099990002e-05
4354	0.0013398391434844975	0.039280648992946095	9.999000099990002e-05
4355	0.003492806187638961	0.039280648992946095	9.999000099990002e-05
4356	-0.005210366392936455	0.039280648992946095	9.999000099990002e-05
4357	0.0030305241888698847	0.039280648992946095	9.999000099990002e-05
4358	5.399735709929465e-05	0.039280648992946095	9.999000099990002e-05
4359	-0.008408516394484547	0.039280648992946095	9.999000099990002e-05
4360	-0.0018396501730783	0.039280648992946095	9.999000099990002e-05
4361	-0.010285355290946319	0.039280648992946095	9.999000099990002e-05
4362	0.0036854511276200597	0.039280648992946095	9.999000099990002e-05
4363	-0.004570098407211148	0.039280648992946095	9.999000099990002e-05
4364	-0.011763216849868738	0.039280648992946095	9.999000099990002e-05
4365	-0.0034609238618251437	0.039280648992946095	9.999000099990002e-05
4366	-0.008777501280207073	0.039280648992946095	9.999000099990002e-05
4367	-0.002351219215619621	0.039280648992946095	9.999000099990002e-05
4368	-0.0030102764059189574	0.039280648992946095	9.999000099990002e-05
4369	-0.002906365138251224	0.039280648992946095	9.999000099990002e-05
4370	-0.006057249451341035	0.039280648992946095	9.999000099990002e-05
4371	-0.018317091239406155	0.039280648992946095	9.999000099990002e-05
4372	-0.02157672371096249	0.039280648992946095	9.999000099990002e-05
4373	-0.007698994654910599	0.039280648992946095	9.999000099990002e-05
4374	0.003633212940047481	0.039280648992946095	9.999000099990002e-05
4375	-0.005969648810052089	0.039280648992946095	9.999000099990002e-05
4376	-0.009043774204026883	0.039280648992946095	9.999000099990002e-05
4377	-0.0018776940591045677	0.039280648992946095	9.999000099990002e-05
4378	-0.03061400459265015	0.039280648992946095	9.999000099990002e-05
4379	0.0033918865083568672	0.039280648992946095	9.999000099990002e-05
4380	0.006705547653648197	0.039280648992946095	9.999000099990002e-05
4381	0.0006860594132123837	0.039280648992946095	9.999000099990002e-05
4382	-0.0033772902371563135	0.039280648992946095	9.999000099990002e-05
4383	-0.022121547913231523	0.039280648992946095	9.999000099990002e-05
4384	-0.013592909886487578	0.039280648992946095	9.999000099990002e-05
4385	-0.009190393545770531	0.039280648992946095	9.999000099990002e-05
4386	0.004887225905940637	0.039280648992946095	9.999000099990002e-05
4387	-0.01429622447465384	0.039280648992946095	9.999000099990002e-05
4388	-0.018583083478774826	0.039280648992946095	9.999000099990002e-05
4389	0.0001798067215900423	0.039280648992946095	9.999000099990002e-05
4390	0.005321001366565742	0.039280648992946095	9.999000099990002e-05
4391	0.0012112813922022514	0.039280648992946095	9.999000099990002e-05
4392	-0.030558933633304947	0.039280648992946095	9.999000099990002e-05
4393	-0.011634163616001517	0.039280648992946095	9.999000099990002e-05
4394	-0.03336700376621629	0.039280648992946095	9.999000099990002e-05
4395	0.0020470141260507113	0.039280648992946095	9.999000099990002e-05
4396	-0.0057275318882128445	0.039280648992946095	9.999000099990002e-05
4397	-0.0014883755488622752	0.039280648992946095	9.999000099990002e-05
4398	0.008072414219013058	0.039280648992946095	9.999000099990002e-05
4399	-0.015124474426133683	0.039280648992946095	9.999000099990002e-05
4400	0.008031629811768928	0.039280648992946095	9.999000099990002e-05
4401	-0.002679240096833735	0.039280648992946095	9.999000099990002e-05
4402	0.003646334804618026	0.039280648992946095	9.999000099990002e-05
4403	-0.001043826971344225	0.039280648992946095	9.999000099990002e-05
4404	-0.015576094834075252	0.039280648992946095	9.999000099990002e-05
4405	-0.015200676928744605	0.039280648992946095	9.999000099990002e-05
4406	0.0036190777759620707	0.039280648992946095	9.999000099990002e-05
4407	0.005962484340650415	0.039280648992946095	9.999000099990002e-05
4408	0.00047315683403689746	0.039280648992946095	9.999000099990002e-05
4409	-0.0025734504622119403	0.039280648992946095	9.999000099990002e-05
4410	0.0011709560528504748	0.039280648992946095	9.999000099990002e-05
4411	0.001577267940682761	0.039280648992946095	9.999000099990002e-05
4412	-0.0027441931783715318	0.039280648992946095	9.999000099990002e-05
4413	-0.026898675598112903	0.039280648992946095	9.999000099990002e-05
4414	-0.0077364818816681585	0.039280648992946095	9.999000099990002e-05
4415	-0.014364794991762034	0.039280648992946095	9.999000099990002e-05
4416	0.013147488473062574	0.039280648992946095	9.999000099990002e-05
4417	-0.0019937348666909938	0.039280648992946095	9.999000099990002e-05
4418	-0.003626100373721061	0.039280648992946095	9.999000099990002e-05
4419	-0.005192347189177313	0.039280648992946095	9.999000099990002e-05
4420	-0.027170738895044497	0.039280648992946095	9.999000099990002e-05
4421	0.0021670329232179597	0.039280648992946095	9.999000099990002e-05
4422	-0.006282800018553039	0.039280648992946095	9.999000099990002e-05
4423	-0.006559071882899531	0.039280648992946095	9.999000099990002e-05
4424	-0.00332085290143605	0.039280648992946095	9.999000099990002e-05
4425	0.0005584268378887591	0.039280648992946095	9.999000099990002e-05
4426	-0.004587312215074163	0.039280648992946095	9.999000099990002e-05
4427	-0.00411635351754594	0.039280648992946095	9.999000099990002e-05
4428	-0.004709606008028083	0.039280648992946095	9.999000099990002e-05
4429	0.005419629396408346	0.039280648992946095	9.999000099990002e-05
4430	-0.004375888655056379	0.039280648992946095	9.999000099990002e-05
4431	-0.03502427386420255	0.039280648992946095	9.999000099990002e-05
4432	-0.028519110001022946	0.039280648992946095	9.999000099990002e-05
4433	-0.01289202148791202	0.039280648992946095	9.999000099990002e-05
4434	0.005353350285975028	0.039280648992946095	9.999000099990002e-05
4435	-0.003517017734164102	0.039280648992946095	9.999000099990002e-05
4436	-4.4319254291574905e-05	0.039280648992946095	9.999000099990002e-05
4437	-0.011710757358070548	0.039280648992946095	9.999000099990002e-05
4438	-0.016731512834666756	0.039280648992946095	9.999000099990002e-05
4439	-0.0008919333255133777	0.039280648992946095	9.999000099990002e-05
4440	0.003437563933579385	0.039280648992946095	9.999000099990002e-05
4441	-0.001229043411125258	0.039280648992946095	9.999000099990002e-05
4442	-0.03034700420037653	0.039280648992946095	9.999000099990002e-05
4443	0.002864253342629672	0.039280648992946095	9.999000099990002e-05
4444	0.018924510210609424	0.039280648992946095	9.999000099990002e-05
4445	0.0007437303816146823	0.039280648992946095	9.999000099990002e-05
4446	-0.03086343669216582	0.039280648992946095	9.999000099990002e-05
4447	-0.007317334154538058	0.039280648992946095	9.999000099990002e-05
4448	0.011803265971638388	0.039280648992946095	9.999000099990002e-05
4449	-0.003659992110829652	0.039280648992946095	9.999000099990002e-05
4450	-0.0217703590334785	0.039280648992946095	9.999000099990002e-05
4451	-1.6558003524264064e-06	0.039280648992946095	9.999000099990002e-05
4452	0.006694354796731	0.039280648992946095	9.999000099990002e-05
4453	-0.0029995213021606626	0.039280648992946095	9.999000099990002e-05
4454	-0.005732836634983099	0.039280648992946095	9.999000099990002e-05
4455	-0.04054767804601052	0.039280648992946095	9.999000099990002e-05
4456	0.00819310455166615	0.039280648992946095	9.999000099990002e-05
4457	-0.026398613307139607	0.039280648992946095	9.999000099990002e-05
4458	0.007946995657004102	0.039280648992946095	9.999000099990002e-05
4459	-0.007462856103103224	0.039280648992946095	9.999000099990002e-05
4460	-0.005805688063362305	0.039280648992946095	9.999000099990002e-05
4461	-0.0003563441806245099	0.039280648992946095	9.999000099990002e-05
4462	-0.007249399535069825	0.039280648992946095	9.999000099990002e-05
4463	0.005366059256483549	0.039280648992946095	9.999000099990002e-05
4464	-0.019620902802674298	0.039280648992946095	9.999000099990002e-05
4465	-0.0018296561849498322	0.039280648992946095	9.999000099990002e-05
4466	-0.0045815270856780915	0.039280648992946095	9.999000099990002e-05
4467	0.00468494918264091	0.039280648992946095	9.999000099990002e-05
4468	-0.03369353475241779	0.039280648992946095	9.999000099990002e-05
4469	0.004412086461822756	0.039280648992946095	9.999000099990002e-05
4470	-0.02549504480757532	0.039280648992946095	9.999000099990002e-05
4471	-0.00337886170108051	0.039280648992946095	9.999000099990002e-05
4472	-0.0005192260813526167	0.039280648992946095	9.999000099990002e-05
4473	-0.03719299400151449	0.039280648992946095	9.999000099990002e-05
4474	0.007901048763055793	0.039280648992946095	9.999000099990002e-05
4475	0.011061672598401628	0.039280648992946095	9.999000099990002e-05
4476	0.0028443526645293427	0.039280648992946095	9.999000099990002e-05
4477	-0.005050631061526006	0.039280648992946095	9.999000099990002e-05
4478	-0.0031444218704100024	0.039280648992946095	9.999000099990002e-05
4479	0.011900887208057903	0.039280648992946095	9.999000099990002e-05
4480	-0.014303259599067128	0.039280648992946095	9.999000099990002e-05
4481	0.00010705375853985177	0.039280648992946095	9.999000099990002e-05
4482	-0.008764704671671494	0.039280648992946095	9.999000099990002e-05
4483	0.002728590113747889	0.039280648992946095	9.999000099990002e-05
4484	-0.0003386272188145856	0.039280648992946095	9.999000099990002e-05
4485	-0.019284408271027426	0.039280648992946095	9.999000099990002e-05
4486	-0.005166307042444723	0.039280648992946095	9.999000099990002e-05
4487	-0.008332640944366781	0.039280648992946095	9.999000099990002e-05
4488	0.0020482391648652537	0.039280648992946095	9.999000099990002e-05
4489	-0.0010306214986393059	0.039280648992946095	9.999000099990002e-05
4490	-0.027480771112288388	0.039280648992946095	9.999000099990002e-05
4491	-0.000928858552180653	0.039280648992946095	9.999000099990002e-05
4492	0.007259714603681841	0.039280648992946095	9.999000099990002e-05
4493	-0.041563514305470756	0.039280648992946095	9.999000099990002e-05
4494	-0.004735447864620809	0.039280648992946095	9.999000099990002e-05
4495	-0.020305571951473228	0.039280648992946095	9.999000099990002e-05
4496	-0.0008502861813703688	0.039280648992946095	9.999000099990002e-05
4497	0.008361707686142889	0.039280648992946095	9.999000099990002e-05
4498	-0.00483455161600857	0.039280648992946095	9.999000099990002e-05
4499	0.007720322594752152	0.039280648992946095	9.999000099990002e-05
4500	-0.008366067156044196	0.039280648992946095	9.999000099990002e-05
4501	-0.017918487953589954	0.039280648992946095	9.999000099990002e-05
4502	0.002223409325019146	0.039280648992946095	9.999000099990002e-05
4503	-0.014692341365254116	0.039280648992946095	9.999000099990002e-05
4504	0.01578557511188014	0.039280648992946095	9.999000099990002e-05
4505	-0.02925979941592871	0.039280648992946095	9.999000099990002e-05
4506	-0.008443912786694513	0.039280648992946095	9.999000099990002e-05
4507	0.0019843239991745865	0.039280648992946095	9.999000099990002e-05
4508	-0.0024037323098454744	0.039280648992946095	9.999000099990002e-05
4509	-0.0017113827682790211	0.039280648992946095	9.999000099990002e-05
4510	-0.005805736761944624	0.039280648992946095	9.999000099990002e-05
4511	-0.013618087247768335	0.039280648992946095	9.999000099990002e-05
4512	0.0033618802675097204	0.039280648992946095	9.999000099990002e-05
4513	0.01292117091531697	0.039280648992946095	9.999000099990002e-05
4514	-0.0038718515789952085	0.039280648992946095	9.999000099990002e-05
4515	-0.012675702045293363	0.039280648992946095	9.999000099990002e-05
4516	0.007096801968953126	0.039280648992946095	9.999000099990002e-05
4517	-0.008593193168520141	0.039280648992946095	9.999000099990002e-05
4518	-0.0007274636956317027	0.039280648992946095	9.999000099990002e-05
4519	0.006364240556217246	0.039280648992946095	9.999000099990002e-05
4520	-0.026229600628752597	0.039280648992946095	9.999000099990002e-05
4521	-0.005476679372918208	0.039280648992946095	9.999000099990002e-05
4522	-0.0023854106699254113	0.039280648992946095	9.999000099990002e-05
4523	0.0014699235928953697	0.039280648992946095	9.999000099990002e-05
4524	-3.824489512982421e-05	0.039280648992946095	9.999000099990002e-05
4525	-0.01043228410902479	0.039280648992946095	9.999000099990002e-05
4526	-0.0020487066809662807	0.039280648992946095	9.999000099990002e-05
4527	-0.010710653799539865	0.039280648992946095	9.999000099990002e-05
4528	-0.032760989333985996	0.039280648992946095	9.999000099990002e-05
4529	0.0024891164130677323	0.039280648992946095	9.999000099990002e-05
4530	-0.007808902694168202	0.039280648992946095	9.999000099990002e-05
4531	-0.003343614900428088	0.039280648992946095	9.999000099990002e-05
4532	0.001515025617420715	0.039280648992946095	9.999000099990002e-05
4533	0.0039051910751511515	0.039280648992946095	9.999000099990002e-05
4534	-0.0005276781742873105	0.039280648992946095	9.999000099990002e-05
4535	-0.007628194927422616	0.039280648992946095	9.999000099990002e-05
4536	-0.004097048341053178	0.039280648992946095	9.999000099990002e-05
4537	0.007022689426937179	0.039280648992946095	9.999000099990002e-05
4538	-0.0003520219508155592	0.039280648992946095	9.999000099990002e-05
4539	-0.006921588596697198	0.039280648992946095	9.999000099990002e-05
4540	0.0009631302159161664	0.039280648992946095	9.999000099990002e-05
4541	-0.016534895585796877	0.039280648992946095	9.999000099990002e-05
4542	-0.005741207935853004	0.039280648992946095	9.999000099990002e-05
4543	-0.006405191645647984	0.039280648992946095	9.999000099990002e-05
4544	-0.010186262512519306	0.039280648992946095	9.999000099990002e-05
4545	-0.050530023280495676	0.039280648992946095	9.999000099990002e-05
4546	-0.003589715395434359	0.039280648992946095	9.999000099990002e-05
4547	-0.00745218504445562	0.039280648992946095	9.999000099990002e-05
4548	0.0018260023346867715	0.039280648992946095	9.999000099990002e-05
4549	0.004125226612880908	0.039280648992946095	9.999000099990002e-05
4550	-0.012672035522717201	0.039280648992946095	9.999000099990002e-05
4551	-0.013361731549904804	0.039280648992946095	9.999000099990002e-05
4552	0.004703338893759804	0.039280648992946095	9.999000099990002e-05
4553	0.012399721789805834	0.039280648992946095	9.999000099990002e-05
4554	-0.03052050190652522	0.039280648992946095	9.999000099990002e-05
4555	0.000617170340372647	0.039280648992946095	9.999000099990002e-05
4556	-0.004625783998015803	0.039280648992946095	9.999000099990002e-05
4557	-0.01742696277172054	0.039280648992946095	9.999000099990002e-05
4558	-0.027395004314922602	0.039280648992946095	9.999000099990002e-05
4559	-0.015121804840737135	0.039280648992946095	9.999000099990002e-05
4560	0.007618183071818316	0.039280648992946095	9.999000099990002e-05
4561	0.011045083860876631	0.039280648992946095	9.999000099990002e-05
4562	0.008315339644135528	0.039280648992946095	9.999000099990002e-05
4563	-0.0028771451634483497	0.039280648992946095	9.999000099990002e-05
4564	-0.00017723399927600803	0.039280648992946095	9.999000099990002e-05
4565	-0.01016813872576279	0.039280648992946095	9.999000099990002e-05
4566	0.006113331185449128	0.039280648992946095	9.999000099990002e-05
4567	0.007321365163911436	0.039280648992946095	9.999000099990002e-05
4568	-0.013572792905112749	0.039280648992946095	9.999000099990002e-05
4569	0.01339455895837588	0.039280648992946095	9.999000099990002e-05
4570	-0.018417344724023982	0.039280648992946095	9.999000099990002e-05
4571	-0.011002925697213062	0.039280648992946095	9.999000099990002e-05
4572	0.009891390557236132	0.039280648992946095	9.999000099990002e-05
4573	-0.004584585045910264	0.039280648992946095	9.999000099990002e-05
4574	0.0017473912186434654	0.039280648992946095	9.999000099990002e-05
4575	-0.010550523295884504	0.039280648992946095	9.999000099990002e-05
4576	-0.002403073640884351	0.039280648992946095	9.999000099990002e-05
4577	0.004276168378645195	0.039280648992946095	9.999000099990002e-05
4578	0.0010069289343141719	0.039280648992946095	9.999000099990002e-05
4579	0.0025878966077727827	0.039280648992946095	9.999000099990002e-05
4580	-0.012210980990408848	0.039280648992946095	9.999000099990002e-05
4581	0.0030235458713771673	0.039280648992946095	9.999000099990002e-05
4582	0.0014439930301113069	0.039280648992946095	9.999000099990002e-05
4583	-0.000171785341640307	0.039280648992946095	9.999000099990002e-05
4584	-0.03459631839397262	0.039280648992946095	9.999000099990002e-05
4585	0.006569175649188158	0.039280648992946095	9.999000099990002e-05
4586	0.004867649415710967	0.039280648992946095	9.999000099990002e-05
4587	-0.0035238960811871944	0.039280648992946095	9.999000099990002e-05
4588	-0.014629977951000697	0.039280648992946095	9.999000099990002e-05
4589	0.00324261637119809	0.039280648992946095	9.999000099990002e-05
4590	-0.03350086990573804	0.039280648992946095	9.999000099990002e-05
4591	0.003604365123403744	0.039280648992946095	9.999000099990002e-05
4592	-5.267807706010874e-05	0.039280648992946095	9.999000099990002e-05
4593	-0.03185424775520776	0.039280648992946095	9.999000099990002e-05
4594	0.007388243854397916	0.039280648992946095	9.999000099990002e-05
4595	-0.0013699983260408582	0.039280648992946095	9.999000099990002e-05
4596	-0.0076939418978136526	0.039280648992946095	9.999000099990002e-05
4597	-0.002011587922345681	0.039280648992946095	9.999000099990002e-05
4598	0.00817135963931706	0.039280648992946095	9.999000099990002e-05
4599	-0.007226761443138746	0.039280648992946095	9.999000099990002e-05
4600	0.012202208982260765	0.039280648992946095	9.999000099990002e-05
4601	0.014742486824715073	0.039280648992946095	9.999000099990002e-05
4602	-0.0020331669779078965	0.039280648992946095	9.999000099990002e-05
4603	-0.00937059461420578	0.039280648992946095	9.999000099990002e-05
4604	-0.020512914735370952	0.039280648992946095	9.999000099990002e-05
4605	0.011927681527352213	0.039280648992946095	9.999000099990002e-05
4606	-0.03777482645595007	0.039280648992946095	9.999000099990002e-05
4607	-0.0026483638361491924	0.039280648992946095	9.999000099990002e-05
4608	0.0009352340851273011	0.039280648992946095	9.999000099990002e-05
4609	-0.0011297726862333768	0.039280648992946095	9.999000099990002e-05
4610	-0.0029570176358929973	0.039280648992946095	9.999000099990002e-05
4611	-0.010491746000565821	0.039280648992946095	9.999000099990002e-05
4612	-0.003051577464822791	0.039280648992946095	9.999000099990002e-05
4613	-0.004792914328109021	0.039280648992946095	9.999000099990002e-05
4614	-0.005112535068016635	0.039280648992946095	9.999000099990002e-05
4615	-0.00024348524033121488	0.039280648992946095	9.999000099990002e-05
4616	-0.0007777115532084655	0.039280648992946095	9.999000099990002e-05
4617	-0.0009406722553314956	0.039280648992946095	9.999000099990002e-05
4618	-0.005786225721055957	0.039280648992946095	9.999000099990002e-05
4619	-0.02007635976553035	0.039280648992946095	9.999000099990002e-05
4620	-0.006813824508885596	0.039280648992946095	9.999000099990002e-05
4621	0.00037002979319060436	0.039280648992946095	9.999000099990002e-05
4622	-0.04693061269162449	0.039280648992946095	9.999000099990002e-05
4623	-0.015548314356350318	0.039280648992946095	9.999000099990002e-05
4624	0.0061345803724486	0.039280648992946095	9.999000099990002e-05
4625	0.00222899524176981	0.039280648992946095	9.999000099990002e-05
4626	0.012293657248530765	0.039280648992946095	9.999000099990002e-05
4627	0.010511117403246312	0.039280648992946095	9.999000099990002e-05
4628	-0.0026944947456778723	0.039280648992946095	9.999000099990002e-05
4629	-0.009269219265735984	0.039280648992946095	9.999000099990002e-05
4630	-0.023862931824300687	0.039280648992946095	9.999000099990002e-05
4631	-0.018249397490991748	0.039280648992946095	9.999000099990002e-05
4632	0.006505197267590995	0.039280648992946095	9.999000099990002e-05
4633	-0.0053478893930025695	0.039280648992946095	9.999000099990002e-05
4634	0.001966524254629981	0.039280648992946095	9.999000099990002e-05
4635	-0.0004263287045257885	0.039280648992946095	9.999000099990002e-05
4636	-0.003616048996036958	0.039280648992946095	9.999000099990002e-05
4637	-0.003633867190692544	0.039280648992946095	9.999000099990002e-05
4638	0.0015331912567973366	0.039280648992946095	9.999000099990002e-05
4639	0.005020680219564672	0.039280648992946095	9.999000099990002e-05
4640	-0.023668561701839397	0.039280648992946095	9.999000099990002e-05
4641	0.0038426995782853413	0.039280648992946095	9.999000099990002e-05
4642	0.005504561569018018	0.039280648992946095	9.999000099990002e-05
4643	0.00678325563676016	0.039280648992946095	9.999000099990002e-05
4644	-0.0019944915154518628	0.039280648992946095	9.999000099990002e-05
4645	-0.03619805210428831	0.039280648992946095	9.999000099990002e-05
4646	-0.0038458106554158655	0.039280648992946095	9.999000099990002e-05
4647	-0.043692542039342516	0.039280648992946095	9.999000099990002e-05
4648	0.005717403602697818	0.039280648992946095	9.999000099990002e-05
4649	0.003582645215810268	0.039280648992946095	9.999000099990002e-05
4650	-0.004538623246214388	0.039280648992946095	9.999000099990002e-05
4651	-0.010541054067753963	0.039280648992946095	9.999000099990002e-05
4652	-0.007621753945135021	0.039280648992946095	9.999000099990002e-05
4653	-0.0190825429366491	0.039280648992946095	9.999000099990002e-05
4654	-0.0052994957230239476	0.039280648992946095	9.999000099990002e-05
4655	0.0028055777171328983	0.039280648992946095	9.999000099990002e-05
4656	-0.005168294799135581	0.039280648992946095	9.999000099990002e-05
4657	-0.005250419156175329	0.039280648992946095	9.999000099990002e-05
4658	-0.02480340928530285	0.039280648992946095	9.999000099990002e-05
4659	-0.005249930810870079	0.039280648992946095	9.999000099990002e-05
4660	-0.023136723367401996	0.039280648992946095	9.999000099990002e-05
4661	0.004589109935622185	0.039280648992946095	9.999000099990002e-05
4662	0.0012288941594382347	0.039280648992946095	9.999000099990002e-05
4663	-0.013855636164899529	0.039280648992946095	9.999000099990002e-05
4664	-0.011551363013842325	0.039280648992946095	9.999000099990002e-05
4665	-0.016353817020373973	0.039280648992946095	9.999000099990002e-05
4666	0.01598873690642358	0.039280648992946095	9.999000099990002e-05
4667	0.0001490749544060116	0.039280648992946095	9.999000099990002e-05
4668	-0.0011718061659892198	0.039280648992946095	9.999000099990002e-05
4669	-0.003483910126771142	0.039280648992946095	9.999000099990002e-05
4670	0.013317907098457316	0.039280648992946095	9.999000099990002e-05
4671	-0.01539770915945221	0.039280648992946095	9.999000099990002e-05
4672	-0.006150073367594502	0.039280648992946095	9.999000099990002e-05
4673	-0.020131649407243324	0.039280648992946095	9.999000099990002e-05
4674	0.000583603567981511	0.039280648992946095	9.999000099990002e-05
4675	-0.0040010616388055364	0.039280648992946095	9.999000099990002e-05
4676	-0.027048370039270714	0.039280648992946095	9.999000099990002e-05
4677	-0.0020550178327362473	0.039280648992946095	9.999000099990002e-05
4678	-0.0022270061741499897	0.039280648992946095	9.999000099990002e-05
4679	-0.002285004826233422	0.039280648992946095	9.999000099990002e-05
4680	-0.004031458924899117	0.039280648992946095	9.999000099990002e-05
4681	0.013969508550366494	0.039280648992946095	9.999000099990002e-05
4682	0.006508633746415277	0.039280648992946095	9.999000099990002e-05
4683	-0.022332806004885755	0.039280648992946095	9.999000099990002e-05
4684	-0.015088363237782981	0.039280648992946095	9.999000099990002e-05
4685	-0.034339123313166436	0.039280648992946095	9.999000099990002e-05
4686	-0.007867997185736608	0.039280648992946095	9.999000099990002e-05
4687	-0.01717378714469195	0.039280648992946095	9.999000099990002e-05
4688	0.008499241270746347	0.039280648992946095	9.999000099990002e-05
4689	-0.0016280796919138085	0.039280648992946095	9.999000099990002e-05
4690	-0.0057594557267763025	0.039280648992946095	9.999000099990002e-05
4691	0.006962217051950853	0.039280648992946095	9.999000099990002e-05
4692	0.00039118134026083773	0.039280648992946095	9.999000099990002e-05
4693	0.003587459966475845	0.039280648992946095	9.999000099990002e-05
4694	0.0029597376192241898	0.039280648992946095	9.999000099990002e-05
4695	0.0069519524298264496	0.039280648992946095	9.999000099990002e-05
4696	-0.0007220914117447574	0.039280648992946095	9.999000099990002e-05
4697	-0.008984628343465362	0.039280648992946095	9.999000099990002e-05
4698	-0.004875179100203714	0.039280648992946095	9.999000099990002e-05
4699	0.0013057192561880537	0.039280648992946095	9.999000099990002e-05
4700	-0.00733621182253881	0.039280648992946095	9.999000099990002e-05
4701	0.010389040933178245	0.039280648992946095	9.999000099990002e-05
4702	-0.00818553937498627	0.039280648992946095	9.999000099990002e-05
4703	-0.011511624533677683	0.039280648992946095	9.999000099990002e-05
4704	-0.03255905282102173	0.039280648992946095	9.999000099990002e-05
4705	0.012888046120189067	0.039280648992946095	9.999000099990002e-05
4706	-0.0021244564761178503	0.039280648992946095	9.999000099990002e-05
4707	0.00028777147863476293	0.039280648992946095	9.999000099990002e-05
4708	-0.019774208270416635	0.039280648992946095	9.999000099990002e-05
4709	-0.007663570490428387	0.039280648992946095	9.999000099990002e-05
4710	-0.003022596953038942	0.039280648992946095	9.999000099990002e-05
4711	0.015854634411269913	0.039280648992946095	9.999000099990002e-05
4712	0.011322091836097309	0.039280648992946095	9.999000099990002e-05
4713	-0.004501288427083902	0.039280648992946095	9.999000099990002e-05
4714	0.007541508634790334	0.039280648992946095	9.999000099990002e-05
4715	-0.005380506130338247	0.039280648992946095	9.999000099990002e-05
4716	0.002528568236771611	0.039280648992946095	9.999000099990002e-05
4717	0.0018155986569892424	0.039280648992946095	9.999000099990002e-05
4718	0.005383592542583623	0.039280648992946095	9.999000099990002e-05
4719	-0.005994917596487917	0.039280648992946095	9.999000099990002e-05
4720	-0.0030920786628637342	0.039280648992946095	9.999000099990002e-05
4721	-0.0013771503173411609	0.039280648992946095	9.999000099990002e-05
4722	-0.025878662476296888	0.039280648992946095	9.999000099990002e-05
4723	-0.0021153539196661075	0.039280648992946095	9.999000099990002e-05
4724	-0.01795400218374542	0.039280648992946095	9.999000099990002e-05
4725	-0.02062305854762543	0.039280648992946095	9.999000099990002e-05
4726	-0.013131554471711882	0.039280648992946095	9.999000099990002e-05
4727	-0.004558527711442759	0.039280648992946095	9.999000099990002e-05
4728	-0.005710661398072386	0.039280648992946095	9.999000099990002e-05
4729	0.012469784823784524	0.039280648992946095	9.999000099990002e-05
4730	-0.00534764721101981	0.039280648992946095	9.999000099990002e-05
4731	-0.012968592895636191	0.039280648992946095	9.999000099990002e-05
4732	0.002022914105590995	0.039280648992946095	9.999000099990002e-05
4733	-0.003098372141369543	0.039280648992946095	9.999000099990002e-05
4734	-0.00012980269679541134	0.039280648992946095	9.999000099990002e-05
4735	0.01095186219907332	0.039280648992946095	9.999000099990002e-05
4736	0.0015648404314721615	0.039280648992946095	9.999000099990002e-05
4737	-0.006705128059282667	0.039280648992946095	9.999000099990002e-05
4738	0.004958675125887171	0.039280648992946095	9.999000099990002e-05
4739	-0.001762673445548174	0.039280648992946095	9.999000099990002e-05
4740	0.0023905563087651682	0.039280648992946095	9.999000099990002e-05
4741	-0.012426832382844297	0.039280648992946095	9.999000099990002e-05
4742	-0.030764569199304176	0.039280648992946095	9.999000099990002e-05
4743	-0.0006222283897382441	0.039280648992946095	9.999000099990002e-05
4744	0.005880301477337785	0.039280648992946095	9.999000099990002e-05
4745	0.0010953445364252357	0.039280648992946095	9.999000099990002e-05
4746	-0.011766479751991271	0.039280648992946095	9.999000099990002e-05
4747	-0.0007493078016036769	0.039280648992946095	9.999000099990002e-05
4748	-0.002241422605321605	0.039280648992946095	9.999000099990002e-05
4749	-0.005245859405464293	0.039280648992946095	9.999000099990002e-05
4750	-0.0067933863013684564	0.039280648992946095	9.999000099990002e-05
4751	-0.014902430302508846	0.039280648992946095	9.999000099990002e-05
4752	0.003811899982667094	0.039280648992946095	9.999000099990002e-05
4753	-0.004413384135810938	0.039280648992946095	9.999000099990002e-05
4754	-0.009465025874993954	0.039280648992946095	9.999000099990002e-05
4755	-0.009406686090069533	0.039280648992946095	9.999000099990002e-05
4756	-0.004295286043747112	0.039280648992946095	9.999000099990002e-05
4757	0.00048712866608742467	0.039280648992946095	9.999000099990002e-05
4758	-0.03208960649850974	0.039280648992946095	9.999000099990002e-05
4759	-0.003439450408871683	0.039280648992946095	9.999000099990002e-05
4760	-0.001593491754434198	0.039280648992946095	9.999000099990002e-05
4761	0.011178802108193192	0.039280648992946095	9.999000099990002e-05
4762	0.0018146737237952626	0.039280648992946095	9.999000099990002e-05
4763	-0.0031310488415658283	0.039280648992946095	9.999000099990002e-05
4764	-0.011352546220428958	0.039280648992946095	9.999000099990002e-05
4765	-0.026108225408559615	0.039280648992946095	9.999000099990002e-05
4766	-0.006396093750276902	0.039280648992946095	9.999000099990002e-05
4767	-0.022241704260831233	0.039280648992946095	9.999000099990002e-05
4768	-0.0029798114370499507	0.039280648992946095	9.999000099990002e-05
4769	-0.03226692614514291	0.039280648992946095	9.999000099990002e-05
4770	-0.0077797853116928495	0.039280648992946095	9.999000099990002e-05
4771	-0.010615878104311888	0.039280648992946095	9.999000099990002e-05
4772	-0.005360335497982899	0.039280648992946095	9.999000099990002e-05
4773	-0.007658739183215801	0.039280648992946095	9.999000099990002e-05
4774	-0.00533960495331294	0.039280648992946095	9.999000099990002e-05
4775	0.0170397753463995	0.039280648992946095	9.999000099990002e-05
4776	-0.006946133119172207	0.039280648992946095	9.999000099990002e-05
4777	-0.0010563284266573991	0.039280648992946095	9.999000099990002e-05
4778	0.006955645073875499	0.039280648992946095	9.999000099990002e-05
4779	-0.027673647261291498	0.039280648992946095	9.999000099990002e-05
4780	0.017622830509109316	0.039280648992946095	9.999000099990002e-05
4781	0.00055473832083823	0.039280648992946095	9.999000099990002e-05
4782	0.007365896982902423	0.039280648992946095	9.999000099990002e-05
4783	-0.005006721982332735	0.039280648992946095	9.999000099990002e-05
4784	0.010713355672630584	0.039280648992946095	9.999000099990002e-05
4785	-0.0009822792462067242	0.039280648992946095	9.999000099990002e-05
4786	0.009421816297770544	0.039280648992946095	9.999000099990002e-05
4787	-0.0002357258034041132	0.039280648992946095	9.999000099990002e-05
4788	-0.02552213928104316	0.039280648992946095	9.999000099990002e-05
4789	0.0006562622412541186	0.039280648992946095	9.999000099990002e-05
4790	0.002089975403623018	0.039280648992946095	9.999000099990002e-05
4791	-0.006297853949611104	0.039280648992946095	9.999000099990002e-05
4792	0.005779689963461565	0.039280648992946095	9.999000099990002e-05
4793	0.006129627343056665	0.039280648992946095	9.999000099990002e-05
4794	-0.009187814074600148	0.039280648992946095	9.999000099990002e-05
4795	0.0021260210455269074	0.039280648992946095	9.999000099990002e-05
4796	0.00800051520478258	0.039280648992946095	9.999000099990002e-05
4797	-0.011136029604387712	0.039280648992946095	9.999000099990002e-05
4798	-0.006611808708997136	0.039280648992946095	9.999000099990002e-05
4799	0.0012102750357554787	0.039280648992946095	9.999000099990002e-05
4800	-0.0014237892846620664	0.039280648992946095	9.999000099990002e-05
4801	-0.005626145372570626	0.039280648992946095	9.999000099990002e-05
4802	-0.01153413396036132	0.039280648992946095	9.999000099990002e-05
4803	-0.006741182197948212	0.039280648992946095	9.999000099990002e-05
4804	0.002972909590411854	0.039280648992946095	9.999000099990002e-05
4805	-0.01208205006135607	0.039280648992946095	9.999000099990002e-05
4806	0.00417642955501718	0.039280648992946095	9.999000099990002e-05
4807	-0.0096134364797468	0.039280648992946095	9.999000099990002e-05
4808	-0.006355063179710269	0.039280648992946095	9.999000099990002e-05
4809	-0.001310859845523732	0.039280648992946095	9.999000099990002e-05
4810	-0.0025145406659648206	0.039280648992946095	9.999000099990002e-05
4811	0.0023996334234849537	0.039280648992946095	9.999000099990002e-05
4812	-0.01978662286454956	0.039280648992946095	9.999000099990002e-05
4813	-0.0035265807665429694	0.039280648992946095	9.999000099990002e-05
4814	-0.004945268789737417	0.039280648992946095	9.999000099990002e-05
4815	0.002863719017705796	0.039280648992946095	9.999000099990002e-05
4816	-0.01072060661478913	0.039280648992946095	9.999000099990002e-05
4817	-0.012319394764890745	0.039280648992946095	9.999000099990002e-05
4818	-0.0030453044270978002	0.039280648992946095	9.999000099990002e-05
4819	0.017567591605201438	0.039280648992946095	9.999000099990002e-05
4820	-0.00102909154746475	0.039280648992946095	9.999000099990002e-05
4821	-0.005515332889452787	0.039280648992946095	9.999000099990002e-05
4822	-0.029052969739327264	0.039280648992946095	9.999000099990002e-05
4823	0.004435060831302476	0.039280648992946095	9.999000099990002e-05
4824	-0.02123581416486972	0.039280648992946095	9.999000099990002e-05
4825	-0.026033105344826724	0.039280648992946095	9.999000099990002e-05
4826	-0.00920518771868753	0.039280648992946095	9.999000099990002e-05
4827	-0.01663598704532257	0.039280648992946095	9.999000099990002e-05
4828	-0.0027402200440830304	0.039280648992946095	9.999000099990002e-05
4829	-0.003584861122688965	0.039280648992946095	9.999000099990002e-05
4830	-0.002985685029872759	0.039280648992946095	9.999000099990002e-05
4831	-0.029851305214985524	0.039280648992946095	9.999000099990002e-05
4832	-0.0020317151969403008	0.039280648992946095	9.999000099990002e-05
4833	0.0074637525842839725	0.039280648992946095	9.999000099990002e-05
4834	0.007434085194290424	0.039280648992946095	9.999000099990002e-05
4835	-0.014898513538164598	0.039280648992946095	9.999000099990002e-05
4836	-0.0016602456639071284	0.039280648992946095	9.999000099990002e-05
4837	0.00561072190521128	0.039280648992946095	9.999000099990002e-05
4838	-0.03142422664939756	0.039280648992946095	9.999000099990002e-05
4839	-0.0037237726392632398	0.039280648992946095	9.999000099990002e-05
4840	0.005757287256103916	0.039280648992946095	9.999000099990002e-05
4841	-0.006568440606478251	0.039280648992946095	9.999000099990002e-05
4842	-0.001341429543048861	0.039280648992946095	9.999000099990002e-05
4843	-0.008907736632104396	0.039280648992946095	9.999000099990002e-05
4844	-0.008834786981160844	0.039280648992946095	9.999000099990002e-05
4845	0.002119458438165772	0.039280648992946095	9.999000099990002e-05
4846	-0.001909364111536499	0.039280648992946095	9.999000099990002e-05
4847	-0.012131127744921907	0.039280648992946095	9.999000099990002e-05
4848	-0.0025528352792883735	0.039280648992946095	9.999000099990002e-05
4849	-0.008131408011817928	0.039280648992946095	9.999000099990002e-05
4850	-0.009742690431400053	0.039280648992946095	9.999000099990002e-05
4851	-0.05962420517832369	0.039280648992946095	9.999000099990002e-05
4852	0.010719786264592537	0.039280648992946095	9.999000099990002e-05
4853	0.005244251866717911	0.039280648992946095	9.999000099990002e-05
4854	-0.045368147032196965	0.039280648992946095	9.999000099990002e-05
4855	0.008842429065671675	0.039280648992946095	9.999000099990002e-05
4856	-0.016346257087409832	0.039280648992946095	9.999000099990002e-05
4857	-0.006786900407626556	0.039280648992946095	9.999000099990002e-05
4858	-0.007576784664302713	0.039280648992946095	9.999000099990002e-05
4859	0.0013415779693362329	0.039280648992946095	9.999000099990002e-05
4860	-0.0008425111589548118	0.039280648992946095	9.999000099990002e-05
4861	0.008140218522434406	0.039280648992946095	9.999000099990002e-05
4862	0.0005925180304073574	0.039280648992946095	9.999000099990002e-05
4863	0.014848841129838003	0.039280648992946095	9.999000099990002e-05
4864	0.0009409851303709971	0.039280648992946095	9.999000099990002e-05
4865	0.004390923019286272	0.039280648992946095	9.999000099990002e-05
4866	-0.019511769910841442	0.039280648992946095	9.999000099990002e-05
4867	-0.019863382948934735	0.039280648992946095	9.999000099990002e-05
4868	-0.007411132090991243	0.039280648992946095	9.999000099990002e-05
4869	-0.004295382518406263	0.039280648992946095	9.999000099990002e-05
4870	0.010783002947924739	0.039280648992946095	9.999000099990002e-05
4871	-0.0011075583156662655	0.039280648992946095	9.999000099990002e-05
4872	-0.004631020333716762	0.039280648992946095	9.999000099990002e-05
4873	-0.012152570706639401	0.039280648992946095	9.999000099990002e-05
4874	-0.01595566702465223	0.039280648992946095	9.999000099990002e-05
4875	0.007535893294967996	0.039280648992946095	9.999000099990002e-05
4876	0.003412915459295049	0.039280648992946095	9.999000099990002e-05
4877	-0.004803565237293375	0.039280648992946095	9.999000099990002e-05
4878	-0.014400896081104661	0.039280648992946095	9.999000099990002e-05
4879	0.0004462071939400347	0.039280648992946095	9.999000099990002e-05
4880	-0.006961237253953256	0.039280648992946095	9.999000099990002e-05
4881	0.007605643162589673	0.039280648992946095	9.999000099990002e-05
4882	0.002916352523182078	0.039280648992946095	9.999000099990002e-05
4883	-0.013514437049170616	0.039280648992946095	9.999000099990002e-05
4884	0.00037878417662746966	0.039280648992946095	9.999000099990002e-05
4885	-0.007239640834408978	0.039280648992946095	9.999000099990002e-05
4886	0.008511649018917058	0.039280648992946095	9.999000099990002e-05
4887	-0.004122424138132547	0.039280648992946095	9.999000099990002e-05
4888	-0.004356871640164989	0.039280648992946095	9.999000099990002e-05
4889	-0.000463695471479994	0.039280648992946095	9.999000099990002e-05
4890	-0.014583068786660144	0.039280648992946095	9.999000099990002e-05
4891	0.002555307594156453	0.039280648992946095	9.999000099990002e-05
4892	-0.004763288353759276	0.039280648992946095	9.999000099990002e-05
4893	-0.008969575626230394	0.039280648992946095	9.999000099990002e-05
4894	0.0017535571486190504	0.039280648992946095	9.999000099990002e-05
4895	0.002958728932237073	0.039280648992946095	9.999000099990002e-05
4896	0.010322454045762444	0.039280648992946095	9.999000099990002e-05
4897	-0.019466405991846375	0.039280648992946095	9.999000099990002e-05
4898	-0.003399382691332359	0.039280648992946095	9.999000099990002e-05
4899	0.0010836241034405392	0.039280648992946095	9.999000099990002e-05
4900	0.0019589615055962684	0.039280648992946095	9.999000099990002e-05
4901	-0.0014984733431413072	0.039280648992946095	9.999000099990002e-05
4902	0.005606314319362718	0.039280648992946095	9.999000099990002e-05
4903	-0.0033710585179693026	0.039280648992946095	9.999000099990002e-05
4904	-0.01779036528505583	0.039280648992946095	9.999000099990002e-05
4905	-0.003937707939123028	0.039280648992946095	9.999000099990002e-05
4906	-0.0005468026853514968	0.039280648992946095	9.999000099990002e-05
4907	-0.012559650653169621	0.039280648992946095	9.999000099990002e-05
4908	-0.0011911758693174124	0.039280648992946095	9.999000099990002e-05
4909	-0.014703996251791973	0.039280648992946095	9.999000099990002e-05
4910	-0.0025335100018852585	0.039280648992946095	9.999000099990002e-05
4911	0.007849568486620079	0.039280648992946095	9.999000099990002e-05
4912	-0.012582683674581	0.039280648992946095	9.999000099990002e-05
4913	-0.005300369093013055	0.039280648992946095	9.999000099990002e-05
4914	-0.003154555545299559	0.039280648992946095	9.999000099990002e-05
4915	-0.028053537910494142	0.039280648992946095	9.999000099990002e-05
4916	0.005665961343201298	0.039280648992946095	9.999000099990002e-05
4917	-0.0015272918823721338	0.039280648992946095	9.999000099990002e-05
4918	0.004261978301203229	0.039280648992946095	9.999000099990002e-05
4919	-0.008712107580887918	0.039280648992946095	9.999000099990002e-05
4920	-0.010588969928411768	0.039280648992946095	9.999000099990002e-05
4921	0.006780391451245954	0.039280648992946095	9.999000099990002e-05
4922	0.003958704019732001	0.039280648992946095	9.999000099990002e-05
4923	-0.0023950695457753968	0.039280648992946095	9.999000099990002e-05
4924	-0.011090879949444382	0.039280648992946095	9.999000099990002e-05
4925	-0.0007835946138513294	0.039280648992946095	9.999000099990002e-05
4926	0.008829422999823838	0.039280648992946095	9.999000099990002e-05
4927	-0.011646878509966707	0.039280648992946095	9.999000099990002e-05
4928	0.008395980855019025	0.039280648992946095	9.999000099990002e-05
4929	0.006788932347477877	0.039280648992946095	9.999000099990002e-05
4930	0.009159637453571817	0.039280648992946095	9.999000099990002e-05
4931	-0.0012878734834718963	0.039280648992946095	9.999000099990002e-05
4932	0.005603407989910852	0.039280648992946095	9.999000099990002e-05
4933	-0.020252864499894357	0.039280648992946095	9.999000099990002e-05
4934	0.009827541617733221	0.039280648992946095	9.999000099990002e-05
4935	-0.014332533467615177	0.039280648992946095	9.999000099990002e-05
4936	0.005357863911408647	0.039280648992946095	9.999000099990002e-05
4937	0.0005616363317953593	0.039280648992946095	9.999000099990002e-05
4938	0.0016369812878149342	0.039280648992946095	9.999000099990002e-05
4939	-0.008644705926861687	0.039280648992946095	9.999000099990002e-05
4940	0.013811962907256059	0.039280648992946095	9.999000099990002e-05
4941	-0.014970296171037303	0.039280648992946095	9.999000099990002e-05
4942	-0.03350205818998944	0.039280648992946095	9.999000099990002e-05
4943	0.0035752194831268624	0.039280648992946095	9.999000099990002e-05
4944	-0.0024735453448206934	0.039280648992946095	9.999000099990002e-05
4945	-0.012272347613141416	0.039280648992946095	9.999000099990002e-05
4946	-0.0004464666607636031	0.039280648992946095	9.999000099990002e-05
4947	0.0027753529881297256	0.039280648992946095	9.999000099990002e-05
4948	-0.0050754257286632215	0.039280648992946095	9.999000099990002e-05
4949	-0.00033505134454674124	0.039280648992946095	9.999000099990002e-05
4950	-0.0024119867923812627	0.039280648992946095	9.999000099990002e-05
4951	-0.011781857433943707	0.039280648992946095	9.999000099990002e-05
4952	-0.0007735359046757706	0.039280648992946095	9.999000099990002e-05
4953	0.005659119702188423	0.039280648992946095	9.999000099990002e-05
4954	0.001563862721250267	0.039280648992946095	9.999000099990002e-05
4955	-0.008465798502521979	0.039280648992946095	9.999000099990002e-05
4956	0.0051842551161708494	0.039280648992946095	9.999000099990002e-05
4957	0.0021489533196219074	0.039280648992946095	9.999000099990002e-05
4958	0.015884366667969357	0.039280648992946095	9.999000099990002e-05
4959	-9.570014289270179e-05	0.039280648992946095	9.999000099990002e-05
4960	0.00017972801730092858	0.039280648992946095	9.999000099990002e-05
4961	-0.03031982655575062	0.039280648992946095	9.999000099990002e-05
4962	-0.0009993890051545329	0.039280648992946095	9.999000099990002e-05
4963	-0.001543513656900794	0.039280648992946095	9.999000099990002e-05
4964	-0.024209990695269176	0.039280648992946095	9.999000099990002e-05
4965	0.008746130799313523	0.039280648992946095	9.999000099990002e-05
4966	0.008744883377601223	0.039280648992946095	9.999000099990002e-05
4967	0.009385916994378268	0.039280648992946095	9.999000099990002e-05
4968	0.0010350079639661197	0.039280648992946095	9.999000099990002e-05
4969	-0.01656266504200815	0.039280648992946095	9.999000099990002e-05
4970	-0.027677512025454584	0.039280648992946095	9.999000099990002e-05
4971	0.0029638906420944994	0.039280648992946095	9.999000099990002e-05
4972	-0.0019098297826264654	0.039280648992946095	9.999000099990002e-05
4973	-0.020223239690814784	0.039280648992946095	9.999000099990002e-05
4974	-0.0017819216694615891	0.039280648992946095	9.999000099990002e-05
4975	0.0034299539425510506	0.039280648992946095	9.999000099990002e-05
4976	-0.022913341562179917	0.039280648992946095	9.999000099990002e-05
4977	0.002783434622257608	0.039280648992946095	9.999000099990002e-05
4978	0.0015001612369762302	0.039280648992946095	9.999000099990002e-05
4979	0.004813940754295198	0.039280648992946095	9.999000099990002e-05
4980	0.017047786627341133	0.039280648992946095	9.999000099990002e-05
4981	7.939777051094166e-05	0.039280648992946095	9.999000099990002e-05
4982	-0.00672267008490901	0.039280648992946095	9.999000099990002e-05
4983	-0.002998221006314597	0.039280648992946095	9.999000099990002e-05
4984	-0.007243304977891898	0.039280648992946095	9.999000099990002e-05
4985	-0.015380583960674737	0.039280648992946095	9.999000099990002e-05
4986	-0.006647166210315317	0.039280648992946095	9.999000099990002e-05
4987	0.001918928212079729	0.039280648992946095	9.999000099990002e-05
4988	0.0026408322095395065	0.039280648992946095	9.999000099990002e-05
4989	-0.005525836100643611	0.039280648992946095	9.999000099990002e-05
4990	0.0028079510325898366	0.039280648992946095	9.999000099990002e-05
4991	-0.03277367441645612	0.039280648992946095	9.999000099990002e-05
4992	-0.03718564129242813	0.039280648992946095	9.999000099990002e-05
4993	-0.006617381565011349	0.039280648992946095	9.999000099990002e-05
4994	0.006292984091377268	0.039280648992946095	9.999000099990002e-05
4995	0.010241231656383826	0.039280648992946095	9.999000099990002e-05
4996	0.006780716852939725	0.039280648992946095	9.999000099990002e-05
4997	-0.028801374024431572	0.039280648992946095	9.999000099990002e-05
4998	-0.012723281676955439	0.039280648992946095	9.999000099990002e-05
4999	-0.0016843456358139053	0.039280648992946095	9.999000099990002e-05
5000	-0.009593613097900786	0.039280648992946095	9.999000099990002e-05
5001	-0.018237906664782616	0.039280648992946095	9.999000099990002e-05
5002	0.005890184716247554	0.039280648992946095	9.999000099990002e-05
5003	-0.00783754314127541	0.039280648992946095	9.999000099990002e-05
5004	-0.008950941985223504	0.039280648992946095	9.999000099990002e-05
5005	-0.022748349648499408	0.039280648992946095	9.999000099990002e-05
5006	-0.010438238396806535	0.039280648992946095	9.999000099990002e-05
5007	-0.03383041010503643	0.039280648992946095	9.999000099990002e-05
5008	0.002943471855746768	0.039280648992946095	9.999000099990002e-05
5009	-0.011320822177146	0.039280648992946095	9.999000099990002e-05
5010	-0.027293476170402314	0.039280648992946095	9.999000099990002e-05
5011	0.005395979898526429	0.039280648992946095	9.999000099990002e-05
5012	-0.024506742522647063	0.039280648992946095	9.999000099990002e-05
5013	0.01447627420362635	0.039280648992946095	9.999000099990002e-05
5014	-0.004281917578877775	0.039280648992946095	9.999000099990002e-05
5015	-0.0052150814158970354	0.039280648992946095	9.999000099990002e-05
5016	0.004322029722342219	0.039280648992946095	9.999000099990002e-05
5017	-0.006028581620384957	0.039280648992946095	9.999000099990002e-05
5018	0.007553624676996232	0.039280648992946095	9.999000099990002e-05
5019	-0.005866931555880722	0.039280648992946095	9.999000099990002e-05
5020	-0.011040799939324386	0.039280648992946095	9.999000099990002e-05
5021	0.005577463929414023	0.039280648992946095	9.999000099990002e-05
5022	0.004045801895497414	0.039280648992946095	9.999000099990002e-05
5023	0.0005437878401154811	0.039280648992946095	9.999000099990002e-05
5024	-0.0014528487920525412	0.039280648992946095	9.999000099990002e-05
5025	0.003803083645699784	0.039280648992946095	9.999000099990002e-05
5026	0.0013275228204688572	0.039280648992946095	9.999000099990002e-05
5027	-0.003110896173792191	0.039280648992946095	9.999000099990002e-05
5028	0.0004193540770552895	0.039280648992946095	9.999000099990002e-05
5029	0.0014551500064179795	0.039280648992946095	9.999000099990002e-05
5030	0.006908396524599222	0.039280648992946095	9.999000099990002e-05
5031	-0.020295833011852282	0.039280648992946095	9.999000099990002e-05
5032	0.00013405952581632685	0.039280648992946095	9.999000099990002e-05
5033	0.003919404749313932	0.039280648992946095	9.999000099990002e-05
5034	0.003974752848746904	0.039280648992946095	9.999000099990002e-05
5035	0.009352712863773233	0.039280648992946095	9.999000099990002e-05
5036	-0.00188474622559405	0.039280648992946095	9.999000099990002e-05
5037	-0.01247032890784601	0.039280648992946095	9.999000099990002e-05
5038	-0.0008229493802610205	0.039280648992946095	9.999000099990002e-05
5039	0.009187402200149505	0.039280648992946095	9.999000099990002e-05
5040	-0.0058101872685776546	0.039280648992946095	9.999000099990002e-05
5041	-0.007669886351831939	0.039280648992946095	9.999000099990002e-05
5042	-0.007821251159219236	0.039280648992946095	9.999000099990002e-05
5043	-0.00018833664486120338	0.039280648992946095	9.999000099990002e-05
5044	0.016415795555602297	0.039280648992946095	9.999000099990002e-05
5045	-0.022828137201880733	0.039280648992946095	9.999000099990002e-05
5046	-0.001001131958004775	0.039280648992946095	9.999000099990002e-05
5047	0.005594779649863615	0.039280648992946095	9.999000099990002e-05
5048	0.00955651759613059	0.039280648992946095	9.999000099990002e-05
5049	-0.010679982432192772	0.039280648992946095	9.999000099990002e-05
5050	-0.011295619471239166	0.039280648992946095	9.999000099990002e-05
5051	0.010311312315073734	0.039280648992946095	9.999000099990002e-05
5052	0.0022307048387615602	0.039280648992946095	9.999000099990002e-05
5053	0.010067381650221738	0.039280648992946095	9.999000099990002e-05
5054	0.0004991298806290984	0.039280648992946095	9.999000099990002e-05
5055	-0.007168610189216523	0.039280648992946095	9.999000099990002e-05
5056	0.0010530175542463882	0.039280648992946095	9.999000099990002e-05
5057	0.004930222869911738	0.039280648992946095	9.999000099990002e-05
5058	-0.015321116971076729	0.039280648992946095	9.999000099990002e-05
5059	-0.039114050579551723	0.039280648992946095	9.999000099990002e-05
5060	0.0018681472919550995	0.039280648992946095	9.999000099990002e-05
5061	0.005230193853228024	0.039280648992946095	9.999000099990002e-05
5062	-0.021636797126575832	0.039280648992946095	9.999000099990002e-05
5063	-0.019637539801805298	0.039280648992946095	9.999000099990002e-05
5064	0.0022483051764490697	0.039280648992946095	9.999000099990002e-05
5065	0.0042395949179091785	0.039280648992946095	9.999000099990002e-05
5066	0.0021185761829916328	0.039280648992946095	9.999000099990002e-05
5067	-0.004890691904942429	0.039280648992946095	9.999000099990002e-05
5068	-0.004209572217620944	0.039280648992946095	9.999000099990002e-05
5069	0.00689027448574793	0.039280648992946095	9.999000099990002e-05
5070	0.0019248910937289532	0.039280648992946095	9.999000099990002e-05
5071	0.006620668209513528	0.039280648992946095	9.999000099990002e-05
5072	-0.003374942994619351	0.039280648992946095	9.999000099990002e-05
5073	-0.0016336839131166486	0.039280648992946095	9.999000099990002e-05
5074	0.002839029273436419	0.039280648992946095	9.999000099990002e-05
5075	-0.011201358339895148	0.039280648992946095	9.999000099990002e-05
5076	-0.00269831566655096	0.039280648992946095	9.999000099990002e-05
5077	0.007174686102071809	0.039280648992946095	9.999000099990002e-05
5078	-0.0003082925174395096	0.039280648992946095	9.999000099990002e-05
5079	-0.0013605588608524705	0.039280648992946095	9.999000099990002e-05
5080	-0.001060399200875195	0.039280648992946095	9.999000099990002e-05
5081	-0.010322952781393321	0.039280648992946095	9.999000099990002e-05
5082	-0.0034351811017494516	0.039280648992946095	9.999000099990002e-05
5083	0.0017213407786911272	0.039280648992946095	9.999000099990002e-05
5084	-0.02162099047954366	0.039280648992946095	9.999000099990002e-05
5085	-0.001278604390492294	0.039280648992946095	9.999000099990002e-05
5086	0.0019154386163570403	0.039280648992946095	9.999000099990002e-05
5087	0.004007789034789308	0.039280648992946095	9.999000099990002e-05
5088	0.008627664044901034	0.039280648992946095	9.999000099990002e-05
5089	0.006859158082303418	0.039280648992946095	9.999000099990002e-05
5090	-0.00019271660409625468	0.039280648992946095	9.999000099990002e-05
5091	-0.0002938144240549334	0.039280648992946095	9.999000099990002e-05
5092	0.0016867784286022092	0.039280648992946095	9.999000099990002e-05
5093	-0.0003011708231634991	0.039280648992946095	9.999000099990002e-05
5094	0.01200291772967832	0.039280648992946095	9.999000099990002e-05
5095	0.002226205779204987	0.039280648992946095	9.999000099990002e-05
5096	-0.0005789068494730792	0.039280648992946095	9.999000099990002e-05
5097	0.012054603967615762	0.039280648992946095	9.999000099990002e-05
5098	0.0015278025134693174	0.039280648992946095	9.999000099990002e-05
5099	-0.004691872052694904	0.039280648992946095	9.999000099990002e-05
5100	-0.029367735332536865	0.039280648992946095	9.999000099990002e-05
5101	-0.0329929112585932	0.039280648992946095	9.999000099990002e-05
5102	-0.0038415251801700717	0.039280648992946095	9.999000099990002e-05
5103	0.01599408185501458	0.039280648992946095	9.999000099990002e-05
5104	-0.0048266153007809065	0.039280648992946095	9.999000099990002e-05
5105	-0.011329793495045329	0.039280648992946095	9.999000099990002e-05
5106	-0.00845463118444259	0.039280648992946095	9.999000099990002e-05
5107	-0.004673497781405717	0.039280648992946095	9.999000099990002e-05
5108	0.001430394375831326	0.039280648992946095	9.999000099990002e-05
5109	0.019029605684083017	0.039280648992946095	9.999000099990002e-05
5110	-0.014172263471410415	0.039280648992946095	9.999000099990002e-05
5111	-0.002872448542045755	0.039280648992946095	9.999000099990002e-05
5112	0.0028047149802340465	0.039280648992946095	9.999000099990002e-05
5113	0.004297458689970959	0.039280648992946095	9.999000099990002e-05
5114	-0.008166633886160304	0.039280648992946095	9.999000099990002e-05
5115	-0.0402224951802848	0.039280648992946095	9.999000099990002e-05
5116	-0.014491383193699733	0.039280648992946095	9.999000099990002e-05
5117	-0.006917839242833471	0.039280648992946095	9.999000099990002e-05
5118	-0.012480072265783002	0.039280648992946095	9.999000099990002e-05
5119	-0.029350391888367938	0.039280648992946095	9.999000099990002e-05
5120	0.0009425723739953373	0.039280648992946095	9.999000099990002e-05
5121	-0.02405223564339938	0.039280648992946095	9.999000099990002e-05
5122	-9.375773463245196e-05	0.039280648992946095	9.999000099990002e-05
5123	0.001663882569199887	0.039280648992946095	9.999000099990002e-05
5124	-0.008973052695298772	0.039280648992946095	9.999000099990002e-05
5125	-0.010150754885561455	0.039280648992946095	9.999000099990002e-05
5126	-0.0025752933369788816	0.039280648992946095	9.999000099990002e-05
5127	0.0046275629771353605	0.039280648992946095	9.999000099990002e-05
5128	1.2175665196040297e-05	0.039280648992946095	9.999000099990002e-05
5129	0.0017581268526794397	0.039280648992946095	9.999000099990002e-05
5130	-0.0040573252036123775	0.039280648992946095	9.999000099990002e-05
5131	-0.018359729640036737	0.039280648992946095	9.999000099990002e-05
5132	-0.015537741763031715	0.039280648992946095	9.999000099990002e-05
5133	-0.005623401841071504	0.039280648992946095	9.999000099990002e-05
5134	0.013220533287736314	0.039280648992946095	9.999000099990002e-05
5135	-0.00771201853968137	0.039280648992946095	9.999000099990002e-05
5136	-0.00045265439100186655	0.039280648992946095	9.999000099990002e-05
5137	0.008440229659018514	0.039280648992946095	9.999000099990002e-05
5138	0.004333558468384638	0.039280648992946095	9.999000099990002e-05
5139	-0.005366787841654591	0.039280648992946095	9.999000099990002e-05
5140	0.003110929383991934	0.039280648992946095	9.999000099990002e-05
5141	-0.002372150041099322	0.039280648992946095	9.999000099990002e-05
5142	-0.0005934589860661088	0.039280648992946095	9.999000099990002e-05
5143	0.0012168767282200593	0.039280648992946095	9.999000099990002e-05
5144	-0.03248123845845419	0.039280648992946095	9.999000099990002e-05
5145	0.0029798123595555087	0.039280648992946095	9.999000099990002e-05
5146	0.0004067808605210388	0.039280648992946095	9.999000099990002e-05
5147	0.0027912586831259495	0.039280648992946095	9.999000099990002e-05
5148	-0.007484730651758295	0.039280648992946095	9.999000099990002e-05
5149	-0.0001352925758632273	0.039280648992946095	9.999000099990002e-05
5150	0.009090171863317648	0.039280648992946095	9.999000099990002e-05
5151	-0.002605353908547506	0.039280648992946095	9.999000099990002e-05
5152	0.01231512487513342	0.039280648992946095	9.999000099990002e-05
5153	-0.01131269300970597	0.039280648992946095	9.999000099990002e-05
5154	-0.01615772069582108	0.039280648992946095	9.999000099990002e-05
5155	-0.001395868294776309	0.039280648992946095	9.999000099990002e-05
5156	0.01508412277109733	0.039280648992946095	9.999000099990002e-05
5157	-0.007816196945534593	0.039280648992946095	9.999000099990002e-05
5158	-0.0006706657573480879	0.039280648992946095	9.999000099990002e-05
5159	0.003593231549606224	0.039280648992946095	9.999000099990002e-05
5160	0.009261855875006456	0.039280648992946095	9.999000099990002e-05
5161	-0.00491332154866482	0.039280648992946095	9.999000099990002e-05
5162	-0.00789476382986451	0.039280648992946095	9.999000099990002e-05
5163	0.009011144988589861	0.039280648992946095	9.999000099990002e-05
5164	-0.005238205474040122	0.039280648992946095	9.999000099990002e-05
5165	0.012236572265363066	0.039280648992946095	9.999000099990002e-05
5166	0.00393976163068413	0.039280648992946095	9.999000099990002e-05
5167	-0.006161429022464415	0.039280648992946095	9.999000099990002e-05
5168	-0.016021331357967336	0.039280648992946095	9.999000099990002e-05
5169	-0.004474887871999705	0.039280648992946095	9.999000099990002e-05
5170	-0.009407524987482943	0.039280648992946095	9.999000099990002e-05
5171	-0.000524461785865557	0.039280648992946095	9.999000099990002e-05
5172	-0.0002465529111480985	0.039280648992946095	9.999000099990002e-05
5173	-0.006165987316587754	0.039280648992946095	9.999000099990002e-05
5174	-0.022698580425643183	0.039280648992946095	9.999000099990002e-05
5175	-0.0028873414230563554	0.039280648992946095	9.999000099990002e-05
5176	-0.010343154147749292	0.039280648992946095	9.999000099990002e-05
5177	-0.007990608320598988	0.039280648992946095	9.999000099990002e-05
5178	-0.01918580927583309	0.039280648992946095	9.999000099990002e-05
5179	-0.023182431672283926	0.039280648992946095	9.999000099990002e-05
5180	0.006294758894945379	0.039280648992946095	9.999000099990002e-05
5181	-0.05406062301528697	0.039280648992946095	9.999000099990002e-05
5182	0.0016999713260999333	0.039280648992946095	9.999000099990002e-05
5183	-0.0015730486916246955	0.039280648992946095	9.999000099990002e-05
5184	0.0014571803440228265	0.039280648992946095	9.999000099990002e-05
5185	-0.004219448416356797	0.039280648992946095	9.999000099990002e-05
5186	-0.0019512538746385977	0.039280648992946095	9.999000099990002e-05
5187	-0.002782273042114161	0.039280648992946095	9.999000099990002e-05
5188	0.012903263820258332	0.039280648992946095	9.999000099990002e-05
5189	0.002602945537879764	0.039280648992946095	9.999000099990002e-05
5190	-0.03687501886584536	0.039280648992946095	9.999000099990002e-05
5191	-0.018196601818750754	0.039280648992946095	9.999000099990002e-05
5192	0.020379467753238373	0.039280648992946095	9.999000099990002e-05
5193	0.0028083933011705947	0.039280648992946095	9.999000099990002e-05
5194	-0.012921901394052027	0.039280648992946095	9.999000099990002e-05
5195	-0.01068902682224207	0.039280648992946095	9.999000099990002e-05
5196	-0.0043874809083228605	0.039280648992946095	9.999000099990002e-05
5197	0.0010611487609092363	0.039280648992946095	9.999000099990002e-05
5198	0.00011279363661112485	0.039280648992946095	9.999000099990002e-05
5199	-0.0004076929271902563	0.039280648992946095	9.999000099990002e-05
5200	0.020539861122421926	0.039280648992946095	9.999000099990002e-05
5201	-0.002652679705525157	0.039280648992946095	9.999000099990002e-05
5202	0.003498214789112747	0.039280648992946095	9.999000099990002e-05
5203	0.0007690645688385594	0.039280648992946095	9.999000099990002e-05
5204	0.0033176060217782882	0.039280648992946095	9.999000099990002e-05
5205	0.001587261103411522	0.039280648992946095	9.999000099990002e-05
5206	0.007766391939173722	0.039280648992946095	9.999000099990002e-05
5207	0.00358081744100254	0.039280648992946095	9.999000099990002e-05
5208	-0.04426745939219187	0.039280648992946095	9.999000099990002e-05
5209	0.0036704532751886676	0.039280648992946095	9.999000099990002e-05
5210	0.0020543713020060306	0.039280648992946095	9.999000099990002e-05
5211	0.015404226029959361	0.039280648992946095	9.999000099990002e-05
5212	0.0039485696651015145	0.039280648992946095	9.999000099990002e-05
5213	-0.004483306123546665	0.039280648992946095	9.999000099990002e-05
5214	-0.009980667633870038	0.039280648992946095	9.999000099990002e-05
5215	-0.0024283406308620165	0.039280648992946095	9.999000099990002e-05
5216	0.0038817314192003405	0.039280648992946095	9.999000099990002e-05
5217	-0.035641879869958384	0.039280648992946095	9.999000099990002e-05
5218	-0.005632000078306151	0.039280648992946095	9.999000099990002e-05
5219	0.0016043280872336252	0.039280648992946095	9.999000099990002e-05
5220	-0.002893820325177293	0.039280648992946095	9.999000099990002e-05
5221	0.003398391629056488	0.039280648992946095	9.999000099990002e-05
5222	0.003099625632197303	0.039280648992946095	9.999000099990002e-05
5223	-0.0014270916603114497	0.039280648992946095	9.999000099990002e-05
5224	0.006586718451661283	0.039280648992946095	9.999000099990002e-05
5225	0.0011020393533972273	0.039280648992946095	9.999000099990002e-05
5226	-0.007385233573136696	0.039280648992946095	9.999000099990002e-05
5227	-0.004583046500868229	0.039280648992946095	9.999000099990002e-05
5228	-0.022658400210979923	0.039280648992946095	9.999000099990002e-05
5229	-0.061152404854707784	0.039280648992946095	9.999000099990002e-05
5230	-0.005658027746937383	0.039280648992946095	9.999000099990002e-05
5231	-0.02674714867251378	0.039280648992946095	9.999000099990002e-05
5232	0.004435979598275158	0.039280648992946095	9.999000099990002e-05
5233	0.006775446384533493	0.039280648992946095	9.999000099990002e-05
5234	-0.007544243086892721	0.039280648992946095	9.999000099990002e-05
5235	-0.00011804837387008327	0.039280648992946095	9.999000099990002e-05
5236	-0.0013318709775389515	0.039280648992946095	9.999000099990002e-05
5237	-0.006500998362207924	0.039280648992946095	9.999000099990002e-05
5238	-0.0008330256655949136	0.039280648992946095	9.999000099990002e-05
5239	0.0021935621435496266	0.039280648992946095	9.999000099990002e-05
5240	0.0014781533134401448	0.039280648992946095	9.999000099990002e-05
5241	0.008163417206421025	0.039280648992946095	9.999000099990002e-05
5242	-0.0021438956101267337	0.039280648992946095	9.999000099990002e-05
5243	-0.004768135586330782	0.039280648992946095	9.999000099990002e-05
5244	-0.01956240949340554	0.039280648992946095	9.999000099990002e-05
5245	-0.0003992353477751953	0.039280648992946095	9.999000099990002e-05
5246	0.01286508413170484	0.039280648992946095	9.999000099990002e-05
5247	0.0038941614531629865	0.039280648992946095	9.999000099990002e-05
5248	-0.00029372052270078275	0.039280648992946095	9.999000099990002e-05
5249	-0.014927624997183322	0.039280648992946095	9.999000099990002e-05
5250	-0.006301058199801979	0.039280648992946095	9.999000099990002e-05
5251	0.0032370174422639425	0.039280648992946095	9.999000099990002e-05
5252	-0.007917434306595611	0.039280648992946095	9.999000099990002e-05
5253	0.0037885949677779057	0.039280648992946095	9.999000099990002e-05
5254	-0.02205226575592259	0.039280648992946095	9.999000099990002e-05
5255	-0.00448296387398843	0.039280648992946095	9.999000099990002e-05
5256	0.011784535467548929	0.039280648992946095	9.999000099990002e-05
5257	-0.0086032796985209	0.039280648992946095	9.999000099990002e-05
5258	-0.02969472558084238	0.039280648992946095	9.999000099990002e-05
5259	0.0052968892564280445	0.039280648992946095	9.999000099990002e-05
5260	-0.0033416723465090337	0.039280648992946095	9.999000099990002e-05
5261	-0.00433675669801295	0.039280648992946095	9.999000099990002e-05
5262	-0.008575003738210962	0.039280648992946095	9.999000099990002e-05
5263	0.009426698488446988	0.039280648992946095	9.999000099990002e-05
5264	0.0056223513500171796	0.039280648992946095	9.999000099990002e-05
5265	-0.005670992882670631	0.039280648992946095	9.999000099990002e-05
5266	-0.004575234626783692	0.039280648992946095	9.999000099990002e-05
5267	-0.003361456157722348	0.039280648992946095	9.999000099990002e-05
5268	-0.006145545564707186	0.039280648992946095	9.999000099990002e-05
5269	0.009257071372812217	0.039280648992946095	9.999000099990002e-05
5270	-0.024470069431311886	0.039280648992946095	9.999000099990002e-05
5271	0.00879717992578792	0.039280648992946095	9.999000099990002e-05
5272	-0.03092479015705614	0.039280648992946095	9.999000099990002e-05
5273	-0.02442173960842775	0.039280648992946095	9.999000099990002e-05
5274	0.004523266490571998	0.039280648992946095	9.999000099990002e-05
5275	-0.010484704175849055	0.039280648992946095	9.999000099990002e-05
5276	0.002694963815472476	0.039280648992946095	9.999000099990002e-05
5277	-0.023270866695564385	0.039280648992946095	9.999000099990002e-05
5278	0.004597020614906189	0.039280648992946095	9.999000099990002e-05
5279	-3.1989967645348893e-05	0.039280648992946095	9.999000099990002e-05
5280	-0.013659845335341703	0.039280648992946095	9.999000099990002e-05
5281	-0.004194949485077065	0.039280648992946095	9.999000099990002e-05
5282	-0.0033865070386372154	0.039280648992946095	9.999000099990002e-05
5283	0.014695782942135416	0.039280648992946095	9.999000099990002e-05
5284	0.00593398450280988	0.039280648992946095	9.999000099990002e-05
5285	-0.00042158692890430227	0.039280648992946095	9.999000099990002e-05
5286	-0.007708073954511965	0.039280648992946095	9.999000099990002e-05
5287	-0.022331887820548152	0.039280648992946095	9.999000099990002e-05
5288	0.007719671888470489	0.039280648992946095	9.999000099990002e-05
5289	-0.002567062402611023	0.039280648992946095	9.999000099990002e-05
5290	-0.019072588227835807	0.039280648992946095	9.999000099990002e-05
5291	-0.006853425535723615	0.039280648992946095	9.999000099990002e-05
5292	0.010892953616649256	0.039280648992946095	9.999000099990002e-05
5293	0.014066752142146505	0.039280648992946095	9.999000099990002e-05
5294	-0.010880191140818951	0.039280648992946095	9.999000099990002e-05
5295	0.004503860955186248	0.039280648992946095	9.999000099990002e-05
5296	-0.00787539514614774	0.039280648992946095	9.999000099990002e-05
5297	-0.0035787805973059167	0.039280648992946095	9.999000099990002e-05
5298	-0.0007095062511913303	0.039280648992946095	9.999000099990002e-05
5299	-0.0019380178135918191	0.039280648992946095	9.999000099990002e-05
5300	-0.003422167024669201	0.039280648992946095	9.999000099990002e-05
5301	0.0021417527268450948	0.039280648992946095	9.999000099990002e-05
5302	0.000668826232732872	0.039280648992946095	9.999000099990002e-05
5303	0.00031546490096774626	0.039280648992946095	9.999000099990002e-05
5304	-0.017405981596859146	0.039280648992946095	9.999000099990002e-05
5305	-0.0024858709899976683	0.039280648992946095	9.999000099990002e-05
5306	0.002957664506493679	0.039280648992946095	9.999000099990002e-05
5307	0.003068719268700157	0.039280648992946095	9.999000099990002e-05
5308	-0.0094027254824353	0.039280648992946095	9.999000099990002e-05
5309	-0.00835640662939481	0.039280648992946095	9.999000099990002e-05
5310	-0.008791867896079136	0.039280648992946095	9.999000099990002e-05
5311	-0.004607913511861558	0.039280648992946095	9.999000099990002e-05
5312	0.0072248804543267875	0.039280648992946095	9.999000099990002e-05
5313	-0.0054896091135701874	0.039280648992946095	9.999000099990002e-05
5314	-0.0014804508863362764	0.039280648992946095	9.999000099990002e-05
5315	-0.0010265811185516532	0.039280648992946095	9.999000099990002e-05
5316	-0.02342364842292019	0.039280648992946095	9.999000099990002e-05
5317	-0.00259476995384475	0.039280648992946095	9.999000099990002e-05
5318	-0.010279216987584244	0.039280648992946095	9.999000099990002e-05
5319	-0.006400228225930407	0.039280648992946095	9.999000099990002e-05
5320	-0.014744900876074857	0.039280648992946095	9.999000099990002e-05
5321	-0.011432931945828659	0.039280648992946095	9.999000099990002e-05
5322	-0.00835899498575024	0.039280648992946095	9.999000099990002e-05
5323	0.006481430951374989	0.039280648992946095	9.999000099990002e-05
5324	-0.002624916366982255	0.039280648992946095	9.999000099990002e-05
5325	0.009454170363789732	0.039280648992946095	9.999000099990002e-05
5326	0.013278172745291222	0.039280648992946095	9.999000099990002e-05
5327	0.0010152535272715812	0.039280648992946095	9.999000099990002e-05
5328	0.001351510635122205	0.039280648992946095	9.999000099990002e-05
5329	-0.003906437331593279	0.039280648992946095	9.999000099990002e-05
5330	-0.013218608746951938	0.039280648992946095	9.999000099990002e-05
5331	-0.005153003492834207	0.039280648992946095	9.999000099990002e-05
5332	0.002373545112252212	0.039280648992946095	9.999000099990002e-05
5333	-0.016293248753363618	0.039280648992946095	9.999000099990002e-05
5334	0.005017368958730284	0.039280648992946095	9.999000099990002e-05
5335	-0.04591437198631093	0.039280648992946095	9.999000099990002e-05
5336	-0.0009695276947842418	0.039280648992946095	9.999000099990002e-05
5337	0.010801756126229467	0.039280648992946095	9.999000099990002e-05
5338	-0.01234617024565074	0.039280648992946095	9.999000099990002e-05
5339	0.003028902861093183	0.039280648992946095	9.999000099990002e-05
5340	-0.014391260025128763	0.039280648992946095	9.999000099990002e-05
5341	-0.0007607112811033045	0.039280648992946095	9.999000099990002e-05
5342	0.0072450229259864996	0.039280648992946095	9.999000099990002e-05
5343	-0.0200364562054256	0.039280648992946095	9.999000099990002e-05
5344	0.01249074463535954	0.039280648992946095	9.999000099990002e-05
5345	-0.01879949725972399	0.039280648992946095	9.999000099990002e-05
5346	-0.0024182681812090906	0.039280648992946095	9.999000099990002e-05
5347	-0.005611682427698203	0.039280648992946095	9.999000099990002e-05
5348	-0.005996119475557921	0.039280648992946095	9.999000099990002e-05
5349	-0.009326559637281684	0.039280648992946095	9.999000099990002e-05
5350	0.008644941457093935	0.039280648992946095	9.999000099990002e-05
5351	0.002576666704974917	0.039280648992946095	9.999000099990002e-05
5352	0.009961321430156864	0.039280648992946095	9.999000099990002e-05
5353	0.0003676411350098385	0.039280648992946095	9.999000099990002e-05
5354	-0.006970117146697513	0.039280648992946095	9.999000099990002e-05
5355	-0.009844963280662006	0.039280648992946095	9.999000099990002e-05
5356	-0.010330435369550223	0.039280648992946095	9.999000099990002e-05
5357	-0.029026365116305283	0.039280648992946095	9.999000099990002e-05
5358	-0.017248623853562906	0.039280648992946095	9.999000099990002e-05
5359	-0.01964092301807245	0.039280648992946095	9.999000099990002e-05
5360	-0.005859732808114998	0.039280648992946095	9.999000099990002e-05
5361	0.007679439673626096	0.039280648992946095	9.999000099990002e-05
5362	-0.0148800605140334	0.039280648992946095	9.999000099990002e-05
5363	0.00265659486762293	0.039280648992946095	9.999000099990002e-05
5364	-0.013504425873307219	0.039280648992946095	9.999000099990002e-05
5365	0.0036266937390000142	0.039280648992946095	9.999000099990002e-05
5366	0.0009712479248662753	0.039280648992946095	9.999000099990002e-05
5367	-0.0021955633008474	0.039280648992946095	9.999000099990002e-05
5368	0.000713576685538661	0.039280648992946095	9.999000099990002e-05
5369	-0.01048566989349882	0.039280648992946095	9.999000099990002e-05
5370	-0.030538050244031598	0.039280648992946095	9.999000099990002e-05
5371	-0.0033681611708083203	0.039280648992946095	9.999000099990002e-05
5372	-0.007149486600657881	0.039280648992946095	9.999000099990002e-05
5373	0.003148383254891002	0.039280648992946095	9.999000099990002e-05
5374	-0.010923836917507715	0.039280648992946095	9.999000099990002e-05
5375	9.233994071136675e-05	0.039280648992946095	9.999000099990002e-05
5376	0.011416888506188272	0.039280648992946095	9.999000099990002e-05
5377	-0.0032635537027695116	0.039280648992946095	9.999000099990002e-05
5378	-0.009429722121762185	0.039280648992946095	9.999000099990002e-05
5379	-0.007444671867956859	0.039280648992946095	9.999000099990002e-05
5380	-0.011064065869110129	0.039280648992946095	9.999000099990002e-05
5381	-0.025886271593372603	0.039280648992946095	9.999000099990002e-05
5382	-0.00919517935889369	0.039280648992946095	9.999000099990002e-05
5383	-0.0003923938524210968	0.039280648992946095	9.999000099990002e-05
5384	0.008373537848734819	0.039280648992946095	9.999000099990002e-05
5385	0.007817639355787984	0.039280648992946095	9.999000099990002e-05
5386	0.0021747133159854826	0.039280648992946095	9.999000099990002e-05
5387	-0.004865427828140187	0.039280648992946095	9.999000099990002e-05
5388	0.0012289292146490521	0.039280648992946095	9.999000099990002e-05
5389	-0.014475067323605192	0.039280648992946095	9.999000099990002e-05
5390	0.00024581315880460586	0.039280648992946095	9.999000099990002e-05
5391	0.0020060646874193455	0.039280648992946095	9.999000099990002e-05
5392	0.006239960705924766	0.039280648992946095	9.999000099990002e-05
5393	-0.005148500160620337	0.039280648992946095	9.999000099990002e-05
5394	0.0023818168796287675	0.039280648992946095	9.999000099990002e-05
5395	-0.008811343007804368	0.039280648992946095	9.999000099990002e-05
5396	-0.003663884113182858	0.039280648992946095	9.999000099990002e-05
5397	-0.0026392035502713213	0.039280648992946095	9.999000099990002e-05
5398	0.001019938156102046	0.039280648992946095	9.999000099990002e-05
5399	8.867603999307416e-05	0.039280648992946095	9.999000099990002e-05
5400	-0.004215815540956694	0.039280648992946095	9.999000099990002e-05
5401	0.0032969202429038724	0.039280648992946095	9.999000099990002e-05
5402	0.00911773958213151	0.039280648992946095	9.999000099990002e-05
5403	0.0012995772142508633	0.039280648992946095	9.999000099990002e-05
5404	0.020365288891521727	0.039280648992946095	9.999000099990002e-05
5405	-0.004673068525008442	0.039280648992946095	9.999000099990002e-05
5406	0.005294073672390348	0.039280648992946095	9.999000099990002e-05
5407	0.0010830570052932503	0.039280648992946095	9.999000099990002e-05
5408	0.0005199742333518859	0.039280648992946095	9.999000099990002e-05
5409	0.006875338004211987	0.039280648992946095	9.999000099990002e-05
5410	-4.5447964105771455e-05	0.039280648992946095	9.999000099990002e-05
5411	-0.0035471411817687565	0.039280648992946095	9.999000099990002e-05
5412	0.00018896555088018796	0.039280648992946095	9.999000099990002e-05
5413	-0.006787233383576383	0.039280648992946095	9.999000099990002e-05
5414	-0.004039703356979715	0.039280648992946095	9.999000099990002e-05
5415	-0.008064513347419602	0.039280648992946095	9.999000099990002e-05
5416	-0.0006253243669095687	0.039280648992946095	9.999000099990002e-05
5417	0.014669394573834982	0.039280648992946095	9.999000099990002e-05
5418	0.008058565711388369	0.039280648992946095	9.999000099990002e-05
5419	-0.009565548925443437	0.039280648992946095	9.999000099990002e-05
5420	0.0010033856390580242	0.039280648992946095	9.999000099990002e-05
5421	0.0029086860651036106	0.039280648992946095	9.999000099990002e-05
5422	-0.012367973130190626	0.039280648992946095	9.999000099990002e-05
5423	1.8275466089748282e-05	0.039280648992946095	9.999000099990002e-05
5424	0.008674173036045521	0.039280648992946095	9.999000099990002e-05
5425	0.00048194942862458956	0.039280648992946095	9.999000099990002e-05
5426	-0.004179807624674375	0.039280648992946095	9.999000099990002e-05
5427	-0.0006574316869711883	0.039280648992946095	9.999000099990002e-05
5428	-0.028421609127300962	0.039280648992946095	9.999000099990002e-05
5429	0.005604032671825479	0.039280648992946095	9.999000099990002e-05
5430	6.148528607778647e-05	0.039280648992946095	9.999000099990002e-05
5431	0.008516923954192263	0.039280648992946095	9.999000099990002e-05
5432	-0.006705042411925516	0.039280648992946095	9.999000099990002e-05
5433	-7.435006291786617e-06	0.039280648992946095	9.999000099990002e-05
5434	-0.001505312556508015	0.039280648992946095	9.999000099990002e-05
5435	-0.002523914196282978	0.039280648992946095	9.999000099990002e-05
5436	-0.0003947776553095139	0.039280648992946095	9.999000099990002e-05
5437	-0.01516921647928371	0.039280648992946095	9.999000099990002e-05
5438	0.006922421279336441	0.039280648992946095	9.999000099990002e-05
5439	-0.004905955827394948	0.039280648992946095	9.999000099990002e-05
5440	0.005696435294361174	0.039280648992946095	9.999000099990002e-05
5441	-0.0023508057389225456	0.039280648992946095	9.999000099990002e-05
5442	0.013862919297646437	0.039280648992946095	9.999000099990002e-05
5443	-0.006246982138413598	0.039280648992946095	9.999000099990002e-05
5444	0.004738542045333971	0.039280648992946095	9.999000099990002e-05
5445	-0.00804101620861182	0.039280648992946095	9.999000099990002e-05
5446	-0.0034088809055582703	0.039280648992946095	9.999000099990002e-05
5447	0.0014490248608981793	0.039280648992946095	9.999000099990002e-05
5448	0.014009765235884347	0.039280648992946095	9.999000099990002e-05
5449	-0.0040650221043739	0.039280648992946095	9.999000099990002e-05
5450	0.0017214376903265521	0.039280648992946095	9.999000099990002e-05
5451	-0.015570895981231292	0.039280648992946095	9.999000099990002e-05
5452	0.002502587373158699	0.039280648992946095	9.999000099990002e-05
5453	0.005005351721723825	0.039280648992946095	9.999000099990002e-05
5454	-0.0025492406150390973	0.039280648992946095	9.999000099990002e-05
5455	-0.011320732888319557	0.039280648992946095	9.999000099990002e-05
5456	0.013387839913495014	0.039280648992946095	9.999000099990002e-05
5457	-0.011759441665849635	0.039280648992946095	9.999000099990002e-05
5458	0.0032233719344127165	0.039280648992946095	9.999000099990002e-05
5459	0.0028684771556625466	0.039280648992946095	9.999000099990002e-05
5460	-0.0034171793770427783	0.039280648992946095	9.999000099990002e-05
5461	-0.019210853553550372	0.039280648992946095	9.999000099990002e-05
5462	-0.016434281887039076	0.039280648992946095	9.999000099990002e-05
5463	0.007200495768076201	0.039280648992946095	9.999000099990002e-05
5464	-0.001778644784097061	0.039280648992946095	9.999000099990002e-05
5465	0.016525719762983476	0.039280648992946095	9.999000099990002e-05
5466	0.0024383227720771172	0.039280648992946095	9.999000099990002e-05
5467	0.004658954287233105	0.039280648992946095	9.999000099990002e-05
5468	0.004735372461930523	0.039280648992946095	9.999000099990002e-05
5469	0.009743757721765944	0.039280648992946095	9.999000099990002e-05
5470	-0.006994426090387362	0.039280648992946095	9.999000099990002e-05
5471	0.0064807457725176015	0.039280648992946095	9.999000099990002e-05
5472	0.008566008386614449	0.039280648992946095	9.999000099990002e-05
5473	-0.02942968760063351	0.039280648992946095	9.999000099990002e-05
5474	0.0018846246976263609	0.039280648992946095	9.999000099990002e-05
5475	0.008747375162191665	0.039280648992946095	9.999000099990002e-05
5476	-0.005829515847579583	0.039280648992946095	9.999000099990002e-05
5477	-0.010947688541210462	0.039280648992946095	9.999000099990002e-05
5478	0.011437884392585529	0.039280648992946095	9.999000099990002e-05
5479	0.012811963300534718	0.039280648992946095	9.999000099990002e-05
5480	-0.016552592738013988	0.039280648992946095	9.999000099990002e-05
5481	0.008279424900913573	0.039280648992946095	9.999000099990002e-05
5482	-0.009942466193606794	0.039280648992946095	9.999000099990002e-05
5483	-0.0052529252638782165	0.039280648992946095	9.999000099990002e-05
5484	-9.75471932110894e-05	0.039280648992946095	9.999000099990002e-05
5485	-0.012300955821107351	0.039280648992946095	9.999000099990002e-05
5486	-0.009148258833169054	0.039280648992946095	9.999000099990002e-05
5487	-0.005832069148724167	0.039280648992946095	9.999000099990002e-05
5488	-0.008920296496584657	0.039280648992946095	9.999000099990002e-05
5489	0.00966875991429457	0.039280648992946095	9.999000099990002e-05
5490	0.006994101222775773	0.039280648992946095	9.999000099990002e-05
5491	-0.004515436700458661	0.039280648992946095	9.999000099990002e-05
5492	-0.010648400940293373	0.039280648992946095	9.999000099990002e-05
5493	-0.002721902434055637	0.039280648992946095	9.999000099990002e-05
5494	-0.008447242206322342	0.039280648992946095	9.999000099990002e-05
5495	-0.0022274551430342127	0.039280648992946095	9.999000099990002e-05
5496	-0.007519377823804657	0.039280648992946095	9.999000099990002e-05
5497	-0.0012363147455117102	0.039280648992946095	9.999000099990002e-05
5498	-0.004216111616684587	0.039280648992946095	9.999000099990002e-05
5499	-0.002716990917413356	0.039280648992946095	9.999000099990002e-05
5500	-0.011285061638009283	0.039280648992946095	9.999000099990002e-05
5501	-0.0005523250948781255	0.039280648992946095	9.999000099990002e-05
5502	-0.0005726242468221399	0.039280648992946095	9.999000099990002e-05
5503	-0.011956331685044133	0.039280648992946095	9.999000099990002e-05
5504	0.00947615396231112	0.039280648992946095	9.999000099990002e-05
5505	-0.00507857365746274	0.039280648992946095	9.999000099990002e-05
5506	0.01202668040442506	0.039280648992946095	9.999000099990002e-05
5507	-0.009446795320358525	0.039280648992946095	9.999000099990002e-05
5508	-0.0011020774188892773	0.039280648992946095	9.999000099990002e-05
5509	-0.016902438304030654	0.039280648992946095	9.999000099990002e-05
5510	-0.0152480882274207	0.039280648992946095	9.999000099990002e-05
5511	-0.012395852267456237	0.039280648992946095	9.999000099990002e-05
5512	0.002826846179643086	0.039280648992946095	9.999000099990002e-05
5513	-0.0040899360174914134	0.039280648992946095	9.999000099990002e-05
5514	-0.0024534922105403922	0.039280648992946095	9.999000099990002e-05
5515	-0.0005243395781569377	0.039280648992946095	9.999000099990002e-05
5516	-0.031704618132202905	0.039280648992946095	9.999000099990002e-05
5517	-0.011228710338069575	0.039280648992946095	9.999000099990002e-05
5518	0.0022467975596193596	0.039280648992946095	9.999000099990002e-05
5519	-0.00388681568714469	0.039280648992946095	9.999000099990002e-05
5520	0.003272339451395004	0.039280648992946095	9.999000099990002e-05
5521	-0.005652621621662718	0.039280648992946095	9.999000099990002e-05
5522	-0.0014712865705657496	0.039280648992946095	9.999000099990002e-05
5523	-0.0011842787808657718	0.039280648992946095	9.999000099990002e-05
5524	-0.027997696124934357	0.039280648992946095	9.999000099990002e-05
5525	0.0012644646138791626	0.039280648992946095	9.999000099990002e-05
5526	0.01012957857650025	0.039280648992946095	9.999000099990002e-05
5527	0.0020371526388506672	0.039280648992946095	9.999000099990002e-05
5528	-0.007743675337165204	0.039280648992946095	9.999000099990002e-05
5529	-0.0008005241928997764	0.039280648992946095	9.999000099990002e-05
5530	-0.01137593290133565	0.039280648992946095	9.999000099990002e-05
5531	-0.01629593664321234	0.039280648992946095	9.999000099990002e-05
5532	0.00495775907787821	0.039280648992946095	9.999000099990002e-05
5533	-0.02093310571916976	0.039280648992946095	9.999000099990002e-05
5534	-0.0051432874701931725	0.039280648992946095	9.999000099990002e-05
5535	-0.004277118413700626	0.039280648992946095	9.999000099990002e-05
5536	0.004828114615060691	0.039280648992946095	9.999000099990002e-05
5537	0.004067332398136059	0.039280648992946095	9.999000099990002e-05
5538	0.006126880558511655	0.039280648992946095	9.999000099990002e-05
5539	-0.020775061777404735	0.039280648992946095	9.999000099990002e-05
5540	-0.00435994873024903	0.039280648992946095	9.999000099990002e-05
5541	-0.005411111999791454	0.039280648992946095	9.999000099990002e-05
5542	-0.011317158033663108	0.039280648992946095	9.999000099990002e-05
5543	-0.007758264519638874	0.039280648992946095	9.999000099990002e-05
5544	-0.01843541248070671	0.039280648992946095	9.999000099990002e-05
5545	-0.029701266145176236	0.039280648992946095	9.999000099990002e-05
5546	0.012186033090244852	0.039280648992946095	9.999000099990002e-05
5547	0.012321630675573958	0.039280648992946095	9.999000099990002e-05
5548	-0.013930297257845961	0.039280648992946095	9.999000099990002e-05
5549	0.004530669306275478	0.039280648992946095	9.999000099990002e-05
5550	0.00015302871607798807	0.039280648992946095	9.999000099990002e-05
5551	-0.004572104274142494	0.039280648992946095	9.999000099990002e-05
5552	-0.014940529393209195	0.039280648992946095	9.999000099990002e-05
5553	-0.034595132440261536	0.039280648992946095	9.999000099990002e-05
5554	-0.007710801609205092	0.039280648992946095	9.999000099990002e-05
5555	-0.007528771697797823	0.039280648992946095	9.999000099990002e-05
5556	-0.0016492029811825126	0.039280648992946095	9.999000099990002e-05
5557	-0.000476004463004151	0.039280648992946095	9.999000099990002e-05
5558	0.0013600150195555993	0.039280648992946095	9.999000099990002e-05
5559	-0.02783311661978663	0.039280648992946095	9.999000099990002e-05
5560	0.0012832987784604094	0.039280648992946095	9.999000099990002e-05
5561	-0.003277845984115582	0.039280648992946095	9.999000099990002e-05
5562	0.008716628537813034	0.039280648992946095	9.999000099990002e-05
5563	-0.002399184114730238	0.039280648992946095	9.999000099990002e-05
5564	0.0048038335407490085	0.039280648992946095	9.999000099990002e-05
5565	0.0003460719356910974	0.039280648992946095	9.999000099990002e-05
5566	0.0030466128312821167	0.039280648992946095	9.999000099990002e-05
5567	-0.009062319915689218	0.039280648992946095	9.999000099990002e-05
5568	0.0012041601349025433	0.039280648992946095	9.999000099990002e-05
5569	-0.004709205592067417	0.039280648992946095	9.999000099990002e-05
5570	-0.011713966172236218	0.039280648992946095	9.999000099990002e-05
5571	0.0039017811062231206	0.039280648992946095	9.999000099990002e-05
5572	0.0032757308245532774	0.039280648992946095	9.999000099990002e-05
5573	0.004504654698380725	0.039280648992946095	9.999000099990002e-05
5574	0.0007554792666125687	0.039280648992946095	9.999000099990002e-05
5575	0.004318999582935246	0.039280648992946095	9.999000099990002e-05
5576	-0.030100023683630586	0.039280648992946095	9.999000099990002e-05
5577	-0.011399921298624077	0.039280648992946095	9.999000099990002e-05
5578	0.012007787442253448	0.039280648992946095	9.999000099990002e-05
5579	-0.0036139192220446537	0.039280648992946095	9.999000099990002e-05
5580	0.001329875306721573	0.039280648992946095	9.999000099990002e-05
5581	-0.035983720321254686	0.039280648992946095	9.999000099990002e-05
5582	-0.012576165250380328	0.039280648992946095	9.999000099990002e-05
5583	0.001819870391757683	0.039280648992946095	9.999000099990002e-05
5584	-0.00800152306636999	0.039280648992946095	9.999000099990002e-05
5585	0.0013744377626072612	0.039280648992946095	9.999000099990002e-05
5586	-0.03884097466284618	0.039280648992946095	9.999000099990002e-05
5587	-0.006539834874711409	0.039280648992946095	9.999000099990002e-05
5588	0.011480946951556381	0.039280648992946095	9.999000099990002e-05
5589	8.384555818016781e-06	0.039280648992946095	9.999000099990002e-05
5590	0.0035977919800581903	0.039280648992946095	9.999000099990002e-05
5591	0.006803011481489499	0.039280648992946095	9.999000099990002e-05
5592	-0.001280508344837089	0.039280648992946095	9.999000099990002e-05
5593	-0.006870073216497796	0.039280648992946095	9.999000099990002e-05
5594	-0.026896019267664495	0.039280648992946095	9.999000099990002e-05
5595	0.00886740464100208	0.039280648992946095	9.999000099990002e-05
5596	-0.0017712426481345106	0.039280648992946095	9.999000099990002e-05
5597	-0.01246187715478178	0.039280648992946095	9.999000099990002e-05
5598	0.013340169487865844	0.039280648992946095	9.999000099990002e-05
5599	-0.00011374556523058299	0.039280648992946095	9.999000099990002e-05
5600	-0.011811396401454427	0.039280648992946095	9.999000099990002e-05
5601	-0.0068340008219330145	0.039280648992946095	9.999000099990002e-05
5602	0.012833171897290108	0.039280648992946095	9.999000099990002e-05
5603	0.0046997900149174515	0.039280648992946095	9.999000099990002e-05
5604	0.003864843207242813	0.039280648992946095	9.999000099990002e-05
5605	0.010309957057318214	0.039280648992946095	9.999000099990002e-05
5606	0.001033634401758382	0.039280648992946095	9.999000099990002e-05
5607	-0.003542949899194653	0.039280648992946095	9.999000099990002e-05
5608	-0.004271583671731444	0.039280648992946095	9.999000099990002e-05
5609	-0.0001676041095213937	0.039280648992946095	9.999000099990002e-05
5610	-0.031889444400690165	0.039280648992946095	9.999000099990002e-05
5611	-0.005574952917865875	0.039280648992946095	9.999000099990002e-05
5612	-0.0036636765494345996	0.039280648992946095	9.999000099990002e-05
5613	-0.014548655445493663	0.039280648992946095	9.999000099990002e-05
5614	0.0061580374065415	0.039280648992946095	9.999000099990002e-05
5615	-0.00522064349316223	0.039280648992946095	9.999000099990002e-05
5616	0.002276900372231494	0.039280648992946095	9.999000099990002e-05
5617	-0.00021488582044444648	0.039280648992946095	9.999000099990002e-05
5618	-0.008321454544988421	0.039280648992946095	9.999000099990002e-05
5619	-0.0007715269303572858	0.039280648992946095	9.999000099990002e-05
5620	-0.007161585697893491	0.039280648992946095	9.999000099990002e-05
5621	0.0065831634065976335	0.039280648992946095	9.999000099990002e-05
5622	-0.006299731879588877	0.039280648992946095	9.999000099990002e-05
5623	-0.0022932608139098615	0.039280648992946095	9.999000099990002e-05
5624	-0.007063118329674947	0.039280648992946095	9.999000099990002e-05
5625	-0.002327604481630982	0.039280648992946095	9.999000099990002e-05
5626	-0.0027086709369836814	0.039280648992946095	9.999000099990002e-05
5627	0.011816783882406479	0.039280648992946095	9.999000099990002e-05
5628	0.005574089889649442	0.039280648992946095	9.999000099990002e-05
5629	-0.0038634342014008533	0.039280648992946095	9.999000099990002e-05
5630	-0.00446949728366057	0.039280648992946095	9.999000099990002e-05
5631	0.003924017811135078	0.039280648992946095	9.999000099990002e-05
5632	0.006148125375748048	0.039280648992946095	9.999000099990002e-05
5633	0.001588163847919405	0.039280648992946095	9.999000099990002e-05
5634	0.006549978308738644	0.039280648992946095	9.999000099990002e-05
5635	-0.005170956130535129	0.039280648992946095	9.999000099990002e-05
5636	-0.0025770752778267597	0.039280648992946095	9.999000099990002e-05
5637	-0.00046266071157290145	0.039280648992946095	9.999000099990002e-05
5638	-0.003688041717409954	0.039280648992946095	9.999000099990002e-05
5639	0.005537417478055223	0.039280648992946095	9.999000099990002e-05
5640	-0.023950915548156607	0.039280648992946095	9.999000099990002e-05
5641	0.005546808827296329	0.039280648992946095	9.999000099990002e-05
5642	-0.00015932039812563414	0.039280648992946095	9.999000099990002e-05
5643	-0.0219640697101319	0.039280648992946095	9.999000099990002e-05
5644	-0.0010502688761373502	0.039280648992946095	9.999000099990002e-05
5645	0.009666671653051934	0.039280648992946095	9.999000099990002e-05
5646	0.004670347376407105	0.039280648992946095	9.999000099990002e-05
5647	0.005298090989839285	0.039280648992946095	9.999000099990002e-05
5648	-0.02114904610911411	0.039280648992946095	9.999000099990002e-05
5649	-0.01666559481232599	0.039280648992946095	9.999000099990002e-05
5650	-0.0052031193350117605	0.039280648992946095	9.999000099990002e-05
5651	-0.004800713384221764	0.039280648992946095	9.999000099990002e-05
5652	-0.003308957289503131	0.039280648992946095	9.999000099990002e-05
5653	-0.011968748706823226	0.039280648992946095	9.999000099990002e-05
5654	0.0023714525297993533	0.039280648992946095	9.999000099990002e-05
5655	0.002656769658147734	0.039280648992946095	9.999000099990002e-05
5656	-0.014437231341197648	0.039280648992946095	9.999000099990002e-05
5657	-0.00973460675804938	0.039280648992946095	9.999000099990002e-05
5658	-0.02734776528201935	0.039280648992946095	9.999000099990002e-05
5659	0.003485365937631421	0.039280648992946095	9.999000099990002e-05
5660	-0.008370976390699086	0.039280648992946095	9.999000099990002e-05
5661	-0.0051946390813814025	0.039280648992946095	9.999000099990002e-05
5662	-0.024245366501039534	0.039280648992946095	9.999000099990002e-05
5663	0.0033169906134720567	0.039280648992946095	9.999000099990002e-05
5664	0.004931844003476765	0.039280648992946095	9.999000099990002e-05
5665	-0.005403134220367062	0.039280648992946095	9.999000099990002e-05
5666	-0.008176209299534692	0.039280648992946095	9.999000099990002e-05
5667	-0.001376706980596068	0.039280648992946095	9.999000099990002e-05
5668	-0.009555212105121669	0.039280648992946095	9.999000099990002e-05
5669	0.011126071399763932	0.039280648992946095	9.999000099990002e-05
5670	0.00807567852917035	0.039280648992946095	9.999000099990002e-05
5671	0.020783281398941422	0.039280648992946095	9.999000099990002e-05
5672	-0.015479196016605523	0.039280648992946095	9.999000099990002e-05
5673	-0.012517827164808176	0.039280648992946095	9.999000099990002e-05
5674	-0.017264603203344192	0.039280648992946095	9.999000099990002e-05
5675	0.002215994710955266	0.039280648992946095	9.999000099990002e-05
5676	-0.0006537327310420782	0.039280648992946095	9.999000099990002e-05
5677	-0.003050459970733943	0.039280648992946095	9.999000099990002e-05
5678	-0.011534890900439757	0.039280648992946095	9.999000099990002e-05
5679	0.0041477184148532575	0.039280648992946095	9.999000099990002e-05
5680	-0.0012662245116997345	0.039280648992946095	9.999000099990002e-05
5681	-0.0037701042665779366	0.039280648992946095	9.999000099990002e-05
5682	-0.003905526090323755	0.039280648992946095	9.999000099990002e-05
5683	-0.004260532200927661	0.039280648992946095	9.999000099990002e-05
5684	-0.003591202280165698	0.039280648992946095	9.999000099990002e-05
5685	-0.0030796335289418886	0.039280648992946095	9.999000099990002e-05
5686	0.0009378432706868833	0.039280648992946095	9.999000099990002e-05
5687	-0.013233943702331621	0.039280648992946095	9.999000099990002e-05
5688	-0.02125778581937192	0.039280648992946095	9.999000099990002e-05
5689	0.013237188591319504	0.039280648992946095	9.999000099990002e-05
5690	0.005469271167840212	0.039280648992946095	9.999000099990002e-05
5691	-0.006084885435565443	0.039280648992946095	9.999000099990002e-05
5692	-0.0009762854363451756	0.039280648992946095	9.999000099990002e-05
5693	0.0007867890563516555	0.039280648992946095	9.999000099990002e-05
5694	-0.003972883998165838	0.039280648992946095	9.999000099990002e-05
5695	0.0010183178479367117	0.039280648992946095	9.999000099990002e-05
5696	0.00793770801680771	0.039280648992946095	9.999000099990002e-05
5697	-0.0037231993263417557	0.039280648992946095	9.999000099990002e-05
5698	-0.00036677732994663814	0.039280648992946095	9.999000099990002e-05
5699	-0.006218070911651677	0.039280648992946095	9.999000099990002e-05
5700	-0.013033869679515406	0.039280648992946095	9.999000099990002e-05
5701	-0.029909602953078138	0.039280648992946095	9.999000099990002e-05
5702	-0.0022207067721875112	0.039280648992946095	9.999000099990002e-05
5703	0.007889534388678718	0.039280648992946095	9.999000099990002e-05
5704	-0.0018401727967475995	0.039280648992946095	9.999000099990002e-05
5705	-0.005540977232752445	0.039280648992946095	9.999000099990002e-05
5706	-0.0006993561654136116	0.039280648992946095	9.999000099990002e-05
5707	-0.004764370112896363	0.039280648992946095	9.999000099990002e-05
5708	-0.0019209706393625153	0.039280648992946095	9.999000099990002e-05
5709	-0.007703725845994741	0.039280648992946095	9.999000099990002e-05
5710	-0.01870625535135151	0.039280648992946095	9.999000099990002e-05
5711	-0.01226880358959144	0.039280648992946095	9.999000099990002e-05
5712	-0.01690517081401613	0.039280648992946095	9.999000099990002e-05
5713	-0.03465135769681167	0.039280648992946095	9.999000099990002e-05
5714	-0.010906193270612374	0.039280648992946095	9.999000099990002e-05
5715	0.004538411749679325	0.039280648992946095	9.999000099990002e-05
5716	0.001263204374195026	0.039280648992946095	9.999000099990002e-05
5717	-0.002722194576996767	0.039280648992946095	9.999000099990002e-05
5718	0.0016756372805486197	0.039280648992946095	9.999000099990002e-05
5719	0.0013624471811558847	0.039280648992946095	9.999000099990002e-05
5720	-0.001874726310204397	0.039280648992946095	9.999000099990002e-05
5721	-0.003235979963393129	0.039280648992946095	9.999000099990002e-05
5722	-0.0008742387466012247	0.039280648992946095	9.999000099990002e-05
5723	-0.007187464309049346	0.039280648992946095	9.999000099990002e-05
5724	-0.01769437057157583	0.039280648992946095	9.999000099990002e-05
5725	0.0004713286222528812	0.039280648992946095	9.999000099990002e-05
5726	-0.041104602607891144	0.039280648992946095	9.999000099990002e-05
5727	-0.008225932057243049	0.039280648992946095	9.999000099990002e-05
5728	-0.010509276664808012	0.039280648992946095	9.999000099990002e-05
5729	-0.026754202926778964	0.039280648992946095	9.999000099990002e-05
5730	0.011371624509109945	0.039280648992946095	9.999000099990002e-05
5731	-0.00037799358937300187	0.039280648992946095	9.999000099990002e-05
5732	-0.006657435979049622	0.039280648992946095	9.999000099990002e-05
5733	0.0022450975761064695	0.039280648992946095	9.999000099990002e-05
5734	0.00021141030506961755	0.039280648992946095	9.999000099990002e-05
5735	-0.005606523825227902	0.039280648992946095	9.999000099990002e-05
5736	-0.021255500384706652	0.039280648992946095	9.999000099990002e-05
5737	-0.014513105383280628	0.039280648992946095	9.999000099990002e-05
5738	-0.026028285059127826	0.039280648992946095	9.999000099990002e-05
5739	-0.005998543043290727	0.039280648992946095	9.999000099990002e-05
5740	-0.004195920592101346	0.039280648992946095	9.999000099990002e-05
5741	-0.05972990901992957	0.039280648992946095	9.999000099990002e-05
5742	0.0072070387115033	0.039280648992946095	9.999000099990002e-05
5743	-0.0008338480550142968	0.039280648992946095	9.999000099990002e-05
5744	-0.02769363586873641	0.039280648992946095	9.999000099990002e-05
5745	0.010478270330841227	0.039280648992946095	9.999000099990002e-05
5746	-0.022359666598920774	0.039280648992946095	9.999000099990002e-05
5747	-0.0044256888546778395	0.039280648992946095	9.999000099990002e-05
5748	-0.0002584116228590838	0.039280648992946095	9.999000099990002e-05
5749	-0.001736586979326507	0.039280648992946095	9.999000099990002e-05
5750	-0.020723234347565553	0.039280648992946095	9.999000099990002e-05
5751	-0.002639089645112641	0.039280648992946095	9.999000099990002e-05
5752	-0.009526775191870104	0.039280648992946095	9.999000099990002e-05
5753	0.006206203363308613	0.039280648992946095	9.999000099990002e-05
5754	-0.016617672736893963	0.039280648992946095	9.999000099990002e-05
5755	-0.006925457390752968	0.039280648992946095	9.999000099990002e-05
5756	0.0007547907376034557	0.039280648992946095	9.999000099990002e-05
5757	-0.0007078285534703604	0.039280648992946095	9.999000099990002e-05
5758	0.0008107430296172835	0.039280648992946095	9.999000099990002e-05
5759	-0.019301332460701343	0.039280648992946095	9.999000099990002e-05
5760	0.007843328756200682	0.039280648992946095	9.999000099990002e-05
5761	-0.007952790836855322	0.039280648992946095	9.999000099990002e-05
5762	-0.001904206917100984	0.039280648992946095	9.999000099990002e-05
5763	-0.006394790492702487	0.039280648992946095	9.999000099990002e-05
5764	0.008482136998278905	0.039280648992946095	9.999000099990002e-05
5765	-0.004754354033187719	0.039280648992946095	9.999000099990002e-05
5766	0.014300001503684046	0.039280648992946095	9.999000099990002e-05
5767	0.0028939686058058606	0.039280648992946095	9.999000099990002e-05
5768	-0.007723378855631971	0.039280648992946095	9.999000099990002e-05
5769	-0.010611338017534888	0.039280648992946095	9.999000099990002e-05
5770	0.009281525198425955	0.039280648992946095	9.999000099990002e-05
5771	-0.0013212753701346003	0.039280648992946095	9.999000099990002e-05
5772	-0.0008846146034735269	0.039280648992946095	9.999000099990002e-05
5773	-0.006935429724277492	0.039280648992946095	9.999000099990002e-05
5774	-0.00913798707376487	0.039280648992946095	9.999000099990002e-05
5775	0.0097514920082786	0.039280648992946095	9.999000099990002e-05
5776	0.0035870585309037972	0.039280648992946095	9.999000099990002e-05
5777	0.0013873147747842651	0.039280648992946095	9.999000099990002e-05
5778	-0.004618855641481429	0.039280648992946095	9.999000099990002e-05
5779	-0.00878744962858738	0.039280648992946095	9.999000099990002e-05
5780	-0.004901278384397176	0.039280648992946095	9.999000099990002e-05
5781	-0.01039978686043401	0.039280648992946095	9.999000099990002e-05
5782	-0.011498441929399777	0.039280648992946095	9.999000099990002e-05
5783	0.009056832464267556	0.039280648992946095	9.999000099990002e-05
5784	0.011781306843790473	0.039280648992946095	9.999000099990002e-05
5785	-0.032214815214783005	0.039280648992946095	9.999000099990002e-05
5786	-0.005190868704101723	0.039280648992946095	9.999000099990002e-05
5787	-0.01563142123035137	0.039280648992946095	9.999000099990002e-05
5788	-0.01060831642344251	0.039280648992946095	9.999000099990002e-05
5789	-0.03472823576480111	0.039280648992946095	9.999000099990002e-05
5790	-0.0031103985548785323	0.039280648992946095	9.999000099990002e-05
5791	-0.0010455452107563656	0.039280648992946095	9.999000099990002e-05
5792	-0.0051007081584705655	0.039280648992946095	9.999000099990002e-05
5793	-0.027639417255964416	0.039280648992946095	9.999000099990002e-05
5794	0.003457783701493383	0.039280648992946095	9.999000099990002e-05
5795	-0.004901088299701442	0.039280648992946095	9.999000099990002e-05
5796	-0.012708353352310617	0.039280648992946095	9.999000099990002e-05
5797	0.0013192741157309895	0.039280648992946095	9.999000099990002e-05
5798	0.0017158018126175734	0.039280648992946095	9.999000099990002e-05
5799	-0.010284255907097986	0.039280648992946095	9.999000099990002e-05
5800	0.015956026170627857	0.039280648992946095	9.999000099990002e-05
5801	0.0014283229624531407	0.039280648992946095	9.999000099990002e-05
5802	-0.002975213912164376	0.039280648992946095	9.999000099990002e-05
5803	-0.0033228144395482107	0.039280648992946095	9.999000099990002e-05
5804	-0.007244291476192918	0.039280648992946095	9.999000099990002e-05
5805	-0.005077375419862001	0.039280648992946095	9.999000099990002e-05
5806	-0.00594872619001649	0.039280648992946095	9.999000099990002e-05
5807	-0.005376262993241815	0.039280648992946095	9.999000099990002e-05
5808	-0.028008823338298877	0.039280648992946095	9.999000099990002e-05
5809	0.012001058298364425	0.039280648992946095	9.999000099990002e-05
5810	0.00807697727132288	0.039280648992946095	9.999000099990002e-05
5811	-0.0019942935651824645	0.039280648992946095	9.999000099990002e-05
5812	-0.02749206122071149	0.039280648992946095	9.999000099990002e-05
5813	0.006154066068711203	0.039280648992946095	9.999000099990002e-05
5814	0.006962321780607003	0.039280648992946095	9.999000099990002e-05
5815	0.009519236427980651	0.039280648992946095	9.999000099990002e-05
5816	-0.01146223722811826	0.039280648992946095	9.999000099990002e-05
5817	0.01212284757788959	0.039280648992946095	9.999000099990002e-05
5818	-0.030918854270832408	0.039280648992946095	9.999000099990002e-05
5819	-0.00974846604442306	0.039280648992946095	9.999000099990002e-05
5820	-0.0027600484754330967	0.039280648992946095	9.999000099990002e-05
5821	-0.005600433734918947	0.039280648992946095	9.999000099990002e-05
5822	-0.003072813785297529	0.039280648992946095	9.999000099990002e-05
5823	-0.017326112377460373	0.039280648992946095	9.999000099990002e-05
5824	-0.0225784703004267	0.039280648992946095	9.999000099990002e-05
5825	0.0028712131614585107	0.039280648992946095	9.999000099990002e-05
5826	0.001854845781567388	0.039280648992946095	9.999000099990002e-05
5827	-0.008967315681849983	0.039280648992946095	9.999000099990002e-05
5828	-0.0032981078959672533	0.039280648992946095	9.999000099990002e-05
5829	0.015775761206545225	0.039280648992946095	9.999000099990002e-05
5830	0.006105860735523105	0.039280648992946095	9.999000099990002e-05
5831	0.005247820312388463	0.039280648992946095	9.999000099990002e-05
5832	0.008771807478860277	0.039280648992946095	9.999000099990002e-05
5833	0.0007072700006376387	0.039280648992946095	9.999000099990002e-05
5834	0.01504859295545341	0.039280648992946095	9.999000099990002e-05
5835	-0.004229763193651287	0.039280648992946095	9.999000099990002e-05
5836	-0.031094206358790927	0.039280648992946095	9.999000099990002e-05
5837	-0.0074387783684354	0.039280648992946095	9.999000099990002e-05
5838	0.002789144688833803	0.039280648992946095	9.999000099990002e-05
5839	-0.013666391531814676	0.039280648992946095	9.999000099990002e-05
5840	-0.001877304713210487	0.039280648992946095	9.999000099990002e-05
5841	-0.034658764056878566	0.039280648992946095	9.999000099990002e-05
5842	0.0009667929999171987	0.039280648992946095	9.999000099990002e-05
5843	0.006741695596562042	0.039280648992946095	9.999000099990002e-05
5844	0.0012547745184993409	0.039280648992946095	9.999000099990002e-05
5845	-0.007123416059795162	0.039280648992946095	9.999000099990002e-05
5846	-0.015570927394972858	0.039280648992946095	9.999000099990002e-05
5847	0.014502560999210629	0.039280648992946095	9.999000099990002e-05
5848	-0.004183471039863454	0.039280648992946095	9.999000099990002e-05
5849	-0.003385321084926146	0.039280648992946095	9.999000099990002e-05
5850	0.0006701510478053646	0.039280648992946095	9.999000099990002e-05
5851	0.008422023040974391	0.039280648992946095	9.999000099990002e-05
5852	0.0006854978500983877	0.039280648992946095	9.999000099990002e-05
5853	0.0009914862399970914	0.039280648992946095	9.999000099990002e-05
5854	-0.0012381037265335043	0.039280648992946095	9.999000099990002e-05
5855	-0.013062994539141018	0.039280648992946095	9.999000099990002e-05
5856	0.0025330159273350417	0.039280648992946095	9.999000099990002e-05
5857	0.0012683107337196076	0.039280648992946095	9.999000099990002e-05
5858	-0.005439336057026109	0.039280648992946095	9.999000099990002e-05
5859	-0.009722742462752149	0.039280648992946095	9.999000099990002e-05
5860	-0.023450077624229307	0.039280648992946095	9.999000099990002e-05
5861	0.0003433806956906621	0.039280648992946095	9.999000099990002e-05
5862	-0.000156896102098944	0.039280648992946095	9.999000099990002e-05
5863	0.008516657787065257	0.039280648992946095	9.999000099990002e-05
5864	-0.0039338840565215916	0.039280648992946095	9.999000099990002e-05
5865	-0.01671428198472756	0.039280648992946095	9.999000099990002e-05
5866	-0.014955524526676839	0.039280648992946095	9.999000099990002e-05
5867	-0.006658980738865866	0.039280648992946095	9.999000099990002e-05
5868	-0.003896809820931907	0.039280648992946095	9.999000099990002e-05
5869	0.004360826906977616	0.039280648992946095	9.999000099990002e-05
5870	-0.023824006411394122	0.039280648992946095	9.999000099990002e-05
5871	-0.0399092891069802	0.039280648992946095	9.999000099990002e-05
5872	-0.006385605784704068	0.039280648992946095	9.999000099990002e-05
5873	0.006581352188336845	0.039280648992946095	9.999000099990002e-05
5874	-0.0006184813178619075	0.039280648992946095	9.999000099990002e-05
5875	0.0014810460480733922	0.039280648992946095	9.999000099990002e-05
5876	0.0040531128976224184	0.039280648992946095	9.999000099990002e-05
5877	-0.010146553795296831	0.039280648992946095	9.999000099990002e-05
5878	-0.0037801962830591035	0.039280648992946095	9.999000099990002e-05
5879	-0.0008370064712453357	0.039280648992946095	9.999000099990002e-05
5880	0.012333825956151123	0.039280648992946095	9.999000099990002e-05
5881	-0.0002332144034325745	0.039280648992946095	9.999000099990002e-05
5882	-0.0081952550092039	0.039280648992946095	9.999000099990002e-05
5883	0.005905666689879824	0.039280648992946095	9.999000099990002e-05
5884	-0.015358252723220597	0.039280648992946095	9.999000099990002e-05
5885	-0.0023293515129268333	0.039280648992946095	9.999000099990002e-05
5886	-0.007146817500790603	0.039280648992946095	9.999000099990002e-05
5887	0.00243818784350254	0.039280648992946095	9.999000099990002e-05
5888	-0.001147548251422048	0.039280648992946095	9.999000099990002e-05
5889	-0.012840343455418651	0.039280648992946095	9.999000099990002e-05
5890	-0.0052453903842226285	0.039280648992946095	9.999000099990002e-05
5891	-0.003125991763258701	0.039280648992946095	9.999000099990002e-05
5892	-0.01660397906454257	0.039280648992946095	9.999000099990002e-05
5893	0.009898145239962908	0.039280648992946095	9.999000099990002e-05
5894	-0.002309877517918807	0.039280648992946095	9.999000099990002e-05
5895	0.002648116459003619	0.039280648992946095	9.999000099990002e-05
5896	0.0009936104789561029	0.039280648992946095	9.999000099990002e-05
5897	0.0038808422695110617	0.039280648992946095	9.999000099990002e-05
5898	-0.004990321775809978	0.039280648992946095	9.999000099990002e-05
5899	-0.024149306969406564	0.039280648992946095	9.999000099990002e-05
5900	-0.022337391537199186	0.039280648992946095	9.999000099990002e-05
5901	-0.004581069183055939	0.039280648992946095	9.999000099990002e-05
5902	-0.03343518071332606	0.039280648992946095	9.999000099990002e-05
5903	-0.019415793064837317	0.039280648992946095	9.999000099990002e-05
5904	-0.0109317467228391	0.039280648992946095	9.999000099990002e-05
5905	0.003794700546469465	0.039280648992946095	9.999000099990002e-05
5906	-0.024301715227674298	0.039280648992946095	9.999000099990002e-05
5907	-0.011687016969115699	0.039280648992946095	9.999000099990002e-05
5908	-0.015149393145990606	0.039280648992946095	9.999000099990002e-05
5909	-0.007721030156507297	0.039280648992946095	9.999000099990002e-05
5910	-0.003727534179910827	0.039280648992946095	9.999000099990002e-05
5911	0.0023068933581305018	0.039280648992946095	9.999000099990002e-05
5912	0.008053501690013176	0.039280648992946095	9.999000099990002e-05
5913	-0.031060878321124974	0.039280648992946095	9.999000099990002e-05
5914	0.009613208717982352	0.039280648992946095	9.999000099990002e-05
5915	0.011784297072694239	0.039280648992946095	9.999000099990002e-05
5916	-0.008893186486181273	0.039280648992946095	9.999000099990002e-05
5917	0.0003472384682327717	0.039280648992946095	9.999000099990002e-05
5918	-0.001686654909964641	0.039280648992946095	9.999000099990002e-05
5919	-0.011618162805827989	0.039280648992946095	9.999000099990002e-05
5920	0.0036675696199521546	0.039280648992946095	9.999000099990002e-05
5921	-0.016711313313321846	0.039280648992946095	9.999000099990002e-05
5922	-0.002783159958368975	0.039280648992946095	9.999000099990002e-05
5923	0.0006550499233055618	0.039280648992946095	9.999000099990002e-05
5924	-0.003185029739224049	0.039280648992946095	9.999000099990002e-05
5925	-0.010772791636910403	0.039280648992946095	9.999000099990002e-05
5926	-0.006953355949188028	0.039280648992946095	9.999000099990002e-05
5927	0.0003903595820294453	0.039280648992946095	9.999000099990002e-05
5928	0.0007924165344048717	0.039280648992946095	9.999000099990002e-05
5929	0.004547554265187187	0.039280648992946095	9.999000099990002e-05
5930	-0.006826907579670222	0.039280648992946095	9.999000099990002e-05
5931	0.0028285471827673714	0.039280648992946095	9.999000099990002e-05
5932	0.0016903613430439834	0.039280648992946095	9.999000099990002e-05
5933	0.00404761112308831	0.039280648992946095	9.999000099990002e-05
5934	-0.004876511149661811	0.039280648992946095	9.999000099990002e-05
5935	-0.00524915381843423	0.039280648992946095	9.999000099990002e-05
5936	0.00337336594710895	0.039280648992946095	9.999000099990002e-05
5937	-0.0048699815582886885	0.039280648992946095	9.999000099990002e-05
5938	-0.0030688001093178707	0.039280648992946095	9.999000099990002e-05
5939	0.018283123905395576	0.039280648992946095	9.999000099990002e-05
5940	0.005033878894860316	0.039280648992946095	9.999000099990002e-05
5941	-0.007510278423292924	0.039280648992946095	9.999000099990002e-05
5942	-0.0034192210760317227	0.039280648992946095	9.999000099990002e-05
5943	-0.0011252695482311947	0.039280648992946095	9.999000099990002e-05
5944	0.013747583964039467	0.039280648992946095	9.999000099990002e-05
5945	-0.015531933910867449	0.039280648992946095	9.999000099990002e-05
5946	-0.006049061826180993	0.039280648992946095	9.999000099990002e-05
5947	0.0003891359512497028	0.039280648992946095	9.999000099990002e-05
5948	-0.010180524576564973	0.039280648992946095	9.999000099990002e-05
5949	-0.0011068414317497721	0.039280648992946095	9.999000099990002e-05
5950	0.00811573726441886	0.039280648992946095	9.999000099990002e-05
5951	-0.007288475850462814	0.039280648992946095	9.999000099990002e-05
5952	0.0016223297633873868	0.039280648992946095	9.999000099990002e-05
5953	-0.006913510652591534	0.039280648992946095	9.999000099990002e-05
5954	-0.005516670231179549	0.039280648992946095	9.999000099990002e-05
5955	0.01814617086809925	0.039280648992946095	9.999000099990002e-05
5956	0.011481891645790249	0.039280648992946095	9.999000099990002e-05
5957	-0.015001620235335925	0.039280648992946095	9.999000099990002e-05
5958	0.004579169258603799	0.039280648992946095	9.999000099990002e-05
5959	-0.0015694974822420271	0.039280648992946095	9.999000099990002e-05
5960	-0.0013681585586609868	0.039280648992946095	9.999000099990002e-05
5961	-0.0024880632516025986	0.039280648992946095	9.999000099990002e-05
5962	-0.005919333949440803	0.039280648992946095	9.999000099990002e-05
5963	-0.007101926972800321	0.039280648992946095	9.999000099990002e-05
5964	0.007753055470681017	0.039280648992946095	9.999000099990002e-05
5965	-0.030766756217193353	0.039280648992946095	9.999000099990002e-05
5966	-0.014059315873478667	0.039280648992946095	9.999000099990002e-05
5967	0.004914128546807464	0.039280648992946095	9.999000099990002e-05
5968	-0.03407048833816796	0.039280648992946095	9.999000099990002e-05
5969	-0.023346901593483155	0.039280648992946095	9.999000099990002e-05
5970	-0.0015421463094672794	0.039280648992946095	9.999000099990002e-05
5971	0.005583295038428693	0.039280648992946095	9.999000099990002e-05
5972	0.00030164013572271664	0.039280648992946095	9.999000099990002e-05
5973	0.0024995384437703494	0.039280648992946095	9.999000099990002e-05
5974	0.0031482852750912282	0.039280648992946095	9.999000099990002e-05
5975	-0.012685085140537483	0.039280648992946095	9.999000099990002e-05
5976	-0.012762890472261229	0.039280648992946095	9.999000099990002e-05
5977	-0.02713255439975157	0.039280648992946095	9.999000099990002e-05
5978	-0.0026169773327908707	0.039280648992946095	9.999000099990002e-05
5979	-0.00014049798335188934	0.039280648992946095	9.999000099990002e-05
5980	-0.008965855889650001	0.039280648992946095	9.999000099990002e-05
5981	-0.019148216252255074	0.039280648992946095	9.999000099990002e-05
5982	0.006902572989840622	0.039280648992946095	9.999000099990002e-05
5983	-0.0074158947929227476	0.039280648992946095	9.999000099990002e-05
5984	-0.0038818995579746607	0.039280648992946095	9.999000099990002e-05
5985	-0.013985778440842409	0.039280648992946095	9.999000099990002e-05
5986	0.005948138456876723	0.039280648992946095	9.999000099990002e-05
5987	0.010691730346132203	0.039280648992946095	9.999000099990002e-05
5988	-0.004802380108981999	0.039280648992946095	9.999000099990002e-05
5989	-0.002721307612189	0.039280648992946095	9.999000099990002e-05
5990	-0.018040530727929077	0.039280648992946095	9.999000099990002e-05
5991	0.0008663398656776622	0.039280648992946095	9.999000099990002e-05
5992	-0.023105251896427426	0.039280648992946095	9.999000099990002e-05
5993	-0.009182831039501432	0.039280648992946095	9.999000099990002e-05
5994	0.0035393463983132978	0.039280648992946095	9.999000099990002e-05
5995	-0.011525263001354993	0.039280648992946095	9.999000099990002e-05
5996	0.00677388977780391	0.039280648992946095	9.999000099990002e-05
5997	0.005421599674046734	0.039280648992946095	9.999000099990002e-05
5998	-0.0019998498646497387	0.039280648992946095	9.999000099990002e-05
5999	-0.003690372451952889	0.039280648992946095	9.999000099990002e-05
6000	-0.005963568284669041	0.039280648992946095	9.999000099990002e-05
6001	-0.0233118584723451	0.039280648992946095	9.999000099990002e-05
6002	-0.01751181381239493	0.039280648992946095	9.999000099990002e-05
6003	-0.00432868632816337	0.039280648992946095	9.999000099990002e-05
6004	0.0027659760105539777	0.039280648992946095	9.999000099990002e-05
6005	-0.011422035018980606	0.039280648992946095	9.999000099990002e-05
6006	-0.005750041946084486	0.039280648992946095	9.999000099990002e-05
6007	-0.00856827561393339	0.039280648992946095	9.999000099990002e-05
6008	0.021765232767255283	0.039280648992946095	9.999000099990002e-05
6009	-0.005608146172615999	0.039280648992946095	9.999000099990002e-05
6010	-0.005230121849242361	0.039280648992946095	9.999000099990002e-05
6011	0.0036855517778306146	0.039280648992946095	9.999000099990002e-05
6012	-0.005023816981191767	0.039280648992946095	9.999000099990002e-05
6013	0.0013719283533056015	0.039280648992946095	9.999000099990002e-05
6014	-0.003115209469863184	0.039280648992946095	9.999000099990002e-05
6015	-0.0027014290256689166	0.039280648992946095	9.999000099990002e-05
6016	-0.016573566338619325	0.039280648992946095	9.999000099990002e-05
6017	0.006291281194688983	0.039280648992946095	9.999000099990002e-05
6018	-0.0009370467114228342	0.039280648992946095	9.999000099990002e-05
6019	-0.010387609301673928	0.039280648992946095	9.999000099990002e-05
6020	-0.0014300683915024759	0.039280648992946095	9.999000099990002e-05
6021	-0.00215864778476485	0.039280648992946095	9.999000099990002e-05
6022	0.003653229805293881	0.039280648992946095	9.999000099990002e-05
6023	-0.016998503807673218	0.039280648992946095	9.999000099990002e-05
6024	-0.021658990862150423	0.039280648992946095	9.999000099990002e-05
6025	0.0035727932935361445	0.039280648992946095	9.999000099990002e-05
6026	-0.011066326299019755	0.039280648992946095	9.999000099990002e-05
6027	-0.004455404312065744	0.039280648992946095	9.999000099990002e-05
6028	-0.011014986340533175	0.039280648992946095	9.999000099990002e-05
6029	0.005764741926329767	0.039280648992946095	9.999000099990002e-05
6030	-0.0005132879616944058	0.039280648992946095	9.999000099990002e-05
6031	0.0025992886287824757	0.039280648992946095	9.999000099990002e-05
6032	0.0029768699067285187	0.039280648992946095	9.999000099990002e-05
6033	-0.014512000998481156	0.039280648992946095	9.999000099990002e-05
6034	0.003068701546883032	0.039280648992946095	9.999000099990002e-05
6035	0.004211064880150189	0.039280648992946095	9.999000099990002e-05
6036	-0.012968161891333693	0.039280648992946095	9.999000099990002e-05
6037	0.003556985481233843	0.039280648992946095	9.999000099990002e-05
6038	-0.029563153372747522	0.039280648992946095	9.999000099990002e-05
6039	-0.006386881172900344	0.039280648992946095	9.999000099990002e-05
6040	-0.0036667711185711382	0.039280648992946095	9.999000099990002e-05
6041	0.0022740640075425145	0.039280648992946095	9.999000099990002e-05
6042	0.01175371747037271	0.039280648992946095	9.999000099990002e-05
6043	-0.002315661676256367	0.039280648992946095	9.999000099990002e-05
6044	-0.02451637265516629	0.039280648992946095	9.999000099990002e-05
6045	-0.004201641485979499	0.039280648992946095	9.999000099990002e-05
6046	0.0035763459109536405	0.039280648992946095	9.999000099990002e-05
6047	0.0014033813741692186	0.039280648992946095	9.999000099990002e-05
6048	-0.006349173952846093	0.039280648992946095	9.999000099990002e-05
6049	0.00034646671951263364	0.039280648992946095	9.999000099990002e-05
6050	0.011389072681934953	0.039280648992946095	9.999000099990002e-05
6051	-0.01243061514111947	0.039280648992946095	9.999000099990002e-05
6052	0.002508948582992887	0.039280648992946095	9.999000099990002e-05
6053	-0.02318774957689647	0.039280648992946095	9.999000099990002e-05
6054	0.0011177214136274954	0.039280648992946095	9.999000099990002e-05
6055	0.008827675434445847	0.039280648992946095	9.999000099990002e-05
6056	0.006316968992855207	0.039280648992946095	9.999000099990002e-05
6057	0.013599563142157017	0.039280648992946095	9.999000099990002e-05
6058	-0.0010226590619387688	0.039280648992946095	9.999000099990002e-05
6059	-0.029173891717978725	0.039280648992946095	9.999000099990002e-05
6060	-0.009008055663169048	0.039280648992946095	9.999000099990002e-05
6061	-0.008735743241186616	0.039280648992946095	9.999000099990002e-05
6062	0.0070986653816067224	0.039280648992946095	9.999000099990002e-05
6063	-0.013016509144717373	0.039280648992946095	9.999000099990002e-05
6064	-0.007182655044864081	0.039280648992946095	9.999000099990002e-05
6065	0.004543273159704486	0.039280648992946095	9.999000099990002e-05
6066	-0.002776697952665483	0.039280648992946095	9.999000099990002e-05
6067	-0.0026394807874648984	0.039280648992946095	9.999000099990002e-05
6068	0.011218690082809485	0.039280648992946095	9.999000099990002e-05
6069	-0.012325525348337973	0.039280648992946095	9.999000099990002e-05
6070	-0.011891750081924557	0.039280648992946095	9.999000099990002e-05
6071	-0.022525487845088746	0.039280648992946095	9.999000099990002e-05
6072	0.007928423726763084	0.039280648992946095	9.999000099990002e-05
6073	0.004090353669739935	0.039280648992946095	9.999000099990002e-05
6074	0.0039017414384845683	0.039280648992946095	9.999000099990002e-05
6075	-0.005421799663538909	0.039280648992946095	9.999000099990002e-05
6076	-0.01821651764536325	0.039280648992946095	9.999000099990002e-05
6077	0.015797216937681574	0.039280648992946095	9.999000099990002e-05
6078	-0.013194416378831592	0.039280648992946095	9.999000099990002e-05
6079	-0.0004736151250824411	0.039280648992946095	9.999000099990002e-05
6080	0.001984395469078068	0.039280648992946095	9.999000099990002e-05
6081	0.0006238295680516953	0.039280648992946095	9.999000099990002e-05
6082	-0.007379721651041574	0.039280648992946095	9.999000099990002e-05
6083	-0.005858364538175925	0.039280648992946095	9.999000099990002e-05
6084	-0.006906647648292297	0.039280648992946095	9.999000099990002e-05
6085	-0.014295952384070179	0.039280648992946095	9.999000099990002e-05
6086	-0.011059610410078899	0.039280648992946095	9.999000099990002e-05
6087	-0.005318388151113448	0.039280648992946095	9.999000099990002e-05
6088	-0.003681507319297367	0.039280648992946095	9.999000099990002e-05
6089	-0.009877088808069964	0.039280648992946095	9.999000099990002e-05
6090	0.0056652476152248415	0.039280648992946095	9.999000099990002e-05
6091	0.0001527056934775145	0.039280648992946095	9.999000099990002e-05
6092	0.008077828938155188	0.039280648992946095	9.999000099990002e-05
6093	0.0018136595988806903	0.039280648992946095	9.999000099990002e-05
6094	0.000837315170733377	0.039280648992946095	9.999000099990002e-05
6095	-0.0011846510361308155	0.039280648992946095	9.999000099990002e-05
6096	-0.0038680653734624454	0.039280648992946095	9.999000099990002e-05
6097	-0.005913856451368479	0.039280648992946095	9.999000099990002e-05
6098	-0.011643446206693844	0.039280648992946095	9.999000099990002e-05
6099	-0.001260894565962123	0.039280648992946095	9.999000099990002e-05
6100	0.002452931375720266	0.039280648992946095	9.999000099990002e-05
6101	0.00957900289201119	0.039280648992946095	9.999000099990002e-05
6102	0.0028840697814076083	0.039280648992946095	9.999000099990002e-05
6103	-0.0007764930690385974	0.039280648992946095	9.999000099990002e-05
6104	-0.012269586554036899	0.039280648992946095	9.999000099990002e-05
6105	-0.0017983999005325157	0.039280648992946095	9.999000099990002e-05
6106	-0.004821556474568528	0.039280648992946095	9.999000099990002e-05
6107	-0.016783905274877484	0.039280648992946095	9.999000099990002e-05
6108	0.005287501548656204	0.039280648992946095	9.999000099990002e-05
6109	-0.008709852977329138	0.039280648992946095	9.999000099990002e-05
6110	0.00029850968597569527	0.039280648992946095	9.999000099990002e-05
6111	0.002963207211142335	0.039280648992946095	9.999000099990002e-05
6112	-0.01609234865110583	0.039280648992946095	9.999000099990002e-05
6113	0.006206391360228672	0.039280648992946095	9.999000099990002e-05
6114	-0.024711831528385686	0.039280648992946095	9.999000099990002e-05
6115	-0.014350574277425324	0.039280648992946095	9.999000099990002e-05
6116	0.0036939994038963364	0.039280648992946095	9.999000099990002e-05
6117	-0.006814310377991739	0.039280648992946095	9.999000099990002e-05
6118	0.0025311879583156116	0.039280648992946095	9.999000099990002e-05
6119	0.002651986855305849	0.039280648992946095	9.999000099990002e-05
6120	0.0013897687366472705	0.039280648992946095	9.999000099990002e-05
6121	-0.003888073062206329	0.039280648992946095	9.999000099990002e-05
6122	-0.013590531861397068	0.039280648992946095	9.999000099990002e-05
6123	-0.0014211759721039358	0.039280648992946095	9.999000099990002e-05
6124	-0.0011403829080677275	0.039280648992946095	9.999000099990002e-05
6125	0.004101315948823098	0.039280648992946095	9.999000099990002e-05
6126	-0.005230628013470587	0.039280648992946095	9.999000099990002e-05
6127	-0.022636001970491246	0.039280648992946095	9.999000099990002e-05
6128	0.009714412917396581	0.039280648992946095	9.999000099990002e-05
6129	-0.007853651981703819	0.039280648992946095	9.999000099990002e-05
6130	-0.0007868069723804272	0.039280648992946095	9.999000099990002e-05
6131	0.0027579822086648276	0.039280648992946095	9.999000099990002e-05
6132	-0.007782308655683606	0.039280648992946095	9.999000099990002e-05
6133	-0.0036518784317722125	0.039280648992946095	9.999000099990002e-05
6134	0.0011726759430620293	0.039280648992946095	9.999000099990002e-05
6135	0.0014303420843326392	0.039280648992946095	9.999000099990002e-05
6136	-0.011126411658652288	0.039280648992946095	9.999000099990002e-05
6137	0.008507238325681371	0.039280648992946095	9.999000099990002e-05
6138	-0.0012623809651642198	0.039280648992946095	9.999000099990002e-05
6139	-0.0031896082799164754	0.039280648992946095	9.999000099990002e-05
6140	0.004011225707825278	0.039280648992946095	9.999000099990002e-05
6141	-0.009864767872526575	0.039280648992946095	9.999000099990002e-05
6142	0.0029036497674477663	0.039280648992946095	9.999000099990002e-05
6143	-0.0023273177766173214	0.039280648992946095	9.999000099990002e-05
6144	-0.010869753378969088	0.039280648992946095	9.999000099990002e-05
6145	-0.03902497023936412	0.039280648992946095	9.999000099990002e-05
6146	-0.012290504658650586	0.039280648992946095	9.999000099990002e-05
6147	-0.0030768594576538327	0.039280648992946095	9.999000099990002e-05
6148	0.007525936158508523	0.039280648992946095	9.999000099990002e-05
6149	0.012888610499372594	0.039280648992946095	9.999000099990002e-05
6150	-0.030186252704828748	0.039280648992946095	9.999000099990002e-05
6151	-0.003316041937898473	0.039280648992946095	9.999000099990002e-05
6152	0.0004941657811705913	0.039280648992946095	9.999000099990002e-05
6153	-0.007077062777876564	0.039280648992946095	9.999000099990002e-05
6154	0.006593863160023056	0.039280648992946095	9.999000099990002e-05
6155	-0.012777049427279169	0.039280648992946095	9.999000099990002e-05
6156	0.00466323257664622	0.039280648992946095	9.999000099990002e-05
6157	-0.0064439300812458855	0.039280648992946095	9.999000099990002e-05
6158	0.0069203298136008284	0.039280648992946095	9.999000099990002e-05
6159	-0.006784941005843065	0.039280648992946095	9.999000099990002e-05
6160	-0.02666105710464224	0.039280648992946095	9.999000099990002e-05
6161	-0.03328026508497944	0.039280648992946095	9.999000099990002e-05
6162	0.0009246324571603876	0.039280648992946095	9.999000099990002e-05
6163	-0.0014475265662297898	0.039280648992946095	9.999000099990002e-05
6164	0.009152027171225943	0.039280648992946095	9.999000099990002e-05
6165	-0.0016613687901350788	0.039280648992946095	9.999000099990002e-05
6166	0.005491744179831157	0.039280648992946095	9.999000099990002e-05
6167	-0.02014054051571293	0.039280648992946095	9.999000099990002e-05
6168	-0.0035764503482922094	0.039280648992946095	9.999000099990002e-05
6169	-0.0024382052740020976	0.039280648992946095	9.999000099990002e-05
6170	0.019504193081459897	0.039280648992946095	9.999000099990002e-05
6171	-0.030823493124452053	0.039280648992946095	9.999000099990002e-05
6172	-0.005660271328982502	0.039280648992946095	9.999000099990002e-05
6173	0.0005431130515837213	0.039280648992946095	9.999000099990002e-05
6174	-0.007166368306523688	0.039280648992946095	9.999000099990002e-05
6175	-0.0038473241471493197	0.039280648992946095	9.999000099990002e-05
6176	0.00557996746381198	0.039280648992946095	9.999000099990002e-05
6177	-0.0009996207968116372	0.039280648992946095	9.999000099990002e-05
6178	-0.004620581746467206	0.039280648992946095	9.999000099990002e-05
6179	0.006943769854170473	0.039280648992946095	9.999000099990002e-05
6180	0.0037629896610287678	0.039280648992946095	9.999000099990002e-05
6181	0.01864629326759193	0.039280648992946095	9.999000099990002e-05
6182	0.00010010544675387312	0.039280648992946095	9.999000099990002e-05
6183	0.0003818900585951662	0.039280648992946095	9.999000099990002e-05
6184	0.005229366899833818	0.039280648992946095	9.999000099990002e-05
6185	-0.03143782476959538	0.039280648992946095	9.999000099990002e-05
6186	0.0038051277723349097	0.039280648992946095	9.999000099990002e-05
6187	0.007519910400823268	0.039280648992946095	9.999000099990002e-05
6188	-0.02277213111322758	0.039280648992946095	9.999000099990002e-05
6189	-0.01521445819057013	0.039280648992946095	9.999000099990002e-05
6190	0.0048987301813095685	0.039280648992946095	9.999000099990002e-05
6191	-0.004258004535726709	0.039280648992946095	9.999000099990002e-05
6192	0.0035902830276638015	0.039280648992946095	9.999000099990002e-05
6193	-0.020552013385108814	0.039280648992946095	9.999000099990002e-05
6194	0.007257820505580548	0.039280648992946095	9.999000099990002e-05
6195	-0.0021472072108316143	0.039280648992946095	9.999000099990002e-05
6196	7.640729884253461e-05	0.039280648992946095	9.999000099990002e-05
6197	-0.008647500438930561	0.039280648992946095	9.999000099990002e-05
6198	0.0060431567710637485	0.039280648992946095	9.999000099990002e-05
6199	-0.002356235752235619	0.039280648992946095	9.999000099990002e-05
6200	-0.017959451909545454	0.039280648992946095	9.999000099990002e-05
6201	0.0026980297869370062	0.039280648992946095	9.999000099990002e-05
6202	0.009317248011941073	0.039280648992946095	9.999000099990002e-05
6203	0.003619575783299106	0.039280648992946095	9.999000099990002e-05
6204	-0.01303410176249005	0.039280648992946095	9.999000099990002e-05
6205	0.0005359315401058662	0.039280648992946095	9.999000099990002e-05
6206	-0.024777014508016545	0.039280648992946095	9.999000099990002e-05
6207	0.0009730201551294143	0.039280648992946095	9.999000099990002e-05
6208	-0.006703158607043999	0.039280648992946095	9.999000099990002e-05
6209	-0.008973319590719633	0.039280648992946095	9.999000099990002e-05
6210	-0.009797735123613635	0.039280648992946095	9.999000099990002e-05
6211	0.0015816872763388529	0.039280648992946095	9.999000099990002e-05
6212	0.006385309077788157	0.039280648992946095	9.999000099990002e-05
6213	-0.009548255393679941	0.039280648992946095	9.999000099990002e-05
6214	-0.0009741880471529074	0.039280648992946095	9.999000099990002e-05
6215	-0.005868577402883823	0.039280648992946095	9.999000099990002e-05
6216	0.0007464569681434607	0.039280648992946095	9.999000099990002e-05
6217	-0.00948288917531552	0.039280648992946095	9.999000099990002e-05
6218	-0.00773574042997234	0.039280648992946095	9.999000099990002e-05
6219	-0.025425362331411544	0.039280648992946095	9.999000099990002e-05
6220	-0.018911610281452523	0.039280648992946095	9.999000099990002e-05
6221	-0.002090770409193504	0.039280648992946095	9.999000099990002e-05
6222	-0.00035903284732001495	0.039280648992946095	9.999000099990002e-05
6223	0.00939795962456376	0.039280648992946095	9.999000099990002e-05
6224	0.004291781299512312	0.039280648992946095	9.999000099990002e-05
6225	-0.008358680751228892	0.039280648992946095	9.999000099990002e-05
6226	0.0016065461304410056	0.039280648992946095	9.999000099990002e-05
6227	-0.007795390027115892	0.039280648992946095	9.999000099990002e-05
6228	0.010952298349985706	0.039280648992946095	9.999000099990002e-05
6229	-0.00045716379233115556	0.039280648992946095	9.999000099990002e-05
6230	0.0052488537613665925	0.039280648992946095	9.999000099990002e-05
6231	0.0020406596650729136	0.039280648992946095	9.999000099990002e-05
6232	-0.0026455758787250067	0.039280648992946095	9.999000099990002e-05
6233	-0.02960738707678777	0.039280648992946095	9.999000099990002e-05
6234	-0.010248021054450926	0.039280648992946095	9.999000099990002e-05
6235	-0.015678475033851197	0.039280648992946095	9.999000099990002e-05
6236	0.001494265892443697	0.039280648992946095	9.999000099990002e-05
6237	0.006516863758277605	0.039280648992946095	9.999000099990002e-05
6238	0.012185986770755802	0.039280648992946095	9.999000099990002e-05
6239	-0.009092755267274821	0.039280648992946095	9.999000099990002e-05
6240	-0.0061023723536235	0.039280648992946095	9.999000099990002e-05
6241	-0.003314546167982102	0.039280648992946095	9.999000099990002e-05
6242	-0.00812320130535893	0.039280648992946095	9.999000099990002e-05
6243	0.001882099120201125	0.039280648992946095	9.999000099990002e-05
6244	0.002213825900412414	0.039280648992946095	9.999000099990002e-05
6245	-0.025427826586494326	0.039280648992946095	9.999000099990002e-05
6246	-0.01465178331173965	0.039280648992946095	9.999000099990002e-05
6247	-0.004376631806104522	0.039280648992946095	9.999000099990002e-05
6248	-0.0028503454062265565	0.039280648992946095	9.999000099990002e-05
6249	-0.002222668795828886	0.039280648992946095	9.999000099990002e-05
6250	0.0033367918551849146	0.039280648992946095	9.999000099990002e-05
6251	-0.0021708682643093447	0.039280648992946095	9.999000099990002e-05
6252	0.001675688552435911	0.039280648992946095	9.999000099990002e-05
6253	-0.004606211246361264	0.039280648992946095	9.999000099990002e-05
6254	0.0022081984223591977	0.039280648992946095	9.999000099990002e-05
6255	-0.022747226279506802	0.039280648992946095	9.999000099990002e-05
6256	0.00046085488268665653	0.039280648992946095	9.999000099990002e-05
6257	-0.023420772681810198	0.039280648992946095	9.999000099990002e-05
6258	-0.00028636087054634274	0.039280648992946095	9.999000099990002e-05
6259	-0.0029329757332828	0.039280648992946095	9.999000099990002e-05
6260	0.001380679532249518	0.039280648992946095	9.999000099990002e-05
6261	-0.019236498139614616	0.039280648992946095	9.999000099990002e-05
6262	0.0020743702026707334	0.039280648992946095	9.999000099990002e-05
6263	-0.009257514369686831	0.039280648992946095	9.999000099990002e-05
6264	-0.0277331528019108	0.039280648992946095	9.999000099990002e-05
6265	-0.014701622256594132	0.039280648992946095	9.999000099990002e-05
6266	-0.0095457763299555	0.039280648992946095	9.999000099990002e-05
6267	-0.02536868791176551	0.039280648992946095	9.999000099990002e-05
6268	-0.009235619671568496	0.039280648992946095	9.999000099990002e-05
6269	-0.00311801587739835	0.039280648992946095	9.999000099990002e-05
6270	-0.0067185558558246344	0.039280648992946095	9.999000099990002e-05
6271	0.009123429110821049	0.039280648992946095	9.999000099990002e-05
6272	1.5900014304182086e-05	0.039280648992946095	9.999000099990002e-05
6273	-0.014170515517609047	0.039280648992946095	9.999000099990002e-05
6274	0.004249762434186441	0.039280648992946095	9.999000099990002e-05
6275	-0.011039009793032434	0.039280648992946095	9.999000099990002e-05
6276	-0.004371885078084808	0.039280648992946095	9.999000099990002e-05
6277	-0.009259046602848792	0.039280648992946095	9.999000099990002e-05
6278	0.007890350806088506	0.039280648992946095	9.999000099990002e-05
6279	-0.013798419846073523	0.039280648992946095	9.999000099990002e-05
6280	0.012170164441129339	0.039280648992946095	9.999000099990002e-05
6281	-0.006362568927611709	0.039280648992946095	9.999000099990002e-05
6282	0.025275737806463694	0.039280648992946095	9.999000099990002e-05
6283	0.010978569074552275	0.039280648992946095	9.999000099990002e-05
6284	0.007866008506540206	0.039280648992946095	9.999000099990002e-05
6285	-0.05477147267732051	0.039280648992946095	9.999000099990002e-05
6286	0.00367634895959168	0.039280648992946095	9.999000099990002e-05
6287	0.0002568666688311516	0.039280648992946095	9.999000099990002e-05
6288	-0.014756462540999465	0.039280648992946095	9.999000099990002e-05
6289	-0.002337039479950412	0.039280648992946095	9.999000099990002e-05
6290	-0.002133095643467059	0.039280648992946095	9.999000099990002e-05
6291	0.0005100130184468449	0.039280648992946095	9.999000099990002e-05
6292	-0.004028156355038032	0.039280648992946095	9.999000099990002e-05
6293	-0.0005434628268451147	0.039280648992946095	9.999000099990002e-05
6294	-0.0014941230497425434	0.039280648992946095	9.999000099990002e-05
6295	-0.017442205379439607	0.039280648992946095	9.999000099990002e-05
6296	-0.00451621417842378	0.039280648992946095	9.999000099990002e-05
6297	-0.00888635756603437	0.039280648992946095	9.999000099990002e-05
6298	-0.0003497701633263517	0.039280648992946095	9.999000099990002e-05
6299	-0.0010082325317590374	0.039280648992946095	9.999000099990002e-05
6300	-0.001534789036406095	0.039280648992946095	9.999000099990002e-05
6301	0.0002364361326759462	0.039280648992946095	9.999000099990002e-05
6302	0.0018847844852978024	0.039280648992946095	9.999000099990002e-05
6303	0.0001972180912990229	0.039280648992946095	9.999000099990002e-05
6304	0.0149305858030154	0.039280648992946095	9.999000099990002e-05
6305	-0.009396648501415708	0.039280648992946095	9.999000099990002e-05
6306	-0.014905649215682631	0.039280648992946095	9.999000099990002e-05
6307	-0.004891510215916245	0.039280648992946095	9.999000099990002e-05
6308	-0.024979981508230636	0.039280648992946095	9.999000099990002e-05
6309	0.004427721571375942	0.039280648992946095	9.999000099990002e-05
6310	-0.030741368427541854	0.039280648992946095	9.999000099990002e-05
6311	0.007672267775627101	0.039280648992946095	9.999000099990002e-05
6312	-0.0012182029998802635	0.039280648992946095	9.999000099990002e-05
6313	-0.007771206689839327	0.039280648992946095	9.999000099990002e-05
6314	-0.005766609126111405	0.039280648992946095	9.999000099990002e-05
6315	-0.02204894730925548	0.039280648992946095	9.999000099990002e-05
6316	0.00046942636726039766	0.039280648992946095	9.999000099990002e-05
6317	-0.010441873651299921	0.039280648992946095	9.999000099990002e-05
6318	-0.001431328922504152	0.039280648992946095	9.999000099990002e-05
6319	0.003854619515232957	0.039280648992946095	9.999000099990002e-05
6320	-0.0024442214182084643	0.039280648992946095	9.999000099990002e-05
6321	-0.005443871191404881	0.039280648992946095	9.999000099990002e-05
6322	-0.012991104798518949	0.039280648992946095	9.999000099990002e-05
6323	0.006395070594518576	0.039280648992946095	9.999000099990002e-05
6324	-0.0020788109987190245	0.039280648992946095	9.999000099990002e-05
6325	-7.557689819073787e-05	0.039280648992946095	9.999000099990002e-05
6326	-0.009631037739939868	0.039280648992946095	9.999000099990002e-05
6327	-0.011498621186793567	0.039280648992946095	9.999000099990002e-05
6328	-0.02343562186518959	0.039280648992946095	9.999000099990002e-05
6329	0.008405418620855087	0.039280648992946095	9.999000099990002e-05
6330	-0.023482337643235554	0.039280648992946095	9.999000099990002e-05
6331	-0.0020840246602046725	0.039280648992946095	9.999000099990002e-05
6332	-0.0013902960213972027	0.039280648992946095	9.999000099990002e-05
6333	-0.005968588414201337	0.039280648992946095	9.999000099990002e-05
6334	0.002876677501688546	0.039280648992946095	9.999000099990002e-05
6335	-0.00817384006252335	0.039280648992946095	9.999000099990002e-05
6336	-0.0165365099705055	0.039280648992946095	9.999000099990002e-05
6337	0.0025926542602003055	0.039280648992946095	9.999000099990002e-05
6338	-0.007567630544646153	0.039280648992946095	9.999000099990002e-05
6339	-0.0015729734345931723	0.039280648992946095	9.999000099990002e-05
6340	0.0017937658638484538	0.039280648992946095	9.999000099990002e-05
6341	-8.409220703194109e-05	0.039280648992946095	9.999000099990002e-05
6342	-0.021512189204178786	0.039280648992946095	9.999000099990002e-05
6343	0.013325903230886837	0.039280648992946095	9.999000099990002e-05
6344	-0.0014961697982355526	0.039280648992946095	9.999000099990002e-05
6345	-0.006061041774542142	0.039280648992946095	9.999000099990002e-05
6346	-0.018905191779168523	0.039280648992946095	9.999000099990002e-05
6347	-0.008951802828558342	0.039280648992946095	9.999000099990002e-05
6348	5.651803067922845e-05	0.039280648992946095	9.999000099990002e-05
6349	0.008612715036710794	0.039280648992946095	9.999000099990002e-05
6350	-0.00629984214327832	0.039280648992946095	9.999000099990002e-05
6351	-0.003039349071151734	0.039280648992946095	9.999000099990002e-05
6352	0.008717670483552806	0.039280648992946095	9.999000099990002e-05
6353	-0.024941583040203552	0.039280648992946095	9.999000099990002e-05
6354	-0.01642674176366775	0.039280648992946095	9.999000099990002e-05
6355	0.009735888555231581	0.039280648992946095	9.999000099990002e-05
6356	-0.019111308990169523	0.039280648992946095	9.999000099990002e-05
6357	0.002087304070321233	0.039280648992946095	9.999000099990002e-05
6358	-0.008487391589879129	0.039280648992946095	9.999000099990002e-05
6359	-0.007407807186785284	0.039280648992946095	9.999000099990002e-05
6360	-0.019581568719810052	0.039280648992946095	9.999000099990002e-05
6361	-0.005246782542200096	0.039280648992946095	9.999000099990002e-05
6362	0.0027337654184239196	0.039280648992946095	9.999000099990002e-05
6363	-0.013237184027344709	0.039280648992946095	9.999000099990002e-05
6364	0.011547191006778895	0.039280648992946095	9.999000099990002e-05
6365	0.0032491252790257663	0.039280648992946095	9.999000099990002e-05
6366	-0.011776135471901233	0.039280648992946095	9.999000099990002e-05
6367	-0.0012400594868477305	0.039280648992946095	9.999000099990002e-05
6368	0.009579363834444993	0.039280648992946095	9.999000099990002e-05
6369	0.004880491032806675	0.039280648992946095	9.999000099990002e-05
6370	0.0010274205014943194	0.039280648992946095	9.999000099990002e-05
6371	0.005625288947551835	0.039280648992946095	9.999000099990002e-05
6372	0.003474804414379376	0.039280648992946095	9.999000099990002e-05
6373	-0.0052072204062538485	0.039280648992946095	9.999000099990002e-05
6374	-0.0009533868094262488	0.039280648992946095	9.999000099990002e-05
6375	0.005635097317853471	0.039280648992946095	9.999000099990002e-05
6376	-0.0013739711204588667	0.039280648992946095	9.999000099990002e-05
6377	0.00010414335064239111	0.039280648992946095	9.999000099990002e-05
6378	-0.014120178468311678	0.039280648992946095	9.999000099990002e-05
6379	-0.001959077692742353	0.039280648992946095	9.999000099990002e-05
6380	0.004643097630689666	0.039280648992946095	9.999000099990002e-05
6381	-0.0012412229120022655	0.039280648992946095	9.999000099990002e-05
6382	-0.003880673985077965	0.039280648992946095	9.999000099990002e-05
6383	0.002588246868563432	0.039280648992946095	9.999000099990002e-05
6384	0.005207645632758481	0.039280648992946095	9.999000099990002e-05
6385	-0.006355708011088174	0.039280648992946095	9.999000099990002e-05
6386	0.001588130929037243	0.039280648992946095	9.999000099990002e-05
6387	-0.0029863185484194366	0.039280648992946095	9.999000099990002e-05
6388	0.0060218423774879015	0.039280648992946095	9.999000099990002e-05
6389	-0.0053643364530965715	0.039280648992946095	9.999000099990002e-05
6390	-0.00021080135430225078	0.039280648992946095	9.999000099990002e-05
6391	0.00023567404598760777	0.039280648992946095	9.999000099990002e-05
6392	0.003559848452924938	0.039280648992946095	9.999000099990002e-05
6393	-0.0011385017250441082	0.039280648992946095	9.999000099990002e-05
6394	-0.01320558796956825	0.039280648992946095	9.999000099990002e-05
6395	-0.013800570060846645	0.039280648992946095	9.999000099990002e-05
6396	-0.01645337658660817	0.039280648992946095	9.999000099990002e-05
6397	-0.010745337192067203	0.039280648992946095	9.999000099990002e-05
6398	-0.0021827124586962093	0.039280648992946095	9.999000099990002e-05
6399	-0.0013802637735649687	0.039280648992946095	9.999000099990002e-05
6400	0.0020445092321709213	0.039280648992946095	9.999000099990002e-05
6401	-0.013397991310201654	0.039280648992946095	9.999000099990002e-05
6402	-0.008119873779295128	0.039280648992946095	9.999000099990002e-05
6403	-0.01968728537938777	0.039280648992946095	9.999000099990002e-05
6404	0.008208108473212988	0.039280648992946095	9.999000099990002e-05
6405	-0.008766001131836607	0.039280648992946095	9.999000099990002e-05
6406	-0.0025844175965874516	0.039280648992946095	9.999000099990002e-05
6407	0.0035541809672627045	0.039280648992946095	9.999000099990002e-05
6408	-0.005676461932534266	0.039280648992946095	9.999000099990002e-05
6409	-0.009347030132493009	0.039280648992946095	9.999000099990002e-05
6410	-0.013921501458765292	0.039280648992946095	9.999000099990002e-05
6411	-0.0007955610159467996	0.039280648992946095	9.999000099990002e-05
6412	-0.0001269730324098689	0.039280648992946095	9.999000099990002e-05
6413	0.01326818997288809	0.039280648992946095	9.999000099990002e-05
6414	0.0023262843276391915	0.039280648992946095	9.999000099990002e-05
6415	0.006595399811501035	0.039280648992946095	9.999000099990002e-05
6416	-0.005259788219624542	0.039280648992946095	9.999000099990002e-05
6417	-0.0008429037093418829	0.039280648992946095	9.999000099990002e-05
6418	-0.008164573542848719	0.039280648992946095	9.999000099990002e-05
6419	0.0022038056937052214	0.039280648992946095	9.999000099990002e-05
6420	-0.008583236517589896	0.039280648992946095	9.999000099990002e-05
6421	0.005398507855044921	0.039280648992946095	9.999000099990002e-05
6422	-0.010716299145068955	0.039280648992946095	9.999000099990002e-05
6423	-0.023146378019147623	0.039280648992946095	9.999000099990002e-05
6424	-0.002372243117053821	0.039280648992946095	9.999000099990002e-05
6425	-0.016197493648561448	0.039280648992946095	9.999000099990002e-05
6426	0.004579489610793533	0.039280648992946095	9.999000099990002e-05
6427	-0.0010110466106561244	0.039280648992946095	9.999000099990002e-05
6428	-0.015350137199152042	0.039280648992946095	9.999000099990002e-05
6429	-0.007173512432250395	0.039280648992946095	9.999000099990002e-05
6430	-0.012947106381946294	0.039280648992946095	9.999000099990002e-05
6431	0.0037135468109247977	0.039280648992946095	9.999000099990002e-05
6432	0.023396971941571365	0.039280648992946095	9.999000099990002e-05
6433	-0.03639122034767964	0.039280648992946095	9.999000099990002e-05
6434	0.0017819052585734269	0.039280648992946095	9.999000099990002e-05
6435	0.004613815750909245	0.039280648992946095	9.999000099990002e-05
6436	0.00371672222067905	0.039280648992946095	9.999000099990002e-05
6437	0.0031828675804317086	0.039280648992946095	9.999000099990002e-05
6438	-0.006080863505588757	0.039280648992946095	9.999000099990002e-05
6439	-0.011205695815322075	0.039280648992946095	9.999000099990002e-05
6440	-0.015298128229931637	0.039280648992946095	9.999000099990002e-05
6441	-0.002402516204768862	0.039280648992946095	9.999000099990002e-05
6442	-0.0005612355274113023	0.039280648992946095	9.999000099990002e-05
6443	-0.002361596820397202	0.039280648992946095	9.999000099990002e-05
6444	-0.0030491145692218558	0.039280648992946095	9.999000099990002e-05
6445	0.003374994654930033	0.039280648992946095	9.999000099990002e-05
6446	-0.0036281850420473993	0.039280648992946095	9.999000099990002e-05
6447	0.004801277374981927	0.039280648992946095	9.999000099990002e-05
6448	0.0007674238684453744	0.039280648992946095	9.999000099990002e-05
6449	0.0029398120334740846	0.039280648992946095	9.999000099990002e-05
6450	0.005803612231668101	0.039280648992946095	9.999000099990002e-05
6451	-0.021422555069344956	0.039280648992946095	9.999000099990002e-05
6452	-0.0019398205836439059	0.039280648992946095	9.999000099990002e-05
6453	-0.0016426182822411733	0.039280648992946095	9.999000099990002e-05
6454	-0.0074522167980676235	0.039280648992946095	9.999000099990002e-05
6455	0.003233541441359858	0.039280648992946095	9.999000099990002e-05
6456	-0.006664747078280464	0.039280648992946095	9.999000099990002e-05
6457	-0.00729767667803187	0.039280648992946095	9.999000099990002e-05
6458	-0.0005392470735975652	0.039280648992946095	9.999000099990002e-05
6459	-0.011241798846781642	0.039280648992946095	9.999000099990002e-05
6460	0.00846840681412897	0.039280648992946095	9.999000099990002e-05
6461	0.008196423143992049	0.039280648992946095	9.999000099990002e-05
6462	0.0029923240109826638	0.039280648992946095	9.999000099990002e-05
6463	0.0013357659901734598	0.039280648992946095	9.999000099990002e-05
6464	0.0005050050756983532	0.039280648992946095	9.999000099990002e-05
6465	-0.01203053239916925	0.039280648992946095	9.999000099990002e-05
6466	-0.008139703181703678	0.039280648992946095	9.999000099990002e-05
6467	-0.0005575669656123494	0.039280648992946095	9.999000099990002e-05
6468	-0.005740653073042459	0.039280648992946095	9.999000099990002e-05
6469	0.006345816129758	0.039280648992946095	9.999000099990002e-05
6470	0.00837163501110727	0.039280648992946095	9.999000099990002e-05
6471	0.007167576983003007	0.039280648992946095	9.999000099990002e-05
6472	-0.003925410017665443	0.039280648992946095	9.999000099990002e-05
6473	-0.007211852685322123	0.039280648992946095	9.999000099990002e-05
6474	-0.0020989433228176813	0.039280648992946095	9.999000099990002e-05
6475	0.009529820528342142	0.039280648992946095	9.999000099990002e-05
6476	0.008922960983924227	0.039280648992946095	9.999000099990002e-05
6477	-0.0017707757146685488	0.039280648992946095	9.999000099990002e-05
6478	-0.014645511730602384	0.039280648992946095	9.999000099990002e-05
6479	-0.0013513541490495495	0.039280648992946095	9.999000099990002e-05
6480	-0.012324961503236587	0.039280648992946095	9.999000099990002e-05
6481	-0.00036137275836552185	0.039280648992946095	9.999000099990002e-05
6482	0.015016797393714032	0.039280648992946095	9.999000099990002e-05
6483	-0.008706323616762046	0.039280648992946095	9.999000099990002e-05
6484	-0.006836567232366961	0.039280648992946095	9.999000099990002e-05
6485	0.0017980948910666789	0.039280648992946095	9.999000099990002e-05
6486	-0.01699796885156135	0.039280648992946095	9.999000099990002e-05
6487	-0.007759175178273334	0.039280648992946095	9.999000099990002e-05
6488	0.006720073231792023	0.039280648992946095	9.999000099990002e-05
6489	-0.008582227199414774	0.039280648992946095	9.999000099990002e-05
6490	-0.01875614037293044	0.039280648992946095	9.999000099990002e-05
6491	0.0014643141765297296	0.039280648992946095	9.999000099990002e-05
6492	0.002261154998988865	0.039280648992946095	9.999000099990002e-05
6493	0.0001559460184905881	0.039280648992946095	9.999000099990002e-05
6494	-0.027602061704735587	0.039280648992946095	9.999000099990002e-05
6495	-0.014198601296117372	0.039280648992946095	9.999000099990002e-05
6496	-0.010138562275395085	0.039280648992946095	9.999000099990002e-05
6497	-0.015547122139312114	0.039280648992946095	9.999000099990002e-05
6498	-0.013916469385213806	0.039280648992946095	9.999000099990002e-05
6499	0.0013320187726383048	0.039280648992946095	9.999000099990002e-05
6500	-0.005423638702624883	0.039280648992946095	9.999000099990002e-05
6501	-0.003072834808713426	0.039280648992946095	9.999000099990002e-05
6502	0.013644308302694141	0.039280648992946095	9.999000099990002e-05
6503	-0.0039728174806605565	0.039280648992946095	9.999000099990002e-05
6504	-0.01634848624923667	0.039280648992946095	9.999000099990002e-05
6505	-0.002459769520922611	0.039280648992946095	9.999000099990002e-05
6506	0.004131438668133883	0.039280648992946095	9.999000099990002e-05
6507	-0.02280565637286909	0.039280648992946095	9.999000099990002e-05
6508	-0.004515166260674414	0.039280648992946095	9.999000099990002e-05
6509	-0.024008486254771727	0.039280648992946095	9.999000099990002e-05
6510	-0.0040147592924967	0.039280648992946095	9.999000099990002e-05
6511	0.0025419053364523075	0.039280648992946095	9.999000099990002e-05
6512	0.014032026896999034	0.039280648992946095	9.999000099990002e-05
6513	-0.011414639534768595	0.039280648992946095	9.999000099990002e-05
6514	0.005151541418646793	0.039280648992946095	9.999000099990002e-05
6515	-0.00122146386278002	0.039280648992946095	9.999000099990002e-05
6516	0.0026441664359067724	0.039280648992946095	9.999000099990002e-05
6517	-0.008737794505101523	0.039280648992946095	9.999000099990002e-05
6518	0.0054270629461124625	0.039280648992946095	9.999000099990002e-05
6519	-0.014105853462295148	0.039280648992946095	9.999000099990002e-05
6520	-0.0006203029264482962	0.039280648992946095	9.999000099990002e-05
6521	-0.015245688256408735	0.039280648992946095	9.999000099990002e-05
6522	-0.0019715671554834113	0.039280648992946095	9.999000099990002e-05
6523	-0.025957905217322857	0.039280648992946095	9.999000099990002e-05
6524	-0.007813238518795756	0.039280648992946095	9.999000099990002e-05
6525	-0.004068092688366193	0.039280648992946095	9.999000099990002e-05
6526	-0.0031332167781560616	0.039280648992946095	9.999000099990002e-05
6527	-0.021021834487637808	0.039280648992946095	9.999000099990002e-05
6528	0.0041798775894372475	0.039280648992946095	9.999000099990002e-05
6529	-0.012805024505121776	0.039280648992946095	9.999000099990002e-05
6530	-0.0027111562154823465	0.039280648992946095	9.999000099990002e-05
6531	0.0007807006168420727	0.039280648992946095	9.999000099990002e-05
6532	-0.011511434060558517	0.039280648992946095	9.999000099990002e-05
6533	0.013410850503455696	0.039280648992946095	9.999000099990002e-05
6534	0.011823120038932072	0.039280648992946095	9.999000099990002e-05
6535	0.0025403901939194534	0.039280648992946095	9.999000099990002e-05
6536	-0.015508231975828068	0.039280648992946095	9.999000099990002e-05
6537	-0.005176237766113756	0.039280648992946095	9.999000099990002e-05
6538	-0.030243586424623922	0.039280648992946095	9.999000099990002e-05
6539	0.016145131942351287	0.039280648992946095	9.999000099990002e-05
6540	-0.005026814395928225	0.039280648992946095	9.999000099990002e-05
6541	-0.0018094946319912042	0.039280648992946095	9.999000099990002e-05
6542	-0.0014757747542674532	0.039280648992946095	9.999000099990002e-05
6543	-0.0002576615772958285	0.039280648992946095	9.999000099990002e-05
6544	-0.0017971049940609801	0.039280648992946095	9.999000099990002e-05
6545	-0.0031704754663023776	0.039280648992946095	9.999000099990002e-05
6546	0.0036028523599641316	0.039280648992946095	9.999000099990002e-05
6547	0.007104840925061182	0.039280648992946095	9.999000099990002e-05
6548	-0.0015487668404662314	0.039280648992946095	9.999000099990002e-05
6549	-0.004806365867030579	0.039280648992946095	9.999000099990002e-05
6550	-0.008873260706219452	0.039280648992946095	9.999000099990002e-05
6551	-0.01762791220374868	0.039280648992946095	9.999000099990002e-05
6552	-0.0032076368058369525	0.039280648992946095	9.999000099990002e-05
6553	0.006288076216204266	0.039280648992946095	9.999000099990002e-05
6554	-0.013915085723997953	0.039280648992946095	9.999000099990002e-05
6555	0.00913320456224051	0.039280648992946095	9.999000099990002e-05
6556	0.004988883298343433	0.039280648992946095	9.999000099990002e-05
6557	0.0001536918519080971	0.039280648992946095	9.999000099990002e-05
6558	-0.0042798756856771425	0.039280648992946095	9.999000099990002e-05
6559	-0.012773771085326957	0.039280648992946095	9.999000099990002e-05
6560	-0.005038335470608751	0.039280648992946095	9.999000099990002e-05
6561	-0.01294910496593911	0.039280648992946095	9.999000099990002e-05
6562	0.0026511114460939095	0.039280648992946095	9.999000099990002e-05
6563	-0.005169352864446003	0.039280648992946095	9.999000099990002e-05
6564	0.0075585195399857225	0.039280648992946095	9.999000099990002e-05
6565	0.000576514695481839	0.039280648992946095	9.999000099990002e-05
6566	-0.0017400744387205541	0.039280648992946095	9.999000099990002e-05
6567	-0.0032342372047545753	0.039280648992946095	9.999000099990002e-05
6568	-0.009894474104858997	0.039280648992946095	9.999000099990002e-05
6569	-0.0174406635327988	0.039280648992946095	9.999000099990002e-05
6570	-0.007188765527400956	0.039280648992946095	9.999000099990002e-05
6571	-0.020457616062814196	0.039280648992946095	9.999000099990002e-05
6572	0.006432406578919192	0.039280648992946095	9.999000099990002e-05
6573	-0.023231606267485216	0.039280648992946095	9.999000099990002e-05
6574	0.019559659552920522	0.039280648992946095	9.999000099990002e-05
6575	-0.007086394941103857	0.039280648992946095	9.999000099990002e-05
6576	0.004315105444253398	0.039280648992946095	9.999000099990002e-05
6577	0.006520546934506544	0.039280648992946095	9.999000099990002e-05
6578	0.005275683427189287	0.039280648992946095	9.999000099990002e-05
6579	-0.028295295783463598	0.039280648992946095	9.999000099990002e-05
6580	-0.011566134561096938	0.039280648992946095	9.999000099990002e-05
6581	-0.0009247997219820753	0.039280648992946095	9.999000099990002e-05
6582	0.006315737642160604	0.039280648992946095	9.999000099990002e-05
6583	-0.0065347398280180685	0.039280648992946095	9.999000099990002e-05
6584	-4.439553093446569e-05	0.039280648992946095	9.999000099990002e-05
6585	-0.015576817981318894	0.039280648992946095	9.999000099990002e-05
6586	-0.017165385789562393	0.039280648992946095	9.999000099990002e-05
6587	0.003474306844018657	0.039280648992946095	9.999000099990002e-05
6588	0.00616792919076585	0.039280648992946095	9.999000099990002e-05
6589	-0.005983052670002695	0.039280648992946095	9.999000099990002e-05
6590	-0.02331337041038499	0.039280648992946095	9.999000099990002e-05
6591	0.0020507683837597546	0.039280648992946095	9.999000099990002e-05
6592	0.0003640605025554827	0.039280648992946095	9.999000099990002e-05
6593	0.0010648050873714593	0.039280648992946095	9.999000099990002e-05
6594	-0.01015460984203398	0.039280648992946095	9.999000099990002e-05
6595	-0.024301087632584248	0.039280648992946095	9.999000099990002e-05
6596	0.007832590791624391	0.039280648992946095	9.999000099990002e-05
6597	0.012791888123227096	0.039280648992946095	9.999000099990002e-05
6598	-0.004746766133739588	0.039280648992946095	9.999000099990002e-05
6599	0.007173227329483223	0.039280648992946095	9.999000099990002e-05
6600	0.00041459909503856196	0.039280648992946095	9.999000099990002e-05
6601	-0.0014099653933696416	0.039280648992946095	9.999000099990002e-05
6602	-0.01748825811876134	0.039280648992946095	9.999000099990002e-05
6603	0.011686490072789157	0.039280648992946095	9.999000099990002e-05
6604	0.008280580460494485	0.039280648992946095	9.999000099990002e-05
6605	-0.012039529595776852	0.039280648992946095	9.999000099990002e-05
6606	0.00017656275510768982	0.039280648992946095	9.999000099990002e-05
6607	0.00432405185450295	0.039280648992946095	9.999000099990002e-05
6608	-0.000631748404226834	0.039280648992946095	9.999000099990002e-05
6609	-0.026344162465734206	0.039280648992946095	9.999000099990002e-05
6610	0.0001352568894644468	0.039280648992946095	9.999000099990002e-05
6611	-0.007780909797402688	0.039280648992946095	9.999000099990002e-05
6612	-0.006236933334034439	0.039280648992946095	9.999000099990002e-05
6613	0.003899209257861719	0.039280648992946095	9.999000099990002e-05
6614	-0.006138517917444131	0.039280648992946095	9.999000099990002e-05
6615	-0.005294137519484821	0.039280648992946095	9.999000099990002e-05
6616	0.0021533117699118476	0.039280648992946095	9.999000099990002e-05
6617	0.0033700431792316604	0.039280648992946095	9.999000099990002e-05
6618	-0.007947159328909464	0.039280648992946095	9.999000099990002e-05
6619	-0.007450969133590696	0.039280648992946095	9.999000099990002e-05
6620	0.0036909295967508388	0.039280648992946095	9.999000099990002e-05
6621	-0.035267789450111	0.039280648992946095	9.999000099990002e-05
6622	0.0006099852359784663	0.039280648992946095	9.999000099990002e-05
6623	-0.00317568927344683	0.039280648992946095	9.999000099990002e-05
6624	-0.0002723956416934292	0.039280648992946095	9.999000099990002e-05
6625	-0.007428282925712362	0.039280648992946095	9.999000099990002e-05
6626	-0.013106671583912544	0.039280648992946095	9.999000099990002e-05
6627	-0.003435167215613294	0.039280648992946095	9.999000099990002e-05
6628	-0.015349251108296949	0.039280648992946095	9.999000099990002e-05
6629	0.006199153575912358	0.039280648992946095	9.999000099990002e-05
6630	-0.0017271705282239092	0.039280648992946095	9.999000099990002e-05
6631	0.004895008356953487	0.039280648992946095	9.999000099990002e-05
6632	-0.012730850786422152	0.039280648992946095	9.999000099990002e-05
6633	-0.0024273681158029498	0.039280648992946095	9.999000099990002e-05
6634	-0.005208234725380095	0.039280648992946095	9.999000099990002e-05
6635	-0.0009711591701219574	0.039280648992946095	9.999000099990002e-05
6636	-0.024722025360347538	0.039280648992946095	9.999000099990002e-05
6637	-0.012564375435267866	0.039280648992946095	9.999000099990002e-05
6638	-0.010785014204230642	0.039280648992946095	9.999000099990002e-05
6639	-0.007119385001868886	0.039280648992946095	9.999000099990002e-05
6640	0.015516901197436955	0.039280648992946095	9.999000099990002e-05
6641	-2.1564829555620335e-05	0.039280648992946095	9.999000099990002e-05
6642	-0.004319075374048936	0.039280648992946095	9.999000099990002e-05
6643	-0.007643727735965847	0.039280648992946095	9.999000099990002e-05
6644	-0.004306972101261922	0.039280648992946095	9.999000099990002e-05
6645	0.004409353320649262	0.039280648992946095	9.999000099990002e-05
6646	-0.024971384727583687	0.039280648992946095	9.999000099990002e-05
6647	-0.0012075779694041833	0.039280648992946095	9.999000099990002e-05
6648	-0.023211247298339316	0.039280648992946095	9.999000099990002e-05
6649	-0.003989515413710662	0.039280648992946095	9.999000099990002e-05
6650	-0.019130695881232673	0.039280648992946095	9.999000099990002e-05
6651	0.00014237537924748078	0.039280648992946095	9.999000099990002e-05
6652	0.002765080985960927	0.039280648992946095	9.999000099990002e-05
6653	-0.004436958085343806	0.039280648992946095	9.999000099990002e-05
6654	0.010027986633438402	0.039280648992946095	9.999000099990002e-05
6655	-0.0003817104613308836	0.039280648992946095	9.999000099990002e-05
6656	-0.0013569339481318138	0.039280648992946095	9.999000099990002e-05
6657	-0.005800285142580575	0.039280648992946095	9.999000099990002e-05
6658	-0.0036793830803383692	0.039280648992946095	9.999000099990002e-05
6659	-0.041855170503520195	0.039280648992946095	9.999000099990002e-05
6660	-0.03780450894590287	0.039280648992946095	9.999000099990002e-05
6661	0.0056143827470954005	0.039280648992946095	9.999000099990002e-05
6662	-0.005686802248666495	0.039280648992946095	9.999000099990002e-05
6663	-0.008427813948168314	0.039280648992946095	9.999000099990002e-05
6664	-0.0014268175790579096	0.039280648992946095	9.999000099990002e-05
6665	0.001206669981180547	0.039280648992946095	9.999000099990002e-05
6666	-0.00986511254973102	0.039280648992946095	9.999000099990002e-05
6667	0.0012521479024401455	0.039280648992946095	9.999000099990002e-05
6668	-0.022688518851845113	0.039280648992946095	9.999000099990002e-05
6669	0.007939988693286493	0.039280648992946095	9.999000099990002e-05
6670	-0.01056805046431622	0.039280648992946095	9.999000099990002e-05
6671	-0.000430060724995851	0.039280648992946095	9.999000099990002e-05
6672	-0.0026800245664198447	0.039280648992946095	9.999000099990002e-05
6673	-0.00212571545342595	0.039280648992946095	9.999000099990002e-05
6674	-0.012986528005731718	0.039280648992946095	9.999000099990002e-05
6675	-0.025559479489548162	0.039280648992946095	9.999000099990002e-05
6676	0.003501586109913579	0.039280648992946095	9.999000099990002e-05
6677	-0.005541260393402678	0.039280648992946095	9.999000099990002e-05
6678	-0.03031606778261968	0.039280648992946095	9.999000099990002e-05
6679	0.008660290638480214	0.039280648992946095	9.999000099990002e-05
6680	-0.007138111281853959	0.039280648992946095	9.999000099990002e-05
6681	0.0016597019682690062	0.039280648992946095	9.999000099990002e-05
6682	-0.01101680542436756	0.039280648992946095	9.999000099990002e-05
6683	-0.005367379750345819	0.039280648992946095	9.999000099990002e-05
6684	-0.00743027743125961	0.039280648992946095	9.999000099990002e-05
6685	-0.0002526868447470382	0.039280648992946095	9.999000099990002e-05
6686	0.0008521236667628218	0.039280648992946095	9.999000099990002e-05
6687	0.0038743923049326112	0.039280648992946095	9.999000099990002e-05
6688	0.003959414300450881	0.039280648992946095	9.999000099990002e-05
6689	-0.0018267082941954282	0.039280648992946095	9.999000099990002e-05
6690	-0.0053705461778092295	0.039280648992946095	9.999000099990002e-05
6691	-0.0012475619817033101	0.039280648992946095	9.999000099990002e-05
6692	-0.009069216615717399	0.039280648992946095	9.999000099990002e-05
6693	0.013655689496401863	0.039280648992946095	9.999000099990002e-05
6694	-0.009286401659857418	0.039280648992946095	9.999000099990002e-05
6695	-0.004047071651554532	0.039280648992946095	9.999000099990002e-05
6696	0.005594247558374232	0.039280648992946095	9.999000099990002e-05
6697	-0.013684494489366955	0.039280648992946095	9.999000099990002e-05
6698	0.0005926927238263657	0.039280648992946095	9.999000099990002e-05
6699	-0.01341361840852244	0.039280648992946095	9.999000099990002e-05
6700	0.0011827042095545054	0.039280648992946095	9.999000099990002e-05
6701	0.012782729925124942	0.039280648992946095	9.999000099990002e-05
6702	-0.004328353400766455	0.039280648992946095	9.999000099990002e-05
6703	0.0075460891175997274	0.039280648992946095	9.999000099990002e-05
6704	0.018065930461599822	0.039280648992946095	9.999000099990002e-05
6705	-0.02771677594934427	0.039280648992946095	9.999000099990002e-05
6706	-0.024738122693733072	0.039280648992946095	9.999000099990002e-05
6707	-0.00013316003435430435	0.039280648992946095	9.999000099990002e-05
6708	-0.024170392144630265	0.039280648992946095	9.999000099990002e-05
6709	0.001197642633207402	0.039280648992946095	9.999000099990002e-05
6710	-0.005579094822116673	0.039280648992946095	9.999000099990002e-05
6711	0.005988654851982744	0.039280648992946095	9.999000099990002e-05
6712	-0.002921917804940194	0.039280648992946095	9.999000099990002e-05
6713	-0.0034149228313670454	0.039280648992946095	9.999000099990002e-05
6714	-0.004814027469816698	0.039280648992946095	9.999000099990002e-05
6715	0.005454280792559094	0.039280648992946095	9.999000099990002e-05
6716	0.005730504346746601	0.039280648992946095	9.999000099990002e-05
6717	-0.0037914993551127762	0.039280648992946095	9.999000099990002e-05
6718	-0.00386516370509124	0.039280648992946095	9.999000099990002e-05
6719	-0.0020539878795686056	0.039280648992946095	9.999000099990002e-05
6720	0.0013097369620603538	0.039280648992946095	9.999000099990002e-05
6721	-0.001386663388761672	0.039280648992946095	9.999000099990002e-05
6722	0.007139552623942974	0.039280648992946095	9.999000099990002e-05
6723	0.00013489750072419315	0.039280648992946095	9.999000099990002e-05
6724	-1.2054914075118606e-05	0.039280648992946095	9.999000099990002e-05
6725	-0.008699144775694972	0.039280648992946095	9.999000099990002e-05
6726	-0.006980239702967572	0.039280648992946095	9.999000099990002e-05
6727	-0.005092940273334803	0.039280648992946095	9.999000099990002e-05
6728	0.009908140247702743	0.039280648992946095	9.999000099990002e-05
6729	-0.002670415991398681	0.039280648992946095	9.999000099990002e-05
6730	-0.0022114731713950564	0.039280648992946095	9.999000099990002e-05
6731	-0.020683124874511932	0.039280648992946095	9.999000099990002e-05
6732	0.0023366406176833082	0.039280648992946095	9.999000099990002e-05
6733	0.004348180181317107	0.039280648992946095	9.999000099990002e-05
6734	-0.0013216843799627176	0.039280648992946095	9.999000099990002e-05
6735	-0.010543598046737254	0.039280648992946095	9.999000099990002e-05
6736	0.00803632483092502	0.039280648992946095	9.999000099990002e-05
6737	-0.03014482934111047	0.039280648992946095	9.999000099990002e-05
6738	-0.016907664540723497	0.039280648992946095	9.999000099990002e-05
6739	0.0071215721168639	0.039280648992946095	9.999000099990002e-05
6740	0.005938202683703625	0.039280648992946095	9.999000099990002e-05
6741	-0.00023542055117367622	0.039280648992946095	9.999000099990002e-05
6742	-0.0010673088159810912	0.039280648992946095	9.999000099990002e-05
6743	-0.005621200160199374	0.039280648992946095	9.999000099990002e-05
6744	-0.0010531404902488772	0.039280648992946095	9.999000099990002e-05
6745	0.0074837506109960705	0.039280648992946095	9.999000099990002e-05
6746	-0.003392747011821212	0.039280648992946095	9.999000099990002e-05
6747	0.005665746982043737	0.039280648992946095	9.999000099990002e-05
6748	-0.01197398965505192	0.039280648992946095	9.999000099990002e-05
6749	0.004633998181625049	0.039280648992946095	9.999000099990002e-05
6750	-0.0018624020245093104	0.039280648992946095	9.999000099990002e-05
6751	0.009616906265876662	0.039280648992946095	9.999000099990002e-05
6752	0.0048052075399330485	0.039280648992946095	9.999000099990002e-05
6753	-0.012012772079598569	0.039280648992946095	9.999000099990002e-05
6754	-0.0011398052739360481	0.039280648992946095	9.999000099990002e-05
6755	-0.02853909025736502	0.039280648992946095	9.999000099990002e-05
6756	0.0005828967830731335	0.039280648992946095	9.999000099990002e-05
6757	0.010628291824492209	0.039280648992946095	9.999000099990002e-05
6758	-0.005758495495606891	0.039280648992946095	9.999000099990002e-05
6759	-0.00026812463521883045	0.039280648992946095	9.999000099990002e-05
6760	-0.0004047661569575728	0.039280648992946095	9.999000099990002e-05
6761	-0.012033989270221437	0.039280648992946095	9.999000099990002e-05
6762	-0.011927169973749513	0.039280648992946095	9.999000099990002e-05
6763	0.009167399609462626	0.039280648992946095	9.999000099990002e-05
6764	-0.008201643214463594	0.039280648992946095	9.999000099990002e-05
6765	-0.014434087587949548	0.039280648992946095	9.999000099990002e-05
6766	-0.0032004459236448513	0.039280648992946095	9.999000099990002e-05
6767	-0.0033242926333062056	0.039280648992946095	9.999000099990002e-05
6768	0.0004948329954462816	0.039280648992946095	9.999000099990002e-05
6769	0.008857166625879792	0.039280648992946095	9.999000099990002e-05
6770	-0.005623929028715599	0.039280648992946095	9.999000099990002e-05
6771	0.004482285007011116	0.039280648992946095	9.999000099990002e-05
6772	-0.0024759637659436118	0.039280648992946095	9.999000099990002e-05
6773	-0.021966866018658937	0.039280648992946095	9.999000099990002e-05
6774	0.017050518360479827	0.039280648992946095	9.999000099990002e-05
6775	-0.004403496672796825	0.039280648992946095	9.999000099990002e-05
6776	-0.01070126997600189	0.039280648992946095	9.999000099990002e-05
6777	-0.007768268024140365	0.039280648992946095	9.999000099990002e-05
6778	0.00014428467441388038	0.039280648992946095	9.999000099990002e-05
6779	0.01218620987143959	0.039280648992946095	9.999000099990002e-05
6780	-0.009653123299600747	0.039280648992946095	9.999000099990002e-05
6781	0.017442426683665246	0.039280648992946095	9.999000099990002e-05
6782	0.0009961279965960135	0.039280648992946095	9.999000099990002e-05
6783	0.0058055039506761386	0.039280648992946095	9.999000099990002e-05
6784	-0.0023860531222100745	0.039280648992946095	9.999000099990002e-05
6785	-0.003655606131032066	0.039280648992946095	9.999000099990002e-05
6786	0.00343683617380805	0.039280648992946095	9.999000099990002e-05
6787	-0.024404939083050164	0.039280648992946095	9.999000099990002e-05
6788	-0.007819521121446682	0.039280648992946095	9.999000099990002e-05
6789	-0.010934373387451207	0.039280648992946095	9.999000099990002e-05
6790	-0.002490683070252464	0.039280648992946095	9.999000099990002e-05
6791	-0.006426241085919909	0.039280648992946095	9.999000099990002e-05
6792	-0.036120072321910196	0.039280648992946095	9.999000099990002e-05
6793	-0.025188850456174874	0.039280648992946095	9.999000099990002e-05
6794	-0.019218074150131687	0.039280648992946095	9.999000099990002e-05
6795	-0.0072521929789743644	0.039280648992946095	9.999000099990002e-05
6796	-0.017094499152341208	0.039280648992946095	9.999000099990002e-05
6797	-0.004624380769971778	0.039280648992946095	9.999000099990002e-05
6798	-0.02896110479186717	0.039280648992946095	9.999000099990002e-05
6799	-0.005837215515857738	0.039280648992946095	9.999000099990002e-05
6800	-0.0006145196420633825	0.039280648992946095	9.999000099990002e-05
6801	6.935624907031257e-05	0.039280648992946095	9.999000099990002e-05
6802	-0.0025063387662452447	0.039280648992946095	9.999000099990002e-05
6803	-0.028302058671634447	0.039280648992946095	9.999000099990002e-05
6804	0.001239840755927063	0.039280648992946095	9.999000099990002e-05
6805	-0.012823587210307338	0.039280648992946095	9.999000099990002e-05
6806	-0.005045065245685737	0.039280648992946095	9.999000099990002e-05
6807	0.005923813345063339	0.039280648992946095	9.999000099990002e-05
6808	0.008169885135581187	0.039280648992946095	9.999000099990002e-05
6809	-0.0006806148825751618	0.039280648992946095	9.999000099990002e-05
6810	-0.01570579187970901	0.039280648992946095	9.999000099990002e-05
6811	-0.0032998841075701363	0.039280648992946095	9.999000099990002e-05
6812	-0.010055372909976892	0.039280648992946095	9.999000099990002e-05
6813	-0.03382596770674165	0.039280648992946095	9.999000099990002e-05
6814	-0.0172939343157891	0.039280648992946095	9.999000099990002e-05
6815	-0.013974697207096473	0.039280648992946095	9.999000099990002e-05
6816	0.0014433651437037315	0.039280648992946095	9.999000099990002e-05
6817	-0.005178426483355286	0.039280648992946095	9.999000099990002e-05
6818	-0.0008416309915564024	0.039280648992946095	9.999000099990002e-05
6819	-0.008394214014130388	0.039280648992946095	9.999000099990002e-05
6820	0.002023363074475218	0.039280648992946095	9.999000099990002e-05
6821	-0.015686494083260644	0.039280648992946095	9.999000099990002e-05
6822	-0.0021504145684095866	0.039280648992946095	9.999000099990002e-05
6823	-0.0144758515989796	0.039280648992946095	9.999000099990002e-05
6824	0.001403423955083194	0.039280648992946095	9.999000099990002e-05
6825	-0.006480459261715615	0.039280648992946095	9.999000099990002e-05
6826	0.0032002127725059004	0.039280648992946095	9.999000099990002e-05
6827	0.0014375958911136688	0.039280648992946095	9.999000099990002e-05
6828	-0.0249088961438933	0.039280648992946095	9.999000099990002e-05
6829	-0.005080020631690926	0.039280648992946095	9.999000099990002e-05
6830	-0.004830792891430541	0.039280648992946095	9.999000099990002e-05
6831	-0.011718299569217577	0.039280648992946095	9.999000099990002e-05
6832	-0.006172260548524419	0.039280648992946095	9.999000099990002e-05
6833	0.0028902734855577317	0.039280648992946095	9.999000099990002e-05
6834	-0.004184569501206242	0.039280648992946095	9.999000099990002e-05
6835	0.015183820955928323	0.039280648992946095	9.999000099990002e-05
6836	-0.00048521922526226224	0.039280648992946095	9.999000099990002e-05
6837	-0.003657625544229104	0.039280648992946095	9.999000099990002e-05
6838	-0.010597010972295554	0.039280648992946095	9.999000099990002e-05
6839	0.00013383909554331996	0.039280648992946095	9.999000099990002e-05
6840	-0.031914621082230005	0.039280648992946095	9.999000099990002e-05
6841	-0.008542982793800363	0.039280648992946095	9.999000099990002e-05
6842	0.006967842248016692	0.039280648992946095	9.999000099990002e-05
6843	-0.002323087457492698	0.039280648992946095	9.999000099990002e-05
6844	-0.0034855595666905825	0.039280648992946095	9.999000099990002e-05
6845	-0.0025726301605682594	0.039280648992946095	9.999000099990002e-05
6846	-0.012312645811408937	0.039280648992946095	9.999000099990002e-05
6847	0.0060696951193450754	0.039280648992946095	9.999000099990002e-05
6848	0.007554048446913125	0.039280648992946095	9.999000099990002e-05
6849	-0.04068656038227776	0.039280648992946095	9.999000099990002e-05
6850	-0.0013919026861909656	0.039280648992946095	9.999000099990002e-05
6851	0.003140385520215047	0.039280648992946095	9.999000099990002e-05
6852	-0.012953917386064412	0.039280648992946095	9.999000099990002e-05
6853	-0.003937420797133065	0.039280648992946095	9.999000099990002e-05
6854	-0.003359958008712721	0.039280648992946095	9.999000099990002e-05
6855	-0.0013879697051702722	0.039280648992946095	9.999000099990002e-05
6856	-0.03252545380948932	0.039280648992946095	9.999000099990002e-05
6857	0.016708658730778703	0.039280648992946095	9.999000099990002e-05
6858	0.012170275336006758	0.039280648992946095	9.999000099990002e-05
6859	0.009415239658614488	0.039280648992946095	9.999000099990002e-05
6860	-0.00655205268384515	0.039280648992946095	9.999000099990002e-05
6861	-0.0015580623947891448	0.039280648992946095	9.999000099990002e-05
6862	0.0021722379908361428	0.039280648992946095	9.999000099990002e-05
6863	0.009642997830155292	0.039280648992946095	9.999000099990002e-05
6864	-0.005163866966717917	0.039280648992946095	9.999000099990002e-05
6865	0.008270821662727787	0.039280648992946095	9.999000099990002e-05
6866	-0.0384043486115255	0.039280648992946095	9.999000099990002e-05
6867	0.004944411005236751	0.039280648992946095	9.999000099990002e-05
6868	-0.0009546993891619698	0.039280648992946095	9.999000099990002e-05
6869	-0.02662008882747656	0.039280648992946095	9.999000099990002e-05
6870	-0.02935488317945674	0.039280648992946095	9.999000099990002e-05
6871	-0.007371062965417091	0.039280648992946095	9.999000099990002e-05
6872	0.0003761482869598931	0.039280648992946095	9.999000099990002e-05
6873	-0.00011597924247933045	0.039280648992946095	9.999000099990002e-05
6874	-0.030889703483945596	0.039280648992946095	9.999000099990002e-05
6875	-0.033869751082415814	0.039280648992946095	9.999000099990002e-05
6876	-0.00041006148446068313	0.039280648992946095	9.999000099990002e-05
6877	0.004191684203861262	0.039280648992946095	9.999000099990002e-05
6878	0.001082206212413589	0.039280648992946095	9.999000099990002e-05
6879	0.0021397291380965966	0.039280648992946095	9.999000099990002e-05
6880	-0.007247810446434369	0.039280648992946095	9.999000099990002e-05
6881	0.005376140154345205	0.039280648992946095	9.999000099990002e-05
6882	-0.003565346683095605	0.039280648992946095	9.999000099990002e-05
6883	0.01859933909469122	0.039280648992946095	9.999000099990002e-05
6884	-0.007906981541892358	0.039280648992946095	9.999000099990002e-05
6885	0.0005870876772238187	0.039280648992946095	9.999000099990002e-05
6886	0.0019290919412289637	0.039280648992946095	9.999000099990002e-05
6887	-0.05627888708988978	0.039280648992946095	9.999000099990002e-05
6888	0.009602883744573923	0.039280648992946095	9.999000099990002e-05
6889	0.002431567798032816	0.039280648992946095	9.999000099990002e-05
6890	-0.028374733852901082	0.039280648992946095	9.999000099990002e-05
6891	-0.00966394715429883	0.039280648992946095	9.999000099990002e-05
6892	-0.00044936570727691083	0.039280648992946095	9.999000099990002e-05
6893	0.004277839230403924	0.039280648992946095	9.999000099990002e-05
6894	0.00033015716129818073	0.039280648992946095	9.999000099990002e-05
6895	0.0012870751763025962	0.039280648992946095	9.999000099990002e-05
6896	-0.0023038726379907004	0.039280648992946095	9.999000099990002e-05
6897	0.006259804868422064	0.039280648992946095	9.999000099990002e-05
6898	-0.0033476568342092616	0.039280648992946095	9.999000099990002e-05
6899	0.010782468428789188	0.039280648992946095	9.999000099990002e-05
6900	-0.005052880324263237	0.039280648992946095	9.999000099990002e-05
6901	0.0007728351888828533	0.039280648992946095	9.999000099990002e-05
6902	0.00532233278483582	0.039280648992946095	9.999000099990002e-05
6903	-0.017648734804761715	0.039280648992946095	9.999000099990002e-05
6904	0.006759554769885101	0.039280648992946095	9.999000099990002e-05
6905	0.013754982118662273	0.039280648992946095	9.999000099990002e-05
6906	-0.0021881788381490352	0.039280648992946095	9.999000099990002e-05
6907	0.014746185829197095	0.039280648992946095	9.999000099990002e-05
6908	0.008708020153017373	0.039280648992946095	9.999000099990002e-05
6909	-0.007150580643684651	0.039280648992946095	9.999000099990002e-05
6910	-0.003466921701579334	0.039280648992946095	9.999000099990002e-05
6911	-0.0026716127238587684	0.039280648992946095	9.999000099990002e-05
6912	-0.0006950458310709395	0.039280648992946095	9.999000099990002e-05
6913	-0.0006653707211625309	0.039280648992946095	9.999000099990002e-05
6914	-0.0014204911816699112	0.039280648992946095	9.999000099990002e-05
6915	-0.002440249789060614	0.039280648992946095	9.999000099990002e-05
6916	-0.0028129455747314125	0.039280648992946095	9.999000099990002e-05
6917	-0.005121013767953458	0.039280648992946095	9.999000099990002e-05
6918	-0.003848483299646571	0.039280648992946095	9.999000099990002e-05
6919	-0.02382702450967604	0.039280648992946095	9.999000099990002e-05
6920	-0.010771009453297925	0.039280648992946095	9.999000099990002e-05
6921	-0.005976580079761873	0.039280648992946095	9.999000099990002e-05
6922	-0.013031056960100179	0.039280648992946095	9.999000099990002e-05
6923	-0.0036934612918444187	0.039280648992946095	9.999000099990002e-05
6924	0.011387783796025952	0.039280648992946095	9.999000099990002e-05
6925	-0.00952016451711464	0.039280648992946095	9.999000099990002e-05
6926	-0.023733415201330932	0.039280648992946095	9.999000099990002e-05
6927	-0.009896091014319652	0.039280648992946095	9.999000099990002e-05
6928	0.0022598128990755917	0.039280648992946095	9.999000099990002e-05
6929	0.003137186125316521	0.039280648992946095	9.999000099990002e-05
6930	0.0095855395235582	0.039280648992946095	9.999000099990002e-05
6931	-0.01764060486047489	0.039280648992946095	9.999000099990002e-05
6932	-0.003814701632015721	0.039280648992946095	9.999000099990002e-05
6933	0.010348465594823025	0.039280648992946095	9.999000099990002e-05
6934	-0.0053359667856441445	0.039280648992946095	9.999000099990002e-05
6935	-0.006963321096879874	0.039280648992946095	9.999000099990002e-05
6936	-0.0019132610662879468	0.039280648992946095	9.999000099990002e-05
6937	-0.008318442855692429	0.039280648992946095	9.999000099990002e-05
6938	0.00227883098213133	0.039280648992946095	9.999000099990002e-05
6939	-0.0078681568277493	0.039280648992946095	9.999000099990002e-05
6940	-0.005211018847123355	0.039280648992946095	9.999000099990002e-05
6941	-0.021657899732299077	0.039280648992946095	9.999000099990002e-05
6942	-0.0021906665928467933	0.039280648992946095	9.999000099990002e-05
6943	0.003123870291816336	0.039280648992946095	9.999000099990002e-05
6944	0.003217734891433552	0.039280648992946095	9.999000099990002e-05
6945	-0.00017999403876914344	0.039280648992946095	9.999000099990002e-05
6946	-0.027783053943060354	0.039280648992946095	9.999000099990002e-05
6947	0.004376334468000606	0.039280648992946095	9.999000099990002e-05
6948	-0.0026574935336852318	0.039280648992946095	9.999000099990002e-05
6949	-0.0029884047704393374	0.039280648992946095	9.999000099990002e-05
6950	-0.008508322512464625	0.039280648992946095	9.999000099990002e-05
6951	0.001590177143448085	0.039280648992946095	9.999000099990002e-05
6952	0.009116923553145084	0.039280648992946095	9.999000099990002e-05
6953	-0.0006394870119497131	0.039280648992946095	9.999000099990002e-05
6954	-0.011022554721706018	0.039280648992946095	9.999000099990002e-05
6955	-0.009573422413187996	0.039280648992946095	9.999000099990002e-05
6956	-0.007671741219170997	0.039280648992946095	9.999000099990002e-05
6957	0.0014562386115172937	0.039280648992946095	9.999000099990002e-05
6958	-0.0017889093576685527	0.039280648992946095	9.999000099990002e-05
6959	0.00020001736155442207	0.039280648992946095	9.999000099990002e-05
6960	-0.004886881617159597	0.039280648992946095	9.999000099990002e-05
6961	0.005917581286005863	0.039280648992946095	9.999000099990002e-05
6962	0.0017510079744729873	0.039280648992946095	9.999000099990002e-05
6963	0.00582744914383497	0.039280648992946095	9.999000099990002e-05
6964	0.002467010606837697	0.039280648992946095	9.999000099990002e-05
6965	-0.014084559072523803	0.039280648992946095	9.999000099990002e-05
6966	-0.009302712189130369	0.039280648992946095	9.999000099990002e-05
6967	0.005668224734839258	0.039280648992946095	9.999000099990002e-05
6968	-0.007967483097185729	0.039280648992946095	9.999000099990002e-05
6969	0.006734524815280293	0.039280648992946095	9.999000099990002e-05
6970	-0.015489467970221382	0.039280648992946095	9.999000099990002e-05
6971	0.0033789344333600146	0.039280648992946095	9.999000099990002e-05
6972	-0.001489770134485896	0.039280648992946095	9.999000099990002e-05
6973	0.010932527842273457	0.039280648992946095	9.999000099990002e-05
6974	0.003631619675860606	0.039280648992946095	9.999000099990002e-05
6975	0.002457163491303052	0.039280648992946095	9.999000099990002e-05
6976	0.0024751655558801627	0.039280648992946095	9.999000099990002e-05
6977	0.003941379996732497	0.039280648992946095	9.999000099990002e-05
6978	0.0025381902609525886	0.039280648992946095	9.999000099990002e-05
6979	-0.0006562940919719873	0.039280648992946095	9.999000099990002e-05
6980	0.011184950073587052	0.039280648992946095	9.999000099990002e-05
6981	-0.010885064057887	0.039280648992946095	9.999000099990002e-05
6982	-0.006237930077002352	0.039280648992946095	9.999000099990002e-05
6983	-0.01914005474856792	0.039280648992946095	9.999000099990002e-05
6984	0.006448340094740643	0.039280648992946095	9.999000099990002e-05
6985	-0.027174262769131208	0.039280648992946095	9.999000099990002e-05
6986	0.005212465724245691	0.039280648992946095	9.999000099990002e-05
6987	-0.01798519195065744	0.039280648992946095	9.999000099990002e-05
6988	0.008503401042473047	0.039280648992946095	9.999000099990002e-05
6989	-0.016845671730935652	0.039280648992946095	9.999000099990002e-05
6990	0.0076497926273075	0.039280648992946095	9.999000099990002e-05
6991	0.012617114446247024	0.039280648992946095	9.999000099990002e-05
6992	-0.011426571124417875	0.039280648992946095	9.999000099990002e-05
6993	-0.007212088943848199	0.039280648992946095	9.999000099990002e-05
6994	0.006263056409160472	0.039280648992946095	9.999000099990002e-05
6995	-0.002527749051845163	0.039280648992946095	9.999000099990002e-05
6996	-0.030192127560027537	0.039280648992946095	9.999000099990002e-05
6997	-0.0014013443362609068	0.039280648992946095	9.999000099990002e-05
6998	-0.0007522288425913792	0.039280648992946095	9.999000099990002e-05
6999	-0.010695693624177188	0.039280648992946095	9.999000099990002e-05
7000	-0.035069005235709355	0.039280648992946095	9.999000099990002e-05
7001	-0.002372716508058592	0.039280648992946095	9.999000099990002e-05
7002	-0.0009359920933700305	0.039280648992946095	9.999000099990002e-05
7003	-0.001480776239477108	0.039280648992946095	9.999000099990002e-05
7004	-0.00011658183281373913	0.039280648992946095	9.999000099990002e-05
7005	-0.0042766118124961255	0.039280648992946095	9.999000099990002e-05
7006	0.003552112418507017	0.039280648992946095	9.999000099990002e-05
7007	0.0040722746973318735	0.039280648992946095	9.999000099990002e-05
7008	-0.002207861367963762	0.039280648992946095	9.999000099990002e-05
7009	0.005399216533517312	0.039280648992946095	9.999000099990002e-05
7010	0.0005868079152782368	0.039280648992946095	9.999000099990002e-05
7011	-0.007322182698038485	0.039280648992946095	9.999000099990002e-05
7012	-0.028802146986974766	0.039280648992946095	9.999000099990002e-05
7013	-0.0025523359610224033	0.039280648992946095	9.999000099990002e-05
7014	0.011196473867231271	0.039280648992946095	9.999000099990002e-05
7015	-0.021719485425822804	0.039280648992946095	9.999000099990002e-05
7016	0.005931505099214959	0.039280648992946095	9.999000099990002e-05
7017	0.006668087179551502	0.039280648992946095	9.999000099990002e-05
7018	0.0027991579524729165	0.039280648992946095	9.999000099990002e-05
7019	-0.0005865440786915477	0.039280648992946095	9.999000099990002e-05
7020	0.017896776154334715	0.039280648992946095	9.999000099990002e-05
7021	0.0007873732451280369	0.039280648992946095	9.999000099990002e-05
7022	-0.001881399326913738	0.039280648992946095	9.999000099990002e-05
7023	-0.023297370765481662	0.039280648992946095	9.999000099990002e-05
7024	0.00042214426791394033	0.039280648992946095	9.999000099990002e-05
7025	0.00971111447453396	0.039280648992946095	9.999000099990002e-05
7026	0.00199630292792434	0.039280648992946095	9.999000099990002e-05
7027	-0.007475210248846301	0.039280648992946095	9.999000099990002e-05
7028	0.007045284986507222	0.039280648992946095	9.999000099990002e-05
7029	0.005246981123657513	0.039280648992946095	9.999000099990002e-05
7030	-0.002416495805287161	0.039280648992946095	9.999000099990002e-05
7031	-0.000599602970120211	0.039280648992946095	9.999000099990002e-05
7032	0.00730154916210983	0.039280648992946095	9.999000099990002e-05
7033	-0.0016312580148435118	0.039280648992946095	9.999000099990002e-05
7034	-0.005346322201735629	0.039280648992946095	9.999000099990002e-05
7035	0.0041037650553937405	0.039280648992946095	9.999000099990002e-05
7036	-0.02249431215852457	0.039280648992946095	9.999000099990002e-05
7037	-0.016232297306680493	0.039280648992946095	9.999000099990002e-05
7038	-0.009926363325187954	0.039280648992946095	9.999000099990002e-05
7039	-0.00486194104848707	0.039280648992946095	9.999000099990002e-05
7040	-0.00504874177016415	0.039280648992946095	9.999000099990002e-05
7041	-0.0011914912691088908	0.039280648992946095	9.999000099990002e-05
7042	0.006106859857584274	0.039280648992946095	9.999000099990002e-05
7043	-0.019850556965880423	0.039280648992946095	9.999000099990002e-05
7044	-0.006154882486120977	0.039280648992946095	9.999000099990002e-05
7045	-0.005243930397810945	0.039280648992946095	9.999000099990002e-05
7046	0.007015180474542776	0.039280648992946095	9.999000099990002e-05
7047	0.009248442401576962	0.039280648992946095	9.999000099990002e-05
7048	0.0008493444488648638	0.039280648992946095	9.999000099990002e-05
7049	-0.011058513453876734	0.039280648992946095	9.999000099990002e-05
7050	-0.004017823758820607	0.039280648992946095	9.999000099990002e-05
7051	-0.0005454955920961152	0.039280648992946095	9.999000099990002e-05
7052	0.002729748732163001	0.039280648992946095	9.999000099990002e-05
7053	0.003880105187578378	0.039280648992946095	9.999000099990002e-05
7054	0.005847516261357308	0.039280648992946095	9.999000099990002e-05
7055	0.0006265884908275704	0.039280648992946095	9.999000099990002e-05
7056	-0.006422221874906972	0.039280648992946095	9.999000099990002e-05
7057	-0.0026915588474955704	0.039280648992946095	9.999000099990002e-05
7058	-0.0054605489264387685	0.039280648992946095	9.999000099990002e-05
7059	0.006906265828101346	0.039280648992946095	9.999000099990002e-05
7060	0.019060719611328436	0.039280648992946095	9.999000099990002e-05
7061	-0.021242642648040322	0.039280648992946095	9.999000099990002e-05
7062	-0.019333048686963616	0.039280648992946095	9.999000099990002e-05
7063	0.0052629583371101435	0.039280648992946095	9.999000099990002e-05
7064	-0.01987727015323948	0.039280648992946095	9.999000099990002e-05
7065	0.0020485081480618172	0.039280648992946095	9.999000099990002e-05
7066	-0.01930323704623413	0.039280648992946095	9.999000099990002e-05
7067	0.011428186577290833	0.039280648992946095	9.999000099990002e-05
7068	0.005914938987352361	0.039280648992946095	9.999000099990002e-05
7069	0.015142001303247887	0.039280648992946095	9.999000099990002e-05
7070	-0.004125087897178276	0.039280648992946095	9.999000099990002e-05
7071	-0.002825020298399372	0.039280648992946095	9.999000099990002e-05
7072	0.006445387494352639	0.039280648992946095	9.999000099990002e-05
7073	-0.02794025452054301	0.039280648992946095	9.999000099990002e-05
7074	-0.003026643547900762	0.039280648992946095	9.999000099990002e-05
7075	0.0063187068476484864	0.039280648992946095	9.999000099990002e-05
7076	-0.008363637616301767	0.039280648992946095	9.999000099990002e-05
7077	-0.0034590618086533798	0.039280648992946095	9.999000099990002e-05
7078	0.009759269603999116	0.039280648992946095	9.999000099990002e-05
7079	0.012050744787038908	0.039280648992946095	9.999000099990002e-05
7080	-0.028978135652314177	0.039280648992946095	9.999000099990002e-05
7081	-0.0016738823351262477	0.039280648992946095	9.999000099990002e-05
7082	-0.005019437410380093	0.039280648992946095	9.999000099990002e-05
7083	-0.010497379984710786	0.039280648992946095	9.999000099990002e-05
7084	0.003348543459146522	0.039280648992946095	9.999000099990002e-05
7085	-0.008799407242603668	0.039280648992946095	9.999000099990002e-05
7086	0.0038463667320494943	0.039280648992946095	9.999000099990002e-05
7087	-0.0064070410750596	0.039280648992946095	9.999000099990002e-05
7088	-0.013094817339070516	0.039280648992946095	9.999000099990002e-05
7089	-0.02393509705421111	0.039280648992946095	9.999000099990002e-05
7090	0.010971992046972856	0.039280648992946095	9.999000099990002e-05
7091	-0.0005732711174228494	0.039280648992946095	9.999000099990002e-05
7092	-0.004578093277264592	0.039280648992946095	9.999000099990002e-05
7093	0.009186120354414393	0.039280648992946095	9.999000099990002e-05
7094	-0.02023596856802197	0.039280648992946095	9.999000099990002e-05
7095	-0.002952698999000386	0.039280648992946095	9.999000099990002e-05
7096	-0.009989840009425863	0.039280648992946095	9.999000099990002e-05
7097	-0.012663008951590823	0.039280648992946095	9.999000099990002e-05
7098	0.00343114344062552	0.039280648992946095	9.999000099990002e-05
7099	0.003781945887659871	0.039280648992946095	9.999000099990002e-05
7100	-0.03898927835406134	0.039280648992946095	9.999000099990002e-05
7101	0.007557167875146514	0.039280648992946095	9.999000099990002e-05
7102	-0.01780025167990565	0.039280648992946095	9.999000099990002e-05
7103	0.0066196128631668405	0.039280648992946095	9.999000099990002e-05
7104	-0.0210970676311297	0.039280648992946095	9.999000099990002e-05
7105	-0.0009074990529388122	0.039280648992946095	9.999000099990002e-05
7106	0.0007604899768776929	0.039280648992946095	9.999000099990002e-05
7107	-0.03682083200668537	0.039280648992946095	9.999000099990002e-05
7108	-0.004638972914173811	0.039280648992946095	9.999000099990002e-05
7109	0.0029655555218436602	0.039280648992946095	9.999000099990002e-05
7110	-0.008707309289663387	0.039280648992946095	9.999000099990002e-05
7111	0.002887583362274501	0.039280648992946095	9.999000099990002e-05
7112	0.0021917602960031257	0.039280648992946095	9.999000099990002e-05
7113	-0.013771819495708826	0.039280648992946095	9.999000099990002e-05
7114	0.0008592284646214282	0.039280648992946095	9.999000099990002e-05
7115	-0.012705619968372536	0.039280648992946095	9.999000099990002e-05
7116	-0.006894602590460638	0.039280648992946095	9.999000099990002e-05
7117	-0.023711903634332468	0.039280648992946095	9.999000099990002e-05
7118	0.007341916742505145	0.039280648992946095	9.999000099990002e-05
7119	-0.019621662607375218	0.039280648992946095	9.999000099990002e-05
7120	0.003138183887895843	0.039280648992946095	9.999000099990002e-05
7121	0.0012301764907025614	0.039280648992946095	9.999000099990002e-05
7122	0.0006088402609348842	0.039280648992946095	9.999000099990002e-05
7123	-0.028752958602743184	0.039280648992946095	9.999000099990002e-05
7124	0.0053045395949358615	0.039280648992946095	9.999000099990002e-05
7125	0.014251912648959586	0.039280648992946095	9.999000099990002e-05
7126	0.006555111809347466	0.039280648992946095	9.999000099990002e-05
7127	0.002837247672459034	0.039280648992946095	9.999000099990002e-05
7128	-0.0005982181436342132	0.039280648992946095	9.999000099990002e-05
7129	-0.005981689935096929	0.039280648992946095	9.999000099990002e-05
7130	0.011471304049618242	0.039280648992946095	9.999000099990002e-05
7131	0.00519281839530053	0.039280648992946095	9.999000099990002e-05
7132	-0.0035175465726076105	0.039280648992946095	9.999000099990002e-05
7133	-0.017939405766886116	0.039280648992946095	9.999000099990002e-05
7134	0.0029748008238906776	0.039280648992946095	9.999000099990002e-05
7135	-0.0010289391883905735	0.039280648992946095	9.999000099990002e-05
7136	0.007389444082668534	0.039280648992946095	9.999000099990002e-05
7137	-0.004587468118511712	0.039280648992946095	9.999000099990002e-05
7138	-0.0009139894135496707	0.039280648992946095	9.999000099990002e-05
7139	-0.008842656875989036	0.039280648992946095	9.999000099990002e-05
7140	-0.009738458801346495	0.039280648992946095	9.999000099990002e-05
7141	-0.002700266620125763	0.039280648992946095	9.999000099990002e-05
7142	0.005306019536599149	0.039280648992946095	9.999000099990002e-05
7143	-0.0026013121689779928	0.039280648992946095	9.999000099990002e-05
7144	-0.009212135399285476	0.039280648992946095	9.999000099990002e-05
7145	0.008816299435900968	0.039280648992946095	9.999000099990002e-05
7146	-0.034288637012182044	0.039280648992946095	9.999000099990002e-05
7147	-0.0004938125586516212	0.039280648992946095	9.999000099990002e-05
7148	-6.992354142927593e-05	0.039280648992946095	9.999000099990002e-05
7149	-0.002304795046432634	0.039280648992946095	9.999000099990002e-05
7150	0.004700029283724788	0.039280648992946095	9.999000099990002e-05
7151	-0.010416536696559398	0.039280648992946095	9.999000099990002e-05
7152	0.001866627973870827	0.039280648992946095	9.999000099990002e-05
7153	0.012178848131509434	0.039280648992946095	9.999000099990002e-05
7154	-0.012389588260575055	0.039280648992946095	9.999000099990002e-05
7155	-0.005366885918560202	0.039280648992946095	9.999000099990002e-05
7156	-0.02622258866408382	0.039280648992946095	9.999000099990002e-05
7157	-0.0025603197610093026	0.039280648992946095	9.999000099990002e-05
7158	-0.0006971989104665594	0.039280648992946095	9.999000099990002e-05
7159	-0.0024088937769382868	0.039280648992946095	9.999000099990002e-05
7160	0.006583497402158842	0.039280648992946095	9.999000099990002e-05
7161	0.006845046951915193	0.039280648992946095	9.999000099990002e-05
7162	-0.013518442811023768	0.039280648992946095	9.999000099990002e-05
7163	-0.005861810873243695	0.039280648992946095	9.999000099990002e-05
7164	-0.013724658778671281	0.039280648992946095	9.999000099990002e-05
7165	-0.046239841314285685	0.039280648992946095	9.999000099990002e-05
7166	0.0029624222074741413	0.039280648992946095	9.999000099990002e-05
7167	0.010727659703784156	0.039280648992946095	9.999000099990002e-05
7168	-0.003561686520952456	0.039280648992946095	9.999000099990002e-05
7169	-0.004949610343609967	0.039280648992946095	9.999000099990002e-05
7170	-0.0064707827126014444	0.039280648992946095	9.999000099990002e-05
7171	-0.007619407916421128	0.039280648992946095	9.999000099990002e-05
7172	0.005105036700159604	0.039280648992946095	9.999000099990002e-05
7173	-0.0038736753724631923	0.039280648992946095	9.999000099990002e-05
7174	0.0057533469435917806	0.039280648992946095	9.999000099990002e-05
7175	0.0017548981318150636	0.039280648992946095	9.999000099990002e-05
7176	0.0071069985684316245	0.039280648992946095	9.999000099990002e-05
7177	-0.006412067176601519	0.039280648992946095	9.999000099990002e-05
7178	-0.003835361240864338	0.039280648992946095	9.999000099990002e-05
7179	-0.024083874719066103	0.039280648992946095	9.999000099990002e-05
7180	-0.006862583491061142	0.039280648992946095	9.999000099990002e-05
7181	-0.01745382720143654	0.039280648992946095	9.999000099990002e-05
7182	0.013583887830783153	0.039280648992946095	9.999000099990002e-05
7183	-0.003781683070684577	0.039280648992946095	9.999000099990002e-05
7184	0.008566184730832857	0.039280648992946095	9.999000099990002e-05
7185	-0.003802507419602863	0.039280648992946095	9.999000099990002e-05
7186	-0.03090601828587583	0.039280648992946095	9.999000099990002e-05
7187	0.0009241143489130133	0.039280648992946095	9.999000099990002e-05
7188	-0.0017590836851441721	0.039280648992946095	9.999000099990002e-05
7189	0.0041047549523994115	0.039280648992946095	9.999000099990002e-05
7190	-0.00385513990546775	0.039280648992946095	9.999000099990002e-05
7191	-0.0096733336482476	0.039280648992946095	9.999000099990002e-05
7192	-0.03177198215771339	0.039280648992946095	9.999000099990002e-05
7193	-0.01033948403225679	0.039280648992946095	9.999000099990002e-05
7194	-0.0032826646675680193	0.039280648992946095	9.999000099990002e-05
7195	0.0019267059534589792	0.039280648992946095	9.999000099990002e-05
7196	-0.002677791131935711	0.039280648992946095	9.999000099990002e-05
7197	-0.013140027053980319	0.039280648992946095	9.999000099990002e-05
7198	0.014636700928668367	0.039280648992946095	9.999000099990002e-05
7199	-0.01572218577435172	0.039280648992946095	9.999000099990002e-05
7200	0.007681367079032955	0.039280648992946095	9.999000099990002e-05
7201	-0.009822350144933628	0.039280648992946095	9.999000099990002e-05
7202	0.001806196965975393	0.039280648992946095	9.999000099990002e-05
7203	0.0017281146398226699	0.039280648992946095	9.999000099990002e-05
7204	-0.011048952363614833	0.039280648992946095	9.999000099990002e-05
7205	-0.0014877304747197562	0.039280648992946095	9.999000099990002e-05
7206	0.010742583901430458	0.039280648992946095	9.999000099990002e-05
7207	-0.009830641964667625	0.039280648992946095	9.999000099990002e-05
7208	-0.01822663719135205	0.039280648992946095	9.999000099990002e-05
7209	-0.0017390685678029955	0.039280648992946095	9.999000099990002e-05
7210	0.0009789323475264122	0.039280648992946095	9.999000099990002e-05
7211	-0.0049586449259687165	0.039280648992946095	9.999000099990002e-05
7212	0.00054089952379828	0.039280648992946095	9.999000099990002e-05
7213	-0.009556160974906941	0.039280648992946095	9.999000099990002e-05
7214	-0.02141688661262424	0.039280648992946095	9.999000099990002e-05
7215	0.010897106445307878	0.039280648992946095	9.999000099990002e-05
7216	0.011626000024538674	0.039280648992946095	9.999000099990002e-05
7217	-0.028308864674801426	0.039280648992946095	9.999000099990002e-05
7218	0.0009396690548247599	0.039280648992946095	9.999000099990002e-05
7219	0.00746331269479647	0.039280648992946095	9.999000099990002e-05
7220	0.009866237472417147	0.039280648992946095	9.999000099990002e-05
7221	-0.0024950452591175065	0.039280648992946095	9.999000099990002e-05
7222	0.0017490401244807663	0.039280648992946095	9.999000099990002e-05
7223	0.0034030647993969765	0.039280648992946095	9.999000099990002e-05
7224	9.598684790639023e-05	0.039280648992946095	9.999000099990002e-05
7225	9.495995357293452e-05	0.039280648992946095	9.999000099990002e-05
7226	-0.007918794905172749	0.039280648992946095	9.999000099990002e-05
7227	-0.007238786982695117	0.039280648992946095	9.999000099990002e-05
7228	-0.014981627792210045	0.039280648992946095	9.999000099990002e-05
7229	-0.0017769363523754828	0.039280648992946095	9.999000099990002e-05
7230	-0.00827666918263062	0.039280648992946095	9.999000099990002e-05
7231	0.002981124745079569	0.039280648992946095	9.999000099990002e-05
7232	0.010797663843066546	0.039280648992946095	9.999000099990002e-05
7233	0.0028436493754314673	0.039280648992946095	9.999000099990002e-05
7234	-0.013314264512472487	0.039280648992946095	9.999000099990002e-05
7235	-0.009569624991929884	0.039280648992946095	9.999000099990002e-05
7236	-0.001278794960717325	0.039280648992946095	9.999000099990002e-05
7237	0.007877246420570444	0.039280648992946095	9.999000099990002e-05
7238	-0.0027351358732445458	0.039280648992946095	9.999000099990002e-05
7239	-0.0009930107046912384	0.039280648992946095	9.999000099990002e-05
7240	-0.0027801841496835067	0.039280648992946095	9.999000099990002e-05
7241	0.0003793449143417449	0.039280648992946095	9.999000099990002e-05
7242	-0.0018288919619328936	0.039280648992946095	9.999000099990002e-05
7243	-0.0009532867904036707	0.039280648992946095	9.999000099990002e-05
7244	0.0008905620452930724	0.039280648992946095	9.999000099990002e-05
7245	-0.0030617124020883707	0.039280648992946095	9.999000099990002e-05
7246	-0.009195855506907297	0.039280648992946095	9.999000099990002e-05
7247	-0.006579325249436649	0.039280648992946095	9.999000099990002e-05
7248	-0.0019807231687040128	0.039280648992946095	9.999000099990002e-05
7249	-0.04280120819677642	0.039280648992946095	9.999000099990002e-05
7250	0.001577247062925613	0.039280648992946095	9.999000099990002e-05
7251	0.011275793807405732	0.039280648992946095	9.999000099990002e-05
7252	0.00703733667870747	0.039280648992946095	9.999000099990002e-05
7253	-0.03282056828662573	0.039280648992946095	9.999000099990002e-05
7254	0.0057385762217368325	0.039280648992946095	9.999000099990002e-05
7255	-0.00023211366010236767	0.039280648992946095	9.999000099990002e-05
7256	-0.005800314419993513	0.039280648992946095	9.999000099990002e-05
7257	0.005192932300459224	0.039280648992946095	9.999000099990002e-05
7258	0.008773012902293681	0.039280648992946095	9.999000099990002e-05
7259	-0.00294584196671073	0.039280648992946095	9.999000099990002e-05
7260	0.0034698625521598914	0.039280648992946095	9.999000099990002e-05
7261	0.004261651200157132	0.039280648992946095	9.999000099990002e-05
7262	-0.036218345575540295	0.039280648992946095	9.999000099990002e-05
7263	0.009773617915418975	0.039280648992946095	9.999000099990002e-05
7264	0.0014726836323885328	0.039280648992946095	9.999000099990002e-05
7265	0.002491112278096813	0.039280648992946095	9.999000099990002e-05
7266	0.0043437417643621	0.039280648992946095	9.999000099990002e-05
7267	0.009764708114073789	0.039280648992946095	9.999000099990002e-05
7268	0.002023985814272905	0.039280648992946095	9.999000099990002e-05
7269	-0.014618766643972533	0.039280648992946095	9.999000099990002e-05
7270	0.006542508295788951	0.039280648992946095	9.999000099990002e-05
7271	-0.014244919814142706	0.039280648992946095	9.999000099990002e-05
7272	0.004452073290191441	0.039280648992946095	9.999000099990002e-05
7273	-0.006246922855293907	0.039280648992946095	9.999000099990002e-05
7274	-0.0009371690162373325	0.039280648992946095	9.999000099990002e-05
7275	-0.005116910511829803	0.039280648992946095	9.999000099990002e-05
7276	0.006417001416012022	0.039280648992946095	9.999000099990002e-05
7277	-0.003727539909155822	0.039280648992946095	9.999000099990002e-05
7278	-0.0003380864849048121	0.039280648992946095	9.999000099990002e-05
7279	0.007602642446254387	0.039280648992946095	9.999000099990002e-05
7280	-0.007781417418218556	0.039280648992946095	9.999000099990002e-05
7281	0.0028633047641619253	0.039280648992946095	9.999000099990002e-05
7282	0.004527441410810851	0.039280648992946095	9.999000099990002e-05
7283	-0.0016665319565802167	0.039280648992946095	9.999000099990002e-05
7284	-5.282572650067152e-05	0.039280648992946095	9.999000099990002e-05
7285	-0.0019179277790895843	0.039280648992946095	9.999000099990002e-05
7286	-0.00020748708318656106	0.039280648992946095	9.999000099990002e-05
7287	-0.024005662805160408	0.039280648992946095	9.999000099990002e-05
7288	-0.015078714460941098	0.039280648992946095	9.999000099990002e-05
7289	-0.006646962433695086	0.039280648992946095	9.999000099990002e-05
7290	-0.006939629066636893	0.039280648992946095	9.999000099990002e-05
7291	-0.010521091630334878	0.039280648992946095	9.999000099990002e-05
7292	0.007638360210265427	0.039280648992946095	9.999000099990002e-05
7293	-0.0028432376466396014	0.039280648992946095	9.999000099990002e-05
7294	-0.000795633893885081	0.039280648992946095	9.999000099990002e-05
7295	0.0006235227621276679	0.039280648992946095	9.999000099990002e-05
7296	-0.011156446837041895	0.039280648992946095	9.999000099990002e-05
7297	0.0029054587037211366	0.039280648992946095	9.999000099990002e-05
7298	-0.005771090172533341	0.039280648992946095	9.999000099990002e-05
7299	0.011037378851776858	0.039280648992946095	9.999000099990002e-05
7300	-0.009658197954066222	0.039280648992946095	9.999000099990002e-05
7301	-0.05154101051092626	0.039280648992946095	9.999000099990002e-05
7302	-0.006044703764314471	0.039280648992946095	9.999000099990002e-05
7303	-0.006558074897166949	0.039280648992946095	9.999000099990002e-05
7304	0.0016593421911053757	0.039280648992946095	9.999000099990002e-05
7305	-0.002012841947255567	0.039280648992946095	9.999000099990002e-05
7306	0.009312543767729498	0.039280648992946095	9.999000099990002e-05
7307	0.0036439158008600148	0.039280648992946095	9.999000099990002e-05
7308	0.0004261917367284207	0.039280648992946095	9.999000099990002e-05
7309	0.012592478061640683	0.039280648992946095	9.999000099990002e-05
7310	-0.0074330667481656565	0.039280648992946095	9.999000099990002e-05
7311	-0.024128727569987685	0.039280648992946095	9.999000099990002e-05
7312	-0.006176114728150134	0.039280648992946095	9.999000099990002e-05
7313	0.002840215761229656	0.039280648992946095	9.999000099990002e-05
7314	0.0034167067628847747	0.039280648992946095	9.999000099990002e-05
7315	0.024631086025822396	0.039280648992946095	9.999000099990002e-05
7316	-0.007500460099641934	0.039280648992946095	9.999000099990002e-05
7317	-0.003829703999868969	0.039280648992946095	9.999000099990002e-05
7318	-0.023019977425706606	0.039280648992946095	9.999000099990002e-05
7319	-0.004091565065182934	0.039280648992946095	9.999000099990002e-05
7320	-0.0025591008884160438	0.039280648992946095	9.999000099990002e-05
7321	-0.013550235022611407	0.039280648992946095	9.999000099990002e-05
7322	0.010269280971646547	0.039280648992946095	9.999000099990002e-05
7323	-0.02658689372771532	0.039280648992946095	9.999000099990002e-05
7324	-0.04289583012489544	0.039280648992946095	9.999000099990002e-05
7325	0.005021242753737137	0.039280648992946095	9.999000099990002e-05
7326	0.0041372328283737075	0.039280648992946095	9.999000099990002e-05
7327	0.012215854732876619	0.039280648992946095	9.999000099990002e-05
7328	0.005713118904298792	0.039280648992946095	9.999000099990002e-05
7329	-0.033671016780419616	0.039280648992946095	9.999000099990002e-05
7330	-0.021185330971272454	0.039280648992946095	9.999000099990002e-05
7331	-0.010475628614822804	0.039280648992946095	9.999000099990002e-05
7332	0.012558152115736604	0.039280648992946095	9.999000099990002e-05
7333	0.005892171113456565	0.039280648992946095	9.999000099990002e-05
7334	-0.0004483267232654742	0.039280648992946095	9.999000099990002e-05
7335	0.00793530891974839	0.039280648992946095	9.999000099990002e-05
7336	-0.0016048136164693166	0.039280648992946095	9.999000099990002e-05
7337	-0.0020149908510997683	0.039280648992946095	9.999000099990002e-05
7338	-0.0006513040166993694	0.039280648992946095	9.999000099990002e-05
7339	-0.0020725214044470947	0.039280648992946095	9.999000099990002e-05
7340	-0.00619353391487984	0.039280648992946095	9.999000099990002e-05
7341	0.002270278190433128	0.039280648992946095	9.999000099990002e-05
7342	-0.02540293199744044	0.039280648992946095	9.999000099990002e-05
7343	-0.0066942578850955475	0.039280648992946095	9.999000099990002e-05
7344	-0.0062817775910885415	0.039280648992946095	9.999000099990002e-05
7345	-0.0054160904223623935	0.039280648992946095	9.999000099990002e-05
7346	0.01828758470524841	0.039280648992946095	9.999000099990002e-05
7347	0.0017733207132632212	0.039280648992946095	9.999000099990002e-05
7348	-0.02743139846971185	0.039280648992946095	9.999000099990002e-05
7349	-0.003272825903136198	0.039280648992946095	9.999000099990002e-05
7350	-0.005944401872431837	0.039280648992946095	9.999000099990002e-05
7351	0.00327421043830467	0.039280648992946095	9.999000099990002e-05
7352	-0.0014128927462373903	0.039280648992946095	9.999000099990002e-05
7353	-0.020032237587555554	0.039280648992946095	9.999000099990002e-05
7354	0.0067014634788234995	0.039280648992946095	9.999000099990002e-05
7355	0.0012278049231509158	0.039280648992946095	9.999000099990002e-05
7356	0.005337019850003427	0.039280648992946095	9.999000099990002e-05
7357	-0.0015833014668357598	0.039280648992946095	9.999000099990002e-05
7358	0.001317134971024439	0.039280648992946095	9.999000099990002e-05
7359	-0.003116533605194746	0.039280648992946095	9.999000099990002e-05
7360	0.0003247080666861357	0.039280648992946095	9.999000099990002e-05
7361	0.00808460289639261	0.039280648992946095	9.999000099990002e-05
7362	-0.001238468747412888	0.039280648992946095	9.999000099990002e-05
7363	0.008119968311837325	0.039280648992946095	9.999000099990002e-05
7364	0.0011411764084976184	0.039280648992946095	9.999000099990002e-05
7365	0.004911423275012108	0.039280648992946095	9.999000099990002e-05
7366	-0.004392728605407917	0.039280648992946095	9.999000099990002e-05
7367	0.0024743804065531644	0.039280648992946095	9.999000099990002e-05
7368	-0.04876911687004783	0.039280648992946095	9.999000099990002e-05
7369	-0.023187620183355157	0.039280648992946095	9.999000099990002e-05
7370	0.006386602916095413	0.039280648992946095	9.999000099990002e-05
7371	0.012790408424328437	0.039280648992946095	9.999000099990002e-05
7372	0.0014056026218695478	0.039280648992946095	9.999000099990002e-05
7373	-0.013117740727980484	0.039280648992946095	9.999000099990002e-05
7374	8.55672448500655e-06	0.039280648992946095	9.999000099990002e-05
7375	0.006885508190900058	0.039280648992946095	9.999000099990002e-05
7376	-0.000814355658448257	0.039280648992946095	9.999000099990002e-05
7377	-0.0048470036929984806	0.039280648992946095	9.999000099990002e-05
7378	-0.003913937835778952	0.039280648992946095	9.999000099990002e-05
7379	-0.0032212448308311936	0.039280648992946095	9.999000099990002e-05
7380	-0.0010954453808474512	0.039280648992946095	9.999000099990002e-05
7381	0.002199527355739181	0.039280648992946095	9.999000099990002e-05
7382	-0.0011983614106879231	0.039280648992946095	9.999000099990002e-05
7383	-0.01110989055534986	0.039280648992946095	9.999000099990002e-05
7384	0.007836581841941692	0.039280648992946095	9.999000099990002e-05
7385	-0.006976695630864643	0.039280648992946095	9.999000099990002e-05
7386	-0.001489010184126241	0.039280648992946095	9.999000099990002e-05
7387	0.012802195471924238	0.039280648992946095	9.999000099990002e-05
7388	0.004591037341029031	0.039280648992946095	9.999000099990002e-05
7389	-0.0186257917470624	0.039280648992946095	9.999000099990002e-05
7390	-0.013286295843615806	0.039280648992946095	9.999000099990002e-05
7391	-0.0018743867796098684	0.039280648992946095	9.999000099990002e-05
7392	0.0015072404959970698	0.039280648992946095	9.999000099990002e-05
7393	-0.007726359325398113	0.039280648992946095	9.999000099990002e-05
7394	-0.00691094870902656	0.039280648992946095	9.999000099990002e-05
7395	-0.016634784292299948	0.039280648992946095	9.999000099990002e-05
7396	0.010392775089976936	0.039280648992946095	9.999000099990002e-05
7397	-0.006617125108469041	0.039280648992946095	9.999000099990002e-05
7398	0.0019128294307974303	0.039280648992946095	9.999000099990002e-05
7399	0.0137997048477487	0.039280648992946095	9.999000099990002e-05
7400	0.0004949137875110698	0.039280648992946095	9.999000099990002e-05
7401	0.007647011321633854	0.039280648992946095	9.999000099990002e-05
7402	0.0007938232582594129	0.039280648992946095	9.999000099990002e-05
7403	-0.0027846955416826608	0.039280648992946095	9.999000099990002e-05
7404	-0.01226801251680773	0.039280648992946095	9.999000099990002e-05
7405	-0.03583754499599709	0.039280648992946095	9.999000099990002e-05
7406	0.003935132303633626	0.039280648992946095	9.999000099990002e-05
7407	-0.0013318916125314856	0.039280648992946095	9.999000099990002e-05
7408	0.00166275764651376	0.039280648992946095	9.999000099990002e-05
7409	0.005381531810848619	0.039280648992946095	9.999000099990002e-05
7410	-0.005895090309433165	0.039280648992946095	9.999000099990002e-05
7411	-0.044226373616951156	0.039280648992946095	9.999000099990002e-05
7412	-0.00173811115270317	0.039280648992946095	9.999000099990002e-05
7413	0.004628977323798883	0.039280648992946095	9.999000099990002e-05
7414	-0.009791191548998546	0.039280648992946095	9.999000099990002e-05
7415	-0.0020792648228955962	0.039280648992946095	9.999000099990002e-05
7416	0.0015757159950338523	0.039280648992946095	9.999000099990002e-05
7417	0.0051548398615094	0.039280648992946095	9.999000099990002e-05
7418	-0.01795616040975094	0.039280648992946095	9.999000099990002e-05
7419	-0.0002068178782410196	0.039280648992946095	9.999000099990002e-05
7420	-0.01597746587929942	0.039280648992946095	9.999000099990002e-05
7421	-0.027701336168202584	0.039280648992946095	9.999000099990002e-05
7422	0.0015416712676630945	0.039280648992946095	9.999000099990002e-05
7423	0.00464232695013389	0.039280648992946095	9.999000099990002e-05
7424	0.011391942645247066	0.039280648992946095	9.999000099990002e-05
7425	-0.005336338312615291	0.039280648992946095	9.999000099990002e-05
7426	-0.006504125510356146	0.039280648992946095	9.999000099990002e-05
7427	0.0009145410233143414	0.039280648992946095	9.999000099990002e-05
7428	-0.04087892221016151	0.039280648992946095	9.999000099990002e-05
7429	-0.003022889921379751	0.039280648992946095	9.999000099990002e-05
7430	-0.006638119392619823	0.039280648992946095	9.999000099990002e-05
7431	0.004266432400752571	0.039280648992946095	9.999000099990002e-05
7432	-0.007401978748181423	0.039280648992946095	9.999000099990002e-05
7433	-0.01748100207854579	0.039280648992946095	9.999000099990002e-05
7434	-0.0051344400108018495	0.039280648992946095	9.999000099990002e-05
7435	0.008215755413016154	0.039280648992946095	9.999000099990002e-05
7436	-0.01158486297741064	0.039280648992946095	9.999000099990002e-05
7437	-0.005555258007055627	0.039280648992946095	9.999000099990002e-05
7438	0.0010181210143845876	0.039280648992946095	9.999000099990002e-05
7439	0.0025813257464146477	0.039280648992946095	9.999000099990002e-05
7440	-0.0014174517686545707	0.039280648992946095	9.999000099990002e-05
7441	-0.0020355430608814534	0.039280648992946095	9.999000099990002e-05
7442	-0.0036651171146768746	0.039280648992946095	9.999000099990002e-05
7443	-0.005483796794536949	0.039280648992946095	9.999000099990002e-05
7444	-0.005808499763166108	0.039280648992946095	9.999000099990002e-05
7445	-0.03205101653775208	0.039280648992946095	9.999000099990002e-05
7446	0.0023053207289361055	0.039280648992946095	9.999000099990002e-05
7447	0.012376745186891636	0.039280648992946095	9.999000099990002e-05
7448	-0.0035875494009610653	0.039280648992946095	9.999000099990002e-05
7449	0.007973862951342572	0.039280648992946095	9.999000099990002e-05
7450	0.005686621437579142	0.039280648992946095	9.999000099990002e-05
7451	0.01379317685862208	0.039280648992946095	9.999000099990002e-05
7452	0.0006766463608144646	0.039280648992946095	9.999000099990002e-05
7453	0.005825254406030961	0.039280648992946095	9.999000099990002e-05
7454	-0.0014399081269927255	0.039280648992946095	9.999000099990002e-05
7455	-0.008417796217660228	0.039280648992946095	9.999000099990002e-05
7456	-0.002771063385885425	0.039280648992946095	9.999000099990002e-05
7457	0.0003863559079520379	0.039280648992946095	9.999000099990002e-05
7458	0.0027523450685798256	0.039280648992946095	9.999000099990002e-05
7459	-0.007919741881394035	0.039280648992946095	9.999000099990002e-05
7460	-0.0003898211301070764	0.039280648992946095	9.999000099990002e-05
7461	-0.0009579363154704063	0.039280648992946095	9.999000099990002e-05
7462	-0.0032875695810127004	0.039280648992946095	9.999000099990002e-05
7463	-0.0037612127211320567	0.039280648992946095	9.999000099990002e-05
7464	-0.03498361977300528	0.039280648992946095	9.999000099990002e-05
7465	-0.02407631420346687	0.039280648992946095	9.999000099990002e-05
7466	0.0035795453058521387	0.039280648992946095	9.999000099990002e-05
7467	0.012337089635120452	0.039280648992946095	9.999000099990002e-05
7468	0.001563378308731836	0.039280648992946095	9.999000099990002e-05
7469	0.003797820557337947	0.039280648992946095	9.999000099990002e-05
7470	-0.012243207896321204	0.039280648992946095	9.999000099990002e-05
7471	0.001860670335937356	0.039280648992946095	9.999000099990002e-05
7472	-0.05045627148670183	0.039280648992946095	9.999000099990002e-05
7473	-0.006108739341255581	0.039280648992946095	9.999000099990002e-05
7474	0.0026985027409655027	0.039280648992946095	9.999000099990002e-05
7475	-0.002522439255570802	0.039280648992946095	9.999000099990002e-05
7476	-0.03195011307514646	0.039280648992946095	9.999000099990002e-05
7477	0.00879605145873838	0.039280648992946095	9.999000099990002e-05
7478	-0.0006594760078180162	0.039280648992946095	9.999000099990002e-05
7479	0.005017273649341306	0.039280648992946095	9.999000099990002e-05
7480	-0.00809789926017046	0.039280648992946095	9.999000099990002e-05
7481	0.015916959614372506	0.039280648992946095	9.999000099990002e-05
7482	0.011149873159614188	0.039280648992946095	9.999000099990002e-05
7483	0.004906389259343655	0.039280648992946095	9.999000099990002e-05
7484	-0.020606048127959256	0.039280648992946095	9.999000099990002e-05
7485	-0.008199144729569702	0.039280648992946095	9.999000099990002e-05
7486	0.0069473832598482554	0.039280648992946095	9.999000099990002e-05
7487	-0.005869965822286161	0.039280648992946095	9.999000099990002e-05
7488	-0.00960273182247609	0.039280648992946095	9.999000099990002e-05
7489	0.003383400428375663	0.039280648992946095	9.999000099990002e-05
7490	-0.01011304033401575	0.039280648992946095	9.999000099990002e-05
7491	-0.01832761799876491	0.039280648992946095	9.999000099990002e-05
7492	0.0006384810924792567	0.039280648992946095	9.999000099990002e-05
7493	-0.02258610981163256	0.039280648992946095	9.999000099990002e-05
7494	-0.0024039738606402156	0.039280648992946095	9.999000099990002e-05
7495	0.003619284562863534	0.039280648992946095	9.999000099990002e-05
7496	-0.007139482027992111	0.039280648992946095	9.999000099990002e-05
7497	-0.0025761458292108824	0.039280648992946095	9.999000099990002e-05
7498	-0.008239043385829176	0.039280648992946095	9.999000099990002e-05
7499	-0.010391638854459595	0.039280648992946095	9.999000099990002e-05
7500	0.008051918136410999	0.039280648992946095	9.999000099990002e-05
7501	-0.004104408235972204	0.039280648992946095	9.999000099990002e-05
7502	-0.01911589981475166	0.039280648992946095	9.999000099990002e-05
7503	-0.0009097974512346785	0.039280648992946095	9.999000099990002e-05
7504	0.0006909495180153769	0.039280648992946095	9.999000099990002e-05
7505	-0.03155044749991552	0.039280648992946095	9.999000099990002e-05
7506	-0.013729698523584744	0.039280648992946095	9.999000099990002e-05
7507	0.0014608347769210078	0.039280648992946095	9.999000099990002e-05
7508	0.0023678000390181114	0.039280648992946095	9.999000099990002e-05
7509	-0.014905552304047193	0.039280648992946095	9.999000099990002e-05
7510	0.0023456511177919748	0.039280648992946095	9.999000099990002e-05
7511	0.005581367972892284	0.039280648992946095	9.999000099990002e-05
7512	-0.021380951185856853	0.039280648992946095	9.999000099990002e-05
7513	-0.0011720204300409015	0.039280648992946095	9.999000099990002e-05
7514	-0.013096263342240233	0.039280648992946095	9.999000099990002e-05
7515	-0.034044539131061244	0.039280648992946095	9.999000099990002e-05
7516	-0.002559323746335232	0.039280648992946095	9.999000099990002e-05
7517	-0.0007430437947224949	0.039280648992946095	9.999000099990002e-05
7518	-0.006420082293224105	0.039280648992946095	9.999000099990002e-05
7519	-0.0017324662441503824	0.039280648992946095	9.999000099990002e-05
7520	-0.0045871158184983135	0.039280648992946095	9.999000099990002e-05
7521	-0.010167906351470607	0.039280648992946095	9.999000099990002e-05
7522	0.005372267233290942	0.039280648992946095	9.999000099990002e-05
7523	0.009893868698455058	0.039280648992946095	9.999000099990002e-05
7524	-0.014024665254174715	0.039280648992946095	9.999000099990002e-05
7525	7.743414462330067e-06	0.039280648992946095	9.999000099990002e-05
7526	0.0011623698081879574	0.039280648992946095	9.999000099990002e-05
7527	-0.0021371257303348934	0.039280648992946095	9.999000099990002e-05
7528	-0.023083612392475375	0.039280648992946095	9.999000099990002e-05
7529	0.012723152429072904	0.039280648992946095	9.999000099990002e-05
7530	-0.006009474345608681	0.039280648992946095	9.999000099990002e-05
7531	-0.016516065499661226	0.039280648992946095	9.999000099990002e-05
7532	-0.0016364187536424685	0.039280648992946095	9.999000099990002e-05
7533	-0.020339291082938527	0.039280648992946095	9.999000099990002e-05
7534	-0.007238089859818525	0.039280648992946095	9.999000099990002e-05
7535	-0.004826730856739014	0.039280648992946095	9.999000099990002e-05
7536	0.0010507678059799713	0.039280648992946095	9.999000099990002e-05
7537	0.00944986430210433	0.039280648992946095	9.999000099990002e-05
7538	-0.026925277356512387	0.039280648992946095	9.999000099990002e-05
7539	0.0029608373914959546	0.039280648992946095	9.999000099990002e-05
7540	-0.016312671767801892	0.039280648992946095	9.999000099990002e-05
7541	-0.0047233616339099616	0.039280648992946095	9.999000099990002e-05
7542	-0.00419968392920711	0.039280648992946095	9.999000099990002e-05
7543	-0.0003913621513481902	0.039280648992946095	9.999000099990002e-05
7544	-0.01835108877333519	0.039280648992946095	9.999000099990002e-05
7545	-0.0012694993092885187	0.039280648992946095	9.999000099990002e-05
7546	-0.05410982698500701	0.039280648992946095	9.999000099990002e-05
7547	-0.03308340706216159	0.039280648992946095	9.999000099990002e-05
7548	-0.0007239764304493718	0.039280648992946095	9.999000099990002e-05
7549	-0.006853094793208253	0.039280648992946095	9.999000099990002e-05
7550	0.0012763951839170617	0.039280648992946095	9.999000099990002e-05
7551	-0.0019839455291353614	0.039280648992946095	9.999000099990002e-05
7552	-0.014455831869110689	0.039280648992946095	9.999000099990002e-05
7553	0.002659696816803808	0.039280648992946095	9.999000099990002e-05
7554	0.00636638868321468	0.039280648992946095	9.999000099990002e-05
7555	0.020064640449262955	0.039280648992946095	9.999000099990002e-05
7556	0.011822615671162023	0.039280648992946095	9.999000099990002e-05
7557	0.00401178629988079	0.039280648992946095	9.999000099990002e-05
7558	0.004543200961507135	0.039280648992946095	9.999000099990002e-05
7559	5.8982722738298854e-05	0.039280648992946095	9.999000099990002e-05
7560	0.0001990727158734662	0.039280648992946095	9.999000099990002e-05
7561	-0.0011672084954448686	0.039280648992946095	9.999000099990002e-05
7562	-0.023103634744202142	0.039280648992946095	9.999000099990002e-05
7563	-0.004821536082340622	0.039280648992946095	9.999000099990002e-05
7564	0.013017957138556968	0.039280648992946095	9.999000099990002e-05
7565	0.0018762293630592841	0.039280648992946095	9.999000099990002e-05
7566	-0.010174479252051533	0.039280648992946095	9.999000099990002e-05
7567	-0.010114098690643683	0.039280648992946095	9.999000099990002e-05
7568	0.004078922709285587	0.039280648992946095	9.999000099990002e-05
7569	-0.007070363445482661	0.039280648992946095	9.999000099990002e-05
7570	0.00497968771449013	0.039280648992946095	9.999000099990002e-05
7571	0.003065499190256185	0.039280648992946095	9.999000099990002e-05
7572	0.01405275749022189	0.039280648992946095	9.999000099990002e-05
7573	0.005282125477641217	0.039280648992946095	9.999000099990002e-05
7574	-0.01444432463201338	0.039280648992946095	9.999000099990002e-05
7575	0.001831454002603733	0.039280648992946095	9.999000099990002e-05
7576	-0.0031342162400877227	0.039280648992946095	9.999000099990002e-05
7577	-0.0018752692775486357	0.039280648992946095	9.999000099990002e-05
7578	0.0005519413811231749	0.039280648992946095	9.999000099990002e-05
7579	-0.0035007263347430484	0.039280648992946095	9.999000099990002e-05
7580	-0.0007162492326635295	0.039280648992946095	9.999000099990002e-05
7581	-0.03700797725990809	0.039280648992946095	9.999000099990002e-05
7582	-0.005330192337891296	0.039280648992946095	9.999000099990002e-05
7583	0.002536530722025046	0.039280648992946095	9.999000099990002e-05
7584	0.01064259537011654	0.039280648992946095	9.999000099990002e-05
7585	-0.0036399101361127145	0.039280648992946095	9.999000099990002e-05
7586	0.0019254955290744363	0.039280648992946095	9.999000099990002e-05
7587	0.00526714626953248	0.039280648992946095	9.999000099990002e-05
7588	-0.0075452551240315635	0.039280648992946095	9.999000099990002e-05
7589	-0.001384003805267403	0.039280648992946095	9.999000099990002e-05
7590	-0.0367532679431298	0.039280648992946095	9.999000099990002e-05
7591	0.005424410742662561	0.039280648992946095	9.999000099990002e-05
7592	-0.0022922632940951537	0.039280648992946095	9.999000099990002e-05
7593	0.001346397526741261	0.039280648992946095	9.999000099990002e-05
7594	-0.007215259158439652	0.039280648992946095	9.999000099990002e-05
7595	-0.0028229962726745994	0.039280648992946095	9.999000099990002e-05
7596	-0.0016564877647287923	0.039280648992946095	9.999000099990002e-05
7597	-0.00045840033818858594	0.039280648992946095	9.999000099990002e-05
7598	0.004134347862208232	0.039280648992946095	9.999000099990002e-05
7599	0.012383906937329603	0.039280648992946095	9.999000099990002e-05
7600	0.005721955876258636	0.039280648992946095	9.999000099990002e-05
7601	-0.0056731567893681945	0.039280648992946095	9.999000099990002e-05
7602	0.005562724135771441	0.039280648992946095	9.999000099990002e-05
7603	-0.0036172143633084464	0.039280648992946095	9.999000099990002e-05
7604	-0.016739502509557386	0.039280648992946095	9.999000099990002e-05
7605	-0.0016034512699869274	0.039280648992946095	9.999000099990002e-05
7606	-0.0001526115008057688	0.039280648992946095	9.999000099990002e-05
7607	-0.00628634205143315	0.039280648992946095	9.999000099990002e-05
7608	0.002877495084368492	0.039280648992946095	9.999000099990002e-05
7609	0.004014318820374105	0.039280648992946095	9.999000099990002e-05
7610	-0.006226027522001368	0.039280648992946095	9.999000099990002e-05
7611	0.00026683924512031776	0.039280648992946095	9.999000099990002e-05
7612	-0.002415276641376349	0.039280648992946095	9.999000099990002e-05
7613	0.0018248353651687949	0.039280648992946095	9.999000099990002e-05
7614	0.006741205066375211	0.039280648992946095	9.999000099990002e-05
7615	-0.007178886901018908	0.039280648992946095	9.999000099990002e-05
7616	0.0005968235094576668	0.039280648992946095	9.999000099990002e-05
7617	-0.005461217063220003	0.039280648992946095	9.999000099990002e-05
7618	-0.013295625190773541	0.039280648992946095	9.999000099990002e-05
7619	-0.008124446687848466	0.039280648992946095	9.999000099990002e-05
7620	-0.009425407466209318	0.039280648992946095	9.999000099990002e-05
7621	-0.006448349077031484	0.039280648992946095	9.999000099990002e-05
7622	-0.00883497580348061	0.039280648992946095	9.999000099990002e-05
7623	0.006905471987801032	0.039280648992946095	9.999000099990002e-05
7624	-0.009238409571109635	0.039280648992946095	9.999000099990002e-05
7625	0.0019503802618848487	0.039280648992946095	9.999000099990002e-05
7626	-0.000537105792562359	0.039280648992946095	9.999000099990002e-05
7627	-0.02422854388408173	0.039280648992946095	9.999000099990002e-05
7628	-0.008846635690969593	0.039280648992946095	9.999000099990002e-05
7629	0.009094465252689976	0.039280648992946095	9.999000099990002e-05
7630	-0.01365633039499295	0.039280648992946095	9.999000099990002e-05
7631	0.0017262367583978505	0.039280648992946095	9.999000099990002e-05
7632	-0.0003524188224128394	0.039280648992946095	9.999000099990002e-05
7633	0.0028588452752380533	0.039280648992946095	9.999000099990002e-05
7634	0.006737104480662379	0.039280648992946095	9.999000099990002e-05
7635	-0.0014646542897593096	0.039280648992946095	9.999000099990002e-05
7636	0.006867939752483315	0.039280648992946095	9.999000099990002e-05
7637	-0.01343919472917618	0.039280648992946095	9.999000099990002e-05
7638	-0.024194356216903995	0.039280648992946095	9.999000099990002e-05
7639	-0.006710631290404501	0.039280648992946095	9.999000099990002e-05
7640	0.006933212457916935	0.039280648992946095	9.999000099990002e-05
7641	0.006307866145085939	0.039280648992946095	9.999000099990002e-05
7642	0.016939698351658844	0.039280648992946095	9.999000099990002e-05
7643	-0.006282777635655282	0.039280648992946095	9.999000099990002e-05
7644	-0.012607977320113692	0.039280648992946095	9.999000099990002e-05
7645	-0.00017081457448646364	0.039280648992946095	9.999000099990002e-05
7646	-0.007185529475045166	0.039280648992946095	9.999000099990002e-05
7647	0.005840740943638026	0.039280648992946095	9.999000099990002e-05
7648	-0.03027793907463594	0.039280648992946095	9.999000099990002e-05
7649	-0.005086298816025778	0.039280648992946095	9.999000099990002e-05
7650	0.002011496351531833	0.039280648992946095	9.999000099990002e-05
7651	0.0066878446265273145	0.039280648992946095	9.999000099990002e-05
7652	0.0038021507983792696	0.039280648992946095	9.999000099990002e-05
7653	-0.009202005705735664	0.039280648992946095	9.999000099990002e-05
7654	-0.008401016375828102	0.039280648992946095	9.999000099990002e-05
7655	0.008359670842446293	0.039280648992946095	9.999000099990002e-05
7656	0.00852082120026118	0.039280648992946095	9.999000099990002e-05
7657	-0.0037546211276755226	0.039280648992946095	9.999000099990002e-05
7658	-0.004081192704121134	0.039280648992946095	9.999000099990002e-05
7659	-0.000306938570612883	0.039280648992946095	9.999000099990002e-05
7660	-0.015230143649505062	0.039280648992946095	9.999000099990002e-05
7661	-0.027889521570706885	0.039280648992946095	9.999000099990002e-05
7662	-0.004834149549248476	0.039280648992946095	9.999000099990002e-05
7663	-0.004220362716460507	0.039280648992946095	9.999000099990002e-05
7664	-0.021413387112105164	0.039280648992946095	9.999000099990002e-05
7665	-0.002827850642525845	0.039280648992946095	9.999000099990002e-05
7666	0.013111512310392287	0.039280648992946095	9.999000099990002e-05
7667	-0.00473610842714596	0.039280648992946095	9.999000099990002e-05
7668	9.110193826619706e-05	0.039280648992946095	9.999000099990002e-05
7669	0.011619969460113982	0.039280648992946095	9.999000099990002e-05
7670	-0.008119732247522937	0.039280648992946095	9.999000099990002e-05
7671	-0.0011405172540072533	0.039280648992946095	9.999000099990002e-05
7672	-0.011080866443040627	0.039280648992946095	9.999000099990002e-05
7673	-0.0024578257531805148	0.039280648992946095	9.999000099990002e-05
7674	-0.004853114321194105	0.039280648992946095	9.999000099990002e-05
7675	-0.0005448966432309854	0.039280648992946095	9.999000099990002e-05
7676	-0.004798390952228712	0.039280648992946095	9.999000099990002e-05
7677	-0.011815581420701354	0.039280648992946095	9.999000099990002e-05
7678	-0.019402352790194005	0.039280648992946095	9.999000099990002e-05
7679	-0.0018430792233052884	0.039280648992946095	9.999000099990002e-05
7680	-0.02211926500331829	0.039280648992946095	9.999000099990002e-05
7681	-0.014343149321588686	0.039280648992946095	9.999000099990002e-05
7682	-0.008501025396475764	0.039280648992946095	9.999000099990002e-05
7683	0.0004073170790089148	0.039280648992946095	9.999000099990002e-05
7684	0.003882007296912085	0.039280648992946095	9.999000099990002e-05
7685	-0.000711917098058179	0.039280648992946095	9.999000099990002e-05
7686	0.011261929908504331	0.039280648992946095	9.999000099990002e-05
7687	-0.008504271110863354	0.039280648992946095	9.999000099990002e-05
7688	0.0033921514131078495	0.039280648992946095	9.999000099990002e-05
7689	-0.004358193444956207	0.039280648992946095	9.999000099990002e-05
7690	-0.012416876848631325	0.039280648992946095	9.999000099990002e-05
7691	-0.012342306646757811	0.039280648992946095	9.999000099990002e-05
7692	-0.0003298470537753395	0.039280648992946095	9.999000099990002e-05
7693	-0.0035070320000326893	0.039280648992946095	9.999000099990002e-05
7694	0.015517859437936488	0.039280648992946095	9.999000099990002e-05
7695	-0.006120924959800961	0.039280648992946095	9.999000099990002e-05
7696	-0.0004433108663904617	0.039280648992946095	9.999000099990002e-05
7697	-0.005891218893519554	0.039280648992946095	9.999000099990002e-05
7698	-0.010104264295975024	0.039280648992946095	9.999000099990002e-05
7699	-0.021672293683467098	0.039280648992946095	9.999000099990002e-05
7700	0.0007277582176660885	0.039280648992946095	9.999000099990002e-05
7701	-0.009219414453586788	0.039280648992946095	9.999000099990002e-05
7702	0.007025447378654626	0.039280648992946095	9.999000099990002e-05
7703	-0.005771595414256009	0.039280648992946095	9.999000099990002e-05
7704	0.00357188414004235	0.039280648992946095	9.999000099990002e-05
7705	-0.006555704980414689	0.039280648992946095	9.999000099990002e-05
7706	-0.006389909661507903	0.039280648992946095	9.999000099990002e-05
7707	0.011836163005001843	0.039280648992946095	9.999000099990002e-05
7708	-0.022145518880020393	0.039280648992946095	9.999000099990002e-05
7709	-0.021214935922206288	0.039280648992946095	9.999000099990002e-05
7710	-0.002010252959712175	0.039280648992946095	9.999000099990002e-05
7711	-0.0007722011362539527	0.039280648992946095	9.999000099990002e-05
7712	-0.0032078111593855096	0.039280648992946095	9.999000099990002e-05
7713	0.007456156382285917	0.039280648992946095	9.999000099990002e-05
7714	0.0009303293658942946	0.039280648992946095	9.999000099990002e-05
7715	-0.0035945760286127254	0.039280648992946095	9.999000099990002e-05
7716	0.0008971278085942586	0.039280648992946095	9.999000099990002e-05
7717	-0.011936349923561407	0.039280648992946095	9.999000099990002e-05
7718	0.005681669136481077	0.039280648992946095	9.999000099990002e-05
7719	-0.011663591882846491	0.039280648992946095	9.999000099990002e-05
7720	0.017792305508434553	0.039280648992946095	9.999000099990002e-05
7721	-0.016875636361927307	0.039280648992946095	9.999000099990002e-05
7722	-0.0009802583764219885	0.039280648992946095	9.999000099990002e-05
7723	-0.0020450800688932985	0.039280648992946095	9.999000099990002e-05
7724	-0.03436370662942735	0.039280648992946095	9.999000099990002e-05
7725	-0.009230911106146739	0.039280648992946095	9.999000099990002e-05
7726	-0.0034135130486782905	0.039280648992946095	9.999000099990002e-05
7727	-0.012929680057936849	0.039280648992946095	9.999000099990002e-05
7728	0.0015761762281963215	0.039280648992946095	9.999000099990002e-05
7729	-0.001353678960135829	0.039280648992946095	9.999000099990002e-05
7730	0.006363475216483061	0.039280648992946095	9.999000099990002e-05
7731	-0.012049920358396693	0.039280648992946095	9.999000099990002e-05
7732	0.0009029026447704841	0.039280648992946095	9.999000099990002e-05
7733	-0.0026461328778641657	0.039280648992946095	9.999000099990002e-05
7734	0.0045052109206731306	0.039280648992946095	9.999000099990002e-05
7735	-0.0012533132697116062	0.039280648992946095	9.999000099990002e-05
7736	0.003863870352313281	0.039280648992946095	9.999000099990002e-05
7737	-0.015661708932496438	0.039280648992946095	9.999000099990002e-05
7738	0.021324714130946304	0.039280648992946095	9.999000099990002e-05
7739	-0.02033137214965751	0.039280648992946095	9.999000099990002e-05
7740	0.000672169732708533	0.039280648992946095	9.999000099990002e-05
7741	-0.01540904864619859	0.039280648992946095	9.999000099990002e-05
7742	0.0007170287012984999	0.039280648992946095	9.999000099990002e-05
7743	0.0074103397072786265	0.039280648992946095	9.999000099990002e-05
7744	-0.020491449827732044	0.039280648992946095	9.999000099990002e-05
7745	0.009172472321811148	0.039280648992946095	9.999000099990002e-05
7746	-0.0025670859993318917	0.039280648992946095	9.999000099990002e-05
7747	-0.049440731108757824	0.039280648992946095	9.999000099990002e-05
7748	-0.015947195170677622	0.039280648992946095	9.999000099990002e-05
7749	-0.0021051814509906175	0.039280648992946095	9.999000099990002e-05
7750	-0.005979598032384986	0.039280648992946095	9.999000099990002e-05
7751	-0.0010093368680055975	0.039280648992946095	9.999000099990002e-05
7752	0.00015528846624671133	0.039280648992946095	9.999000099990002e-05
7753	-0.005179277761764217	0.039280648992946095	9.999000099990002e-05
7754	0.00485139020687822	0.039280648992946095	9.999000099990002e-05
7755	-0.017319487233933686	0.039280648992946095	9.999000099990002e-05
7756	0.00018790903926335645	0.039280648992946095	9.999000099990002e-05
7757	-0.016836368408144967	0.039280648992946095	9.999000099990002e-05
7758	0.009046363094464466	0.039280648992946095	9.999000099990002e-05
7759	-0.009009900480052943	0.039280648992946095	9.999000099990002e-05
7760	-0.027110683735330418	0.039280648992946095	9.999000099990002e-05
7761	-0.02136758349783427	0.039280648992946095	9.999000099990002e-05
7762	0.005165894828123657	0.039280648992946095	9.999000099990002e-05
7763	-0.019366259420766224	0.039280648992946095	9.999000099990002e-05
7764	-0.007174710621298222	0.039280648992946095	9.999000099990002e-05
7765	0.001292340983628154	0.039280648992946095	9.999000099990002e-05
7766	-0.02251574662348038	0.039280648992946095	9.999000099990002e-05
7767	-0.017723422456157323	0.039280648992946095	9.999000099990002e-05
7768	0.009622012965271681	0.039280648992946095	9.999000099990002e-05
7769	-0.020821087084324646	0.039280648992946095	9.999000099990002e-05
7770	-0.004950612864375786	0.039280648992946095	9.999000099990002e-05
7771	0.0009361535803938115	0.039280648992946095	9.999000099990002e-05
7772	-0.00532640156838371	0.039280648992946095	9.999000099990002e-05
7773	-0.015253947254366393	0.039280648992946095	9.999000099990002e-05
7774	-0.010212965892187814	0.039280648992946095	9.999000099990002e-05
7775	-0.006157915198832867	0.039280648992946095	9.999000099990002e-05
7776	-3.757957441816173e-05	0.039280648992946095	9.999000099990002e-05
7777	-0.003514259636787906	0.039280648992946095	9.999000099990002e-05
7778	-0.00870258130307218	0.039280648992946095	9.999000099990002e-05
7779	-0.00022704594870497086	0.039280648992946095	9.999000099990002e-05
7780	-0.015724413625249636	0.039280648992946095	9.999000099990002e-05
7781	-0.019559247775575717	0.039280648992946095	9.999000099990002e-05
7782	-0.0018236215420796287	0.039280648992946095	9.999000099990002e-05
7783	-0.013019544867710536	0.039280648992946095	9.999000099990002e-05
7784	-0.009590379473191163	0.039280648992946095	9.999000099990002e-05
7785	0.008054027275410824	0.039280648992946095	9.999000099990002e-05
7786	-0.014867943258004404	0.039280648992946095	9.999000099990002e-05
7787	-0.008511563954194945	0.039280648992946095	9.999000099990002e-05
7788	0.0171243508006797	0.039280648992946095	9.999000099990002e-05
7789	-0.005226926192918979	0.039280648992946095	9.999000099990002e-05
7790	0.008044977495986955	0.039280648992946095	9.999000099990002e-05
7791	-0.011059080746235697	0.039280648992946095	9.999000099990002e-05
7792	-0.008334857191115971	0.039280648992946095	9.999000099990002e-05
7793	0.001522508594001007	0.039280648992946095	9.999000099990002e-05
7794	-0.00727543133069955	0.039280648992946095	9.999000099990002e-05
7795	-0.013929139756148068	0.039280648992946095	9.999000099990002e-05
7796	-0.005868453690034567	0.039280648992946095	9.999000099990002e-05
7797	0.0028433231483379895	0.039280648992946095	9.999000099990002e-05
7798	-0.010923829731675022	0.039280648992946095	9.999000099990002e-05
7799	0.008007361264111501	0.039280648992946095	9.999000099990002e-05
7800	-0.00569092380924234	0.039280648992946095	9.999000099990002e-05
7801	-0.006542630017968315	0.039280648992946095	9.999000099990002e-05
7802	-0.011125207060618564	0.039280648992946095	9.999000099990002e-05
7803	0.0073669295579279065	0.039280648992946095	9.999000099990002e-05
7804	0.0010118660869000984	0.039280648992946095	9.999000099990002e-05
7805	-0.005188408964440866	0.039280648992946095	9.999000099990002e-05
7806	-0.003665394109105824	0.039280648992946095	9.999000099990002e-05
7807	-0.0019691060563406804	0.039280648992946095	9.999000099990002e-05
7808	-0.011423149842658659	0.039280648992946095	9.999000099990002e-05
7809	-0.0025697626249023414	0.039280648992946095	9.999000099990002e-05
7810	0.0032165393242436224	0.039280648992946095	9.999000099990002e-05
7811	0.004912873308074467	0.039280648992946095	9.999000099990002e-05
7812	-0.0017600861088041542	0.039280648992946095	9.999000099990002e-05
7813	-0.012061557231799913	0.039280648992946095	9.999000099990002e-05
7814	-0.006397693423449688	0.039280648992946095	9.999000099990002e-05
7815	-0.020581570220095408	0.039280648992946095	9.999000099990002e-05
7816	0.008922796632277935	0.039280648992946095	9.999000099990002e-05
7817	0.00780147836951961	0.039280648992946095	9.999000099990002e-05
7818	-0.010648923466856836	0.039280648992946095	9.999000099990002e-05
7819	0.007743066434950777	0.039280648992946095	9.999000099990002e-05
7820	-0.00952230618657321	0.039280648992946095	9.999000099990002e-05
7821	0.002631785246185264	0.039280648992946095	9.999000099990002e-05
7822	-0.016545394815647957	0.039280648992946095	9.999000099990002e-05
7823	-0.012179072348910469	0.039280648992946095	9.999000099990002e-05
7824	0.006615074572848004	0.039280648992946095	9.999000099990002e-05
7825	-0.006108460404709692	0.039280648992946095	9.999000099990002e-05
7826	0.007249693231704504	0.039280648992946095	9.999000099990002e-05
7827	0.0044163117314433425	0.039280648992946095	9.999000099990002e-05
7828	0.003082535391524782	0.039280648992946095	9.999000099990002e-05
7829	0.006424810037050685	0.039280648992946095	9.999000099990002e-05
7830	-0.017871949005291626	0.039280648992946095	9.999000099990002e-05
7831	-0.0068494233667868165	0.039280648992946095	9.999000099990002e-05
7832	-0.0008300160155217118	0.039280648992946095	9.999000099990002e-05
7833	-0.005793111836546808	0.039280648992946095	9.999000099990002e-05
7834	0.013557074235978128	0.039280648992946095	9.999000099990002e-05
7835	-0.003827444055488599	0.039280648992946095	9.999000099990002e-05
7836	-0.011415591900364383	0.039280648992946095	9.999000099990002e-05
7837	-0.029578907485516365	0.039280648992946095	9.999000099990002e-05
7838	-0.00861490943464438	0.039280648992946095	9.999000099990002e-05
7839	-0.0034452042216320394	0.039280648992946095	9.999000099990002e-05
7840	-0.007647148143772459	0.039280648992946095	9.999000099990002e-05
7841	0.0007054391669957527	0.039280648992946095	9.999000099990002e-05
7842	-0.0020180927517277486	0.039280648992946095	9.999000099990002e-05
7843	0.013141932464912826	0.039280648992946095	9.999000099990002e-05
7844	-0.006983026009592358	0.039280648992946095	9.999000099990002e-05
7845	0.004666679834219534	0.039280648992946095	9.999000099990002e-05
7846	-0.008154957830547788	0.039280648992946095	9.999000099990002e-05
7847	0.013425661427131363	0.039280648992946095	9.999000099990002e-05
7848	-0.005969226788040433	0.039280648992946095	9.999000099990002e-05
7849	-0.029468474686260834	0.039280648992946095	9.999000099990002e-05
7850	-0.001278614343841647	0.039280648992946095	9.999000099990002e-05
7851	0.0035584625582746054	0.039280648992946095	9.999000099990002e-05
7852	-0.015978419895694623	0.039280648992946095	9.999000099990002e-05
7853	-0.014071271691036807	0.039280648992946095	9.999000099990002e-05
7854	0.0007805610271868213	0.039280648992946095	9.999000099990002e-05
7855	0.00028673128080025645	0.039280648992946095	9.999000099990002e-05
7856	-0.004729822231578695	0.039280648992946095	9.999000099990002e-05
7857	0.0048090491929045215	0.039280648992946095	9.999000099990002e-05
7858	-0.00813499971433887	0.039280648992946095	9.999000099990002e-05
7859	-0.004573489246287282	0.039280648992946095	9.999000099990002e-05
7860	0.007257048125672405	0.039280648992946095	9.999000099990002e-05
7861	-0.013324529377361533	0.039280648992946095	9.999000099990002e-05
7862	0.0022877681673253852	0.039280648992946095	9.999000099990002e-05
7863	-0.008931727311380255	0.039280648992946095	9.999000099990002e-05
7864	0.0032647967547187184	0.039280648992946095	9.999000099990002e-05
7865	0.00686888099945962	0.039280648992946095	9.999000099990002e-05
7866	-0.018021784395586576	0.039280648992946095	9.999000099990002e-05
7867	-0.010289624403856876	0.039280648992946095	9.999000099990002e-05
7868	0.00722971185864521	0.039280648992946095	9.999000099990002e-05
7869	-0.011733703081325347	0.039280648992946095	9.999000099990002e-05
7870	-0.007866904113768308	0.039280648992946095	9.999000099990002e-05
7871	0.0022238393097102627	0.039280648992946095	9.999000099990002e-05
7872	0.017458066648510767	0.039280648992946095	9.999000099990002e-05
7873	0.007051355801305531	0.039280648992946095	9.999000099990002e-05
7874	-0.02455335187268455	0.039280648992946095	9.999000099990002e-05
7875	-0.0005835975474189625	0.039280648992946095	9.999000099990002e-05
7876	-0.004315858500097941	0.039280648992946095	9.999000099990002e-05
7877	-0.0007814262402848077	0.039280648992946095	9.999000099990002e-05
7878	-0.004960213379611639	0.039280648992946095	9.999000099990002e-05
7879	0.0011371866691092664	0.039280648992946095	9.999000099990002e-05
7880	0.0023682168173140283	0.039280648992946095	9.999000099990002e-05
7881	0.00885900440258977	0.039280648992946095	9.999000099990002e-05
7882	0.004824578408531413	0.039280648992946095	9.999000099990002e-05
7883	-0.006120197782664705	0.039280648992946095	9.999000099990002e-05
7884	0.0034488353005739797	0.039280648992946095	9.999000099990002e-05
7885	-0.000176665978623175	0.039280648992946095	9.999000099990002e-05
7886	-0.0035149293272626753	0.039280648992946095	9.999000099990002e-05
7887	0.014216728772896092	0.039280648992946095	9.999000099990002e-05
7888	0.0009562979456175374	0.039280648992946095	9.999000099990002e-05
7889	0.00810131976508291	0.039280648992946095	9.999000099990002e-05
7890	-0.01608020692440336	0.039280648992946095	9.999000099990002e-05
7891	-0.0026328462246710538	0.039280648992946095	9.999000099990002e-05
7892	0.013108518779889694	0.039280648992946095	9.999000099990002e-05
7893	0.006248422072467855	0.039280648992946095	9.999000099990002e-05
7894	-0.005812955222197311	0.039280648992946095	9.999000099990002e-05
7895	-0.0025676261020536606	0.039280648992946095	9.999000099990002e-05
7896	-0.0005045159535463084	0.039280648992946095	9.999000099990002e-05
7897	-0.0059055066594437405	0.039280648992946095	9.999000099990002e-05
7898	-0.0030058812496188275	0.039280648992946095	9.999000099990002e-05
7899	-0.0011072540830471683	0.039280648992946095	9.999000099990002e-05
7900	-0.007544832616490679	0.039280648992946095	9.999000099990002e-05
7901	0.0028302376984601363	0.039280648992946095	9.999000099990002e-05
7902	-0.00023681877826656206	0.039280648992946095	9.999000099990002e-05
7903	-0.009408922243517373	0.039280648992946095	9.999000099990002e-05
7904	-0.004699937615805089	0.039280648992946095	9.999000099990002e-05
7905	-0.01103668901183881	0.039280648992946095	9.999000099990002e-05
7906	-0.0025142234697151516	0.039280648992946095	9.999000099990002e-05
7907	-0.009233531216114171	0.039280648992946095	9.999000099990002e-05
7908	0.0012335408684353705	0.039280648992946095	9.999000099990002e-05
7909	0.005449556690201793	0.039280648992946095	9.999000099990002e-05
7910	-0.009381646910409241	0.039280648992946095	9.999000099990002e-05
7911	0.0038342366094957364	0.039280648992946095	9.999000099990002e-05
7912	-0.01612736264048975	0.039280648992946095	9.999000099990002e-05
7913	-0.002777247765971949	0.039280648992946095	9.999000099990002e-05
7914	-0.025905261952708952	0.039280648992946095	9.999000099990002e-05
7915	-0.012915885395504409	0.039280648992946095	9.999000099990002e-05
7916	-0.010701609021067163	0.039280648992946095	9.999000099990002e-05
7917	-0.000422328332047181	0.039280648992946095	9.999000099990002e-05
7918	0.0029505674771028445	0.039280648992946095	9.999000099990002e-05
7919	0.002904900830629331	0.039280648992946095	9.999000099990002e-05
7920	-0.0016683825998149437	0.039280648992946095	9.999000099990002e-05
7921	-0.030794508048693395	0.039280648992946095	9.999000099990002e-05
7922	-0.003957392993689801	0.039280648992946095	9.999000099990002e-05
7923	-0.04965818936019875	0.039280648992946095	9.999000099990002e-05
7924	-0.01044800073893666	0.039280648992946095	9.999000099990002e-05
7925	0.0018882143609244978	0.039280648992946095	9.999000099990002e-05
7926	-0.012764397700667549	0.039280648992946095	9.999000099990002e-05
7927	0.004684988413403146	0.039280648992946095	9.999000099990002e-05
7928	-0.012228373036054258	0.039280648992946095	9.999000099990002e-05
7929	0.004075226957849426	0.039280648992946095	9.999000099990002e-05
7930	0.005761114634515868	0.039280648992946095	9.999000099990002e-05
7931	0.008804575070129508	0.039280648992946095	9.999000099990002e-05
7932	-0.005945181438172645	0.039280648992946095	9.999000099990002e-05
7933	-0.003674978796088607	0.039280648992946095	9.999000099990002e-05
7934	0.00549639448174466	0.039280648992946095	9.999000099990002e-05
7935	-0.00837563091671692	0.039280648992946095	9.999000099990002e-05
7936	-0.007777350431128843	0.039280648992946095	9.999000099990002e-05
7937	0.005266047759636766	0.039280648992946095	9.999000099990002e-05
7938	0.0006058088105989901	0.039280648992946095	9.999000099990002e-05
7939	0.01038680827554092	0.039280648992946095	9.999000099990002e-05
7940	0.005808445578103422	0.039280648992946095	9.999000099990002e-05
7941	-0.008261292083313249	0.039280648992946095	9.999000099990002e-05
7942	0.013415978566137104	0.039280648992946095	9.999000099990002e-05
7943	-0.0013668526792287305	0.039280648992946095	9.999000099990002e-05
7944	0.010361710929478199	0.039280648992946095	9.999000099990002e-05
7945	-0.004686837260179683	0.039280648992946095	9.999000099990002e-05
7946	-0.01154109324510802	0.039280648992946095	9.999000099990002e-05
7947	-0.0032295915639217465	0.039280648992946095	9.999000099990002e-05
7948	-0.02999723661035511	0.039280648992946095	9.999000099990002e-05
7949	-0.0035746032979738357	0.039280648992946095	9.999000099990002e-05
7950	-0.01832870878874579	0.039280648992946095	9.999000099990002e-05
7951	-0.04323352774943541	0.039280648992946095	9.999000099990002e-05
7952	0.0016365956319430303	0.039280648992946095	9.999000099990002e-05
7953	-0.0022302847588668434	0.039280648992946095	9.999000099990002e-05
7954	-0.011301742237665668	0.039280648992946095	9.999000099990002e-05
7955	-0.0017046085187240462	0.039280648992946095	9.999000099990002e-05
7956	-0.004788427358230415	0.039280648992946095	9.999000099990002e-05
7957	0.012962283346112713	0.039280648992946095	9.999000099990002e-05
7958	-0.0006044425313297824	0.039280648992946095	9.999000099990002e-05
7959	0.008900284923606908	0.039280648992946095	9.999000099990002e-05
7960	0.0013631385747874952	0.039280648992946095	9.999000099990002e-05
7961	-0.00027462611444920015	0.039280648992946095	9.999000099990002e-05
7962	-0.01449348810859516	0.039280648992946095	9.999000099990002e-05
7963	0.0040328805545011975	0.039280648992946095	9.999000099990002e-05
7964	-0.030590613153557003	0.039280648992946095	9.999000099990002e-05
7965	0.012190060700913607	0.039280648992946095	9.999000099990002e-05
7966	0.017919295777132305	0.039280648992946095	9.999000099990002e-05
7967	0.0014906825410256203	0.039280648992946095	9.999000099990002e-05
7968	0.004750938529226395	0.039280648992946095	9.999000099990002e-05
7969	0.0026760105505697213	0.039280648992946095	9.999000099990002e-05
7970	-0.029117988998499877	0.039280648992946095	9.999000099990002e-05
7971	-0.03384826617097239	0.039280648992946095	9.999000099990002e-05
7972	-0.003905767398353868	0.039280648992946095	9.999000099990002e-05
7973	0.003292211968799655	0.039280648992946095	9.999000099990002e-05
7974	-0.007389131596052437	0.039280648992946095	9.999000099990002e-05
7975	-0.012375451397137319	0.039280648992946095	9.999000099990002e-05
7976	-0.00046100233791550316	0.039280648992946095	9.999000099990002e-05
7977	-0.009688180403980812	0.039280648992946095	9.999000099990002e-05
7978	0.0036054024566157528	0.039280648992946095	9.999000099990002e-05
7979	-0.0019957909858982353	0.039280648992946095	9.999000099990002e-05
7980	-0.00030389959457385873	0.039280648992946095	9.999000099990002e-05
7981	-0.00399121447471798	0.039280648992946095	9.999000099990002e-05
7982	-0.022378374283136118	0.039280648992946095	9.999000099990002e-05
7983	0.009803263796467412	0.039280648992946095	9.999000099990002e-05
7984	0.00498689117188944	0.039280648992946095	9.999000099990002e-05
7985	-0.008059260649383407	0.039280648992946095	9.999000099990002e-05
7986	-0.005564367409469598	0.039280648992946095	9.999000099990002e-05
7987	0.01000169347742115	0.039280648992946095	9.999000099990002e-05
7988	-0.0006392973642302541	0.039280648992946095	9.999000099990002e-05
7989	0.0008688800575328975	0.039280648992946095	9.999000099990002e-05
7990	-0.0027653324901049936	0.039280648992946095	9.999000099990002e-05
7991	-0.00029459530072468987	0.039280648992946095	9.999000099990002e-05
7992	0.0014315624135135818	0.039280648992946095	9.999000099990002e-05
7993	-0.004475316788526501	0.039280648992946095	9.999000099990002e-05
7994	-0.01329679118923302	0.039280648992946095	9.999000099990002e-05
7995	-0.006232712191412346	0.039280648992946095	9.999000099990002e-05
7996	-0.004009094137374797	0.039280648992946095	9.999000099990002e-05
7997	-0.001160956772453342	0.039280648992946095	9.999000099990002e-05
7998	-0.0007871262078529007	0.039280648992946095	9.999000099990002e-05
7999	-0.004864142875017977	0.039280648992946095	9.999000099990002e-05
8000	-0.02289165967152558	0.039280648992946095	9.999000099990002e-05
8001	0.00255396729070137	0.039280648992946095	9.999000099990002e-05
8002	-0.0031928324368060146	0.039280648992946095	9.999000099990002e-05
8003	-0.002674808865711406	0.039280648992946095	9.999000099990002e-05
8004	0.0010459491710804458	0.039280648992946095	9.999000099990002e-05
8005	0.009096419362204816	0.039280648992946095	9.999000099990002e-05
8006	0.0036539380953429096	0.039280648992946095	9.999000099990002e-05
8007	-0.005086657233707562	0.039280648992946095	9.999000099990002e-05
8008	0.0034473491441365106	0.039280648992946095	9.999000099990002e-05
8009	-0.024876139914008208	0.039280648992946095	9.999000099990002e-05
8010	-0.0052622228574239205	0.039280648992946095	9.999000099990002e-05
8011	-0.008661216057203422	0.039280648992946095	9.999000099990002e-05
8012	0.003184291200703654	0.039280648992946095	9.999000099990002e-05
8013	-0.008861980308381076	0.039280648992946095	9.999000099990002e-05
8014	0.003032779957698864	0.039280648992946095	9.999000099990002e-05
8015	-0.001113694239935084	0.039280648992946095	9.999000099990002e-05
8016	-0.011494980591478604	0.039280648992946095	9.999000099990002e-05
8017	-0.009098647358761508	0.039280648992946095	9.999000099990002e-05
8018	-0.020077256052499437	0.039280648992946095	9.999000099990002e-05
8019	0.0004246849452984175	0.039280648992946095	9.999000099990002e-05
8020	-0.0017416593032516525	0.039280648992946095	9.999000099990002e-05
8021	-0.014475492647215663	0.039280648992946095	9.999000099990002e-05
8022	-0.002164927862663729	0.039280648992946095	9.999000099990002e-05
8023	-0.014737411296296979	0.039280648992946095	9.999000099990002e-05
8024	-0.008029698619234	0.039280648992946095	9.999000099990002e-05
8025	-0.005198836481623864	0.039280648992946095	9.999000099990002e-05
8026	0.0001831914915507299	0.039280648992946095	9.999000099990002e-05
8027	-0.0025734146301543276	0.039280648992946095	9.999000099990002e-05
8028	-0.006088162223824106	0.039280648992946095	9.999000099990002e-05
8029	-0.0027576367060607038	0.039280648992946095	9.999000099990002e-05
8030	-0.006564557537862975	0.039280648992946095	9.999000099990002e-05
8031	-0.012156360456535564	0.039280648992946095	9.999000099990002e-05
8032	0.00023185089168002715	0.039280648992946095	9.999000099990002e-05
8033	-0.0013028130238420255	0.039280648992946095	9.999000099990002e-05
8034	-0.01366207697336766	0.039280648992946095	9.999000099990002e-05
8035	-0.0028500704024674584	0.039280648992946095	9.999000099990002e-05
8036	-0.004649748215948296	0.039280648992946095	9.999000099990002e-05
8037	-0.001501530575079596	0.039280648992946095	9.999000099990002e-05
8038	-0.011300825509915777	0.039280648992946095	9.999000099990002e-05
8039	-0.007828006618792821	0.039280648992946095	9.999000099990002e-05
8040	-0.0061644565885664165	0.039280648992946095	9.999000099990002e-05
8041	-0.009879182167369577	0.039280648992946095	9.999000099990002e-05
8042	-0.004743127431988611	0.039280648992946095	9.999000099990002e-05
8043	0.0006114952804543161	0.039280648992946095	9.999000099990002e-05
8044	0.012862875847635125	0.039280648992946095	9.999000099990002e-05
8045	-0.013253664103426738	0.039280648992946095	9.999000099990002e-05
8046	-0.005350405114184303	0.039280648992946095	9.999000099990002e-05
8047	1.8028768685104946e-05	0.039280648992946095	9.999000099990002e-05
8048	0.0009730654064541711	0.039280648992946095	9.999000099990002e-05
8049	-0.005010026202993248	0.039280648992946095	9.999000099990002e-05
8050	-0.013069624489407142	0.039280648992946095	9.999000099990002e-05
8051	-0.0012059424641737981	0.039280648992946095	9.999000099990002e-05
8052	-0.011339131727388096	0.039280648992946095	9.999000099990002e-05
8053	0.001203190144595509	0.039280648992946095	9.999000099990002e-05
8054	-0.023890425160035658	0.039280648992946095	9.999000099990002e-05
8055	-0.017087942953965984	0.039280648992946095	9.999000099990002e-05
8056	0.004652422996507671	0.039280648992946095	9.999000099990002e-05
8057	-0.02944801696046842	0.039280648992946095	9.999000099990002e-05
8058	-0.006877012109016589	0.039280648992946095	9.999000099990002e-05
8059	-0.032944911935459814	0.039280648992946095	9.999000099990002e-05
8060	-0.007023565952866351	0.039280648992946095	9.999000099990002e-05
8061	-0.0015830922037351758	0.039280648992946095	9.999000099990002e-05
8062	-0.012138033378688087	0.039280648992946095	9.999000099990002e-05
8063	0.00017211792916674296	0.039280648992946095	9.999000099990002e-05
8064	-0.025590667265790318	0.039280648992946095	9.999000099990002e-05
8065	-0.0002971668577685521	0.039280648992946095	9.999000099990002e-05
8066	-0.0005320064246587819	0.039280648992946095	9.999000099990002e-05
8067	-0.0019915817387424345	0.039280648992946095	9.999000099990002e-05
8068	-0.0039463857545994074	0.039280648992946095	9.999000099990002e-05
8069	0.010892208426378322	0.039280648992946095	9.999000099990002e-05
8070	-0.0010084859294671178	0.039280648992946095	9.999000099990002e-05
8071	-0.002150708847679317	0.039280648992946095	9.999000099990002e-05
8072	-0.004690479943270362	0.039280648992946095	9.999000099990002e-05
8073	0.002471320698415755	0.039280648992946095	9.999000099990002e-05
8074	-0.0011666248893035663	0.039280648992946095	9.999000099990002e-05
8075	0.003406278031878693	0.039280648992946095	9.999000099990002e-05
8076	0.005753351798884115	0.039280648992946095	9.999000099990002e-05
8077	-0.002814508444788144	0.039280648992946095	9.999000099990002e-05
8078	-0.009515159438988646	0.039280648992946095	9.999000099990002e-05
8079	0.00881221730029906	0.039280648992946095	9.999000099990002e-05
8080	0.0039425924603398305	0.039280648992946095	9.999000099990002e-05
8081	-0.0019943222114073844	0.039280648992946095	9.999000099990002e-05
8082	-0.0037240368642733196	0.039280648992946095	9.999000099990002e-05
8083	0.005868676062424513	0.039280648992946095	9.999000099990002e-05
8084	-0.03016427318475294	0.039280648992946095	9.999000099990002e-05
8085	-0.006662219073209075	0.039280648992946095	9.999000099990002e-05
8086	0.012976394864924357	0.039280648992946095	9.999000099990002e-05
8087	0.00020822227155523065	0.039280648992946095	9.999000099990002e-05
8088	0.0014102941937680635	0.039280648992946095	9.999000099990002e-05
8089	0.00797561464371907	0.039280648992946095	9.999000099990002e-05
8090	-0.011328561221845182	0.039280648992946095	9.999000099990002e-05
8091	-0.016850984100514915	0.039280648992946095	9.999000099990002e-05
8092	-0.01501033825263301	0.039280648992946095	9.999000099990002e-05
8093	-0.0006047164183716341	0.039280648992946095	9.999000099990002e-05
8094	0.0008225211434751689	0.039280648992946095	9.999000099990002e-05
8095	-0.009841993007009803	0.039280648992946095	9.999000099990002e-05
8096	0.004138722432068767	0.039280648992946095	9.999000099990002e-05
8097	-0.006568239403162979	0.039280648992946095	9.999000099990002e-05
8098	-0.0069795701581515796	0.039280648992946095	9.999000099990002e-05
8099	0.006718089068017449	0.039280648992946095	9.999000099990002e-05
8100	0.00516803154518404	0.039280648992946095	9.999000099990002e-05
8101	-0.001281240085948182	0.039280648992946095	9.999000099990002e-05
8102	-0.0071119782048256475	0.039280648992946095	9.999000099990002e-05
8103	-0.00044905098722633485	0.039280648992946095	9.999000099990002e-05
8104	0.0018309483724576747	0.039280648992946095	9.999000099990002e-05
8105	0.005163918578475674	0.039280648992946095	9.999000099990002e-05
8106	-0.03209784626950968	0.039280648992946095	9.999000099990002e-05
8107	0.008032317855248786	0.039280648992946095	9.999000099990002e-05
8108	-0.025126755636694614	0.039280648992946095	9.999000099990002e-05
8109	-0.002875917842646375	0.039280648992946095	9.999000099990002e-05
8110	-0.0005695313770379684	0.039280648992946095	9.999000099990002e-05
8111	-0.007145456416684223	0.039280648992946095	9.999000099990002e-05
8112	-0.012974005381343856	0.039280648992946095	9.999000099990002e-05
8113	-0.0013738637699448886	0.039280648992946095	9.999000099990002e-05
8114	-0.003626345371773393	0.039280648992946095	9.999000099990002e-05
8115	-0.001619026756549971	0.039280648992946095	9.999000099990002e-05
8116	-0.012780880107289908	0.039280648992946095	9.999000099990002e-05
8117	-0.00022046105555191542	0.039280648992946095	9.999000099990002e-05
8118	-0.00777424794786577	0.039280648992946095	9.999000099990002e-05
8119	-0.0015144643941771702	0.039280648992946095	9.999000099990002e-05
8120	-0.022915358741942476	0.039280648992946095	9.999000099990002e-05
8121	-0.015331702430920094	0.039280648992946095	9.999000099990002e-05
8122	-0.003049534454904884	0.039280648992946095	9.999000099990002e-05
8123	-0.0125482053696028	0.039280648992946095	9.999000099990002e-05
8124	1.0893382484639114e-05	0.039280648992946095	9.999000099990002e-05
8125	0.00219635505337204	0.039280648992946095	9.999000099990002e-05
8126	0.0002452814071856879	0.039280648992946095	9.999000099990002e-05
8127	-0.003404269640195287	0.039280648992946095	9.999000099990002e-05
8128	0.005724798115851387	0.039280648992946095	9.999000099990002e-05
8129	-0.012982029674469	0.039280648992946095	9.999000099990002e-05
8130	0.001999051751692127	0.039280648992946095	9.999000099990002e-05
8131	-0.006048341980536193	0.039280648992946095	9.999000099990002e-05
8132	-0.0020117917960717213	0.039280648992946095	9.999000099990002e-05
8133	-0.009581363583708008	0.039280648992946095	9.999000099990002e-05
8134	-0.019731919353729893	0.039280648992946095	9.999000099990002e-05
8135	-0.01285753216142016	0.039280648992946095	9.999000099990002e-05
8136	0.008066352046635125	0.039280648992946095	9.999000099990002e-05
8137	-0.009955022319511925	0.039280648992946095	9.999000099990002e-05
8138	-0.003174283811968312	0.039280648992946095	9.999000099990002e-05
8139	-0.012558517816356932	0.039280648992946095	9.999000099990002e-05
8140	-0.020548360311692493	0.039280648992946095	9.999000099990002e-05
8141	-0.01730893027465645	0.039280648992946095	9.999000099990002e-05
8142	-0.005318117371458708	0.039280648992946095	9.999000099990002e-05
8143	-0.00451203639356243	0.039280648992946095	9.999000099990002e-05
8144	-0.002540978752458928	0.039280648992946095	9.999000099990002e-05
8145	0.0022712520649740553	0.039280648992946095	9.999000099990002e-05
8146	-0.0012047136867841673	0.039280648992946095	9.999000099990002e-05
8147	-0.004483026118836442	0.039280648992946095	9.999000099990002e-05
8148	-0.003973869088432114	0.039280648992946095	9.999000099990002e-05
8149	0.00024172932385038703	0.039280648992946095	9.999000099990002e-05
8150	-0.014549120388289774	0.039280648992946095	9.999000099990002e-05
8151	-0.001617786180799885	0.039280648992946095	9.999000099990002e-05
8152	-0.004793556489076159	0.039280648992946095	9.999000099990002e-05
8153	0.00045351173852622995	0.039280648992946095	9.999000099990002e-05
8154	-0.0294097562370855	0.039280648992946095	9.999000099990002e-05
8155	-0.015247084832702235	0.039280648992946095	9.999000099990002e-05
8156	-0.009469873495988823	0.039280648992946095	9.999000099990002e-05
8157	-0.0017553848748738388	0.039280648992946095	9.999000099990002e-05
8158	-0.002680181635127593	0.039280648992946095	9.999000099990002e-05
8159	-0.01792799082889654	0.039280648992946095	9.999000099990002e-05
8160	-0.026965163097694186	0.039280648992946095	9.999000099990002e-05
8161	0.008190618107897313	0.039280648992946095	9.999000099990002e-05
8162	0.008378024478742988	0.039280648992946095	9.999000099990002e-05
8163	-0.00034497852385236005	0.039280648992946095	9.999000099990002e-05
8164	-0.005395903476224734	0.039280648992946095	9.999000099990002e-05
8165	0.00650890112736538	0.039280648992946095	9.999000099990002e-05
8166	0.004193361416053018	0.039280648992946095	9.999000099990002e-05
8167	-0.012446941838515982	0.039280648992946095	9.999000099990002e-05
8168	-0.0008340436261904394	0.039280648992946095	9.999000099990002e-05
8169	-0.02057665355684321	0.039280648992946095	9.999000099990002e-05
8170	0.0078912806916807	0.039280648992946095	9.999000099990002e-05
8171	0.00827063410278403	0.039280648992946095	9.999000099990002e-05
8172	-0.0010706192028628603	0.039280648992946095	9.999000099990002e-05
8173	0.003481247387336836	0.039280648992946095	9.999000099990002e-05
8174	0.01263819122181492	0.039280648992946095	9.999000099990002e-05
8175	-0.006802844265220709	0.039280648992946095	9.999000099990002e-05
8176	-0.0009815257048329667	0.039280648992946095	9.999000099990002e-05
8177	-0.025964124992490692	0.039280648992946095	9.999000099990002e-05
8178	-0.013255767998710782	0.039280648992946095	9.999000099990002e-05
8179	0.003510430413364893	0.039280648992946095	9.999000099990002e-05
8180	0.0010885394557637734	0.039280648992946095	9.999000099990002e-05
8181	-0.01831253624688163	0.039280648992946095	9.999000099990002e-05
8182	0.015770690873289916	0.039280648992946095	9.999000099990002e-05
8183	-0.0026152661821055717	0.039280648992946095	9.999000099990002e-05
8184	-0.012746762890404287	0.039280648992946095	9.999000099990002e-05
8185	-0.01597732609543248	0.039280648992946095	9.999000099990002e-05
8186	0.010197480325639205	0.039280648992946095	9.999000099990002e-05
8187	-0.004985867724813534	0.039280648992946095	9.999000099990002e-05
8188	0.0034486180747939493	0.039280648992946095	9.999000099990002e-05
8189	-0.0022878189051304954	0.039280648992946095	9.999000099990002e-05
8190	-0.004804392384899242	0.039280648992946095	9.999000099990002e-05
8191	0.0033725277779893953	0.039280648992946095	9.999000099990002e-05
8192	0.003885965476900094	0.039280648992946095	9.999000099990002e-05
8193	-0.0017214287565886083	0.039280648992946095	9.999000099990002e-05
8194	-0.02311455745265259	0.039280648992946095	9.999000099990002e-05
8195	0.0030620843660358055	0.039280648992946095	9.999000099990002e-05
8196	-0.023610235074757235	0.039280648992946095	9.999000099990002e-05
8197	-0.016213425756348085	0.039280648992946095	9.999000099990002e-05
8198	-0.0036328710303596967	0.039280648992946095	9.999000099990002e-05
8199	-0.029309407734396234	0.039280648992946095	9.999000099990002e-05
8200	0.0002601883199912225	0.039280648992946095	9.999000099990002e-05
8201	0.010453388559759122	0.039280648992946095	9.999000099990002e-05
8202	0.010309078395060386	0.039280648992946095	9.999000099990002e-05
8203	-0.0010988674394534492	0.039280648992946095	9.999000099990002e-05
8204	0.0010226425539447692	0.039280648992946095	9.999000099990002e-05
8205	0.01360098525728834	0.039280648992946095	9.999000099990002e-05
8206	6.444623756873824e-06	0.039280648992946095	9.999000099990002e-05
8207	0.0007222187660632928	0.039280648992946095	9.999000099990002e-05
8208	-0.005533077574982087	0.039280648992946095	9.999000099990002e-05
8209	-0.006855325023199438	0.039280648992946095	9.999000099990002e-05
8210	0.0024032192025491977	0.039280648992946095	9.999000099990002e-05
8211	-0.005291493715690709	0.039280648992946095	9.999000099990002e-05
8212	0.004169328350074913	0.039280648992946095	9.999000099990002e-05
8213	0.004410897740595041	0.039280648992946095	9.999000099990002e-05
8214	-0.01799399634360556	0.039280648992946095	9.999000099990002e-05
8215	0.0008251582955187409	0.039280648992946095	9.999000099990002e-05
8216	-0.001550912199946991	0.039280648992946095	9.999000099990002e-05
8217	0.0033011793539121648	0.039280648992946095	9.999000099990002e-05
8218	-0.016126259955042604	0.039280648992946095	9.999000099990002e-05
8219	-0.005237803407280056	0.039280648992946095	9.999000099990002e-05
8220	-0.0037243910092978477	0.039280648992946095	9.999000099990002e-05
8221	-0.007526596526821944	0.039280648992946095	9.999000099990002e-05
8222	-0.010126923702639526	0.039280648992946095	9.999000099990002e-05
8223	-0.005344284241321801	0.039280648992946095	9.999000099990002e-05
8224	0.000833329655449383	0.039280648992946095	9.999000099990002e-05
8225	-0.0056388142383642925	0.039280648992946095	9.999000099990002e-05
8226	-0.005697021813677858	0.039280648992946095	9.999000099990002e-05
8227	0.010898261859230013	0.039280648992946095	9.999000099990002e-05
8228	-0.005890515750080441	0.039280648992946095	9.999000099990002e-05
8229	-0.009104634711084206	0.039280648992946095	9.999000099990002e-05
8230	-0.007795586909220956	0.039280648992946095	9.999000099990002e-05
8231	-0.004699459515166732	0.039280648992946095	9.999000099990002e-05
8232	0.012703866139667397	0.039280648992946095	9.999000099990002e-05
8233	-0.04139615262069672	0.039280648992946095	9.999000099990002e-05
8234	0.004881389213339762	0.039280648992946095	9.999000099990002e-05
8235	0.008936154706821672	0.039280648992946095	9.999000099990002e-05
8236	-0.003240521652416589	0.039280648992946095	9.999000099990002e-05
8237	0.004928715690058372	0.039280648992946095	9.999000099990002e-05
8238	-0.009754544870453769	0.039280648992946095	9.999000099990002e-05
8239	-0.01457347841898532	0.039280648992946095	9.999000099990002e-05
8240	-0.005297349343931779	0.039280648992946095	9.999000099990002e-05
8241	-0.0009729574733050861	0.039280648992946095	9.999000099990002e-05
8242	-0.01166728384715461	0.039280648992946095	9.999000099990002e-05
8243	-0.005210858379710956	0.039280648992946095	9.999000099990002e-05
8244	-0.006934710364161933	0.039280648992946095	9.999000099990002e-05
8245	-0.001274154175176817	0.039280648992946095	9.999000099990002e-05
8246	0.002380046348717954	0.039280648992946095	9.999000099990002e-05
8247	0.0008275195212976982	0.039280648992946095	9.999000099990002e-05
8248	-0.004625468112695083	0.039280648992946095	9.999000099990002e-05
8249	-0.002041106740393109	0.039280648992946095	9.999000099990002e-05
8250	0.006634985252850598	0.039280648992946095	9.999000099990002e-05
8251	0.007757020059654923	0.039280648992946095	9.999000099990002e-05
8252	0.0077945113163051805	0.039280648992946095	9.999000099990002e-05
8253	-0.01097261313597113	0.039280648992946095	9.999000099990002e-05
8254	-0.009318741548422937	0.039280648992946095	9.999000099990002e-05
8255	-0.0032383746421364157	0.039280648992946095	9.999000099990002e-05
8256	0.005829221616862765	0.039280648992946095	9.999000099990002e-05
8257	0.005009004212505053	0.039280648992946095	9.999000099990002e-05
8258	0.004029018849172311	0.039280648992946095	9.999000099990002e-05
8259	-0.0033793817514448515	0.039280648992946095	9.999000099990002e-05
8260	-0.005612473937458229	0.039280648992946095	9.999000099990002e-05
8261	0.0005813393994967553	0.039280648992946095	9.999000099990002e-05
8262	0.0009355252084569943	0.039280648992946095	9.999000099990002e-05
8263	0.0010217868572198058	0.039280648992946095	9.999000099990002e-05
8264	0.00046598653828440473	0.039280648992946095	9.999000099990002e-05
8265	0.008953989506577081	0.039280648992946095	9.999000099990002e-05
8266	-0.002803894532931575	0.039280648992946095	9.999000099990002e-05
8267	-0.003045684450830574	0.039280648992946095	9.999000099990002e-05
8268	-0.006664499264158574	0.039280648992946095	9.999000099990002e-05
8269	-0.0006283953878781501	0.039280648992946095	9.999000099990002e-05
8270	-0.005211421447965561	0.039280648992946095	9.999000099990002e-05
8271	-0.002697476089396633	0.039280648992946095	9.999000099990002e-05
8272	-0.0031099566261682393	0.039280648992946095	9.999000099990002e-05
8273	-9.201628692283303e-05	0.039280648992946095	9.999000099990002e-05
8274	-0.00023283292311211679	0.039280648992946095	9.999000099990002e-05
8275	-0.0008532851983533291	0.039280648992946095	9.999000099990002e-05
8276	-0.010508708547049328	0.039280648992946095	9.999000099990002e-05
8277	0.0007295479269817245	0.039280648992946095	9.999000099990002e-05
8278	-0.052961938426143676	0.039280648992946095	9.999000099990002e-05
8279	0.0018095627031900624	0.039280648992946095	9.999000099990002e-05
8280	-0.014294368005068295	0.039280648992946095	9.999000099990002e-05
8281	-0.010627418600161809	0.039280648992946095	9.999000099990002e-05
8282	-0.007450516523237208	0.039280648992946095	9.999000099990002e-05
8283	-0.000631852210377426	0.039280648992946095	9.999000099990002e-05
8284	-3.6006411141653594e-05	0.039280648992946095	9.999000099990002e-05
8285	0.0004929944904424194	0.039280648992946095	9.999000099990002e-05
8286	0.007904393768172063	0.039280648992946095	9.999000099990002e-05
8287	-0.0018305381002535481	0.039280648992946095	9.999000099990002e-05
8288	-0.01535330552017948	0.039280648992946095	9.999000099990002e-05
8289	0.00991850420910878	0.039280648992946095	9.999000099990002e-05
8290	-0.006804431508845063	0.039280648992946095	9.999000099990002e-05
8291	0.006813698465496024	0.039280648992946095	9.999000099990002e-05
8292	-0.00654058846463812	0.039280648992946095	9.999000099990002e-05
8293	-0.0027515846812438127	0.039280648992946095	9.999000099990002e-05
8294	-0.0009812035561850702	0.039280648992946095	9.999000099990002e-05
8295	-0.027995560573144146	0.039280648992946095	9.999000099990002e-05
8296	-0.006949916023106156	0.039280648992946095	9.999000099990002e-05
8297	-0.013616071184723036	0.039280648992946095	9.999000099990002e-05
8298	-0.0033475813829660223	0.039280648992946095	9.999000099990002e-05
8299	-0.00017593224684223085	0.039280648992946095	9.999000099990002e-05
8300	-0.0022069799381893296	0.039280648992946095	9.999000099990002e-05
8301	0.009560431010323084	0.039280648992946095	9.999000099990002e-05
8302	0.006208786573054126	0.039280648992946095	9.999000099990002e-05
8303	-0.013992322015457484	0.039280648992946095	9.999000099990002e-05
8304	0.0008293223399026967	0.039280648992946095	9.999000099990002e-05
8305	0.008175346611188725	0.039280648992946095	9.999000099990002e-05
8306	-0.007013389162980638	0.039280648992946095	9.999000099990002e-05
8307	-0.003974959198672051	0.039280648992946095	9.999000099990002e-05
8308	-0.02483459871234442	0.039280648992946095	9.999000099990002e-05
8309	-0.010618884210021662	0.039280648992946095	9.999000099990002e-05
8310	-0.011786840323383646	0.039280648992946095	9.999000099990002e-05
8311	-0.0017912678159308637	0.039280648992946095	9.999000099990002e-05
8312	-0.006453721943553509	0.039280648992946095	9.999000099990002e-05
8313	-0.009810336792161062	0.039280648992946095	9.999000099990002e-05
8314	0.010382710457344707	0.039280648992946095	9.999000099990002e-05
8315	-0.019553139040944106	0.039280648992946095	9.999000099990002e-05
8316	-0.00313280077670694	0.039280648992946095	9.999000099990002e-05
8317	-0.009360487740530027	0.039280648992946095	9.999000099990002e-05
8318	-0.00634595426282554	0.039280648992946095	9.999000099990002e-05
8319	-0.00025546839318531245	0.039280648992946095	9.999000099990002e-05
8320	-0.0031686052076865534	0.039280648992946095	9.999000099990002e-05
8321	-0.0024258666166416115	0.039280648992946095	9.999000099990002e-05
8322	0.017155665057287772	0.039280648992946095	9.999000099990002e-05
8323	-0.008322615105520487	0.039280648992946095	9.999000099990002e-05
8324	-0.0057247582053481655	0.039280648992946095	9.999000099990002e-05
8325	-0.0021734475898209926	0.039280648992946095	9.999000099990002e-05
8326	0.014680975271505636	0.039280648992946095	9.999000099990002e-05
8327	-0.023948266937623044	0.039280648992946095	9.999000099990002e-05
8328	0.006258443298786415	0.039280648992946095	9.999000099990002e-05
8329	-0.014648445104032681	0.039280648992946095	9.999000099990002e-05
8330	0.004923692598797699	0.039280648992946095	9.999000099990002e-05
8331	0.002663011427789949	0.039280648992946095	9.999000099990002e-05
8332	-0.004532662937870108	0.039280648992946095	9.999000099990002e-05
8333	-0.0016769604933745963	0.039280648992946095	9.999000099990002e-05
8334	-0.003967545312901999	0.039280648992946095	9.999000099990002e-05
8335	-0.007364483170321012	0.039280648992946095	9.999000099990002e-05
8336	-0.0059250255659060586	0.039280648992946095	9.999000099990002e-05
8337	0.00018555329996476633	0.039280648992946095	9.999000099990002e-05
8338	0.0013078491758391209	0.039280648992946095	9.999000099990002e-05
8339	0.003961529896989502	0.039280648992946095	9.999000099990002e-05
8340	-0.003709570326484557	0.039280648992946095	9.999000099990002e-05
8341	-0.007029418473720295	0.039280648992946095	9.999000099990002e-05
8342	0.004163448979454226	0.039280648992946095	9.999000099990002e-05
8343	-0.00148201094032345	0.039280648992946095	9.999000099990002e-05
8344	-0.004035964976076681	0.039280648992946095	9.999000099990002e-05
8345	-0.008465105506643922	0.039280648992946095	9.999000099990002e-05
8346	-0.020669915517573106	0.039280648992946095	9.999000099990002e-05
8347	-0.018415777532757055	0.039280648992946095	9.999000099990002e-05
8348	-0.004389610827973914	0.039280648992946095	9.999000099990002e-05
8349	-0.0074418810944630875	0.039280648992946095	9.999000099990002e-05
8350	-0.003104355706564199	0.039280648992946095	9.999000099990002e-05
8351	0.011504919180721274	0.039280648992946095	9.999000099990002e-05
8352	-0.013355131653898372	0.039280648992946095	9.999000099990002e-05
8353	0.004726845694599385	0.039280648992946095	9.999000099990002e-05
8354	0.018627448421367487	0.039280648992946095	9.999000099990002e-05
8355	-0.0046984122771582815	0.039280648992946095	9.999000099990002e-05
8356	0.01153254793056005	0.039280648992946095	9.999000099990002e-05
8357	0.0013235307505401889	0.039280648992946095	9.999000099990002e-05
8358	-0.0023801019903683385	0.039280648992946095	9.999000099990002e-05
8359	-0.02601738385962249	0.039280648992946095	9.999000099990002e-05
8360	-0.026044052912374036	0.039280648992946095	9.999000099990002e-05
8361	0.006026871974840309	0.039280648992946095	9.999000099990002e-05
8362	0.0020499097253064563	0.039280648992946095	9.999000099990002e-05
8363	-0.010656041519663567	0.039280648992946095	9.999000099990002e-05
8364	-0.0027975991123088545	0.039280648992946095	9.999000099990002e-05
8365	-0.002752231114868192	0.039280648992946095	9.999000099990002e-05
8366	-0.005674079537680621	0.039280648992946095	9.999000099990002e-05
8367	-0.0015338897877087004	0.039280648992946095	9.999000099990002e-05
8368	-0.023832175100913955	0.039280648992946095	9.999000099990002e-05
8369	-0.005652505483069531	0.039280648992946095	9.999000099990002e-05
8370	0.0035235500445009588	0.039280648992946095	9.999000099990002e-05
8371	-0.009017162735042689	0.039280648992946095	9.999000099990002e-05
8372	-0.005590970818668467	0.039280648992946095	9.999000099990002e-05
8373	-0.018206093575437815	0.039280648992946095	9.999000099990002e-05
8374	0.0006378781622743829	0.039280648992946095	9.999000099990002e-05
8375	-0.0028282174113104797	0.039280648992946095	9.999000099990002e-05
8376	0.008022130966354998	0.039280648992946095	9.999000099990002e-05
8377	0.010614962104855866	0.039280648992946095	9.999000099990002e-05
8378	0.004389046157472848	0.039280648992946095	9.999000099990002e-05
8379	0.004148817895807483	0.039280648992946095	9.999000099990002e-05
8380	0.0009076007227607763	0.039280648992946095	9.999000099990002e-05
8381	-0.007642879419285251	0.039280648992946095	9.999000099990002e-05
8382	-0.002111500905310537	0.039280648992946095	9.999000099990002e-05
8383	-0.0045078040352150295	0.039280648992946095	9.999000099990002e-05
8384	-0.0010916795675425944	0.039280648992946095	9.999000099990002e-05
8385	0.003740998439698398	0.039280648992946095	9.999000099990002e-05
8386	-0.014894775691343759	0.039280648992946095	9.999000099990002e-05
8387	-0.028885904421598704	0.039280648992946095	9.999000099990002e-05
8388	-0.003809084835605686	0.039280648992946095	9.999000099990002e-05
8389	-0.007581897578471969	0.039280648992946095	9.999000099990002e-05
8390	-0.0015778014402069163	0.039280648992946095	9.999000099990002e-05
8391	-0.002170457894999339	0.039280648992946095	9.999000099990002e-05
8392	-0.013380253227869982	0.039280648992946095	9.999000099990002e-05
8393	0.00956864543669693	0.039280648992946095	9.999000099990002e-05
8394	-0.00910716043416819	0.039280648992946095	9.999000099990002e-05
8395	-0.012713287154744818	0.039280648992946095	9.999000099990002e-05
8396	0.016348613069473078	0.039280648992946095	9.999000099990002e-05
8397	-0.006926725787328267	0.039280648992946095	9.999000099990002e-05
8398	-0.0005361806166037653	0.039280648992946095	9.999000099990002e-05
8399	-0.003349930810384552	0.039280648992946095	9.999000099990002e-05
8400	-0.0008839690923547056	0.039280648992946095	9.999000099990002e-05
8401	-0.019503416089024034	0.039280648992946095	9.999000099990002e-05
8402	-0.009098402409262102	0.039280648992946095	9.999000099990002e-05
8403	-0.0067821216832302245	0.039280648992946095	9.999000099990002e-05
8404	-0.014059881175167765	0.039280648992946095	9.999000099990002e-05
8405	0.0010084245100188405	0.039280648992946095	9.999000099990002e-05
8406	-0.01114047151715325	0.039280648992946095	9.999000099990002e-05
8407	-0.014019294815298872	0.039280648992946095	9.999000099990002e-05
8408	-0.002326941345800887	0.039280648992946095	9.999000099990002e-05
8409	-0.0067695867749526795	0.039280648992946095	9.999000099990002e-05
8410	-0.0022637283039379508	0.039280648992946095	9.999000099990002e-05
8411	-0.0062484547485854025	0.039280648992946095	9.999000099990002e-05
8412	-0.021823608481343154	0.039280648992946095	9.999000099990002e-05
8413	-0.005349416673766316	0.039280648992946095	9.999000099990002e-05
8414	0.00014031892016978798	0.039280648992946095	9.999000099990002e-05
8415	0.006038123289477476	0.039280648992946095	9.999000099990002e-05
8416	0.001619766023364222	0.039280648992946095	9.999000099990002e-05
8417	-0.00866348522663929	0.039280648992946095	9.999000099990002e-05
8418	0.010197723769998016	0.039280648992946095	9.999000099990002e-05
8419	-0.012043889988183731	0.039280648992946095	9.999000099990002e-05
8420	-0.001815917552591223	0.039280648992946095	9.999000099990002e-05
8421	-0.014745406991750143	0.039280648992946095	9.999000099990002e-05
8422	0.010982852898998696	0.039280648992946095	9.999000099990002e-05
8423	-0.008191994777492176	0.039280648992946095	9.999000099990002e-05
8424	-0.006808520975938426	0.039280648992946095	9.999000099990002e-05
8425	9.270937990676908e-06	0.039280648992946095	9.999000099990002e-05
8426	-0.002751710530421697	0.039280648992946095	9.999000099990002e-05
8427	0.010390070255157896	0.039280648992946095	9.999000099990002e-05
8428	-0.007987058907674482	0.039280648992946095	9.999000099990002e-05
8429	-0.005364306058966428	0.039280648992946095	9.999000099990002e-05
8430	0.00731472963005915	0.039280648992946095	9.999000099990002e-05
8431	0.013232126997590493	0.039280648992946095	9.999000099990002e-05
8432	0.0018796584132862726	0.039280648992946095	9.999000099990002e-05
8433	-0.0037979511161494034	0.039280648992946095	9.999000099990002e-05
8434	0.00026462615431117886	0.039280648992946095	9.999000099990002e-05
8435	-0.02170690881058393	0.039280648992946095	9.999000099990002e-05
8436	-0.0029009809103450745	0.039280648992946095	9.999000099990002e-05
8437	0.005133411611327771	0.039280648992946095	9.999000099990002e-05
8438	-0.015672108288983758	0.039280648992946095	9.999000099990002e-05
8439	-5.163457762663581e-06	0.039280648992946095	9.999000099990002e-05
8440	0.009642680099823456	0.039280648992946095	9.999000099990002e-05
8441	-0.015301564951520547	0.039280648992946095	9.999000099990002e-05
8442	0.01154268723758875	0.039280648992946095	9.999000099990002e-05
8443	-0.003317426861490322	0.039280648992946095	9.999000099990002e-05
8444	0.0027206361738090212	0.039280648992946095	9.999000099990002e-05
8445	0.00493054744620583	0.039280648992946095	9.999000099990002e-05
8446	-0.0014206573297743663	0.039280648992946095	9.999000099990002e-05
8447	-0.021694592002039076	0.039280648992946095	9.999000099990002e-05
8448	-0.0003837681827846273	0.039280648992946095	9.999000099990002e-05
8449	-0.00033647171177278445	0.039280648992946095	9.999000099990002e-05
8450	-0.007380482912330205	0.039280648992946095	9.999000099990002e-05
8451	0.0018858404142795687	0.039280648992946095	9.999000099990002e-05
8452	-0.010733522906281268	0.039280648992946095	9.999000099990002e-05
8453	-0.014613050265516264	0.039280648992946095	9.999000099990002e-05
8454	-0.016960552851942645	0.039280648992946095	9.999000099990002e-05
8455	-0.011321318096707333	0.039280648992946095	9.999000099990002e-05
8456	-0.021068363434033885	0.039280648992946095	9.999000099990002e-05
8457	-0.006341240065264639	0.039280648992946095	9.999000099990002e-05
8458	-0.006245877122426108	0.039280648992946095	9.999000099990002e-05
8459	0.0016267898834992633	0.039280648992946095	9.999000099990002e-05
8460	-0.011196954783939228	0.039280648992946095	9.999000099990002e-05
8461	-0.00034118285049951347	0.039280648992946095	9.999000099990002e-05
8462	-0.002189054247360961	0.039280648992946095	9.999000099990002e-05
8463	0.002349646586425294	0.039280648992946095	9.999000099990002e-05
8464	-0.006660129646696239	0.039280648992946095	9.999000099990002e-05
8465	-0.01336406247865947	0.039280648992946095	9.999000099990002e-05
8466	0.0001369149718042778	0.039280648992946095	9.999000099990002e-05
8467	-0.005204566309239961	0.039280648992946095	9.999000099990002e-05
8468	-0.0035470094576870864	0.039280648992946095	9.999000099990002e-05
8469	-0.0010468459435787614	0.039280648992946095	9.999000099990002e-05
8470	-0.0098363278518879	0.039280648992946095	9.999000099990002e-05
8471	0.001674679525578343	0.039280648992946095	9.999000099990002e-05
8472	-0.006618370733723178	0.039280648992946095	9.999000099990002e-05
8473	0.004086293528612409	0.039280648992946095	9.999000099990002e-05
8474	0.01160375458010049	0.039280648992946095	9.999000099990002e-05
8475	0.009412859011666108	0.039280648992946095	9.999000099990002e-05
8476	-0.007137667799450062	0.039280648992946095	9.999000099990002e-05
8477	-0.009008270606961702	0.039280648992946095	9.999000099990002e-05
8478	-0.020130429223721144	0.039280648992946095	9.999000099990002e-05
8479	-0.0001996016028698866	0.039280648992946095	9.999000099990002e-05
8480	-0.0003380482737539714	0.039280648992946095	9.999000099990002e-05
8481	-0.005904676113133195	0.039280648992946095	9.999000099990002e-05
8482	0.0048312853151813995	0.039280648992946095	9.999000099990002e-05
8483	-0.006439688546395914	0.039280648992946095	9.999000099990002e-05
8484	-0.004348695085071547	0.039280648992946095	9.999000099990002e-05
8485	0.008936044200367602	0.039280648992946095	9.999000099990002e-05
8486	-0.002025873746152901	0.039280648992946095	9.999000099990002e-05
8487	-0.008094896941588714	0.039280648992946095	9.999000099990002e-05
8488	-0.022644098170496202	0.039280648992946095	9.999000099990002e-05
8489	-0.002474302479110818	0.039280648992946095	9.999000099990002e-05
8490	0.0008900928783926593	0.039280648992946095	9.999000099990002e-05
8491	-0.016784534909190324	0.039280648992946095	9.999000099990002e-05
8492	0.009436829784243289	0.039280648992946095	9.999000099990002e-05
8493	0.003741130309438817	0.039280648992946095	9.999000099990002e-05
8494	-0.0047336465026035085	0.039280648992946095	9.999000099990002e-05
8495	-0.002934811859193351	0.039280648992946095	9.999000099990002e-05
8496	-0.005864366844799074	0.039280648992946095	9.999000099990002e-05
8497	-0.010449790933781539	0.039280648992946095	9.999000099990002e-05
8498	-0.00808265990549728	0.039280648992946095	9.999000099990002e-05
8499	-0.001280359433020517	0.039280648992946095	9.999000099990002e-05
8500	-0.00740304302826604	0.039280648992946095	9.999000099990002e-05
8501	0.02331786111883874	0.039280648992946095	9.999000099990002e-05
8502	-0.04693644482025054	0.039280648992946095	9.999000099990002e-05
8503	-0.005449858398068802	0.039280648992946095	9.999000099990002e-05
8504	0.003156989357699258	0.039280648992946095	9.999000099990002e-05
8505	0.002744972792665251	0.039280648992946095	9.999000099990002e-05
8506	-0.0035346896874138833	0.039280648992946095	9.999000099990002e-05
8507	0.0012574328396175866	0.039280648992946095	9.999000099990002e-05
8508	0.004161712241378207	0.039280648992946095	9.999000099990002e-05
8509	0.006557291204427648	0.039280648992946095	9.999000099990002e-05
8510	-0.005861944927865667	0.039280648992946095	9.999000099990002e-05
8511	-0.003769329459023668	0.039280648992946095	9.999000099990002e-05
8512	0.009295760769957334	0.039280648992946095	9.999000099990002e-05
8513	0.0063013500514255555	0.039280648992946095	9.999000099990002e-05
8514	-0.007549323179285625	0.039280648992946095	9.999000099990002e-05
8515	0.0017344525442535563	0.039280648992946095	9.999000099990002e-05
8516	-0.0008411228366583395	0.039280648992946095	9.999000099990002e-05
8517	-0.0031892583104434352	0.039280648992946095	9.999000099990002e-05
8518	0.005476205350725433	0.039280648992946095	9.999000099990002e-05
8519	-0.011137340436218196	0.039280648992946095	9.999000099990002e-05
8520	0.0014734631981293267	0.039280648992946095	9.999000099990002e-05
8521	0.012853371807058422	0.039280648992946095	9.999000099990002e-05
8522	-0.015454921594044324	0.039280648992946095	9.999000099990002e-05
8523	0.003969988738780586	0.039280648992946095	9.999000099990002e-05
8524	0.0027657391693928224	0.039280648992946095	9.999000099990002e-05
8525	-0.01561506598383583	0.039280648992946095	9.999000099990002e-05
8526	-0.030466811937985033	0.039280648992946095	9.999000099990002e-05
8527	0.0019630086830931814	0.039280648992946095	9.999000099990002e-05
8528	0.010716848861269598	0.039280648992946095	9.999000099990002e-05
8529	-0.0025228897295957176	0.039280648992946095	9.999000099990002e-05
8530	0.005848738872525683	0.039280648992946095	9.999000099990002e-05
8531	0.00011404547663947107	0.039280648992946095	9.999000099990002e-05
8532	0.004466985835136092	0.039280648992946095	9.999000099990002e-05
8533	-0.012644915024882325	0.039280648992946095	9.999000099990002e-05
8534	-0.0006920530288622162	0.039280648992946095	9.999000099990002e-05
8535	-0.008210167602701504	0.039280648992946095	9.999000099990002e-05
8536	-0.004446431634684542	0.039280648992946095	9.999000099990002e-05
8537	-0.02152546410756441	0.039280648992946095	9.999000099990002e-05
8538	-0.0022839261744834333	0.039280648992946095	9.999000099990002e-05
8539	0.014757489046909544	0.039280648992946095	9.999000099990002e-05
8540	-0.008888816188977994	0.039280648992946095	9.999000099990002e-05
8541	-0.0069406897052522315	0.039280648992946095	9.999000099990002e-05
8542	-0.002950250329406101	0.039280648992946095	9.999000099990002e-05
8543	-0.00710394978470201	0.039280648992946095	9.999000099990002e-05
8544	-0.007107633300801414	0.039280648992946095	9.999000099990002e-05
8545	-0.0014894985294314766	0.039280648992946095	9.999000099990002e-05
8546	0.003478646892750528	0.039280648992946095	9.999000099990002e-05
8547	-0.006317141112969243	0.039280648992946095	9.999000099990002e-05
8548	0.008296518006208592	0.039280648992946095	9.999000099990002e-05
8549	-0.01036499480646369	0.039280648992946095	9.999000099990002e-05
8550	0.0008654028428057153	0.039280648992946095	9.999000099990002e-05
8551	0.0037299996488167064	0.039280648992946095	9.999000099990002e-05
8552	0.00318229737489735	0.039280648992946095	9.999000099990002e-05
8553	0.014564552012540283	0.039280648992946095	9.999000099990002e-05
8554	-0.008791457769533745	0.039280648992946095	9.999000099990002e-05
8555	0.006603006403824746	0.039280648992946095	9.999000099990002e-05
8556	-0.005089916688572532	0.039280648992946095	9.999000099990002e-05
8557	0.01180825726073409	0.039280648992946095	9.999000099990002e-05
8558	-0.008484779928120398	0.039280648992946095	9.999000099990002e-05
8559	-0.001988298055968604	0.039280648992946095	9.999000099990002e-05
8560	0.008244847499418381	0.039280648992946095	9.999000099990002e-05
8561	-0.0035914577656495084	0.039280648992946095	9.999000099990002e-05
8562	0.0050948797198667045	0.039280648992946095	9.999000099990002e-05
8563	-0.005950231816176335	0.039280648992946095	9.999000099990002e-05
8564	-0.0062629419213666715	0.039280648992946095	9.999000099990002e-05
8565	-0.008885522310090238	0.039280648992946095	9.999000099990002e-05
8566	0.00233008942025921	0.039280648992946095	9.999000099990002e-05
8567	-0.008006477406690873	0.039280648992946095	9.999000099990002e-05
8568	0.026012921214758622	0.039280648992946095	9.999000099990002e-05
8569	0.0007418061807007437	0.039280648992946095	9.999000099990002e-05
8570	-0.006269605858679306	0.039280648992946095	9.999000099990002e-05
8571	-0.0029338916841858687	0.039280648992946095	9.999000099990002e-05
8572	-0.004587141502994857	0.039280648992946095	9.999000099990002e-05
8573	-0.007048732486845163	0.039280648992946095	9.999000099990002e-05
8574	-0.006820473831768231	0.039280648992946095	9.999000099990002e-05
8575	-0.009185338458133255	0.039280648992946095	9.999000099990002e-05
8576	-0.010099332921186963	0.039280648992946095	9.999000099990002e-05
8577	-0.006170762302408955	0.039280648992946095	9.999000099990002e-05
8578	-0.007485625530692569	0.039280648992946095	9.999000099990002e-05
8579	-0.005415781091686361	0.039280648992946095	9.999000099990002e-05
8580	-0.0023456343670333196	0.039280648992946095	9.999000099990002e-05
8581	0.00808620820170454	0.039280648992946095	9.999000099990002e-05
8582	0.015752941235362444	0.039280648992946095	9.999000099990002e-05
8583	0.00066335091954213	0.039280648992946095	9.999000099990002e-05
8584	-0.014929288954426911	0.039280648992946095	9.999000099990002e-05
8585	-0.007979591613688511	0.039280648992946095	9.999000099990002e-05
8586	-0.009955743961614916	0.039280648992946095	9.999000099990002e-05
8587	-0.00673297340371351	0.039280648992946095	9.999000099990002e-05
8588	0.005682223368103603	0.039280648992946095	9.999000099990002e-05
8589	-0.02299115403118343	0.039280648992946095	9.999000099990002e-05
8590	0.002538096019727959	0.039280648992946095	9.999000099990002e-05
8591	0.0056700195907648104	0.039280648992946095	9.999000099990002e-05
8592	-0.008408831745723128	0.039280648992946095	9.999000099990002e-05
8593	0.008123296371983321	0.039280648992946095	9.999000099990002e-05
8594	-0.007394417407182496	0.039280648992946095	9.999000099990002e-05
8595	0.007617095874753788	0.039280648992946095	9.999000099990002e-05
8596	0.007839099213922854	0.039280648992946095	9.999000099990002e-05
8597	0.007931137786637607	0.039280648992946095	9.999000099990002e-05
8598	-0.0017082169720036011	0.039280648992946095	9.999000099990002e-05
8599	0.010766136244912336	0.039280648992946095	9.999000099990002e-05
8600	-0.011823309395333978	0.039280648992946095	9.999000099990002e-05
8601	0.008555690064956573	0.039280648992946095	9.999000099990002e-05
8602	-0.005714982074187788	0.039280648992946095	9.999000099990002e-05
8603	-0.008546416213790459	0.039280648992946095	9.999000099990002e-05
8604	0.0030366047142528912	0.039280648992946095	9.999000099990002e-05
8605	-0.0060332899915950255	0.039280648992946095	9.999000099990002e-05
8606	0.00013354219441572002	0.039280648992946095	9.999000099990002e-05
8607	0.0015520847530511722	0.039280648992946095	9.999000099990002e-05
8608	0.0009559955580095564	0.039280648992946095	9.999000099990002e-05
8609	0.0017488066334713226	0.039280648992946095	9.999000099990002e-05
8610	-0.024009371860097606	0.039280648992946095	9.999000099990002e-05
8611	-0.005548632620764299	0.039280648992946095	9.999000099990002e-05
8612	-0.022289051518201125	0.039280648992946095	9.999000099990002e-05
8613	0.0037216504395270605	0.039280648992946095	9.999000099990002e-05
8614	0.0008174575105233395	0.039280648992946095	9.999000099990002e-05
8615	0.003712588958848656	0.039280648992946095	9.999000099990002e-05
8616	-0.0049372936807238615	0.039280648992946095	9.999000099990002e-05
8617	-0.01844490001328941	0.039280648992946095	9.999000099990002e-05
8618	-0.005407936347272574	0.039280648992946095	9.999000099990002e-05
8619	-0.018728309691482536	0.039280648992946095	9.999000099990002e-05
8620	-0.020724249006562265	0.039280648992946095	9.999000099990002e-05
8621	0.009221606812297584	0.039280648992946095	9.999000099990002e-05
8622	-0.0003728059522543903	0.039280648992946095	9.999000099990002e-05
8623	0.0024881613285082232	0.039280648992946095	9.999000099990002e-05
8624	-0.026263746200545585	0.039280648992946095	9.999000099990002e-05
8625	-0.01275381165818909	0.039280648992946095	9.999000099990002e-05
8626	-0.009235304757306231	0.039280648992946095	9.999000099990002e-05
8627	0.003991306045531842	0.039280648992946095	9.999000099990002e-05
8628	-0.012028662043447574	0.039280648992946095	9.999000099990002e-05
8629	-0.007971205989706173	0.039280648992946095	9.999000099990002e-05
8630	0.005621065668601127	0.039280648992946095	9.999000099990002e-05
8631	-0.0009509856245911996	0.039280648992946095	9.999000099990002e-05
8632	0.002900726395919734	0.039280648992946095	9.999000099990002e-05
8633	0.008995490069443848	0.039280648992946095	9.999000099990002e-05
8634	-0.017127681919659854	0.039280648992946095	9.999000099990002e-05
8635	-0.019919092282119022	0.039280648992946095	9.999000099990002e-05
8636	-0.016515603033064236	0.039280648992946095	9.999000099990002e-05
8637	0.0038516334618805964	0.039280648992946095	9.999000099990002e-05
8638	-0.014179212997019477	0.039280648992946095	9.999000099990002e-05
8639	-0.0026746388819260114	0.039280648992946095	9.999000099990002e-05
8640	-0.01347623182177933	0.039280648992946095	9.999000099990002e-05
8641	-0.010154363678711503	0.039280648992946095	9.999000099990002e-05
8642	0.012350952951386829	0.039280648992946095	9.999000099990002e-05
8643	-0.0030015557667640025	0.039280648992946095	9.999000099990002e-05
8644	-0.003558939979172046	0.039280648992946095	9.999000099990002e-05
8645	-0.004859095361636756	0.039280648992946095	9.999000099990002e-05
8646	-0.030126502748792208	0.039280648992946095	9.999000099990002e-05
8647	-0.01217356455381384	0.039280648992946095	9.999000099990002e-05
8648	0.0008634261561814294	0.039280648992946095	9.999000099990002e-05
8649	-0.01073245581012712	0.039280648992946095	9.999000099990002e-05
8650	-0.0049393498484840564	0.039280648992946095	9.999000099990002e-05
8651	0.00044053927130149884	0.039280648992946095	9.999000099990002e-05
8652	-0.004744777211778531	0.039280648992946095	9.999000099990002e-05
8653	-0.04766468167263714	0.039280648992946095	9.999000099990002e-05
8654	-0.007357914445291505	0.039280648992946095	9.999000099990002e-05
8655	-0.009044815421472813	0.039280648992946095	9.999000099990002e-05
8656	0.0017025847843168407	0.039280648992946095	9.999000099990002e-05
8657	0.0006751536497322519	0.039280648992946095	9.999000099990002e-05
8658	-0.003576646065127115	0.039280648992946095	9.999000099990002e-05
8659	0.002159414872404314	0.039280648992946095	9.999000099990002e-05
8660	-0.019513207028826127	0.039280648992946095	9.999000099990002e-05
8661	0.002943920776078107	0.039280648992946095	9.999000099990002e-05
8662	0.005812303884727685	0.039280648992946095	9.999000099990002e-05
8663	-0.043645857966355645	0.039280648992946095	9.999000099990002e-05
8664	-0.00867630980165883	0.039280648992946095	9.999000099990002e-05
8665	0.004732781095293875	0.039280648992946095	9.999000099990002e-05
8666	-0.00552928452348711	0.039280648992946095	9.999000099990002e-05
8667	-0.015565502528269687	0.039280648992946095	9.999000099990002e-05
8668	-0.023205580443865087	0.039280648992946095	9.999000099990002e-05
8669	0.006361803442218747	0.039280648992946095	9.999000099990002e-05
8670	-0.009734846900809349	0.039280648992946095	9.999000099990002e-05
8671	0.00443895608670157	0.039280648992946095	9.999000099990002e-05
8672	-0.011242408622948716	0.039280648992946095	9.999000099990002e-05
8673	0.00017968014411828825	0.039280648992946095	9.999000099990002e-05
8674	-0.0005244313917354138	0.039280648992946095	9.999000099990002e-05
8675	-0.004269878153185275	0.039280648992946095	9.999000099990002e-05
8676	0.005139492379475419	0.039280648992946095	9.999000099990002e-05
8677	-0.029408150154926788	0.039280648992946095	9.999000099990002e-05
8678	-0.0031115520752366538	0.039280648992946095	9.999000099990002e-05
8679	-0.020650494590910562	0.039280648992946095	9.999000099990002e-05
8680	-0.005754140929550872	0.039280648992946095	9.999000099990002e-05
8681	0.0002128956846603608	0.039280648992946095	9.999000099990002e-05
8682	-0.053908736021206674	0.039280648992946095	9.999000099990002e-05
8683	-0.01253840656422707	0.039280648992946095	9.999000099990002e-05
8684	-0.019354993297487383	0.039280648992946095	9.999000099990002e-05
8685	-0.02663712896153196	0.039280648992946095	9.999000099990002e-05
8686	0.002421555408346321	0.039280648992946095	9.999000099990002e-05
8687	-0.04042099793338849	0.039280648992946095	9.999000099990002e-05
8688	-0.0006535828481670086	0.039280648992946095	9.999000099990002e-05
8689	0.004634611113732173	0.039280648992946095	9.999000099990002e-05
8690	0.01217824112285898	0.039280648992946095	9.999000099990002e-05
8691	0.005335288792619464	0.039280648992946095	9.999000099990002e-05
8692	0.005429940338021869	0.039280648992946095	9.999000099990002e-05
8693	-0.0003615565311812369	0.039280648992946095	9.999000099990002e-05
8694	-0.0007181954280518071	0.039280648992946095	9.999000099990002e-05
8695	-0.004203926629327254	0.039280648992946095	9.999000099990002e-05
8696	-0.0017452867407243416	0.039280648992946095	9.999000099990002e-05
8697	-0.009781259999929806	0.039280648992946095	9.999000099990002e-05
8698	0.0005613417612080757	0.039280648992946095	9.999000099990002e-05
8699	-0.008896359953818586	0.039280648992946095	9.999000099990002e-05
8700	-0.00019198903853660798	0.039280648992946095	9.999000099990002e-05
8701	0.001704130806509066	0.039280648992946095	9.999000099990002e-05
8702	0.006632212152621025	0.039280648992946095	9.999000099990002e-05
8703	-0.006373797762245267	0.039280648992946095	9.999000099990002e-05
8704	-0.008776562023900647	0.039280648992946095	9.999000099990002e-05
8705	-0.014558531158700316	0.039280648992946095	9.999000099990002e-05
8706	-0.003141131778650247	0.039280648992946095	9.999000099990002e-05
8707	-0.0028708106091692026	0.039280648992946095	9.999000099990002e-05
8708	-0.006445105401866685	0.039280648992946095	9.999000099990002e-05
8709	0.008752002401466452	0.039280648992946095	9.999000099990002e-05
8710	0.009781207854089896	0.039280648992946095	9.999000099990002e-05
8711	-0.0041752473398812134	0.039280648992946095	9.999000099990002e-05
8712	-0.0014090032686362164	0.039280648992946095	9.999000099990002e-05
8713	0.004661057357117457	0.039280648992946095	9.999000099990002e-05
8714	0.003954803083640851	0.039280648992946095	9.999000099990002e-05
8715	-0.014046880061718142	0.039280648992946095	9.999000099990002e-05
8716	-0.0001552120924979139	0.039280648992946095	9.999000099990002e-05
8717	-0.02861101777216163	0.039280648992946095	9.999000099990002e-05
8718	-0.016354034634577408	0.039280648992946095	9.999000099990002e-05
8719	0.007025539677762316	0.039280648992946095	9.999000099990002e-05
8720	-0.00014772105613232445	0.039280648992946095	9.999000099990002e-05
8721	0.007455790972983142	0.039280648992946095	9.999000099990002e-05
8722	0.0007828941893759656	0.039280648992946095	9.999000099990002e-05
8723	0.002432421649746691	0.039280648992946095	9.999000099990002e-05
8724	-0.03544252083749462	0.039280648992946095	9.999000099990002e-05
8725	-0.006545680015520999	0.039280648992946095	9.999000099990002e-05
8726	-0.00017947219194665298	0.039280648992946095	9.999000099990002e-05
8727	-0.01137356380998307	0.039280648992946095	9.999000099990002e-05
8728	0.0016384205421282882	0.039280648992946095	9.999000099990002e-05
8729	0.0037638354529573592	0.039280648992946095	9.999000099990002e-05
8730	-0.01301291132452806	0.039280648992946095	9.999000099990002e-05
8731	-0.006225374436626449	0.039280648992946095	9.999000099990002e-05
8732	-0.005073900875545628	0.039280648992946095	9.999000099990002e-05
8733	-0.0008400228216219885	0.039280648992946095	9.999000099990002e-05
8734	-0.0029390092594357986	0.039280648992946095	9.999000099990002e-05
8735	-0.00850581067551677	0.039280648992946095	9.999000099990002e-05
8736	0.010367622587793043	0.039280648992946095	9.999000099990002e-05
8737	-0.009577429777287566	0.039280648992946095	9.999000099990002e-05
8738	-0.006000236277947241	0.039280648992946095	9.999000099990002e-05
8739	-0.010303756460555188	0.039280648992946095	9.999000099990002e-05
8740	0.010065468470821431	0.039280648992946095	9.999000099990002e-05
8741	0.000998218297061454	0.039280648992946095	9.999000099990002e-05
8742	-0.022138437970200167	0.039280648992946095	9.999000099990002e-05
8743	-0.007612046273596865	0.039280648992946095	9.999000099990002e-05
8744	-0.009692544874833259	0.039280648992946095	9.999000099990002e-05
8745	-0.030550969837122563	0.039280648992946095	9.999000099990002e-05
8746	-0.017858155556682312	0.039280648992946095	9.999000099990002e-05
8747	0.004721559737810521	0.039280648992946095	9.999000099990002e-05
8748	-0.0035219973705581664	0.039280648992946095	9.999000099990002e-05
8749	-0.003784550849115137	0.039280648992946095	9.999000099990002e-05
8750	-0.011530708211733146	0.039280648992946095	9.999000099990002e-05
8751	-0.0007698496696126461	0.039280648992946095	9.999000099990002e-05
8752	-0.013229992611070412	0.039280648992946095	9.999000099990002e-05
8753	-0.013255083936570641	0.039280648992946095	9.999000099990002e-05
8754	-0.010885601830068453	0.039280648992946095	9.999000099990002e-05
8755	-0.0035961117090322625	0.039280648992946095	9.999000099990002e-05
8756	-0.011986360988529968	0.039280648992946095	9.999000099990002e-05
8757	-0.022623307954283203	0.039280648992946095	9.999000099990002e-05
8758	-0.006294425190701669	0.039280648992946095	9.999000099990002e-05
8759	-0.004846078565592826	0.039280648992946095	9.999000099990002e-05
8760	-0.016549751032503404	0.039280648992946095	9.999000099990002e-05
8761	-0.007209110561857773	0.039280648992946095	9.999000099990002e-05
8762	-0.003236868336235668	0.039280648992946095	9.999000099990002e-05
8763	-0.023967833280291687	0.039280648992946095	9.999000099990002e-05
8764	0.007402920577792821	0.039280648992946095	9.999000099990002e-05
8765	0.0008603505226850994	0.039280648992946095	9.999000099990002e-05
8766	-0.0030011971063176046	0.039280648992946095	9.999000099990002e-05
8767	0.006511395242496151	0.039280648992946095	9.999000099990002e-05
8768	0.0059787569015371245	0.039280648992946095	9.999000099990002e-05
8769	-0.002113777746108325	0.039280648992946095	9.999000099990002e-05
8770	0.0005965877850137302	0.039280648992946095	9.999000099990002e-05
8771	-0.014138915138622407	0.039280648992946095	9.999000099990002e-05
8772	-0.004145405499233257	0.039280648992946095	9.999000099990002e-05
8773	-0.009303227578414036	0.039280648992946095	9.999000099990002e-05
8774	0.024101060074915914	0.039280648992946095	9.999000099990002e-05
8775	-0.006112221411275098	0.039280648992946095	9.999000099990002e-05
8776	0.00815337126666435	0.039280648992946095	9.999000099990002e-05
8777	-0.0003718097433686174	0.039280648992946095	9.999000099990002e-05
8778	-0.03427378413878045	0.039280648992946095	9.999000099990002e-05
8779	-0.007124333418733059	0.039280648992946095	9.999000099990002e-05
8780	0.0004253680363800888	0.039280648992946095	9.999000099990002e-05
8781	-0.0018316132076400954	0.039280648992946095	9.999000099990002e-05
8782	-0.0003444802251977991	0.039280648992946095	9.999000099990002e-05
8783	-0.008070903494796222	0.039280648992946095	9.999000099990002e-05
8784	-0.00813133765863168	0.039280648992946095	9.999000099990002e-05
8785	-0.032242331710262515	0.039280648992946095	9.999000099990002e-05
8786	-0.0036673601626398405	0.039280648992946095	9.999000099990002e-05
8787	0.01150445919032339	0.039280648992946095	9.999000099990002e-05
8788	-0.015206241773526419	0.039280648992946095	9.999000099990002e-05
8789	-0.00618628977013061	0.039280648992946095	9.999000099990002e-05
8790	0.01596170987296658	0.039280648992946095	9.999000099990002e-05
8791	-0.00333020074725765	0.039280648992946095	9.999000099990002e-05
8792	-0.0008531439093457382	0.039280648992946095	9.999000099990002e-05
8793	-0.002659640932388768	0.039280648992946095	9.999000099990002e-05
8794	0.002920303371678659	0.039280648992946095	9.999000099990002e-05
8795	0.002549196820302052	0.039280648992946095	9.999000099990002e-05
8796	-0.003418067361461913	0.039280648992946095	9.999000099990002e-05
8797	0.0017590757224647258	0.039280648992946095	9.999000099990002e-05
8798	-0.0031218178140783454	0.039280648992946095	9.999000099990002e-05
8799	0.002256793004335525	0.039280648992946095	9.999000099990002e-05
8800	-0.004464598973413489	0.039280648992946095	9.999000099990002e-05
8801	-0.01875867512685822	0.039280648992946095	9.999000099990002e-05
8802	-0.026080578985456654	0.039280648992946095	9.999000099990002e-05
8803	-0.009285144915983784	0.039280648992946095	9.999000099990002e-05
8804	0.006419947267543663	0.039280648992946095	9.999000099990002e-05
8805	0.0054909661677839255	0.039280648992946095	9.999000099990002e-05
8806	-0.027808413426357426	0.039280648992946095	9.999000099990002e-05
8807	0.0019445438606015275	0.039280648992946095	9.999000099990002e-05
8808	-0.006821695083454718	0.039280648992946095	9.999000099990002e-05
8809	-0.006474002936704165	0.039280648992946095	9.999000099990002e-05
8810	-0.010035436448371904	0.039280648992946095	9.999000099990002e-05
8811	0.007824869760059847	0.039280648992946095	9.999000099990002e-05
8812	-0.00027500405040625786	0.039280648992946095	9.999000099990002e-05
8813	-0.003110302420089875	0.039280648992946095	9.999000099990002e-05
8814	-0.004802669727171069	0.039280648992946095	9.999000099990002e-05
8815	0.00020670567243466498	0.039280648992946095	9.999000099990002e-05
8816	0.00429145885954689	0.039280648992946095	9.999000099990002e-05
8817	-0.013527004148036467	0.039280648992946095	9.999000099990002e-05
8818	-0.008487518604327171	0.039280648992946095	9.999000099990002e-05
8819	-0.021386514234180476	0.039280648992946095	9.999000099990002e-05
8820	0.008152383457434367	0.039280648992946095	9.999000099990002e-05
8821	-0.0229041419969869	0.039280648992946095	9.999000099990002e-05
8822	0.0020211453711383304	0.039280648992946095	9.999000099990002e-05
8823	-0.01418960647860304	0.039280648992946095	9.999000099990002e-05
8824	-0.034466891011276354	0.039280648992946095	9.999000099990002e-05
8825	-0.0005419555013329302	0.039280648992946095	9.999000099990002e-05
8826	0.0005706439672815283	0.039280648992946095	9.999000099990002e-05
8827	-0.002457409557519677	0.039280648992946095	9.999000099990002e-05
8828	-0.01753815751200566	0.039280648992946095	9.999000099990002e-05
8829	0.013308337220116234	0.039280648992946095	9.999000099990002e-05
8830	-0.003844945685082507	0.039280648992946095	9.999000099990002e-05
8831	-0.003269367963919703	0.039280648992946095	9.999000099990002e-05
8832	0.010741668193291962	0.039280648992946095	9.999000099990002e-05
8833	-0.01977116385645014	0.039280648992946095	9.999000099990002e-05
8834	8.814137519874699e-05	0.039280648992946095	9.999000099990002e-05
8835	-0.005173830949139591	0.039280648992946095	9.999000099990002e-05
8836	-0.006625336524561612	0.039280648992946095	9.999000099990002e-05
8837	-0.017870322288140422	0.039280648992946095	9.999000099990002e-05
8838	-0.025001364215769956	0.039280648992946095	9.999000099990002e-05
8839	-0.004132532662607685	0.039280648992946095	9.999000099990002e-05
8840	0.009586739509064218	0.039280648992946095	9.999000099990002e-05
8841	-0.04214826823787035	0.039280648992946095	9.999000099990002e-05
8842	-0.015415960349080174	0.039280648992946095	9.999000099990002e-05
8843	-0.0036170466615104424	0.039280648992946095	9.999000099990002e-05
8844	-0.0021178605614511348	0.039280648992946095	9.999000099990002e-05
8845	-0.014327452209952102	0.039280648992946095	9.999000099990002e-05
8846	0.00472079420386462	0.039280648992946095	9.999000099990002e-05
8847	-0.023772171989933935	0.039280648992946095	9.999000099990002e-05
8848	0.0019099542237695777	0.039280648992946095	9.999000099990002e-05
8849	-0.0017576384588212368	0.039280648992946095	9.999000099990002e-05
8850	0.0022576404956164142	0.039280648992946095	9.999000099990002e-05
8851	-0.021741835598917125	0.039280648992946095	9.999000099990002e-05
8852	-0.0011084079432757549	0.039280648992946095	9.999000099990002e-05
8853	-0.01679596878282011	0.039280648992946095	9.999000099990002e-05
8854	-0.005993707269209225	0.039280648992946095	9.999000099990002e-05
8855	-0.00353294498665839	0.039280648992946095	9.999000099990002e-05
8856	0.014835274860358016	0.039280648992946095	9.999000099990002e-05
8857	-0.0007684882456358011	0.039280648992946095	9.999000099990002e-05
8858	-0.009757691342665617	0.039280648992946095	9.999000099990002e-05
8859	-0.0032688437380039292	0.039280648992946095	9.999000099990002e-05
8860	-0.007339452924398665	0.039280648992946095	9.999000099990002e-05
8861	-0.009663852670309558	0.039280648992946095	9.999000099990002e-05
8862	-0.002287156254829628	0.039280648992946095	9.999000099990002e-05
8863	0.0013243710074354598	0.039280648992946095	9.999000099990002e-05
8864	-0.001779809957156847	0.039280648992946095	9.999000099990002e-05
8865	-0.013866973126893861	0.039280648992946095	9.999000099990002e-05
8866	0.004993771169711933	0.039280648992946095	9.999000099990002e-05
8867	-0.016963151987047065	0.039280648992946095	9.999000099990002e-05
8868	-0.009412506080464692	0.039280648992946095	9.999000099990002e-05
8869	0.011688345522763294	0.039280648992946095	9.999000099990002e-05
8870	-0.010180741025498236	0.039280648992946095	9.999000099990002e-05
8871	-0.012224761281175889	0.039280648992946095	9.999000099990002e-05
8872	7.1315019665813e-05	0.039280648992946095	9.999000099990002e-05
8873	0.0015721123970466183	0.039280648992946095	9.999000099990002e-05
8874	-0.013069316032683714	0.039280648992946095	9.999000099990002e-05
8875	0.00420629339013949	0.039280648992946095	9.999000099990002e-05
8876	-0.004003113242590922	0.039280648992946095	9.999000099990002e-05
8877	-0.0005731811974084289	0.039280648992946095	9.999000099990002e-05
8878	-0.0213571776352552	0.039280648992946095	9.999000099990002e-05
8879	0.0007628965510872721	0.039280648992946095	9.999000099990002e-05
8880	-0.007356272725286897	0.039280648992946095	9.999000099990002e-05
8881	-0.014759229183690242	0.039280648992946095	9.999000099990002e-05
8882	0.007212615451751378	0.039280648992946095	9.999000099990002e-05
8883	0.006220675484683566	0.039280648992946095	9.999000099990002e-05
8884	-0.0179288708506362	0.039280648992946095	9.999000099990002e-05
8885	0.0011524343263324133	0.039280648992946095	9.999000099990002e-05
8886	0.014141134347099904	0.039280648992946095	9.999000099990002e-05
8887	-0.0017051057492143001	0.039280648992946095	9.999000099990002e-05
8888	-0.00629792775005493	0.039280648992946095	9.999000099990002e-05
8889	0.011301283169773357	0.039280648992946095	9.999000099990002e-05
8890	0.005108980265717641	0.039280648992946095	9.999000099990002e-05
8891	-0.009054070482657453	0.039280648992946095	9.999000099990002e-05
8892	-0.005338604083346493	0.039280648992946095	9.999000099990002e-05
8893	-0.010390231256652435	0.039280648992946095	9.999000099990002e-05
8894	-0.0006439579593635336	0.039280648992946095	9.999000099990002e-05
8895	-0.003556871576075135	0.039280648992946095	9.999000099990002e-05
8896	0.0037315651892842333	0.039280648992946095	9.999000099990002e-05
8897	-0.002186827561733204	0.039280648992946095	9.999000099990002e-05
8898	-0.017899142235406035	0.039280648992946095	9.999000099990002e-05
8899	-0.01200624044900267	0.039280648992946095	9.999000099990002e-05
8900	0.0007181949425225931	0.039280648992946095	9.999000099990002e-05
8901	-0.003840287371936618	0.039280648992946095	9.999000099990002e-05
8902	-0.009519888590849998	0.039280648992946095	9.999000099990002e-05
8903	-0.0015713114680194346	0.039280648992946095	9.999000099990002e-05
8904	0.006698445914623721	0.039280648992946095	9.999000099990002e-05
8905	0.006137238450802246	0.039280648992946095	9.999000099990002e-05
8906	-0.006515197519046584	0.039280648992946095	9.999000099990002e-05
8907	-0.019468169288371598	0.039280648992946095	9.999000099990002e-05
8908	0.0039839778071189685	0.039280648992946095	9.999000099990002e-05
8909	-0.0038981452205417294	0.039280648992946095	9.999000099990002e-05
8910	-0.0030885412425113723	0.039280648992946095	9.999000099990002e-05
8911	0.003644227316417628	0.039280648992946095	9.999000099990002e-05
8912	-0.000696157061832639	0.039280648992946095	9.999000099990002e-05
8913	0.006902665240395428	0.039280648992946095	9.999000099990002e-05
8914	0.000866972024742535	0.039280648992946095	9.999000099990002e-05
8915	-0.010398701411274719	0.039280648992946095	9.999000099990002e-05
8916	-0.02688022912862635	0.039280648992946095	9.999000099990002e-05
8917	-0.014280475557047811	0.039280648992946095	9.999000099990002e-05
8918	0.004462281979347921	0.039280648992946095	9.999000099990002e-05
8919	-0.0013602832259053815	0.039280648992946095	9.999000099990002e-05
8920	-0.028132600471620764	0.039280648992946095	9.999000099990002e-05
8921	0.009595852941370817	0.039280648992946095	9.999000099990002e-05
8922	-0.02256146235695962	0.039280648992946095	9.999000099990002e-05
8923	0.009083310752582424	0.039280648992946095	9.999000099990002e-05
8924	-0.007366901737102707	0.039280648992946095	9.999000099990002e-05
8925	0.006367756321965734	0.039280648992946095	9.999000099990002e-05
8926	-0.0001824947570974872	0.039280648992946095	9.999000099990002e-05
8927	-0.003860525007326504	0.039280648992946095	9.999000099990002e-05
8928	-0.0043094805395051256	0.039280648992946095	9.999000099990002e-05
8929	0.003920923970292381	0.039280648992946095	9.999000099990002e-05
8930	-0.015569484644849016	0.039280648992946095	9.999000099990002e-05
8931	-0.001621523444985673	0.039280648992946095	9.999000099990002e-05
8932	-0.004529443393508317	0.039280648992946095	9.999000099990002e-05
8933	-0.05645276394581861	0.039280648992946095	9.999000099990002e-05
8934	0.0026912654421784588	0.039280648992946095	9.999000099990002e-05
8935	-0.012616892073857106	0.039280648992946095	9.999000099990002e-05
8936	0.0017671149698903071	0.039280648992946095	9.999000099990002e-05
8937	-0.0016683170048152063	0.039280648992946095	9.999000099990002e-05
8938	-0.014576595079702076	0.039280648992946095	9.999000099990002e-05
8939	0.0028603409966014848	0.039280648992946095	9.999000099990002e-05
8940	0.0056052875221350995	0.039280648992946095	9.999000099990002e-05
8941	-0.02475792009976499	0.039280648992946095	9.999000099990002e-05
8942	-0.0016995572667677372	0.039280648992946095	9.999000099990002e-05
8943	-0.003901714588717825	0.039280648992946095	9.999000099990002e-05
8944	0.0006856630756973126	0.039280648992946095	9.999000099990002e-05
8945	-9.393825440226489e-05	0.039280648992946095	9.999000099990002e-05
8946	-0.000721823836582966	0.039280648992946095	9.999000099990002e-05
8947	0.004356746519280974	0.039280648992946095	9.999000099990002e-05
8948	-0.010496646252929814	0.039280648992946095	9.999000099990002e-05
8949	0.0010751930824746542	0.039280648992946095	9.999000099990002e-05
8950	-0.006747914109353853	0.039280648992946095	9.999000099990002e-05
8951	-0.012783716035002585	0.039280648992946095	9.999000099990002e-05
8952	-0.0036471561258731022	0.039280648992946095	9.999000099990002e-05
8953	0.004174064250792628	0.039280648992946095	9.999000099990002e-05
8954	-0.0016226796357546175	0.039280648992946095	9.999000099990002e-05
8955	0.0010497335316021206	0.039280648992946095	9.999000099990002e-05
8956	-0.0061152354796643466	0.039280648992946095	9.999000099990002e-05
8957	0.003252599046495358	0.039280648992946095	9.999000099990002e-05
8958	-0.0021131395664809594	0.039280648992946095	9.999000099990002e-05
8959	-0.006185052544532235	0.039280648992946095	9.999000099990002e-05
8960	-0.0016468235966101419	0.039280648992946095	9.999000099990002e-05
8961	-0.026647553905409987	0.039280648992946095	9.999000099990002e-05
8962	0.005133305960166104	0.039280648992946095	9.999000099990002e-05
8963	-0.002602577409613255	0.039280648992946095	9.999000099990002e-05
8964	-0.01944505984465851	0.039280648992946095	9.999000099990002e-05
8965	0.0016643433364445653	0.039280648992946095	9.999000099990002e-05
8966	-0.012142406006431683	0.039280648992946095	9.999000099990002e-05
8967	0.002792043201264957	0.039280648992946095	9.999000099990002e-05
8968	-0.033123654765388616	0.039280648992946095	9.999000099990002e-05
8969	0.006161519330902282	0.039280648992946095	9.999000099990002e-05
8970	0.0011950886037689762	0.039280648992946095	9.999000099990002e-05
8971	0.010151894713995163	0.039280648992946095	9.999000099990002e-05
8972	-0.007274169488768939	0.039280648992946095	9.999000099990002e-05
8973	-0.018247796215572473	0.039280648992946095	9.999000099990002e-05
8974	-0.0012070681637067204	0.039280648992946095	9.999000099990002e-05
8975	-0.0005484462989201189	0.039280648992946095	9.999000099990002e-05
8976	-0.003493106001941998	0.039280648992946095	9.999000099990002e-05
8977	-0.011433484526651785	0.039280648992946095	9.999000099990002e-05
8978	-0.011897233697665238	0.039280648992946095	9.999000099990002e-05
8979	0.005135635189568416	0.039280648992946095	9.999000099990002e-05
8980	0.0015522363352785395	0.039280648992946095	9.999000099990002e-05
8981	-0.0013888657979276575	0.039280648992946095	9.999000099990002e-05
8982	-0.016320081720785126	0.039280648992946095	9.999000099990002e-05
8983	-0.017530212554357605	0.039280648992946095	9.999000099990002e-05
8984	-0.005085864218806926	0.039280648992946095	9.999000099990002e-05
8985	-0.01876915275065834	0.039280648992946095	9.999000099990002e-05
8986	-0.0008301658498438558	0.039280648992946095	9.999000099990002e-05
8987	-0.013487404966209565	0.039280648992946095	9.999000099990002e-05
8988	-0.009145668583249611	0.039280648992946095	9.999000099990002e-05
8989	-0.006147854110564038	0.039280648992946095	9.999000099990002e-05
8990	0.0005669217545020422	0.039280648992946095	9.999000099990002e-05
8991	0.0018135617647397212	0.039280648992946095	9.999000099990002e-05
8992	-0.010816888033282804	0.039280648992946095	9.999000099990002e-05
8993	-0.03843458091478476	0.039280648992946095	9.999000099990002e-05
8994	-0.004908979849133521	0.039280648992946095	9.999000099990002e-05
8995	-0.0292804272226124	0.039280648992946095	9.999000099990002e-05
8996	-0.011738660043504101	0.039280648992946095	9.999000099990002e-05
8997	-0.007366433298496136	0.039280648992946095	9.999000099990002e-05
8998	-0.004614642461538837	0.039280648992946095	9.999000099990002e-05
8999	-0.005144045429883004	0.039280648992946095	9.999000099990002e-05
9000	-0.00030432787991266363	0.039280648992946095	9.999000099990002e-05
9001	0.0035311707657254	0.039280648992946095	9.999000099990002e-05
9002	0.0034758695198637	0.039280648992946095	9.999000099990002e-05
9003	-0.004101223746821245	0.039280648992946095	9.999000099990002e-05
9004	-0.0041733721288671755	0.039280648992946095	9.999000099990002e-05
9005	-0.006075010741970185	0.039280648992946095	9.999000099990002e-05
9006	-0.01975107037469033	0.039280648992946095	9.999000099990002e-05
9007	-0.0055802598495176825	0.039280648992946095	9.999000099990002e-05
9008	-0.002237401986273896	0.039280648992946095	9.999000099990002e-05
9009	-0.01702530201120145	0.039280648992946095	9.999000099990002e-05
9010	-0.02870895377718466	0.039280648992946095	9.999000099990002e-05
9011	0.0026733139697476815	0.039280648992946095	9.999000099990002e-05
9012	-0.016003828417444493	0.039280648992946095	9.999000099990002e-05
9013	-0.0029834021199595107	0.039280648992946095	9.999000099990002e-05
9014	0.010576011104558594	0.039280648992946095	9.999000099990002e-05
9015	-0.0033502681075446017	0.039280648992946095	9.999000099990002e-05
9016	-0.028064069816462797	0.039280648992946095	9.999000099990002e-05
9017	-0.0022364435030097357	0.039280648992946095	9.999000099990002e-05
9018	-0.016239835779252393	0.039280648992946095	9.999000099990002e-05
9019	-0.005917300261684216	0.039280648992946095	9.999000099990002e-05
9020	-0.013619193963108137	0.039280648992946095	9.999000099990002e-05
9021	-0.01342518318083416	0.039280648992946095	9.999000099990002e-05
9022	0.0016504436540384637	0.039280648992946095	9.999000099990002e-05
9023	-0.0014671725356930898	0.039280648992946095	9.999000099990002e-05
9024	-0.003988131655388957	0.039280648992946095	9.999000099990002e-05
9025	0.00951159439202276	0.039280648992946095	9.999000099990002e-05
9026	-0.004221160440994742	0.039280648992946095	9.999000099990002e-05
9027	0.01971945785747281	0.039280648992946095	9.999000099990002e-05
9028	-0.009427885364663616	0.039280648992946095	9.999000099990002e-05
9029	6.614408475288935e-05	0.039280648992946095	9.999000099990002e-05
9030	-0.006632419813475093	0.039280648992946095	9.999000099990002e-05
9031	0.00010779084047252141	0.039280648992946095	9.999000099990002e-05
9032	-0.00922386156151514	0.039280648992946095	9.999000099990002e-05
9033	-0.00794548823438608	0.039280648992946095	9.999000099990002e-05
9034	0.0032110325973113	0.039280648992946095	9.999000099990002e-05
9035	0.004495323554764813	0.039280648992946095	9.999000099990002e-05
9036	-0.012867148116485705	0.039280648992946095	9.999000099990002e-05
9037	-0.0029125989452139373	0.039280648992946095	9.999000099990002e-05
9038	-0.0034668061941741934	0.039280648992946095	9.999000099990002e-05
9039	0.015530737858148291	0.039280648992946095	9.999000099990002e-05
9040	-0.01153961971243063	0.039280648992946095	9.999000099990002e-05
9041	0.005377496043288743	0.039280648992946095	9.999000099990002e-05
9042	-0.01378954155557574	0.039280648992946095	9.999000099990002e-05
9043	0.006884197941704653	0.039280648992946095	9.999000099990002e-05
9044	-0.019940723337862384	0.039280648992946095	9.999000099990002e-05
9045	-0.008239245705861695	0.039280648992946095	9.999000099990002e-05
9046	-0.008610722181962932	0.039280648992946095	9.999000099990002e-05
9047	-0.005636896931965521	0.039280648992946095	9.999000099990002e-05
9048	-0.004047563298458595	0.039280648992946095	9.999000099990002e-05
9049	-0.007806790593440097	0.039280648992946095	9.999000099990002e-05
9050	0.004086039062740007	0.039280648992946095	9.999000099990002e-05
9051	-0.0020636203911810896	0.039280648992946095	9.999000099990002e-05
9052	-0.0014422341519021165	0.039280648992946095	9.999000099990002e-05
9053	-0.01258572449563114	0.039280648992946095	9.999000099990002e-05
9054	-0.014105399638118549	0.039280648992946095	9.999000099990002e-05
9055	0.0036864446175421117	0.039280648992946095	9.999000099990002e-05
9056	-0.023824921876768018	0.039280648992946095	9.999000099990002e-05
9057	0.005611183643514428	0.039280648992946095	9.999000099990002e-05
9058	0.011782259646362564	0.039280648992946095	9.999000099990002e-05
9059	0.007177942935078924	0.039280648992946095	9.999000099990002e-05
9060	0.0027340052213134236	0.039280648992946095	9.999000099990002e-05
9061	0.008968683174942288	0.039280648992946095	9.999000099990002e-05
9062	-0.047597731220929626	0.039280648992946095	9.999000099990002e-05
9063	0.001973822632994837	0.039280648992946095	9.999000099990002e-05
9064	-0.008610897166699466	0.039280648992946095	9.999000099990002e-05
9065	0.008031629763215989	0.039280648992946095	9.999000099990002e-05
9066	-0.004776078456203092	0.039280648992946095	9.999000099990002e-05
9067	-0.00749234831414855	0.039280648992946095	9.999000099990002e-05
9068	-0.008312056883867242	0.039280648992946095	9.999000099990002e-05
9069	-0.005411600005226225	0.039280648992946095	9.999000099990002e-05
9070	0.00953748086875221	0.039280648992946095	9.999000099990002e-05
9071	-0.009276402476566165	0.039280648992946095	9.999000099990002e-05
9072	0.004982533352787505	0.039280648992946095	9.999000099990002e-05
9073	-0.016550775256426065	0.039280648992946095	9.999000099990002e-05
9074	0.004135444478539932	0.039280648992946095	9.999000099990002e-05
9075	-0.0067237387347567346	0.039280648992946095	9.999000099990002e-05
9076	-0.014851552470748791	0.039280648992946095	9.999000099990002e-05
9077	-0.007013843084263088	0.039280648992946095	9.999000099990002e-05
9078	-0.004814644820239855	0.039280648992946095	9.999000099990002e-05
9079	-0.0162086236294426	0.039280648992946095	9.999000099990002e-05
9080	-0.01244235038274584	0.039280648992946095	9.999000099990002e-05
9081	0.002671818636807627	0.039280648992946095	9.999000099990002e-05
9082	0.000257505819517001	0.039280648992946095	9.999000099990002e-05
9083	-0.0020893569364825726	0.039280648992946095	9.999000099990002e-05
9084	-0.04367010286873929	0.039280648992946095	9.999000099990002e-05
9085	-0.02708218064444401	0.039280648992946095	9.999000099990002e-05
9086	0.0011324028952089116	0.039280648992946095	9.999000099990002e-05
9087	0.008710602925786542	0.039280648992946095	9.999000099990002e-05
9088	0.002870404609622332	0.039280648992946095	9.999000099990002e-05
9089	-0.020570632411685705	0.039280648992946095	9.999000099990002e-05
9090	-0.03287318280790889	0.039280648992946095	9.999000099990002e-05
9091	-0.004494925129473998	0.039280648992946095	9.999000099990002e-05
9092	0.0020312923495289514	0.039280648992946095	9.999000099990002e-05
9093	-0.0016765323536946097	0.039280648992946095	9.999000099990002e-05
9094	-0.01146028433242649	0.039280648992946095	9.999000099990002e-05
9095	-0.011375127311227778	0.039280648992946095	9.999000099990002e-05
9096	-0.00708810075096758	0.039280648992946095	9.999000099990002e-05
9097	0.0008508481814606811	0.039280648992946095	9.999000099990002e-05
9098	-0.0020763525214341494	0.039280648992946095	9.999000099990002e-05
9099	-0.0024465767205307243	0.039280648992946095	9.999000099990002e-05
9100	0.007703637673885572	0.039280648992946095	9.999000099990002e-05
9101	-0.008661751644503293	0.039280648992946095	9.999000099990002e-05
9102	0.005532889335297428	0.039280648992946095	9.999000099990002e-05
9103	0.008003658618160214	0.039280648992946095	9.999000099990002e-05
9104	-0.00024723338037188625	0.039280648992946095	9.999000099990002e-05
9105	0.005685107848739837	0.039280648992946095	9.999000099990002e-05
9106	-0.0038175825197356295	0.039280648992946095	9.999000099990002e-05
9107	0.003970766702274892	0.039280648992946095	9.999000099990002e-05
9108	0.0017622310313086392	0.039280648992946095	9.999000099990002e-05
9109	-0.005820284140351142	0.039280648992946095	9.999000099990002e-05
9110	-0.02305077415670234	0.039280648992946095	9.999000099990002e-05
9111	-0.008123167998053377	0.039280648992946095	9.999000099990002e-05
9112	-0.0018947815808133817	0.039280648992946095	9.999000099990002e-05
9113	-0.005272556716017368	0.039280648992946095	9.999000099990002e-05
9114	0.003910378275293433	0.039280648992946095	9.999000099990002e-05
9115	0.001933098334270092	0.039280648992946095	9.999000099990002e-05
9116	0.0032369164521829086	0.039280648992946095	9.999000099990002e-05
9117	-0.0024763562677777295	0.039280648992946095	9.999000099990002e-05
9118	0.005132471044092424	0.039280648992946095	9.999000099990002e-05
9119	0.007717877372415402	0.039280648992946095	9.999000099990002e-05
9120	0.007437589161678498	0.039280648992946095	9.999000099990002e-05
9121	-0.023291267371671615	0.039280648992946095	9.999000099990002e-05
9122	0.001695261983831381	0.039280648992946095	9.999000099990002e-05
9123	-0.001200958069593236	0.039280648992946095	9.999000099990002e-05
9124	-0.006536119070917862	0.039280648992946095	9.999000099990002e-05
9125	-0.0016119923118775858	0.039280648992946095	9.999000099990002e-05
9126	-0.0024911941868788617	0.039280648992946095	9.999000099990002e-05
9127	-0.017867657995012554	0.039280648992946095	9.999000099990002e-05
9128	0.007065068215085457	0.039280648992946095	9.999000099990002e-05
9129	-0.015640601131610365	0.039280648992946095	9.999000099990002e-05
9130	-0.007423346938396594	0.039280648992946095	9.999000099990002e-05
9131	0.008337552315350313	0.039280648992946095	9.999000099990002e-05
9132	-0.00047625091764418037	0.039280648992946095	9.999000099990002e-05
9133	-0.012587383500476543	0.039280648992946095	9.999000099990002e-05
9134	-0.017298900891446728	0.039280648992946095	9.999000099990002e-05
9135	-0.002180584335503305	0.039280648992946095	9.999000099990002e-05
9136	0.003354537803090224	0.039280648992946095	9.999000099990002e-05
9137	0.007822042668979262	0.039280648992946095	9.999000099990002e-05
9138	0.016622053715740437	0.039280648992946095	9.999000099990002e-05
9139	-0.017871669437557733	0.039280648992946095	9.999000099990002e-05
9140	-0.010313705731441011	0.039280648992946095	9.999000099990002e-05
9141	0.0029575632250951334	0.039280648992946095	9.999000099990002e-05
9142	0.002591280552333791	0.039280648992946095	9.999000099990002e-05
9143	0.0041122603604304	0.039280648992946095	9.999000099990002e-05
9144	-0.014087061101781095	0.039280648992946095	9.999000099990002e-05
9145	-0.008684672508661229	0.039280648992946095	9.999000099990002e-05
9146	-0.0013474979787539143	0.039280648992946095	9.999000099990002e-05
9147	0.005762065106547615	0.039280648992946095	9.999000099990002e-05
9148	0.007788234685663836	0.039280648992946095	9.999000099990002e-05
9149	0.0012718395602045185	0.039280648992946095	9.999000099990002e-05
9150	-0.006162265298019956	0.039280648992946095	9.999000099990002e-05
9151	-0.012538444581166222	0.039280648992946095	9.999000099990002e-05
9152	-0.0013185879658151045	0.039280648992946095	9.999000099990002e-05
9153	-0.00333841701864257	0.039280648992946095	9.999000099990002e-05
9154	-0.0018812880436129137	0.039280648992946095	9.999000099990002e-05
9155	0.008028889484762741	0.039280648992946095	9.999000099990002e-05
9156	-0.0021327768449709017	0.039280648992946095	9.999000099990002e-05
9157	-0.0018019061013550691	0.039280648992946095	9.999000099990002e-05
9158	-0.007576545007071986	0.039280648992946095	9.999000099990002e-05
9159	0.0017879608763066573	0.039280648992946095	9.999000099990002e-05
9160	-0.01473262878477262	0.039280648992946095	9.999000099990002e-05
9161	0.0032859108189319253	0.039280648992946095	9.999000099990002e-05
9162	-0.002950207602833349	0.039280648992946095	9.999000099990002e-05
9163	-0.0011822303330204786	0.039280648992946095	9.999000099990002e-05
9164	-0.0013019429068987787	0.039280648992946095	9.999000099990002e-05
9165	-0.012506264480272186	0.039280648992946095	9.999000099990002e-05
9166	-0.009248695702179191	0.039280648992946095	9.999000099990002e-05
9167	0.008484445884006278	0.039280648992946095	9.999000099990002e-05
9168	-0.002005130432064073	0.039280648992946095	9.999000099990002e-05
9169	-0.019872606596377865	0.039280648992946095	9.999000099990002e-05
9170	0.0052202920185484974	0.039280648992946095	9.999000099990002e-05
9171	-0.009196280733411902	0.039280648992946095	9.999000099990002e-05
9172	-0.0008516438667720977	0.039280648992946095	9.999000099990002e-05
9173	-0.022634947109673828	0.039280648992946095	9.999000099990002e-05
9174	-0.0014428005703084612	0.039280648992946095	9.999000099990002e-05
9175	-0.010682147309948806	0.039280648992946095	9.999000099990002e-05
9176	0.009539002517376854	0.039280648992946095	9.999000099990002e-05
9177	-0.004196421658272567	0.039280648992946095	9.999000099990002e-05
9178	-0.00887981811841776	0.039280648992946095	9.999000099990002e-05
9179	-0.0022592312350512567	0.039280648992946095	9.999000099990002e-05
9180	-0.0020386962819496646	0.039280648992946095	9.999000099990002e-05
9181	-0.002242408763752188	0.039280648992946095	9.999000099990002e-05
9182	-0.003206453473983767	0.039280648992946095	9.999000099990002e-05
9183	-0.001479774155687591	0.039280648992946095	9.999000099990002e-05
9184	0.000460902852975148	0.039280648992946095	9.999000099990002e-05
9185	0.0056262662693503385	0.039280648992946095	9.999000099990002e-05
9186	0.0075599832164196246	0.039280648992946095	9.999000099990002e-05
9187	-0.007627024364988327	0.039280648992946095	9.999000099990002e-05
9188	-0.018996588288022018	0.039280648992946095	9.999000099990002e-05
9189	0.0055310408283913565	0.039280648992946095	9.999000099990002e-05
9190	0.0027706435973082477	0.039280648992946095	9.999000099990002e-05
9191	-0.002015588489035977	0.039280648992946095	9.999000099990002e-05
9192	0.0010685654627488467	0.039280648992946095	9.999000099990002e-05
9193	-0.011994873918277874	0.039280648992946095	9.999000099990002e-05
9194	0.00023930400821230158	0.039280648992946095	9.999000099990002e-05
9195	-0.0014902515852760062	0.039280648992946095	9.999000099990002e-05
9196	0.007414826143075051	0.039280648992946095	9.999000099990002e-05
9197	-0.01694972419050514	0.039280648992946095	9.999000099990002e-05
9198	0.006666890592750163	0.039280648992946095	9.999000099990002e-05
9199	-0.044802786885375645	0.039280648992946095	9.999000099990002e-05
9200	-0.0020309401466213906	0.039280648992946095	9.999000099990002e-05
9201	0.007132198652480604	0.039280648992946095	9.999000099990002e-05
9202	-0.004655436627920603	0.039280648992946095	9.999000099990002e-05
9203	0.0019416043209499606	0.039280648992946095	9.999000099990002e-05
9204	0.0010703391981526506	0.039280648992946095	9.999000099990002e-05
9205	0.005263608412203788	0.039280648992946095	9.999000099990002e-05
9206	-0.003394701752524071	0.039280648992946095	9.999000099990002e-05
9207	-0.03197233094152406	0.039280648992946095	9.999000099990002e-05
9208	0.002918814933253744	0.039280648992946095	9.999000099990002e-05
9209	-0.0007868729558035692	0.039280648992946095	9.999000099990002e-05
9210	-0.022333165296520158	0.039280648992946095	9.999000099990002e-05
9211	-0.024109510856921673	0.039280648992946095	9.999000099990002e-05
9212	0.00669095813130402	0.039280648992946095	9.999000099990002e-05
9213	-0.0005549297164629124	0.039280648992946095	9.999000099990002e-05
9214	0.0007727281296863592	0.039280648992946095	9.999000099990002e-05
9215	0.00021479089947888663	0.039280648992946095	9.999000099990002e-05
9216	0.0020913886335693077	0.039280648992946095	9.999000099990002e-05
9217	-0.005057330054049472	0.039280648992946095	9.999000099990002e-05
9218	0.0001323104552977128	0.039280648992946095	9.999000099990002e-05
9219	-0.002899080063387391	0.039280648992946095	9.999000099990002e-05
9220	-0.010134243735608311	0.039280648992946095	9.999000099990002e-05
9221	0.0005509549313750528	0.039280648992946095	9.999000099990002e-05
9222	-0.005623226370805742	0.039280648992946095	9.999000099990002e-05
9223	0.0038729272690168626	0.039280648992946095	9.999000099990002e-05
9224	-0.01561079196707997	0.039280648992946095	9.999000099990002e-05
9225	0.007558020027508022	0.039280648992946095	9.999000099990002e-05
9226	-0.01542743020042632	0.039280648992946095	9.999000099990002e-05
9227	-0.0015310079289303224	0.039280648992946095	9.999000099990002e-05
9228	-0.0028368921679526593	0.039280648992946095	9.999000099990002e-05
9229	0.0043754609523526805	0.039280648992946095	9.999000099990002e-05
9230	0.01006596113733689	0.039280648992946095	9.999000099990002e-05
9231	-0.015668140689728535	0.039280648992946095	9.999000099990002e-05
9232	-0.005720629798810134	0.039280648992946095	9.999000099990002e-05
9233	0.004606507564853812	0.039280648992946095	9.999000099990002e-05
9234	0.0018944902632719723	0.039280648992946095	9.999000099990002e-05
9235	0.014139838469569899	0.039280648992946095	9.999000099990002e-05
9236	0.0020795083158073185	0.039280648992946095	9.999000099990002e-05
9237	0.011995166886618724	0.039280648992946095	9.999000099990002e-05
9238	-0.003731839464749462	0.039280648992946095	9.999000099990002e-05
9239	0.015111541723753369	0.039280648992946095	9.999000099990002e-05
9240	-0.007309766064682741	0.039280648992946095	9.999000099990002e-05
9241	-0.009244453681800005	0.039280648992946095	9.999000099990002e-05
9242	-0.01441948451933972	0.039280648992946095	9.999000099990002e-05
9243	0.008928921000950968	0.039280648992946095	9.999000099990002e-05
9244	-0.015438951566424372	0.039280648992946095	9.999000099990002e-05
9245	-0.015197184468399433	0.039280648992946095	9.999000099990002e-05
9246	-0.004877772845933631	0.039280648992946095	9.999000099990002e-05
9247	0.000493293042369447	0.039280648992946095	9.999000099990002e-05
9248	-0.013060430167929862	0.039280648992946095	9.999000099990002e-05
9249	-0.013922402212603352	0.039280648992946095	9.999000099990002e-05
9250	-0.002488439828077782	0.039280648992946095	9.999000099990002e-05
9251	0.0030123181049079434	0.039280648992946095	9.999000099990002e-05
9252	-0.004758290073042584	0.039280648992946095	9.999000099990002e-05
9253	-0.005583523577039923	0.039280648992946095	9.999000099990002e-05
9254	-0.0062624249783894415	0.039280648992946095	9.999000099990002e-05
9255	-0.0073457874301248866	0.039280648992946095	9.999000099990002e-05
9256	0.006667802368101869	0.039280648992946095	9.999000099990002e-05
9257	0.005186011178310454	0.039280648992946095	9.999000099990002e-05
9258	-0.019732917941708922	0.039280648992946095	9.999000099990002e-05
9259	-0.008936708889891246	0.039280648992946095	9.999000099990002e-05
9260	-0.0034778806790637107	0.039280648992946095	9.999000099990002e-05
9261	0.004554227767425728	0.039280648992946095	9.999000099990002e-05
9262	-0.02873787651098944	0.039280648992946095	9.999000099990002e-05
9263	-0.0004446290782653267	0.039280648992946095	9.999000099990002e-05
9264	0.006518317869785545	0.039280648992946095	9.999000099990002e-05
9265	0.003235822700473706	0.039280648992946095	9.999000099990002e-05
9266	-0.05247407529998145	0.039280648992946095	9.999000099990002e-05
9267	0.0016284525298139174	0.039280648992946095	9.999000099990002e-05
9268	-0.021082883477144418	0.039280648992946095	9.999000099990002e-05
9269	0.01135891073186196	0.039280648992946095	9.999000099990002e-05
9270	-0.03476963553179854	0.039280648992946095	9.999000099990002e-05
9271	-0.015373695951619831	0.039280648992946095	9.999000099990002e-05
9272	-0.011418216574306611	0.039280648992946095	9.999000099990002e-05
9273	-0.004797463445729774	0.039280648992946095	9.999000099990002e-05
9274	-0.014820459518366358	0.039280648992946095	9.999000099990002e-05
9275	0.0012089859556347476	0.039280648992946095	9.999000099990002e-05
9276	-0.00042904198755353007	0.039280648992946095	9.999000099990002e-05
9277	-0.0021192467959719324	0.039280648992946095	9.999000099990002e-05
9278	-0.005070373554201341	0.039280648992946095	9.999000099990002e-05
9279	-0.01248742181892934	0.039280648992946095	9.999000099990002e-05
9280	-0.017760319667787697	0.039280648992946095	9.999000099990002e-05
9281	-0.0032014687395327535	0.039280648992946095	9.999000099990002e-05
9282	-0.002446293025798324	0.039280648992946095	9.999000099990002e-05
9283	-0.0003926103013543597	0.039280648992946095	9.999000099990002e-05
9284	-0.0014860925903960875	0.039280648992946095	9.999000099990002e-05
9285	0.004734258415099266	0.039280648992946095	9.999000099990002e-05
9286	-0.00041874260153584864	0.039280648992946095	9.999000099990002e-05
9287	0.0010657558021678337	0.039280648992946095	9.999000099990002e-05
9288	-0.006966779667284387	0.039280648992946095	9.999000099990002e-05
9289	-0.02827993203620023	0.039280648992946095	9.999000099990002e-05
9290	-0.006783718103357136	0.039280648992946095	9.999000099990002e-05
9291	-0.0013063243227215277	0.039280648992946095	9.999000099990002e-05
9292	-0.018973734426898592	0.039280648992946095	9.999000099990002e-05
9293	-0.022203238449899174	0.039280648992946095	9.999000099990002e-05
9294	-0.021030272014695456	0.039280648992946095	9.999000099990002e-05
9295	-0.008572963058833413	0.039280648992946095	9.999000099990002e-05
9296	-0.0006151429159432231	0.039280648992946095	9.999000099990002e-05
9297	-0.0015703888168128594	0.039280648992946095	9.999000099990002e-05
9298	0.00014559332136281078	0.039280648992946095	9.999000099990002e-05
9299	-0.003449567624320138	0.039280648992946095	9.999000099990002e-05
9300	0.00888847777510074	0.039280648992946095	9.999000099990002e-05
9301	-0.006574058082629203	0.039280648992946095	9.999000099990002e-05
9302	-0.01461559473002877	0.039280648992946095	9.999000099990002e-05
9303	0.005528866774132751	0.039280648992946095	9.999000099990002e-05
9304	-0.003924498096655002	0.039280648992946095	9.999000099990002e-05
9305	-0.005090196110647677	0.039280648992946095	9.999000099990002e-05
9306	-0.010281142159556639	0.039280648992946095	9.999000099990002e-05
9307	-0.008400583769279102	0.039280648992946095	9.999000099990002e-05
9308	-0.024868775309455568	0.039280648992946095	9.999000099990002e-05
9309	-0.00825001158836905	0.039280648992946095	9.999000099990002e-05
9310	0.0010018793331572767	0.039280648992946095	9.999000099990002e-05
9311	0.0026051648434631397	0.039280648992946095	9.999000099990002e-05
9312	0.003126043180804755	0.039280648992946095	9.999000099990002e-05
9313	0.016639070253074956	0.039280648992946095	9.999000099990002e-05
9314	0.002146681673986933	0.039280648992946095	9.999000099990002e-05
9315	-0.013358653877185683	0.039280648992946095	9.999000099990002e-05
9316	0.0033792301206645725	0.039280648992946095	9.999000099990002e-05
9317	-0.004512778864869643	0.039280648992946095	9.999000099990002e-05
9318	0.006173974855149769	0.039280648992946095	9.999000099990002e-05
9319	0.0019293098953028637	0.039280648992946095	9.999000099990002e-05
9320	-0.03208608743116245	0.039280648992946095	9.999000099990002e-05
9321	0.0066360454544896336	0.039280648992946095	9.999000099990002e-05
9322	-0.025032422501364976	0.039280648992946095	9.999000099990002e-05
9323	-0.009146770977379232	0.039280648992946095	9.999000099990002e-05
9324	-0.005611653830026236	0.039280648992946095	9.999000099990002e-05
9325	-0.006311595252380536	0.039280648992946095	9.999000099990002e-05
9326	0.001706644391362186	0.039280648992946095	9.999000099990002e-05
9327	0.008667186318897041	0.039280648992946095	9.999000099990002e-05
9328	-0.0018788411219238521	0.039280648992946095	9.999000099990002e-05
9329	0.0069084263360943005	0.039280648992946095	9.999000099990002e-05
9330	0.0020970860763853683	0.039280648992946095	9.999000099990002e-05
9331	0.013517817983450364	0.039280648992946095	9.999000099990002e-05
9332	-0.004241533150617996	0.039280648992946095	9.999000099990002e-05
9333	-0.012160676471570292	0.039280648992946095	9.999000099990002e-05
9334	-0.0007712122588596493	0.039280648992946095	9.999000099990002e-05
9335	-0.019616195596734387	0.039280648992946095	9.999000099990002e-05
9336	-0.004496849961575927	0.039280648992946095	9.999000099990002e-05
9337	-0.004363029510355276	0.039280648992946095	9.999000099990002e-05
9338	0.010152574309266332	0.039280648992946095	9.999000099990002e-05
9339	-0.009489527670896211	0.039280648992946095	9.999000099990002e-05
9340	-0.016023602809390608	0.039280648992946095	9.999000099990002e-05
9341	0.004765276207555999	0.039280648992946095	9.999000099990002e-05
9342	-0.011291406971037476	0.039280648992946095	9.999000099990002e-05
9343	-0.01044738576760676	0.039280648992946095	9.999000099990002e-05
9344	-0.044858771804954095	0.039280648992946095	9.999000099990002e-05
9345	0.013690586181922426	0.039280648992946095	9.999000099990002e-05
9346	0.01027275823492664	0.039280648992946095	9.999000099990002e-05
9347	0.008045928696312599	0.039280648992946095	9.999000099990002e-05
9348	0.011501396083481358	0.039280648992946095	9.999000099990002e-05
9349	-0.0014298085362555446	0.039280648992946095	9.999000099990002e-05
9350	-0.009997045020518722	0.039280648992946095	9.999000099990002e-05
9351	0.011072259077856389	0.039280648992946095	9.999000099990002e-05
9352	0.0013536624521418156	0.039280648992946095	9.999000099990002e-05
9353	0.004530336912960745	0.039280648992946095	9.999000099990002e-05
9354	-0.037564453192774946	0.039280648992946095	9.999000099990002e-05
9355	-0.010467640396519859	0.039280648992946095	9.999000099990002e-05
9356	-0.0004059070050026481	0.039280648992946095	9.999000099990002e-05
9357	-0.02168890203637322	0.039280648992946095	9.999000099990002e-05
9358	-0.02985395198050797	0.039280648992946095	9.999000099990002e-05
9359	0.0008421602669762135	0.039280648992946095	9.999000099990002e-05
9360	-0.027613396967377607	0.039280648992946095	9.999000099990002e-05
9361	-0.00936081110300098	0.039280648992946095	9.999000099990002e-05
9362	-0.005833758353488011	0.039280648992946095	9.999000099990002e-05
9363	-0.0012100008573960874	0.039280648992946095	9.999000099990002e-05
9364	-0.005819657807637116	0.039280648992946095	9.999000099990002e-05
9365	-0.012587325625391624	0.039280648992946095	9.999000099990002e-05
9366	-0.004933122353401376	0.039280648992946095	9.999000099990002e-05
9367	-0.007747243394412379	0.039280648992946095	9.999000099990002e-05
9368	0.004103388430365618	0.039280648992946095	9.999000099990002e-05
9369	-0.01802961981783903	0.039280648992946095	9.999000099990002e-05
9370	0.0028172261946848715	0.039280648992946095	9.999000099990002e-05
9371	0.005012767695269593	0.039280648992946095	9.999000099990002e-05
9372	-0.005389512503448407	0.039280648992946095	9.999000099990002e-05
9373	-0.012102459962518797	0.039280648992946095	9.999000099990002e-05
9374	0.009037901630815498	0.039280648992946095	9.999000099990002e-05
9375	-0.0027844669545185052	0.039280648992946095	9.999000099990002e-05
9376	-0.010988567578102626	0.039280648992946095	9.999000099990002e-05
9377	0.0022900495720979686	0.039280648992946095	9.999000099990002e-05
9378	-0.013506143821401834	0.039280648992946095	9.999000099990002e-05
9379	0.0002737156500264709	0.039280648992946095	9.999000099990002e-05
9380	-0.006545268917917152	0.039280648992946095	9.999000099990002e-05
9381	-0.0352124723759962	0.039280648992946095	9.999000099990002e-05
9382	-0.002387508933070312	0.039280648992946095	9.999000099990002e-05
9383	-0.002216391631105402	0.039280648992946095	9.999000099990002e-05
9384	-0.01585259834442007	0.039280648992946095	9.999000099990002e-05
9385	0.006562903922392116	0.039280648992946095	9.999000099990002e-05
9386	-0.0013190561616570617	0.039280648992946095	9.999000099990002e-05
9387	0.0012780626855240645	0.039280648992946095	9.999000099990002e-05
9388	0.0022758265272209144	0.039280648992946095	9.999000099990002e-05
9389	0.0011288553272954943	0.039280648992946095	9.999000099990002e-05
9390	-0.0066242368979486654	0.039280648992946095	9.999000099990002e-05
9391	0.010708629676709241	0.039280648992946095	9.999000099990002e-05
9392	-0.0011700721954298193	0.039280648992946095	9.999000099990002e-05
9393	-0.013904039594015788	0.039280648992946095	9.999000099990002e-05
9394	-0.003531718005726908	0.039280648992946095	9.999000099990002e-05
9395	0.010964955368865992	0.039280648992946095	9.999000099990002e-05
9396	-0.01677432830780956	0.039280648992946095	9.999000099990002e-05
9397	-0.0003775892891784566	0.039280648992946095	9.999000099990002e-05
9398	-0.00016157616695458565	0.039280648992946095	9.999000099990002e-05
9399	-0.024096910256538553	0.039280648992946095	9.999000099990002e-05
9400	0.007366500204424795	0.039280648992946095	9.999000099990002e-05
9401	0.004055142798250949	0.039280648992946095	9.999000099990002e-05
9402	-0.0030325613724369455	0.039280648992946095	9.999000099990002e-05
9403	-0.03286935465265017	0.039280648992946095	9.999000099990002e-05
9404	0.006989829342348555	0.039280648992946095	9.999000099990002e-05
9405	-0.031065087228410296	0.039280648992946095	9.999000099990002e-05
9406	-0.009973603620467203	0.039280648992946095	9.999000099990002e-05
9407	-0.014966445778539589	0.039280648992946095	9.999000099990002e-05
9408	-0.005034480756900828	0.039280648992946095	9.999000099990002e-05
9409	-0.0037621957721755417	0.039280648992946095	9.999000099990002e-05
9410	-0.004540986025686894	0.039280648992946095	9.999000099990002e-05
9411	0.010703670820966488	0.039280648992946095	9.999000099990002e-05
9412	-0.0019436734037878017	0.039280648992946095	9.999000099990002e-05
9413	0.001953814750039265	0.039280648992946095	9.999000099990002e-05
9414	-0.006686653914629706	0.039280648992946095	9.999000099990002e-05
9415	0.0011717721303897977	0.039280648992946095	9.999000099990002e-05
9416	-0.0030267589096471814	0.039280648992946095	9.999000099990002e-05
9417	-0.0013531455577174833	0.039280648992946095	9.999000099990002e-05
9418	0.005507796941632906	0.039280648992946095	9.999000099990002e-05
9419	0.00160662148457838	0.039280648992946095	9.999000099990002e-05
9420	-0.01476043742319319	0.039280648992946095	9.999000099990002e-05
9421	-0.0074791815381237	0.039280648992946095	9.999000099990002e-05
9422	-0.001750994039783918	0.039280648992946095	9.999000099990002e-05
9423	-0.004002839646866624	0.039280648992946095	9.999000099990002e-05
9424	-0.007294587109846498	0.039280648992946095	9.999000099990002e-05
9425	-0.009586993780724917	0.039280648992946095	9.999000099990002e-05
9426	5.031976445663e-06	0.039280648992946095	9.999000099990002e-05
9427	-0.012917811489982348	0.039280648992946095	9.999000099990002e-05
9428	0.006844731697782477	0.039280648992946095	9.999000099990002e-05
9429	-0.0016443201593180634	0.039280648992946095	9.999000099990002e-05
9430	0.009237938801962733	0.039280648992946095	9.999000099990002e-05
9431	-0.0028512784477587594	0.039280648992946095	9.999000099990002e-05
9432	-0.006237696925863373	0.039280648992946095	9.999000099990002e-05
9433	-0.0345722643531315	0.039280648992946095	9.999000099990002e-05
9434	0.007015778549455273	0.039280648992946095	9.999000099990002e-05
9435	-0.0025918889204660928	0.039280648992946095	9.999000099990002e-05
9436	-0.014496700612783048	0.039280648992946095	9.999000099990002e-05
9437	0.004932934744904707	0.039280648992946095	9.999000099990002e-05
9438	0.010164371552976087	0.039280648992946095	9.999000099990002e-05
9439	0.009921000557674045	0.039280648992946095	9.999000099990002e-05
9440	0.002816199882986495	0.039280648992946095	9.999000099990002e-05
9441	-0.01709134855313088	0.039280648992946095	9.999000099990002e-05
9442	0.002418520170882399	0.039280648992946095	9.999000099990002e-05
9443	0.00442660286346401	0.039280648992946095	9.999000099990002e-05
9444	-0.0006582232938370236	0.039280648992946095	9.999000099990002e-05
9445	-0.002410533991802244	0.039280648992946095	9.999000099990002e-05
9446	0.011210758768532975	0.039280648992946095	9.999000099990002e-05
9447	0.0063080984708251825	0.039280648992946095	9.999000099990002e-05
9448	-0.00726733323713058	0.039280648992946095	9.999000099990002e-05
9449	0.006551644547969637	0.039280648992946095	9.999000099990002e-05
9450	-0.014341680013015667	0.039280648992946095	9.999000099990002e-05
9451	-0.0213070232420563	0.039280648992946095	9.999000099990002e-05
9452	0.005581341608654797	0.039280648992946095	9.999000099990002e-05
9453	-0.015282332798624829	0.039280648992946095	9.999000099990002e-05
9454	0.00783728367445187	0.039280648992946095	9.999000099990002e-05
9455	-0.014203128759134251	0.039280648992946095	9.999000099990002e-05
9456	-0.007812961330155105	0.039280648992946095	9.999000099990002e-05
9457	-0.009588816943004883	0.039280648992946095	9.999000099990002e-05
9458	-0.007678881169346272	0.039280648992946095	9.999000099990002e-05
9459	-0.0008448198019175707	0.039280648992946095	9.999000099990002e-05
9460	-0.0029840305404492395	0.039280648992946095	9.999000099990002e-05
9461	-0.006112588325718524	0.039280648992946095	9.999000099990002e-05
9462	-0.019369521157618613	0.039280648992946095	9.999000099990002e-05
9463	0.001430156563611673	0.039280648992946095	9.999000099990002e-05
9464	-0.002313040837995106	0.039280648992946095	9.999000099990002e-05
9465	0.008421761389269283	0.039280648992946095	9.999000099990002e-05
9466	0.002639601781350448	0.039280648992946095	9.999000099990002e-05
9467	-0.017895441919995064	0.039280648992946095	9.999000099990002e-05
9468	-0.026601014665794134	0.039280648992946095	9.999000099990002e-05
9469	0.00539210134533305	0.039280648992946095	9.999000099990002e-05
9470	-0.015605960902632054	0.039280648992946095	9.999000099990002e-05
9471	-0.02701858214092087	0.039280648992946095	9.999000099990002e-05
9472	0.008185646919711992	0.039280648992946095	9.999000099990002e-05
9473	-0.04154059717988792	0.039280648992946095	9.999000099990002e-05
9474	-0.010435804438748073	0.039280648992946095	9.999000099990002e-05
9475	0.0014095849812135047	0.039280648992946095	9.999000099990002e-05
9476	-0.041468849942096514	0.039280648992946095	9.999000099990002e-05
9477	-0.002494351729157268	0.039280648992946095	9.999000099990002e-05
9478	-0.0055333526758470225	0.039280648992946095	9.999000099990002e-05
9479	0.0037114574329648875	0.039280648992946095	9.999000099990002e-05
9480	-0.0020061287772784597	0.039280648992946095	9.999000099990002e-05
9481	0.008121024240819091	0.039280648992946095	9.999000099990002e-05
9482	-0.001945874696236527	0.039280648992946095	9.999000099990002e-05
9483	-0.0014228101178524605	0.039280648992946095	9.999000099990002e-05
9484	0.0070721622341950174	0.039280648992946095	9.999000099990002e-05
9485	0.006021973518934451	0.039280648992946095	9.999000099990002e-05
9486	0.00850101859906649	0.039280648992946095	9.999000099990002e-05
9487	-0.015003581433577606	0.039280648992946095	9.999000099990002e-05
9488	-0.012798090467895332	0.039280648992946095	9.999000099990002e-05
9489	0.009557092462745609	0.039280648992946095	9.999000099990002e-05
9490	0.012172521491356864	0.039280648992946095	9.999000099990002e-05
9491	-0.01982942775315505	0.039280648992946095	9.999000099990002e-05
9492	0.00017053724018707694	0.039280648992946095	9.999000099990002e-05
9493	0.00019497285845448964	0.039280648992946095	9.999000099990002e-05
9494	0.005444281657820738	0.039280648992946095	9.999000099990002e-05
9495	-0.010560396678550826	0.039280648992946095	9.999000099990002e-05
9496	-0.0004186461268767261	0.039280648992946095	9.999000099990002e-05
9497	0.006457422453176195	0.039280648992946095	9.999000099990002e-05
9498	-0.009707529423763545	0.039280648992946095	9.999000099990002e-05
9499	0.0009265140286074114	0.039280648992946095	9.999000099990002e-05
9500	0.0013838077485620326	0.039280648992946095	9.999000099990002e-05
9501	-0.0028894254116417634	0.039280648992946095	9.999000099990002e-05
9502	0.011727657125623903	0.039280648992946095	9.999000099990002e-05
9503	-0.011102248907815332	0.039280648992946095	9.999000099990002e-05
9504	0.008184787921388242	0.039280648992946095	9.999000099990002e-05
9505	0.009059729811428552	0.039280648992946095	9.999000099990002e-05
9506	0.011236293090907817	0.039280648992946095	9.999000099990002e-05
9507	-0.008747357925903781	0.039280648992946095	9.999000099990002e-05
9508	-0.01134901428655695	0.039280648992946095	9.999000099990002e-05
9509	0.005588843957851572	0.039280648992946095	9.999000099990002e-05
9510	0.004218143750747624	0.039280648992946095	9.999000099990002e-05
9511	0.006111619355022871	0.039280648992946095	9.999000099990002e-05
9512	0.010530629366640551	0.039280648992946095	9.999000099990002e-05
9513	-0.012588883397391393	0.039280648992946095	9.999000099990002e-05
9514	-0.020180765399065853	0.039280648992946095	9.999000099990002e-05
9515	0.0016084310034868154	0.039280648992946095	9.999000099990002e-05
9516	-0.014830798280805052	0.039280648992946095	9.999000099990002e-05
9517	0.004411960272774393	0.039280648992946095	9.999000099990002e-05
9518	-0.0033577115134921787	0.039280648992946095	9.999000099990002e-05
9519	-0.00022907759723873877	0.039280648992946095	9.999000099990002e-05
9520	0.004808487484131763	0.039280648992946095	9.999000099990002e-05
9521	-0.003819524976548805	0.039280648992946095	9.999000099990002e-05
9522	-0.009163925016593327	0.039280648992946095	9.999000099990002e-05
9523	-0.00041079929468720855	0.039280648992946095	9.999000099990002e-05
9524	-0.004227008640638491	0.039280648992946095	9.999000099990002e-05
9525	0.010466489012490407	0.039280648992946095	9.999000099990002e-05
9526	-0.013676074538467684	0.039280648992946095	9.999000099990002e-05
9527	-0.0016670353047388564	0.039280648992946095	9.999000099990002e-05
9528	0.014856901837655812	0.039280648992946095	9.999000099990002e-05
9529	-0.012115963550174413	0.039280648992946095	9.999000099990002e-05
9530	0.0038668105231528804	0.039280648992946095	9.999000099990002e-05
9531	-0.014779193903096746	0.039280648992946095	9.999000099990002e-05
9532	-0.014626046086697236	0.039280648992946095	9.999000099990002e-05
9533	0.00031822790218923036	0.039280648992946095	9.999000099990002e-05
9534	0.0010844220707393742	0.039280648992946095	9.999000099990002e-05
9535	-0.004858391441350876	0.039280648992946095	9.999000099990002e-05
9536	0.012771952584127638	0.039280648992946095	9.999000099990002e-05
9537	-0.008142233517315398	0.039280648992946095	9.999000099990002e-05
9538	-0.03384377206381403	0.039280648992946095	9.999000099990002e-05
9539	-0.014222017497201561	0.039280648992946095	9.999000099990002e-05
9540	-0.008253504000161269	0.039280648992946095	9.999000099990002e-05
9541	-0.0038458704240647845	0.039280648992946095	9.999000099990002e-05
9542	0.006730791678093012	0.039280648992946095	9.999000099990002e-05
9543	-0.008309135648667837	0.039280648992946095	9.999000099990002e-05
9544	-0.0025380499430034675	0.039280648992946095	9.999000099990002e-05
9545	-0.0041249150487703695	0.039280648992946095	9.999000099990002e-05
9546	-0.0021628696556807575	0.039280648992946095	9.999000099990002e-05
9547	0.010438106138642753	0.039280648992946095	9.999000099990002e-05
9548	-0.0029120299535026622	0.039280648992946095	9.999000099990002e-05
9549	-0.028917097538662465	0.039280648992946095	9.999000099990002e-05
9550	-0.04216774475763038	0.039280648992946095	9.999000099990002e-05
9551	0.0005293047457797934	0.039280648992946095	9.999000099990002e-05
9552	0.011679141684912964	0.039280648992946095	9.999000099990002e-05
9553	-0.005910530042021911	0.039280648992946095	9.999000099990002e-05
9554	-0.02259123729167889	0.039280648992946095	9.999000099990002e-05
9555	-0.009213551056877933	0.039280648992946095	9.999000099990002e-05
9556	-0.0036405353521095085	0.039280648992946095	9.999000099990002e-05
9557	-0.006546819115660837	0.039280648992946095	9.999000099990002e-05
9558	-0.0009062376479845036	0.039280648992946095	9.999000099990002e-05
9559	-0.0002243769459435302	0.039280648992946095	9.999000099990002e-05
9560	-0.011122365549319696	0.039280648992946095	9.999000099990002e-05
9561	3.204240480278453e-05	0.039280648992946095	9.999000099990002e-05
9562	-0.001867838738125835	0.039280648992946095	9.999000099990002e-05
9563	-0.009465316464241508	0.039280648992946095	9.999000099990002e-05
9564	-0.008239313582848837	0.039280648992946095	9.999000099990002e-05
9565	-0.004350970712046237	0.039280648992946095	9.999000099990002e-05
9566	-0.0013207076893522463	0.039280648992946095	9.999000099990002e-05
9567	-0.027476242532554276	0.039280648992946095	9.999000099990002e-05
9568	-0.007371948473637119	0.039280648992946095	9.999000099990002e-05
9569	0.0050516166858744355	0.039280648992946095	9.999000099990002e-05
9570	0.011992076395927753	0.039280648992946095	9.999000099990002e-05
9571	-0.0016359038013351174	0.039280648992946095	9.999000099990002e-05
9572	-0.0014801089766485198	0.039280648992946095	9.999000099990002e-05
9573	-0.003143067438054148	0.039280648992946095	9.999000099990002e-05
9574	-0.003824049720601949	0.039280648992946095	9.999000099990002e-05
9575	0.0014235399168466278	0.039280648992946095	9.999000099990002e-05
9576	-0.0008776424522021209	0.039280648992946095	9.999000099990002e-05
9577	-0.0002595997614517065	0.039280648992946095	9.999000099990002e-05
9578	0.0008763095773443308	0.039280648992946095	9.999000099990002e-05
9579	-0.0511037137980723	0.039280648992946095	9.999000099990002e-05
9580	-0.009120933878973031	0.039280648992946095	9.999000099990002e-05
9581	0.003394329205941557	0.039280648992946095	9.999000099990002e-05
9582	0.003781997887841018	0.039280648992946095	9.999000099990002e-05
9583	0.004357463306091616	0.039280648992946095	9.999000099990002e-05
9584	-0.0009051554033181891	0.039280648992946095	9.999000099990002e-05
9585	-0.014026099119113539	0.039280648992946095	9.999000099990002e-05
9586	-0.003750555839938108	0.039280648992946095	9.999000099990002e-05
9587	-0.025027959856501053	0.039280648992946095	9.999000099990002e-05
9588	-0.0018871293001885975	0.039280648992946095	9.999000099990002e-05
9589	-0.0025509750225748	0.039280648992946095	9.999000099990002e-05
9590	-3.877645253705375e-05	0.039280648992946095	9.999000099990002e-05
9591	0.005672853382148846	0.039280648992946095	9.999000099990002e-05
9592	0.0017843259616837637	0.039280648992946095	9.999000099990002e-05
9593	0.008169875279337727	0.039280648992946095	9.999000099990002e-05
9594	-0.002059010679511711	0.039280648992946095	9.999000099990002e-05
9595	-0.02741284173653588	0.039280648992946095	9.999000099990002e-05
9596	-0.0002029750114464629	0.039280648992946095	9.999000099990002e-05
9597	0.0007289092132721775	0.039280648992946095	9.999000099990002e-05
9598	-0.005849096901784034	0.039280648992946095	9.999000099990002e-05
9599	-0.004161046969219442	0.039280648992946095	9.999000099990002e-05
9600	0.017081244398418877	0.039280648992946095	9.999000099990002e-05
9601	-0.008625207024203885	0.039280648992946095	9.999000099990002e-05
9602	-0.0009650864132067227	0.039280648992946095	9.999000099990002e-05
9603	-0.013370598042042173	0.039280648992946095	9.999000099990002e-05
9604	0.004738119780557687	0.039280648992946095	9.999000099990002e-05
9605	-0.006091687894369008	0.039280648992946095	9.999000099990002e-05
9606	0.000989110933870288	0.039280648992946095	9.999000099990002e-05
9607	0.008438355273404169	0.039280648992946095	9.999000099990002e-05
9608	-0.004707338392285765	0.039280648992946095	9.999000099990002e-05
9609	0.0008751952391955198	0.039280648992946095	9.999000099990002e-05
9610	0.010425093566703153	0.039280648992946095	9.999000099990002e-05
9611	0.019395266102575914	0.039280648992946095	9.999000099990002e-05
9612	-0.0027737096173257036	0.039280648992946095	9.999000099990002e-05
9613	-0.03254989122421491	0.039280648992946095	9.999000099990002e-05
9614	0.0095205261392894	0.039280648992946095	9.999000099990002e-05
9615	0.010818615594856279	0.039280648992946095	9.999000099990002e-05
9616	0.0011912379685066615	0.039280648992946095	9.999000099990002e-05
9617	-0.0022355880004964607	0.039280648992946095	9.999000099990002e-05
9618	-0.05470280733635258	0.039280648992946095	9.999000099990002e-05
9619	-0.007404855169032373	0.039280648992946095	9.999000099990002e-05
9620	-0.0025719836783909267	0.039280648992946095	9.999000099990002e-05
9621	0.006550120034722523	0.039280648992946095	9.999000099990002e-05
9622	-0.021930492110438807	0.039280648992946095	9.999000099990002e-05
9623	-0.0013461037815536703	0.039280648992946095	9.999000099990002e-05
9624	-0.008329116584750815	0.039280648992946095	9.999000099990002e-05
9625	0.0008216858389780979	0.039280648992946095	9.999000099990002e-05
9626	-0.02268310223913897	0.039280648992946095	9.999000099990002e-05
9627	0.0019560586234019794	0.039280648992946095	9.999000099990002e-05
9628	-0.004656549558034628	0.039280648992946095	9.999000099990002e-05
9629	-0.004542162511577866	0.039280648992946095	9.999000099990002e-05
9630	-0.011329049275832892	0.039280648992946095	9.999000099990002e-05
9631	-0.0029875653389437595	0.039280648992946095	9.999000099990002e-05
9632	-0.002377946386220714	0.039280648992946095	9.999000099990002e-05
9633	-0.012689939170518263	0.039280648992946095	9.999000099990002e-05
9634	-0.007030987170127845	0.039280648992946095	9.999000099990002e-05
9635	0.010661205317296751	0.039280648992946095	9.999000099990002e-05
9636	0.002685738371571156	0.039280648992946095	9.999000099990002e-05
9637	0.001883482732864053	0.039280648992946095	9.999000099990002e-05
9638	-0.006612008067301292	0.039280648992946095	9.999000099990002e-05
9639	-0.019660087876616106	0.039280648992946095	9.999000099990002e-05
9640	-0.006525084399425646	0.039280648992946095	9.999000099990002e-05
9641	0.01240630741125276	0.039280648992946095	9.999000099990002e-05
9642	0.003049536931104019	0.039280648992946095	9.999000099990002e-05
9643	-0.010898171210921709	0.039280648992946095	9.999000099990002e-05
9644	-0.0036211567635963116	0.039280648992946095	9.999000099990002e-05
9645	0.00012733115877414103	0.039280648992946095	9.999000099990002e-05
9646	-0.0003261163927871513	0.039280648992946095	9.999000099990002e-05
9647	-0.008750550717604666	0.039280648992946095	9.999000099990002e-05
9648	0.0001395539203060403	0.039280648992946095	9.999000099990002e-05
9649	-0.0006817103821896292	0.039280648992946095	9.999000099990002e-05
9650	-0.006657049157907546	0.039280648992946095	9.999000099990002e-05
9651	-0.013732733761048665	0.039280648992946095	9.999000099990002e-05
9652	0.007757245782196581	0.039280648992946095	9.999000099990002e-05
9653	-0.010705223252144652	0.039280648992946095	9.999000099990002e-05
9654	0.0027149185815296545	0.039280648992946095	9.999000099990002e-05
9655	-0.003365704101558231	0.039280648992946095	9.999000099990002e-05
9656	-0.013081552777457595	0.039280648992946095	9.999000099990002e-05
9657	-4.333659167148063e-05	0.039280648992946095	9.999000099990002e-05
9658	-0.0014373193822139613	0.039280648992946095	9.999000099990002e-05
9659	-0.0001715890421702948	0.039280648992946095	9.999000099990002e-05
9660	-0.0004276180274111613	0.039280648992946095	9.999000099990002e-05
9661	-0.0036565009128604886	0.039280648992946095	9.999000099990002e-05
9662	-0.02600974337735816	0.039280648992946095	9.999000099990002e-05
9663	0.004999347084560332	0.039280648992946095	9.999000099990002e-05
9664	0.004294920731550203	0.039280648992946095	9.999000099990002e-05
9665	0.0053368966226834125	0.039280648992946095	9.999000099990002e-05
9666	-0.0027285024757208315	0.039280648992946095	9.999000099990002e-05
9667	-0.016232360765351575	0.039280648992946095	9.999000099990002e-05
9668	0.0029073263890320444	0.039280648992946095	9.999000099990002e-05
9669	0.0009110447272882016	0.039280648992946095	9.999000099990002e-05
9670	0.015287909927296311	0.039280648992946095	9.999000099990002e-05
9671	0.0033188831093269033	0.039280648992946095	9.999000099990002e-05
9672	0.001789313997733591	0.039280648992946095	9.999000099990002e-05
9673	-0.008371721580969993	0.039280648992946095	9.999000099990002e-05
9674	0.010489344038883991	0.039280648992946095	9.999000099990002e-05
9675	-0.000889517040719115	0.039280648992946095	9.999000099990002e-05
9676	-0.006438488755101626	0.039280648992946095	9.999000099990002e-05
9677	-0.027433728038984653	0.039280648992946095	9.999000099990002e-05
9678	-0.0022027245172032	0.039280648992946095	9.999000099990002e-05
9679	0.0015149529336941497	0.039280648992946095	9.999000099990002e-05
9680	0.007682228019473686	0.039280648992946095	9.999000099990002e-05
9681	0.00660196659441363	0.039280648992946095	9.999000099990002e-05
9682	3.677107113495004e-05	0.039280648992946095	9.999000099990002e-05
9683	-0.002575311253007667	0.039280648992946095	9.999000099990002e-05
9684	0.0008702971231601547	0.039280648992946095	9.999000099990002e-05
9685	-0.0015085819161693853	0.039280648992946095	9.999000099990002e-05
9686	-0.011212933599638347	0.039280648992946095	9.999000099990002e-05
9687	-0.004918897754830745	0.039280648992946095	9.999000099990002e-05
9688	0.007320607544092098	0.039280648992946095	9.999000099990002e-05
9689	0.0018806963291334161	0.039280648992946095	9.999000099990002e-05
9690	0.00485787755720786	0.039280648992946095	9.999000099990002e-05
9691	-0.0055951344260761066	0.039280648992946095	9.999000099990002e-05
9692	0.007027609440341087	0.039280648992946095	9.999000099990002e-05
9693	-0.007271400127114469	0.039280648992946095	9.999000099990002e-05
9694	-0.003882274920626788	0.039280648992946095	9.999000099990002e-05
9695	-0.005522868351743454	0.039280648992946095	9.999000099990002e-05
9696	-0.004506146826827789	0.039280648992946095	9.999000099990002e-05
9697	-0.0038089325736373886	0.039280648992946095	9.999000099990002e-05
9698	0.0006649436496468375	0.039280648992946095	9.999000099990002e-05
9699	-0.018924314396668668	0.039280648992946095	9.999000099990002e-05
9700	-0.011377153279069518	0.039280648992946095	9.999000099990002e-05
9701	-0.005792912526795563	0.039280648992946095	9.999000099990002e-05
9702	-0.0022264233448554827	0.039280648992946095	9.999000099990002e-05
9703	-0.0020824214426684584	0.039280648992946095	9.999000099990002e-05
9704	-0.017624799233054128	0.039280648992946095	9.999000099990002e-05
9705	-0.0071251711023233855	0.039280648992946095	9.999000099990002e-05
9706	-0.0043122159626660245	0.039280648992946095	9.999000099990002e-05
9707	0.0013049755710577565	0.039280648992946095	9.999000099990002e-05
9708	-0.004035963373830206	0.039280648992946095	9.999000099990002e-05
9709	-0.014052146111808314	0.039280648992946095	9.999000099990002e-05
9710	0.00952720284602089	0.039280648992946095	9.999000099990002e-05
9711	-0.02387510258565148	0.039280648992946095	9.999000099990002e-05
9712	0.0013575341108200412	0.039280648992946095	9.999000099990002e-05
9713	-0.02858946702295384	0.039280648992946095	9.999000099990002e-05
9714	0.014574732686659875	0.039280648992946095	9.999000099990002e-05
9715	-0.012613365966335888	0.039280648992946095	9.999000099990002e-05
9716	-0.006508029019752254	0.039280648992946095	9.999000099990002e-05
9717	-0.006398082915002573	0.039280648992946095	9.999000099990002e-05
9718	0.0020310331740229504	0.039280648992946095	9.999000099990002e-05
9719	-0.0039049761799114097	0.039280648992946095	9.999000099990002e-05
9720	0.0062970048075308566	0.039280648992946095	9.999000099990002e-05
9721	-0.007948436804881442	0.039280648992946095	9.999000099990002e-05
9722	-0.005359875993114244	0.039280648992946095	9.999000099990002e-05
9723	-0.009136824231245427	0.039280648992946095	9.999000099990002e-05
9724	0.005071934724905747	0.039280648992946095	9.999000099990002e-05
9725	0.002454901944676194	0.039280648992946095	9.999000099990002e-05
9726	0.004636477536667044	0.039280648992946095	9.999000099990002e-05
9727	0.010976554273882999	0.039280648992946095	9.999000099990002e-05
9728	-0.010805063745594604	0.039280648992946095	9.999000099990002e-05
9729	0.005685463790222528	0.039280648992946095	9.999000099990002e-05
9730	0.002819394568251421	0.039280648992946095	9.999000099990002e-05
9731	0.005698100562533684	0.039280648992946095	9.999000099990002e-05
9732	0.01538460137522954	0.039280648992946095	9.999000099990002e-05
9733	0.005744101156015494	0.039280648992946095	9.999000099990002e-05
9734	-0.004080873371542837	0.039280648992946095	9.999000099990002e-05
9735	-0.010869901222621353	0.039280648992946095	9.999000099990002e-05
9736	0.009677927434558045	0.039280648992946095	9.999000099990002e-05
9737	-0.0006600142169757434	0.039280648992946095	9.999000099990002e-05
9738	0.0066021096313264305	0.039280648992946095	9.999000099990002e-05
9739	-0.0022927986386303834	0.039280648992946095	9.999000099990002e-05
9740	-0.002969559050262277	0.039280648992946095	9.999000099990002e-05
9741	-0.024483417649612108	0.039280648992946095	9.999000099990002e-05
9742	-0.02865761561515623	0.039280648992946095	9.999000099990002e-05
9743	-0.019051411821668723	0.039280648992946095	9.999000099990002e-05
9744	-0.03379790207769662	0.039280648992946095	9.999000099990002e-05
9745	-0.010772053341154608	0.039280648992946095	9.999000099990002e-05
9746	-0.008338131066199225	0.039280648992946095	9.999000099990002e-05
9747	0.0015742986866419673	0.039280648992946095	9.999000099990002e-05
9748	-0.009276951173155412	0.039280648992946095	9.999000099990002e-05
9749	0.0075534068685811084	0.039280648992946095	9.999000099990002e-05
9750	-0.010064668949829048	0.039280648992946095	9.999000099990002e-05
9751	-0.009164555282094144	0.039280648992946095	9.999000099990002e-05
9752	0.0021424027533857998	0.039280648992946095	9.999000099990002e-05
9753	-0.0025452409708543594	0.039280648992946095	9.999000099990002e-05
9754	-0.0031945580562625364	0.039280648992946095	9.999000099990002e-05
9755	0.010055602176881992	0.039280648992946095	9.999000099990002e-05
9756	-0.010427609045120273	0.039280648992946095	9.999000099990002e-05
9757	-0.0012083631187312094	0.039280648992946095	9.999000099990002e-05
9758	0.011517663157887659	0.039280648992946095	9.999000099990002e-05
9759	-0.01616971229688388	0.039280648992946095	9.999000099990002e-05
9760	-0.005608388548810447	0.039280648992946095	9.999000099990002e-05
9761	-0.039476555252224405	0.039280648992946095	9.999000099990002e-05
9762	-0.0020579724723470416	0.039280648992946095	9.999000099990002e-05
9763	0.00021817678615683456	0.039280648992946095	9.999000099990002e-05
9764	-0.0015421750042450971	0.039280648992946095	9.999000099990002e-05
9765	-0.004820115375244113	0.039280648992946095	9.999000099990002e-05
9766	-0.0010768969987743626	0.039280648992946095	9.999000099990002e-05
9767	-0.002676701701436676	0.039280648992946095	9.999000099990002e-05
9768	0.008186910655206603	0.039280648992946095	9.999000099990002e-05
9769	-0.006331922176596866	0.039280648992946095	9.999000099990002e-05
9770	0.01231008833471292	0.039280648992946095	9.999000099990002e-05
9771	0.001490867284899805	0.039280648992946095	9.999000099990002e-05
9772	0.0181895861640598	0.039280648992946095	9.999000099990002e-05
9773	0.0016012759047993874	0.039280648992946095	9.999000099990002e-05
9774	-0.024895856236657743	0.039280648992946095	9.999000099990002e-05
9775	-0.01755794583864083	0.039280648992946095	9.999000099990002e-05
9776	0.0013436831755492262	0.039280648992946095	9.999000099990002e-05
9777	-0.002267172162806627	0.039280648992946095	9.999000099990002e-05
9778	0.005874429049785149	0.039280648992946095	9.999000099990002e-05
9779	-0.003703282091694529	0.039280648992946095	9.999000099990002e-05
9780	0.005157994636271132	0.039280648992946095	9.999000099990002e-05
9781	-0.006996798920315045	0.039280648992946095	9.999000099990002e-05
9782	-0.010313424075931416	0.039280648992946095	9.999000099990002e-05
9783	-0.006906005098901782	0.039280648992946095	9.999000099990002e-05
9784	0.001312169706295746	0.039280648992946095	9.999000099990002e-05
9785	0.01486679260226878	0.039280648992946095	9.999000099990002e-05
9786	-0.0031822676605080813	0.039280648992946095	9.999000099990002e-05
9787	0.007867574581089887	0.039280648992946095	9.999000099990002e-05
9788	-0.018991007080904967	0.039280648992946095	9.999000099990002e-05
9789	0.00011964969784231116	0.039280648992946095	9.999000099990002e-05
9790	-0.0007608387325276772	0.039280648992946095	9.999000099990002e-05
9791	-0.00617644537355963	0.039280648992946095	9.999000099990002e-05
9792	0.0038536795306326754	0.039280648992946095	9.999000099990002e-05
9793	0.0013331481621934316	0.039280648992946095	9.999000099990002e-05
9794	-0.041271382337323276	0.039280648992946095	9.999000099990002e-05
9795	-0.0027566326316013356	0.039280648992946095	9.999000099990002e-05
9796	-4.72581142022116e-05	0.039280648992946095	9.999000099990002e-05
9797	0.00367367937419516	0.039280648992946095	9.999000099990002e-05
9798	-0.017771125509351116	0.039280648992946095	9.999000099990002e-05
9799	0.008008216863730613	0.039280648992946095	9.999000099990002e-05
9800	-0.006087139505042069	0.039280648992946095	9.999000099990002e-05
9801	0.0147121492587175	0.039280648992946095	9.999000099990002e-05
9802	-0.0010782882827991697	0.039280648992946095	9.999000099990002e-05
9803	-0.02394706568974106	0.039280648992946095	9.999000099990002e-05
9804	-0.0010569048469660086	0.039280648992946095	9.999000099990002e-05
9805	-3.520417118554886e-05	0.039280648992946095	9.999000099990002e-05
9806	-0.002507581429771033	0.039280648992946095	9.999000099990002e-05
9807	0.007433468475055258	0.039280648992946095	9.999000099990002e-05
9808	-0.002506583327321274	0.039280648992946095	9.999000099990002e-05
9809	-0.014623563672821055	0.039280648992946095	9.999000099990002e-05
9810	-0.027809125600640333	0.039280648992946095	9.999000099990002e-05
9811	-0.0035456382745726184	0.039280648992946095	9.999000099990002e-05
9812	0.018193409512579112	0.039280648992946095	9.999000099990002e-05
9813	-0.0003404967491365679	0.039280648992946095	9.999000099990002e-05
9814	-0.0037121631982618697	0.039280648992946095	9.999000099990002e-05
9815	0.0068950695239266	0.039280648992946095	9.999000099990002e-05
9816	0.0032530584057052225	0.039280648992946095	9.999000099990002e-05
9817	0.00979874953984576	0.039280648992946095	9.999000099990002e-05
9818	0.001166592261738958	0.039280648992946095	9.999000099990002e-05
9819	-0.004770111981637501	0.039280648992946095	9.999000099990002e-05
9820	-0.015511536536359005	0.039280648992946095	9.999000099990002e-05
9821	-0.007512704224460237	0.039280648992946095	9.999000099990002e-05
9822	-0.03357503915756872	0.039280648992946095	9.999000099990002e-05
9823	-0.012857349990850933	0.039280648992946095	9.999000099990002e-05
9824	-0.012894642229067443	0.039280648992946095	9.999000099990002e-05
9825	-0.025741431327854322	0.039280648992946095	9.999000099990002e-05
9826	-0.00029570624016883595	0.039280648992946095	9.999000099990002e-05
9827	-0.0038685779466765685	0.039280648992946095	9.999000099990002e-05
9828	0.02007903080751458	0.039280648992946095	9.999000099990002e-05
9829	0.010064687691257568	0.039280648992946095	9.999000099990002e-05
9830	0.012278754705488393	0.039280648992946095	9.999000099990002e-05
9831	-0.02688165304021585	0.039280648992946095	9.999000099990002e-05
9832	-0.007590982947188782	0.039280648992946095	9.999000099990002e-05
9833	0.004647127960322114	0.039280648992946095	9.999000099990002e-05
9834	0.0024977947626262376	0.039280648992946095	9.999000099990002e-05
9835	-0.0010693516802401798	0.039280648992946095	9.999000099990002e-05
9836	0.006872917932289654	0.039280648992946095	9.999000099990002e-05
9837	-0.014244301298449377	0.039280648992946095	9.999000099990002e-05
9838	0.0037187925658929144	0.039280648992946095	9.999000099990002e-05
9839	0.002713254964156503	0.039280648992946095	9.999000099990002e-05
9840	-0.011467372670844037	0.039280648992946095	9.999000099990002e-05
9841	-0.01453675298759853	0.039280648992946095	9.999000099990002e-05
9842	-0.004190573895605107	0.039280648992946095	9.999000099990002e-05
9843	-0.022307201572089277	0.039280648992946095	9.999000099990002e-05
9844	0.006894447172552318	0.039280648992946095	9.999000099990002e-05
9845	-0.008117824554603012	0.039280648992946095	9.999000099990002e-05
9846	-0.005999226765560445	0.039280648992946095	9.999000099990002e-05
9847	0.005449703368583858	0.039280648992946095	9.999000099990002e-05
9848	0.012399618274972823	0.039280648992946095	9.999000099990002e-05
9849	-0.016469140409961752	0.039280648992946095	9.999000099990002e-05
9850	-0.008269483641260095	0.039280648992946095	9.999000099990002e-05
9851	0.0014532704256408069	0.039280648992946095	9.999000099990002e-05
9852	-0.004293250705191154	0.039280648992946095	9.999000099990002e-05
9853	0.009415056322775103	0.039280648992946095	9.999000099990002e-05
9854	-0.0030486982764551945	0.039280648992946095	9.999000099990002e-05
9855	-0.023441316103512716	0.039280648992946095	9.999000099990002e-05
9856	-0.001967794593322192	0.039280648992946095	9.999000099990002e-05
9857	0.0028079641904321245	0.039280648992946095	9.999000099990002e-05
9858	-0.029453522910553948	0.039280648992946095	9.999000099990002e-05
9859	-0.008596942279619296	0.039280648992946095	9.999000099990002e-05
9860	-0.002654008259172752	0.039280648992946095	9.999000099990002e-05
9861	0.004939937824388466	0.039280648992946095	9.999000099990002e-05
9862	-0.03428906345250973	0.039280648992946095	9.999000099990002e-05
9863	-0.002670661911956529	0.039280648992946095	9.999000099990002e-05
9864	-0.007956863358978356	0.039280648992946095	9.999000099990002e-05
9865	0.010030667725877823	0.039280648992946095	9.999000099990002e-05
9866	-0.008022302358175207	0.039280648992946095	9.999000099990002e-05
9867	-0.012174531630945479	0.039280648992946095	9.999000099990002e-05
9868	0.001528184819189482	0.039280648992946095	9.999000099990002e-05
9869	-0.003983478440300073	0.039280648992946095	9.999000099990002e-05
9870	0.0006762521110750264	0.039280648992946095	9.999000099990002e-05
9871	-0.005011819068248907	0.039280648992946095	9.999000099990002e-05
9872	-0.02212455659224624	0.039280648992946095	9.999000099990002e-05
9873	-0.009779597256509273	0.039280648992946095	9.999000099990002e-05
9874	-0.0016779360187149372	0.039280648992946095	9.999000099990002e-05
9875	-0.00344046327141026	0.039280648992946095	9.999000099990002e-05
9876	-0.00258374581833698	0.039280648992946095	9.999000099990002e-05
9877	0.0019071155285402541	0.039280648992946095	9.999000099990002e-05
9878	-0.013455059931034172	0.039280648992946095	9.999000099990002e-05
9879	0.0025784024719924803	0.039280648992946095	9.999000099990002e-05
9880	0.00447032685891266	0.039280648992946095	9.999000099990002e-05
9881	-0.007487978793792038	0.039280648992946095	9.999000099990002e-05
9882	0.006216263577624795	0.039280648992946095	9.999000099990002e-05
9883	0.0056625303023044304	0.039280648992946095	9.999000099990002e-05
9884	0.012572978527794848	0.039280648992946095	9.999000099990002e-05
9885	0.015326979736597607	0.039280648992946095	9.999000099990002e-05
9886	-0.022419982924810733	0.039280648992946095	9.999000099990002e-05
9887	0.010129266672519233	0.039280648992946095	9.999000099990002e-05
9888	-0.00352531805065974	0.039280648992946095	9.999000099990002e-05
9889	-0.0067050278946013675	0.039280648992946095	9.999000099990002e-05
9890	-0.029512914643120405	0.039280648992946095	9.999000099990002e-05
9891	-0.0012240067735989346	0.039280648992946095	9.999000099990002e-05
9892	-0.012564898884336831	0.039280648992946095	9.999000099990002e-05
9893	-0.00326942986889725	0.039280648992946095	9.999000099990002e-05
9894	-0.006188013204705564	0.039280648992946095	9.999000099990002e-05
9895	-0.020977518632050884	0.039280648992946095	9.999000099990002e-05
9896	-0.004734054881243649	0.039280648992946095	9.999000099990002e-05
9897	-0.017884015620621363	0.039280648992946095	9.999000099990002e-05
9898	-0.019957425980546076	0.039280648992946095	9.999000099990002e-05
9899	0.0031243384391053813	0.039280648992946095	9.999000099990002e-05
9900	0.0008138912497343415	0.039280648992946095	9.999000099990002e-05
9901	-0.015894673094160955	0.039280648992946095	9.999000099990002e-05
9902	0.0001539591357523351	0.039280648992946095	9.999000099990002e-05
9903	-0.004318462393388872	0.039280648992946095	9.999000099990002e-05
9904	0.011451318064031213	0.039280648992946095	9.999000099990002e-05
9905	-0.005190021018609145	0.039280648992946095	9.999000099990002e-05
9906	-0.01686455639055741	0.039280648992946095	9.999000099990002e-05
9907	-0.007695806621396212	0.039280648992946095	9.999000099990002e-05
9908	-0.024444143141185093	0.039280648992946095	9.999000099990002e-05
9909	-7.146019290721339e-06	0.039280648992946095	9.999000099990002e-05
9910	-0.015167009797460468	0.039280648992946095	9.999000099990002e-05
9911	-0.04293918822551207	0.039280648992946095	9.999000099990002e-05
9912	-0.003671063876755462	0.039280648992946095	9.999000099990002e-05
9913	0.005591442655979703	0.039280648992946095	9.999000099990002e-05
9914	0.01090505790904768	0.039280648992946095	9.999000099990002e-05
9915	0.006424715455955576	0.039280648992946095	9.999000099990002e-05
9916	-0.007190783289798608	0.039280648992946095	9.999000099990002e-05
9917	-0.0021766269323620496	0.039280648992946095	9.999000099990002e-05
9918	-0.00584303045674886	0.039280648992946095	9.999000099990002e-05
9919	-0.041574758434275216	0.039280648992946095	9.999000099990002e-05
9920	0.0005340757502612509	0.039280648992946095	9.999000099990002e-05
9921	-0.00021582998059617442	0.039280648992946095	9.999000099990002e-05
9922	-0.0057375604945758135	0.039280648992946095	9.999000099990002e-05
9923	0.004781412674597946	0.039280648992946095	9.999000099990002e-05
9924	0.0036673198151603997	0.039280648992946095	9.999000099990002e-05
9925	-0.0003774021176580905	0.039280648992946095	9.999000099990002e-05
9926	0.0038283546170171795	0.039280648992946095	9.999000099990002e-05
9927	-0.008108763608006761	0.039280648992946095	9.999000099990002e-05
9928	-0.016382829916957845	0.039280648992946095	9.999000099990002e-05
9929	-0.0026776801399524403	0.039280648992946095	9.999000099990002e-05
9930	0.015543468240496072	0.039280648992946095	9.999000099990002e-05
9931	-0.0017762303928668122	0.039280648992946095	9.999000099990002e-05
9932	-0.009437926157810361	0.039280648992946095	9.999000099990002e-05
9933	-0.0007652352968626069	0.039280648992946095	9.999000099990002e-05
9934	0.004232062563005609	0.039280648992946095	9.999000099990002e-05
9935	-0.006313756779984872	0.039280648992946095	9.999000099990002e-05
9936	-0.008409130928838174	0.039280648992946095	9.999000099990002e-05
9937	-0.0014236603280970428	0.039280648992946095	9.999000099990002e-05
9938	-0.0030845881605802983	0.039280648992946095	9.999000099990002e-05
9939	-0.006979634830645759	0.039280648992946095	9.999000099990002e-05
9940	-0.008169177088296814	0.039280648992946095	9.999000099990002e-05
9941	-0.001963455806966302	0.039280648992946095	9.999000099990002e-05
9942	-0.035195622132424886	0.039280648992946095	9.999000099990002e-05
9943	-0.019199020671994707	0.039280648992946095	9.999000099990002e-05
9944	0.004771609305247421	0.039280648992946095	9.999000099990002e-05
9945	-0.0032184373551317202	0.039280648992946095	9.999000099990002e-05
9946	-0.005735965336824897	0.039280648992946095	9.999000099990002e-05
9947	0.007213729741347263	0.039280648992946095	9.999000099990002e-05
9948	-0.03026430327736944	0.039280648992946095	9.999000099990002e-05
9949	0.011317264024695267	0.039280648992946095	9.999000099990002e-05
9950	-0.0022746625194312864	0.039280648992946095	9.999000099990002e-05
9951	-0.008253163158637819	0.039280648992946095	9.999000099990002e-05
9952	0.0069260367242369725	0.039280648992946095	9.999000099990002e-05
9953	0.010457088098323311	0.039280648992946095	9.999000099990002e-05
9954	-0.0006067591369719738	0.039280648992946095	9.999000099990002e-05
9955	0.002861370075816508	0.039280648992946095	9.999000099990002e-05
9956	-0.002554083089424064	0.039280648992946095	9.999000099990002e-05
9957	-0.00044348420032758185	0.039280648992946095	9.999000099990002e-05
9958	-0.008457466917943579	0.039280648992946095	9.999000099990002e-05
9959	-0.005091944404319482	0.039280648992946095	9.999000099990002e-05
9960	-0.0053208319654153985	0.039280648992946095	9.999000099990002e-05
9961	-0.00668609638140838	0.039280648992946095	9.999000099990002e-05
9962	-0.020726259777338912	0.039280648992946095	9.999000099990002e-05
9963	0.004969159013014424	0.039280648992946095	9.999000099990002e-05
9964	-0.029492738135861285	0.039280648992946095	9.999000099990002e-05
9965	-0.0007681128344307897	0.039280648992946095	9.999000099990002e-05
9966	0.00745419994223076	0.039280648992946095	9.999000099990002e-05
9967	-0.020390602249541423	0.039280648992946095	9.999000099990002e-05
9968	-0.004610461569290389	0.039280648992946095	9.999000099990002e-05
9969	0.004844611441901375	0.039280648992946095	9.999000099990002e-05
9970	-0.0034708437581922463	0.039280648992946095	9.999000099990002e-05
9971	-0.014338026842493495	0.039280648992946095	9.999000099990002e-05
9972	0.010938122595656213	0.039280648992946095	9.999000099990002e-05
9973	-0.0014571861218207055	0.039280648992946095	9.999000099990002e-05
9974	-0.004804686178639786	0.039280648992946095	9.999000099990002e-05
9975	0.0014319450591042254	0.039280648992946095	9.999000099990002e-05
9976	-0.0026795870074726447	0.039280648992946095	9.999000099990002e-05
9977	0.003043557492907828	0.039280648992946095	9.999000099990002e-05
9978	0.0014924885155706419	0.039280648992946095	9.999000099990002e-05
9979	0.0008001320794890354	0.039280648992946095	9.999000099990002e-05
9980	-0.005763363751594294	0.039280648992946095	9.999000099990002e-05
9981	-0.004309234279076785	0.039280648992946095	9.999000099990002e-05
9982	-0.007049659070838543	0.039280648992946095	9.999000099990002e-05
9983	-0.0012651894604750885	0.039280648992946095	9.999000099990002e-05
9984	-0.005979558607411062	0.039280648992946095	9.999000099990002e-05
9985	0.00811789277146066	0.039280648992946095	9.999000099990002e-05
9986	0.004861713335275547	0.039280648992946095	9.999000099990002e-05
9987	0.00014925518285831274	0.039280648992946095	9.999000099990002e-05
9988	-0.015762606714410016	0.039280648992946095	9.999000099990002e-05
9989	0.0007193590959709839	0.039280648992946095	9.999000099990002e-05
9990	-0.003579419990756394	0.039280648992946095	9.999000099990002e-05
9991	-0.017852845760407993	0.039280648992946095	9.999000099990002e-05
9992	0.00404937291447291	0.039280648992946095	9.999000099990002e-05
9993	-0.01288600005143696	0.039280648992946095	9.999000099990002e-05
9994	0.0024412030771619603	0.039280648992946095	9.999000099990002e-05
9995	-0.005166444932747677	0.039280648992946095	9.999000099990002e-05
9996	-0.002375553066959274	0.039280648992946095	9.999000099990002e-05
9997	-0.017305618916716198	0.039280648992946095	9.999000099990002e-05
9998	-0.010952610156860845	0.039280648992946095	9.999000099990002e-05
9999	0.005461315819866558	0.039280648992946095	9.999000099990002e-05
10000	-0.0063390784891073915	0.039280648992946095	9.999000099990002e-05
